IQ-TREE multicore version 2.2.5 COVID-edition for Linux 64-bit built Sep 15 2023
Developed by Bui Quang Minh, James Barbetti, Nguyen Lam Tung,
Olga Chernomor, Heiko Schmidt, Dominik Schrempf, Michael Woodhams, Ly Trong Nhan.

Host:    Ada (AVX512, FMA3, 92 GB RAM)
Command: iqtree -s all_MBL-like_final_informative.aln --prefix all_MBL-like_tree --seed 139808 -v -T AUTO -B 1000 -bnni -m MFP --allnni
Seed:    139808 (Using SPRNG - Scalable Parallel Random Number Generator)
Time:    Wed Apr 17 17:01:46 2024
Kernel:  AVX+FMA - auto-detect threads (20 CPU cores detected)

Reading alignment file all_MBL-like_final_informative.aln ... Fasta format detected
Reading fasta file: done in 0.0151013 secs using 99.98% CPU
Name shortening took 0.000578 seconds.
Duplicate sequence name check took 0.000443 seconds.
Sequence Type detection took 0.076334 seconds.
Alignment most likely contains protein sequences
Constructing alignment: done in 0.00781179 secs using 1151% CPU
Time to read input file was 0.132908 sec.
Time to count constant sites was 0.000007 sec.
Alignment has 508 sequences with 611 columns, 611 distinct patterns
611 parsimony-informative, 0 singleton sites, 0 constant sites
Alignment state count time was 0.031209 seconds.
Empirical state frequencies: 0.1056712920 0.0445519260 0.0346507125 0.0570178289 0.0147245203 0.0335849569 0.0481479918 0.0775284677 0.0352007799 0.0574853862 0.0955638032 0.0538824446 0.0193175832 0.0407977159 0.0519297053 0.0601944682 0.0647118969 0.0113209782 0.0313778114 0.0623397311 
                                                                        Gap/Ambiguity  Composition  p-value
Analyzing sequences: done in 0.0349884 secs using 1084% CPU
   1  10049269_len_293_MetaAn_67                                               52.54%    failed      4.12%
   2  10088405_len_306_MetaAn_3                                                50.74%    passed      5.79%
   3  1018325_len_305_MetaAn_58                                                50.57%    passed     44.72%
   4  10187431_len_310_MetaAn_20                                               49.92%    failed      0.02%
   5  10190368_len_262_MetaAn_70                                               57.94%    passed     10.28%
   6  10210270_len_294_MetaAn_7                                                54.50%    failed      0.00%
   7  10230921_len_298_MetaAn_23                                               52.21%    passed     37.71%
   8  10256508_len_294_MetaAn_65                                               52.37%    failed      3.92%
   9  10259042_len_309_MetaAn_47                                               49.92%    failed      0.58%
  10  10286116_len_307_MetaAn_23                                               55.32%    failed      1.27%
  11  10329213_len_349_MetaAn_20                                               46.15%    failed      0.41%
  12  10395901_len_313_MetaAn_8                                                49.75%    failed      2.24%
  13  10397942_len_340_MetaAn_63                                               45.17%    failed      0.34%
  14  10445328_len_309_MetaAn_4                                                50.41%    failed      1.27%
  15  10471689_len_248_MetaAn_23                                               60.07%    failed      0.00%
  16  10597046_len_306_MetaAn_3                                                50.74%    failed      2.82%
  17  10853448_len_270_MetaAn_8                                                56.46%    passed     51.83%
  18  1093953_len_310_MetaAn_58                                                49.75%    passed     67.63%
  19  11042909_len_325_MetaAn_64                                               48.94%    passed      9.86%
  20  11081746_len_282_MetaAn_63                                               54.34%    passed     79.66%
  21  1120342_len_281_MetaAn_59                                                54.50%    passed     78.03%
  22  11433278_len_293_MetaAn_8                                                52.54%    failed      3.12%
  23  11495434_len_313_MetaAn_59                                               49.75%    failed      0.26%
  24  1171896_len_293_MetaAn_9                                                 52.54%    passed     12.99%
  25  11792103_len_270_MetaAn_67                                               58.43%    passed     38.99%
  26  11838047_len_257_MetaAn_63                                               58.59%    passed     51.37%
  27  12101531_len_316_MetaAn_10                                               49.59%    passed     10.10%
  28  12256580_len_245_MetaAn_43                                               60.39%    failed      0.00%
  29  12395730_len_306_MetaAn_8                                                50.57%    passed      6.00%
  30  1239605_len_306_MetaAn_10                                                50.74%    passed      6.08%
  31  12405319_len_342_MetaAn_7                                                47.30%    failed      1.95%
  32  12455782_len_343_MetaAn_25                                               45.01%    passed     70.09%
  33  12467698_len_271_MetaAn_1                                                56.14%    failed      0.45%
  34  12650702_len_306_MetaAn_3                                                50.74%    passed     12.29%
  35  12796850_len_271_MetaAn_1                                                56.14%    failed      2.73%
  36  1280463_len_307_MetaAn_63                                                55.32%    passed     60.32%
  37  12828681_len_293_MetaAn_9                                                52.54%    passed      7.52%
  38  1292701_len_309_MetaAn_58                                                49.92%    passed     28.76%
  39  12944634_len_268_MetaAn_3                                                56.63%    failed      0.06%
  40  13023943_len_328_MetaAn_50                                               47.14%    passed      8.89%
  41  13112206_len_271_MetaAn_3                                                56.14%    failed      0.09%
  42  13123245_len_306_MetaAn_47                                               50.41%    failed      0.14%
  43  1318566_len_261_MetaAn_66                                                57.94%    passed     21.00%
  44  13253875_len_267_MetaAn_10                                               56.79%    failed      0.00%
  45  13353843_len_324_MetaAn_61                                               50.25%    passed     87.71%
  46  1338338_len_271_MetaAn_3                                                 56.14%    failed      1.46%
  47  13781958_len_271_MetaAn_3                                                56.14%    failed      0.52%
  48  13871438_len_312_MetaAn_20                                               54.66%    failed      0.03%
  49  1390504_len_293_MetaAn_8                                                 52.54%    failed      3.30%
  50  13972784_len_309_MetaAn_28                                               49.92%    failed      0.56%
  51  14259248_len_245_MetaAn_9                                                60.39%    failed      0.01%
  52  14313315_len_306_MetaAn_3                                                50.74%    failed      0.56%
  53  14346142_len_333_MetaAn_25                                               46.48%    passed     64.08%
  54  1444002_len_293_MetaAn_59                                                52.54%    failed      1.76%
  55  14474174_len_306_MetaAn_8                                                50.57%    passed      8.18%
  56  14485803_len_293_MetaAn_59                                               52.54%    passed      7.99%
  57  14783906_len_302_MetaAn_65                                               51.06%    failed      1.37%
  58  14945629_len_271_MetaAn_1                                                56.14%    failed      0.16%
  59  14992923_len_251_MetaAn_25                                               60.07%    passed     77.45%
  60  15689778_len_260_MetaAn_68                                               58.10%    failed      0.74%
  61  15822599_len_254_MetaAn_2                                                58.92%    failed      0.00%
  62  15886999_len_293_MetaAn_9                                                52.54%    failed      4.20%
  63  16012101_len_293_MetaAn_9                                                52.54%    passed      6.67%
  64  16139277_len_332_MetaAn_2                                                47.63%    passed     45.94%
  65  16198264_len_293_MetaAn_8                                                52.54%    failed      3.68%
  66  1630423_len_306_MetaAn_8                                                 50.57%    passed      6.79%
  67  16466641_len_262_MetaAn_3                                                57.94%    passed     36.36%
  68  16476328_len_293_MetaAn_8                                                52.54%    failed      2.87%
  69  16522121_len_268_MetaAn_3                                                56.63%    failed      0.05%
  70  16556481_len_332_MetaAn_2                                                47.63%    passed     27.04%
  71  16752396_len_271_MetaAn_3                                                56.14%    failed      0.06%
  72  17020439_len_307_MetaAn_23                                               50.57%    failed      2.79%
  73  17397035_len_302_MetaAn_65                                               51.06%    passed     11.27%
  74  17592119_len_273_MetaAn_10                                               55.81%    failed      2.54%
  75  17756475_len_339_MetaAn_10                                               47.63%    passed     29.65%
  76  17856111_len_307_MetaAn_2                                                50.41%    failed      0.42%
  77  1794303_len_270_MetaAn_8                                                 56.46%    passed     55.56%
  78  1815354_len_342_MetaAn_63                                                44.84%    failed      0.60%
  79  18317081_len_262_MetaAn_7                                                57.94%    passed     17.17%
  80  18504576_len_293_MetaAn_9                                                52.54%    failed      3.03%
  81  18596176_len_271_MetaAn_1                                                56.14%    passed     15.28%
  82  18676742_len_293_MetaAn_9                                                52.54%    failed      3.85%
  83  18804218_len_268_MetaAn_10                                               56.63%    failed      0.00%
  84  188340_len_305_MetaAn_60                                                 55.65%    failed      0.31%
  85  1883863_len_255_MetaAn_12                                                58.92%    passed     15.15%
  86  1910646_len_281_MetaAn_59                                                54.50%    passed     77.42%
  87  19108500_len_265_MetaAn_63                                               57.77%    passed     12.81%
  88  1921091_len_306_MetaAn_3                                                 50.74%    passed      7.46%
  89  19299645_len_359_MetaAn_62                                               47.79%    passed      7.36%
  90  19375525_len_338_MetaAn_63                                               45.99%    passed     62.03%
  91  19484296_len_259_MetaAn_7                                                58.27%    failed      2.61%
  92  19534293_len_259_MetaAn_63                                               58.27%    passed      5.95%
  93  1957838_len_261_MetaAn_70                                                57.94%    passed     14.10%
  94  19966682_len_258_MetaAn_23                                               58.43%    passed     10.77%
  95  1xm8_Glyoxolase_II_Arabidopsis_thaliana_MBL_superfamily                  48.77%    passed      8.27%
  96  1ztc_Lactonase_Thermotoga_maritima_MBL_superfamily                       66.12%    failed      0.51%
  97  20032811_len_260_MetaAn_23                                               58.10%    passed     20.46%
  98  20186826_len_300_MetaAn_9                                                51.39%    passed     37.39%
  99  20296799_len_306_MetaAn_3                                                50.74%    failed      0.67%
 100  20623720_len_306_MetaAn_3                                                50.74%    failed      3.23%
 101  20847572_len_306_MetaAn_67                                               50.41%    failed      1.61%
 102  21612749_len_335_MetaAn_73                                               45.99%    failed      3.98%
 103  21743956_len_306_MetaAn_8                                                50.57%    failed      2.16%
 104  22205451_len_309_MetaAn_28                                               49.92%    failed      0.48%
 105  22312373_len_299_MetaAn_73                                               51.55%    failed      0.03%
 106  223286_len_262_MetaAn_3                                                  57.94%    failed      3.09%
 107  22470036_len_310_MetaAn_68                                               50.08%    passed     25.65%
 108  22637881_len_259_MetaAn_63                                               58.27%    passed      5.13%
 109  22817156_len_306_MetaAn_3                                                50.74%    passed      7.73%
 110  22944373_len_268_MetaAn_3                                                56.63%    failed      0.62%
 111  2298952_len_306_MetaAn_63                                                50.41%    failed      1.15%
 112  23114643_len_267_MetaAn_10                                               56.79%    failed      0.00%
 113  23281351_len_254_MetaAn_9                                                58.92%    failed      0.00%
 114  23330302_len_306_MetaAn_7                                                50.74%    failed      1.70%
 115  23471528_len_300_MetaAn_68                                               51.39%    failed      3.06%
 116  23898207_len_268_MetaAn_63                                               56.63%    failed      0.00%
 117  2417364_len_310_MetaAn_8                                                 50.25%    passed     12.01%
 118  244634_len_293_MetaAn_9                                                  52.54%    passed     11.15%
 119  24605138_len_302_MetaAn_61                                               51.55%    passed     93.01%
 120  2485911_len_306_MetaAn_58                                                50.41%    passed     10.60%
 121  2510007_len_258_MetaAn_2                                                 58.43%    passed     23.01%
 122  25753606_len_257_MetaAn_63                                               58.59%    passed     97.09%
 123  2579854_len_296_MetaAn_62                                                52.05%    passed     19.06%
 124  2605757_len_300_MetaAn_62                                                51.39%    failed      1.08%
 125  2637556_len_255_MetaAn_23                                                58.92%    failed      3.23%
 126  2657735_len_261_MetaAn_72                                                57.94%    passed     21.76%
 127  2681153_len_268_MetaAn_3                                                 56.63%    failed      0.05%
 128  27465317_len_271_MetaAn_1                                                56.14%    failed      0.19%
 129  2758271_len_262_MetaAn_7                                                 57.94%    passed      5.28%
 130  27650412_len_293_MetaAn_61                                               52.54%    passed     53.09%
 131  27873091_len_307_MetaAn_63                                               50.41%    passed     32.22%
 132  28097756_len_314_MetaAn_1                                                49.43%    passed     22.80%
 133  2815439_len_305_MetaAn_58                                                50.57%    passed     13.43%
 134  28438173_len_330_MetaAn_63                                               48.12%    failed      4.87%
 135  2865060_len_309_MetaAn_58                                                49.92%    passed     19.46%
 136  28881431_len_259_MetaAn_63                                               58.27%    passed      5.01%
 137  29480306_len_305_MetaAn_7                                                50.90%    failed      0.23%
 138  29741683_len_246_MetaAn_74                                               60.23%    failed      0.00%
 139  2980232_len_333_MetaAn_64                                                47.63%    failed      4.36%
 140  30241248_len_247_MetaAn_65                                               60.07%    failed      0.43%
 141  3061646_len_305_MetaAn_67                                                50.57%    failed      0.41%
 142  3068210_len_306_MetaAn_61                                                50.57%    passed     56.84%
 143  31107171_len_310_MetaAn_73                                               49.75%    failed      1.60%
 144  31192861_len_242_MetaAn_74                                               60.88%    failed      0.06%
 145  32238791_len_247_MetaAn_68                                               60.07%    failed      0.00%
 146  32801175_len_306_MetaAn_3                                                50.74%    passed      5.14%
 147  32932978_len_253_MetaAn_3                                                59.74%    failed      0.27%
 148  341797_len_309_MetaAn_58                                                 49.92%    passed     19.99%
 149  343759_len_313_MetaAn_57                                                 49.26%    failed      1.78%
 150  34956212_len_316_MetaAn_74                                               49.10%    passed     14.85%
 151  3503345_len_306_MetaAn_7                                                 50.74%    failed      0.07%
 152  3550893_len_310_MetaAn_8                                                 50.25%    passed      6.69%
 153  3552244_len_306_MetaAn_3                                                 50.74%    failed      2.56%
 154  35567667_len_294_MetaAn_65                                               52.37%    passed     10.80%
 155  35894877_len_310_MetaAn_73                                               49.75%    failed      0.51%
 156  3601027_len_257_MetaAn_2                                                 58.59%    passed     15.62%
 157  3675708_len_310_MetaAn_8                                                 50.25%    passed      5.69%
 158  3812925_len_261_MetaAn_72                                                57.94%    passed     14.44%
 159  3896064_len_306_MetaAn_7                                                 50.74%    passed      7.27%
 160  3945355_len_245_MetaAn_57                                                60.39%    failed      0.00%
 161  39705250_len_305_MetaAn_50                                               50.57%    passed     84.03%
 162  397866_len_363_MetaAn_3                                                  46.97%    failed      1.14%
 163  3aj3_4-Pyridoxolactonase_Mesorhizobium_loti_MBL_superfamily              58.43%    passed     89.09%
 164  4052341_len_268_MetaAn_3                                                 56.63%    failed      0.22%
 165  41762_len_310_MetaAn_58                                                  49.75%    passed     52.97%
 166  4201998_len_336_MetaAn_59                                                46.32%    failed      2.88%
 167  4241433_len_306_MetaAn_7                                                 50.74%    failed      2.75%
 168  4245302_len_306_MetaAn_7                                                 50.74%    failed      2.50%
 169  4247496_len_306_MetaAn_23                                                50.41%    failed      0.00%
 170  4269014_len_344_MetaAn_64                                                47.30%    passed      5.46%
 171  4272506_len_309_MetaAn_58                                                49.92%    passed     56.47%
 172  427966_len_261_MetaAn_72                                                 57.94%    passed     70.51%
 173  4292432_len_268_MetaAn_10                                                56.63%    failed      0.01%
 174  433673_len_306_MetaAn_53                                                 50.41%    passed     18.21%
 175  43729996_len_311_MetaAn_28                                               50.90%    passed     77.44%
 176  44980030_len_292_MetaAn_61                                               53.52%    passed     89.77%
 177  45804876_len_301_MetaAn_17                                               51.23%    failed      0.20%
 178  4599438_len_305_MetaAn_58                                                50.57%    passed     16.29%
 179  4616652_len_310_MetaAn_58                                                49.75%    passed     12.95%
 180  4677385_len_309_MetaAn_58                                                49.92%    passed     67.00%
 181  4812524_len_334_MetaAn_32                                                46.32%    passed      6.09%
 182  4912919_len_260_MetaAn_3                                                 58.10%    passed      6.44%
 183  50217037_len_270_MetaAn_17                                               58.43%    passed     90.34%
 184  5036653_len_309_MetaAn_58                                                49.92%    passed     11.18%
 185  5120080_len_267_MetaAn_70                                                57.45%    failed      0.71%
 186  5127759_len_313_MetaAn_8                                                 49.75%    failed      3.80%
 187  5255603_len_313_MetaAn_64                                                49.26%    passed      9.95%
 188  5284997_len_309_MetaAn_58                                                49.92%    passed     29.30%
 189  5424715_len_302_MetaAn_54                                                51.06%    passed     87.48%
 190  5447568_len_305_MetaAn_7                                                 50.90%    passed     23.83%
 191  5463828_len_293_MetaAn_59                                                52.54%    passed     10.02%
 192  5518644_len_306_MetaAn_58                                                50.41%    passed     36.57%
 193  5529096_len_254_MetaAn_57                                                58.92%    failed      0.00%
 194  5537685_len_267_MetaAn_63                                                57.45%    failed      3.83%
 195  5582041_len_306_MetaAn_7                                                 50.74%    failed      0.89%
 196  5655421_len_310_MetaAn_58                                                49.75%    passed      8.32%
 197  57801_len_291_MetaAn_63                                                  54.01%    failed      1.02%
 198  5826406_len_271_MetaAn_3                                                 56.14%    failed      0.04%
 199  6101270_len_268_MetaAn_7                                                 56.63%    failed      0.00%
 200  61112837_len_309_MetaAn_17                                               49.92%    failed      4.45%
 201  6119140_len_268_MetaAn_10                                                56.63%    failed      0.01%
 202  61465302_len_332_MetaAn_50                                               46.48%    failed      0.00%
 203  6170116_len_285_MetaAn_57                                                53.85%    failed      0.00%
 204  6333904_len_309_MetaAn_64                                                49.92%    failed      1.15%
 205  6904173_len_293_MetaAn_8                                                 52.54%    failed      2.31%
 206  6981244_len_293_MetaAn_59                                                52.54%    failed      2.84%
 207  699317_len_305_MetaAn_58                                                 50.57%    passed     29.34%
 208  7073615_len_313_MetaAn_57                                                49.26%    failed      1.60%
 209  7193093_len_306_MetaAn_7                                                 50.74%    failed      4.90%
 210  719461_len_333_MetaAn_10                                                 48.28%    passed     52.12%
 211  7216527_len_313_MetaAn_23                                                49.92%    failed      0.12%
 212  7421463_len_303_MetaAn_67                                                50.90%    failed      1.04%
 213  7492079_len_340_MetaAn_47                                                47.46%    failed      0.34%
 214  7533982_len_268_MetaAn_3                                                 56.63%    failed      0.04%
 215  7545869_len_263_MetaAn_9                                                 57.45%    passed     32.03%
 216  7604892_len_264_MetaAn_23                                                57.45%    failed      4.44%
 217  7687177_len_317_MetaAn_57                                                48.61%    failed      0.77%
 218  771764_len_260_MetaAn_7                                                  58.10%    passed     47.41%
 219  7758743_len_306_MetaAn_3                                                 50.74%    passed     14.81%
 220  7767001_len_306_MetaAn_23                                                50.74%    failed      0.00%
 221  7838169_len_261_MetaAn_72                                                57.94%    passed     21.17%
 222  7864476_len_306_MetaAn_7                                                 50.74%    passed      7.74%
 223  7969038_len_293_MetaAn_9                                                 52.54%    passed     11.58%
 224  8062569_len_306_MetaAn_7                                                 50.74%    failed      0.36%
 225  8154705_len_337_MetaAn_77                                                47.30%    passed     13.27%
 226  8155778_len_260_MetaAn_2                                                 58.10%    failed      0.27%
 227  8220607_len_267_MetaAn_70                                                57.45%    failed      0.75%
 228  828927_len_259_MetaAn_64                                                 58.27%    failed      1.27%
 229  8425597_len_308_MetaAn_74                                                51.06%    passed     19.46%
 230  8587538_len_247_MetaAn_23                                                60.07%    failed      0.00%
 231  8659512_len_339_MetaAn_10                                                47.63%    passed     36.06%
 232  9118153_len_306_MetaAn_7                                                 50.74%    failed      0.21%
 233  915521_len_319_MetaAn_55                                                 48.77%    passed     21.28%
 234  9350011_len_306_MetaAn_7                                                 50.74%    failed      0.98%
 235  9479072_len_260_MetaAn_23                                                58.10%    failed      1.56%
 236  969288_len_296_MetaAn_23                                                 52.37%    passed     30.04%
 237  973004_len_254_MetaAn_57                                                 58.92%    failed      0.00%
 238  9854109_len_297_MetaAn_65                                                51.88%    passed     28.13%
 239  9891_len_306_MetaAn_7                                                    50.74%    passed     13.39%
 240  AIM-2                                                                    50.74%    failed      0.06%
 241  ALG11-1                                                                  51.88%    passed      5.79%
 242  ALG11-2                                                                  52.86%    passed      7.40%
 243  ALG11-4                                                                  52.70%    passed      6.49%
 244  ALG6-1                                                                   48.61%    passed     79.89%
 245  AM1-1                                                                    49.75%    passed     27.03%
 246  ANA-1                                                                    58.43%    failed      0.00%
 247  B3SU1-1                                                                  50.74%    failed      0.66%
 248  B3SU2-1                                                                  52.21%    failed      0.44%
 249  BIM-1                                                                    60.07%    failed      0.22%
 250  BJP-10                                                                   51.88%    passed     20.70%
 251  BJP-14                                                                   51.72%    passed     40.67%
 252  BJP-15                                                                   51.72%    passed      6.70%
 253  BJP-16                                                                   51.88%    passed     59.48%
 254  BJP-19                                                                   51.88%    passed     10.40%
 255  BJP-21                                                                   52.05%    passed     30.17%
 256  BJP-22                                                                   52.05%    passed     22.40%
 257  BJP-23                                                                   52.05%    failed      4.45%
 258  BJP-41                                                                   52.05%    failed      4.26%
 259  BJP-42                                                                   51.88%    passed     22.75%
 260  BJP-43                                                                   52.05%    passed     11.32%
 261  BJP-46                                                                   51.88%    passed      8.12%
 262  BJP-48                                                                   52.05%    passed     32.33%
 263  BJP-49                                                                   52.05%    passed     24.15%
 264  BJP-52                                                                   51.88%    passed     14.05%
 265  BJP-53                                                                   51.88%    passed     14.54%
 266  BJP-54                                                                   51.72%    passed     22.20%
 267  BJP-56                                                                   51.88%    passed     18.78%
 268  BcII-8                                                                   57.77%    failed      0.11%
 269  BcII-85                                                                  58.10%    failed      0.01%
 270  BcII-9                                                                   57.77%    failed      0.24%
 271  BlaB-14                                                                  59.57%    failed      0.00%
 272  BlaB-15                                                                  59.57%    failed      0.00%
 273  CAM-1                                                                    60.72%    failed      0.02%
 274  CAU-1                                                                    52.86%    passed     86.23%
 275  CEMC19-1                                                                 58.92%    failed      0.00%
 276  CHI-1                                                                    52.05%    failed      0.22%
 277  CHM-1                                                                    58.92%    failed      0.00%
 278  CPS-1                                                                    52.70%    failed      0.00%
 279  CRD3-1                                                                   50.57%    passed     73.96%
 280  CSR-1                                                                    48.45%    failed      1.41%
 281  CVI-1                                                                    58.43%    passed     33.11%
 282  CX1-1                                                                    59.90%    passed      6.73%
 283  CfiA-10                                                                  59.41%    passed     10.76%
 284  CfiA-17                                                                  59.41%    passed     14.12%
 285  CphA-11                                                                  58.59%    passed     51.11%
 286  DHT2-1                                                                   51.23%    failed      0.18%
 287  DIM-1                                                                    59.08%    failed      3.54%
 288  EAM-1                                                                    48.94%    failed      3.66%
 289  ECM-1                                                                    50.74%    failed      0.00%
 290  ECV-1                                                                    58.10%    passed     11.27%
 291  EFM-1                                                                    50.74%    failed      0.19%
 292  ELM-1                                                                    49.10%    passed     12.07%
 293  ESP-1                                                                    52.70%    failed      0.00%
 294  ESP-3                                                                    53.03%    failed      0.00%
 295  EVM-1                                                                    50.57%    failed      2.13%
 296  FEZ-1                                                                    54.01%    failed      4.46%
 297  FIA-1                                                                    60.07%    passed     18.85%
 298  GIM-1                                                                    59.25%    passed     16.49%
 299  GIM-3                                                                    59.25%    passed     11.77%
 300  GOB-22                                                                   52.70%    failed      0.00%
 301  GOB-25                                                                   52.05%    failed      0.01%
 302  GOB-29                                                                   52.70%    failed      0.00%
 303  GOB-33                                                                   52.70%    failed      0.02%
 304  GRD23-1                                                                  60.88%    passed     10.16%
 305  HBA-1                                                                    57.61%    passed     13.59%
 306  HMB-1                                                                    60.88%    failed      4.29%
 307  IMP-35                                                                   59.90%    failed      0.12%
 308  IMP-37                                                                   59.57%    failed      0.01%
 309  IMP-51                                                                   59.90%    failed      0.01%
 310  IMP-64                                                                   59.90%    failed      0.01%
 311  IMP-65                                                                   59.90%    failed      0.00%
 312  IMP-90                                                                   59.90%    failed      0.00%
 313  IMP-93                                                                   59.90%    failed      0.03%
 314  IND-14                                                                   61.05%    failed      0.09%
 315  IND-4                                                                    60.56%    failed      0.22%
 316  JOHN-1                                                                   59.57%    failed      0.01%
 317  KHM-1                                                                    60.88%    passed     33.32%
 318  L1-16                                                                    52.86%    failed      0.16%
 319  L1-17                                                                    52.70%    failed      4.97%
 320  L1-41                                                                    52.70%    failed      4.88%
 321  L1-48                                                                    52.70%    failed      0.66%
 322  L1-5                                                                     52.05%    passed     20.90%
 323  L1-53                                                                    52.70%    failed      2.55%
 324  L1-56                                                                    52.70%    failed      2.00%
 325  L1-62                                                                    52.70%    passed      6.18%
 326  L1-66                                                                    52.70%    failed      0.04%
 327  L1-75                                                                    52.86%    passed      7.68%
 328  L1-85                                                                    52.86%    failed      1.42%
 329  L1-87                                                                    52.70%    failed      3.27%
 330  L1-90                                                                    52.86%    passed      8.10%
 331  L1-98                                                                    52.70%    failed      1.42%
 332  L1-P9                                                                    56.14%    failed      1.80%
 333  LMB-2                                                                    50.41%    failed      3.79%
 334  LRA12-1                                                                  52.21%    failed      3.95%
 335  LRA17-1                                                                  52.21%    passed     32.13%
 336  LRA19-1                                                                  51.55%    failed      3.32%
 337  LRA2-1                                                                   50.74%    passed     20.90%
 338  LRA3-2                                                                   50.74%    passed     24.69%
 339  LRA7-1                                                                   50.90%    passed     23.11%
 340  LRA8-2                                                                   49.43%    failed      2.70%
 341  MEMA1-1                                                                  52.86%    passed     16.84%
 342  MIM-1                                                                    51.23%    failed      0.23%
 343  MIM-2                                                                    50.25%    failed      0.25%
 344  MIM-4                                                                    50.25%    failed      0.40%
 345  MOC-1                                                                    59.57%    failed      0.03%
 346  MUS-1                                                                    59.90%    failed      0.09%
 347  MYO-1                                                                    56.63%    failed      0.00%
 348  MYX-1                                                                    58.43%    failed      0.33%
 349  NWM-1                                                                    49.75%    failed      2.67%
 350  ORR-1                                                                    58.59%    passed     10.05%
 351  PAM-1                                                                    53.19%    passed     13.86%
 352  PEDO-1                                                                   53.36%    failed      1.77%
 353  PEDO-2                                                                   53.52%    failed      0.00%
 354  PEDO-3                                                                   61.37%    failed      0.42%
 355  PFM-1                                                                    58.92%    passed      8.36%
 356  PJM-1                                                                    50.90%    failed      0.02%
 357  PKB-1                                                                    60.56%    failed      0.09%
 358  PLN-1                                                                    52.86%    passed     26.35%
 359  POM-1                                                                    53.36%    passed     14.69%
 360  PST-1                                                                    60.72%    passed     33.18%
 361  RM3                                                                      50.74%    passed      8.27%
 362  SAM-1                                                                    52.05%    failed      3.97%
 363  SER-1                                                                    52.05%    passed      8.21%
 364  SFB-1                                                                    61.05%    failed      0.00%
 365  SFH-1                                                                    58.59%    failed      1.26%
 366  SHD-1                                                                    58.59%    failed      2.60%
 367  SHN-1                                                                    61.37%    failed      2.24%
 368  SIE-1                                                                    50.25%    failed      0.00%
 369  SIM-1                                                                    59.90%    failed      0.00%
 370  SIQ-1                                                                    52.86%    passed     22.96%
 371  SLB-1                                                                    59.57%    failed      0.02%
 372  SMB-1                                                                    54.34%    passed     39.91%
 373  SPA_MetaAn_10_l261_st4690_e5472_se1_ID_2493_6                            57.94%    failed      0.55%
 374  SPA_MetaAn_17_l305_st954_e1868_se1_ID_119899_3                           50.41%    failed      3.25%
 375  SPA_MetaAn_17_l306_st426_e1343_se1_ID_85415_2                            50.25%    passed      7.16%
 376  SPA_MetaAn_17_l311_st2880_e3812_se1_ID_155_3                             49.75%    failed      0.39%
 377  SPA_MetaAn_1_l270_st2245_e3054_se-1_ID_22706_3                           56.14%    failed      0.52%
 378  SPA_MetaAn_1_l273_st2603_e3421_se1_ID_4118_2                             55.65%    failed      2.01%
 379  SPA_MetaAn_1_l295_st397_e1281_se1_ID_5063_2                              52.05%    passed     13.94%
 380  SPA_MetaAn_20_l304_st1244_e2155_se-1_ID_23402_3                          50.57%    failed      0.29%
 381  SPA_MetaAn_20_l304_st169_e1080_se-1_ID_38754_2                           50.57%    failed      0.13%
 382  SPA_MetaAn_20_l318_st4634_e5587_se1_ID_5153_4                            48.61%    passed     88.03%
 383  SPA_MetaAn_20_l328_st102_e1085_se1_ID_19939_2                            48.28%    failed      0.64%
 384  SPA_MetaAn_21_l223_st44_e712_se1_ID_156526_1                             63.83%    failed      0.44%
 385  SPA_MetaAn_23_l258_st1450_e2223_se1_ID_17702_3                           59.08%    failed      0.20%
 386  SPA_MetaAn_23_l270_st220_e1029_se-1_ID_93401_1                           56.30%    failed      0.24%
 387  SPA_MetaAn_23_l285_st12_e866_se-1_ID_135876_1                            53.68%    passed     66.97%
 388  SPA_MetaAn_23_l302_st429_e1334_se-1_ID_92029_2                           51.23%    passed     21.58%
 389  SPA_MetaAn_23_l308_st12520_e13443_se1_ID_1076_9                          50.25%    passed     73.50%
 390  SPA_MetaAn_23_l313_st1788_e2726_se-1_ID_3477_4                           49.43%    passed     98.75%
 391  SPA_MetaAn_23_l320_st320_e1279_se1_ID_89642_2                            48.45%    passed     15.24%
 392  SPA_MetaAn_23_l321_st126_e1088_se-1_ID_89352_2                           48.45%    passed      6.72%
 393  SPA_MetaAn_28_l304_st35_e946_se-1_ID_104730_1                            50.57%    passed     15.39%
 394  SPA_MetaAn_29_l286_st2499_e3356_se-1_ID_17789_3                          53.52%    passed      9.57%
 395  SPA_MetaAn_2_l298_st478_e1371_se1_ID_48120_2                             51.72%    failed      1.15%
 396  SPA_MetaAn_2_l299_st87_e983_se-1_ID_53282_2                              51.39%    passed     36.20%
 397  SPA_MetaAn_2_l299_st987_e1883_se1_ID_5434_2                              51.39%    passed     38.52%
 398  SPA_MetaAn_30_l294_st4575_e5456_se1_ID_4243_4                            52.21%    failed      1.21%
 399  SPA_MetaAn_30_l315_st941_e1885_se-1_ID_36976_3                           51.72%    passed     96.13%
 400  SPA_MetaAn_30_l319_st72_e1028_se1_ID_31132_1                             48.61%    passed     28.47%
 401  SPA_MetaAn_39_l324_st1369_e2340_se1_ID_16383_3                           48.28%    failed      4.25%
 402  SPA_MetaAn_3_l250_st354_e1103_se-1_ID_35239_1                            59.41%    failed      0.05%
 403  SPA_MetaAn_3_l305_st414_e1328_se-1_ID_23125_2                            50.74%    failed      0.13%
 404  SPA_MetaAn_3_l305_st557_e1471_se1_ID_76312_2                             50.74%    failed      2.89%
 405  SPA_MetaAn_3_l315_st1608_e2552_se1_ID_45634_3                            50.41%    failed      4.47%
 406  SPA_MetaAn_3_l315_st1608_e2552_se1_ID_45635_3                            50.41%    passed      5.14%
 407  SPA_MetaAn_3_l316_st1298_e2245_se1_ID_63295_2                            49.10%    passed     30.93%
 408  SPA_MetaAn_45_l305_st895_e1809_se1_ID_25891_2                            50.57%    failed      0.00%
 409  SPA_MetaAn_46_l312_st419_e1354_se-1_ID_55873_2                           49.59%    failed      0.06%
 410  SPA_MetaAn_47_l307_st2141_e3061_se-1_ID_8053_3                           50.25%    failed      2.09%
 411  SPA_MetaAn_48_l309_st5_e931_se-1_ID_316_1                                50.08%    passed      5.39%
 412  SPA_MetaAn_50_l279_st1066_e1902_se-1_ID_69806_4                          54.66%    failed      2.63%
 413  SPA_MetaAn_50_l323_st1092_e2060_se-1_ID_58644_2                          48.94%    passed     44.12%
 414  SPA_MetaAn_53_l303_st2187_e3095_se-1_ID_3469_4                           51.06%    failed      0.25%
 415  SPA_MetaAn_53_l305_st44_e958_se-1_ID_21752_1                             50.41%    failed      0.20%
 416  SPA_MetaAn_53_l306_st1851_e2768_se-1_ID_7003_3                           50.25%    passed      6.78%
 417  SPA_MetaAn_53_l309_st775_e1701_se-1_ID_13354_2                           49.75%    failed      0.53%
 418  SPA_MetaAn_53_l327_st1960_e2940_se-1_ID_8796_3                           48.45%    failed      0.39%
 419  SPA_MetaAn_54_l279_st191_e1027_se-1_ID_43151_2                           54.66%    passed     33.29%
 420  SPA_MetaAn_55_l344_st365_e1396_se1_ID_17065_1                            44.68%    failed      4.19%
 421  SPA_MetaAn_57_l241_st364_e1086_se-1_ID_15438_1                           60.88%    failed      2.65%
 422  SPA_MetaAn_57_l297_st636_e1526_se-1_ID_27881_2                           51.72%    failed      0.73%
 423  SPA_MetaAn_57_l305_st660_e1574_se1_ID_27909_2                            50.41%    failed      1.97%
 424  SPA_MetaAn_58_l304_st505_e1416_se1_ID_27654_2                            50.57%    passed     33.14%
 425  SPA_MetaAn_58_l305_st26060_e26974_se1_ID_232_26                          50.41%    passed     24.09%
 426  SPA_MetaAn_59_l291_st359_e1231_se1_ID_19413_2                            53.85%    passed     87.99%
 427  SPA_MetaAn_60_l298_st3888_e4781_se-1_ID_116_6                            51.55%    failed      0.51%
 428  SPA_MetaAn_61_l292_st6535_e7410_se-1_ID_3700_5                           52.54%    passed     68.57%
 429  SPA_MetaAn_61_l302_st2155_e3060_se-1_ID_52238_3                          51.06%    passed     96.44%
 430  SPA_MetaAn_61_l305_st24_e938_se-1_ID_284666_1                            51.06%    passed     73.97%
 431  SPA_MetaAn_61_l310_st2095_e3024_se1_ID_27109_3                           50.08%    passed     66.65%
 432  SPA_MetaAn_62_l247_st32_e772_se1_ID_100963_1                             60.07%    failed      1.62%
 433  SPA_MetaAn_62_l291_st6588_e7460_se1_ID_4092_7                            52.70%    passed     19.77%
 434  SPA_MetaAn_62_l292_st3287_e4162_se-1_ID_212_5                            53.52%    passed     49.94%
 435  SPA_MetaAn_62_l295_st1883_e2767_se1_ID_331_2                             52.05%    passed     79.26%
 436  SPA_MetaAn_62_l304_st254_e1165_se1_ID_33912_2                            50.74%    failed      0.06%
 437  SPA_MetaAn_63_l301_st546_e1448_se-1_ID_24951_2                           51.06%    failed      0.06%
 438  SPA_MetaAn_63_l301_st692_e1594_se-1_ID_44068_2                           51.06%    passed      9.60%
 439  SPA_MetaAn_63_l303_st171_e1079_se-1_ID_99461_1                           51.06%    failed      0.01%
 440  SPA_MetaAn_65_l290_st511_e1380_se-1_ID_109256_2                          53.03%    failed      0.31%
 441  SPA_MetaAn_65_l309_st7098_e8024_se-1_ID_3951_7                           49.75%    passed      7.84%
 442  SPA_MetaAn_65_l314_st498_e1439_se-1_ID_119345_2                          50.25%    passed     62.65%
 443  SPA_MetaAn_66_l263_st3192_e3980_se1_ID_552_4                             57.28%    failed      0.77%
 444  SPA_MetaAn_67_l250_st33_e782_se1_ID_44098_1                              59.41%    failed      4.26%
 445  SPA_MetaAn_67_l261_st3180_e3962_se1_ID_6342_5                            57.77%    passed     20.56%
 446  SPA_MetaAn_67_l298_st2396_e3289_se1_ID_1301_3                            52.05%    passed     56.55%
 447  SPA_MetaAn_67_l305_st117_e1031_se1_ID_147636_2                           50.74%    failed      4.33%
 448  SPA_MetaAn_68_l245_st501_e1235_se-1_ID_139255_2                          60.23%    passed     27.47%
 449  SPA_MetaAn_68_l304_st12496_e13407_se1_ID_4114_16                         50.57%    failed      2.82%
 450  SPA_MetaAn_68_l310_st1234_e2163_se-1_ID_46255_2                          49.92%    failed      1.34%
 451  SPA_MetaAn_68_l325_st238_e1212_se1_ID_20115_1                            49.26%    failed      0.02%
 452  SPA_MetaAn_69_l292_st2610_e3485_se-1_ID_7463_4                           52.54%    passed     84.16%
 453  SPA_MetaAn_69_l292_st6111_e6986_se1_ID_2210_7                            52.54%    failed      4.55%
 454  SPA_MetaAn_69_l301_st11_e913_se-1_ID_149249_1                            51.06%    passed     82.45%
 455  SPA_MetaAn_70_l258_st8262_e9035_se-1_ID_737_9                            58.27%    failed      2.01%
 456  SPA_MetaAn_70_l260_st6332_e7111_se-1_ID_409_8                            57.94%    passed     11.60%
 457  SPA_MetaAn_73_l291_st361_e1233_se1_ID_77215_2                            52.70%    passed     13.97%
 458  SPA_MetaAn_74_l290_st1282_e2151_se-1_ID_19921_4                          53.03%    failed      0.09%
 459  SPA_MetaAn_74_l296_st228_e1115_se1_ID_172172_1                           51.88%    passed     23.79%
 460  SPA_MetaAn_74_l315_st76_e1020_se-1_ID_189047_1                           49.10%    failed      2.72%
 461  SPA_MetaAn_74_l324_st803_e1774_se-1_ID_79942_2                           47.95%    failed      0.02%
 462  SPA_MetaAn_75_l246_st952_e1689_se1_ID_978_2                              60.07%    failed      0.37%
 463  SPA_MetaAn_76_l256_st1276_e2043_se1_ID_21023_3                           59.25%    passed     17.57%
 464  SPA_MetaAn_77_l246_st2646_e3383_se-1_ID_10894_3                          60.07%    failed      0.00%
 465  SPA_MetaAn_77_l293_st1508_e2386_se-1_ID_11772_2                          52.37%    passed     43.14%
 466  SPA_MetaAn_78_l250_st139_e888_se-1_ID_10946_2                            59.57%    failed      0.34%
 467  SPA_MetaAn_78_l292_st311_e1186_se1_ID_11351_1                            52.54%    failed      1.26%
 468  SPA_MetaAn_78_l306_st435_e1352_se-1_ID_8220_2                            50.25%    failed      3.51%
 469  SPA_MetaAn_7_l305_st29_e943_se-1_ID_188656_1                             50.74%    failed      0.13%
 470  SPA_MetaAn_7_l305_st614_e1528_se-1_ID_90005_2                            50.74%    passed     15.15%
 471  SPA_MetaAn_82_l289_st242_e1108_se-1_ID_153429_2                          53.03%    passed     92.95%
 472  SPA_MetaAn_82_l309_st150_e1076_se-1_ID_156338_2                          49.75%    failed      4.19%
 473  SPA_MetaAn_82_l309_st3053_e3979_se-1_ID_17574_3                          50.25%    passed     15.38%
 474  SPA_MetaAn_83_l273_st1511_e2329_se-1_ID_18058_3                          55.65%    passed     44.71%
 475  SPA_MetaAn_83_l299_st205_e1101_se-1_ID_65030_2                           51.55%    passed     19.24%
 476  SPA_MetaAn_83_l299_st3278_e4174_se1_ID_11966_3                           51.39%    passed     26.77%
 477  SPA_MetaAn_83_l305_st11_e925_se-1_ID_174187_1                            50.74%    passed     98.61%
 478  SPA_MetaAn_83_l316_st79_e1026_se1_ID_27587_2                             49.10%    failed      3.56%
 479  SPA_MetaAn_84_l251_st620_e1372_se1_ID_24605_2                            59.41%    passed     12.83%
 480  SPA_MetaAn_84_l307_st5846_e6766_se1_ID_1142_5                            50.41%    passed     27.37%
 481  SPA_MetaAn_84_l308_st7761_e8684_se-1_ID_385_9                            50.74%    passed     31.53%
 482  SPA_MetaAn_8_l300_st3555_e4454_se1_ID_1806_7                             51.23%    passed     42.21%
 483  SPA_MetaAn_9_l252_st896_e1651_se-1_ID_24344_2                            59.08%    passed      7.92%
 484  SPA_MetaAn_9_l261_st981_e1763_se1_ID_38162_2                             57.77%    passed      7.68%
 485  SPA_MetaAn_9_l289_st13990_e14856_se1_ID_572_13                           53.03%    failed      3.18%
 486  SPG-1                                                                    53.52%    passed     10.39%
 487  SPR-1                                                                    51.39%    failed      0.00%
 488  STA-1                                                                    57.61%    failed      0.00%
 489  THIN-B                                                                   48.77%    failed      2.00%
 490  TMB-2                                                                    60.07%    failed      0.12%
 491  TTU-1                                                                    60.39%    failed      0.91%
 492  TUS-1                                                                    59.57%    failed      0.76%
 493  VAM-1                                                                    60.56%    failed      0.78%
 494  VIM-29                                                                   57.28%    failed      2.72%
 495  VIM-3                                                                    57.28%    passed     15.34%
 496  VIM-61                                                                   57.45%    passed      8.17%
 497  VIM-80                                                                   57.45%    passed     19.26%
 498  VMB-1                                                                    59.74%    failed      0.29%
 499  WUS-1                                                                    59.90%    failed      0.04%
 500  YEM-1                                                                    59.90%    failed      0.00%
 501  ZHO-1                                                                    60.39%    passed     26.14%
 502  ZOG-1                                                                    59.74%    failed      0.35%
 503  chd_Chlorothalonil_dehalogenase_Pseudomonas_aeruginosa_MBL_superfamily   50.41%    passed     26.15%
 504  dnhA_Dinitroanisole_o-demethylase_Nocardioides_sp._MBL_superfamily       51.23%    failed      0.06%
 505  gloB_Glyoxolase_II_Escherichia_coli_MBL_superfamily                      59.25%    passed     49.88%
 506  mpd_Methyl-parathion_hydrolase_Pseudomonas_aeruginosa_MBL_superfamily    47.79%    passed      8.93%
 507  pqqB_PQQ_biosynthesis_protein_B_Pseudomonas_putida_MBL_superfamily       55.65%    failed      2.59%
 508  rbn_Ribonuclease_Z_Escherichia_coli_MBL_superfamily                      50.74%    passed     85.90%
WARNING: 421 sequences contain more than 50% gaps/ambiguity
****  TOTAL                                                                    53.46%  272 sequences failed composition chi2 test (p-value<5%; df=19)
Hashing sequences took 0.028 wall-clock seconds
Checking for duplicate sequences took 0.003 wall-clock seconds
Checking for duplicate sequences: done in 0.0306171 secs using 903.4% CPU
Printing alignment to phylip file  took 0.050 sec

Printing alignment to phylip file  took 0.018 sec

Create initial parsimony tree by phylogenetic likelihood library (PLL)... 0.736 seconds
Parsimony of PLL Parsimony tree was 30730
Measuring multi-threading efficiency up to 20 CPU cores
Increase to 10 rounds for branch lengths
2 trees examined
Threads: 1 / Time: 33.394 sec / Speedup: 1.000 / Efficiency: 100% / LogL: -307226
Threads: 2 / Time: 31.340 sec / Speedup: 1.066 / Efficiency: 53% / LogL: -307226
Threads: 3 / Time: 18.716 sec / Speedup: 1.784 / Efficiency: 59% / LogL: -307226
Threads: 4 / Time: 9.988 sec / Speedup: 3.343 / Efficiency: 84% / LogL: -307226
Threads: 5 / Time: 13.317 sec / Speedup: 2.508 / Efficiency: 50% / LogL: -307226
Determining AUTO threadcount: done in 106.876 secs using 220.9% CPU
BEST NUMBER OF THREADS: 4

Perform fast likelihood tree search using LG+G model...
Estimate model parameters (epsilon = 5.000)
1. Initial log-likelihood: -155917.081 (took 0.192 wall-clock sec)
Gamma shape alpha: 1.203
Gamma shape alpha: 1.621
Gamma shape alpha: 1.814
Gamma shape alpha: 1.835
Optimal log-likelihood: -151284.794
Perform nearest neighbor interchange...
Optimizing NNI: done in 41.3752 secs using 349.7% CPU
Estimate model parameters (epsilon = 1.000)
1. Initial log-likelihood: -150862.843 (took 0.000 wall-clock sec)
Gamma shape alpha: 1.814
Optimal log-likelihood: -150862.710
Parameters optimization took 1 rounds (1.579 sec)
Time for fast ML tree search: 59.778 seconds

NOTE: ModelFinder requires 498 MB RAM!
ModelFinder will test up to 616 protein models (sample size: 611) ...
 No. Model         -LnL         df  AIC          AICc         BIC
Optimizing model LG
1. Initial log-likelihood: -155589.433 (took 0.044 wall-clock sec)
Optimal log-likelihood: -155476.445
  1  LG            155476.445   1013 312978.890   2367342.890  317451.383
Optimizing model LG+G4
1. Initial log-likelihood: -150955.629 (took 0.219 wall-clock sec)
Gamma shape alpha: 1.814
Gamma shape alpha: 1.812
Gamma shape alpha: 1.812
Optimal log-likelihood: -150862.705
  2  LG+G4         150862.705   1014 303753.409   2362173.409  308230.318
Optimizing model LG+R2
1. Initial log-likelihood: -152566.761 (took 0.129 wall-clock sec)
Optimizing +R2 model parameters by 2-BFGS,EM algorithm...
Site proportion and rates:  (0.291,0.500) (0.709,1.536)
Optimizing +R2 model parameters by 2-BFGS,EM algorithm...
Site proportion and rates:  (0.343,0.500) (0.657,1.536)
Optimizing +R2 model parameters by 2-BFGS,EM algorithm...
Site proportion and rates:  (0.346,0.499) (0.654,1.536)
Optimizing +R2 model parameters by 2-BFGS,EM algorithm...
Site proportion and rates:  (0.346,0.499) (0.654,1.536)
Optimal log-likelihood: -151743.432
  3  LG+R2         151743.432   1015 305516.863   2367996.863  309998.187
Optimizing model LG+R3
1. Initial log-likelihood: -151452.663 (took 0.141 wall-clock sec)
Optimizing +R3 model parameters by 2-BFGS,EM algorithm...
Site proportion and rates:  (0.096,0.290) (0.338,0.794) (0.566,1.905)
Optimizing +R3 model parameters by 2-BFGS,EM algorithm...
Site proportion and rates:  (0.113,0.315) (0.327,0.815) (0.560,1.884)
Optimizing +R3 model parameters by 2-BFGS,EM algorithm...
Site proportion and rates:  (0.137,0.338) (0.325,0.846) (0.538,1.868)
Optimizing +R3 model parameters by 2-BFGS,EM algorithm...
Site proportion and rates:  (0.157,0.350) (0.323,0.864) (0.520,1.857)
Optimizing +R3 model parameters by 2-BFGS,EM algorithm...
Site proportion and rates:  (0.177,0.364) (0.318,0.891) (0.505,1.854)
Optimizing +R3 model parameters by 2-BFGS,EM algorithm...
Site proportion and rates:  (0.205,0.370) (0.322,0.914) (0.473,1.835)
Optimizing +R3 model parameters by 2-BFGS,EM algorithm...
Site proportion and rates:  (0.208,0.371) (0.321,0.916) (0.470,1.831)
Optimizing +R3 model parameters by 2-BFGS,EM algorithm...
Site proportion and rates:  (0.209,0.372) (0.321,0.916) (0.470,1.831)
Optimal log-likelihood: -151047.641
  4  LG+R3         151047.641   1017 304129.281   2374741.281  308619.435
Optimizing model LG+R4
1. Initial log-likelihood: -151046.226 (took 0.196 wall-clock sec)
Optimizing +R4 model parameters by 2-BFGS,EM algorithm...
Site proportion and rates:  (0.030,0.137) (0.215,0.517) (0.297,1.108) (0.458,2.140)
Optimizing +R4 model parameters by 2-BFGS,EM algorithm...
Site proportion and rates:  (0.029,0.137) (0.218,0.523) (0.293,1.115) (0.460,2.134)
Optimizing +R4 model parameters by 2-BFGS,EM algorithm...
Site proportion and rates:  (0.029,0.137) (0.218,0.524) (0.293,1.116) (0.460,2.137)
Optimal log-likelihood: -150743.776
  5  LG+R4         150743.776   1019 303525.551   2382285.551  308024.535
Optimizing model LG+R5
1. Initial log-likelihood: -150759.232 (took 0.197 wall-clock sec)
Optimizing +R5 model parameters by 2-BFGS,EM algorithm...
Site proportion and rates:  (0.030,0.107) (0.201,0.354) (0.246,0.711) (0.339,1.249) (0.184,2.061)
Optimizing +R5 model parameters by 2-BFGS,EM algorithm...
Site proportion and rates:  (0.030,0.107) (0.195,0.360) (0.234,0.710) (0.323,1.231) (0.218,1.993)
Optimizing +R5 model parameters by 2-BFGS,EM algorithm...
Site proportion and rates:  (0.029,0.107) (0.191,0.364) (0.226,0.707) (0.319,1.226) (0.236,1.985)
Optimizing +R5 model parameters by 2-BFGS,EM algorithm...
Site proportion and rates:  (0.029,0.107) (0.189,0.367) (0.223,0.709) (0.315,1.228) (0.244,1.983)
Optimizing +R5 model parameters by 2-BFGS,EM algorithm...
Site proportion and rates:  (0.029,0.107) (0.188,0.369) (0.221,0.712) (0.312,1.229) (0.249,1.983)
Optimizing +R5 model parameters by 2-BFGS,EM algorithm...
Site proportion and rates:  (0.029,0.107) (0.188,0.371) (0.220,0.715) (0.309,1.232) (0.253,1.983)
Optimizing +R5 model parameters by 2-BFGS,EM algorithm...
Site proportion and rates:  (0.029,0.107) (0.188,0.373) (0.220,0.718) (0.307,1.235) (0.256,1.985)
Optimizing +R5 model parameters by 2-BFGS,EM algorithm...
Site proportion and rates:  (0.029,0.107) (0.188,0.374) (0.220,0.720) (0.306,1.239) (0.257,1.990)
Optimizing +R5 model parameters by 2-BFGS,EM algorithm...
Site proportion and rates:  (0.029,0.107) (0.188,0.375) (0.220,0.722) (0.306,1.242) (0.257,1.997)
Optimizing +R5 model parameters by 2-BFGS,EM algorithm...
Site proportion and rates:  (0.029,0.107) (0.188,0.376) (0.220,0.724) (0.306,1.246) (0.258,2.001)
Optimizing +R5 model parameters by 2-BFGS,EM algorithm...
Site proportion and rates:  (0.029,0.107) (0.188,0.377) (0.219,0.726) (0.306,1.249) (0.258,2.008)
Optimizing +R5 model parameters by 2-BFGS,EM algorithm...
Site proportion and rates:  (0.029,0.107) (0.188,0.378) (0.220,0.728) (0.306,1.253) (0.258,2.013)
Optimizing +R5 model parameters by 2-BFGS,EM algorithm...
Site proportion and rates:  (0.029,0.107) (0.188,0.379) (0.219,0.731) (0.306,1.256) (0.258,2.019)
Optimizing +R5 model parameters by 2-BFGS,EM algorithm...
Site proportion and rates:  (0.029,0.107) (0.188,0.380) (0.220,0.732) (0.306,1.261) (0.258,2.024)
Optimizing +R5 model parameters by 2-BFGS,EM algorithm...
Site proportion and rates:  (0.029,0.107) (0.188,0.381) (0.219,0.735) (0.306,1.263) (0.258,2.031)
Optimizing +R5 model parameters by 2-BFGS,EM algorithm...
Site proportion and rates:  (0.029,0.107) (0.188,0.383) (0.220,0.736) (0.306,1.268) (0.258,2.036)
Optimizing +R5 model parameters by 2-BFGS,EM algorithm...
Site proportion and rates:  (0.029,0.107) (0.188,0.384) (0.220,0.739) (0.306,1.271) (0.257,2.042)
Optimizing +R5 model parameters by 2-BFGS,EM algorithm...
Site proportion and rates:  (0.029,0.107) (0.188,0.385) (0.220,0.741) (0.306,1.275) (0.257,2.047)
Optimizing +R5 model parameters by 2-BFGS,EM algorithm...
Site proportion and rates:  (0.029,0.107) (0.188,0.386) (0.220,0.743) (0.306,1.278) (0.257,2.054)
Optimizing +R5 model parameters by 2-BFGS,EM algorithm...
Site proportion and rates:  (0.029,0.107) (0.188,0.386) (0.220,0.745) (0.307,1.280) (0.257,2.058)
Optimal log-likelihood: -150596.405
  6  LG+R5         150596.405   1021 303234.810   2390158.810  307742.624
Optimizing model LG+R6
1. Initial log-likelihood: -150650.313 (took 0.406 wall-clock sec)
Optimizing +R6 model parameters by 2-BFGS,EM algorithm...
Site proportion and rates:  (0.027,0.088) (0.123,0.304) (0.186,0.530) (0.209,0.871) (0.308,1.369) (0.146,2.233)
Optimizing +R6 model parameters by 2-BFGS,EM algorithm...
Site proportion and rates:  (0.027,0.088) (0.117,0.304) (0.186,0.527) (0.211,0.872) (0.304,1.372) (0.155,2.207)
Optimizing +R6 model parameters by 2-BFGS,EM algorithm...
Site proportion and rates:  (0.027,0.088) (0.116,0.304) (0.186,0.527) (0.211,0.872) (0.303,1.372) (0.157,2.205)
Optimal log-likelihood: -150512.144
  7  LG+R6         150512.144   1023 303070.288   2398174.288  307586.932
Optimizing model LG+R7
1. Initial log-likelihood: -150600.457 (took 0.456 wall-clock sec)
Optimizing +R7 model parameters by 2-BFGS,EM algorithm...
Site proportion and rates:  (0.024,0.075) (0.080,0.248) (0.160,0.415) (0.185,0.677) (0.229,1.047) (0.215,1.459) (0.107,2.255)
Optimizing +R7 model parameters by 2-BFGS,EM algorithm...
Site proportion and rates:  (0.023,0.075) (0.072,0.249) (0.155,0.416) (0.173,0.669) (0.200,1.010) (0.246,1.417) (0.130,2.222)
Optimizing +R7 model parameters by 2-BFGS,EM algorithm...
Site proportion and rates:  (0.023,0.075) (0.071,0.252) (0.152,0.419) (0.162,0.663) (0.180,0.975) (0.271,1.392) (0.141,2.215)
Optimizing +R7 model parameters by 2-BFGS,EM algorithm...
Site proportion and rates:  (0.023,0.075) (0.070,0.254) (0.147,0.420) (0.150,0.653) (0.172,0.943) (0.289,1.384) (0.149,2.218)
Optimizing +R7 model parameters by 2-BFGS,EM algorithm...
Site proportion and rates:  (0.023,0.075) (0.069,0.255) (0.145,0.420) (0.145,0.647) (0.174,0.934) (0.293,1.385) (0.151,2.220)
Optimizing +R7 model parameters by 2-BFGS,EM algorithm...
Site proportion and rates:  (0.023,0.075) (0.069,0.255) (0.144,0.420) (0.144,0.647) (0.175,0.933) (0.293,1.385) (0.152,2.220)
Optimal log-likelihood: -150468.786
  8  LG+R7         150468.786   1025 302987.572   2406287.572  307513.046
Optimizing model LG+R8
1. Initial log-likelihood: -150556.811 (took 0.365 wall-clock sec)
Optimizing +R8 model parameters by 2-BFGS,EM algorithm...
Site proportion and rates:  (0.022,0.065) (0.069,0.228) (0.142,0.377) (0.140,0.577) (0.168,0.827) (0.239,1.188) (0.149,1.632) (0.071,2.415)
Optimizing +R8 model parameters by 2-BFGS,EM algorithm...
Site proportion and rates:  (0.022,0.065) (0.068,0.229) (0.142,0.378) (0.138,0.577) (0.169,0.827) (0.234,1.186) (0.141,1.585) (0.085,2.293)
Optimizing +R8 model parameters by 2-BFGS,EM algorithm...
Site proportion and rates:  (0.022,0.065) (0.068,0.230) (0.142,0.379) (0.138,0.578) (0.169,0.828) (0.223,1.181) (0.141,1.545) (0.098,2.238)
Optimizing +R8 model parameters by 2-BFGS,EM algorithm...
Site proportion and rates:  (0.022,0.065) (0.068,0.230) (0.141,0.380) (0.137,0.578) (0.168,0.828) (0.216,1.176) (0.144,1.528) (0.103,2.223)
Optimizing +R8 model parameters by 2-BFGS,EM algorithm...
Site proportion and rates:  (0.022,0.065) (0.068,0.230) (0.141,0.380) (0.137,0.578) (0.168,0.828) (0.213,1.175) (0.146,1.522) (0.104,2.218)
Optimal log-likelihood: -150455.051
  9  LG+R8         150455.051   1027 302964.101   2414476.101  307498.406
Optimizing model LG+R9
1. Initial log-likelihood: -150556.109 (took 0.469 wall-clock sec)
Optimizing +R9 model parameters by 2-BFGS,EM algorithm...
Site proportion and rates:  (0.019,0.058) (0.063,0.216) (0.128,0.360) (0.113,0.524) (0.123,0.709) (0.146,0.941) (0.230,1.259) (0.124,1.769) (0.053,2.630)
Optimizing +R9 model parameters by 2-BFGS,EM algorithm...
Site proportion and rates:  (0.020,0.058) (0.066,0.219) (0.134,0.366) (0.113,0.537) (0.111,0.714) (0.133,0.920) (0.239,1.236) (0.126,1.722) (0.059,2.519)
Optimizing +R9 model parameters by 2-BFGS,EM algorithm...
Site proportion and rates:  (0.020,0.058) (0.066,0.220) (0.135,0.369) (0.112,0.541) (0.102,0.713) (0.126,0.900) (0.238,1.218) (0.133,1.670) (0.068,2.426)
Optimizing +R9 model parameters by 2-BFGS,EM algorithm...
Site proportion and rates:  (0.019,0.058) (0.066,0.221) (0.135,0.370) (0.111,0.543) (0.096,0.709) (0.126,0.891) (0.230,1.209) (0.134,1.619) (0.082,2.327)
Optimizing +R9 model parameters by 2-BFGS,EM algorithm...
Site proportion and rates:  (0.019,0.058) (0.066,0.222) (0.135,0.371) (0.111,0.544) (0.093,0.707) (0.127,0.887) (0.220,1.201) (0.134,1.572) (0.094,2.261)
Optimizing +R9 model parameters by 2-BFGS,EM algorithm...
Site proportion and rates:  (0.019,0.058) (0.066,0.222) (0.135,0.372) (0.110,0.545) (0.092,0.706) (0.127,0.886) (0.212,1.196) (0.137,1.548) (0.101,2.236)
Optimizing +R9 model parameters by 2-BFGS,EM algorithm...
Site proportion and rates:  (0.019,0.058) (0.066,0.222) (0.135,0.373) (0.110,0.545) (0.091,0.706) (0.127,0.886) (0.208,1.194) (0.140,1.540) (0.103,2.232)
Optimal log-likelihood: -150451.261
 10  LG+R9         150451.261   1029 302960.521   2422700.521  307503.656
Alignment state count time was 0.001 seconds.
Empirical state frequencies: 0.1056712920 0.0445519260 0.0346507125 0.0570178289 0.0147245203 0.0335849569 0.0481479918 0.0775284677 0.0352007799 0.0574853862 0.0955638032 0.0538824446 0.0193175832 0.0407977159 0.0519297053 0.0601944682 0.0647118969 0.0113209782 0.0313778114 0.0623397311 
Optimizing model LG+F+R8
1. Initial log-likelihood: -150509.9673608745 (took 0.3234786181 wall-clock sec)
Optimizing +R8 model parameters by 2-BFGS,EM algorithm...
Site proportion and rates:  (0.0220926670,0.0657095061) (0.0683823949,0.2301473474) (0.1363060482,0.3763907342) (0.1466641223,0.5791441230) (0.1613505349,0.8388594123) (0.2164498220,1.1774315726) (0.1494452562,1.5437156144) (0.0993091545,2.2536791856)
Optimizing +R8 model parameters by 2-BFGS,EM algorithm...
Site proportion and rates:  (0.0220689424,0.0657095061) (0.0680391132,0.2299172000) (0.1362220974,0.3763907342) (0.1468901766,0.5791441230) (0.1611661482,0.8388594123) (0.2166109425,1.1774315726) (0.1500497075,1.5437156144) (0.0989528723,2.2568839840)
Optimal log-likelihood: -150501.3466471852
 20  LG+F+R8       150501.347   1046 303094.693   2493418.693  307712.885
Alignment state count time was 0.001 seconds.
Empirical state frequencies: 0.1056712920 0.0445519260 0.0346507125 0.0570178289 0.0147245203 0.0335849569 0.0481479918 0.0775284677 0.0352007799 0.0574853862 0.0955638032 0.0538824446 0.0193175832 0.0407977159 0.0519297053 0.0601944682 0.0647118969 0.0113209782 0.0313778114 0.0623397311 
Optimizing model LG+F+R9
1. Initial log-likelihood: -150612.8506230568 (took 0.6134338120 wall-clock sec)
Optimizing +R9 model parameters by 2-BFGS,EM algorithm...
Site proportion and rates:  (0.0212552306,0.0606963660) (0.0630485835,0.2165695547) (0.1266887770,0.3528743163) (0.1249008261,0.5246394852) (0.1278923210,0.7270253613) (0.1446378105,0.9637648644) (0.2163543049,1.2557528003) (0.1210310240,1.7429337699) (0.0541911225,2.5561545891)
Optimizing +R9 model parameters by 2-BFGS,EM algorithm...
Site proportion and rates:  (0.0216249362,0.0612315057) (0.0657698436,0.2191105683) (0.1309054877,0.3569848011) (0.1312394857,0.5366477237) (0.1299520137,0.7486849936) (0.1275561684,0.9751856036) (0.2120767611,1.2406221694) (0.1193286092,1.6891181635) (0.0615466946,2.4277613306)
Optimizing +R9 model parameters by 2-BFGS,EM algorithm...
Site proportion and rates:  (0.0216790254,0.0613540301) (0.0662711888,0.2195490087) (0.1321799120,0.3580593614) (0.1351604479,0.5417092848) (0.1349888070,0.7621055698) (0.1135908307,0.9864028812) (0.1990929785,1.2216700111) (0.1215961939,1.6119210705) (0.0754406159,2.2890557236)
Optimizing +R9 model parameters by 2-BFGS,EM algorithm...
Site proportion and rates:  (0.0216792165,0.0614153842) (0.0664634074,0.2199883265) (0.1328606787,0.3593523994) (0.1368033675,0.5446307153) (0.1369550456,0.7686964573) (0.0978218853,0.9834466305) (0.1872066917,1.1951174132) (0.1292769696,1.5429028604) (0.0909327378,2.2142513936)
Optimizing +R9 model parameters by 2-BFGS,EM algorithm...
Site proportion and rates:  (0.0216836987,0.0615382766) (0.0665053086,0.2204285233) (0.1330722009,0.3601038016) (0.1371248546,0.5462722094) (0.1350754586,0.7702346192) (0.0841310049,0.9658986041) (0.1887427196,1.1767826748) (0.1378740583,1.5197494309) (0.0957906958,2.1987980550)
Optimizing +R9 model parameters by 2-BFGS,EM algorithm...
Site proportion and rates:  (0.0216765375,0.0615998150) (0.0664528683,0.2206489520) (0.1330549567,0.3604639055) (0.1367987386,0.5468184817) (0.1296751389,0.7679262249) (0.0755487018,0.9375428668) (0.1975259600,1.1662338953) (0.1424259655,1.5121658656) (0.0968411328,2.1965992568)
Optimizing +R9 model parameters by 2-BFGS,EM algorithm...
Site proportion and rates:  (0.0216916001,0.0617230764) (0.0664795637,0.2210904707) (0.1327573300,0.3608617177) (0.1355281481,0.5462716632) (0.1203947246,0.7610424689) (0.0746831156,0.9070955712) (0.2060733702,1.1580947075) (0.1449495445,1.5106536996) (0.0974426033,2.1965992568)
Optimizing +R9 model parameters by 2-BFGS,EM algorithm...
Site proportion and rates:  (0.0216890407,0.0617847996) (0.0664860477,0.2213115613) (0.1324960354,0.3612225795) (0.1339672152,0.5451796659) (0.1103528966,0.7525385804) (0.0810590074,0.8888482124) (0.2103102335,1.1557796760) (0.1461574916,1.5106536996) (0.0974820319,2.1990298925)
Optimizing +R9 model parameters by 2-BFGS,EM algorithm...
Site proportion and rates:  (0.0216768004,0.0618465845) (0.0663349805,0.2213115613) (0.1319690058,0.3612225795) (0.1317427772,0.5435457616) (0.1012234407,0.7411229468) (0.0915196482,0.8794044348) (0.2112982166,1.1557796760) (0.1466918951,1.5106536996) (0.0975432356,2.2012289225)
Optimizing +R9 model parameters by 2-BFGS,EM algorithm...
Site proportion and rates:  (0.0216794910,0.0619084312) (0.0662875831,0.2215328730) (0.1313055912,0.3612225795) (0.1287620064,0.5408334623) (0.0924431510,0.7269499307) (0.1033434557,0.8715213788) (0.2113226521,1.1557796760) (0.1470268312,1.5106536996) (0.0978292384,2.2012289225)
Optimizing +R9 model parameters by 2-BFGS,EM algorithm...
Site proportion and rates:  (0.0216597477,0.0619084312) (0.0660591742,0.2215328730) (0.1305090740,0.3608613568) (0.1250144902,0.5374681588) (0.0844110215,0.7097364604) (0.1154581812,0.8637089872) (0.2113909911,1.1557796760) (0.1475563473,1.5106536996) (0.0979409728,2.2034983458)
Optimizing +R9 model parameters by 2-BFGS,EM algorithm...
Site proportion and rates:  (0.0216494898,0.0619703397) (0.0658552299,0.2215328730) (0.1296428282,0.3605004954) (0.1203984049,0.5337171490) (0.0787999517,0.6913905128) (0.1262754238,0.8576811313) (0.2113125204,1.1557796760) (0.1478708395,1.5106536996) (0.0981953118,2.2034983458)
Optimizing +R9 model parameters by 2-BFGS,EM algorithm...
Site proportion and rates:  (0.0216339204,0.0619703397) (0.0656715421,0.2215328730) (0.1288320941,0.3601399948) (0.1155149815,0.5299923176) (0.0763605412,0.6755836562) (0.1344145176,0.8534012934) (0.2114569129,1.1569354557) (0.1476533016,1.5106536996) (0.0984621887,2.2034983458)
Optimizing +R9 model parameters by 2-BFGS,EM algorithm...
Site proportion and rates:  (0.0216216557,0.0619703397) (0.0655048413,0.2215328730) (0.1281708524,0.3597798547) (0.1111722974,0.5268203024) (0.0764371842,0.6644262434) (0.1389988429,0.8499928048) (0.2119114815,1.1569354557) (0.1478643981,1.5121643534) (0.0983184465,2.2058241038)
Optimizing +R9 model parameters by 2-BFGS,EM algorithm...
Site proportion and rates:  (0.0216242438,0.0620323102) (0.0654665962,0.2215328730) (0.1276894399,0.3597798547) (0.1078041477,0.5247161796) (0.0776933546,0.6577081634) (0.1413232227,0.8482936690) (0.2120211678,1.1569354557) (0.1479519171,1.5121643534) (0.0984259103,2.2058241038)
Optimal log-likelihood: -150498.6913478462
 21  LG+F+R9       150498.691   1048 303093.383   2501797.383  307720.404
Optimizing model WAG+R8
1. Initial log-likelihood: -150127.193 (took 0.390 wall-clock sec)
Optimizing +R8 model parameters by 2-BFGS,EM algorithm...
Site proportion and rates:  (0.021,0.066) (0.066,0.243) (0.136,0.395) (0.147,0.589) (0.176,0.809) (0.239,1.121) (0.128,1.501) (0.086,2.170)
Optimizing +R8 model parameters by 2-BFGS,EM algorithm...
Site proportion and rates:  (0.021,0.066) (0.066,0.245) (0.134,0.397) (0.143,0.589) (0.171,0.804) (0.233,1.111) (0.141,1.474) (0.090,2.166)
Optimizing +R8 model parameters by 2-BFGS,EM algorithm...
Site proportion and rates:  (0.021,0.066) (0.066,0.246) (0.134,0.397) (0.142,0.589) (0.170,0.803) (0.227,1.105) (0.149,1.460) (0.091,2.163)
Optimizing +R8 model parameters by 2-BFGS,EM algorithm...
Site proportion and rates:  (0.021,0.066) (0.066,0.246) (0.134,0.398) (0.141,0.589) (0.169,0.802) (0.224,1.102) (0.153,1.456) (0.092,2.163)
Optimal log-likelihood: -150081.026
 31  WAG+R8        150081.026   1027 302216.051   2413728.051  306750.356
Optimizing model WAG+R9
1. Initial log-likelihood: -150206.305 (took 0.346 wall-clock sec)
Optimizing +R9 model parameters by 2-BFGS,EM algorithm...
Site proportion and rates:  (0.017,0.058) (0.027,0.210) (0.085,0.319) (0.126,0.466) (0.165,0.685) (0.167,0.931) (0.235,1.248) (0.115,1.743) (0.062,2.448)
Optimizing +R9 model parameters by 2-BFGS,EM algorithm...
Site proportion and rates:  (0.017,0.058) (0.018,0.210) (0.066,0.295) (0.134,0.446) (0.149,0.660) (0.171,0.898) (0.250,1.241) (0.120,1.698) (0.076,2.410)
Optimizing +R9 model parameters by 2-BFGS,EM algorithm...
Site proportion and rates:  (0.017,0.058) (0.016,0.210) (0.062,0.294) (0.131,0.445) (0.142,0.655) (0.171,0.890) (0.240,1.233) (0.134,1.646) (0.087,2.396)
Optimizing +R9 model parameters by 2-BFGS,EM algorithm...
Site proportion and rates:  (0.017,0.058) (0.015,0.210) (0.062,0.296) (0.130,0.448) (0.140,0.656) (0.169,0.891) (0.229,1.228) (0.147,1.624) (0.091,2.401)
Optimizing +R9 model parameters by 2-BFGS,EM algorithm...
Site proportion and rates:  (0.017,0.058) (0.015,0.210) (0.062,0.296) (0.130,0.449) (0.139,0.657) (0.168,0.891) (0.224,1.225) (0.153,1.617) (0.092,2.404)
Optimizing +R9 model parameters by 2-BFGS,EM algorithm...
Site proportion and rates:  (0.017,0.058) (0.015,0.210) (0.062,0.297) (0.130,0.450) (0.139,0.659) (0.167,0.892) (0.222,1.225) (0.155,1.617) (0.092,2.406)
Optimal log-likelihood: -150072.709
 32  WAG+R9        150072.709   1029 302203.419   2421943.419  306746.554
Alignment state count time was 0.001 seconds.
Empirical state frequencies: 0.1056712920 0.0445519260 0.0346507125 0.0570178289 0.0147245203 0.0335849569 0.0481479918 0.0775284677 0.0352007799 0.0574853862 0.0955638032 0.0538824446 0.0193175832 0.0407977159 0.0519297053 0.0601944682 0.0647118969 0.0113209782 0.0313778114 0.0623397311 
Optimizing model WAG+F+R8
1. Initial log-likelihood: -149894.1155688235 (took 0.3216508710 wall-clock sec)
Optimizing +R8 model parameters by 2-BFGS,EM algorithm...
Site proportion and rates:  (0.0209136260,0.0685570599) (0.0672864915,0.2584512548) (0.1345810050,0.4141296864) (0.1368835947,0.6162750932) (0.1637923097,0.8314701301) (0.2249010598,1.1456640040) (0.1531624332,1.5084125489) (0.0984794800,2.2253076301)
Optimizing +R8 model parameters by 2-BFGS,EM algorithm...
Site proportion and rates:  (0.0208998037,0.0685570599) (0.0673057360,0.2587097062) (0.1344477897,0.4145438162) (0.1363985266,0.6162750932) (0.1632073307,0.8314701301) (0.2233023276,1.1445183399) (0.1540535024,1.5038918347) (0.1003849833,2.2186383806)
Optimal log-likelihood: -149890.3448705771
 42  WAG+F+R8      149890.345   1046 301872.690   2492196.690  306490.881
Alignment state count time was 0.000 seconds.
Empirical state frequencies: 0.1056712920 0.0445519260 0.0346507125 0.0570178289 0.0147245203 0.0335849569 0.0481479918 0.0775284677 0.0352007799 0.0574853862 0.0955638032 0.0538824446 0.0193175832 0.0407977159 0.0519297053 0.0601944682 0.0647118969 0.0113209782 0.0313778114 0.0623397311 
Optimizing model WAG+F+R9
1. Initial log-likelihood: -149883.1433191252 (took 0.5241668930 wall-clock sec)
Optimizing +R9 model parameters by 2-BFGS,EM algorithm...
Site proportion and rates:  (0.0165933378,0.0540870071) (0.0149620781,0.1966654667) (0.0650921309,0.2802737412) (0.1285319808,0.4223935324) (0.1350719777,0.6206301219) (0.1624558078,0.8345278847) (0.2231364476,1.1485401142) (0.1544881149,1.5091965798) (0.0996681244,2.2271213289)
Optimizing +R9 model parameters by 2-BFGS,EM algorithm...
Site proportion and rates:  (0.0165652439,0.0540870071) (0.0148718987,0.1966654667) (0.0651488349,0.2809703768) (0.1282796953,0.4233136704) (0.1342763876,0.6212507522) (0.1619151182,0.8345278847) (0.2226548898,1.1485401142) (0.1553740847,1.5091965798) (0.1009138469,2.2271213289)
Optimal log-likelihood: -149882.5294388694
 43  WAG+F+R9      149882.529   1048 301861.059   2500565.059  306488.080
Optimizing model JTT+R8
1. Initial log-likelihood: -151414.956 (took 0.442 wall-clock sec)
Optimizing +R8 model parameters by 2-BFGS,EM algorithm...
Site proportion and rates:  (0.022,0.068) (0.064,0.237) (0.137,0.400) (0.147,0.607) (0.162,0.854) (0.207,1.167) (0.158,1.561) (0.103,2.307)
Optimizing +R8 model parameters by 2-BFGS,EM algorithm...
Site proportion and rates:  (0.022,0.068) (0.064,0.236) (0.137,0.399) (0.148,0.607) (0.164,0.854) (0.212,1.172) (0.157,1.581) (0.096,2.346)
Optimizing +R8 model parameters by 2-BFGS,EM algorithm...
Site proportion and rates:  (0.022,0.068) (0.064,0.236) (0.137,0.399) (0.148,0.607) (0.165,0.854) (0.213,1.173) (0.157,1.585) (0.094,2.355)
Optimal log-likelihood: -151362.681
 53  JTT+R8        151362.681   1027 304779.363   2416291.363  309313.668
Optimizing model JTT+R9
1. Initial log-likelihood: -151407.418 (took 0.437 wall-clock sec)
Optimizing +R9 model parameters by 2-BFGS,EM algorithm...
Site proportion and rates:  (0.017,0.054) (0.021,0.195) (0.054,0.259) (0.131,0.406) (0.146,0.609) (0.162,0.855) (0.207,1.169) (0.158,1.565) (0.103,2.313)
Optimizing +R9 model parameters by 2-BFGS,EM algorithm...
Site proportion and rates:  (0.017,0.054) (0.021,0.195) (0.053,0.257) (0.133,0.405) (0.147,0.610) (0.164,0.859) (0.212,1.178) (0.157,1.590) (0.096,2.359)
Optimizing +R9 model parameters by 2-BFGS,EM algorithm...
Site proportion and rates:  (0.017,0.054) (0.020,0.195) (0.053,0.257) (0.133,0.405) (0.147,0.611) (0.165,0.860) (0.214,1.182) (0.157,1.599) (0.094,2.374)
Optimizing +R9 model parameters by 2-BFGS,EM algorithm...
Site proportion and rates:  (0.017,0.054) (0.020,0.195) (0.053,0.257) (0.133,0.406) (0.147,0.612) (0.165,0.862) (0.214,1.185) (0.157,1.602) (0.094,2.380)
Optimal log-likelihood: -151355.736
 54  JTT+R9        151355.736   1029 304769.473   2424509.473  309312.608
Alignment state count time was 0.001 seconds.
Empirical state frequencies: 0.1056712920 0.0445519260 0.0346507125 0.0570178289 0.0147245203 0.0335849569 0.0481479918 0.0775284677 0.0352007799 0.0574853862 0.0955638032 0.0538824446 0.0193175832 0.0407977159 0.0519297053 0.0601944682 0.0647118969 0.0113209782 0.0313778114 0.0623397311 
Optimizing model JTT+F+R8
1. Initial log-likelihood: -151532.3543296253 (took 0.3835741440 wall-clock sec)
Optimizing +R8 model parameters by 2-BFGS,EM algorithm...
Site proportion and rates:  (0.0226007245,0.0709472112) (0.0657090742,0.2382700425) (0.1340053999,0.3973627114) (0.1492252527,0.6078644513) (0.1596706977,0.8651535586) (0.2069614682,1.1708091075) (0.1543109323,1.5728180330) (0.1075164504,2.2921125762)
Optimizing +R8 model parameters by 2-BFGS,EM algorithm...
Site proportion and rates:  (0.0226187443,0.0709472112) (0.0649574130,0.2368122846) (0.1347767027,0.3956705793) (0.1508826623,0.6072565867) (0.1631156459,0.8677787955) (0.2075567737,1.1758246848) (0.1520968236,1.5835643715) (0.1039952346,2.3026530345)
Optimizing +R8 model parameters by 2-BFGS,EM algorithm...
Site proportion and rates:  (0.0226215966,0.0709472112) (0.0649529760,0.2368122846) (0.1347727764,0.3956705793) (0.1510113398,0.6072565867) (0.1633260257,0.8677787955) (0.2076087742,1.1758246848) (0.1519606547,1.5835643715) (0.1037458566,2.3026530345)
Optimal log-likelihood: -151481.0782601438
 64  JTT+F+R8      151481.078   1046 305054.157   2495378.157  309672.348
Alignment state count time was 0.000 seconds.
Empirical state frequencies: 0.1056712920 0.0445519260 0.0346507125 0.0570178289 0.0147245203 0.0335849569 0.0481479918 0.0775284677 0.0352007799 0.0574853862 0.0955638032 0.0538824446 0.0193175832 0.0407977159 0.0519297053 0.0601944682 0.0647118969 0.0113209782 0.0313778114 0.0623397311 
Optimizing model JTT+F+R9
1. Initial log-likelihood: -151529.3634681377 (took 0.4185185190 wall-clock sec)
Optimizing +R9 model parameters by 2-BFGS,EM algorithm...
Site proportion and rates:  (0.0169092932,0.0535549031) (0.0226498090,0.1947306862) (0.0564108249,0.2591338332) (0.1281953200,0.4042768194) (0.1481751730,0.6103849570) (0.1596903220,0.8680159625) (0.2065558809,1.1738053010) (0.1542109843,1.5766385480) (0.1072023927,2.2969449904)
Optimizing +R9 model parameters by 2-BFGS,EM algorithm...
Site proportion and rates:  (0.0169827378,0.0535549031) (0.0212224890,0.1947306862) (0.0544640625,0.2543373584) (0.1306857977,0.4015982644) (0.1500385446,0.6109953421) (0.1631247117,0.8719271670) (0.2074902546,1.1813920881) (0.1521172241,1.5909989021) (0.1038741780,2.3143972407)
Optimizing +R9 model parameters by 2-BFGS,EM algorithm...
Site proportion and rates:  (0.0169739122,0.0535549031) (0.0207295307,0.1947306862) (0.0543096742,0.2538289378) (0.1310422391,0.4015982644) (0.1502326570,0.6116063375) (0.1633736284,0.8736718935) (0.2077203087,1.1840946303) (0.1520563747,1.5944639393) (0.1035616751,2.3196731561)
Optimal log-likelihood: -151478.8568099426
 65  JTT+F+R9      151478.857   1048 305053.714   2503757.714  309680.735
WARNING: Normalizing state frequencies so that sum of them equals to 1
Optimizing model Q.pfam+R8
1. Initial log-likelihood: -150195.938 (took 0.418 wall-clock sec)
Optimizing +R8 model parameters by 2-BFGS,EM algorithm...
Site proportion and rates:  (0.020,0.068) (0.068,0.242) (0.139,0.398) (0.128,0.600) (0.155,0.849) (0.197,1.180) (0.180,1.534) (0.114,2.279)
Optimizing +R8 model parameters by 2-BFGS,EM algorithm...
Site proportion and rates:  (0.020,0.068) (0.067,0.240) (0.139,0.397) (0.130,0.600) (0.160,0.855) (0.198,1.194) (0.174,1.550) (0.111,2.293)
Optimizing +R8 model parameters by 2-BFGS,EM algorithm...
Site proportion and rates:  (0.020,0.068) (0.067,0.240) (0.139,0.397) (0.131,0.600) (0.162,0.858) (0.201,1.200) (0.171,1.556) (0.110,2.298)
Optimal log-likelihood: -150162.105
 75  Q.pfam+R8     150162.105   1027 302378.211   2413890.211  306912.515
WARNING: Normalizing state frequencies so that sum of them equals to 1
Optimizing model Q.pfam+R9
1. Initial log-likelihood: -150185.544 (took 0.421 wall-clock sec)
Optimizing +R9 model parameters by 2-BFGS,EM algorithm...
Site proportion and rates:  (0.015,0.054) (0.021,0.195) (0.062,0.269) (0.132,0.407) (0.126,0.604) (0.154,0.852) (0.195,1.182) (0.181,1.536) (0.114,2.283)
Optimizing +R9 model parameters by 2-BFGS,EM algorithm...
Site proportion and rates:  (0.015,0.054) (0.021,0.195) (0.061,0.269) (0.132,0.407) (0.128,0.607) (0.159,0.862) (0.197,1.199) (0.175,1.557) (0.111,2.304)
Optimizing +R9 model parameters by 2-BFGS,EM algorithm...
Site proportion and rates:  (0.015,0.054) (0.021,0.195) (0.061,0.269) (0.133,0.409) (0.129,0.610) (0.161,0.868) (0.200,1.209) (0.170,1.569) (0.110,2.316)
Optimizing +R9 model parameters by 2-BFGS,EM algorithm...
Site proportion and rates:  (0.015,0.054) (0.021,0.195) (0.062,0.270) (0.133,0.410) (0.130,0.613) (0.161,0.872) (0.201,1.217) (0.168,1.578) (0.109,2.325)
Optimizing +R9 model parameters by 2-BFGS,EM algorithm...
Site proportion and rates:  (0.015,0.054) (0.020,0.195) (0.062,0.271) (0.133,0.412) (0.130,0.616) (0.161,0.877) (0.201,1.224) (0.168,1.586) (0.109,2.336)
Optimizing +R9 model parameters by 2-BFGS,EM algorithm...
Site proportion and rates:  (0.015,0.054) (0.020,0.195) (0.062,0.272) (0.133,0.413) (0.130,0.618) (0.161,0.879) (0.202,1.228) (0.167,1.591) (0.109,2.345)
Optimizing +R9 model parameters by 2-BFGS,EM algorithm...
Site proportion and rates:  (0.015,0.054) (0.020,0.195) (0.062,0.273) (0.133,0.415) (0.130,0.621) (0.161,0.884) (0.202,1.233) (0.167,1.598) (0.109,2.351)
Optimizing +R9 model parameters by 2-BFGS,EM algorithm...
Site proportion and rates:  (0.015,0.054) (0.020,0.195) (0.063,0.274) (0.133,0.417) (0.130,0.623) (0.161,0.888) (0.202,1.239) (0.167,1.606) (0.109,2.364)
Optimizing +R9 model parameters by 2-BFGS,EM algorithm...
Site proportion and rates:  (0.015,0.054) (0.020,0.195) (0.063,0.275) (0.133,0.418) (0.130,0.626) (0.161,0.891) (0.202,1.243) (0.167,1.611) (0.109,2.373)
Optimizing +R9 model parameters by 2-BFGS,EM algorithm...
Site proportion and rates:  (0.015,0.054) (0.019,0.195) (0.063,0.276) (0.133,0.420) (0.130,0.629) (0.161,0.895) (0.202,1.250) (0.168,1.619) (0.109,2.384)
Optimizing +R9 model parameters by 2-BFGS,EM algorithm...
Site proportion and rates:  (0.015,0.054) (0.019,0.195) (0.063,0.277) (0.133,0.422) (0.130,0.631) (0.161,0.898) (0.202,1.253) (0.167,1.625) (0.109,2.394)
Optimizing +R9 model parameters by 2-BFGS,EM algorithm...
Site proportion and rates:  (0.015,0.054) (0.019,0.195) (0.063,0.278) (0.133,0.424) (0.130,0.634) (0.161,0.903) (0.202,1.260) (0.167,1.633) (0.109,2.405)
Optimizing +R9 model parameters by 2-BFGS,EM algorithm...
Site proportion and rates:  (0.015,0.054) (0.019,0.195) (0.064,0.279) (0.133,0.425) (0.130,0.637) (0.161,0.906) (0.202,1.264) (0.167,1.639) (0.109,2.414)
Optimizing +R9 model parameters by 2-BFGS,EM algorithm...
Site proportion and rates:  (0.015,0.054) (0.019,0.195) (0.064,0.280) (0.133,0.428) (0.130,0.640) (0.161,0.911) (0.202,1.271) (0.167,1.647) (0.109,2.425)
Optimizing +R9 model parameters by 2-BFGS,EM algorithm...
Site proportion and rates:  (0.015,0.054) (0.019,0.195) (0.064,0.281) (0.134,0.429) (0.130,0.642) (0.161,0.914) (0.202,1.275) (0.167,1.653) (0.109,2.435)
Optimizing +R9 model parameters by 2-BFGS,EM algorithm...
Site proportion and rates:  (0.015,0.054) (0.018,0.195) (0.064,0.281) (0.133,0.430) (0.130,0.644) (0.162,0.917) (0.202,1.279) (0.167,1.658) (0.109,2.441)
Optimizing +R9 model parameters by 2-BFGS,EM algorithm...
Site proportion and rates:  (0.015,0.054) (0.018,0.195) (0.064,0.282) (0.134,0.432) (0.130,0.646) (0.161,0.920) (0.202,1.283) (0.167,1.664) (0.109,2.448)
Optimizing +R9 model parameters by 2-BFGS,EM algorithm...
Site proportion and rates:  (0.015,0.054) (0.018,0.195) (0.064,0.283) (0.133,0.433) (0.130,0.648) (0.161,0.922) (0.202,1.286) (0.167,1.668) (0.109,2.456)
Optimizing +R9 model parameters by 2-BFGS,EM algorithm...
Site proportion and rates:  (0.015,0.054) (0.018,0.195) (0.065,0.284) (0.134,0.434) (0.130,0.650) (0.161,0.925) (0.202,1.290) (0.167,1.673) (0.109,2.465)
Optimizing +R9 model parameters by 2-BFGS,EM algorithm...
Site proportion and rates:  (0.015,0.054) (0.018,0.195) (0.065,0.285) (0.134,0.436) (0.130,0.652) (0.161,0.928) (0.202,1.296) (0.167,1.679) (0.109,2.471)
Optimizing +R9 model parameters by 2-BFGS,EM algorithm...
Site proportion and rates:  (0.015,0.054) (0.018,0.195) (0.065,0.285) (0.134,0.437) (0.130,0.654) (0.161,0.931) (0.202,1.299) (0.167,1.683) (0.109,2.478)
Optimizing +R9 model parameters by 2-BFGS,EM algorithm...
Site proportion and rates:  (0.015,0.054) (0.018,0.195) (0.065,0.286) (0.133,0.438) (0.130,0.655) (0.161,0.932) (0.202,1.301) (0.167,1.687) (0.109,2.486)
Optimizing +R9 model parameters by 2-BFGS,EM algorithm...
Site proportion and rates:  (0.014,0.054) (0.018,0.195) (0.065,0.286) (0.133,0.439) (0.130,0.657) (0.162,0.935) (0.202,1.306) (0.167,1.693) (0.109,2.492)
Optimizing +R9 model parameters by 2-BFGS,EM algorithm...
Site proportion and rates:  (0.014,0.054) (0.017,0.195) (0.065,0.287) (0.134,0.440) (0.130,0.659) (0.162,0.939) (0.202,1.311) (0.167,1.698) (0.109,2.499)
Optimizing +R9 model parameters by 2-BFGS,EM algorithm...
Site proportion and rates:  (0.014,0.054) (0.017,0.195) (0.065,0.288) (0.134,0.441) (0.130,0.661) (0.162,0.942) (0.202,1.315) (0.167,1.704) (0.109,2.509)
Optimizing +R9 model parameters by 2-BFGS,EM algorithm...
Site proportion and rates:  (0.014,0.054) (0.017,0.195) (0.065,0.289) (0.134,0.443) (0.130,0.663) (0.162,0.944) (0.202,1.318) (0.167,1.708) (0.109,2.516)
Optimizing +R9 model parameters by 2-BFGS,EM algorithm...
Site proportion and rates:  (0.014,0.054) (0.017,0.195) (0.066,0.289) (0.134,0.444) (0.130,0.666) (0.161,0.948) (0.202,1.323) (0.167,1.714) (0.109,2.522)
Optimizing +R9 model parameters by 2-BFGS,EM algorithm...
Site proportion and rates:  (0.014,0.054) (0.017,0.195) (0.066,0.290) (0.134,0.446) (0.130,0.667) (0.162,0.951) (0.202,1.327) (0.166,1.720) (0.109,2.529)
Optimizing +R9 model parameters by 2-BFGS,EM algorithm...
Site proportion and rates:  (0.014,0.054) (0.017,0.195) (0.066,0.291) (0.134,0.447) (0.130,0.669) (0.162,0.952) (0.202,1.330) (0.166,1.723) (0.109,2.537)
Optimizing +R9 model parameters by 2-BFGS,EM algorithm...
Site proportion and rates:  (0.014,0.054) (0.017,0.195) (0.066,0.292) (0.134,0.448) (0.130,0.671) (0.162,0.955) (0.202,1.333) (0.167,1.727) (0.109,2.544)
Optimizing +R9 model parameters by 2-BFGS,EM algorithm...
Site proportion and rates:  (0.014,0.054) (0.017,0.195) (0.066,0.292) (0.134,0.449) (0.130,0.673) (0.162,0.959) (0.202,1.337) (0.167,1.733) (0.109,2.551)
Optimizing +R9 model parameters by 2-BFGS,EM algorithm...
Site proportion and rates:  (0.014,0.054) (0.017,0.195) (0.066,0.293) (0.134,0.450) (0.130,0.674) (0.162,0.960) (0.202,1.340) (0.167,1.737) (0.109,2.558)
Optimizing +R9 model parameters by 2-BFGS,EM algorithm...
Site proportion and rates:  (0.014,0.054) (0.017,0.195) (0.066,0.294) (0.134,0.451) (0.130,0.676) (0.162,0.962) (0.202,1.344) (0.167,1.743) (0.109,2.565)
Optimizing +R9 model parameters by 2-BFGS,EM algorithm...
Site proportion and rates:  (0.014,0.054) (0.017,0.195) (0.066,0.294) (0.134,0.453) (0.130,0.678) (0.162,0.966) (0.202,1.348) (0.167,1.748) (0.109,2.572)
Optimizing +R9 model parameters by 2-BFGS,EM algorithm...
Site proportion and rates:  (0.014,0.054) (0.017,0.195) (0.066,0.295) (0.134,0.454) (0.130,0.680) (0.162,0.968) (0.202,1.351) (0.167,1.752) (0.109,2.580)
Optimizing +R9 model parameters by 2-BFGS,EM algorithm...
Site proportion and rates:  (0.014,0.054) (0.016,0.195) (0.066,0.296) (0.134,0.455) (0.130,0.682) (0.161,0.970) (0.202,1.354) (0.167,1.756) (0.109,2.586)
Optimizing +R9 model parameters by 2-BFGS,EM algorithm...
Site proportion and rates:  (0.014,0.054) (0.016,0.195) (0.066,0.297) (0.134,0.456) (0.130,0.684) (0.162,0.974) (0.202,1.360) (0.167,1.762) (0.109,2.593)
Optimizing +R9 model parameters by 2-BFGS,EM algorithm...
Site proportion and rates:  (0.014,0.054) (0.016,0.195) (0.066,0.297) (0.134,0.458) (0.130,0.685) (0.162,0.976) (0.202,1.363) (0.167,1.766) (0.109,2.600)
Optimizing +R9 model parameters by 2-BFGS,EM algorithm...
Site proportion and rates:  (0.014,0.054) (0.016,0.195) (0.066,0.298) (0.134,0.459) (0.130,0.687) (0.162,0.978) (0.202,1.365) (0.167,1.770) (0.109,2.607)
Optimal log-likelihood: -150146.869
 76  Q.pfam+R9     150146.869   1029 302351.737   2422091.737  306894.872
WARNING: Normalizing state frequencies so that sum of them equals to 1
Alignment state count time was 0.001 seconds.
Empirical state frequencies: 0.1056712920 0.0445519260 0.0346507125 0.0570178289 0.0147245203 0.0335849569 0.0481479918 0.0775284677 0.0352007799 0.0574853862 0.0955638032 0.0538824446 0.0193175832 0.0407977159 0.0519297053 0.0601944682 0.0647118969 0.0113209782 0.0313778114 0.0623397311 
Optimizing model Q.pfam+F+R8
1. Initial log-likelihood: -150468.3432018265 (took 0.4076886290 wall-clock sec)
Optimizing +R8 model parameters by 2-BFGS,EM algorithm...
Site proportion and rates:  (0.0215339078,0.0696359515) (0.0707999426,0.2454467213) (0.1319208714,0.3937886346) (0.1351215583,0.5978312293) (0.1568470427,0.8600185189) (0.1968757596,1.1928542599) (0.1768662974,1.5493031343) (0.1100346201,2.2870512562)
Optimizing +R8 model parameters by 2-BFGS,EM algorithm...
Site proportion and rates:  (0.0215522338,0.0696359515) (0.0699085005,0.2435131316) (0.1327321058,0.3915135185) (0.1389271065,0.5978312293) (0.1638511571,0.8677670747) (0.2019462038,1.2113873188) (0.1655242654,1.5710517605) (0.1055584271,2.2980580584)
Optimizing +R8 model parameters by 2-BFGS,EM algorithm...
Site proportion and rates:  (0.0215574240,0.0696359515) (0.0697998703,0.2432696184) (0.1329207179,0.3911220049) (0.1398181160,0.5984290606) (0.1660051014,0.8704735616) (0.2069287837,1.2195224439) (0.1588466376,1.5819266883) (0.1041233491,2.3005378073)
Optimizing +R8 model parameters by 2-BFGS,EM algorithm...
Site proportion and rates:  (0.0215679319,0.0696359515) (0.0698228546,0.2432696184) (0.1330610555,0.3911220049) (0.1403179501,0.5990274898) (0.1666867209,0.8722153794) (0.2091017823,1.2232384612) (0.1556963914,1.5868662641) (0.1037453135,2.3005378073)
Optimal log-likelihood: -150437.4091832804
 86  Q.pfam+F+R8   150437.409   1046 302966.818   2493290.818  307585.010
WARNING: Normalizing state frequencies so that sum of them equals to 1
Alignment state count time was 0.001 seconds.
Empirical state frequencies: 0.1056712920 0.0445519260 0.0346507125 0.0570178289 0.0147245203 0.0335849569 0.0481479918 0.0775284677 0.0352007799 0.0574853862 0.0955638032 0.0538824446 0.0193175832 0.0407977159 0.0519297053 0.0601944682 0.0647118969 0.0113209782 0.0313778114 0.0623397311 
Optimizing model Q.pfam+F+R9
1. Initial log-likelihood: -150461.2574640363 (took 0.3509974399 wall-clock sec)
Optimizing +R9 model parameters by 2-BFGS,EM algorithm...
Site proportion and rates:  (0.0161628644,0.0535549031) (0.0206968239,0.1947306862) (0.0634773146,0.2667040780) (0.1258324787,0.4005204547) (0.1339505330,0.6009238897) (0.1566762754,0.8630148502) (0.1956433537,1.1956022841) (0.1777792615,1.5521773871) (0.1097810948,2.2927486562)
Optimizing +R9 model parameters by 2-BFGS,EM algorithm...
Site proportion and rates:  (0.0162717653,0.0535549031) (0.0204449075,0.1947306862) (0.0623319987,0.2648537274) (0.1271763048,0.3990608639) (0.1375675795,0.6028027976) (0.1634523212,0.8733893845) (0.2017868826,1.2175324610) (0.1655338918,1.5789008372) (0.1054343486,2.3072077204)
Optimizing +R9 model parameters by 2-BFGS,EM algorithm...
Site proportion and rates:  (0.0162621335,0.0535549031) (0.0203594696,0.1947306862) (0.0621993833,0.2648537274) (0.1275681343,0.3990608639) (0.1389518450,0.6046860728) (0.1654819423,0.8780430505) (0.2067116141,1.2282299302) (0.1585010570,1.5926670093) (0.1039644209,2.3155566392)
Optimizing +R9 model parameters by 2-BFGS,EM algorithm...
Site proportion and rates:  (0.0162389934,0.0535549031) (0.0202089354,0.1947306862) (0.0621966294,0.2648537274) (0.1277694659,0.3994702622) (0.1394675145,0.6059171810) (0.1664126793,0.8806819556) (0.2090640889,1.2331502247) (0.1552238531,1.6014499818) (0.1034178400,2.3206899805)
Optimal log-likelihood: -150430.4836776179
 87  Q.pfam+F+R9   150430.484   1048 302956.967   2501660.967  307583.989
WARNING: Normalizing state frequencies so that sum of them equals to 1
Optimizing model Q.bird+R8
1. Initial log-likelihood: -155616.777 (took 0.514 wall-clock sec)
Optimizing +R8 model parameters by 2-BFGS,EM algorithm...
Site proportion and rates:  (0.024,0.068) (0.068,0.233) (0.117,0.378) (0.147,0.579) (0.139,0.875) (0.156,1.185) (0.189,1.546) (0.160,2.368)
Optimizing +R8 model parameters by 2-BFGS,EM algorithm...
Site proportion and rates:  (0.024,0.068) (0.063,0.227) (0.117,0.369) (0.153,0.575) (0.153,0.886) (0.166,1.228) (0.170,1.593) (0.154,2.398)
Optimizing +R8 model parameters by 2-BFGS,EM algorithm...
Site proportion and rates:  (0.024,0.068) (0.062,0.225) (0.118,0.366) (0.155,0.573) (0.165,0.895) (0.191,1.268) (0.143,1.670) (0.143,2.436)
Optimizing +R8 model parameters by 2-BFGS,EM algorithm...
Site proportion and rates:  (0.024,0.068) (0.062,0.225) (0.118,0.365) (0.156,0.572) (0.171,0.899) (0.207,1.288) (0.128,1.725) (0.134,2.457)
Optimizing +R8 model parameters by 2-BFGS,EM algorithm...
Site proportion and rates:  (0.024,0.068) (0.062,0.224) (0.118,0.365) (0.156,0.572) (0.173,0.901) (0.211,1.294) (0.124,1.742) (0.132,2.466)
Optimizing +R8 model parameters by 2-BFGS,EM algorithm...
Site proportion and rates:  (0.024,0.068) (0.062,0.224) (0.118,0.365) (0.156,0.572) (0.173,0.901) (0.212,1.294) (0.124,1.742) (0.132,2.468)
Optimal log-likelihood: -155393.795
 97  Q.bird+R8     155393.795   1027 312841.590   2424353.590  317375.894
WARNING: Normalizing state frequencies so that sum of them equals to 1
Optimizing model Q.bird+R9
1. Initial log-likelihood: -155605.048 (took 0.473 wall-clock sec)
Optimizing +R9 model parameters by 2-BFGS,EM algorithm...
Site proportion and rates:  (0.017,0.054) (0.036,0.195) (0.055,0.276) (0.105,0.393) (0.143,0.584) (0.138,0.876) (0.153,1.183) (0.192,1.544) (0.160,2.369)
Optimizing +R9 model parameters by 2-BFGS,EM algorithm...
Site proportion and rates:  (0.017,0.054) (0.037,0.195) (0.050,0.273) (0.106,0.387) (0.148,0.583) (0.152,0.891) (0.162,1.229) (0.174,1.592) (0.155,2.404)
Optimizing +R9 model parameters by 2-BFGS,EM algorithm...
Site proportion and rates:  (0.017,0.054) (0.036,0.195) (0.049,0.271) (0.107,0.386) (0.150,0.584) (0.163,0.904) (0.188,1.277) (0.145,1.677) (0.145,2.453)
Optimizing +R9 model parameters by 2-BFGS,EM algorithm...
Site proportion and rates:  (0.017,0.054) (0.036,0.195) (0.049,0.271) (0.107,0.386) (0.151,0.585) (0.170,0.912) (0.206,1.305) (0.129,1.746) (0.135,2.490)
Optimizing +R9 model parameters by 2-BFGS,EM algorithm...
Site proportion and rates:  (0.017,0.054) (0.036,0.195) (0.049,0.271) (0.108,0.386) (0.151,0.586) (0.172,0.917) (0.211,1.315) (0.124,1.769) (0.132,2.503)
Optimizing +R9 model parameters by 2-BFGS,EM algorithm...
Site proportion and rates:  (0.017,0.054) (0.035,0.195) (0.050,0.270) (0.108,0.387) (0.151,0.588) (0.173,0.919) (0.211,1.320) (0.123,1.775) (0.132,2.512)
Optimizing +R9 model parameters by 2-BFGS,EM algorithm...
Site proportion and rates:  (0.017,0.054) (0.035,0.195) (0.050,0.270) (0.108,0.388) (0.151,0.589) (0.173,0.922) (0.211,1.324) (0.123,1.781) (0.132,2.519)
Optimizing +R9 model parameters by 2-BFGS,EM algorithm...
Site proportion and rates:  (0.017,0.054) (0.034,0.195) (0.050,0.270) (0.108,0.389) (0.151,0.591) (0.173,0.924) (0.212,1.327) (0.123,1.786) (0.132,2.527)
Optimizing +R9 model parameters by 2-BFGS,EM algorithm...
Site proportion and rates:  (0.017,0.054) (0.034,0.195) (0.050,0.270) (0.109,0.389) (0.152,0.593) (0.173,0.928) (0.211,1.330) (0.123,1.790) (0.132,2.534)
Optimizing +R9 model parameters by 2-BFGS,EM algorithm...
Site proportion and rates:  (0.017,0.054) (0.033,0.195) (0.051,0.269) (0.109,0.390) (0.152,0.594) (0.173,0.930) (0.211,1.335) (0.123,1.796) (0.132,2.541)
Optimizing +R9 model parameters by 2-BFGS,EM algorithm...
Site proportion and rates:  (0.017,0.054) (0.032,0.195) (0.051,0.269) (0.109,0.391) (0.152,0.595) (0.173,0.932) (0.212,1.338) (0.123,1.802) (0.132,2.549)
Optimizing +R9 model parameters by 2-BFGS,EM algorithm...
Site proportion and rates:  (0.017,0.054) (0.032,0.195) (0.051,0.269) (0.109,0.392) (0.152,0.597) (0.173,0.935) (0.211,1.343) (0.123,1.807) (0.131,2.556)
Optimizing +R9 model parameters by 2-BFGS,EM algorithm...
Site proportion and rates:  (0.017,0.054) (0.031,0.195) (0.052,0.269) (0.109,0.393) (0.152,0.599) (0.173,0.938) (0.212,1.346) (0.123,1.813) (0.132,2.564)
Optimizing +R9 model parameters by 2-BFGS,EM algorithm...
Site proportion and rates:  (0.016,0.054) (0.031,0.195) (0.052,0.269) (0.110,0.394) (0.152,0.601) (0.173,0.941) (0.212,1.351) (0.123,1.818) (0.131,2.571)
Optimizing +R9 model parameters by 2-BFGS,EM algorithm...
Site proportion and rates:  (0.016,0.054) (0.030,0.195) (0.052,0.269) (0.110,0.395) (0.152,0.602) (0.173,0.943) (0.212,1.354) (0.123,1.823) (0.132,2.579)
Optimizing +R9 model parameters by 2-BFGS,EM algorithm...
Site proportion and rates:  (0.016,0.054) (0.030,0.195) (0.052,0.269) (0.110,0.395) (0.152,0.604) (0.173,0.946) (0.212,1.359) (0.123,1.828) (0.131,2.586)
Optimizing +R9 model parameters by 2-BFGS,EM algorithm...
Site proportion and rates:  (0.016,0.054) (0.029,0.195) (0.053,0.269) (0.110,0.396) (0.152,0.605) (0.173,0.948) (0.212,1.362) (0.123,1.834) (0.131,2.593)
Optimizing +R9 model parameters by 2-BFGS,EM algorithm...
Site proportion and rates:  (0.016,0.054) (0.029,0.195) (0.053,0.269) (0.110,0.397) (0.152,0.607) (0.173,0.951) (0.212,1.366) (0.123,1.840) (0.131,2.601)
Optimizing +R9 model parameters by 2-BFGS,EM algorithm...
Site proportion and rates:  (0.016,0.054) (0.028,0.195) (0.053,0.269) (0.110,0.398) (0.152,0.609) (0.173,0.954) (0.212,1.370) (0.123,1.844) (0.132,2.609)
Optimizing +R9 model parameters by 2-BFGS,EM algorithm...
Site proportion and rates:  (0.016,0.054) (0.028,0.195) (0.054,0.269) (0.111,0.399) (0.152,0.611) (0.173,0.957) (0.211,1.373) (0.124,1.847) (0.132,2.616)
Optimizing +R9 model parameters by 2-BFGS,EM algorithm...
Site proportion and rates:  (0.016,0.054) (0.027,0.195) (0.054,0.269) (0.111,0.400) (0.152,0.612) (0.173,0.960) (0.211,1.378) (0.123,1.853) (0.132,2.623)
Optimizing +R9 model parameters by 2-BFGS,EM algorithm...
Site proportion and rates:  (0.016,0.054) (0.027,0.195) (0.054,0.269) (0.111,0.401) (0.152,0.614) (0.173,0.962) (0.212,1.381) (0.123,1.859) (0.132,2.630)
Optimizing +R9 model parameters by 2-BFGS,EM algorithm...
Site proportion and rates:  (0.016,0.054) (0.026,0.195) (0.054,0.270) (0.111,0.402) (0.153,0.615) (0.173,0.965) (0.211,1.384) (0.124,1.863) (0.132,2.638)
Optimizing +R9 model parameters by 2-BFGS,EM algorithm...
Site proportion and rates:  (0.016,0.054) (0.026,0.195) (0.054,0.270) (0.111,0.402) (0.153,0.617) (0.173,0.967) (0.212,1.389) (0.123,1.869) (0.132,2.645)
Optimizing +R9 model parameters by 2-BFGS,EM algorithm...
Site proportion and rates:  (0.016,0.054) (0.026,0.195) (0.055,0.270) (0.111,0.403) (0.153,0.618) (0.173,0.969) (0.212,1.392) (0.123,1.875) (0.132,2.652)
Optimizing +R9 model parameters by 2-BFGS,EM algorithm...
Site proportion and rates:  (0.016,0.054) (0.025,0.195) (0.055,0.270) (0.111,0.405) (0.153,0.620) (0.173,0.973) (0.212,1.397) (0.123,1.881) (0.131,2.660)
Optimizing +R9 model parameters by 2-BFGS,EM algorithm...
Site proportion and rates:  (0.016,0.054) (0.025,0.195) (0.055,0.271) (0.111,0.405) (0.153,0.622) (0.173,0.975) (0.212,1.400) (0.123,1.885) (0.132,2.667)
Optimizing +R9 model parameters by 2-BFGS,EM algorithm...
Site proportion and rates:  (0.016,0.054) (0.025,0.195) (0.056,0.271) (0.111,0.407) (0.153,0.624) (0.173,0.978) (0.211,1.403) (0.124,1.889) (0.132,2.674)
Optimizing +R9 model parameters by 2-BFGS,EM algorithm...
Site proportion and rates:  (0.016,0.054) (0.024,0.195) (0.056,0.271) (0.112,0.407) (0.153,0.625) (0.173,0.980) (0.212,1.407) (0.124,1.895) (0.132,2.681)
Optimizing +R9 model parameters by 2-BFGS,EM algorithm...
Site proportion and rates:  (0.016,0.054) (0.024,0.195) (0.056,0.271) (0.112,0.408) (0.153,0.627) (0.173,0.983) (0.212,1.412) (0.123,1.901) (0.131,2.689)
Optimizing +R9 model parameters by 2-BFGS,EM algorithm...
Site proportion and rates:  (0.016,0.054) (0.024,0.195) (0.056,0.272) (0.112,0.409) (0.153,0.628) (0.173,0.985) (0.212,1.415) (0.123,1.905) (0.132,2.696)
Optimizing +R9 model parameters by 2-BFGS,EM algorithm...
Site proportion and rates:  (0.016,0.054) (0.023,0.195) (0.056,0.272) (0.112,0.410) (0.153,0.630) (0.173,0.989) (0.212,1.419) (0.124,1.909) (0.132,2.703)
Optimizing +R9 model parameters by 2-BFGS,EM algorithm...
Site proportion and rates:  (0.016,0.054) (0.023,0.195) (0.056,0.273) (0.112,0.411) (0.153,0.632) (0.173,0.991) (0.211,1.422) (0.123,1.913) (0.132,2.707)
Optimizing +R9 model parameters by 2-BFGS,EM algorithm...
Site proportion and rates:  (0.016,0.054) (0.023,0.195) (0.057,0.273) (0.112,0.412) (0.153,0.633) (0.173,0.993) (0.212,1.426) (0.124,1.919) (0.132,2.716)
Optimizing +R9 model parameters by 2-BFGS,EM algorithm...
Site proportion and rates:  (0.016,0.054) (0.023,0.195) (0.057,0.273) (0.112,0.413) (0.153,0.635) (0.173,0.996) (0.212,1.431) (0.123,1.925) (0.132,2.723)
Optimizing +R9 model parameters by 2-BFGS,EM algorithm...
Site proportion and rates:  (0.016,0.054) (0.022,0.195) (0.057,0.274) (0.112,0.414) (0.153,0.636) (0.173,0.998) (0.212,1.434) (0.123,1.931) (0.131,2.731)
Optimizing +R9 model parameters by 2-BFGS,EM algorithm...
Site proportion and rates:  (0.016,0.054) (0.022,0.195) (0.057,0.274) (0.112,0.415) (0.153,0.638) (0.173,1.001) (0.212,1.437) (0.123,1.935) (0.132,2.739)
Optimizing +R9 model parameters by 2-BFGS,EM algorithm...
Site proportion and rates:  (0.016,0.054) (0.022,0.195) (0.057,0.275) (0.112,0.416) (0.153,0.640) (0.173,1.004) (0.211,1.441) (0.123,1.939) (0.132,2.743)
Optimizing +R9 model parameters by 2-BFGS,EM algorithm...
Site proportion and rates:  (0.016,0.054) (0.022,0.195) (0.058,0.275) (0.112,0.417) (0.153,0.641) (0.173,1.006) (0.212,1.444) (0.124,1.945) (0.132,2.752)
Optimizing +R9 model parameters by 2-BFGS,EM algorithm...
Site proportion and rates:  (0.016,0.054) (0.021,0.195) (0.058,0.276) (0.112,0.418) (0.153,0.643) (0.173,1.008) (0.212,1.448) (0.124,1.949) (0.132,2.759)
Optimizing +R9 model parameters by 2-BFGS,EM algorithm...
Site proportion and rates:  (0.016,0.054) (0.021,0.195) (0.058,0.276) (0.112,0.419) (0.153,0.644) (0.173,1.011) (0.211,1.452) (0.123,1.953) (0.132,2.764)
Optimizing +R9 model parameters by 2-BFGS,EM algorithm...
Site proportion and rates:  (0.016,0.054) (0.021,0.195) (0.058,0.276) (0.112,0.420) (0.153,0.646) (0.173,1.014) (0.212,1.455) (0.123,1.959) (0.132,2.772)
Optimizing +R9 model parameters by 2-BFGS,EM algorithm...
Site proportion and rates:  (0.016,0.054) (0.021,0.195) (0.058,0.277) (0.112,0.421) (0.153,0.647) (0.173,1.016) (0.212,1.459) (0.124,1.963) (0.132,2.780)
Optimal log-likelihood: -155380.424
 98  Q.bird+R9     155380.424   1029 312818.848   2432558.848  317361.983
WARNING: Normalizing state frequencies so that sum of them equals to 1
Alignment state count time was 0.001 seconds.
Empirical state frequencies: 0.1056712920 0.0445519260 0.0346507125 0.0570178289 0.0147245203 0.0335849569 0.0481479918 0.0775284677 0.0352007799 0.0574853862 0.0955638032 0.0538824446 0.0193175832 0.0407977159 0.0519297053 0.0601944682 0.0647118969 0.0113209782 0.0313778114 0.0623397311 
Optimizing model Q.bird+F+R8
1. Initial log-likelihood: -155882.7573954513 (took 0.4192767839 wall-clock sec)
Optimizing +R8 model parameters by 2-BFGS,EM algorithm...
Site proportion and rates:  (0.0237863594,0.0697142518) (0.0639037941,0.2276271191) (0.1139720535,0.3670320571) (0.1456648379,0.5768714888) (0.1022990414,0.8534687694) (0.1616813392,1.1214017218) (0.2208799034,1.5807269416) (0.1678126711,2.4717237695)
Optimizing +R8 model parameters by 2-BFGS,EM algorithm...
Site proportion and rates:  (0.0237526204,0.0697142518) (0.0593881346,0.2236551707) (0.1157375095,0.3613129393) (0.1472080765,0.5733498125) (0.1012813789,0.8509109224) (0.1628953254,1.1202803200) (0.2262386144,1.5908110044) (0.1634983404,2.5097423847)
Optimizing +R8 model parameters by 2-BFGS,EM algorithm...
Site proportion and rates:  (0.0237595506,0.0697142518) (0.0593455631,0.2236551707) (0.1155921562,0.3613129393) (0.1472164456,0.5733498125) (0.1011974719,0.8509109224) (0.1631733391,1.1202803200) (0.2266258751,1.5925938338) (0.1630895985,2.5123836832)
Optimal log-likelihood: -155604.7422882657
108  Q.bird+F+R8   155604.742   1046 313301.485   2503625.485  317919.676
WARNING: Normalizing state frequencies so that sum of them equals to 1
Alignment state count time was 0.015 seconds.
Empirical state frequencies: 0.1056712920 0.0445519260 0.0346507125 0.0570178289 0.0147245203 0.0335849569 0.0481479918 0.0775284677 0.0352007799 0.0574853862 0.0955638032 0.0538824446 0.0193175832 0.0407977159 0.0519297053 0.0601944682 0.0647118969 0.0113209782 0.0313778114 0.0623397311 
Optimizing model Q.bird+F+R9
1. Initial log-likelihood: -155878.6983133067 (took 0.5999330931 wall-clock sec)
Optimizing +R9 model parameters by 2-BFGS,EM algorithm...
Site proportion and rates:  (0.0177727828,0.0568318624) (0.0442055776,0.1947306862) (0.0559782164,0.2944595227) (0.0886533664,0.3884593307) (0.1418046425,0.5791815660) (0.1021502166,0.8535523104) (0.1608400419,1.1186670862) (0.2221121586,1.5776180463) (0.1664829971,2.4719904899)
Optimizing +R9 model parameters by 2-BFGS,EM algorithm...
Site proportion and rates:  (0.0181123046,0.0568318624) (0.0455657340,0.1947306862) (0.0547871844,0.2954803571) (0.0863314036,0.3849952238) (0.1428965283,0.5759835304) (0.1021502483,0.8509942130) (0.1614690785,1.1175484190) (0.2257892435,1.5839450814) (0.1628982748,2.4979164767)
Optimizing +R9 model parameters by 2-BFGS,EM algorithm...
Site proportion and rates:  (0.0180880691,0.0568318624) (0.0455827817,0.1947306862) (0.0545811552,0.2954803571) (0.0864364254,0.3849952238) (0.1429026590,0.5759835304) (0.1019088015,0.8509942130) (0.1617079809,1.1175484190) (0.2260507161,1.5855290266) (0.1627414110,2.5004838237)
Optimal log-likelihood: -155603.9648530830
109  Q.bird+F+R9   155603.965   1048 313303.930   2512007.930  317930.951
WARNING: Normalizing state frequencies so that sum of them equals to 1
Optimizing model Q.mammal+R8
1. Initial log-likelihood: -154218.598 (took 0.311 wall-clock sec)
Optimizing +R8 model parameters by 2-BFGS,EM algorithm...
Site proportion and rates:  (0.022,0.068) (0.072,0.233) (0.121,0.378) (0.140,0.574) (0.155,0.854) (0.192,1.205) (0.156,1.584) (0.142,2.327)
Optimizing +R8 model parameters by 2-BFGS,EM algorithm...
Site proportion and rates:  (0.021,0.068) (0.066,0.226) (0.121,0.367) (0.146,0.567) (0.164,0.859) (0.210,1.230) (0.139,1.647) (0.133,2.370)
Optimizing +R8 model parameters by 2-BFGS,EM algorithm...
Site proportion and rates:  (0.021,0.068) (0.064,0.224) (0.122,0.365) (0.148,0.567) (0.167,0.862) (0.217,1.240) (0.133,1.674) (0.129,2.386)
Optimizing +R8 model parameters by 2-BFGS,EM algorithm...
Site proportion and rates:  (0.021,0.068) (0.063,0.224) (0.122,0.365) (0.148,0.567) (0.167,0.863) (0.218,1.244) (0.132,1.681) (0.128,2.392)
Optimal log-likelihood: -154076.794
119  Q.mammal+R8   154076.794   1027 310207.589   2421719.589  314741.893
WARNING: Normalizing state frequencies so that sum of them equals to 1
Optimizing model Q.mammal+R9
1. Initial log-likelihood: -154208.286 (took 0.555 wall-clock sec)
Optimizing +R9 model parameters by 2-BFGS,EM algorithm...
Site proportion and rates:  (0.017,0.054) (0.033,0.195) (0.061,0.274) (0.110,0.392) (0.136,0.578) (0.156,0.855) (0.195,1.207) (0.153,1.590) (0.140,2.327)
Optimizing +R9 model parameters by 2-BFGS,EM algorithm...
Site proportion and rates:  (0.017,0.054) (0.033,0.195) (0.056,0.270) (0.108,0.383) (0.142,0.572) (0.164,0.860) (0.212,1.232) (0.136,1.653) (0.131,2.368)
Optimizing +R9 model parameters by 2-BFGS,EM algorithm...
Site proportion and rates:  (0.017,0.054) (0.032,0.195) (0.055,0.267) (0.109,0.382) (0.143,0.572) (0.166,0.863) (0.217,1.239) (0.132,1.672) (0.128,2.381)
Optimizing +R9 model parameters by 2-BFGS,EM algorithm...
Site proportion and rates:  (0.017,0.054) (0.032,0.195) (0.054,0.267) (0.110,0.382) (0.143,0.573) (0.166,0.864) (0.218,1.242) (0.132,1.678) (0.128,2.388)
Optimal log-likelihood: -154068.210
120  Q.mammal+R9   154068.210   1029 310194.420   2429934.420  314737.555
WARNING: Normalizing state frequencies so that sum of them equals to 1
Alignment state count time was 0.001 seconds.
Empirical state frequencies: 0.1056712920 0.0445519260 0.0346507125 0.0570178289 0.0147245203 0.0335849569 0.0481479918 0.0775284677 0.0352007799 0.0574853862 0.0955638032 0.0538824446 0.0193175832 0.0407977159 0.0519297053 0.0601944682 0.0647118969 0.0113209782 0.0313778114 0.0623397311 
Optimizing model Q.mammal+F+R8
1. Initial log-likelihood: -154329.9416896090 (took 0.4095520871 wall-clock sec)
Optimizing +R8 model parameters by 2-BFGS,EM algorithm...
Site proportion and rates:  (0.0243971632,0.0721632985) (0.0715848266,0.2401338492) (0.1152563242,0.3748501803) (0.1437331198,0.5800148506) (0.1213936940,0.8622465930) (0.1510005518,1.1263700808) (0.2154269498,1.5373791699) (0.1572073707,2.3728947540)
Optimizing +R8 model parameters by 2-BFGS,EM algorithm...
Site proportion and rates:  (0.0243221198,0.0721632985) (0.0650248472,0.2349249413) (0.1176872976,0.3679458743) (0.1470780894,0.5776982685) (0.1208002347,0.8631088397) (0.1463591916,1.1237511915) (0.2215167001,1.5398958737) (0.1572115195,2.3901594489)
Optimizing +R8 model parameters by 2-BFGS,EM algorithm...
Site proportion and rates:  (0.0243107170,0.0721632985) (0.0641211009,0.2344553261) (0.1182733739,0.3675779283) (0.1473707074,0.5776982685) (0.1204305280,0.8631088397) (0.1460139498,1.1226274402) (0.2223003501,1.5398958737) (0.1571792728,2.3932422286)
Optimal log-likelihood: -154169.9226187291
130  Q.mammal+F+R8 154169.923   1046 310431.845   2500755.845  315050.037
WARNING: Normalizing state frequencies so that sum of them equals to 1
Alignment state count time was 0.001 seconds.
Empirical state frequencies: 0.1056712920 0.0445519260 0.0346507125 0.0570178289 0.0147245203 0.0335849569 0.0481479918 0.0775284677 0.0352007799 0.0574853862 0.0955638032 0.0538824446 0.0193175832 0.0407977159 0.0519297053 0.0601944682 0.0647118969 0.0113209782 0.0313778114 0.0623397311 
Optimizing model Q.mammal+F+R9
1. Initial log-likelihood: -154324.3533434138 (took 0.5282196931 wall-clock sec)
Optimizing +R9 model parameters by 2-BFGS,EM algorithm...
Site proportion and rates:  (0.0161242612,0.0535549031) (0.0395130212,0.1947306862) (0.0610131403,0.2851414098) (0.0984731131,0.3910421672) (0.1403303817,0.5838898332) (0.1200793736,0.8630981174) (0.1494070488,1.1238195191) (0.2177295248,1.5358847583) (0.1573301352,2.3757201834)
Optimizing +R9 model parameters by 2-BFGS,EM algorithm...
Site proportion and rates:  (0.0161063631,0.0535549031) (0.0413756979,0.1947306862) (0.0578065394,0.2861639098) (0.0978300165,0.3885614161) (0.1419153005,0.5833059433) (0.1197265777,0.8639612156) (0.1458136663,1.1226956995) (0.2220243475,1.5388106692) (0.1574014911,2.3905705838)
Optimizing +R9 model parameters by 2-BFGS,EM algorithm...
Site proportion and rates:  (0.0160891078,0.0535549031) (0.0412913122,0.1947306862) (0.0575559193,0.2861639098) (0.0979044068,0.3885614161) (0.1420479700,0.5833059433) (0.1195531323,0.8648251769) (0.1457481158,1.1226956995) (0.2223884848,1.5407382806) (0.1574215510,2.3936900024)
Optimal log-likelihood: -154167.1372744136
131  Q.mammal+F+R9 154167.137   1048 310430.275   2509134.275  315057.296
Optimizing model Q.insect+R8
1. Initial log-likelihood: -151848.254 (took 0.500 wall-clock sec)
Optimizing +R8 model parameters by 2-BFGS,EM algorithm...
Site proportion and rates:  (0.022,0.068) (0.075,0.241) (0.127,0.396) (0.139,0.591) (0.151,0.854) (0.193,1.189) (0.168,1.550) (0.125,2.375)
Optimizing +R8 model parameters by 2-BFGS,EM algorithm...
Site proportion and rates:  (0.022,0.068) (0.073,0.238) (0.127,0.391) (0.142,0.589) (0.158,0.860) (0.203,1.208) (0.154,1.583) (0.121,2.393)
Optimizing +R8 model parameters by 2-BFGS,EM algorithm...
Site proportion and rates:  (0.022,0.068) (0.073,0.238) (0.127,0.391) (0.143,0.589) (0.161,0.864) (0.210,1.219) (0.146,1.605) (0.118,2.407)
Optimizing +R8 model parameters by 2-BFGS,EM algorithm...
Site proportion and rates:  (0.022,0.068) (0.073,0.238) (0.127,0.391) (0.144,0.590) (0.162,0.867) (0.213,1.225) (0.143,1.615) (0.116,2.413)
Optimal log-likelihood: -151744.013
141  Q.insect+R8   151744.013   1027 305542.025   2417054.025  310076.330
Optimizing model Q.insect+R9
1. Initial log-likelihood: -151838.562 (took 0.459 wall-clock sec)
Optimizing +R9 model parameters by 2-BFGS,EM algorithm...
Site proportion and rates:  (0.017,0.054) (0.026,0.195) (0.065,0.267) (0.120,0.405) (0.136,0.596) (0.150,0.857) (0.191,1.191) (0.170,1.551) (0.125,2.381)
Optimizing +R9 model parameters by 2-BFGS,EM algorithm...
Site proportion and rates:  (0.017,0.054) (0.026,0.195) (0.064,0.266) (0.120,0.404) (0.139,0.597) (0.157,0.867) (0.201,1.216) (0.155,1.591) (0.121,2.406)
Optimizing +R9 model parameters by 2-BFGS,EM algorithm...
Site proportion and rates:  (0.017,0.054) (0.025,0.195) (0.064,0.266) (0.121,0.404) (0.140,0.598) (0.160,0.874) (0.209,1.231) (0.146,1.618) (0.118,2.427)
Optimizing +R9 model parameters by 2-BFGS,EM algorithm...
Site proportion and rates:  (0.017,0.054) (0.025,0.195) (0.064,0.266) (0.121,0.405) (0.141,0.600) (0.162,0.878) (0.212,1.239) (0.142,1.633) (0.116,2.439)
Optimizing +R9 model parameters by 2-BFGS,EM algorithm...
Site proportion and rates:  (0.017,0.054) (0.025,0.195) (0.064,0.266) (0.121,0.406) (0.141,0.602) (0.162,0.881) (0.213,1.243) (0.141,1.639) (0.116,2.449)
Optimizing +R9 model parameters by 2-BFGS,EM algorithm...
Site proportion and rates:  (0.017,0.054) (0.024,0.195) (0.065,0.267) (0.121,0.407) (0.141,0.604) (0.163,0.884) (0.213,1.248) (0.141,1.644) (0.116,2.455)
Optimizing +R9 model parameters by 2-BFGS,EM algorithm...
Site proportion and rates:  (0.017,0.054) (0.024,0.195) (0.065,0.267) (0.121,0.408) (0.141,0.605) (0.163,0.886) (0.213,1.252) (0.141,1.649) (0.116,2.462)
Optimizing +R9 model parameters by 2-BFGS,EM algorithm...
Site proportion and rates:  (0.017,0.054) (0.024,0.195) (0.065,0.268) (0.121,0.409) (0.141,0.607) (0.163,0.889) (0.213,1.256) (0.141,1.655) (0.116,2.469)
Optimizing +R9 model parameters by 2-BFGS,EM algorithm...
Site proportion and rates:  (0.016,0.054) (0.023,0.195) (0.065,0.268) (0.121,0.410) (0.141,0.609) (0.163,0.891) (0.213,1.258) (0.141,1.658) (0.116,2.476)
Optimizing +R9 model parameters by 2-BFGS,EM algorithm...
Site proportion and rates:  (0.016,0.054) (0.023,0.195) (0.066,0.268) (0.121,0.412) (0.141,0.611) (0.163,0.894) (0.213,1.262) (0.141,1.663) (0.116,2.482)
Optimizing +R9 model parameters by 2-BFGS,EM algorithm...
Site proportion and rates:  (0.016,0.054) (0.023,0.195) (0.066,0.269) (0.121,0.413) (0.141,0.612) (0.163,0.896) (0.213,1.265) (0.141,1.669) (0.116,2.490)
Optimizing +R9 model parameters by 2-BFGS,EM algorithm...
Site proportion and rates:  (0.016,0.054) (0.023,0.195) (0.066,0.269) (0.121,0.413) (0.141,0.614) (0.163,0.898) (0.213,1.268) (0.141,1.672) (0.116,2.496)
Optimizing +R9 model parameters by 2-BFGS,EM algorithm...
Site proportion and rates:  (0.016,0.054) (0.022,0.195) (0.066,0.270) (0.121,0.415) (0.141,0.616) (0.162,0.900) (0.213,1.271) (0.141,1.676) (0.116,2.503)
Optimizing +R9 model parameters by 2-BFGS,EM algorithm...
Site proportion and rates:  (0.016,0.054) (0.022,0.195) (0.066,0.270) (0.121,0.416) (0.141,0.617) (0.163,0.903) (0.213,1.276) (0.141,1.681) (0.116,2.509)
Optimizing +R9 model parameters by 2-BFGS,EM algorithm...
Site proportion and rates:  (0.016,0.054) (0.022,0.195) (0.067,0.271) (0.121,0.417) (0.141,0.619) (0.163,0.906) (0.213,1.280) (0.141,1.686) (0.116,2.516)
Optimizing +R9 model parameters by 2-BFGS,EM algorithm...
Site proportion and rates:  (0.016,0.054) (0.022,0.195) (0.067,0.272) (0.121,0.418) (0.141,0.620) (0.163,0.908) (0.213,1.282) (0.141,1.691) (0.116,2.524)
Optimizing +R9 model parameters by 2-BFGS,EM algorithm...
Site proportion and rates:  (0.016,0.054) (0.021,0.195) (0.067,0.272) (0.122,0.419) (0.141,0.623) (0.163,0.911) (0.213,1.287) (0.141,1.697) (0.116,2.531)
Optimizing +R9 model parameters by 2-BFGS,EM algorithm...
Site proportion and rates:  (0.016,0.054) (0.021,0.195) (0.067,0.273) (0.122,0.420) (0.141,0.624) (0.163,0.913) (0.213,1.290) (0.141,1.700) (0.116,2.538)
Optimizing +R9 model parameters by 2-BFGS,EM algorithm...
Site proportion and rates:  (0.016,0.054) (0.021,0.195) (0.068,0.273) (0.122,0.421) (0.141,0.625) (0.162,0.914) (0.213,1.291) (0.141,1.702) (0.116,2.542)
Optimal log-likelihood: -151733.467
142  Q.insect+R9   151733.467   1029 305524.935   2425264.935  310068.070
Alignment state count time was 0.000 seconds.
Empirical state frequencies: 0.1056712920 0.0445519260 0.0346507125 0.0570178289 0.0147245203 0.0335849569 0.0481479918 0.0775284677 0.0352007799 0.0574853862 0.0955638032 0.0538824446 0.0193175832 0.0407977159 0.0519297053 0.0601944682 0.0647118969 0.0113209782 0.0313778114 0.0623397311 
Optimizing model Q.insect+F+R8
1. Initial log-likelihood: -151889.7658477120 (took 0.5299631580 wall-clock sec)
Optimizing +R8 model parameters by 2-BFGS,EM algorithm...
Site proportion and rates:  (0.0233456673,0.0705550441) (0.0759045519,0.2409621858) (0.1177807064,0.3915863561) (0.1476667657,0.5909807919) (0.1417786065,0.8585697211) (0.1927482518,1.1806937334) (0.1796008794,1.5633617361) (0.1211745710,2.4135949851)
Optimizing +R8 model parameters by 2-BFGS,EM algorithm...
Site proportion and rates:  (0.0234157396,0.0705550441) (0.0748332345,0.2384112896) (0.1180237644,0.3878805180) (0.1521562873,0.5892837471) (0.1535253360,0.8715607355) (0.2008491811,1.2104757138) (0.1646282429,1.6050952926) (0.1125682143,2.4533539730)
Optimizing +R8 model parameters by 2-BFGS,EM algorithm...
Site proportion and rates:  (0.0234496559,0.0705550441) (0.0748022825,0.2378023614) (0.1184364034,0.3869912060) (0.1543433650,0.5904984818) (0.1622533831,0.8819385805) (0.2088511883,1.2344507652) (0.1500496884,1.6390799400) (0.1078140334,2.4680345666)
Optimizing +R8 model parameters by 2-BFGS,EM algorithm...
Site proportion and rates:  (0.0234751584,0.0705550441) (0.0749603850,0.2375645589) (0.1190106231,0.3869912060) (0.1553086102,0.5910889804) (0.1667674979,0.8867505737) (0.2145764574,1.2478941427) (0.1407606190,1.6605173619) (0.1051406489,2.4760984112)
Optimizing +R8 model parameters by 2-BFGS,EM algorithm...
Site proportion and rates:  (0.0234898416,0.0705550441) (0.0750452545,0.2375645589) (0.1190288505,0.3869912060) (0.1554361886,0.5910889804) (0.1680263978,0.8876373244) (0.2173991184,1.2506137391) (0.1372182127,1.6663895340) (0.1043561359,2.4788263720)
Optimal log-likelihood: -151814.6962662592
152  Q.insect+F+R8 151814.696   1046 305721.393   2496045.393  310339.584
Alignment state count time was 0.000 seconds.
Empirical state frequencies: 0.1056712920 0.0445519260 0.0346507125 0.0570178289 0.0147245203 0.0335849569 0.0481479918 0.0775284677 0.0352007799 0.0574853862 0.0955638032 0.0538824446 0.0193175832 0.0407977159 0.0519297053 0.0601944682 0.0647118969 0.0113209782 0.0313778114 0.0623397311 
Optimizing model Q.insect+F+R9
1. Initial log-likelihood: -151888.5564371952 (took 0.3619360420 wall-clock sec)
Optimizing +R9 model parameters by 2-BFGS,EM algorithm...
Site proportion and rates:  (0.0195279311,0.0592908781) (0.0187906825,0.1947306862) (0.0675439111,0.2561661320) (0.1135483541,0.3976869860) (0.1462738126,0.5933442671) (0.1420549153,0.8604926433) (0.1923129972,1.1823146342) (0.1796261008,1.5652127249) (0.1203212953,2.4164237050)
Optimizing +R9 model parameters by 2-BFGS,EM algorithm...
Site proportion and rates:  (0.0198487590,0.0595283980) (0.0167229457,0.1947306862) (0.0659080806,0.2503377276) (0.1154703100,0.3921201921) (0.1513269924,0.5917730690) (0.1546035719,0.8753329394) (0.2016243230,1.2162239655) (0.1626887680,1.6124743884) (0.1118062494,2.4598672386)
Optimizing +R9 model parameters by 2-BFGS,EM algorithm...
Site proportion and rates:  (0.0199527848,0.0595879265) (0.0161551892,0.1947306862) (0.0660331449,0.2495144025) (0.1163297345,0.3917280718) (0.1535878868,0.5935816143) (0.1632769269,0.8867426253) (0.2100515527,1.2418431737) (0.1474992928,1.6491984381) (0.1071134874,2.4784080481)
Optimizing +R9 model parameters by 2-BFGS,EM algorithm...
Site proportion and rates:  (0.0199749488,0.0595879265) (0.0160378151,0.1947306862) (0.0660983949,0.2492648880) (0.1167744558,0.3917280718) (0.1545360802,0.5947693713) (0.1671316249,0.8915707080) (0.2155720892,1.2544988212) (0.1391950560,1.6691432978) (0.1046795352,2.4888929360)
Optimizing +R9 model parameters by 2-BFGS,EM algorithm...
Site proportion and rates:  (0.0199830092,0.0596475146) (0.0159383384,0.1947306862) (0.0660769837,0.2492648880) (0.1168764101,0.3917280718) (0.1546943110,0.5953641408) (0.1678155871,0.8924622788) (0.2176653220,1.2570932988) (0.1367739881,1.6752421887) (0.1041760504,2.4914316952)
Optimal log-likelihood: -151813.3416039233
153  Q.insect+F+R9 151813.342   1048 305722.683   2504426.683  310349.705
WARNING: Normalizing state frequencies so that sum of them equals to 1
Optimizing model Q.plant+R8
1. Initial log-likelihood: -152801.892 (took 0.489 wall-clock sec)
Optimizing +R8 model parameters by 2-BFGS,EM algorithm...
Site proportion and rates:  (0.022,0.068) (0.062,0.233) (0.127,0.387) (0.125,0.582) (0.138,0.849) (0.154,1.147) (0.219,1.551) (0.152,2.370)
Optimizing +R8 model parameters by 2-BFGS,EM algorithm...
Site proportion and rates:  (0.022,0.068) (0.059,0.230) (0.124,0.382) (0.129,0.578) (0.139,0.849) (0.150,1.146) (0.226,1.556) (0.151,2.391)
Optimizing +R8 model parameters by 2-BFGS,EM algorithm...
Site proportion and rates:  (0.022,0.068) (0.058,0.230) (0.124,0.382) (0.129,0.578) (0.138,0.849) (0.150,1.146) (0.226,1.558) (0.152,2.394)
Optimal log-likelihood: -152645.073
163  Q.plant+R8    152645.073   1027 307344.145   2418856.145  311878.450
WARNING: Normalizing state frequencies so that sum of them equals to 1
Optimizing model Q.plant+R9
1. Initial log-likelihood: -152792.525 (took 0.574 wall-clock sec)
Optimizing +R9 model parameters by 2-BFGS,EM algorithm...
Site proportion and rates:  (0.017,0.054) (0.026,0.195) (0.051,0.263) (0.121,0.397) (0.122,0.586) (0.137,0.848) (0.153,1.144) (0.222,1.548) (0.151,2.368)
Optimizing +R9 model parameters by 2-BFGS,EM algorithm...
Site proportion and rates:  (0.017,0.054) (0.024,0.195) (0.048,0.257) (0.120,0.391) (0.126,0.583) (0.137,0.849) (0.150,1.143) (0.227,1.556) (0.152,2.394)
Optimizing +R9 model parameters by 2-BFGS,EM algorithm...
Site proportion and rates:  (0.017,0.054) (0.023,0.195) (0.048,0.257) (0.119,0.392) (0.126,0.583) (0.136,0.851) (0.150,1.145) (0.229,1.562) (0.152,2.406)
Optimizing +R9 model parameters by 2-BFGS,EM algorithm...
Site proportion and rates:  (0.017,0.054) (0.023,0.195) (0.048,0.257) (0.119,0.392) (0.127,0.585) (0.136,0.853) (0.149,1.147) (0.229,1.564) (0.152,2.409)
Optimal log-likelihood: -152637.727
164  Q.plant+R9    152637.727   1029 307333.454   2427073.454  311876.589
WARNING: Normalizing state frequencies so that sum of them equals to 1
Alignment state count time was 0.001 seconds.
Empirical state frequencies: 0.1056712920 0.0445519260 0.0346507125 0.0570178289 0.0147245203 0.0335849569 0.0481479918 0.0775284677 0.0352007799 0.0574853862 0.0955638032 0.0538824446 0.0193175832 0.0407977159 0.0519297053 0.0601944682 0.0647118969 0.0113209782 0.0313778114 0.0623397311 
Optimizing model Q.plant+F+R8
1. Initial log-likelihood: -152864.5036411876 (took 0.3187300250 wall-clock sec)
Optimizing +R8 model parameters by 2-BFGS,EM algorithm...
Site proportion and rates:  (0.0223329566,0.0682626838) (0.0609711779,0.2340724361) (0.1249684035,0.3846523020) (0.1340962609,0.5922716332) (0.1264968563,0.8574981026) (0.1615910608,1.1521317728) (0.2167187047,1.5658986641) (0.1528245792,2.3854660146)
Optimizing +R8 model parameters by 2-BFGS,EM algorithm...
Site proportion and rates:  (0.0222578261,0.0682626838) (0.0583757520,0.2307422304) (0.1246659156,0.3798334117) (0.1371281263,0.5896966501) (0.1325925873,0.8631517529) (0.1601501676,1.1671213114) (0.2164004620,1.5819634818) (0.1484291631,2.4135984143)
Optimizing +R8 model parameters by 2-BFGS,EM algorithm...
Site proportion and rates:  (0.0222737762,0.0682626838) (0.0582789183,0.2307422304) (0.1245791734,0.3798334117) (0.1382523208,0.5902863469) (0.1379737326,0.8701505847) (0.1627633836,1.1850105399) (0.2110248708,1.5985647827) (0.1448538242,2.4275229500)
Optimizing +R8 model parameters by 2-BFGS,EM algorithm...
Site proportion and rates:  (0.0222753489,0.0682626838) (0.0583008857,0.2305114881) (0.1250966889,0.3798334117) (0.1393973269,0.5914675101) (0.1438231792,0.8785773505) (0.1671029305,1.2066385540) (0.2036407013,1.6200758706) (0.1403629387,2.4486625905)
Optimizing +R8 model parameters by 2-BFGS,EM algorithm...
Site proportion and rates:  (0.0223046365,0.0682626838) (0.0584804361,0.2305114881) (0.1255201893,0.3798334117) (0.1408551206,0.5932816974) (0.1511282649,0.8885849570) (0.1735352758,1.2336556324) (0.1939582688,1.6500138043) (0.1342178080,2.4753688997)
Optimizing +R8 model parameters by 2-BFGS,EM algorithm...
Site proportion and rates:  (0.0223326950,0.0682626838) (0.0586828763,0.2302232634) (0.1263912698,0.3798334117) (0.1427386740,0.5951765915) (0.1593503800,0.9003865518) (0.1818910113,1.2645504653) (0.1821511640,1.6884284598) (0.1264619297,2.5090600571)
Optimizing +R8 model parameters by 2-BFGS,EM algorithm...
Site proportion and rates:  (0.0223675650,0.0682626838) (0.0589208918,0.2299930400) (0.1273535807,0.3798334117) (0.1448673310,0.5983985604) (0.1663755088,0.9114075094) (0.1894903434,1.2910894687) (0.1712496915,1.7236992718) (0.1193750879,2.5383189007)
Optimizing +R8 model parameters by 2-BFGS,EM algorithm...
Site proportion and rates:  (0.0223818009,0.0682626838) (0.0591165711,0.2297630469) (0.1284067582,0.3806086142) (0.1465969376,0.6010158943) (0.1703641671,0.9197633383) (0.1940173163,1.3080314715) (0.1638366919,1.7457328880) (0.1152797570,2.5536266298)
Optimizing +R8 model parameters by 2-BFGS,EM algorithm...
Site proportion and rates:  (0.0223983803,0.0682626838) (0.0593847260,0.2299974461) (0.1289756499,0.3809892229) (0.1473343641,0.6029333994) (0.1719272500,0.9231933666) (0.1961842106,1.3151202285) (0.1602100179,1.7548421897) (0.1135854013,2.5592434094)
Optimal log-likelihood: -152719.5625780724
174  Q.plant+F+R8  152719.563   1046 307531.125   2497855.125  312149.317
WARNING: Normalizing state frequencies so that sum of them equals to 1
Alignment state count time was 0.001 seconds.
Empirical state frequencies: 0.1056712920 0.0445519260 0.0346507125 0.0570178289 0.0147245203 0.0335849569 0.0481479918 0.0775284677 0.0352007799 0.0574853862 0.0955638032 0.0538824446 0.0193175832 0.0407977159 0.0519297053 0.0601944682 0.0647118969 0.0113209782 0.0313778114 0.0623397311 
Optimizing model Q.plant+F+R9
1. Initial log-likelihood: -152859.7718875782 (took 0.3601987561 wall-clock sec)
Optimizing +R9 model parameters by 2-BFGS,EM algorithm...
Site proportion and rates:  (0.0177242974,0.0535549031) (0.0210120189,0.1947306862) (0.0518626188,0.2548826803) (0.1201287627,0.3915160693) (0.1323189003,0.5952656783) (0.1255967300,0.8585980552) (0.1600203885,1.1506897211) (0.2190066561,1.5653627375) (0.1523296273,2.3885134236)
Optimizing +R9 model parameters by 2-BFGS,EM algorithm...
Site proportion and rates:  (0.0178591056,0.0535549031) (0.0193378076,0.1947306862) (0.0490235328,0.2489003750) (0.1213310420,0.3864493407) (0.1354839075,0.5940757421) (0.1312588508,0.8660731548) (0.1590722413,1.1680174644) (0.2177018481,1.5841364932) (0.1489316644,2.4185025688)
Optimizing +R9 model parameters by 2-BFGS,EM algorithm...
Site proportion and rates:  (0.0178623479,0.0535549031) (0.0189358453,0.1947306862) (0.0488244130,0.2484028229) (0.1215515652,0.3864493407) (0.1367369430,0.5946698179) (0.1368590718,0.8742845718) (0.1618495984,1.1880888033) (0.2119591275,1.6031837464) (0.1454210878,2.4360500899)
Optimizing +R9 model parameters by 2-BFGS,EM algorithm...
Site proportion and rates:  (0.0178539817,0.0535549031) (0.0188585414,0.1947306862) (0.0487843918,0.2484028229) (0.1218575394,0.3864493407) (0.1381020261,0.5971027572) (0.1430771414,0.8839986626) (0.1663359096,1.2122052193) (0.2042649771,1.6274551569) (0.1408654914,2.4607163474)
Optimizing +R9 model parameters by 2-BFGS,EM algorithm...
Site proportion and rates:  (0.0178591493,0.0535549031) (0.0188414044,0.1947306862) (0.0489935079,0.2484028229) (0.1226127481,0.3872226260) (0.1396071861,0.5995273871) (0.1506767561,0.8962232259) (0.1730804797,1.2428383904) (0.1939407414,1.6614892198) (0.1343880270,2.4922695250)
Optimizing +R9 model parameters by 2-BFGS,EM algorithm...
Site proportion and rates:  (0.0178839513,0.0535549031) (0.0189205452,0.1947306862) (0.0493032244,0.2486512259) (0.1235264007,0.3879974587) (0.1415959399,0.6035737986) (0.1595932970,0.9104848329) (0.1821718922,1.2784397848) (0.1810738597,1.7059910379) (0.1259308895,2.5326601411)
Optimizing +R9 model parameters by 2-BFGS,EM algorithm...
Site proportion and rates:  (0.0179095376,0.0535549031) (0.0191001060,0.1947306862) (0.0497435999,0.2491633695) (0.1248209223,0.3895762742) (0.1438601348,0.6085411417) (0.1666131733,0.9243768808) (0.1899933339,1.3085516567) (0.1695094576,1.7458084623) (0.1184497347,2.5668953581)
Optimizing +R9 model parameters by 2-BFGS,EM algorithm...
Site proportion and rates:  (0.0179112252,0.0535549031) (0.0191732157,0.1947306862) (0.0503498992,0.2499562090) (0.1259699487,0.3911369187) (0.1455030705,0.6132067377) (0.1703034043,0.9338881946) (0.1941504544,1.3273901294) (0.1621168519,1.7698084245) (0.1145219301,2.5847898210)
Optimizing +R9 model parameters by 2-BFGS,EM algorithm...
Site proportion and rates:  (0.0178944301,0.0535549031) (0.0191587347,0.1947306862) (0.0507937846,0.2504599630) (0.1266951400,0.3927627204) (0.1464122592,0.6165229230) (0.1715062008,0.9409142325) (0.1957729463,1.3361090359) (0.1587693356,1.7815892385) (0.1129971688,2.5928552525)
Optimizing +R9 model parameters by 2-BFGS,EM algorithm...
Site proportion and rates:  (0.0178673150,0.0535549031) (0.0191130853,0.1947306862) (0.0512937783,0.2512738453) (0.1270276442,0.3939958554) (0.1465797431,0.6189927167) (0.1717214655,0.9438223648) (0.1961202554,1.3404793829) (0.1576281053,1.7854032493) (0.1126486080,2.5991679730)
Optimal log-likelihood: -152715.9487877404
175  Q.plant+F+R9  152715.949   1048 307527.898   2506231.898  312154.919
WARNING: Normalizing state frequencies so that sum of them equals to 1
Optimizing model Q.yeast+R8
1. Initial log-likelihood: -151712.562 (took 0.410 wall-clock sec)
Optimizing +R8 model parameters by 2-BFGS,EM algorithm...
Site proportion and rates:  (0.024,0.070) (0.070,0.242) (0.138,0.402) (0.134,0.599) (0.145,0.848) (0.213,1.186) (0.156,1.543) (0.120,2.382)
Optimizing +R8 model parameters by 2-BFGS,EM algorithm...
Site proportion and rates:  (0.024,0.070) (0.069,0.239) (0.138,0.399) (0.138,0.598) (0.149,0.854) (0.222,1.199) (0.146,1.571) (0.115,2.408)
Optimizing +R8 model parameters by 2-BFGS,EM algorithm...
Site proportion and rates:  (0.024,0.070) (0.069,0.239) (0.138,0.399) (0.138,0.598) (0.150,0.856) (0.227,1.206) (0.141,1.585) (0.113,2.419)
Optimizing +R8 model parameters by 2-BFGS,EM algorithm...
Site proportion and rates:  (0.024,0.070) (0.069,0.239) (0.138,0.399) (0.138,0.598) (0.151,0.856) (0.229,1.208) (0.139,1.590) (0.112,2.425)
Optimal log-likelihood: -151608.047
185  Q.yeast+R8    151608.047   1027 305270.094   2416782.094  309804.399
WARNING: Normalizing state frequencies so that sum of them equals to 1
Optimizing model Q.yeast+R9
1. Initial log-likelihood: -151702.833 (took 0.597 wall-clock sec)
Optimizing +R9 model parameters by 2-BFGS,EM algorithm...
Site proportion and rates:  (0.018,0.054) (0.024,0.195) (0.060,0.266) (0.133,0.410) (0.132,0.603) (0.144,0.851) (0.213,1.189) (0.156,1.547) (0.120,2.389)
Optimizing +R9 model parameters by 2-BFGS,EM algorithm...
Site proportion and rates:  (0.018,0.054) (0.024,0.195) (0.059,0.264) (0.133,0.409) (0.135,0.604) (0.148,0.859) (0.221,1.206) (0.145,1.579) (0.115,2.420)
Optimizing +R9 model parameters by 2-BFGS,EM algorithm...
Site proportion and rates:  (0.018,0.054) (0.024,0.195) (0.060,0.264) (0.133,0.409) (0.136,0.606) (0.150,0.863) (0.226,1.215) (0.140,1.596) (0.113,2.436)
Optimizing +R9 model parameters by 2-BFGS,EM algorithm...
Site proportion and rates:  (0.018,0.054) (0.024,0.195) (0.060,0.264) (0.134,0.410) (0.137,0.608) (0.150,0.866) (0.228,1.220) (0.138,1.605) (0.112,2.445)
Optimal log-likelihood: -151598.632
186  Q.yeast+R9    151598.632   1029 305255.264   2424995.264  309798.399
WARNING: Normalizing state frequencies so that sum of them equals to 1
Alignment state count time was 0.001 seconds.
Empirical state frequencies: 0.1056712920 0.0445519260 0.0346507125 0.0570178289 0.0147245203 0.0335849569 0.0481479918 0.0775284677 0.0352007799 0.0574853862 0.0955638032 0.0538824446 0.0193175832 0.0407977159 0.0519297053 0.0601944682 0.0647118969 0.0113209782 0.0313778114 0.0623397311 
Optimizing model Q.yeast+F+R8
1. Initial log-likelihood: -151500.9740212762 (took 0.4037543010 wall-clock sec)
Optimizing +R8 model parameters by 2-BFGS,EM algorithm...
Site proportion and rates:  (0.0241794652,0.0711302056) (0.0712583884,0.2402546399) (0.1272692147,0.3940480193) (0.1524729078,0.5992645127) (0.1509962968,0.8774630824) (0.2120084014,1.2228678413) (0.1533802239,1.5993581165) (0.1084351018,2.4379543626)
Optimizing +R8 model parameters by 2-BFGS,EM algorithm...
Site proportion and rates:  (0.0242858327,0.0711302056) (0.0705616082,0.2380874000) (0.1276333988,0.3907784528) (0.1552266530,0.5974685161) (0.1537212111,0.8774630824) (0.2250752203,1.2316233788) (0.1413186621,1.6301253289) (0.1021774138,2.4599317445)
Optimizing +R8 model parameters by 2-BFGS,EM algorithm...
Site proportion and rates:  (0.0242819414,0.0711302056) (0.0704300520,0.2378493125) (0.1274967882,0.3903876742) (0.1553499812,0.5968710475) (0.1540541285,0.8774630824) (0.2279615083,1.2340878574) (0.1387042716,1.6336739428) (0.1017213288,2.4625625871)
Optimal log-likelihood: -151421.8260042459
196  Q.yeast+F+R8  151421.826   1046 304935.652   2495259.652  309553.843
WARNING: Normalizing state frequencies so that sum of them equals to 1
Alignment state count time was 0.000 seconds.
Empirical state frequencies: 0.1056712920 0.0445519260 0.0346507125 0.0570178289 0.0147245203 0.0335849569 0.0481479918 0.0775284677 0.0352007799 0.0574853862 0.0955638032 0.0538824446 0.0193175832 0.0407977159 0.0519297053 0.0601944682 0.0647118969 0.0113209782 0.0313778114 0.0623397311 
Optimizing model Q.yeast+F+R9
1. Initial log-likelihood: -151496.6670790017 (took 0.4357238590 wall-clock sec)
Optimizing +R9 model parameters by 2-BFGS,EM algorithm...
Site proportion and rates:  (0.0181167243,0.0553298314) (0.0223876650,0.1947306862) (0.0605624688,0.2573115647) (0.1235148325,0.4001719567) (0.1515344510,0.6029993977) (0.1510766001,0.8816282431) (0.2124780548,1.2280513100) (0.1526599664,1.6069650273) (0.1076692370,2.4474778997)
Optimizing +R9 model parameters by 2-BFGS,EM algorithm...
Site proportion and rates:  (0.0183191665,0.0553298314) (0.0216946304,0.1947306862) (0.0594165393,0.2537275926) (0.1246772310,0.3968107506) (0.1540009827,0.6017940017) (0.1534669252,0.8825215665) (0.2256627560,1.2393001915) (0.1407725723,1.6385583043) (0.1019891966,2.4750480760)
Optimizing +R9 model parameters by 2-BFGS,EM algorithm...
Site proportion and rates:  (0.0183252146,0.0553298314) (0.0213629296,0.1947306862) (0.0594635478,0.2537275926) (0.1245783562,0.3968107506) (0.1541516829,0.6017940017) (0.1538377561,0.8834264212) (0.2281109009,1.2417800314) (0.1384478330,1.6443194291) (0.1017217789,2.4776376008)
Optimal log-likelihood: -151418.0961673035
197  Q.yeast+F+R9  151418.096   1048 304932.192   2503636.192  309559.214
Optimizing model JTTDCMut+R8
1. Initial log-likelihood: -151403.007 (took 0.372 wall-clock sec)
Optimizing +R8 model parameters by 2-BFGS,EM algorithm...
Site proportion and rates:  (0.022,0.068) (0.063,0.236) (0.138,0.400) (0.147,0.608) (0.162,0.854) (0.208,1.168) (0.157,1.563) (0.103,2.301)
Optimizing +R8 model parameters by 2-BFGS,EM algorithm...
Site proportion and rates:  (0.022,0.068) (0.062,0.235) (0.138,0.398) (0.148,0.607) (0.164,0.854) (0.214,1.174) (0.156,1.586) (0.096,2.347)
Optimizing +R8 model parameters by 2-BFGS,EM algorithm...
Site proportion and rates:  (0.022,0.068) (0.062,0.235) (0.138,0.398) (0.148,0.607) (0.165,0.855) (0.216,1.176) (0.156,1.593) (0.093,2.361)
Optimal log-likelihood: -151352.469
207  JTTDCMut+R8   151352.469   1027 304758.938   2416270.938  309293.242
Optimizing model JTTDCMut+R9
1. Initial log-likelihood: -151395.600 (took 0.490 wall-clock sec)
Optimizing +R9 model parameters by 2-BFGS,EM algorithm...
Site proportion and rates:  (0.017,0.054) (0.021,0.195) (0.053,0.258) (0.133,0.405) (0.146,0.610) (0.162,0.855) (0.208,1.170) (0.157,1.566) (0.103,2.308)
Optimizing +R9 model parameters by 2-BFGS,EM algorithm...
Site proportion and rates:  (0.017,0.054) (0.020,0.195) (0.052,0.256) (0.134,0.404) (0.147,0.611) (0.165,0.858) (0.214,1.180) (0.156,1.595) (0.095,2.360)
Optimizing +R9 model parameters by 2-BFGS,EM algorithm...
Site proportion and rates:  (0.017,0.054) (0.020,0.195) (0.052,0.256) (0.134,0.405) (0.147,0.612) (0.165,0.860) (0.216,1.184) (0.156,1.604) (0.093,2.376)
Optimizing +R9 model parameters by 2-BFGS,EM algorithm...
Site proportion and rates:  (0.017,0.054) (0.020,0.195) (0.052,0.256) (0.135,0.405) (0.147,0.613) (0.165,0.862) (0.216,1.187) (0.156,1.609) (0.092,2.384)
Optimal log-likelihood: -151345.631
208  JTTDCMut+R9   151345.631   1029 304749.262   2424489.262  309292.397
Alignment state count time was 0.000 seconds.
Empirical state frequencies: 0.1056712920 0.0445519260 0.0346507125 0.0570178289 0.0147245203 0.0335849569 0.0481479918 0.0775284677 0.0352007799 0.0574853862 0.0955638032 0.0538824446 0.0193175832 0.0407977159 0.0519297053 0.0601944682 0.0647118969 0.0113209782 0.0313778114 0.0623397311 
Optimizing model JTTDCMut+F+R8
1. Initial log-likelihood: -151516.2718798285 (took 0.3906880030 wall-clock sec)
Optimizing +R8 model parameters by 2-BFGS,EM algorithm...
Site proportion and rates:  (0.0223070849,0.0704080740) (0.0642880824,0.2372890805) (0.1357965326,0.3967422351) (0.1488985191,0.6086451761) (0.1592130928,0.8653844876) (0.2078494816,1.1717389453) (0.1538242940,1.5748029886) (0.1078229127,2.2913943487)
Optimizing +R8 model parameters by 2-BFGS,EM algorithm...
Site proportion and rates:  (0.0223271648,0.0704080740) (0.0634982244,0.2357330056) (0.1365067665,0.3949483065) (0.1506128550,0.6080365308) (0.1629310656,0.8671848114) (0.2089151719,1.1769330690) (0.1514938800,1.5859929173) (0.1037148719,2.3022269469)
Optimizing +R8 model parameters by 2-BFGS,EM algorithm...
Site proportion and rates:  (0.0223340804,0.0704080740) (0.0635286665,0.2357330056) (0.1365248663,0.3949483065) (0.1505707550,0.6080365308) (0.1631100043,0.8671848114) (0.2093372660,1.1769330690) (0.1513234613,1.5875789103) (0.1032709002,2.3048485652)
Optimal log-likelihood: -151466.7447763802
218  JTTDCMut+F+R8 151466.745   1046 305025.490   2495349.490  309643.681
Alignment state count time was 0.015 seconds.
Empirical state frequencies: 0.1056712920 0.0445519260 0.0346507125 0.0570178289 0.0147245203 0.0335849569 0.0481479918 0.0775284677 0.0352007799 0.0574853862 0.0955638032 0.0538824446 0.0193175832 0.0407977159 0.0519297053 0.0601944682 0.0647118969 0.0113209782 0.0313778114 0.0623397311 
Optimizing model JTTDCMut+F+R9
1. Initial log-likelihood: -151513.4239382583 (took 0.5818457430 wall-clock sec)
Optimizing +R9 model parameters by 2-BFGS,EM algorithm...
Site proportion and rates:  (0.0168876672,0.0535549031) (0.0226007410,0.1947306862) (0.0552704730,0.2590814780) (0.1294647259,0.4037380383) (0.1478488573,0.6115441960) (0.1593385384,0.8679564538) (0.2075715765,1.1745012244) (0.1535719388,1.5784411628) (0.1074454819,2.2956757289)
Optimizing +R9 model parameters by 2-BFGS,EM algorithm...
Site proportion and rates:  (0.0169665589,0.0535549031) (0.0210516134,0.1947306862) (0.0530141868,0.2535679097) (0.1324281146,0.4008684535) (0.1497897553,0.6121557403) (0.1627615749,0.8719005553) (0.2088245418,1.1822768089) (0.1515089037,1.5941305189) (0.1036547508,2.3133460073)
Optimizing +R9 model parameters by 2-BFGS,EM algorithm...
Site proportion and rates:  (0.0169619981,0.0535549031) (0.0205253832,0.1947306862) (0.0528561857,0.2530610273) (0.1328395649,0.4008684535) (0.1499892361,0.6127678962) (0.1630805727,0.8736889485) (0.2092161284,1.1850102172) (0.1513881259,1.5991817771) (0.1031428050,2.3198639256)
Optimal log-likelihood: -151464.6504620778
219  JTTDCMut+F+R9 151464.650   1048 305025.301   2503729.301  309652.323
Optimizing model DCMut+R8
1. Initial log-likelihood: -152082.297 (took 0.380 wall-clock sec)
Optimizing +R8 model parameters by 2-BFGS,EM algorithm...
Site proportion and rates:  (0.024,0.072) (0.069,0.249) (0.122,0.414) (0.151,0.602) (0.167,0.858) (0.206,1.149) (0.157,1.545) (0.104,2.413)
Optimizing +R8 model parameters by 2-BFGS,EM algorithm...
Site proportion and rates:  (0.024,0.072) (0.069,0.248) (0.122,0.413) (0.154,0.601) (0.172,0.862) (0.207,1.157) (0.151,1.560) (0.100,2.426)
Optimizing +R8 model parameters by 2-BFGS,EM algorithm...
Site proportion and rates:  (0.024,0.072) (0.069,0.248) (0.122,0.412) (0.154,0.601) (0.174,0.863) (0.208,1.161) (0.149,1.565) (0.100,2.429)
Optimal log-likelihood: -152032.363
229  DCMut+R8      152032.363   1027 306118.726   2417630.726  310653.030
Optimizing model DCMut+R9
1. Initial log-likelihood: -152075.752 (took 0.565 wall-clock sec)
Optimizing +R9 model parameters by 2-BFGS,EM algorithm...
Site proportion and rates:  (0.017,0.054) (0.029,0.195) (0.058,0.281) (0.116,0.428) (0.147,0.608) (0.165,0.861) (0.204,1.151) (0.159,1.548) (0.104,2.420)
Optimizing +R9 model parameters by 2-BFGS,EM algorithm...
Site proportion and rates:  (0.017,0.054) (0.032,0.195) (0.059,0.286) (0.116,0.431) (0.148,0.612) (0.171,0.870) (0.205,1.165) (0.152,1.568) (0.100,2.438)
Optimizing +R9 model parameters by 2-BFGS,EM algorithm...
Site proportion and rates:  (0.017,0.054) (0.032,0.195) (0.060,0.288) (0.117,0.434) (0.148,0.615) (0.172,0.874) (0.206,1.170) (0.148,1.575) (0.100,2.444)
Optimal log-likelihood: -152025.623
230  DCMut+R9      152025.623   1029 306109.246   2425849.246  310652.380
Alignment state count time was 0.001 seconds.
Empirical state frequencies: 0.1056712920 0.0445519260 0.0346507125 0.0570178289 0.0147245203 0.0335849569 0.0481479918 0.0775284677 0.0352007799 0.0574853862 0.0955638032 0.0538824446 0.0193175832 0.0407977159 0.0519297053 0.0601944682 0.0647118969 0.0113209782 0.0313778114 0.0623397311 
Optimizing model DCMut+F+R8
1. Initial log-likelihood: -151892.2336811343 (took 0.3887503240 wall-clock sec)
Optimizing +R8 model parameters by 2-BFGS,EM algorithm...
Site proportion and rates:  (0.0236218338,0.0746649670) (0.0691232856,0.2483580594) (0.1203959529,0.4092051141) (0.1474252157,0.6005522577) (0.1642061903,0.8690868134) (0.1936807309,1.1575730327) (0.1668552757,1.5438903892) (0.1146915151,2.4009848058)
Optimizing +R8 model parameters by 2-BFGS,EM algorithm...
Site proportion and rates:  (0.0237444610,0.0746649670) (0.0691770069,0.2468774676) (0.1212173378,0.4068431556) (0.1499162750,0.5999517054) (0.1755125431,0.8760354294) (0.1911682147,1.1755280489) (0.1586839131,1.5634530763) (0.1105802484,2.4150827147)
Optimizing +R8 model parameters by 2-BFGS,EM algorithm...
Site proportion and rates:  (0.0237612038,0.0746649670) (0.0691462176,0.2466305900) (0.1212997775,0.4064363124) (0.1504896323,0.5999517054) (0.1793134265,0.8786661650) (0.1936248623,1.1832433848) (0.1539081221,1.5763593758) (0.1084567580,2.4271566460)
Optimizing +R8 model parameters by 2-BFGS,EM algorithm...
Site proportion and rates:  (0.0237617629,0.0746649670) (0.0691453902,0.2463839593) (0.1214345982,0.4064363124) (0.1506185495,0.5999517054) (0.1803096056,0.8786661650) (0.1950988926,1.1856110550) (0.1521667772,1.5817338209) (0.1074644239,2.4324082473)
Optimal log-likelihood: -151837.0401278388
240  DCMut+F+R8    151837.040   1046 305766.080   2496090.080  310384.272
Alignment state count time was 0.000 seconds.
Empirical state frequencies: 0.1056712920 0.0445519260 0.0346507125 0.0570178289 0.0147245203 0.0335849569 0.0481479918 0.0775284677 0.0352007799 0.0574853862 0.0955638032 0.0538824446 0.0193175832 0.0407977159 0.0519297053 0.0601944682 0.0647118969 0.0113209782 0.0313778114 0.0623397311 
Optimizing model DCMut+F+R9
1. Initial log-likelihood: -151884.5358862673 (took 0.3558529570 wall-clock sec)
Optimizing +R9 model parameters by 2-BFGS,EM algorithm...
Site proportion and rates:  (0.0157835212,0.0535549031) (0.0246284386,0.1947306862) (0.0594113336,0.2706346785) (0.1155866298,0.4191417764) (0.1454029442,0.6053697114) (0.1614375661,0.8729142770) (0.1929461813,1.1592534281) (0.1698650066,1.5479434753) (0.1149383786,2.4122452179)
Optimizing +R9 model parameters by 2-BFGS,EM algorithm...
Site proportion and rates:  (0.0158425937,0.0535549031) (0.0254225762,0.1947306862) (0.0589177450,0.2706346785) (0.1161577349,0.4180251641) (0.1479973742,0.6072105408) (0.1738468732,0.8838883013) (0.1900034949,1.1831789972) (0.1605263030,1.5730048476) (0.1112853050,2.4327462271)
Optimizing +R9 model parameters by 2-BFGS,EM algorithm...
Site proportion and rates:  (0.0158413093,0.0535549031) (0.0252790476,0.1947306862) (0.0589556255,0.2706346785) (0.1163876182,0.4184431894) (0.1488072193,0.6090339950) (0.1782421766,0.8886156970) (0.1925696456,1.1955742700) (0.1549556833,1.5900423066) (0.1089616745,2.4518867287)
Optimizing +R9 model parameters by 2-BFGS,EM algorithm...
Site proportion and rates:  (0.0158345433,0.0535549031) (0.0249919588,0.1947306862) (0.0590690901,0.2706346785) (0.1166560908,0.4188616327) (0.1491900264,0.6102784140) (0.1796919519,0.8914281375) (0.1942485305,1.2018476696) (0.1525217593,1.6014074197) (0.1077960489,2.4611270880)
Optimal log-likelihood: -151831.1221682586
241  DCMut+F+R9    151831.122   1048 305758.244   2504462.244  310385.266
Optimizing model VT+R8
1. Initial log-likelihood: -150676.844 (took 0.313 wall-clock sec)
Optimizing +R8 model parameters by 2-BFGS,EM algorithm...
Site proportion and rates:  (0.020,0.068) (0.073,0.254) (0.138,0.418) (0.143,0.618) (0.161,0.840) (0.215,1.137) (0.162,1.490) (0.088,2.184)
Optimizing +R8 model parameters by 2-BFGS,EM algorithm...
Site proportion and rates:  (0.020,0.068) (0.073,0.255) (0.139,0.418) (0.143,0.619) (0.160,0.842) (0.212,1.137) (0.164,1.488) (0.088,2.184)
Optimizing +R8 model parameters by 2-BFGS,EM algorithm...
Site proportion and rates:  (0.020,0.068) (0.073,0.255) (0.139,0.418) (0.143,0.619) (0.160,0.842) (0.212,1.137) (0.164,1.488) (0.088,2.184)
Optimal log-likelihood: -150657.271
251  VT+R8         150657.271   1027 303368.543   2414880.543  307902.847
Optimizing model VT+R9
1. Initial log-likelihood: -150666.827 (took 0.430 wall-clock sec)
Optimizing +R9 model parameters by 2-BFGS,EM algorithm...
Site proportion and rates:  (0.016,0.054) (0.017,0.195) (0.071,0.281) (0.131,0.428) (0.140,0.623) (0.158,0.841) (0.213,1.135) (0.164,1.489) (0.089,2.183)
Optimizing +R9 model parameters by 2-BFGS,EM algorithm...
Site proportion and rates:  (0.016,0.054) (0.017,0.195) (0.072,0.282) (0.132,0.430) (0.141,0.627) (0.157,0.846) (0.209,1.138) (0.167,1.489) (0.089,2.189)
Optimizing +R9 model parameters by 2-BFGS,EM algorithm...
Site proportion and rates:  (0.016,0.054) (0.017,0.195) (0.072,0.283) (0.132,0.431) (0.141,0.628) (0.157,0.848) (0.209,1.140) (0.168,1.490) (0.089,2.192)
Optimal log-likelihood: -150646.814
252  VT+R9         150646.814   1029 303351.629   2423091.629  307894.764
Alignment state count time was 0.001 seconds.
Empirical state frequencies: 0.1056712920 0.0445519260 0.0346507125 0.0570178289 0.0147245203 0.0335849569 0.0481479918 0.0775284677 0.0352007799 0.0574853862 0.0955638032 0.0538824446 0.0193175832 0.0407977159 0.0519297053 0.0601944682 0.0647118969 0.0113209782 0.0313778114 0.0623397311 
Optimizing model VT+F+R8
1. Initial log-likelihood: -150710.2686022281 (took 0.3733756540 wall-clock sec)
Optimizing +R8 model parameters by 2-BFGS,EM algorithm...
Site proportion and rates:  (0.0216068432,0.0713731430) (0.0768970964,0.2607120073) (0.1332226305,0.4185796856) (0.1441861802,0.6184007956) (0.1546110966,0.8398888819) (0.2160081762,1.1315494934) (0.1574676480,1.4750086558) (0.0960003290,2.1159018208)
Optimizing +R8 model parameters by 2-BFGS,EM algorithm...
Site proportion and rates:  (0.0221341638,0.0731576917) (0.0780424825,0.2631002386) (0.1326288283,0.4204202362) (0.1445620423,0.6202687655) (0.1529889191,0.8408012775) (0.2121555182,1.1292875257) (0.1597174503,1.4676483474) (0.0977705955,2.1074509001)
Optimizing +R8 model parameters by 2-BFGS,EM algorithm...
Site proportion and rates:  (0.0222219478,0.0733773846) (0.0783180693,0.2636267024) (0.1324581447,0.4208406565) (0.1445393750,0.6202687655) (0.1528664890,0.8408012775) (0.2116926060,1.1292875257) (0.1599578097,1.4676483474) (0.0979455585,2.1074509001)
Optimal log-likelihood: -150697.0319799657
262  VT+F+R8       150697.032   1046 303486.064   2493810.064  308104.255
Alignment state count time was 0.001 seconds.
Empirical state frequencies: 0.1056712920 0.0445519260 0.0346507125 0.0570178289 0.0147245203 0.0335849569 0.0481479918 0.0775284677 0.0352007799 0.0574853862 0.0955638032 0.0538824446 0.0193175832 0.0407977159 0.0519297053 0.0601944682 0.0647118969 0.0113209782 0.0313778114 0.0623397311 
Optimizing model VT+F+R9
1. Initial log-likelihood: -150703.2908880055 (took 0.3716119231 wall-clock sec)
Optimizing +R9 model parameters by 2-BFGS,EM algorithm...
Site proportion and rates:  (0.0159527766,0.0535549031) (0.0164773136,0.1947306862) (0.0754919527,0.2807940553) (0.1268549052,0.4283533860) (0.1419274712,0.6234826605) (0.1527396620,0.8429034864) (0.2144167223,1.1334712816) (0.1593438153,1.4759838218) (0.0967953811,2.1209438106)
Optimizing +R9 model parameters by 2-BFGS,EM algorithm...
Site proportion and rates:  (0.0158594177,0.0535549031) (0.0163368392,0.1947306862) (0.0763086843,0.2823087175) (0.1269819868,0.4311220874) (0.1424611089,0.6273393002) (0.1504060461,0.8465056764) (0.2105050533,1.1334712816) (0.1626430529,1.4745078379) (0.0984978110,2.1233434089)
Optimizing +R9 model parameters by 2-BFGS,EM algorithm...
Site proportion and rates:  (0.0158318103,0.0535549031) (0.0162868594,0.1947306862) (0.0765567043,0.2830180010) (0.1270859781,0.4324220361) (0.1425041699,0.6292871699) (0.1498385795,0.8483431997) (0.2092220536,1.1346735464) (0.1636453501,1.4745078379) (0.0990284947,2.1254667524)
Optimal log-likelihood: -150689.1756858397
263  VT+F+R9       150689.176   1048 303474.351   2502178.351  308101.373
Optimizing model PMB+R8
1. Initial log-likelihood: -151894.041 (took 0.378 wall-clock sec)
Optimizing +R8 model parameters by 2-BFGS,EM algorithm...
Site proportion and rates:  (0.019,0.068) (0.083,0.261) (0.136,0.412) (0.135,0.613) (0.160,0.831) (0.215,1.140) (0.147,1.436) (0.105,1.953)
Optimizing +R8 model parameters by 2-BFGS,EM algorithm...
Site proportion and rates:  (0.018,0.068) (0.083,0.263) (0.136,0.414) (0.134,0.615) (0.157,0.830) (0.200,1.128) (0.152,1.400) (0.121,1.927)
Optimizing +R8 model parameters by 2-BFGS,EM algorithm...
Site proportion and rates:  (0.018,0.068) (0.083,0.263) (0.136,0.414) (0.132,0.615) (0.154,0.828) (0.190,1.118) (0.160,1.383) (0.126,1.918)
Optimizing +R8 model parameters by 2-BFGS,EM algorithm...
Site proportion and rates:  (0.018,0.068) (0.083,0.263) (0.136,0.415) (0.131,0.615) (0.152,0.825) (0.183,1.110) (0.168,1.373) (0.128,1.916)
Optimizing +R8 model parameters by 2-BFGS,EM algorithm...
Site proportion and rates:  (0.018,0.068) (0.083,0.263) (0.136,0.415) (0.130,0.615) (0.151,0.823) (0.179,1.104) (0.174,1.369) (0.129,1.916)
Optimal log-likelihood: -151856.134
273  PMB+R8        151856.134   1027 305766.267   2417278.267  310300.572
Optimizing model PMB+R9
1. Initial log-likelihood: -151886.001 (took 0.542 wall-clock sec)
Optimizing +R9 model parameters by 2-BFGS,EM algorithm...
Site proportion and rates:  (0.014,0.054) (0.020,0.195) (0.084,0.289) (0.124,0.425) (0.132,0.618) (0.157,0.832) (0.211,1.137) (0.148,1.427) (0.109,1.946)
Optimizing +R9 model parameters by 2-BFGS,EM algorithm...
Site proportion and rates:  (0.014,0.054) (0.020,0.195) (0.085,0.293) (0.123,0.430) (0.129,0.622) (0.153,0.833) (0.194,1.127) (0.157,1.396) (0.124,1.929)
Optimizing +R9 model parameters by 2-BFGS,EM algorithm...
Site proportion and rates:  (0.014,0.054) (0.020,0.195) (0.086,0.294) (0.123,0.432) (0.129,0.623) (0.151,0.832) (0.184,1.118) (0.166,1.383) (0.127,1.927)
Optimizing +R9 model parameters by 2-BFGS,EM algorithm...
Site proportion and rates:  (0.013,0.054) (0.020,0.195) (0.086,0.294) (0.123,0.433) (0.128,0.624) (0.149,0.831) (0.179,1.114) (0.173,1.379) (0.129,1.929)
Optimizing +R9 model parameters by 2-BFGS,EM algorithm...
Site proportion and rates:  (0.013,0.054) (0.020,0.195) (0.086,0.295) (0.123,0.433) (0.127,0.625) (0.149,0.831) (0.176,1.111) (0.178,1.377) (0.130,1.931)
Optimal log-likelihood: -151846.978
274  PMB+R9        151846.978   1029 305751.957   2425491.957  310295.091
Alignment state count time was 0.001 seconds.
Empirical state frequencies: 0.1056712920 0.0445519260 0.0346507125 0.0570178289 0.0147245203 0.0335849569 0.0481479918 0.0775284677 0.0352007799 0.0574853862 0.0955638032 0.0538824446 0.0193175832 0.0407977159 0.0519297053 0.0601944682 0.0647118969 0.0113209782 0.0313778114 0.0623397311 
Optimizing model PMB+F+R8
1. Initial log-likelihood: -151434.7305745700 (took 0.4461144310 wall-clock sec)
Optimizing +R8 model parameters by 2-BFGS,EM algorithm...
Site proportion and rates:  (0.0212804290,0.0774575364) (0.0854582171,0.2690878376) (0.1319434347,0.4171984495) (0.1379350522,0.6186968956) (0.1569683064,0.8326167509) (0.2124638720,1.1401637258) (0.1473812651,1.4365312868) (0.1065694234,1.9773723498)
Optimizing +R8 model parameters by 2-BFGS,EM algorithm...
Site proportion and rates:  (0.0229841566,0.0838167451) (0.0883660233,0.2759483876) (0.1287579676,0.4222386266) (0.1372546776,0.6214035356) (0.1540792395,0.8334493678) (0.1990450277,1.1307475314) (0.1527641937,1.4067926363) (0.1167487139,1.9563341976)
Optimizing +R8 model parameters by 2-BFGS,EM algorithm...
Site proportion and rates:  (0.0234234352,0.0851085380) (0.0899942926,0.2781120096) (0.1273775738,0.4239965833) (0.1370393624,0.6226469642) (0.1519093963,0.8334493678) (0.1902576234,1.1228560041) (0.1603932437,1.3937166121) (0.1196050727,1.9504710617)
Optimizing +R8 model parameters by 2-BFGS,EM algorithm...
Site proportion and rates:  (0.0234700781,0.0852788404) (0.0902635597,0.2783901217) (0.1270240195,0.4244205800) (0.1366647448,0.6226469642) (0.1508779061,0.8326159183) (0.1851167603,1.1183713124) (0.1661290293,1.3881501020) (0.1204539021,1.9485205906)
Optimal log-likelihood: -151404.3647836382
284  PMB+F+R8      151404.365   1046 304900.730   2495224.730  309518.921
Alignment state count time was 0.015 seconds.
Empirical state frequencies: 0.1056712920 0.0445519260 0.0346507125 0.0570178289 0.0147245203 0.0335849569 0.0481479918 0.0775284677 0.0352007799 0.0574853862 0.0955638032 0.0538824446 0.0193175832 0.0407977159 0.0519297053 0.0601944682 0.0647118969 0.0113209782 0.0313778114 0.0623397311 
Optimizing model PMB+F+R9
1. Initial log-likelihood: -151427.3973838411 (took 0.5735142061 wall-clock sec)
Optimizing +R9 model parameters by 2-BFGS,EM algorithm...
Site proportion and rates:  (0.0140466555,0.0535549031) (0.0183451406,0.1947306862) (0.0857108397,0.2887417876) (0.1234303650,0.4278081666) (0.1355996141,0.6236187145) (0.1552265090,0.8351067540) (0.2079725185,1.1395314450) (0.1499071026,1.4304322178) (0.1097612549,1.9757753356)
Optimizing +R9 model parameters by 2-BFGS,EM algorithm...
Site proportion and rates:  (0.0139171975,0.0535549031) (0.0182584301,0.1947306862) (0.0873493690,0.2915241898) (0.1226541260,0.4318930848) (0.1349902528,0.6276773909) (0.1518660168,0.8379343528) (0.1932685777,1.1315786145) (0.1589269863,1.4077708257) (0.1187690438,1.9673752132)
Optimizing +R9 model parameters by 2-BFGS,EM algorithm...
Site proportion and rates:  (0.0138742422,0.0535549031) (0.0181624397,0.1947306862) (0.0876041411,0.2922175595) (0.1225197418,0.4332971778) (0.1346529369,0.6291265159) (0.1504081594,0.8387722873) (0.1854528926,1.1270590846) (0.1665674731,1.4007460347) (0.1207579732,1.9673752132)
Optimizing +R9 model parameters by 2-BFGS,EM algorithm...
Site proportion and rates:  (0.0138411752,0.0535549031) (0.0181003879,0.1947306862) (0.0876226020,0.2929730769) (0.1224793865,0.4341642057) (0.1343857754,0.6305294210) (0.1494188307,0.8396110597) (0.1814440148,1.1259320254) (0.1713230523,1.3979459431) (0.1213847751,1.9700125155)
Optimizing +R9 model parameters by 2-BFGS,EM algorithm...
Site proportion and rates:  (0.0138118634,0.0535549031) (0.0180338032,0.1947306862) (0.0876769480,0.2936335346) (0.1224478394,0.4351082544) (0.1340400570,0.6318607798) (0.1487676412,0.8404506708) (0.1787235674,1.1248060933) (0.1744046240,1.3979459431) (0.1220936565,1.9729355279)
Optimal log-likelihood: -151396.1596143640
285  PMB+F+R9      151396.160   1048 304888.319   2503592.319  309515.341
Optimizing model Blosum62+R8
1. Initial log-likelihood: -151878.342 (took 0.340 wall-clock sec)
Optimizing +R8 model parameters by 2-BFGS,EM algorithm...
Site proportion and rates:  (0.020,0.071) (0.082,0.263) (0.129,0.416) (0.144,0.612) (0.148,0.834) (0.223,1.141) (0.160,1.478) (0.094,2.059)
Optimizing +R8 model parameters by 2-BFGS,EM algorithm...
Site proportion and rates:  (0.020,0.072) (0.083,0.265) (0.128,0.417) (0.145,0.613) (0.147,0.835) (0.219,1.138) (0.159,1.464) (0.100,2.035)
Optimizing +R8 model parameters by 2-BFGS,EM algorithm...
Site proportion and rates:  (0.020,0.073) (0.084,0.266) (0.128,0.418) (0.145,0.613) (0.146,0.835) (0.216,1.137) (0.158,1.458) (0.103,2.025)
Optimal log-likelihood: -151848.379
295  Blosum62+R8   151848.379   1027 305750.759   2417262.759  310285.063
Optimizing model Blosum62+R9
1. Initial log-likelihood: -151871.136 (took 0.407 wall-clock sec)
Optimizing +R9 model parameters by 2-BFGS,EM algorithm...
Site proportion and rates:  (0.014,0.054) (0.018,0.195) (0.080,0.284) (0.122,0.426) (0.142,0.616) (0.147,0.837) (0.221,1.142) (0.160,1.476) (0.096,2.056)
Optimizing +R9 model parameters by 2-BFGS,EM algorithm...
Site proportion and rates:  (0.014,0.054) (0.018,0.195) (0.081,0.286) (0.122,0.428) (0.143,0.619) (0.145,0.840) (0.216,1.143) (0.159,1.467) (0.102,2.038)
Optimizing +R9 model parameters by 2-BFGS,EM algorithm...
Site proportion and rates:  (0.014,0.054) (0.018,0.195) (0.081,0.286) (0.121,0.429) (0.142,0.620) (0.145,0.841) (0.215,1.143) (0.160,1.465) (0.104,2.038)
Optimal log-likelihood: -151840.376
296  Blosum62+R9   151840.376   1029 305738.753   2425478.753  310281.888
Alignment state count time was 0.016 seconds.
Empirical state frequencies: 0.1056712920 0.0445519260 0.0346507125 0.0570178289 0.0147245203 0.0335849569 0.0481479918 0.0775284677 0.0352007799 0.0574853862 0.0955638032 0.0538824446 0.0193175832 0.0407977159 0.0519297053 0.0601944682 0.0647118969 0.0113209782 0.0313778114 0.0623397311 
Optimizing model Blosum62+F+R8
1. Initial log-likelihood: -151501.1270492128 (took 0.4550643280 wall-clock sec)
Optimizing +R8 model parameters by 2-BFGS,EM algorithm...
Site proportion and rates:  (0.0227639453,0.0815799803) (0.0841751265,0.2716854238) (0.1251177661,0.4216549575) (0.1456679321,0.6144813911) (0.1453228109,0.8287277933) (0.2169811804,1.1304828334) (0.1597927041,1.4536491615) (0.1001785345,2.0436441976)
Optimizing +R8 model parameters by 2-BFGS,EM algorithm...
Site proportion and rates:  (0.0228624748,0.0819886974) (0.0859992474,0.2736484597) (0.1243199207,0.4243237108) (0.1452397881,0.6164145459) (0.1422970992,0.8287277933) (0.2105266550,1.1248417122) (0.1623443836,1.4366862167) (0.1064104311,2.0289587225)
Optimizing +R8 model parameters by 2-BFGS,EM algorithm...
Site proportion and rates:  (0.0228549956,0.0820706862) (0.0859603726,0.2736484597) (0.1242086357,0.4243237108) (0.1453302075,0.6164145459) (0.1417520745,0.8287277933) (0.2081877870,1.1237168704) (0.1639848938,1.4338142808) (0.1077210333,2.0249028338)
Optimal log-likelihood: -151475.5052948300
306  Blosum62+F+R8 151475.505   1046 305043.011   2495367.011  309661.202
Alignment state count time was 0.000 seconds.
Empirical state frequencies: 0.1056712920 0.0445519260 0.0346507125 0.0570178289 0.0147245203 0.0335849569 0.0481479918 0.0775284677 0.0352007799 0.0574853862 0.0955638032 0.0538824446 0.0193175832 0.0407977159 0.0519297053 0.0601944682 0.0647118969 0.0113209782 0.0313778114 0.0623397311 
Optimizing model Blosum62+F+R9
1. Initial log-likelihood: -151496.5769064607 (took 0.4318891719 wall-clock sec)
Optimizing +R9 model parameters by 2-BFGS,EM algorithm...
Site proportion and rates:  (0.0143816936,0.0540653369) (0.0157573761,0.1947306862) (0.0819720325,0.2830097152) (0.1216500390,0.4289940290) (0.1434019147,0.6190959432) (0.1434753025,0.8311248914) (0.2145553929,1.1337367483) (0.1620062677,1.4545109394) (0.1027999808,2.0503231870)
Optimizing +R9 model parameters by 2-BFGS,EM algorithm...
Site proportion and rates:  (0.0142076729,0.0540653369) (0.0157192713,0.1947306862) (0.0829108438,0.2851093844) (0.1212973602,0.4324185998) (0.1431993886,0.6236763308) (0.1411652211,0.8345713366) (0.2088460607,1.1337367483) (0.1650770121,1.4487016164) (0.1075771694,2.0462225445)
Optimizing +R9 model parameters by 2-BFGS,EM algorithm...
Site proportion and rates:  (0.0141476934,0.0540653369) (0.0156821108,0.1947306862) (0.0829679780,0.2858558086) (0.1213178419,0.4332981150) (0.1432347142,0.6250090187) (0.1402962831,0.8362976490) (0.2071562139,1.1337367483) (0.1666315856,1.4487016164) (0.1085655790,2.0492266214)
Optimal log-likelihood: -151470.8750845055
307  Blosum62+F+R9 151470.875   1048 305037.750   2503741.750  309664.772
Optimizing model Dayhoff+R8
1. Initial log-likelihood: -152085.055 (took 0.336 wall-clock sec)
Optimizing +R8 model parameters by 2-BFGS,EM algorithm...
Site proportion and rates:  (0.024,0.072) (0.069,0.249) (0.122,0.414) (0.151,0.601) (0.167,0.858) (0.205,1.148) (0.158,1.546) (0.104,2.418)
Optimizing +R8 model parameters by 2-BFGS,EM algorithm...
Site proportion and rates:  (0.024,0.072) (0.069,0.247) (0.122,0.412) (0.154,0.601) (0.173,0.863) (0.206,1.158) (0.152,1.561) (0.101,2.432)
Optimizing +R8 model parameters by 2-BFGS,EM algorithm...
Site proportion and rates:  (0.024,0.072) (0.069,0.247) (0.122,0.412) (0.154,0.601) (0.174,0.863) (0.207,1.161) (0.149,1.566) (0.100,2.435)
Optimal log-likelihood: -152034.246
317  Dayhoff+R8    152034.246   1027 306122.492   2417634.492  310656.797
Optimizing model Dayhoff+R9
1. Initial log-likelihood: -152078.529 (took 0.696 wall-clock sec)
Optimizing +R9 model parameters by 2-BFGS,EM algorithm...
Site proportion and rates:  (0.017,0.054) (0.030,0.195) (0.058,0.282) (0.116,0.428) (0.147,0.608) (0.165,0.862) (0.204,1.151) (0.160,1.549) (0.104,2.425)
Optimizing +R9 model parameters by 2-BFGS,EM algorithm...
Site proportion and rates:  (0.017,0.054) (0.032,0.195) (0.059,0.287) (0.116,0.432) (0.148,0.612) (0.171,0.871) (0.204,1.165) (0.152,1.569) (0.101,2.443)
Optimizing +R9 model parameters by 2-BFGS,EM algorithm...
Site proportion and rates:  (0.016,0.054) (0.033,0.195) (0.060,0.289) (0.116,0.435) (0.148,0.615) (0.173,0.875) (0.205,1.172) (0.148,1.577) (0.100,2.449)
Optimal log-likelihood: -152027.493
318  Dayhoff+R9    152027.493   1029 306112.987   2425852.987  310656.122
Alignment state count time was 0.001 seconds.
Empirical state frequencies: 0.1056712920 0.0445519260 0.0346507125 0.0570178289 0.0147245203 0.0335849569 0.0481479918 0.0775284677 0.0352007799 0.0574853862 0.0955638032 0.0538824446 0.0193175832 0.0407977159 0.0519297053 0.0601944682 0.0647118969 0.0113209782 0.0313778114 0.0623397311 
Optimizing model Dayhoff+F+R8
1. Initial log-likelihood: -151895.0920965873 (took 0.3660288780 wall-clock sec)
Optimizing +R8 model parameters by 2-BFGS,EM algorithm...
Site proportion and rates:  (0.0235983640,0.0745825720) (0.0691778021,0.2483442442) (0.1201268275,0.4092889861) (0.1474181297,0.5996483428) (0.1637631569,0.8691810797) (0.1936014256,1.1571329691) (0.1674184079,1.5447118966) (0.1148958863,2.4059736786)
Optimizing +R8 model parameters by 2-BFGS,EM algorithm...
Site proportion and rates:  (0.0237063165,0.0745825720) (0.0691626291,0.2465388293) (0.1210451810,0.4068763053) (0.1499194758,0.5996483428) (0.1752225694,0.8762234230) (0.1909719178,1.1752802000) (0.1592159800,1.5644299175) (0.1107559304,2.4203639836)
Optimizing +R8 model parameters by 2-BFGS,EM algorithm...
Site proportion and rates:  (0.0237244108,0.0745825720) (0.0691112002,0.2462922904) (0.1211767134,0.4064694289) (0.1504781005,0.5996483428) (0.1791385270,0.8788645295) (0.1934192575,1.1831667846) (0.1543671635,1.5776182512) (0.1085846271,2.4327950371)
Optimizing +R8 model parameters by 2-BFGS,EM algorithm...
Site proportion and rates:  (0.0237393305,0.0745825720) (0.0691955904,0.2462922904) (0.1212195115,0.4064694289) (0.1506258748,0.5996483428) (0.1803698922,0.8788645295) (0.1951695158,1.1867601845) (0.1523108104,1.5830148124) (0.1073694745,2.4381679886)
Optimal log-likelihood: -151838.7163071668
328  Dayhoff+F+R8  151838.716   1046 305769.433   2496093.433  310387.624
Alignment state count time was 0.001 seconds.
Empirical state frequencies: 0.1056712920 0.0445519260 0.0346507125 0.0570178289 0.0147245203 0.0335849569 0.0481479918 0.0775284677 0.0352007799 0.0574853862 0.0955638032 0.0538824446 0.0193175832 0.0407977159 0.0519297053 0.0601944682 0.0647118969 0.0113209782 0.0313778114 0.0623397311 
Optimizing model Dayhoff+F+R9
1. Initial log-likelihood: -151887.3962839209 (took 0.4906440360 wall-clock sec)
Optimizing +R9 model parameters by 2-BFGS,EM algorithm...
Site proportion and rates:  (0.0157918549,0.0535549031) (0.0247491969,0.1947306862) (0.0592438929,0.2707016967) (0.1153103681,0.4188527518) (0.1454502186,0.6050143899) (0.1610090844,0.8729341131) (0.1928835520,1.1587256749) (0.1704089669,1.5486489443) (0.1151528653,2.4170345386)
Optimizing +R9 model parameters by 2-BFGS,EM algorithm...
Site proportion and rates:  (0.0158534482,0.0535549031) (0.0255697603,0.1947306862) (0.0588897311,0.2707016967) (0.1159387864,0.4183176763) (0.1478789568,0.6068432674) (0.1735533317,0.8839702848) (0.1898034176,1.1827593041) (0.1610532383,1.5737647849) (0.1114593296,2.4377272289)
Optimizing +R9 model parameters by 2-BFGS,EM algorithm...
Site proportion and rates:  (0.0158526723,0.0535549031) (0.0254374563,0.1947306862) (0.0588045692,0.2707016967) (0.1161395726,0.4183176763) (0.1488398493,0.6080575610) (0.1780984453,0.8887730690) (0.1923425796,1.1954227454) (0.1553822253,1.5910752692) (0.1091026302,2.4571699407)
Optimizing +R9 model parameters by 2-BFGS,EM algorithm...
Site proportion and rates:  (0.0158459673,0.0535549031) (0.0251792221,0.1947306862) (0.0588950402,0.2707016967) (0.1163093225,0.4187359940) (0.1491795201,0.6093289203) (0.1797045583,0.8914641343) (0.1941196532,1.2017113695) (0.1528877393,1.6026448748) (0.1078789769,2.4690480351)
Optimal log-likelihood: -151832.8148325897
329  Dayhoff+F+R9  151832.815   1048 305761.630   2504465.630  310388.651
Optimizing model mtREV+R8
1. Initial log-likelihood: -160942.590 (took 0.542 wall-clock sec)
Optimizing +R8 model parameters by 2-BFGS,EM algorithm...
Site proportion and rates:  (0.018,0.071) (0.070,0.233) (0.113,0.391) (0.120,0.592) (0.083,0.889) (0.182,1.231) (0.203,1.750) (0.211,2.505)
Optimizing +R8 model parameters by 2-BFGS,EM algorithm...
Site proportion and rates:  (0.018,0.071) (0.069,0.227) (0.112,0.381) (0.126,0.583) (0.098,0.908) (0.192,1.257) (0.214,1.808) (0.171,2.592)
Optimizing +R8 model parameters by 2-BFGS,EM algorithm...
Site proportion and rates:  (0.018,0.071) (0.068,0.226) (0.111,0.378) (0.128,0.581) (0.102,0.912) (0.194,1.266) (0.220,1.831) (0.158,2.641)
Optimizing +R8 model parameters by 2-BFGS,EM algorithm...
Site proportion and rates:  (0.018,0.071) (0.068,0.226) (0.111,0.378) (0.128,0.581) (0.103,0.913) (0.195,1.268) (0.223,1.839) (0.153,2.661)
Optimal log-likelihood: -160585.782
339  mtREV+R8      160585.782   1027 323225.564   2434737.564  327759.869
Optimizing model mtREV+R9
1. Initial log-likelihood: -160936.025 (took 0.719 wall-clock sec)
Optimizing +R9 model parameters by 2-BFGS,EM algorithm...
Site proportion and rates:  (0.014,0.060) (0.036,0.195) (0.057,0.285) (0.103,0.413) (0.113,0.604) (0.084,0.899) (0.184,1.239) (0.205,1.762) (0.204,2.521)
Optimizing +R9 model parameters by 2-BFGS,EM algorithm...
Site proportion and rates:  (0.015,0.060) (0.041,0.195) (0.065,0.293) (0.100,0.420) (0.109,0.604) (0.099,0.915) (0.191,1.259) (0.216,1.811) (0.166,2.603)
Optimizing +R9 model parameters by 2-BFGS,EM algorithm...
Site proportion and rates:  (0.015,0.060) (0.042,0.195) (0.071,0.299) (0.099,0.431) (0.103,0.610) (0.102,0.919) (0.192,1.264) (0.222,1.827) (0.154,2.636)
Optimizing +R9 model parameters by 2-BFGS,EM algorithm...
Site proportion and rates:  (0.015,0.060) (0.044,0.195) (0.076,0.305) (0.099,0.441) (0.098,0.617) (0.102,0.921) (0.192,1.264) (0.224,1.830) (0.151,2.648)
Optimizing +R9 model parameters by 2-BFGS,EM algorithm...
Site proportion and rates:  (0.015,0.060) (0.046,0.197) (0.079,0.310) (0.098,0.449) (0.094,0.622) (0.102,0.922) (0.192,1.265) (0.225,1.830) (0.149,2.651)
Optimizing +R9 model parameters by 2-BFGS,EM algorithm...
Site proportion and rates:  (0.015,0.060) (0.048,0.199) (0.081,0.314) (0.098,0.455) (0.091,0.626) (0.103,0.922) (0.192,1.265) (0.225,1.830) (0.148,2.654)
Optimizing +R9 model parameters by 2-BFGS,EM algorithm...
Site proportion and rates:  (0.015,0.060) (0.050,0.201) (0.082,0.318) (0.097,0.458) (0.089,0.628) (0.103,0.922) (0.192,1.265) (0.225,1.830) (0.147,2.654)
Optimal log-likelihood: -160578.094
340  mtREV+R9      160578.094   1029 323214.189   2442954.189  327757.324
Alignment state count time was 0.001 seconds.
Empirical state frequencies: 0.1056712920 0.0445519260 0.0346507125 0.0570178289 0.0147245203 0.0335849569 0.0481479918 0.0775284677 0.0352007799 0.0574853862 0.0955638032 0.0538824446 0.0193175832 0.0407977159 0.0519297053 0.0601944682 0.0647118969 0.0113209782 0.0313778114 0.0623397311 
Optimizing model mtREV+F+R8
1. Initial log-likelihood: -155011.9123728790 (took 0.3258304610 wall-clock sec)
Optimizing +R8 model parameters by 2-BFGS,EM algorithm...
Site proportion and rates:  (0.0186443893,0.0682626838) (0.0698701571,0.2300806309) (0.1348858321,0.4058155448) (0.1063058030,0.6121132196) (0.1018996945,0.8595457388) (0.1786055211,1.1263085540) (0.2257668790,1.5827714745) (0.1640217240,2.3557259342)
Optimizing +R8 model parameters by 2-BFGS,EM algorithm...
Site proportion and rates:  (0.0186600955,0.0682626838) (0.0702287427,0.2292191266) (0.1373977727,0.4062983330) (0.1088968001,0.6197536978) (0.0987956625,0.8699785233) (0.1745038836,1.1246354575) (0.2334496942,1.5897903246) (0.1580673488,2.3859923462)
Optimizing +R8 model parameters by 2-BFGS,EM algorithm...
Site proportion and rates:  (0.0186584176,0.0682626838) (0.0707362837,0.2299387091) (0.1394072864,0.4086259948) (0.1098855852,0.6266279713) (0.0985428229,0.8797080623) (0.1723116657,1.1294267462) (0.2343143109,1.5930568083) (0.1561436277,2.3943243585)
Optimizing +R8 model parameters by 2-BFGS,EM algorithm...
Site proportion and rates:  (0.0186600006,0.0682626838) (0.0712488320,0.2303988167) (0.1410358140,0.4109963299) (0.1108721962,0.6327126135) (0.0993804731,0.8896792945) (0.1695767153,1.1354058875) (0.2339167395,1.5962771301) (0.1553092293,2.3993752278)
Optimizing +R8 model parameters by 2-BFGS,EM algorithm...
Site proportion and rates:  (0.0186601657,0.0682626838) (0.0716444409,0.2308824527) (0.1423849534,0.4127714387) (0.1118105646,0.6373520883) (0.1009638070,0.8990803682) (0.1667419282,1.1405608698) (0.2330869854,1.5996664350) (0.1547071547,2.4017746031)
Optimal log-likelihood: -154814.0292660512
350  mtREV+F+R8    154814.029   1046 311720.059   2502044.059  316338.250
Alignment state count time was 0.016 seconds.
Empirical state frequencies: 0.1056712920 0.0445519260 0.0346507125 0.0570178289 0.0147245203 0.0335849569 0.0481479918 0.0775284677 0.0352007799 0.0574853862 0.0955638032 0.0538824446 0.0193175832 0.0407977159 0.0519297053 0.0601944682 0.0647118969 0.0113209782 0.0313778114 0.0623397311 
Optimizing model mtREV+F+R9
1. Initial log-likelihood: -155009.1577539580 (took 0.5274673019 wall-clock sec)
Optimizing +R9 model parameters by 2-BFGS,EM algorithm...
Site proportion and rates:  (0.0180896630,0.0570627785) (0.0415602683,0.1982001211) (0.0657812755,0.3057834706) (0.1200443772,0.4405166922) (0.0981113234,0.6403551608) (0.0997516247,0.8768553895) (0.1714785255,1.1196167714) (0.2258030882,1.5636386439) (0.1593798541,2.3344165666)
Optimizing +R9 model parameters by 2-BFGS,EM algorithm...
Site proportion and rates:  (0.0181382193,0.0570627785) (0.0442199015,0.1982001211) (0.0739202020,0.3110699032) (0.1194216341,0.4482105145) (0.1011203029,0.6557140504) (0.1028305568,0.9034498735) (0.1581227354,1.1214094861) (0.2300969372,1.5588067999) (0.1521295108,2.3394041096)
Optimizing +R9 model parameters by 2-BFGS,EM algorithm...
Site proportion and rates:  (0.0181411541,0.0570627785) (0.0443526192,0.1982001211) (0.0748019977,0.3113809732) (0.1193485749,0.4486587252) (0.1027954197,0.6584527526) (0.1101580505,0.9155583536) (0.1494279564,1.1308833538) (0.2295366065,1.5603656068) (0.1514376209,2.3394041096)
Optimizing +R9 model parameters by 2-BFGS,EM algorithm...
Site proportion and rates:  (0.0181434317,0.0570627785) (0.0444033078,0.1982001211) (0.0748778010,0.3113809732) (0.1193755340,0.4486587252) (0.1036021290,0.6591112054) (0.1172961549,0.9222760862) (0.1437422321,1.1396111403) (0.2280408311,1.5634878985) (0.1505185785,2.3419367123)
Optimal log-likelihood: -154798.4703974601
351  mtREV+F+R9    154798.470   1048 311692.941   2510396.941  316319.962
Optimizing model mtART+R8
1. Initial log-likelihood: -167194.377 (took 0.308 wall-clock sec)
Optimizing +R8 model parameters by 2-BFGS,EM algorithm...
Site proportion and rates:  (0.024,0.092) (0.103,0.223) (0.103,0.360) (0.101,0.580) (0.101,0.833) (0.128,1.237) (0.158,1.820) (0.282,2.656)
Optimizing +R8 model parameters by 2-BFGS,EM algorithm...
Site proportion and rates:  (0.025,0.092) (0.104,0.223) (0.099,0.357) (0.100,0.570) (0.107,0.822) (0.131,1.242) (0.179,1.879) (0.256,2.744)
Optimizing +R8 model parameters by 2-BFGS,EM algorithm...
Site proportion and rates:  (0.025,0.092) (0.103,0.223) (0.099,0.357) (0.098,0.569) (0.110,0.822) (0.135,1.254) (0.193,1.930) (0.238,2.821)
Optimizing +R8 model parameters by 2-BFGS,EM algorithm...
Site proportion and rates:  (0.025,0.092) (0.102,0.223) (0.100,0.358) (0.097,0.570) (0.111,0.824) (0.137,1.264) (0.204,1.969) (0.224,2.890)
Optimizing +R8 model parameters by 2-BFGS,EM algorithm...
Site proportion and rates:  (0.025,0.092) (0.101,0.223) (0.100,0.358) (0.097,0.572) (0.112,0.829) (0.138,1.273) (0.211,1.996) (0.215,2.940)
Optimizing +R8 model parameters by 2-BFGS,EM algorithm...
Site proportion and rates:  (0.025,0.092) (0.101,0.223) (0.101,0.359) (0.097,0.575) (0.112,0.833) (0.139,1.281) (0.214,2.010) (0.212,2.966)
Optimizing +R8 model parameters by 2-BFGS,EM algorithm...
Site proportion and rates:  (0.024,0.092) (0.100,0.223) (0.102,0.360) (0.098,0.577) (0.112,0.836) (0.139,1.285) (0.215,2.018) (0.211,2.980)
Optimizing +R8 model parameters by 2-BFGS,EM algorithm...
Site proportion and rates:  (0.024,0.093) (0.100,0.223) (0.102,0.360) (0.098,0.578) (0.112,0.838) (0.139,1.289) (0.215,2.023) (0.211,2.987)
Optimizing +R8 model parameters by 2-BFGS,EM algorithm...
Site proportion and rates:  (0.024,0.093) (0.099,0.223) (0.102,0.361) (0.098,0.579) (0.112,0.840) (0.139,1.292) (0.215,2.028) (0.211,2.993)
Optimal log-likelihood: -165843.007
361  mtART+R8      165843.007   1027 333740.013   2445252.013  338274.318
Optimizing model mtART+R9
1. Initial log-likelihood: -167184.221 (took 0.359 wall-clock sec)
Optimizing +R9 model parameters by 2-BFGS,EM algorithm...
Site proportion and rates:  (0.022,0.090) (0.061,0.195) (0.072,0.272) (0.080,0.389) (0.098,0.588) (0.100,0.837) (0.128,1.239) (0.160,1.827) (0.278,2.661)
Optimizing +R9 model parameters by 2-BFGS,EM algorithm...
Site proportion and rates:  (0.023,0.090) (0.069,0.195) (0.066,0.272) (0.078,0.383) (0.100,0.579) (0.101,0.826) (0.132,1.235) (0.187,1.883) (0.244,2.749)
Optimizing +R9 model parameters by 2-BFGS,EM algorithm...
Site proportion and rates:  (0.023,0.090) (0.070,0.195) (0.065,0.272) (0.078,0.382) (0.099,0.576) (0.103,0.824) (0.136,1.239) (0.205,1.925) (0.222,2.825)
Optimizing +R9 model parameters by 2-BFGS,EM algorithm...
Site proportion and rates:  (0.023,0.090) (0.070,0.195) (0.064,0.272) (0.078,0.382) (0.099,0.576) (0.103,0.824) (0.137,1.241) (0.213,1.942) (0.212,2.861)
Optimizing +R9 model parameters by 2-BFGS,EM algorithm...
Site proportion and rates:  (0.023,0.090) (0.070,0.195) (0.064,0.272) (0.078,0.382) (0.099,0.576) (0.103,0.824) (0.137,1.241) (0.215,1.944) (0.211,2.869)
Optimal log-likelihood: -165837.392
362  mtART+R9      165837.392   1029 333732.784   2453472.784  338275.919
Alignment state count time was 0.001 seconds.
Empirical state frequencies: 0.1056712920 0.0445519260 0.0346507125 0.0570178289 0.0147245203 0.0335849569 0.0481479918 0.0775284677 0.0352007799 0.0574853862 0.0955638032 0.0538824446 0.0193175832 0.0407977159 0.0519297053 0.0601944682 0.0647118969 0.0113209782 0.0313778114 0.0623397311 
Optimizing model mtART+F+R8
1. Initial log-likelihood: -159187.7925708602 (took 0.4510804740 wall-clock sec)
Optimizing +R8 model parameters by 2-BFGS,EM algorithm...
Site proportion and rates:  (0.0179735512,0.0763732340) (0.0831636945,0.2237014665) (0.1264601056,0.3743227759) (0.1179727829,0.6048277297) (0.0638446980,0.8763091733) (0.1610172066,1.1763841587) (0.1792329209,1.7840093713) (0.2503350404,2.6040203412)
Optimizing +R8 model parameters by 2-BFGS,EM algorithm...
Site proportion and rates:  (0.0194044371,0.0763732340) (0.0884835447,0.2237014665) (0.1221819283,0.3700770886) (0.1276560838,0.6015914163) (0.0897177619,0.9338999583) (0.1534746966,1.2371285625) (0.2277337559,1.9168069271) (0.1713477918,2.9466513092)
Optimizing +R8 model parameters by 2-BFGS,EM algorithm...
Site proportion and rates:  (0.0199757201,0.0763732340) (0.0929106376,0.2237014665) (0.1197371328,0.3704471658) (0.1285779292,0.5984270656) (0.1202999517,0.9623798045) (0.1393846719,1.2984769815) (0.2578744945,1.9913829353) (0.1212394622,3.4294583894)
Optimizing +R8 model parameters by 2-BFGS,EM algorithm...
Site proportion and rates:  (0.0199504813,0.0763732340) (0.0929778461,0.2237014665) (0.1198576494,0.3708176131) (0.1294088120,0.6002366895) (0.1349751107,0.9805297351) (0.1345265258,1.3444272862) (0.2654845546,2.0428513358) (0.1028190202,3.8416830753)
Optimizing +R8 model parameters by 2-BFGS,EM algorithm...
Site proportion and rates:  (0.0199314813,0.0763732340) (0.0930895030,0.2237014665) (0.1197964814,0.3711884308) (0.1298521002,0.6014377633) (0.1459758005,0.9943956060) (0.1357230431,1.3918955780) (0.2694267554,2.0937245199) (0.0862048352,4.3242511267)
Optimizing +R8 model parameters by 2-BFGS,EM algorithm...
Site proportion and rates:  (0.0197816597,0.0763732340) (0.0920353185,0.2237014665) (0.1207036665,0.3719311790) (0.1306100111,0.6045324295) (0.1527934637,1.0077093246) (0.1369390454,1.4298176069) (0.2663316282,2.1257962470) (0.0808052070,4.5465106755)
Optimizing +R8 model parameters by 2-BFGS,EM algorithm...
Site proportion and rates:  (0.0195492643,0.0763732340) (0.0904326995,0.2237014665) (0.1219499222,0.3719311790) (0.1315008427,0.6081293683) (0.1566811776,1.0182367689) (0.1372106693,1.4576072003) (0.2626065497,2.1479056719) (0.0800688748,4.5797520220)
Optimizing +R8 model parameters by 2-BFGS,EM algorithm...
Site proportion and rates:  (0.0191770225,0.0763732340) (0.0875242402,0.2237014665) (0.1240705284,0.3719311790) (0.1326247946,0.6121950653) (0.1581715543,1.0296371098) (0.1376307079,1.4781462918) (0.2606031143,2.1705047823) (0.0801980378,4.6051002996)
Optimizing +R8 model parameters by 2-BFGS,EM algorithm...
Site proportion and rates:  (0.0188062725,0.0763732340) (0.0846550803,0.2237014665) (0.1260366865,0.3723031103) (0.1336498105,0.6167142533) (0.1586083752,1.0409889728) (0.1378315273,1.4946274152) (0.2598061953,2.1933275474) (0.0806060524,4.6257604795)
Optimizing +R8 model parameters by 2-BFGS,EM algorithm...
Site proportion and rates:  (0.0184505014,0.0763732340) (0.0821611578,0.2237014665) (0.1277800006,0.3734420455) (0.1345900261,0.6222075878) (0.1588121214,1.0514438841) (0.1377535873,1.5107437614) (0.2594248670,2.2164295483) (0.0810277383,4.6503603111)
Optimizing +R8 model parameters by 2-BFGS,EM algorithm...
Site proportion and rates:  (0.0181376993,0.0763732340) (0.0799954552,0.2237014665) (0.1293234458,0.3747579178) (0.1353314784,0.6270187781) (0.1587617192,1.0626135996) (0.1378556289,1.5259280631) (0.2591133409,2.2391142536) (0.0814812323,4.6731648911)
Optimizing +R8 model parameters by 2-BFGS,EM algorithm...
Site proportion and rates:  (0.0178675369,0.0763732340) (0.0783682717,0.2237014665) (0.1305950198,0.3766941529) (0.1358681176,0.6325823667) (0.1587580176,1.0729475221) (0.1376893841,1.5390680421) (0.2588465098,2.2610557018) (0.0820071426,4.6943804950)
Optimizing +R8 model parameters by 2-BFGS,EM algorithm...
Site proportion and rates:  (0.0176302705,0.0763732340) (0.0770072005,0.2237014665) (0.1316430656,0.3787238056) (0.1363346883,0.6377594075) (0.1587780559,1.0828320698) (0.1376501368,1.5532380858) (0.2585277102,2.2815936444) (0.0824288721,4.7148164050)
Optimizing +R8 model parameters by 2-BFGS,EM algorithm...
Site proportion and rates:  (0.0174675595,0.0763732340) (0.0760827704,0.2237014665) (0.1323215576,0.3802184072) (0.1367731212,0.6414831218) (0.1590452967,1.0902603158) (0.1376325588,1.5661864045) (0.2578430963,2.2967951077) (0.0828340395,4.7195312215)
Optimizing +R8 model parameters by 2-BFGS,EM algorithm...
Site proportion and rates:  (0.0173224950,0.0763732340) (0.0753362732,0.2237014665) (0.1329105600,0.3817457555) (0.1370821267,0.6450959477) (0.1593790409,1.0975817151) (0.1376618135,1.5774729983) (0.2573784963,2.3117596205) (0.0829291943,4.7423439256)
Optimizing +R8 model parameters by 2-BFGS,EM algorithm...
Site proportion and rates:  (0.0171913623,0.0763732340) (0.0747036179,0.2237014665) (0.1333039869,0.3832553308) (0.1373003543,0.6485496042) (0.1595907524,1.1037003694) (0.1377582270,1.5859757470) (0.2567540476,2.3243557634) (0.0833976516,4.7423439256)
Optimizing +R8 model parameters by 2-BFGS,EM algorithm...
Site proportion and rates:  (0.0170736344,0.0763732340) (0.0741846436,0.2237014665) (0.1337646289,0.3847261386) (0.1373958098,0.6510847366) (0.1594729399,1.1095658071) (0.1377871107,1.5936847448) (0.2568806306,2.3360252082) (0.0834406021,4.7667054868)
Optimizing +R8 model parameters by 2-BFGS,EM algorithm...
Site proportion and rates:  (0.0170123811,0.0763732340) (0.0739059260,0.2237014665) (0.1339780860,0.3854959758) (0.1375244383,0.6527684829) (0.1597121378,1.1120414496) (0.1378131480,1.5992253632) (0.2564000150,2.3430336163) (0.0836538678,4.7667054868)
Optimizing +R8 model parameters by 2-BFGS,EM algorithm...
Site proportion and rates:  (0.0169532884,0.0763732340) (0.0735604149,0.2237014665) (0.1341391230,0.3858814718) (0.1377712684,0.6543772822) (0.1595917130,1.1151378615) (0.1375836757,1.6026688584) (0.2564154384,2.3473326650) (0.0839850781,4.7667054868)
Optimizing +R8 model parameters by 2-BFGS,EM algorithm...
Site proportion and rates:  (0.0168979335,0.0763732340) (0.0733975822,0.2237014665) (0.1343495273,0.3868206431) (0.1377599845,0.6558022401) (0.1597475389,1.1178483023) (0.1377379052,1.6077284471) (0.2561039273,2.3545293351) (0.0840056010,4.7721475161)
Optimizing +R8 model parameters by 2-BFGS,EM algorithm...
Site proportion and rates:  (0.0168482524,0.0763732340) (0.0731934173,0.2237014665) (0.1345390315,0.3875986588) (0.1378613507,0.6573250684) (0.1595171653,1.1207098318) (0.1375411485,1.6094228606) (0.2562901587,2.3584877118) (0.0842094758,4.7770518618)
Optimal log-likelihood: -158540.6395522482
372  mtART+F+R8    158540.640   1046 319173.279   2509497.279  323791.471
Alignment state count time was 0.000 seconds.
Empirical state frequencies: 0.1056712920 0.0445519260 0.0346507125 0.0570178289 0.0147245203 0.0335849569 0.0481479918 0.0775284677 0.0352007799 0.0574853862 0.0955638032 0.0538824446 0.0193175832 0.0407977159 0.0519297053 0.0601944682 0.0647118969 0.0113209782 0.0313778114 0.0623397311 
Optimizing model mtART+F+R9
1. Initial log-likelihood: -159184.6313198408 (took 0.4436136149 wall-clock sec)
Optimizing +R9 model parameters by 2-BFGS,EM algorithm...
Site proportion and rates:  (0.0155456741,0.0659478253) (0.0613558096,0.1947306862) (0.0840988925,0.3030410862) (0.0885055622,0.4379880522) (0.1073464294,0.6267688266) (0.0690364346,0.9130773497) (0.1550521976,1.1877407273) (0.1922670627,1.8062514042) (0.2267919373,2.6454653781)
Optimizing +R9 model parameters by 2-BFGS,EM algorithm...
Site proportion and rates:  (0.0164952026,0.0659478253) (0.0647828259,0.1947306862) (0.0862909934,0.2981908767) (0.0901073001,0.4342190189) (0.1070394410,0.6203778672) (0.1089645428,0.9486907200) (0.1402848909,1.2609952667) (0.2459152903,1.9353980563) (0.1401195131,3.1747980510)
Optimizing +R9 model parameters by 2-BFGS,EM algorithm...
Site proportion and rates:  (0.0166053752,0.0659478253) (0.0652111890,0.1947306862) (0.0860083981,0.2970089214) (0.0903002438,0.4323398295) (0.1080508939,0.6188004503) (0.1312568546,0.9688577292) (0.1318847641,1.3166890738) (0.2603299319,1.9894169322) (0.1103523494,3.5601540223)
Optimizing +R9 model parameters by 2-BFGS,EM algorithm...
Site proportion and rates:  (0.0165986621,0.0659478253) (0.0651440487,0.1947306862) (0.0857945164,0.2967119124) (0.0904545640,0.4319074896) (0.1090993226,0.6200386702) (0.1436847242,0.9841572139) (0.1331750796,1.3693485272) (0.2677731547,2.0528228433) (0.0882759279,4.1801842968)
Optimizing +R9 model parameters by 2-BFGS,EM algorithm...
Site proportion and rates:  (0.0165656835,0.0659478253) (0.0649114333,0.1947306862) (0.0856866457,0.2967119124) (0.0909872354,0.4327717366) (0.1098792188,0.6235087913) (0.1522560395,0.9985432831) (0.1354340793,1.4149566116) (0.2639286699,2.0892586950) (0.0803509945,4.4600705800)
Optimizing +R9 model parameters by 2-BFGS,EM algorithm...
Site proportion and rates:  (0.0164792034,0.0659478253) (0.0646445601,0.1947306862) (0.0860333484,0.2978159689) (0.0914325605,0.4350590171) (0.1103052858,0.6279520897) (0.1567002534,1.0104895077) (0.1359728611,1.4452526143) (0.2589581844,2.1090708892) (0.0794737428,4.4897137943)
Optimizing +R9 model parameters by 2-BFGS,EM algorithm...
Site proportion and rates:  (0.0163628337,0.0659478253) (0.0643091978,0.1947306862) (0.0863603560,0.2989728817) (0.0917318299,0.4375003329) (0.1105440850,0.6317534567) (0.1588693702,1.0185898488) (0.1362040572,1.4634561022) (0.2559554258,2.1262401764) (0.0796628443,4.4942035082)
Optimizing +R9 model parameters by 2-BFGS,EM algorithm...
Site proportion and rates:  (0.0162412114,0.0659478253) (0.0639812375,0.1947306862) (0.0866434815,0.3001788466) (0.0918214991,0.4394590179) (0.1107213264,0.6356004966) (0.1596593464,1.0254000645) (0.1363391474,1.4747490412) (0.2547857998,2.1372253966) (0.0798069506,4.5056685551)
Optimizing +R9 model parameters by 2-BFGS,EM algorithm...
Site proportion and rates:  (0.0161778163,0.0659478253) (0.0638199493,0.1947306862) (0.0868676776,0.3008610567) (0.0920682561,0.4408838992) (0.1107106218,0.6375092059) (0.1602264923,1.0292191110) (0.1363335854,1.4811141743) (0.2538211415,2.1445095064) (0.0799744595,4.5056685551)
Optimizing +R9 model parameters by 2-BFGS,EM algorithm...
Site proportion and rates:  (0.0161112683,0.0659478253) (0.0636672599,0.1947306862) (0.0869743079,0.3015397176) (0.0919747462,0.4417857429) (0.1108023738,0.6388241399) (0.1603427179,1.0317056794) (0.1365718382,1.4857129340) (0.2535215514,2.1515229125) (0.0800339364,4.5111265866)
Optimizing +R9 model parameters by 2-BFGS,EM algorithm...
Site proportion and rates:  (0.0160507049,0.0659478253) (0.0635018105,0.1947306862) (0.0871664081,0.3021618889) (0.0921833343,0.4431721656) (0.1107132323,0.6408688386) (0.1601382791,1.0343964007) (0.1363364396,1.4887476697) (0.2536772257,2.1554833714) (0.0802325654,4.5163088969)
Optimizing +R9 model parameters by 2-BFGS,EM algorithm...
Site proportion and rates:  (0.0159903087,0.0659478253) (0.0633150831,0.1947306862) (0.0872699534,0.3024774790) (0.0922295557,0.4440717150) (0.1107533082,0.6421512173) (0.1601711841,1.0368681655) (0.1364473956,1.4918284373) (0.2535780835,2.1620964899) (0.0802451277,4.5217194881)
Optimal log-likelihood: -158519.0197032851
373  mtART+F+R9    158519.020   1048 319134.039   2517838.039  323761.061
Optimizing model mtZOA+R8
1. Initial log-likelihood: -160838.241 (took 0.568 wall-clock sec)
Optimizing +R8 model parameters by 2-BFGS,EM algorithm...
Site proportion and rates:  (0.022,0.089) (0.099,0.228) (0.108,0.383) (0.101,0.580) (0.108,0.865) (0.121,1.218) (0.176,1.742) (0.264,2.548)
Optimizing +R8 model parameters by 2-BFGS,EM algorithm...
Site proportion and rates:  (0.023,0.090) (0.099,0.224) (0.107,0.373) (0.103,0.569) (0.120,0.865) (0.139,1.260) (0.190,1.840) (0.219,2.654)
Optimizing +R8 model parameters by 2-BFGS,EM algorithm...
Site proportion and rates:  (0.024,0.090) (0.100,0.224) (0.106,0.371) (0.105,0.566) (0.128,0.874) (0.147,1.292) (0.199,1.901) (0.192,2.722)
Optimizing +R8 model parameters by 2-BFGS,EM algorithm...
Site proportion and rates:  (0.024,0.090) (0.101,0.224) (0.106,0.371) (0.106,0.567) (0.133,0.885) (0.148,1.313) (0.205,1.932) (0.177,2.772)
Optimizing +R8 model parameters by 2-BFGS,EM algorithm...
Site proportion and rates:  (0.024,0.090) (0.101,0.224) (0.106,0.371) (0.108,0.568) (0.136,0.893) (0.148,1.330) (0.209,1.956) (0.168,2.810)
Optimizing +R8 model parameters by 2-BFGS,EM algorithm...
Site proportion and rates:  (0.024,0.090) (0.101,0.224) (0.107,0.371) (0.108,0.570) (0.139,0.899) (0.149,1.341) (0.213,1.976) (0.160,2.852)
Optimizing +R8 model parameters by 2-BFGS,EM algorithm...
Site proportion and rates:  (0.024,0.090) (0.101,0.224) (0.107,0.372) (0.109,0.571) (0.140,0.904) (0.150,1.352) (0.219,1.998) (0.150,2.913)
Optimizing +R8 model parameters by 2-BFGS,EM algorithm...
Site proportion and rates:  (0.024,0.090) (0.101,0.224) (0.107,0.372) (0.109,0.573) (0.142,0.907) (0.153,1.366) (0.230,2.035) (0.134,3.033)
Optimizing +R8 model parameters by 2-BFGS,EM algorithm...
Site proportion and rates:  (0.024,0.090) (0.101,0.224) (0.107,0.372) (0.110,0.573) (0.144,0.912) (0.158,1.385) (0.251,2.093) (0.104,3.431)
Optimizing +R8 model parameters by 2-BFGS,EM algorithm...
Site proportion and rates:  (0.024,0.090) (0.101,0.224) (0.107,0.371) (0.111,0.572) (0.147,0.915) (0.166,1.405) (0.265,2.133) (0.079,3.937)
Optimizing +R8 model parameters by 2-BFGS,EM algorithm...
Site proportion and rates:  (0.024,0.090) (0.101,0.224) (0.107,0.371) (0.111,0.573) (0.149,0.918) (0.169,1.417) (0.265,2.146) (0.075,4.042)
Optimizing +R8 model parameters by 2-BFGS,EM algorithm...
Site proportion and rates:  (0.024,0.090) (0.101,0.224) (0.107,0.371) (0.111,0.573) (0.149,0.920) (0.169,1.420) (0.264,2.152) (0.074,4.076)
Optimal log-likelihood: -160146.870
383  mtZOA+R8      160146.870   1027 322347.739   2433859.739  326882.044
Optimizing model mtZOA+R9
1. Initial log-likelihood: -160829.944 (took 0.565 wall-clock sec)
Optimizing +R9 model parameters by 2-BFGS,EM algorithm...
Site proportion and rates:  (0.016,0.073) (0.055,0.195) (0.069,0.274) (0.095,0.399) (0.097,0.583) (0.109,0.863) (0.124,1.220) (0.179,1.753) (0.258,2.553)
Optimizing +R9 model parameters by 2-BFGS,EM algorithm...
Site proportion and rates:  (0.017,0.073) (0.059,0.195) (0.066,0.271) (0.093,0.392) (0.099,0.575) (0.120,0.869) (0.141,1.268) (0.192,1.855) (0.213,2.669)
Optimizing +R9 model parameters by 2-BFGS,EM algorithm...
Site proportion and rates:  (0.017,0.073) (0.059,0.195) (0.065,0.270) (0.093,0.391) (0.101,0.576) (0.128,0.884) (0.147,1.305) (0.200,1.921) (0.189,2.750)
Optimizing +R9 model parameters by 2-BFGS,EM algorithm...
Site proportion and rates:  (0.017,0.073) (0.059,0.195) (0.065,0.270) (0.094,0.391) (0.103,0.580) (0.133,0.898) (0.148,1.331) (0.206,1.957) (0.175,2.806)
Optimizing +R9 model parameters by 2-BFGS,EM algorithm...
Site proportion and rates:  (0.017,0.073) (0.059,0.195) (0.066,0.270) (0.095,0.392) (0.104,0.584) (0.136,0.909) (0.147,1.351) (0.209,1.984) (0.166,2.851)
Optimizing +R9 model parameters by 2-BFGS,EM algorithm...
Site proportion and rates:  (0.017,0.073) (0.059,0.195) (0.066,0.271) (0.095,0.393) (0.105,0.586) (0.138,0.917) (0.148,1.367) (0.214,2.010) (0.158,2.902)
Optimizing +R9 model parameters by 2-BFGS,EM algorithm...
Site proportion and rates:  (0.017,0.073) (0.059,0.195) (0.066,0.271) (0.095,0.395) (0.106,0.588) (0.140,0.923) (0.150,1.381) (0.221,2.042) (0.147,2.982)
Optimizing +R9 model parameters by 2-BFGS,EM algorithm...
Site proportion and rates:  (0.017,0.073) (0.058,0.195) (0.067,0.271) (0.096,0.395) (0.106,0.590) (0.141,0.928) (0.154,1.399) (0.235,2.090) (0.126,3.173)
Optimizing +R9 model parameters by 2-BFGS,EM algorithm...
Site proportion and rates:  (0.017,0.073) (0.058,0.195) (0.067,0.271) (0.096,0.395) (0.107,0.591) (0.145,0.935) (0.161,1.425) (0.261,2.161) (0.089,3.812)
Optimizing +R9 model parameters by 2-BFGS,EM algorithm...
Site proportion and rates:  (0.017,0.073) (0.059,0.195) (0.067,0.271) (0.096,0.395) (0.107,0.592) (0.147,0.940) (0.167,1.445) (0.265,2.192) (0.076,4.094)
Optimizing +R9 model parameters by 2-BFGS,EM algorithm...
Site proportion and rates:  (0.017,0.073) (0.058,0.195) (0.067,0.271) (0.096,0.396) (0.108,0.594) (0.148,0.944) (0.169,1.458) (0.264,2.207) (0.074,4.173)
Optimizing +R9 model parameters by 2-BFGS,EM algorithm...
Site proportion and rates:  (0.017,0.073) (0.058,0.195) (0.067,0.272) (0.096,0.397) (0.108,0.595) (0.148,0.947) (0.169,1.462) (0.264,2.213) (0.074,4.192)
Optimizing +R9 model parameters by 2-BFGS,EM algorithm...
Site proportion and rates:  (0.017,0.073) (0.057,0.195) (0.067,0.272) (0.096,0.398) (0.108,0.597) (0.148,0.950) (0.170,1.467) (0.263,2.222) (0.073,4.213)
Optimizing +R9 model parameters by 2-BFGS,EM algorithm...
Site proportion and rates:  (0.016,0.073) (0.057,0.195) (0.068,0.273) (0.096,0.399) (0.108,0.598) (0.148,0.953) (0.170,1.471) (0.263,2.228) (0.073,4.224)
Optimizing +R9 model parameters by 2-BFGS,EM algorithm...
Site proportion and rates:  (0.016,0.073) (0.057,0.195) (0.068,0.273) (0.096,0.400) (0.108,0.600) (0.148,0.955) (0.170,1.475) (0.263,2.233) (0.073,4.235)
Optimal log-likelihood: -160134.670
384  mtZOA+R9      160134.670   1029 322327.340   2442067.340  326870.475
Alignment state count time was 0.015 seconds.
Empirical state frequencies: 0.1056712920 0.0445519260 0.0346507125 0.0570178289 0.0147245203 0.0335849569 0.0481479918 0.0775284677 0.0352007799 0.0574853862 0.0955638032 0.0538824446 0.0193175832 0.0407977159 0.0519297053 0.0601944682 0.0647118969 0.0113209782 0.0313778114 0.0623397311 
Optimizing model mtZOA+F+R8
1. Initial log-likelihood: -155805.6260429960 (took 0.5802961790 wall-clock sec)
Optimizing +R8 model parameters by 2-BFGS,EM algorithm...
Site proportion and rates:  (0.0201964221,0.0742190959) (0.0695930458,0.2229385554) (0.1196119334,0.3726876371) (0.1406132889,0.5823485617) (0.0817542980,0.8966509139) (0.1582069500,1.1681453893) (0.2229435548,1.7311440777) (0.1870805071,2.6362208902)
Optimizing +R8 model parameters by 2-BFGS,EM algorithm...
Site proportion and rates:  (0.0206166765,0.0742190959) (0.0702525279,0.2229385554) (0.1166780720,0.3666545581) (0.1465731953,0.5772060934) (0.1084445716,0.9274257084) (0.1419672582,1.2158461127) (0.2453937734,1.7827704530) (0.1500739251,2.8421425283)
Optimizing +R8 model parameters by 2-BFGS,EM algorithm...
Site proportion and rates:  (0.0206453806,0.0742190959) (0.0703811388,0.2229385554) (0.1167734099,0.3662879035) (0.1480107791,0.5777832996) (0.1289844352,0.9485517317) (0.1352597670,1.2737302435) (0.2495607471,1.8310386943) (0.1303843423,2.9997130050)
Optimizing +R8 model parameters by 2-BFGS,EM algorithm...
Site proportion and rates:  (0.0206292395,0.0742190959) (0.0703398203,0.2229385554) (0.1172144311,0.3666780789) (0.1486641615,0.5795183838) (0.1399811850,0.9616778825) (0.1410642104,1.3222719785) (0.2441188377,1.8782155826) (0.1179881146,3.1211013516)
Optimizing +R8 model parameters by 2-BFGS,EM algorithm...
Site proportion and rates:  (0.0206012058,0.0742190959) (0.0702867712,0.2229385554) (0.1177363398,0.3674210285) (0.1490244365,0.5819602463) (0.1463877834,0.9714881460) (0.1491553695,1.3586430174) (0.2363158123,1.9180082646) (0.1104922815,3.2047283184)
Optimizing +R8 model parameters by 2-BFGS,EM algorithm...
Site proportion and rates:  (0.0205121255,0.0742190959) (0.0700067932,0.2229385554) (0.1184123695,0.3691357066) (0.1492010150,0.5852118389) (0.1492462318,0.9801765463) (0.1531089459,1.3796330054) (0.2328459891,1.9447688897) (0.1066665300,3.2627395805)
Optimizing +R8 model parameters by 2-BFGS,EM algorithm...
Site proportion and rates:  (0.0203977584,0.0742190959) (0.0694479259,0.2229385554) (0.1186093280,0.3703563999) (0.1497200312,0.5880901180) (0.1503338936,0.9865059030) (0.1542619876,1.3913096347) (0.2321251098,1.9620687435) (0.1051039656,3.3025098486)
Optimizing +R8 model parameters by 2-BFGS,EM algorithm...
Site proportion and rates:  (0.0202846312,0.0742190959) (0.0690123627,0.2229385554) (0.1188038376,0.3720006885) (0.1500531914,0.5910054620) (0.1505807191,0.9927709934) (0.1546430015,1.4013307437) (0.2320757501,1.9742468099) (0.1045465064,3.3298389371)
Optimizing +R8 model parameters by 2-BFGS,EM algorithm...
Site proportion and rates:  (0.0202196097,0.0742190959) (0.0686774236,0.2229385554) (0.1188287159,0.3723729073) (0.1502712315,0.5924725308) (0.1508344897,0.9960533273) (0.1550603964,1.4060586842) (0.2319178855,1.9809247910) (0.1041902478,3.3428030547)
Optimizing +R8 model parameters by 2-BFGS,EM algorithm...
Site proportion and rates:  (0.0201561947,0.0742190959) (0.0684478041,0.2229385554) (0.1188756911,0.3731732731) (0.1504794938,0.5938638075) (0.1508652351,0.9981841757) (0.1550368885,1.4096722197) (0.2320012430,1.9869351584) (0.1041374498,3.3538460939)
Optimizing +R8 model parameters by 2-BFGS,EM algorithm...
Site proportion and rates:  (0.0200971744,0.0742190959) (0.0681589385,0.2229385554) (0.1188889034,0.3735821834) (0.1508389215,0.5952528976) (0.1511091536,1.0015065598) (0.1549636741,1.4147457391) (0.2318354700,1.9944927105) (0.1041077645,3.3629559507)
Optimizing +R8 model parameters by 2-BFGS,EM algorithm...
Site proportion and rates:  (0.0200365113,0.0742190959) (0.0679638511,0.2229385554) (0.1189766146,0.3743828486) (0.1508969388,0.5966086874) (0.1510804083,1.0037217772) (0.1552441915,1.4182115886) (0.2318635788,1.9991473189) (0.1039379056,3.3749809771)
Optimizing +R8 model parameters by 2-BFGS,EM algorithm...
Site proportion and rates:  (0.0199808406,0.0742190959) (0.0677149813,0.2229385554) (0.1189942503,0.3747833390) (0.1511328104,0.5979720661) (0.1507761634,1.0059239217) (0.1550325648,1.4200199086) (0.2321374010,2.0022365592) (0.1042309882,3.3796158653)
Optimal log-likelihood: -155427.0409201885
394  mtZOA+F+R8    155427.041   1046 312946.082   2503270.082  317564.273
Alignment state count time was 0.001 seconds.
Empirical state frequencies: 0.1056712920 0.0445519260 0.0346507125 0.0570178289 0.0147245203 0.0335849569 0.0481479918 0.0775284677 0.0352007799 0.0574853862 0.0955638032 0.0538824446 0.0193175832 0.0407977159 0.0519297053 0.0601944682 0.0647118969 0.0113209782 0.0313778114 0.0623397311 
Optimizing model mtZOA+F+R9
1. Initial log-likelihood: -155806.9512665660 (took 0.4254863501 wall-clock sec)
Optimizing +R9 model parameters by 2-BFGS,EM algorithm...
Site proportion and rates:  (0.0181669466,0.0678534607) (0.0554117672,0.1962186355) (0.0810804285,0.3156297191) (0.0904157415,0.4469777426) (0.1131788805,0.6076345381) (0.0954748008,0.9196247673) (0.1434728855,1.1783347828) (0.2292461851,1.7209269473) (0.1735523645,2.6498695611)
Optimizing +R9 model parameters by 2-BFGS,EM algorithm...
Site proportion and rates:  (0.0189627827,0.0678534607) (0.0579791148,0.1962186355) (0.0879864968,0.3133711961) (0.0973419094,0.4540590004) (0.1031057038,0.6135075084) (0.1263371909,0.9374944181) (0.1298494431,1.2411169350) (0.2438746530,1.7661751811) (0.1345627055,2.8627949566)
Optimizing +R9 model parameters by 2-BFGS,EM algorithm...
Site proportion and rates:  (0.0191232118,0.0678534607) (0.0583087100,0.1962186355) (0.0884563003,0.3125367787) (0.0994778005,0.4540590004) (0.1012622638,0.6135068949) (0.1394167947,0.9464596366) (0.1387809344,1.2921735796) (0.2388656711,1.8143858441) (0.1163083134,3.0133121005)
Optimizing +R9 model parameters by 2-BFGS,EM algorithm...
Site proportion and rates:  (0.0192031095,0.0678534607) (0.0585266214,0.1962186355) (0.0885124676,0.3121137116) (0.0999859892,0.4536049413) (0.1013249137,0.6135068949) (0.1470185039,0.9536130263) (0.1476730354,1.3243886356) (0.2307439255,1.8520441703) (0.1070114339,3.1000012048)
Optimizing +R9 model parameters by 2-BFGS,EM algorithm...
Site proportion and rates:  (0.0191921518,0.0678534607) (0.0584952826,0.1962186355) (0.0884392022,0.3121137116) (0.1001812777,0.4536049413) (0.1017449870,0.6148095715) (0.1501255719,0.9577866832) (0.1501253949,1.3382057953) (0.2281122800,1.8664267512) (0.1035838519,3.1440305120)
Optimizing +R9 model parameters by 2-BFGS,EM algorithm...
Site proportion and rates:  (0.0191600711,0.0678534607) (0.0583731308,0.1962186355) (0.0882775879,0.3121137116) (0.1001715676,0.4536049413) (0.1021019286,0.6154243812) (0.1508140086,0.9599456589) (0.1505979450,1.3415713328) (0.2277634252,1.8712379846) (0.1027403354,3.1563952652)
Optimal log-likelihood: -155413.5283551914
395  mtZOA+F+R9    155413.528   1048 312923.057   2511627.057  317550.078
Optimizing model mtMet+R8
1. Initial log-likelihood: -162467.576 (took 0.550 wall-clock sec)
Optimizing +R8 model parameters by 2-BFGS,EM algorithm...
Site proportion and rates:  (0.019,0.077) (0.091,0.233) (0.117,0.387) (0.110,0.585) (0.123,0.905) (0.114,1.238) (0.185,1.623) (0.242,2.415)
Optimizing +R8 model parameters by 2-BFGS,EM algorithm...
Site proportion and rates:  (0.019,0.077) (0.086,0.225) (0.118,0.374) (0.113,0.574) (0.138,0.905) (0.139,1.294) (0.175,1.710) (0.212,2.495)
Optimizing +R8 model parameters by 2-BFGS,EM algorithm...
Site proportion and rates:  (0.020,0.077) (0.084,0.223) (0.118,0.368) (0.115,0.568) (0.145,0.906) (0.177,1.341) (0.160,1.830) (0.180,2.582)
Optimizing +R8 model parameters by 2-BFGS,EM algorithm...
Site proportion and rates:  (0.020,0.077) (0.087,0.223) (0.117,0.366) (0.115,0.563) (0.149,0.901) (0.206,1.361) (0.180,1.960) (0.127,2.863)
Optimizing +R8 model parameters by 2-BFGS,EM algorithm...
Site proportion and rates:  (0.020,0.077) (0.087,0.223) (0.116,0.366) (0.115,0.561) (0.150,0.900) (0.214,1.367) (0.203,2.018) (0.094,3.161)
Optimizing +R8 model parameters by 2-BFGS,EM algorithm...
Site proportion and rates:  (0.020,0.077) (0.087,0.223) (0.116,0.366) (0.115,0.561) (0.150,0.901) (0.216,1.370) (0.212,2.034) (0.083,3.299)
Optimizing +R8 model parameters by 2-BFGS,EM algorithm...
Site proportion and rates:  (0.020,0.077) (0.087,0.223) (0.116,0.366) (0.115,0.562) (0.150,0.901) (0.216,1.372) (0.213,2.037) (0.082,3.310)
Optimal log-likelihood: -162045.118
405  mtMet+R8      162045.118   1027 326144.235   2437656.235  330678.540
Optimizing model mtMet+R9
1. Initial log-likelihood: -162458.656 (took 0.695 wall-clock sec)
Optimizing +R9 model parameters by 2-BFGS,EM algorithm...
Site proportion and rates:  (0.017,0.070) (0.044,0.195) (0.077,0.288) (0.097,0.417) (0.102,0.591) (0.125,0.905) (0.116,1.244) (0.183,1.629) (0.238,2.414)
Optimizing +R9 model parameters by 2-BFGS,EM algorithm...
Site proportion and rates:  (0.018,0.071) (0.047,0.195) (0.077,0.286) (0.095,0.412) (0.102,0.584) (0.139,0.904) (0.150,1.305) (0.169,1.732) (0.203,2.503)
Optimizing +R9 model parameters by 2-BFGS,EM algorithm...
Site proportion and rates:  (0.018,0.071) (0.048,0.195) (0.076,0.284) (0.095,0.408) (0.102,0.579) (0.145,0.904) (0.192,1.349) (0.163,1.887) (0.160,2.662)
Optimizing +R9 model parameters by 2-BFGS,EM algorithm...
Site proportion and rates:  (0.018,0.071) (0.049,0.195) (0.075,0.282) (0.095,0.404) (0.103,0.573) (0.149,0.898) (0.211,1.358) (0.193,1.985) (0.107,3.000)
Optimizing +R9 model parameters by 2-BFGS,EM algorithm...
Site proportion and rates:  (0.018,0.071) (0.050,0.195) (0.075,0.282) (0.095,0.403) (0.103,0.572) (0.149,0.898) (0.216,1.363) (0.210,2.020) (0.084,3.252)
Optimizing +R9 model parameters by 2-BFGS,EM algorithm...
Site proportion and rates:  (0.018,0.071) (0.049,0.195) (0.075,0.282) (0.095,0.403) (0.103,0.572) (0.149,0.898) (0.216,1.364) (0.213,2.025) (0.082,3.290)
Optimizing +R9 model parameters by 2-BFGS,EM algorithm...
Site proportion and rates:  (0.018,0.071) (0.049,0.195) (0.075,0.282) (0.095,0.403) (0.103,0.572) (0.149,0.899) (0.216,1.366) (0.213,2.028) (0.082,3.295)
Optimal log-likelihood: -162032.036
406  mtMet+R9      162032.036   1029 326122.071   2445862.071  330665.206
Alignment state count time was 0.001 seconds.
Empirical state frequencies: 0.1056712920 0.0445519260 0.0346507125 0.0570178289 0.0147245203 0.0335849569 0.0481479918 0.0775284677 0.0352007799 0.0574853862 0.0955638032 0.0538824446 0.0193175832 0.0407977159 0.0519297053 0.0601944682 0.0647118969 0.0113209782 0.0313778114 0.0623397311 
Optimizing model mtMet+F+R8
1. Initial log-likelihood: -155724.7749195021 (took 0.4304562850 wall-clock sec)
Optimizing +R8 model parameters by 2-BFGS,EM algorithm...
Site proportion and rates:  (0.0223088189,0.0727513401) (0.0684196858,0.2228236129) (0.1154155356,0.3711884449) (0.1318141015,0.5659515469) (0.1050538403,0.8548109726) (0.1643735410,1.1748038097) (0.2205279624,1.6602744498) (0.1720865146,2.5519388349)
Optimizing +R8 model parameters by 2-BFGS,EM algorithm...
Site proportion and rates:  (0.0224262998,0.0727513401) (0.0674810640,0.2228236129) (0.1097424326,0.3656740110) (0.1340900692,0.5580674234) (0.1075153970,0.8456146019) (0.1673373090,1.1771545923) (0.2274040296,1.6797965368) (0.1640033989,2.6100829939)
Optimizing +R8 model parameters by 2-BFGS,EM algorithm...
Site proportion and rates:  (0.0223535860,0.0727513401) (0.0669064562,0.2228236129) (0.1085814489,0.3656740110) (0.1333628033,0.5575093559) (0.1069562954,0.8425727348) (0.1696493073,1.1784419700) (0.2291918988,1.6883975449) (0.1629982041,2.6270175607)
Optimizing +R8 model parameters by 2-BFGS,EM algorithm...
Site proportion and rates:  (0.0223149108,0.0727513401) (0.0666068445,0.2228236129) (0.1082294461,0.3656740110) (0.1332123923,0.5575093559) (0.1066884767,0.8417301620) (0.1704988393,1.1796532434) (0.2295259506,1.6930002937) (0.1629231397,2.6336310124)
Optimal log-likelihood: -155413.2856180416
416  mtMet+F+R8    155413.286   1046 312918.571   2503242.571  317536.763
Alignment state count time was 0.001 seconds.
Empirical state frequencies: 0.1056712920 0.0445519260 0.0346507125 0.0570178289 0.0147245203 0.0335849569 0.0481479918 0.0775284677 0.0352007799 0.0574853862 0.0955638032 0.0538824446 0.0193175832 0.0407977159 0.0519297053 0.0601944682 0.0647118969 0.0113209782 0.0313778114 0.0623397311 
Optimizing model mtMet+F+R9
1. Initial log-likelihood: -155724.8867005619 (took 0.3540429410 wall-clock sec)
Optimizing +R9 model parameters by 2-BFGS,EM algorithm...
Site proportion and rates:  (0.0206054965,0.0685196358) (0.0478066405,0.1953154629) (0.0639211441,0.3012714036) (0.0929765931,0.4086792477) (0.1194410166,0.5777569227) (0.1050172613,0.8624476308) (0.1604390371,1.1682426574) (0.2209461685,1.6422664741) (0.1688466423,2.5286958355)
Optimizing +R9 model parameters by 2-BFGS,EM algorithm...
Site proportion and rates:  (0.0211795543,0.0685196358) (0.0535499798,0.1978698559) (0.0778006361,0.3145106813) (0.0822725808,0.4302005244) (0.1144169536,0.5834202412) (0.1058614132,0.8660998720) (0.1576658722,1.1648300718) (0.2250180050,1.6395622699) (0.1622350050,2.5437598583)
Optimizing +R9 model parameters by 2-BFGS,EM algorithm...
Site proportion and rates:  (0.0214069597,0.0685196358) (0.0568336497,0.1998574834) (0.0892888057,0.3235674688) (0.0903352359,0.4590483156) (0.0975271052,0.6075842770) (0.1042416916,0.8774099711) (0.1546389640,1.1636652417) (0.2255181277,1.6352353818) (0.1602094605,2.5386748821)
Optimizing +R9 model parameters by 2-BFGS,EM algorithm...
Site proportion and rates:  (0.0215099953,0.0685196358) (0.0583600875,0.2006581136) (0.0927704173,0.3269304732) (0.1011633776,0.4717443712) (0.0866441263,0.6283370646) (0.1033778854,0.8877797277) (0.1511646144,1.1660235264) (0.2248290843,1.6319665460) (0.1601804118,2.5336000709)
Optimizing +R9 model parameters by 2-BFGS,EM algorithm...
Site proportion and rates:  (0.0215258842,0.0685196358) (0.0587395430,0.2006581136) (0.0939372662,0.3275846613) (0.1050484470,0.4756581844) (0.0830209780,0.6356541662) (0.1034450075,0.8906244593) (0.1498806789,1.1671895500) (0.2244826861,1.6319665460) (0.1599195091,2.5310664707)
Optimizing +R9 model parameters by 2-BFGS,EM algorithm...
Site proportion and rates:  (0.0215313521,0.0685196358) (0.0587643541,0.2006581136) (0.0939486767,0.3275846613) (0.1054533831,0.4756581844) (0.0827818595,0.6356541662) (0.1035633151,0.8915150839) (0.1496597180,1.1671895500) (0.2245008387,1.6319665460) (0.1597965027,2.5310664707)
Optimal log-likelihood: -155406.6393290907
417  mtMet+F+R9    155406.639   1048 312909.279   2511613.279  317536.300
Optimizing model mtVer+R8
1. Initial log-likelihood: -163574.911 (took 0.592 wall-clock sec)
Optimizing +R8 model parameters by 2-BFGS,EM algorithm...
Site proportion and rates:  (0.020,0.068) (0.091,0.223) (0.112,0.374) (0.101,0.561) (0.105,0.862) (0.156,1.216) (0.196,1.767) (0.219,2.722)
Optimizing +R8 model parameters by 2-BFGS,EM algorithm...
Site proportion and rates:  (0.021,0.068) (0.093,0.223) (0.109,0.369) (0.104,0.556) (0.121,0.879) (0.168,1.269) (0.188,1.849) (0.195,2.801)
Optimizing +R8 model parameters by 2-BFGS,EM algorithm...
Site proportion and rates:  (0.021,0.068) (0.094,0.223) (0.110,0.369) (0.107,0.560) (0.134,0.902) (0.176,1.317) (0.198,1.954) (0.162,2.991)
Optimizing +R8 model parameters by 2-BFGS,EM algorithm...
Site proportion and rates:  (0.021,0.068) (0.095,0.223) (0.110,0.368) (0.108,0.561) (0.143,0.914) (0.178,1.343) (0.215,2.009) (0.131,3.191)
Optimizing +R8 model parameters by 2-BFGS,EM algorithm...
Site proportion and rates:  (0.021,0.068) (0.094,0.223) (0.111,0.370) (0.109,0.565) (0.145,0.922) (0.177,1.355) (0.216,2.025) (0.128,3.230)
Optimizing +R8 model parameters by 2-BFGS,EM algorithm...
Site proportion and rates:  (0.021,0.068) (0.094,0.223) (0.111,0.371) (0.109,0.568) (0.145,0.927) (0.177,1.363) (0.216,2.038) (0.128,3.248)
Optimizing +R8 model parameters by 2-BFGS,EM algorithm...
Site proportion and rates:  (0.021,0.068) (0.093,0.223) (0.112,0.372) (0.109,0.570) (0.145,0.932) (0.176,1.370) (0.216,2.049) (0.128,3.265)
Optimizing +R8 model parameters by 2-BFGS,EM algorithm...
Site proportion and rates:  (0.021,0.068) (0.093,0.223) (0.112,0.373) (0.109,0.572) (0.145,0.935) (0.176,1.375) (0.216,2.054) (0.128,3.275)
Optimizing +R8 model parameters by 2-BFGS,EM algorithm...
Site proportion and rates:  (0.021,0.068) (0.092,0.223) (0.112,0.374) (0.109,0.573) (0.145,0.937) (0.177,1.378) (0.216,2.060) (0.128,3.284)
Optimizing +R8 model parameters by 2-BFGS,EM algorithm...
Site proportion and rates:  (0.021,0.068) (0.092,0.223) (0.112,0.374) (0.109,0.574) (0.145,0.939) (0.177,1.381) (0.216,2.063) (0.128,3.289)
Optimal log-likelihood: -162818.284
427  mtVer+R8      162818.284   1027 327690.568   2439202.568  332224.872
Optimizing model mtVer+R9
1. Initial log-likelihood: -163567.532 (took 0.539 wall-clock sec)
Optimizing +R9 model parameters by 2-BFGS,EM algorithm...
Site proportion and rates:  (0.019,0.062) (0.050,0.195) (0.073,0.280) (0.092,0.405) (0.092,0.566) (0.107,0.862) (0.160,1.221) (0.193,1.771) (0.214,2.711)
Optimizing +R9 model parameters by 2-BFGS,EM algorithm...
Site proportion and rates:  (0.020,0.062) (0.055,0.195) (0.071,0.278) (0.091,0.399) (0.095,0.564) (0.128,0.887) (0.170,1.282) (0.188,1.871) (0.182,2.817)
Optimizing +R9 model parameters by 2-BFGS,EM algorithm...
Site proportion and rates:  (0.020,0.062) (0.058,0.195) (0.069,0.276) (0.092,0.396) (0.097,0.563) (0.141,0.899) (0.176,1.315) (0.212,1.961) (0.135,3.098)
Optimizing +R9 model parameters by 2-BFGS,EM algorithm...
Site proportion and rates:  (0.020,0.062) (0.058,0.195) (0.069,0.276) (0.092,0.396) (0.098,0.564) (0.144,0.905) (0.175,1.325) (0.216,1.976) (0.128,3.149)
Optimizing +R9 model parameters by 2-BFGS,EM algorithm...
Site proportion and rates:  (0.020,0.062) (0.057,0.195) (0.069,0.276) (0.092,0.396) (0.099,0.566) (0.145,0.907) (0.175,1.329) (0.216,1.981) (0.127,3.157)
Optimal log-likelihood: -162808.418
428  mtVer+R9      162808.418   1029 327674.836   2447414.836  332217.971
Alignment state count time was 0.001 seconds.
Empirical state frequencies: 0.1056712920 0.0445519260 0.0346507125 0.0570178289 0.0147245203 0.0335849569 0.0481479918 0.0775284677 0.0352007799 0.0574853862 0.0955638032 0.0538824446 0.0193175832 0.0407977159 0.0519297053 0.0601944682 0.0647118969 0.0113209782 0.0313778114 0.0623397311 
Optimizing model mtVer+F+R8
1. Initial log-likelihood: -157936.1319594269 (took 0.3371606200 wall-clock sec)
Optimizing +R8 model parameters by 2-BFGS,EM algorithm...
Site proportion and rates:  (0.0229296402,0.0682626838) (0.0678098819,0.2231230207) (0.1187254007,0.3613322499) (0.1278809869,0.5826169009) (0.0972822253,0.8177100910) (0.1678199251,1.1801123449) (0.2233852428,1.7165263104) (0.1741666969,2.7424172910)
Optimizing +R8 model parameters by 2-BFGS,EM algorithm...
Site proportion and rates:  (0.0230817868,0.0682626838) (0.0676935238,0.2231230207) (0.1153303075,0.3568242172) (0.1221300377,0.5707980087) (0.1032040732,0.7984729551) (0.1732114058,1.1801123449) (0.2405396680,1.7544967479) (0.1548091973,2.8803678174)
Optimizing +R8 model parameters by 2-BFGS,EM algorithm...
Site proportion and rates:  (0.0230112577,0.0682626838) (0.0656136596,0.2231230207) (0.1129348545,0.3562656722) (0.1074927316,0.5553455290) (0.1143443999,0.7743141071) (0.1793090422,1.1811832662) (0.2461476963,1.7770297421) (0.1511463583,2.9435919494)
Optimizing +R8 model parameters by 2-BFGS,EM algorithm...
Site proportion and rates:  (0.0229385900,0.0682626838) (0.0634209610,0.2231230207) (0.1106026409,0.3560598761) (0.0978225885,0.5433154066) (0.1214886529,0.7606594725) (0.1837714790,1.1815117487) (0.2488051187,1.7962017893) (0.1511499689,2.9775596963)
Optimizing +R8 model parameters by 2-BFGS,EM algorithm...
Site proportion and rates:  (0.0229015726,0.0682626838) (0.0624179454,0.2231230207) (0.1098731790,0.3565237684) (0.0949105089,0.5409270134) (0.1229183661,0.7572922600) (0.1856152897,1.1830389680) (0.2501927578,1.8054607408) (0.1511703806,2.9986859933)
Optimizing +R8 model parameters by 2-BFGS,EM algorithm...
Site proportion and rates:  (0.0228844721,0.0682626838) (0.0619065133,0.2231230207) (0.1098244720,0.3565237684) (0.0943612067,0.5409270134) (0.1231763844,0.7572922600) (0.1863172809,1.1856665320) (0.2504652259,1.8107604494) (0.1510644446,3.0099106252)
Optimizing +R8 model parameters by 2-BFGS,EM algorithm...
Site proportion and rates:  (0.0228668789,0.0682626838) (0.0615712385,0.2231230207) (0.1097782016,0.3569942428) (0.0940608757,0.5409270134) (0.1234900639,0.7581332673) (0.1866086334,1.1880390509) (0.2506795416,1.8158230833) (0.1509445664,3.0193280032)
Optimal log-likelihood: -157453.3395462764
438  mtVer+F+R8    157453.340   1046 316998.679   2507322.679  321616.871
Alignment state count time was 0.001 seconds.
Empirical state frequencies: 0.1056712920 0.0445519260 0.0346507125 0.0570178289 0.0147245203 0.0335849569 0.0481479918 0.0775284677 0.0352007799 0.0574853862 0.0955638032 0.0538824446 0.0193175832 0.0407977159 0.0519297053 0.0601944682 0.0647118969 0.0113209782 0.0313778114 0.0623397311 
Optimizing model mtVer+F+R9
1. Initial log-likelihood: -157934.5495568026 (took 0.6739577890 wall-clock sec)
Optimizing +R9 model parameters by 2-BFGS,EM algorithm...
Site proportion and rates:  (0.0221476496,0.0594740365) (0.0490013279,0.1992982549) (0.0690995793,0.3056169357) (0.0833777748,0.3977357495) (0.1267606373,0.5970510853) (0.0902620117,0.8372653813) (0.1649394455,1.1749721578) (0.2259142765,1.7036504337) (0.1684972973,2.7330800436)
Optimizing +R9 model parameters by 2-BFGS,EM algorithm...
Site proportion and rates:  (0.0225279550,0.0594740365) (0.0548142266,0.1992982549) (0.0915137354,0.3153802070) (0.0717162114,0.4337618182) (0.1252869561,0.6129354560) (0.0858542919,0.8641281961) (0.1622608583,1.1771535351) (0.2384129242,1.7159409846) (0.1476128411,2.8344806496)
Optimizing +R9 model parameters by 2-BFGS,EM algorithm...
Site proportion and rates:  (0.0226068278,0.0594740365) (0.0575525466,0.1992982549) (0.1069130911,0.3215220225) (0.0784558418,0.4719514610) (0.1138222821,0.6413748524) (0.0831721409,0.8950649091) (0.1566465229,1.1812362309) (0.2381680352,1.7095840204) (0.1426627116,2.8344806496)
Optimizing +R9 model parameters by 2-BFGS,EM algorithm...
Site proportion and rates:  (0.0226106799,0.0594740365) (0.0581969493,0.1992982549) (0.1095485747,0.3228948111) (0.0840737962,0.4817470589) (0.1101678573,0.6531046814) (0.0843393791,0.9120270003) (0.1521609555,1.1879521519) (0.2369930260,1.7095840204) (0.1419087821,2.8344806496)
Optimizing +R9 model parameters by 2-BFGS,EM algorithm...
Site proportion and rates:  (0.0226102283,0.0594740365) (0.0582118209,0.1992982549) (0.1098233475,0.3228948111) (0.0851937546,0.4827328196) (0.1097261570,0.6550659557) (0.0863738175,0.9170988685) (0.1502764814,1.1918853497) (0.2361081853,1.7112936045) (0.1416762075,2.8344806496)
Optimal log-likelihood: -157445.5879180579
439  mtVer+F+R9    157445.588   1048 316987.176   2515691.176  321614.197
Optimizing model mtInv+R8
1. Initial log-likelihood: -162876.046 (took 0.439 wall-clock sec)
Optimizing +R8 model parameters by 2-BFGS,EM algorithm...
Site proportion and rates:  (0.019,0.086) (0.078,0.239) (0.124,0.394) (0.114,0.600) (0.127,0.898) (0.123,1.245) (0.195,1.633) (0.219,2.338)
Optimizing +R8 model parameters by 2-BFGS,EM algorithm...
Site proportion and rates:  (0.020,0.086) (0.078,0.234) (0.123,0.387) (0.115,0.590) (0.137,0.895) (0.144,1.278) (0.202,1.704) (0.181,2.452)
Optimizing +R8 model parameters by 2-BFGS,EM algorithm...
Site proportion and rates:  (0.020,0.086) (0.078,0.232) (0.123,0.383) (0.116,0.585) (0.142,0.893) (0.171,1.310) (0.197,1.772) (0.154,2.547)
Optimizing +R8 model parameters by 2-BFGS,EM algorithm...
Site proportion and rates:  (0.020,0.086) (0.078,0.230) (0.123,0.379) (0.117,0.579) (0.147,0.890) (0.205,1.342) (0.192,1.870) (0.119,2.727)
Optimizing +R8 model parameters by 2-BFGS,EM algorithm...
Site proportion and rates:  (0.020,0.086) (0.077,0.228) (0.123,0.377) (0.117,0.576) (0.150,0.889) (0.221,1.352) (0.195,1.923) (0.096,2.884)
Optimizing +R8 model parameters by 2-BFGS,EM algorithm...
Site proportion and rates:  (0.020,0.086) (0.077,0.228) (0.123,0.377) (0.117,0.576) (0.150,0.889) (0.225,1.356) (0.202,1.943) (0.084,2.999)
Optimizing +R8 model parameters by 2-BFGS,EM algorithm...
Site proportion and rates:  (0.020,0.086) (0.077,0.228) (0.123,0.377) (0.117,0.576) (0.150,0.889) (0.226,1.356) (0.205,1.949) (0.081,3.034)
Optimal log-likelihood: -162610.854
449  mtInv+R8      162610.854   1027 327275.708   2438787.708  331810.012
Optimizing model mtInv+R9
1. Initial log-likelihood: -162866.581 (took 0.409 wall-clock sec)
Optimizing +R9 model parameters by 2-BFGS,EM algorithm...
Site proportion and rates:  (0.010,0.055) (0.045,0.195) (0.071,0.294) (0.104,0.422) (0.107,0.609) (0.128,0.900) (0.123,1.249) (0.196,1.638) (0.216,2.343)
Optimizing +R9 model parameters by 2-BFGS,EM algorithm...
Site proportion and rates:  (0.011,0.055) (0.050,0.195) (0.080,0.303) (0.096,0.432) (0.102,0.606) (0.136,0.896) (0.149,1.284) (0.201,1.716) (0.174,2.471)
Optimizing +R9 model parameters by 2-BFGS,EM algorithm...
Site proportion and rates:  (0.011,0.055) (0.051,0.195) (0.082,0.304) (0.095,0.433) (0.101,0.606) (0.141,0.899) (0.179,1.325) (0.195,1.802) (0.145,2.591)
Optimizing +R9 model parameters by 2-BFGS,EM algorithm...
Site proportion and rates:  (0.011,0.055) (0.053,0.195) (0.082,0.304) (0.095,0.432) (0.101,0.602) (0.146,0.898) (0.213,1.354) (0.191,1.902) (0.109,2.793)
Optimizing +R9 model parameters by 2-BFGS,EM algorithm...
Site proportion and rates:  (0.011,0.055) (0.053,0.195) (0.082,0.304) (0.095,0.432) (0.101,0.602) (0.147,0.899) (0.223,1.363) (0.199,1.947) (0.089,2.959)
Optimizing +R9 model parameters by 2-BFGS,EM algorithm...
Site proportion and rates:  (0.011,0.055) (0.053,0.195) (0.082,0.304) (0.094,0.432) (0.101,0.602) (0.147,0.899) (0.225,1.368) (0.204,1.962) (0.082,3.047)
Optimizing +R9 model parameters by 2-BFGS,EM algorithm...
Site proportion and rates:  (0.011,0.055) (0.053,0.195) (0.082,0.304) (0.094,0.432) (0.101,0.602) (0.148,0.901) (0.225,1.369) (0.205,1.966) (0.081,3.061)
Optimal log-likelihood: -162600.988
450  mtInv+R9      162600.988   1029 327259.976   2446999.976  331803.111
Alignment state count time was 0.001 seconds.
Empirical state frequencies: 0.1056712920 0.0445519260 0.0346507125 0.0570178289 0.0147245203 0.0335849569 0.0481479918 0.0775284677 0.0352007799 0.0574853862 0.0955638032 0.0538824446 0.0193175832 0.0407977159 0.0519297053 0.0601944682 0.0647118969 0.0113209782 0.0313778114 0.0623397311 
Optimizing model mtInv+F+R8
1. Initial log-likelihood: -153987.1451994478 (took 0.5587378730 wall-clock sec)
Optimizing +R8 model parameters by 2-BFGS,EM algorithm...
Site proportion and rates:  (0.0240289552,0.0781122669) (0.0714687323,0.2335538426) (0.1227796263,0.3882296663) (0.1450781547,0.5898969685) (0.1034032475,0.8825085739) (0.1531830169,1.1440757089) (0.2206097575,1.5566519285) (0.1594485096,2.3670490040)
Optimizing +R8 model parameters by 2-BFGS,EM algorithm...
Site proportion and rates:  (0.0239049153,0.0781122669) (0.0683415415,0.2300371729) (0.1210778878,0.3813549183) (0.1511618526,0.5861700835) (0.1069515848,0.8880090994) (0.1470089785,1.1477112648) (0.2245609027,1.5602191383) (0.1569923367,2.3847666548)
Optimizing +R8 model parameters by 2-BFGS,EM algorithm...
Site proportion and rates:  (0.0238882065,0.0781122669) (0.0678594891,0.2295773284) (0.1205475565,0.3805925896) (0.1519048428,0.5855839134) (0.1080305445,0.8880090994) (0.1464244870,1.1489801312) (0.2249893523,1.5617793576) (0.1563555214,2.3871514215)
Optimal log-likelihood: -153837.7638415264
460  mtInv+F+R8    153837.764   1046 309767.528   2500091.528  314385.719
Alignment state count time was 0.001 seconds.
Empirical state frequencies: 0.1056712920 0.0445519260 0.0346507125 0.0570178289 0.0147245203 0.0335849569 0.0481479918 0.0775284677 0.0352007799 0.0574853862 0.0955638032 0.0538824446 0.0193175832 0.0407977159 0.0519297053 0.0601944682 0.0647118969 0.0113209782 0.0313778114 0.0623397311 
Optimizing model mtInv+F+R9
1. Initial log-likelihood: -153988.8893818900 (took 0.5814839461 wall-clock sec)
Optimizing +R9 model parameters by 2-BFGS,EM algorithm...
Site proportion and rates:  (0.0219819739,0.0736602433) (0.0455785278,0.2095661722) (0.0511564226,0.2952929497) (0.1095180696,0.4106659665) (0.1375353110,0.5959843411) (0.1038078267,0.8847644594) (0.1506509341,1.1410901477) (0.2214895568,1.5493545430) (0.1582813775,2.3578028380)
Optimizing +R9 model parameters by 2-BFGS,EM algorithm...
Site proportion and rates:  (0.0224955606,0.0736602433) (0.0526332766,0.2124168314) (0.0535441369,0.3096477456) (0.1029634726,0.4151688363) (0.1371397581,0.5957335442) (0.1088602213,0.8907794723) (0.1433275170,1.1422312380) (0.2233617873,1.5462573830) (0.1556742697,2.3603626259)
Optimizing +R9 model parameters by 2-BFGS,EM algorithm...
Site proportion and rates:  (0.0225972426,0.0737339037) (0.0542898912,0.2134810424) (0.0580819102,0.3163624149) (0.0990314929,0.4204921850) (0.1355270144,0.5975225329) (0.1103802285,0.8926234421) (0.1416688738,1.1445223510) (0.2233105182,1.5462573830) (0.1551128282,2.3603626259)
Optimizing +R9 model parameters by 2-BFGS,EM algorithm...
Site proportion and rates:  (0.0226509989,0.0737339037) (0.0551681755,0.2141221264) (0.0624923053,0.3211222124) (0.0958224691,0.4253602670) (0.1337561781,0.5987181757) (0.1109178831,0.8935186347) (0.1411118079,1.1445223510) (0.2232769285,1.5462573830) (0.1548032535,2.3603626259)
Optimal log-likelihood: -153834.2474595708
461  mtInv+F+R9    153834.247   1048 309764.495   2508468.495  314391.517
Optimizing model mtMAM+R8
1. Initial log-likelihood: -167582.739 (took 0.327 wall-clock sec)
Optimizing +R8 model parameters by 2-BFGS,EM algorithm...
Site proportion and rates:  (0.027,0.077) (0.103,0.222) (0.104,0.369) (0.093,0.565) (0.089,0.883) (0.145,1.295) (0.161,1.801) (0.277,2.740)
Optimizing +R8 model parameters by 2-BFGS,EM algorithm...
Site proportion and rates:  (0.029,0.077) (0.107,0.222) (0.097,0.358) (0.097,0.546) (0.093,0.868) (0.192,1.315) (0.201,2.005) (0.185,3.099)
Optimizing +R8 model parameters by 2-BFGS,EM algorithm...
Site proportion and rates:  (0.028,0.077) (0.104,0.222) (0.092,0.357) (0.101,0.544) (0.096,0.879) (0.197,1.346) (0.208,2.077) (0.173,3.240)
Optimizing +R8 model parameters by 2-BFGS,EM algorithm...
Site proportion and rates:  (0.027,0.077) (0.103,0.222) (0.091,0.359) (0.104,0.550) (0.097,0.893) (0.198,1.375) (0.209,2.125) (0.172,3.318)
Optimizing +R8 model parameters by 2-BFGS,EM algorithm...
Site proportion and rates:  (0.026,0.077) (0.101,0.222) (0.091,0.363) (0.105,0.557) (0.097,0.908) (0.199,1.401) (0.209,2.163) (0.171,3.383)
Optimizing +R8 model parameters by 2-BFGS,EM algorithm...
Site proportion and rates:  (0.026,0.077) (0.100,0.222) (0.092,0.366) (0.106,0.564) (0.097,0.921) (0.199,1.421) (0.209,2.197) (0.171,3.434)
Optimizing +R8 model parameters by 2-BFGS,EM algorithm...
Site proportion and rates:  (0.025,0.077) (0.100,0.222) (0.092,0.368) (0.106,0.570) (0.098,0.932) (0.199,1.440) (0.209,2.225) (0.171,3.480)
Optimizing +R8 model parameters by 2-BFGS,EM algorithm...
Site proportion and rates:  (0.024,0.077) (0.099,0.222) (0.093,0.370) (0.107,0.575) (0.098,0.942) (0.199,1.456) (0.209,2.252) (0.171,3.519)
Optimizing +R8 model parameters by 2-BFGS,EM algorithm...
Site proportion and rates:  (0.024,0.077) (0.098,0.222) (0.093,0.372) (0.108,0.579) (0.098,0.951) (0.199,1.471) (0.209,2.273) (0.171,3.556)
Optimizing +R8 model parameters by 2-BFGS,EM algorithm...
Site proportion and rates:  (0.024,0.077) (0.097,0.222) (0.093,0.372) (0.109,0.582) (0.098,0.957) (0.199,1.482) (0.209,2.290) (0.171,3.583)
Optimizing +R8 model parameters by 2-BFGS,EM algorithm...
Site proportion and rates:  (0.023,0.077) (0.096,0.222) (0.094,0.373) (0.109,0.585) (0.098,0.963) (0.200,1.492) (0.209,2.306) (0.171,3.608)
Optimizing +R8 model parameters by 2-BFGS,EM algorithm...
Site proportion and rates:  (0.023,0.077) (0.095,0.222) (0.094,0.373) (0.110,0.587) (0.099,0.968) (0.200,1.502) (0.209,2.321) (0.171,3.632)
Optimizing +R8 model parameters by 2-BFGS,EM algorithm...
Site proportion and rates:  (0.023,0.077) (0.094,0.222) (0.094,0.373) (0.110,0.590) (0.099,0.974) (0.200,1.511) (0.209,2.336) (0.171,3.655)
Optimizing +R8 model parameters by 2-BFGS,EM algorithm...
Site proportion and rates:  (0.022,0.077) (0.093,0.222) (0.095,0.373) (0.111,0.592) (0.099,0.979) (0.200,1.520) (0.209,2.351) (0.171,3.676)
Optimizing +R8 model parameters by 2-BFGS,EM algorithm...
Site proportion and rates:  (0.022,0.077) (0.092,0.222) (0.095,0.373) (0.112,0.594) (0.099,0.984) (0.200,1.528) (0.209,2.364) (0.171,3.700)
Optimizing +R8 model parameters by 2-BFGS,EM algorithm...
Site proportion and rates:  (0.022,0.077) (0.091,0.222) (0.096,0.373) (0.112,0.597) (0.099,0.989) (0.200,1.537) (0.209,2.378) (0.171,3.719)
Optimizing +R8 model parameters by 2-BFGS,EM algorithm...
Site proportion and rates:  (0.022,0.077) (0.091,0.222) (0.096,0.373) (0.113,0.599) (0.099,0.994) (0.200,1.545) (0.209,2.391) (0.171,3.742)
Optimizing +R8 model parameters by 2-BFGS,EM algorithm...
Site proportion and rates:  (0.021,0.077) (0.090,0.222) (0.096,0.374) (0.113,0.601) (0.100,0.999) (0.200,1.554) (0.209,2.402) (0.171,3.760)
Optimizing +R8 model parameters by 2-BFGS,EM algorithm...
Site proportion and rates:  (0.021,0.077) (0.089,0.222) (0.097,0.374) (0.113,0.604) (0.100,1.004) (0.200,1.561) (0.209,2.416) (0.171,3.779)
Optimizing +R8 model parameters by 2-BFGS,EM algorithm...
Site proportion and rates:  (0.021,0.077) (0.088,0.222) (0.097,0.375) (0.114,0.606) (0.100,1.008) (0.200,1.570) (0.209,2.427) (0.171,3.799)
Optimizing +R8 model parameters by 2-BFGS,EM algorithm...
Site proportion and rates:  (0.021,0.077) (0.088,0.222) (0.098,0.375) (0.114,0.608) (0.100,1.011) (0.200,1.574) (0.209,2.434) (0.171,3.810)
Optimizing +R8 model parameters by 2-BFGS,EM algorithm...
Site proportion and rates:  (0.020,0.077) (0.088,0.222) (0.098,0.375) (0.114,0.609) (0.100,1.014) (0.200,1.578) (0.209,2.441) (0.171,3.820)
Optimizing +R8 model parameters by 2-BFGS,EM algorithm...
Site proportion and rates:  (0.020,0.077) (0.087,0.222) (0.098,0.376) (0.114,0.611) (0.100,1.017) (0.200,1.583) (0.209,2.450) (0.171,3.836)
Optimizing +R8 model parameters by 2-BFGS,EM algorithm...
Site proportion and rates:  (0.020,0.077) (0.087,0.222) (0.098,0.376) (0.114,0.612) (0.100,1.020) (0.200,1.588) (0.209,2.456) (0.171,3.844)
Optimizing +R8 model parameters by 2-BFGS,EM algorithm...
Site proportion and rates:  (0.020,0.077) (0.087,0.222) (0.099,0.377) (0.114,0.614) (0.100,1.022) (0.200,1.593) (0.209,2.463) (0.171,3.856)
Optimizing +R8 model parameters by 2-BFGS,EM algorithm...
Site proportion and rates:  (0.020,0.077) (0.086,0.222) (0.099,0.377) (0.115,0.615) (0.100,1.025) (0.200,1.597) (0.209,2.470) (0.171,3.866)
Optimizing +R8 model parameters by 2-BFGS,EM algorithm...
Site proportion and rates:  (0.020,0.077) (0.086,0.222) (0.099,0.377) (0.115,0.616) (0.100,1.028) (0.200,1.602) (0.209,2.477) (0.171,3.877)
Optimizing +R8 model parameters by 2-BFGS,EM algorithm...
Site proportion and rates:  (0.020,0.077) (0.086,0.222) (0.099,0.378) (0.115,0.618) (0.100,1.030) (0.200,1.606) (0.209,2.483) (0.171,3.889)
Optimizing +R8 model parameters by 2-BFGS,EM algorithm...
Site proportion and rates:  (0.020,0.077) (0.085,0.222) (0.100,0.378) (0.115,0.619) (0.100,1.032) (0.200,1.610) (0.209,2.490) (0.171,3.899)
Optimal log-likelihood: -166074.381
471  mtMAM+R8      166074.381   1027 334202.762   2445714.762  338737.067
Optimizing model mtMAM+R9
1. Initial log-likelihood: -167573.911 (took 0.433 wall-clock sec)
Optimizing +R9 model parameters by 2-BFGS,EM algorithm...
Site proportion and rates:  (0.018,0.054) (0.082,0.195) (0.060,0.285) (0.083,0.394) (0.086,0.574) (0.089,0.880) (0.164,1.301) (0.170,1.883) (0.248,2.842)
Optimizing +R9 model parameters by 2-BFGS,EM algorithm...
Site proportion and rates:  (0.019,0.054) (0.092,0.195) (0.066,0.296) (0.071,0.406) (0.084,0.567) (0.091,0.873) (0.194,1.315) (0.205,2.017) (0.177,3.133)
Optimizing +R9 model parameters by 2-BFGS,EM algorithm...
Site proportion and rates:  (0.019,0.054) (0.091,0.195) (0.072,0.302) (0.068,0.418) (0.083,0.577) (0.091,0.887) (0.197,1.335) (0.208,2.059) (0.171,3.213)
Optimizing +R9 model parameters by 2-BFGS,EM algorithm...
Site proportion and rates:  (0.018,0.054) (0.090,0.195) (0.076,0.305) (0.069,0.429) (0.081,0.588) (0.091,0.900) (0.197,1.354) (0.208,2.087) (0.171,3.263)
Optimizing +R9 model parameters by 2-BFGS,EM algorithm...
Site proportion and rates:  (0.018,0.054) (0.088,0.195) (0.078,0.308) (0.070,0.437) (0.079,0.598) (0.090,0.912) (0.197,1.371) (0.208,2.113) (0.171,3.304)
Optimizing +R9 model parameters by 2-BFGS,EM algorithm...
Site proportion and rates:  (0.018,0.054) (0.087,0.195) (0.080,0.310) (0.071,0.444) (0.078,0.606) (0.090,0.922) (0.197,1.385) (0.208,2.136) (0.171,3.338)
Optimizing +R9 model parameters by 2-BFGS,EM algorithm...
Site proportion and rates:  (0.018,0.054) (0.085,0.195) (0.082,0.311) (0.072,0.449) (0.077,0.612) (0.090,0.929) (0.197,1.396) (0.208,2.151) (0.171,3.364)
Optimizing +R9 model parameters by 2-BFGS,EM algorithm...
Site proportion and rates:  (0.018,0.054) (0.084,0.195) (0.082,0.311) (0.072,0.451) (0.077,0.616) (0.090,0.936) (0.197,1.405) (0.208,2.165) (0.171,3.387)
Optimizing +R9 model parameters by 2-BFGS,EM algorithm...
Site proportion and rates:  (0.018,0.054) (0.083,0.195) (0.082,0.311) (0.073,0.451) (0.078,0.618) (0.090,0.941) (0.197,1.414) (0.208,2.179) (0.171,3.408)
Optimizing +R9 model parameters by 2-BFGS,EM algorithm...
Site proportion and rates:  (0.018,0.054) (0.082,0.195) (0.081,0.310) (0.074,0.448) (0.079,0.620) (0.091,0.946) (0.197,1.423) (0.208,2.193) (0.171,3.427)
Optimizing +R9 model parameters by 2-BFGS,EM algorithm...
Site proportion and rates:  (0.018,0.054) (0.080,0.195) (0.078,0.306) (0.075,0.442) (0.082,0.619) (0.091,0.951) (0.197,1.430) (0.208,2.203) (0.171,3.446)
Optimizing +R9 model parameters by 2-BFGS,EM algorithm...
Site proportion and rates:  (0.018,0.054) (0.077,0.195) (0.075,0.301) (0.078,0.434) (0.085,0.617) (0.091,0.956) (0.197,1.439) (0.208,2.218) (0.171,3.469)
Optimizing +R9 model parameters by 2-BFGS,EM algorithm...
Site proportion and rates:  (0.018,0.054) (0.074,0.195) (0.070,0.293) (0.082,0.423) (0.089,0.616) (0.092,0.960) (0.197,1.448) (0.208,2.232) (0.171,3.492)
Optimizing +R9 model parameters by 2-BFGS,EM algorithm...
Site proportion and rates:  (0.018,0.055) (0.069,0.195) (0.064,0.282) (0.088,0.412) (0.093,0.613) (0.092,0.965) (0.198,1.459) (0.208,2.251) (0.171,3.518)
Optimizing +R9 model parameters by 2-BFGS,EM algorithm...
Site proportion and rates:  (0.018,0.055) (0.062,0.195) (0.060,0.271) (0.092,0.403) (0.097,0.609) (0.094,0.969) (0.198,1.474) (0.209,2.273) (0.171,3.557)
Optimizing +R9 model parameters by 2-BFGS,EM algorithm...
Site proportion and rates:  (0.018,0.056) (0.058,0.195) (0.060,0.267) (0.091,0.400) (0.100,0.606) (0.095,0.974) (0.198,1.489) (0.209,2.298) (0.171,3.595)
Optimizing +R9 model parameters by 2-BFGS,EM algorithm...
Site proportion and rates:  (0.018,0.056) (0.056,0.195) (0.061,0.268) (0.090,0.400) (0.101,0.606) (0.096,0.979) (0.199,1.503) (0.209,2.320) (0.171,3.631)
Optimizing +R9 model parameters by 2-BFGS,EM algorithm...
Site proportion and rates:  (0.018,0.057) (0.055,0.195) (0.062,0.268) (0.089,0.401) (0.102,0.609) (0.096,0.985) (0.199,1.513) (0.209,2.336) (0.171,3.657)
Optimizing +R9 model parameters by 2-BFGS,EM algorithm...
Site proportion and rates:  (0.018,0.057) (0.053,0.195) (0.063,0.269) (0.090,0.403) (0.102,0.613) (0.096,0.992) (0.199,1.523) (0.209,2.352) (0.171,3.681)
Optimizing +R9 model parameters by 2-BFGS,EM algorithm...
Site proportion and rates:  (0.018,0.057) (0.052,0.195) (0.064,0.270) (0.090,0.406) (0.102,0.617) (0.096,0.998) (0.199,1.533) (0.209,2.367) (0.171,3.705)
Optimizing +R9 model parameters by 2-BFGS,EM algorithm...
Site proportion and rates:  (0.018,0.058) (0.051,0.195) (0.065,0.270) (0.090,0.408) (0.102,0.620) (0.096,1.005) (0.199,1.542) (0.209,2.382) (0.171,3.726)
Optimizing +R9 model parameters by 2-BFGS,EM algorithm...
Site proportion and rates:  (0.018,0.058) (0.050,0.195) (0.065,0.271) (0.090,0.410) (0.102,0.624) (0.096,1.010) (0.199,1.550) (0.209,2.396) (0.171,3.749)
Optimizing +R9 model parameters by 2-BFGS,EM algorithm...
Site proportion and rates:  (0.018,0.058) (0.050,0.195) (0.066,0.272) (0.090,0.412) (0.102,0.627) (0.096,1.016) (0.199,1.558) (0.209,2.407) (0.171,3.769)
Optimizing +R9 model parameters by 2-BFGS,EM algorithm...
Site proportion and rates:  (0.017,0.059) (0.049,0.195) (0.067,0.273) (0.090,0.414) (0.103,0.630) (0.096,1.020) (0.198,1.566) (0.209,2.419) (0.171,3.787)
Optimizing +R9 model parameters by 2-BFGS,EM algorithm...
Site proportion and rates:  (0.017,0.059) (0.048,0.195) (0.067,0.273) (0.090,0.415) (0.103,0.632) (0.096,1.023) (0.198,1.571) (0.209,2.426) (0.171,3.798)
Optimizing +R9 model parameters by 2-BFGS,EM algorithm...
Site proportion and rates:  (0.017,0.059) (0.048,0.195) (0.067,0.274) (0.090,0.416) (0.102,0.634) (0.096,1.027) (0.198,1.575) (0.209,2.433) (0.171,3.808)
Optimizing +R9 model parameters by 2-BFGS,EM algorithm...
Site proportion and rates:  (0.017,0.059) (0.048,0.195) (0.068,0.274) (0.090,0.417) (0.103,0.636) (0.096,1.030) (0.198,1.580) (0.209,2.440) (0.171,3.819)
Optimizing +R9 model parameters by 2-BFGS,EM algorithm...
Site proportion and rates:  (0.017,0.059) (0.047,0.195) (0.068,0.275) (0.090,0.419) (0.103,0.638) (0.096,1.033) (0.199,1.585) (0.209,2.450) (0.171,3.830)
Optimizing +R9 model parameters by 2-BFGS,EM algorithm...
Site proportion and rates:  (0.017,0.059) (0.047,0.195) (0.068,0.275) (0.090,0.420) (0.103,0.639) (0.096,1.036) (0.199,1.590) (0.209,2.455) (0.171,3.842)
Optimizing +R9 model parameters by 2-BFGS,EM algorithm...
Site proportion and rates:  (0.017,0.059) (0.047,0.195) (0.069,0.276) (0.090,0.421) (0.103,0.641) (0.096,1.038) (0.199,1.594) (0.209,2.462) (0.171,3.854)
Optimizing +R9 model parameters by 2-BFGS,EM algorithm...
Site proportion and rates:  (0.017,0.059) (0.046,0.195) (0.069,0.276) (0.090,0.422) (0.103,0.642) (0.096,1.042) (0.199,1.598) (0.209,2.469) (0.171,3.864)
Optimizing +R9 model parameters by 2-BFGS,EM algorithm...
Site proportion and rates:  (0.017,0.060) (0.046,0.195) (0.069,0.277) (0.090,0.423) (0.103,0.644) (0.096,1.044) (0.199,1.603) (0.209,2.475) (0.171,3.874)
Optimizing +R9 model parameters by 2-BFGS,EM algorithm...
Site proportion and rates:  (0.017,0.060) (0.046,0.195) (0.070,0.277) (0.090,0.424) (0.103,0.646) (0.096,1.047) (0.199,1.607) (0.209,2.482) (0.171,3.885)
Optimizing +R9 model parameters by 2-BFGS,EM algorithm...
Site proportion and rates:  (0.017,0.060) (0.045,0.195) (0.070,0.278) (0.090,0.425) (0.103,0.648) (0.096,1.049) (0.199,1.611) (0.209,2.488) (0.171,3.894)
Optimal log-likelihood: -166053.957
472  mtMAM+R9      166053.957   1029 334165.915   2453905.915  338709.050
Alignment state count time was 0.011 seconds.
Empirical state frequencies: 0.1056712920 0.0445519260 0.0346507125 0.0570178289 0.0147245203 0.0335849569 0.0481479918 0.0775284677 0.0352007799 0.0574853862 0.0955638032 0.0538824446 0.0193175832 0.0407977159 0.0519297053 0.0601944682 0.0647118969 0.0113209782 0.0313778114 0.0623397311 
Optimizing model mtMAM+F+R8
1. Initial log-likelihood: -160486.8682819848 (took 0.4809043501 wall-clock sec)
Optimizing +R8 model parameters by 2-BFGS,EM algorithm...
Site proportion and rates:  (0.0201637364,0.0682626838) (0.0801614384,0.2222495202) (0.1062528992,0.3625928089) (0.1163063939,0.5753074915) (0.0780975831,0.9020839558) (0.1808734889,1.2544706978) (0.1919209102,1.8558064690) (0.2262235499,2.7804139011)
Optimizing +R8 model parameters by 2-BFGS,EM algorithm...
Site proportion and rates:  (0.0205639036,0.0682626838) (0.0824971765,0.2222495202) (0.1006483470,0.3543507535) (0.1216518246,0.5659309584) (0.1002584769,0.9244455261) (0.1845080361,1.3002867118) (0.2235418153,1.9618083950) (0.1663304199,3.0709423630)
Optimizing +R8 model parameters by 2-BFGS,EM algorithm...
Site proportion and rates:  (0.0203232757,0.0682626838) (0.0784942361,0.2222495202) (0.0990958996,0.3525472763) (0.1249483556,0.5665358792) (0.1039303166,0.9362625602) (0.1865909025,1.3297321463) (0.2290597893,2.0166990764) (0.1575572246,3.1802161731)
Optimizing +R8 model parameters by 2-BFGS,EM algorithm...
Site proportion and rates:  (0.0200772092,0.0682626838) (0.0749574853,0.2222495202) (0.0991952314,0.3536362518) (0.1270800671,0.5721171394) (0.1046018033,0.9503969658) (0.1877430670,1.3561964199) (0.2303306652,2.0587479146) (0.1560144715,3.2557806661)
Optimizing +R8 model parameters by 2-BFGS,EM algorithm...
Site proportion and rates:  (0.0198656352,0.0682626838) (0.0725939408,0.2222495202) (0.0999955526,0.3560646792) (0.1281794765,0.5798475664) (0.1049018939,0.9649419450) (0.1881691126,1.3783215925) (0.2306661493,2.0958885671) (0.1556282390,3.3158420149)
Optimizing +R8 model parameters by 2-BFGS,EM algorithm...
Site proportion and rates:  (0.0196754558,0.0682626838) (0.0708467467,0.2222495202) (0.1009169315,0.3590343540) (0.1289375788,0.5871383322) (0.1051765755,0.9788646930) (0.1881875295,1.3994671735) (0.2309146069,2.1294112676) (0.1553445752,3.3656530796)
Optimizing +R8 model parameters by 2-BFGS,EM algorithm...
Site proportion and rates:  (0.0194993448,0.0682626838) (0.0694934253,0.2222495202) (0.1017571261,0.3620470754) (0.1294704719,0.5939883672) (0.1053053734,0.9907312539) (0.1882305723,1.4189107556) (0.2310852292,2.1571778272) (0.1551584570,3.4137048977)
Optimizing +R8 model parameters by 2-BFGS,EM algorithm...
Site proportion and rates:  (0.0193397678,0.0682626838) (0.0684012083,0.2222495202) (0.1024464412,0.3646399126) (0.1298546957,0.5997449735) (0.1054613846,1.0022702846) (0.1883969782,1.4346490692) (0.2311594879,2.1827620303) (0.1549400362,3.4550787112)
Optimizing +R8 model parameters by 2-BFGS,EM algorithm...
Site proportion and rates:  (0.0192006383,0.0682626838) (0.0675763376,0.2222495202) (0.1030365576,0.3672176514) (0.1302044038,0.6052527290) (0.1056872571,1.0124550940) (0.1883169271,1.4495693345) (0.2312701048,2.2044274333) (0.1547077737,3.4895713045)
Optimizing +R8 model parameters by 2-BFGS,EM algorithm...
Site proportion and rates:  (0.0190988232,0.0682626838) (0.0670070772,0.2222495202) (0.1034888208,0.3691428331) (0.1304739208,0.6093271877) (0.1059314604,1.0198348682) (0.1881847111,1.4604053236) (0.2313935311,2.2210282144) (0.1544216554,3.5165548233)
Optimizing +R8 model parameters by 2-BFGS,EM algorithm...
Site proportion and rates:  (0.0190059102,0.0682626838) (0.0664815222,0.2222495202) (0.1037196788,0.3707045919) (0.1306971955,0.6126418211) (0.1059240696,1.0257836765) (0.1882569592,1.4692554138) (0.2314763702,2.2360368500) (0.1544382942,3.5414132549)
Optimizing +R8 model parameters by 2-BFGS,EM algorithm...
Site proportion and rates:  (0.0189248091,0.0682626838) (0.0660739191,0.2222495202) (0.1039844574,0.3722612751) (0.1308489930,0.6157965525) (0.1059866249,1.0313927975) (0.1883107193,1.4777785508) (0.2315076612,2.2498328164) (0.1543628161,3.5601782922)
Optimizing +R8 model parameters by 2-BFGS,EM algorithm...
Site proportion and rates:  (0.0188523655,0.0682626838) (0.0657301038,0.2222495202) (0.1042548471,0.3737424414) (0.1309763458,0.6188000733) (0.1060744521,1.0368078246) (0.1882604055,1.4857842472) (0.2315263596,2.2603261560) (0.1543251206,3.5798407085)
Optimizing +R8 model parameters by 2-BFGS,EM algorithm...
Site proportion and rates:  (0.0188144595,0.0682626838) (0.0655564144,0.2222495202) (0.1043361409,0.3746620362) (0.1310249575,0.6202088756) (0.1059978571,1.0393636599) (0.1883468214,1.4896947580) (0.2315178455,2.2667362272) (0.1544055036,3.5879033725)
Optimizing +R8 model parameters by 2-BFGS,EM algorithm...
Site proportion and rates:  (0.0187776039,0.0682626838) (0.0653891352,0.2222495202) (0.1044632085,0.3754389067) (0.1310694790,0.6217249783) (0.1059725922,1.0419509047) (0.1883698468,1.4933449571) (0.2315250655,2.2730024525) (0.1544330689,3.5971721447)
Optimizing +R8 model parameters by 2-BFGS,EM algorithm...
Site proportion and rates:  (0.0187434164,0.0682626838) (0.0652388952,0.2222495202) (0.1045957359,0.3761901601) (0.1311139073,0.6231939032) (0.1059882835,1.0445089876) (0.1883871477,1.4970831632) (0.2315393056,2.2787776729) (0.1543933084,3.6064687690)
Optimal log-likelihood: -159699.7475459172
482  mtMAM+F+R8    159699.748   1046 321491.495   2511815.495  326109.687
Alignment state count time was 0.001 seconds.
Empirical state frequencies: 0.1056712920 0.0445519260 0.0346507125 0.0570178289 0.0147245203 0.0335849569 0.0481479918 0.0775284677 0.0352007799 0.0574853862 0.0955638032 0.0538824446 0.0193175832 0.0407977159 0.0519297053 0.0601944682 0.0647118969 0.0113209782 0.0313778114 0.0623397311 
Optimizing model mtMAM+F+R9
1. Initial log-likelihood: -160485.9909408233 (took 0.4075588851 wall-clock sec)
Optimizing +R9 model parameters by 2-BFGS,EM algorithm...
Site proportion and rates:  (0.0182629408,0.0544042017) (0.0630552445,0.1947306862) (0.0787296081,0.3064056893) (0.0804255253,0.4394381463) (0.0946157047,0.6155743175) (0.0846089735,0.9361408432) (0.1789434004,1.2660999986) (0.2014800531,1.8776450739) (0.1998785495,2.8429807053)
Optimizing +R9 model parameters by 2-BFGS,EM algorithm...
Site proportion and rates:  (0.0187048595,0.0544042017) (0.0662406089,0.1947306862) (0.0855513431,0.3055743727) (0.0840080207,0.4511919318) (0.0842769628,0.6215946954) (0.1019426292,0.9456967213) (0.1758397563,1.2845573604) (0.2253497055,1.9251425825) (0.1580861139,3.0239007700)
Optimizing +R9 model parameters by 2-BFGS,EM algorithm...
Site proportion and rates:  (0.0186366111,0.0544042017) (0.0658999082,0.1947306862) (0.0866478082,0.3073428822) (0.0853588344,0.4561410362) (0.0823667404,0.6270398796) (0.1034121573,0.9521198144) (0.1756347254,1.2937964407) (0.2287576441,1.9436217631) (0.1532855709,3.0706669277)
Optimizing +R9 model parameters by 2-BFGS,EM algorithm...
Site proportion and rates:  (0.0185505368,0.0544042017) (0.0654931849,0.1947306862) (0.0872065080,0.3091346124) (0.0858464018,0.4596039418) (0.0819327882,0.6321816107) (0.1036689455,0.9588414529) (0.1754688813,1.3032359557) (0.2291487518,1.9566030928) (0.1526840018,3.0935443037)
Optimizing +R9 model parameters by 2-BFGS,EM algorithm...
Site proportion and rates:  (0.0184681330,0.0544042017) (0.0650764628,0.1947306862) (0.0875756849,0.3104542786) (0.0859431329,0.4620148942) (0.0818577073,0.6360478028) (0.1036617402,0.9642717218) (0.1755756612,1.3104955342) (0.2291972952,1.9691028076) (0.1526441825,3.1110682876)
Optimizing +R9 model parameters by 2-BFGS,EM algorithm...
Site proportion and rates:  (0.0184000097,0.0544042017) (0.0647236913,0.1947306862) (0.0877879891,0.3117620448) (0.0861083157,0.4639785154) (0.0819280886,0.6389053103) (0.1037320254,0.9695517720) (0.1754153863,1.3176543502) (0.2292284351,1.9785529980) (0.1526760589,3.1287537198)
Optimizing +R9 model parameters by 2-BFGS,EM algorithm...
Site proportion and rates:  (0.0183610761,0.0544042017) (0.0645378488,0.1947306862) (0.0880136023,0.3124804284) (0.0862031549,0.4654124771) (0.0818688466,0.6409344244) (0.1038667887,0.9728298366) (0.1753024148,1.3220540825) (0.2290748675,1.9841994936) (0.1527714005,3.1361168539)
Optimizing +R9 model parameters by 2-BFGS,EM algorithm...
Site proportion and rates:  (0.0183258555,0.0544042017) (0.0643644658,0.1947306862) (0.0882115174,0.3132025354) (0.0863120655,0.4668172639) (0.0818154172,0.6429424464) (0.1038612558,0.9759930870) (0.1751969042,1.3252077608) (0.2293041743,1.9898233581) (0.1526083445,3.1476310349)
Optimizing +R9 model parameters by 2-BFGS,EM algorithm...
Site proportion and rates:  (0.0182934019,0.0544042017) (0.0641566292,0.1947306862) (0.0882434478,0.3135924683) (0.0863310994,0.4677513654) (0.0819352589,0.6442668205) (0.1037715981,0.9779460494) (0.1753531107,1.3283330845) (0.2292722782,1.9956395437) (0.1526431758,3.1542090889)
Optimizing +R9 model parameters by 2-BFGS,EM algorithm...
Site proportion and rates:  (0.0182657493,0.0544042017) (0.0640403658,0.1947306862) (0.0883760332,0.3143879700) (0.0863099992,0.4687818888) (0.0819413157,0.6456096886) (0.1037539195,0.9800657147) (0.1754626529,1.3315297934) (0.2292687227,2.0007969985) (0.1525812417,3.1618270929)
Optimal log-likelihood: -159686.4450047926
483  mtMAM+F+R9    159686.445   1048 321468.890   2520172.890  326095.912
WARNING: Normalizing state frequencies so that sum of them equals to 1
Optimizing model FLAVI+R8
1. Initial log-likelihood: -160108.049 (took 0.364 wall-clock sec)
Optimizing +R8 model parameters by 2-BFGS,EM algorithm...
Site proportion and rates:  (0.024,0.076) (0.075,0.243) (0.122,0.390) (0.106,0.592) (0.122,0.872) (0.152,1.176) (0.206,1.691) (0.192,2.625)
Optimizing +R8 model parameters by 2-BFGS,EM algorithm...
Site proportion and rates:  (0.024,0.076) (0.076,0.239) (0.122,0.383) (0.107,0.583) (0.133,0.871) (0.158,1.195) (0.207,1.727) (0.172,2.685)
Optimizing +R8 model parameters by 2-BFGS,EM algorithm...
Site proportion and rates:  (0.024,0.076) (0.075,0.237) (0.123,0.381) (0.108,0.582) (0.135,0.871) (0.159,1.198) (0.207,1.733) (0.170,2.695)
Optimizing +R8 model parameters by 2-BFGS,EM algorithm...
Site proportion and rates:  (0.024,0.076) (0.074,0.237) (0.123,0.381) (0.108,0.582) (0.135,0.871) (0.159,1.198) (0.207,1.733) (0.170,2.695)
Optimal log-likelihood: -159565.811
493  FLAVI+R8      159565.811   1027 321185.623   2432697.623  325719.927
WARNING: Normalizing state frequencies so that sum of them equals to 1
Optimizing model FLAVI+R9
1. Initial log-likelihood: -160097.000 (took 0.568 wall-clock sec)
Optimizing +R9 model parameters by 2-BFGS,EM algorithm...
Site proportion and rates:  (0.015,0.054) (0.035,0.195) (0.067,0.283) (0.109,0.407) (0.103,0.597) (0.123,0.874) (0.153,1.180) (0.207,1.698) (0.189,2.636)
Optimizing +R9 model parameters by 2-BFGS,EM algorithm...
Site proportion and rates:  (0.016,0.054) (0.036,0.195) (0.068,0.281) (0.109,0.404) (0.102,0.594) (0.132,0.879) (0.158,1.205) (0.207,1.741) (0.172,2.708)
Optimizing +R9 model parameters by 2-BFGS,EM algorithm...
Site proportion and rates:  (0.016,0.054) (0.036,0.195) (0.068,0.282) (0.109,0.405) (0.103,0.597) (0.134,0.885) (0.159,1.214) (0.207,1.756) (0.170,2.732)
Optimizing +R9 model parameters by 2-BFGS,EM algorithm...
Site proportion and rates:  (0.015,0.054) (0.035,0.195) (0.068,0.283) (0.109,0.407) (0.103,0.601) (0.134,0.890) (0.159,1.222) (0.207,1.767) (0.170,2.750)
Optimizing +R9 model parameters by 2-BFGS,EM algorithm...
Site proportion and rates:  (0.015,0.054) (0.035,0.195) (0.068,0.284) (0.109,0.410) (0.103,0.604) (0.134,0.896) (0.159,1.230) (0.207,1.778) (0.170,2.767)
Optimizing +R9 model parameters by 2-BFGS,EM algorithm...
Site proportion and rates:  (0.015,0.054) (0.035,0.195) (0.069,0.285) (0.109,0.413) (0.103,0.608) (0.134,0.901) (0.159,1.237) (0.207,1.789) (0.170,2.784)
Optimizing +R9 model parameters by 2-BFGS,EM algorithm...
Site proportion and rates:  (0.015,0.054) (0.034,0.195) (0.069,0.286) (0.109,0.415) (0.103,0.612) (0.134,0.907) (0.159,1.245) (0.207,1.800) (0.170,2.802)
Optimizing +R9 model parameters by 2-BFGS,EM algorithm...
Site proportion and rates:  (0.015,0.054) (0.034,0.195) (0.069,0.288) (0.110,0.417) (0.103,0.615) (0.134,0.912) (0.159,1.253) (0.207,1.811) (0.170,2.819)
Optimizing +R9 model parameters by 2-BFGS,EM algorithm...
Site proportion and rates:  (0.015,0.054) (0.033,0.195) (0.070,0.289) (0.110,0.419) (0.103,0.619) (0.134,0.918) (0.159,1.260) (0.207,1.822) (0.169,2.836)
Optimizing +R9 model parameters by 2-BFGS,EM algorithm...
Site proportion and rates:  (0.015,0.054) (0.033,0.195) (0.070,0.290) (0.110,0.422) (0.103,0.623) (0.134,0.924) (0.159,1.268) (0.207,1.833) (0.169,2.853)
Optimizing +R9 model parameters by 2-BFGS,EM algorithm...
Site proportion and rates:  (0.014,0.054) (0.033,0.195) (0.070,0.291) (0.110,0.424) (0.103,0.626) (0.134,0.929) (0.159,1.275) (0.207,1.844) (0.169,2.870)
Optimizing +R9 model parameters by 2-BFGS,EM algorithm...
Site proportion and rates:  (0.014,0.054) (0.032,0.195) (0.071,0.292) (0.110,0.427) (0.103,0.630) (0.134,0.935) (0.159,1.283) (0.207,1.855) (0.169,2.887)
Optimizing +R9 model parameters by 2-BFGS,EM algorithm...
Site proportion and rates:  (0.014,0.054) (0.032,0.195) (0.071,0.294) (0.110,0.429) (0.103,0.634) (0.134,0.940) (0.159,1.290) (0.207,1.866) (0.169,2.903)
Optimizing +R9 model parameters by 2-BFGS,EM algorithm...
Site proportion and rates:  (0.014,0.054) (0.032,0.195) (0.071,0.295) (0.110,0.431) (0.103,0.637) (0.134,0.945) (0.159,1.298) (0.207,1.876) (0.169,2.920)
Optimizing +R9 model parameters by 2-BFGS,EM algorithm...
Site proportion and rates:  (0.014,0.054) (0.031,0.195) (0.072,0.296) (0.110,0.434) (0.103,0.641) (0.134,0.951) (0.159,1.305) (0.207,1.887) (0.169,2.936)
Optimizing +R9 model parameters by 2-BFGS,EM algorithm...
Site proportion and rates:  (0.014,0.054) (0.031,0.195) (0.072,0.297) (0.110,0.436) (0.103,0.644) (0.134,0.955) (0.159,1.312) (0.207,1.897) (0.169,2.953)
Optimizing +R9 model parameters by 2-BFGS,EM algorithm...
Site proportion and rates:  (0.014,0.054) (0.030,0.195) (0.072,0.298) (0.111,0.438) (0.103,0.647) (0.134,0.960) (0.159,1.318) (0.207,1.908) (0.169,2.968)
Optimizing +R9 model parameters by 2-BFGS,EM algorithm...
Site proportion and rates:  (0.014,0.054) (0.030,0.195) (0.073,0.299) (0.111,0.439) (0.103,0.650) (0.134,0.964) (0.159,1.324) (0.207,1.914) (0.169,2.977)
Optimizing +R9 model parameters by 2-BFGS,EM algorithm...
Site proportion and rates:  (0.014,0.054) (0.030,0.195) (0.073,0.300) (0.111,0.442) (0.103,0.653) (0.134,0.969) (0.159,1.330) (0.207,1.924) (0.169,2.994)
Optimizing +R9 model parameters by 2-BFGS,EM algorithm...
Site proportion and rates:  (0.014,0.054) (0.030,0.195) (0.073,0.301) (0.111,0.443) (0.103,0.654) (0.134,0.971) (0.159,1.333) (0.207,1.928) (0.170,3.002)
Optimizing +R9 model parameters by 2-BFGS,EM algorithm...
Site proportion and rates:  (0.014,0.054) (0.030,0.195) (0.073,0.301) (0.111,0.444) (0.103,0.657) (0.134,0.975) (0.159,1.338) (0.207,1.935) (0.169,3.010)
Optimizing +R9 model parameters by 2-BFGS,EM algorithm...
Site proportion and rates:  (0.014,0.054) (0.029,0.195) (0.073,0.302) (0.111,0.445) (0.103,0.658) (0.134,0.978) (0.159,1.343) (0.207,1.942) (0.169,3.019)
Optimizing +R9 model parameters by 2-BFGS,EM algorithm...
Site proportion and rates:  (0.014,0.054) (0.029,0.195) (0.073,0.303) (0.111,0.446) (0.103,0.661) (0.134,0.981) (0.159,1.345) (0.207,1.946) (0.169,3.029)
Optimizing +R9 model parameters by 2-BFGS,EM algorithm...
Site proportion and rates:  (0.014,0.054) (0.029,0.195) (0.073,0.303) (0.111,0.447) (0.103,0.662) (0.134,0.983) (0.159,1.349) (0.207,1.951) (0.170,3.037)
Optimizing +R9 model parameters by 2-BFGS,EM algorithm...
Site proportion and rates:  (0.014,0.054) (0.029,0.195) (0.074,0.304) (0.111,0.449) (0.103,0.664) (0.134,0.986) (0.159,1.354) (0.207,1.958) (0.169,3.045)
Optimizing +R9 model parameters by 2-BFGS,EM algorithm...
Site proportion and rates:  (0.014,0.054) (0.029,0.195) (0.074,0.305) (0.111,0.450) (0.103,0.666) (0.134,0.988) (0.159,1.358) (0.207,1.964) (0.169,3.054)
Optimizing +R9 model parameters by 2-BFGS,EM algorithm...
Site proportion and rates:  (0.014,0.054) (0.028,0.195) (0.074,0.305) (0.111,0.451) (0.103,0.668) (0.134,0.991) (0.159,1.362) (0.207,1.969) (0.169,3.063)
Optimizing +R9 model parameters by 2-BFGS,EM algorithm...
Site proportion and rates:  (0.014,0.054) (0.028,0.195) (0.074,0.306) (0.111,0.452) (0.103,0.669) (0.134,0.994) (0.159,1.365) (0.207,1.974) (0.169,3.072)
Optimizing +R9 model parameters by 2-BFGS,EM algorithm...
Site proportion and rates:  (0.014,0.054) (0.028,0.195) (0.074,0.306) (0.111,0.454) (0.103,0.671) (0.134,0.997) (0.159,1.368) (0.207,1.979) (0.169,3.080)
Optimizing +R9 model parameters by 2-BFGS,EM algorithm...
Site proportion and rates:  (0.014,0.054) (0.028,0.195) (0.074,0.307) (0.111,0.455) (0.103,0.673) (0.134,0.999) (0.159,1.373) (0.207,1.986) (0.169,3.088)
Optimizing +R9 model parameters by 2-BFGS,EM algorithm...
Site proportion and rates:  (0.014,0.054) (0.028,0.195) (0.074,0.307) (0.112,0.456) (0.104,0.675) (0.134,1.002) (0.159,1.377) (0.207,1.990) (0.169,3.097)
Optimizing +R9 model parameters by 2-BFGS,EM algorithm...
Site proportion and rates:  (0.014,0.054) (0.028,0.195) (0.074,0.308) (0.112,0.457) (0.104,0.676) (0.134,1.004) (0.159,1.380) (0.207,1.995) (0.169,3.105)
Optimizing +R9 model parameters by 2-BFGS,EM algorithm...
Site proportion and rates:  (0.014,0.054) (0.028,0.195) (0.074,0.309) (0.112,0.458) (0.104,0.678) (0.134,1.008) (0.159,1.383) (0.207,2.000) (0.169,3.112)
Optimizing +R9 model parameters by 2-BFGS,EM algorithm...
Site proportion and rates:  (0.013,0.054) (0.027,0.195) (0.074,0.309) (0.112,0.459) (0.104,0.680) (0.134,1.010) (0.159,1.387) (0.207,2.005) (0.169,3.120)
Optimal log-likelihood: -159545.234
494  FLAVI+R9      159545.234   1029 321148.468   2440888.468  325691.603
WARNING: Normalizing state frequencies so that sum of them equals to 1
Alignment state count time was 0.015 seconds.
Empirical state frequencies: 0.1056712920 0.0445519260 0.0346507125 0.0570178289 0.0147245203 0.0335849569 0.0481479918 0.0775284677 0.0352007799 0.0574853862 0.0955638032 0.0538824446 0.0193175832 0.0407977159 0.0519297053 0.0601944682 0.0647118969 0.0113209782 0.0313778114 0.0623397311 
Optimizing model FLAVI+F+R8
1. Initial log-likelihood: -159434.6459335201 (took 0.4923138890 wall-clock sec)
Optimizing +R8 model parameters by 2-BFGS,EM algorithm...
Site proportion and rates:  (0.0226577265,0.0699458636) (0.0613462946,0.2296064233) (0.1293381053,0.3722794940) (0.1111895718,0.5847962530) (0.1287288736,0.8633840560) (0.1545523576,1.1921214169) (0.2101505541,1.7155477089) (0.1820365165,2.6923522071)
Optimizing +R8 model parameters by 2-BFGS,EM algorithm...
Site proportion and rates:  (0.0228054156,0.0699458636) (0.0597653785,0.2245461909) (0.1302832297,0.3654530565) (0.1124325219,0.5781167680) (0.1382561614,0.8652934669) (0.1579155369,1.2121379298) (0.2092374317,1.7433253136) (0.1693043244,2.7461380866)
Optimizing +R8 model parameters by 2-BFGS,EM algorithm...
Site proportion and rates:  (0.0228023426,0.0699458636) (0.0596154458,0.2243216446) (0.1304808561,0.3650876033) (0.1128078907,0.5781167680) (0.1402580407,0.8671848743) (0.1580550212,1.2171512824) (0.2078034311,1.7496715940) (0.1681769718,2.7522463429)
Optimal log-likelihood: -158919.5247828609
504  FLAVI+F+R8    158919.525   1046 319931.050   2510255.050  324549.241
WARNING: Normalizing state frequencies so that sum of them equals to 1
Alignment state count time was 0.000 seconds.
Empirical state frequencies: 0.1056712920 0.0445519260 0.0346507125 0.0570178289 0.0147245203 0.0335849569 0.0481479918 0.0775284677 0.0352007799 0.0574853862 0.0955638032 0.0538824446 0.0193175832 0.0407977159 0.0519297053 0.0601944682 0.0647118969 0.0113209782 0.0313778114 0.0623397311 
Optimizing model FLAVI+F+R9
1. Initial log-likelihood: -159424.3453824054 (took 0.5450809509 wall-clock sec)
Optimizing +R9 model parameters by 2-BFGS,EM algorithm...
Site proportion and rates:  (0.0166254347,0.0535549031) (0.0314183312,0.1947306862) (0.0535014613,0.2719520001) (0.1142811570,0.3844046765) (0.1095495384,0.5884715862) (0.1291183659,0.8662556335) (0.1548814887,1.1975661687) (0.2111784474,1.7218362270) (0.1794457754,2.7037289371)
Optimizing +R9 model parameters by 2-BFGS,EM algorithm...
Site proportion and rates:  (0.0170640493,0.0535549031) (0.0318993509,0.1947306862) (0.0493238749,0.2657816848) (0.1169904943,0.3780883107) (0.1109044534,0.5840733537) (0.1381983066,0.8710338332) (0.1576076811,1.2198133156) (0.2090315976,1.7531494153) (0.1689801920,2.7591014249)
Optimizing +R9 model parameters by 2-BFGS,EM algorithm...
Site proportion and rates:  (0.0169899087,0.0535549031) (0.0309158828,0.1947306862) (0.0481433168,0.2637486353) (0.1189388153,0.3780883107) (0.1113185561,0.5859045297) (0.1399110651,0.8769326694) (0.1575497011,1.2283209695) (0.2078301011,1.7656624423) (0.1684026530,2.7746028920)
Optimizing +R9 model parameters by 2-BFGS,EM algorithm...
Site proportion and rates:  (0.0169158712,0.0535549031) (0.0305392067,0.1947306862) (0.0479648055,0.2634848866) (0.1193841043,0.3784663991) (0.1113784073,0.5873169144) (0.1401441354,0.8789204476) (0.1576830368,1.2325815116) (0.2076989402,1.7697261039) (0.1682914924,2.7835726537)
Optimizing +R9 model parameters by 2-BFGS,EM algorithm...
Site proportion and rates:  (0.0168371501,0.0535549031) (0.0302200642,0.1947306862) (0.0480187742,0.2634848866) (0.1197308266,0.3793100959) (0.1116051490,0.5892436488) (0.1404038011,0.8826824328) (0.1576686849,1.2381244590) (0.2074720136,1.7767380608) (0.1680435362,2.7923882723)
Optimizing +R9 model parameters by 2-BFGS,EM algorithm...
Site proportion and rates:  (0.0167521461,0.0535549031) (0.0298684990,0.1947306862) (0.0481180051,0.2634848866) (0.1199560517,0.3802100502) (0.1115131700,0.5906106017) (0.1404656077,0.8844871182) (0.1577351819,1.2408286366) (0.2075275352,1.7814301273) (0.1680638032,2.8015872194)
Optimizing +R9 model parameters by 2-BFGS,EM algorithm...
Site proportion and rates:  (0.0166684816,0.0535549031) (0.0295581634,0.1947306862) (0.0483144385,0.2637483716) (0.1201501283,0.3810922972) (0.1116085287,0.5926373699) (0.1402839451,0.8873852945) (0.1576184022,1.2436913403) (0.2076788480,1.7861327924) (0.1681190643,2.8100320478)
Optimizing +R9 model parameters by 2-BFGS,EM algorithm...
Site proportion and rates:  (0.0165794536,0.0535549031) (0.0293484052,0.1947306862) (0.0485214546,0.2642761323) (0.1201342849,0.3820761668) (0.1115182106,0.5939361403) (0.1404133413,0.8894249602) (0.1578998271,1.2477270292) (0.2076147490,1.7927228841) (0.1679702738,2.8186497114)
Optimizing +R9 model parameters by 2-BFGS,EM algorithm...
Site proportion and rates:  (0.0164891403,0.0535549031) (0.0291413140,0.1947306862) (0.0487478354,0.2648086053) (0.1202323745,0.3831322489) (0.1116149219,0.5959941033) (0.1404007268,0.8923766641) (0.1577162699,1.2518527724) (0.2076021405,1.7969788196) (0.1680552766,2.8276393492)
Optimizing +R9 model parameters by 2-BFGS,EM algorithm...
Site proportion and rates:  (0.0163977066,0.0535549031) (0.0289415978,0.1947306862) (0.0489627436,0.2653384875) (0.1202454448,0.3842551985) (0.1114590053,0.5973027199) (0.1402763683,0.8943770296) (0.1578367322,1.2547478874) (0.2077639366,1.8020877522) (0.1681164646,2.8359235161)
Optimizing +R9 model parameters by 2-BFGS,EM algorithm...
Site proportion and rates:  (0.0163071542,0.0535549031) (0.0287266010,0.1947306862) (0.0492365778,0.2658694301) (0.1203045608,0.3853344943) (0.1115764464,0.5994394455) (0.1403883596,0.8974666076) (0.1579109695,1.2590614859) (0.2075994944,1.8089497101) (0.1679498363,2.8442262681)
Optimizing +R9 model parameters by 2-BFGS,EM algorithm...
Site proportion and rates:  (0.0162123463,0.0535549031) (0.0285091848,0.1947306862) (0.0495992582,0.2664014350) (0.1203533006,0.3868168331) (0.1115464296,0.6014051746) (0.1404806447,0.9005079024) (0.1579349125,1.2634265410) (0.2074927032,1.8151121488) (0.1678712201,2.8533501960)
Optimizing +R9 model parameters by 2-BFGS,EM algorithm...
Site proportion and rates:  (0.0160465296,0.0535549031) (0.0281463147,0.1947306862) (0.0498598735,0.2672600805) (0.1205114953,0.3885017373) (0.1115568479,0.6046290396) (0.1402221045,0.9058349232) (0.1578437369,1.2696736268) (0.2077138547,1.8228624638) (0.1680992430,2.8675859160)
Optimizing +R9 model parameters by 2-BFGS,EM algorithm...
Site proportion and rates:  (0.0159540834,0.0535549031) (0.0279776679,0.1947306862) (0.0500348714,0.2678280819) (0.1205558074,0.3896106716) (0.1115429999,0.6060856452) (0.1401631833,0.9076474991) (0.1577504231,1.2725346396) (0.2078589882,1.8280877558) (0.1681619755,2.8763443587)
Optimizing +R9 model parameters by 2-BFGS,EM algorithm...
Site proportion and rates:  (0.0158595993,0.0535549031) (0.0278334251,0.1947306862) (0.0504568198,0.2686577411) (0.1204712171,0.3910889851) (0.1115253740,0.6082253020) (0.1403056094,0.9105669350) (0.1578693257,1.2771848092) (0.2076509430,1.8351870521) (0.1680276866,2.8850325752)
Optimizing +R9 model parameters by 2-BFGS,EM algorithm...
Site proportion and rates:  (0.0156984396,0.0535549031) (0.0274853563,0.1947306862) (0.0506951832,0.2694761458) (0.1206541432,0.3928877083) (0.1116102172,0.6114426472) (0.1402755634,0.9155125744) (0.1577803158,1.2840368787) (0.2076915906,1.8449277208) (0.1681091907,2.9001973354)
Optimizing +R9 model parameters by 2-BFGS,EM algorithm...
Site proportion and rates:  (0.0155449409,0.0535549031) (0.0271647889,0.1947306862) (0.0509934392,0.2703468776) (0.1208024957,0.3948315630) (0.1116442135,0.6146684210) (0.1402942296,0.9204275540) (0.1577626979,1.2909055288) (0.2076845792,1.8547484387) (0.1681086150,2.9156074057)
Optimizing +R9 model parameters by 2-BFGS,EM algorithm...
Site proportion and rates:  (0.0153939231,0.0535549031) (0.0268855245,0.1947306862) (0.0514563734,0.2714545650) (0.1208292074,0.3971755226) (0.1115767670,0.6179155431) (0.1403000884,0.9253514429) (0.1577608187,1.2978089043) (0.2076884449,1.8646817586) (0.1681088526,2.9312259085)
Optimizing +R9 model parameters by 2-BFGS,EM algorithm...
Site proportion and rates:  (0.0152478198,0.0535549031) (0.0266101293,0.1947306862) (0.0517128410,0.2726149940) (0.1209145115,0.3994013899) (0.1116423770,0.6213001186) (0.1402580348,0.9303299233) (0.1577761227,1.3047891666) (0.2077179327,1.8748284796) (0.1681202312,2.9472276267)
Optimizing +R9 model parameters by 2-BFGS,EM algorithm...
Site proportion and rates:  (0.0151061667,0.0535549031) (0.0262764765,0.1947306862) (0.0520278091,0.2734930457) (0.1210652254,0.4011760938) (0.1116304861,0.6247246214) (0.1402143529,0.9353946441) (0.1578103457,1.3118907967) (0.2077426758,1.8852329030) (0.1681264618,2.9634189981)
Optimizing +R9 model parameters by 2-BFGS,EM algorithm...
Site proportion and rates:  (0.0149771268,0.0535549031) (0.0260468248,0.1947306862) (0.0524824029,0.2749544642) (0.1210241233,0.4035583117) (0.1115640172,0.6280694231) (0.1402178789,0.9404740441) (0.1578012774,1.3190245419) (0.2077576676,1.8954755804) (0.1681286811,2.9798033986)
Optimizing +R9 model parameters by 2-BFGS,EM algorithm...
Site proportion and rates:  (0.0148509470,0.0535549031) (0.0257304657,0.1947306862) (0.0527002637,0.2758341827) (0.1211724694,0.4054955948) (0.1116272904,0.6315570298) (0.1401875739,0.9456140728) (0.1578322521,1.3262504025) (0.2077693467,1.9059998557) (0.1681293910,2.9961572034)
Optimizing +R9 model parameters by 2-BFGS,EM algorithm...
Site proportion and rates:  (0.0147364713,0.0535549031) (0.0254549973,0.1947306862) (0.0531001828,0.2769946697) (0.1212269138,0.4079192482) (0.1115868032,0.6355607518) (0.1400308228,0.9511733372) (0.1577770592,1.3341765714) (0.2078985391,1.9159526126) (0.1681882106,3.0121442083)
Optimizing +R9 model parameters by 2-BFGS,EM algorithm...
Site proportion and rates:  (0.0146276960,0.0535549031) (0.0251847620,0.1947306862) (0.0533402777,0.2782225297) (0.1213175780,0.4099043754) (0.1116483876,0.6386450991) (0.1400688611,0.9564070598) (0.1578345377,1.3418941340) (0.2078243785,1.9269143543) (0.1681535215,3.0291689225)
Optimizing +R9 model parameters by 2-BFGS,EM algorithm...
Site proportion and rates:  (0.0145312799,0.0535549031) (0.0248806085,0.1947306862) (0.0536214355,0.2794350981) (0.1214672160,0.4123628437) (0.1116344954,0.6420485348) (0.1400749125,0.9615101420) (0.1576226537,1.3482241329) (0.2079028545,1.9374808149) (0.1682645440,3.0461348179)
Optimizing +R9 model parameters by 2-BFGS,EM algorithm...
Site proportion and rates:  (0.0144384658,0.0535549031) (0.0246006150,0.1947306862) (0.0538440203,0.2803305823) (0.1215335779,0.4142576989) (0.1116693523,0.6455738375) (0.1401773404,0.9666629066) (0.1578077724,1.3557074483) (0.2077867808,1.9483653585) (0.1681420750,3.0628098519)
Optimizing +R9 model parameters by 2-BFGS,EM algorithm...
Site proportion and rates:  (0.0143557232,0.0535549031) (0.0243575152,0.1947306862) (0.0542176220,0.2816073492) (0.1215415243,0.4166984739) (0.1115307783,0.6489554351) (0.1399949822,0.9722815316) (0.1579129101,1.3623153766) (0.2079038055,1.9584557851) (0.1681851393,3.0789873483)
Optimizing +R9 model parameters by 2-BFGS,EM algorithm...
Site proportion and rates:  (0.0142792027,0.0535549031) (0.0241200856,0.1947306862) (0.0544178897,0.2828943722) (0.1215930537,0.4186348044) (0.1116993753,0.6525290324) (0.1401916457,0.9771526723) (0.1577822989,1.3703430484) (0.2077806625,1.9693507975) (0.1681357860,3.0958326788)
Optimizing +R9 model parameters by 2-BFGS,EM algorithm...
Site proportion and rates:  (0.0142097962,0.0535549031) (0.0238419745,0.1947306862) (0.0545833644,0.2838431205) (0.1217419040,0.4206833030) (0.1117348180,0.6559316167) (0.1402548139,0.9823723602) (0.1577868316,1.3778081879) (0.2077348006,1.9798934381) (0.1681116969,3.1125337910)
Optimizing +R9 model parameters by 2-BFGS,EM algorithm...
Site proportion and rates:  (0.0141734642,0.0535549031) (0.0237231319,0.1947306862) (0.0548518593,0.2847557544) (0.1217637550,0.4223163653) (0.1117744693,0.6581595816) (0.1404407622,0.9865497024) (0.1578009868,1.3841563590) (0.2075559228,1.9868491322) (0.1679156485,3.1251493799)
Optimizing +R9 model parameters by 2-BFGS,EM algorithm...
Site proportion and rates:  (0.0141053521,0.0535549031) (0.0234375265,0.1947306862) (0.0549675577,0.2857301398) (0.1218168973,0.4242960391) (0.1116652808,0.6618428737) (0.1402272574,0.9910962616) (0.1577628091,1.3904897268) (0.2078500114,1.9956234856) (0.1681673078,3.1402450951)
Optimizing +R9 model parameters by 2-BFGS,EM algorithm...
Site proportion and rates:  (0.0140718250,0.0535549031) (0.0233056560,0.1947306862) (0.0550614662,0.2863834506) (0.1218863818,0.4254917032) (0.1116291344,0.6632425987) (0.1402251039,0.9933676890) (0.1578545156,1.3936637385) (0.2078298795,2.0019693661) (0.1681360376,3.1496854960)
Optimizing +R9 model parameters by 2-BFGS,EM algorithm...
Site proportion and rates:  (0.0140402408,0.0535549031) (0.0232033139,0.1947306862) (0.0553669203,0.2873567797) (0.1218308459,0.4270846454) (0.1116349722,0.6655734470) (0.1403344404,0.9967575137) (0.1579618731,1.3984630585) (0.2076330204,2.0096379016) (0.1679943729,3.1593038980)
Optimizing +R9 model parameters by 2-BFGS,EM algorithm...
Site proportion and rates:  (0.0139870839,0.0535549031) (0.0229561153,0.1947306862) (0.0554372705,0.2883522104) (0.1219913608,0.4289817139) (0.1117653823,0.6690587089) (0.1403453654,1.0021948231) (0.1578085796,1.4058316980) (0.2076518792,2.0199319644) (0.1680569630,3.1754171266)
Optimizing +R9 model parameters by 2-BFGS,EM algorithm...
Site proportion and rates:  (0.0139588525,0.0535549031) (0.0228279547,0.1947306862) (0.0555286223,0.2889931639) (0.1220724166,0.4301481118) (0.1118222053,0.6712714559) (0.1404906096,1.0054198231) (0.1578508315,1.4107277465) (0.2075105198,2.0267699203) (0.1679379878,3.1855957548)
Optimizing +R9 model parameters by 2-BFGS,EM algorithm...
Site proportion and rates:  (0.0139325778,0.0535549031) (0.0227240782,0.1947306862) (0.0556549588,0.2899371385) (0.1220639558,0.4318174398) (0.1118336823,0.6733696555) (0.1403784173,1.0087266056) (0.1577324388,1.4155435646) (0.2076767611,2.0315448199) (0.1680031299,3.1957994250)
Optimizing +R9 model parameters by 2-BFGS,EM algorithm...
Site proportion and rates:  (0.0139029302,0.0535549031) (0.0225954461,0.1947306862) (0.0558085128,0.2905957432) (0.1220476957,0.4328905738) (0.1116691105,0.6748825729) (0.1403604344,1.0110181564) (0.1578367168,1.4186041379) (0.2077012614,2.0373280796) (0.1680778921,3.2053149052)
Optimizing +R9 model parameters by 2-BFGS,EM algorithm...
Site proportion and rates:  (0.0138775210,0.0535549031) (0.0224717560,0.1947306862) (0.0558964793,0.2912487904) (0.1221196336,0.4340158635) (0.1118147741,0.6772332311) (0.1404529530,1.0144460266) (0.1578279798,1.4233779928) (0.2075976657,2.0449427910) (0.1679412375,3.2151955695)
Optimizing +R9 model parameters by 2-BFGS,EM algorithm...
Site proportion and rates:  (0.0138527176,0.0535549031) (0.0223524938,0.1947306862) (0.0559751197,0.2919142861) (0.1221081906,0.4352343801) (0.1116653583,0.6787033184) (0.1403334346,1.0167474506) (0.1579549113,1.4265863415) (0.2077377497,2.0497537809) (0.1680200244,3.2253100228)
Optimizing +R9 model parameters by 2-BFGS,EM algorithm...
Site proportion and rates:  (0.0138297600,0.0535549031) (0.0222401979,0.1947306862) (0.0560607743,0.2925892315) (0.1221980852,0.4364093627) (0.1117993865,0.6810817511) (0.1404427979,1.0202052461) (0.1579792774,1.4315339500) (0.2075752578,2.0570292595) (0.1678744631,3.2343040269)
Optimizing +R9 model parameters by 2-BFGS,EM algorithm...
Site proportion and rates:  (0.0138069022,0.0535549031) (0.0221212303,0.1947306862) (0.0561446060,0.2932168132) (0.1222808299,0.4376462662) (0.1118625752,0.6832597337) (0.1405367306,1.0235482705) (0.1577774329,1.4362489988) (0.2075194576,2.0619253018) (0.1679502353,3.2440854150)
Optimizing +R9 model parameters by 2-BFGS,EM algorithm...
Site proportion and rates:  (0.0137849514,0.0535549031) (0.0220142847,0.1947306862) (0.0562215676,0.2938759664) (0.1222739834,0.4388802078) (0.1117404600,0.6846669491) (0.1404106099,1.0258220072) (0.1578685368,1.4394569876) (0.2076667829,2.0673534133) (0.1680188232,3.2530988035)
Optimizing +R9 model parameters by 2-BFGS,EM algorithm...
Site proportion and rates:  (0.0137648352,0.0535549031) (0.0219113738,0.1947306862) (0.0563197028,0.2945516754) (0.1223498609,0.4400410022) (0.1118608645,0.6870208132) (0.1404715202,1.0291707980) (0.1576916624,1.4442498716) (0.2076211995,2.0747934978) (0.1680089806,3.2619233136)
Optimizing +R9 model parameters by 2-BFGS,EM algorithm...
Site proportion and rates:  (0.0137444147,0.0535549031) (0.0218141915,0.1947306862) (0.0563831198,0.2952259022) (0.1223520552,0.4412658122) (0.1117276212,0.6884479967) (0.1401732029,1.0315042677) (0.1576912528,1.4459811171) (0.2078142236,2.0773424682) (0.1682999183,3.2680821152)
Optimizing +R9 model parameters by 2-BFGS,EM algorithm...
Site proportion and rates:  (0.0137263367,0.0535549031) (0.0217207169,0.1947306862) (0.0565000867,0.2959008130) (0.1223341448,0.4424016913) (0.1117148764,0.6901958145) (0.1403477784,1.0339374181) (0.1579797150,1.4506956468) (0.2076917280,2.0849373850) (0.1679846170,3.2784666521)
Optimizing +R9 model parameters by 2-BFGS,EM algorithm...
Site proportion and rates:  (0.0137085427,0.0535549031) (0.0216317069,0.1947306862) (0.0565905036,0.2965700135) (0.1224121214,0.4435395851) (0.1118393946,0.6925014787) (0.1404779648,1.0373060990) (0.1577964865,1.4555556899) (0.2075660439,2.0898559511) (0.1679772356,3.2882435197)
Optimizing +R9 model parameters by 2-BFGS,EM algorithm...
Site proportion and rates:  (0.0136906148,0.0535549031) (0.0215436185,0.1947306862) (0.0566677901,0.2972325896) (0.1224000119,0.4447251614) (0.1117505994,0.6939022962) (0.1404041283,1.0396134654) (0.1578805518,1.4588333264) (0.2076579395,2.0952517210) (0.1680047458,3.2969537894)
Optimizing +R9 model parameters by 2-BFGS,EM algorithm...
Site proportion and rates:  (0.0136738726,0.0535549031) (0.0214610685,0.1947306862) (0.0567455396,0.2979010397) (0.1223995115,0.4458608843) (0.1116852292,0.6954739812) (0.1403404467,1.0419340699) (0.1579609127,1.4622158070) (0.2077250238,2.1005426663) (0.1680083954,3.3054711167)
Optimizing +R9 model parameters by 2-BFGS,EM algorithm...
Site proportion and rates:  (0.0136577335,0.0535549031) (0.0213753083,0.1947306862) (0.0568389968,0.2985615475) (0.1224740375,0.4469620666) (0.1118503666,0.6978659895) (0.1405175435,1.0464143728) (0.1577393406,1.4671196347) (0.2075557122,2.1057793308) (0.1679909610,3.3138285906)
Optimizing +R9 model parameters by 2-BFGS,EM algorithm...
Site proportion and rates:  (0.0136413156,0.0535549031) (0.0212932368,0.1947306862) (0.0569144882,0.2992131616) (0.1224916231,0.4481234317) (0.1118917103,0.6995070896) (0.1405057407,1.0485819322) (0.1576701924,1.4702058366) (0.2076053068,2.1113912891) (0.1679863860,3.3222601625)
Optimal log-likelihood: -158905.0449161601
505  FLAVI+F+R9    158905.045   1048 319906.090   2518610.090  324533.111
Optimizing model HIVb+R8
1. Initial log-likelihood: -155836.220 (took 0.472 wall-clock sec)
Optimizing +R8 model parameters by 2-BFGS,EM algorithm...
Site proportion and rates:  (0.021,0.068) (0.049,0.223) (0.146,0.395) (0.126,0.614) (0.139,0.852) (0.176,1.163) (0.206,1.627) (0.136,2.429)
Optimizing +R8 model parameters by 2-BFGS,EM algorithm...
Site proportion and rates:  (0.021,0.068) (0.050,0.223) (0.147,0.394) (0.128,0.615) (0.142,0.858) (0.175,1.172) (0.209,1.641) (0.128,2.463)
Optimizing +R8 model parameters by 2-BFGS,EM algorithm...
Site proportion and rates:  (0.021,0.068) (0.050,0.223) (0.147,0.394) (0.128,0.616) (0.142,0.859) (0.174,1.173) (0.210,1.643) (0.128,2.469)
Optimal log-likelihood: -155641.483
515  HIVb+R8       155641.483   1027 313336.966   2424848.966  317871.270
Optimizing model HIVb+R9
1. Initial log-likelihood: -155829.388 (took 0.588 wall-clock sec)
Optimizing +R9 model parameters by 2-BFGS,EM algorithm...
Site proportion and rates:  (0.018,0.054) (0.025,0.195) (0.034,0.255) (0.141,0.399) (0.125,0.616) (0.139,0.853) (0.175,1.162) (0.207,1.626) (0.134,2.430)
Optimizing +R9 model parameters by 2-BFGS,EM algorithm...
Site proportion and rates:  (0.018,0.054) (0.023,0.195) (0.032,0.243) (0.145,0.396) (0.128,0.616) (0.142,0.858) (0.174,1.172) (0.209,1.642) (0.128,2.464)
Optimizing +R9 model parameters by 2-BFGS,EM algorithm...
Site proportion and rates:  (0.018,0.054) (0.022,0.195) (0.033,0.242) (0.145,0.396) (0.128,0.617) (0.142,0.860) (0.175,1.175) (0.209,1.645) (0.128,2.471)
Optimal log-likelihood: -155636.623
516  HIVb+R9       155636.623   1029 313331.247   2433071.247  317874.382
Alignment state count time was 0.000 seconds.
Empirical state frequencies: 0.1056712920 0.0445519260 0.0346507125 0.0570178289 0.0147245203 0.0335849569 0.0481479918 0.0775284677 0.0352007799 0.0574853862 0.0955638032 0.0538824446 0.0193175832 0.0407977159 0.0519297053 0.0601944682 0.0647118969 0.0113209782 0.0313778114 0.0623397311 
Optimizing model HIVb+F+R8
1. Initial log-likelihood: -155448.8710582062 (took 0.4819614880 wall-clock sec)
Optimizing +R8 model parameters by 2-BFGS,EM algorithm...
Site proportion and rates:  (0.0215297668,0.0686462667) (0.0502597306,0.2236342195) (0.1413315582,0.3911865314) (0.1162261833,0.6108464116) (0.1408623449,0.8619693584) (0.1798178455,1.1958948510) (0.1908335992,1.6723352426) (0.1591389715,2.4513852455)
Optimizing +R8 model parameters by 2-BFGS,EM algorithm...
Site proportion and rates:  (0.0220279755,0.0686462667) (0.0515226718,0.2236342195) (0.1435768945,0.3851632240) (0.1292362304,0.6163059215) (0.1510637755,0.8851292175) (0.1809687063,1.2327862836) (0.1922095451,1.7229150333) (0.1293942009,2.5418296967)
Optimizing +R8 model parameters by 2-BFGS,EM algorithm...
Site proportion and rates:  (0.0220922966,0.0686462667) (0.0518534619,0.2236342195) (0.1445927935,0.3850507807) (0.1339218336,0.6210538263) (0.1526881689,0.8951048199) (0.1805481258,1.2449973074) (0.1905250849,1.7360676493) (0.1237782348,2.5605462862)
Optimizing +R8 model parameters by 2-BFGS,EM algorithm...
Site proportion and rates:  (0.0220857558,0.0686462667) (0.0518269811,0.2236342195) (0.1447854862,0.3854358316) (0.1345519991,0.6216748803) (0.1527758327,0.8972386883) (0.1802541579,1.2464401677) (0.1902636241,1.7379233115) (0.1234561632,2.5637295401)
Optimal log-likelihood: -155223.3125533792
526  HIVb+F+R8     155223.313   1046 312538.625   2502862.625  317156.817
Alignment state count time was 0.001 seconds.
Empirical state frequencies: 0.1056712920 0.0445519260 0.0346507125 0.0570178289 0.0147245203 0.0335849569 0.0481479918 0.0775284677 0.0352007799 0.0574853862 0.0955638032 0.0538824446 0.0193175832 0.0407977159 0.0519297053 0.0601944682 0.0647118969 0.0113209782 0.0313778114 0.0623397311 
Optimizing model HIVb+F+R9
1. Initial log-likelihood: -155448.1815192036 (took 0.4217923019 wall-clock sec)
Optimizing +R9 model parameters by 2-BFGS,EM algorithm...
Site proportion and rates:  (0.0200255220,0.0619242922) (0.0333993761,0.2028668229) (0.0418531017,0.2909370636) (0.1236039067,0.4077838824) (0.1160928080,0.6185249474) (0.1409988593,0.8683566312) (0.1791982781,1.2019347643) (0.1926193078,1.6794533635) (0.1522088403,2.4699555311)
Optimizing +R9 model parameters by 2-BFGS,EM algorithm...
Site proportion and rates:  (0.0205421807,0.0619242922) (0.0435461640,0.2064309914) (0.0467721442,0.3146943380) (0.1136998835,0.4074593949) (0.1300962147,0.6232123924) (0.1495366737,0.8901065409) (0.1790307776,1.2313451844) (0.1905642407,1.7157576287) (0.1262117209,2.5315286749)
Optimizing +R9 model parameters by 2-BFGS,EM algorithm...
Site proportion and rates:  (0.0206526829,0.0619242922) (0.0454055228,0.2070509042) (0.0563298033,0.3242702736) (0.1041339129,0.4130666128) (0.1317591811,0.6244793943) (0.1505418427,0.8931608318) (0.1784987741,1.2339522569) (0.1895359801,1.7174733864) (0.1231423002,2.5315286749)
Optimizing +R9 model parameters by 2-BFGS,EM algorithm...
Site proportion and rates:  (0.0206741272,0.0619242922) (0.0459064690,0.2072579552) (0.0645804101,0.3296798782) (0.0967305417,0.4187961927) (0.1313077325,0.6257289778) (0.1503717861,0.8940539927) (0.1783051718,1.2339522569) (0.1894297102,1.7174733864) (0.1226940514,2.5315286749)
Optimizing +R9 model parameters by 2-BFGS,EM algorithm...
Site proportion and rates:  (0.0206938888,0.0619242922) (0.0462346334,0.2074652132) (0.0712308197,0.3335351809) (0.0910244021,0.4239331575) (0.1305655230,0.6269810617) (0.1501473992,0.8940539927) (0.1783774014,1.2339522569) (0.1893319641,1.7174733864) (0.1223939682,2.5315286749)
Optimizing +R9 model parameters by 2-BFGS,EM algorithm...
Site proportion and rates:  (0.0207001126,0.0619242922) (0.0464888753,0.2074652132) (0.0766344124,0.3362451025) (0.0865977135,0.4285827742) (0.1300249754,0.6282356510) (0.1499207347,0.8949480468) (0.1781829121,1.2339522569) (0.1892689456,1.7174733864) (0.1221813184,2.5315286749)
Optimal log-likelihood: -155218.7520262004
527  HIVb+F+R9     155218.752   1048 312533.504   2511237.504  317160.526
Optimizing model HIVw+R8
1. Initial log-likelihood: -162568.690 (took 0.318 wall-clock sec)
Optimizing +R8 model parameters by 2-BFGS,EM algorithm...
Site proportion and rates:  (0.020,0.068) (0.061,0.239) (0.122,0.409) (0.145,0.611) (0.160,0.848) (0.143,1.148) (0.217,1.592) (0.132,2.724)
Optimizing +R8 model parameters by 2-BFGS,EM algorithm...
Site proportion and rates:  (0.020,0.068) (0.059,0.234) (0.125,0.405) (0.150,0.614) (0.168,0.860) (0.141,1.181) (0.211,1.617) (0.125,2.773)
Optimizing +R8 model parameters by 2-BFGS,EM algorithm...
Site proportion and rates:  (0.020,0.068) (0.059,0.234) (0.126,0.405) (0.154,0.618) (0.174,0.873) (0.143,1.211) (0.201,1.639) (0.123,2.787)
Optimizing +R8 model parameters by 2-BFGS,EM algorithm...
Site proportion and rates:  (0.020,0.068) (0.060,0.235) (0.128,0.407) (0.157,0.625) (0.178,0.885) (0.144,1.237) (0.193,1.658) (0.121,2.801)
Optimizing +R8 model parameters by 2-BFGS,EM algorithm...
Site proportion and rates:  (0.020,0.068) (0.061,0.236) (0.129,0.410) (0.160,0.631) (0.179,0.896) (0.146,1.258) (0.185,1.676) (0.120,2.816)
Optimizing +R8 model parameters by 2-BFGS,EM algorithm...
Site proportion and rates:  (0.020,0.068) (0.061,0.238) (0.130,0.412) (0.162,0.636) (0.179,0.904) (0.148,1.272) (0.181,1.689) (0.118,2.830)
Optimizing +R8 model parameters by 2-BFGS,EM algorithm...
Site proportion and rates:  (0.020,0.068) (0.062,0.238) (0.131,0.414) (0.163,0.639) (0.179,0.908) (0.149,1.279) (0.179,1.696) (0.118,2.841)
Optimizing +R8 model parameters by 2-BFGS,EM algorithm...
Site proportion and rates:  (0.020,0.068) (0.062,0.239) (0.131,0.415) (0.164,0.641) (0.179,0.912) (0.149,1.283) (0.178,1.703) (0.117,2.851)
Optimal log-likelihood: -162293.694
537  HIVw+R8       162293.694   1027 326641.388   2438153.388  331175.693
Optimizing model HIVw+R9
1. Initial log-likelihood: -162554.321 (took 0.411 wall-clock sec)
Optimizing +R9 model parameters by 2-BFGS,EM algorithm...
Site proportion and rates:  (0.017,0.054) (0.025,0.195) (0.073,0.301) (0.103,0.445) (0.138,0.624) (0.159,0.853) (0.141,1.156) (0.214,1.589) (0.130,2.714)
Optimizing +R9 model parameters by 2-BFGS,EM algorithm...
Site proportion and rates:  (0.017,0.054) (0.028,0.195) (0.079,0.306) (0.105,0.455) (0.145,0.639) (0.165,0.879) (0.138,1.204) (0.200,1.618) (0.123,2.747)
Optimizing +R9 model parameters by 2-BFGS,EM algorithm...
Site proportion and rates:  (0.017,0.054) (0.028,0.195) (0.081,0.308) (0.108,0.461) (0.151,0.651) (0.168,0.901) (0.140,1.244) (0.185,1.647) (0.120,2.768)
Optimizing +R9 model parameters by 2-BFGS,EM algorithm...
Site proportion and rates:  (0.017,0.054) (0.029,0.195) (0.082,0.309) (0.110,0.465) (0.155,0.658) (0.168,0.913) (0.144,1.266) (0.177,1.669) (0.117,2.788)
Optimizing +R9 model parameters by 2-BFGS,EM algorithm...
Site proportion and rates:  (0.017,0.054) (0.028,0.195) (0.083,0.310) (0.111,0.466) (0.156,0.662) (0.168,0.919) (0.147,1.277) (0.173,1.683) (0.116,2.810)
Optimizing +R9 model parameters by 2-BFGS,EM algorithm...
Site proportion and rates:  (0.017,0.054) (0.028,0.195) (0.083,0.310) (0.111,0.467) (0.157,0.664) (0.168,0.922) (0.149,1.284) (0.172,1.693) (0.115,2.830)
Optimizing +R9 model parameters by 2-BFGS,EM algorithm...
Site proportion and rates:  (0.017,0.054) (0.028,0.195) (0.083,0.311) (0.111,0.468) (0.157,0.666) (0.168,0.925) (0.150,1.288) (0.172,1.701) (0.114,2.845)
Optimizing +R9 model parameters by 2-BFGS,EM algorithm...
Site proportion and rates:  (0.017,0.054) (0.028,0.195) (0.083,0.311) (0.111,0.469) (0.157,0.667) (0.169,0.927) (0.150,1.293) (0.171,1.709) (0.114,2.861)
Optimizing +R9 model parameters by 2-BFGS,EM algorithm...
Site proportion and rates:  (0.017,0.054) (0.027,0.195) (0.083,0.312) (0.111,0.471) (0.157,0.669) (0.169,0.930) (0.151,1.298) (0.171,1.716) (0.113,2.876)
Optimizing +R9 model parameters by 2-BFGS,EM algorithm...
Site proportion and rates:  (0.017,0.054) (0.027,0.195) (0.083,0.312) (0.112,0.472) (0.157,0.672) (0.169,0.933) (0.151,1.303) (0.171,1.725) (0.112,2.891)
Optimizing +R9 model parameters by 2-BFGS,EM algorithm...
Site proportion and rates:  (0.017,0.054) (0.027,0.195) (0.083,0.313) (0.112,0.473) (0.157,0.673) (0.169,0.936) (0.152,1.307) (0.171,1.733) (0.112,2.907)
Optimizing +R9 model parameters by 2-BFGS,EM algorithm...
Site proportion and rates:  (0.017,0.054) (0.027,0.195) (0.084,0.314) (0.112,0.475) (0.157,0.675) (0.169,0.939) (0.153,1.313) (0.171,1.741) (0.111,2.927)
Optimizing +R9 model parameters by 2-BFGS,EM algorithm...
Site proportion and rates:  (0.017,0.054) (0.027,0.195) (0.083,0.314) (0.112,0.475) (0.157,0.677) (0.169,0.941) (0.154,1.317) (0.171,1.748) (0.110,2.944)
Optimizing +R9 model parameters by 2-BFGS,EM algorithm...
Site proportion and rates:  (0.017,0.054) (0.026,0.195) (0.084,0.315) (0.112,0.477) (0.158,0.679) (0.170,0.945) (0.154,1.324) (0.170,1.759) (0.109,2.963)
Optimizing +R9 model parameters by 2-BFGS,EM algorithm...
Site proportion and rates:  (0.017,0.054) (0.026,0.195) (0.084,0.315) (0.112,0.478) (0.158,0.680) (0.170,0.947) (0.156,1.328) (0.170,1.769) (0.108,2.987)
Optimizing +R9 model parameters by 2-BFGS,EM algorithm...
Site proportion and rates:  (0.017,0.054) (0.026,0.195) (0.084,0.316) (0.112,0.479) (0.158,0.683) (0.170,0.950) (0.157,1.333) (0.170,1.777) (0.107,3.004)
Optimizing +R9 model parameters by 2-BFGS,EM algorithm...
Site proportion and rates:  (0.017,0.054) (0.026,0.195) (0.084,0.316) (0.112,0.480) (0.158,0.684) (0.170,0.953) (0.157,1.339) (0.169,1.784) (0.107,3.021)
Optimizing +R9 model parameters by 2-BFGS,EM algorithm...
Site proportion and rates:  (0.017,0.054) (0.026,0.195) (0.084,0.317) (0.112,0.481) (0.158,0.686) (0.170,0.956) (0.158,1.343) (0.169,1.792) (0.106,3.037)
Optimizing +R9 model parameters by 2-BFGS,EM algorithm...
Site proportion and rates:  (0.017,0.054) (0.025,0.195) (0.084,0.317) (0.112,0.482) (0.158,0.687) (0.170,0.957) (0.158,1.345) (0.169,1.794) (0.106,3.041)
Optimal log-likelihood: -162267.126
538  HIVw+R9       162267.126   1029 326592.253   2446332.253  331135.387
Alignment state count time was 0.000 seconds.
Empirical state frequencies: 0.1056712920 0.0445519260 0.0346507125 0.0570178289 0.0147245203 0.0335849569 0.0481479918 0.0775284677 0.0352007799 0.0574853862 0.0955638032 0.0538824446 0.0193175832 0.0407977159 0.0519297053 0.0601944682 0.0647118969 0.0113209782 0.0313778114 0.0623397311 
Optimizing model HIVw+F+R8
1. Initial log-likelihood: -159850.6888094491 (took 0.4023028380 wall-clock sec)
Optimizing +R8 model parameters by 2-BFGS,EM algorithm...
Site proportion and rates:  (0.0224075637,0.0686210101) (0.0690498062,0.2465664376) (0.1264986723,0.4203348752) (0.1316339196,0.6348018825) (0.1275169865,0.8697763962) (0.1649583520,1.1757520398) (0.2097961996,1.6420383507) (0.1481385001,2.7105813941)
Optimizing +R8 model parameters by 2-BFGS,EM algorithm...
Site proportion and rates:  (0.0232341160,0.0686210101) (0.0700239480,0.2430356230) (0.1289836372,0.4125790781) (0.1393396021,0.6303114376) (0.1429506906,0.8855226213) (0.1774293491,1.2234981762) (0.1852791582,1.6972375327) (0.1327594988,2.7402312704)
Optimizing +R8 model parameters by 2-BFGS,EM algorithm...
Site proportion and rates:  (0.0233614266,0.0686210101) (0.0700642165,0.2422326782) (0.1294784352,0.4108441051) (0.1421579076,0.6303114376) (0.1506332217,0.8948866778) (0.1816669402,1.2453742582) (0.1735657519,1.7251833943) (0.1290721004,2.7443468382)
Optimizing +R8 model parameters by 2-BFGS,EM algorithm...
Site proportion and rates:  (0.0233749643,0.0686210101) (0.0701187750,0.2419904455) (0.1296979100,0.4108441051) (0.1433002819,0.6315726910) (0.1540017703,0.8996380194) (0.1822894545,1.2550320936) (0.1694253102,1.7353458407) (0.1277915337,2.7472758233)
Optimizing +R8 model parameters by 2-BFGS,EM algorithm...
Site proportion and rates:  (0.0233819776,0.0686210101) (0.0701378461,0.2419904455) (0.1298264242,0.4108441051) (0.1435695875,0.6315726910) (0.1548090821,0.9005376575) (0.1822813866,1.2565111088) (0.1684078359,1.7370973018) (0.1275858601,2.7472758233)
Optimal log-likelihood: -159547.4643023738
548  HIVw+F+R8     159547.464   1046 321186.929   2511510.929  325805.120
Alignment state count time was 0.001 seconds.
Empirical state frequencies: 0.1056712920 0.0445519260 0.0346507125 0.0570178289 0.0147245203 0.0335849569 0.0481479918 0.0775284677 0.0352007799 0.0574853862 0.0955638032 0.0538824446 0.0193175832 0.0407977159 0.0519297053 0.0601944682 0.0647118969 0.0113209782 0.0313778114 0.0623397311 
Optimizing model HIVw+F+R9
1. Initial log-likelihood: -159839.8081903868 (took 0.3442221379 wall-clock sec)
Optimizing +R9 model parameters by 2-BFGS,EM algorithm...
Site proportion and rates:  (0.0172210232,0.0535549031) (0.0205349656,0.1947306862) (0.0614391413,0.2712987446) (0.1217286991,0.4281621885) (0.1306947814,0.6390325398) (0.1269961605,0.8737979204) (0.1651046049,1.1803306468) (0.2106471449,1.6487694804) (0.1456334792,2.7233143624)
Optimizing +R9 model parameters by 2-BFGS,EM algorithm...
Site proportion and rates:  (0.0172753524,0.0535549031) (0.0226546117,0.1947306862) (0.0608576863,0.2686626066) (0.1235979985,0.4228527617) (0.1379462954,0.6376613617) (0.1428782688,0.8938994786) (0.1776670911,1.2347573435) (0.1846963637,1.7126438601) (0.1324263321,2.7612177037)
Optimizing +R9 model parameters by 2-BFGS,EM algorithm...
Site proportion and rates:  (0.0172970770,0.0535549031) (0.0227362885,0.1947306862) (0.0607964775,0.2686626066) (0.1241378434,0.4228527617) (0.1406705428,0.6402158361) (0.1501585321,0.9067545831) (0.1815811660,1.2610077665) (0.1736489157,1.7467575582) (0.1289731569,2.7763431047)
Optimizing +R9 model parameters by 2-BFGS,EM algorithm...
Site proportion and rates:  (0.0172978756,0.0535549031) (0.0225005926,0.1947306862) (0.0609386268,0.2686626066) (0.1245983614,0.4237032698) (0.1420910330,0.6430309243) (0.1537443649,0.9150210466) (0.1820314827,1.2743244371) (0.1692235646,1.7623929079) (0.1275740983,2.7882923800)
Optimizing +R9 model parameters by 2-BFGS,EM algorithm...
Site proportion and rates:  (0.0172897318,0.0535549031) (0.0222132987,0.1947306862) (0.0611091532,0.2689312693) (0.1248220151,0.4246416842) (0.1426766028,0.6452571722) (0.1547956820,0.9192970365) (0.1817396437,1.2818604007) (0.1680793804,1.7704253553) (0.1272744923,2.7966970455)
Optimizing +R9 model parameters by 2-BFGS,EM algorithm...
Site proportion and rates:  (0.0172783996,0.0535549031) (0.0219706241,0.1947306862) (0.0613056577,0.2694817878) (0.1247677721,0.4256653715) (0.1426273285,0.6468178334) (0.1552020286,0.9222243098) (0.1820466390,1.2857098290) (0.1677167060,1.7763870569) (0.1270848444,2.8057315675)
Optimizing +R9 model parameters by 2-BFGS,EM algorithm...
Site proportion and rates:  (0.0172671274,0.0535549031) (0.0217421850,0.1947306862) (0.0615824856,0.2700616121) (0.1249234220,0.4271538351) (0.1427016298,0.6491321408) (0.1550172717,0.9243038926) (0.1817511065,1.2883531138) (0.1678382407,1.7803054304) (0.1271765314,2.8139538838)
Optimizing +R9 model parameters by 2-BFGS,EM algorithm...
Site proportion and rates:  (0.0172563419,0.0535549031) (0.0214687179,0.1947306862) (0.0617669098,0.2706059605) (0.1248948661,0.4280841328) (0.1425857950,0.6505121106) (0.1548816138,0.9262442012) (0.1818015723,1.2911071493) (0.1680816098,1.7843283266) (0.1272625735,2.8214323404)
Optimizing +R9 model parameters by 2-BFGS,EM algorithm...
Site proportion and rates:  (0.0172421492,0.0535549031) (0.0212191376,0.1947306862) (0.0619104486,0.2709025930) (0.1249201692,0.4291064790) (0.1424869278,0.6519240761) (0.1546936696,0.9281698882) (0.1819330312,1.2939269695) (0.1682318104,1.7884288842) (0.1273626564,2.8287621793)
Optimizing +R9 model parameters by 2-BFGS,EM algorithm...
Site proportion and rates:  (0.0172316774,0.0535549031) (0.0210051892,0.1947306862) (0.0621063676,0.2715064171) (0.1249980660,0.4300764540) (0.1428391923,0.6540585396) (0.1552773339,0.9318964487) (0.1817985195,1.2996191118) (0.1676477160,1.7962138017) (0.1270959381,2.8358664622)
Optimizing +R9 model parameters by 2-BFGS,EM algorithm...
Site proportion and rates:  (0.0172211803,0.0535549031) (0.0207926707,0.1947306862) (0.0622920597,0.2720572978) (0.1249425659,0.4311542953) (0.1426963449,0.6554577684) (0.1551955062,0.9338174972) (0.1819336630,1.3022345353) (0.1677807073,1.7999854575) (0.1271453020,2.8444054528)
Optimizing +R9 model parameters by 2-BFGS,EM algorithm...
Site proportion and rates:  (0.0172103204,0.0535549031) (0.0205893173,0.1947306862) (0.0624678803,0.2726016847) (0.1249241169,0.4322083524) (0.1426078081,0.6569329243) (0.1550438395,0.9357579591) (0.1819724288,1.3049527354) (0.1679554920,1.8040543208) (0.1272287968,2.8517209842)
Optimizing +R9 model parameters by 2-BFGS,EM algorithm...
Site proportion and rates:  (0.0172001483,0.0535549031) (0.0203989085,0.1947306862) (0.0626566080,0.2731804632) (0.1250576865,0.4333053586) (0.1429412736,0.6591337865) (0.1553984044,0.9395066096) (0.1817156645,1.3103599859) (0.1675784424,1.8099709029) (0.1270528637,2.8588060871)
Optimizing +R9 model parameters by 2-BFGS,EM algorithm...
Site proportion and rates:  (0.0171892336,0.0535549031) (0.0201528655,0.1947306862) (0.0628109190,0.2734726432) (0.1251165074,0.4344663458) (0.1427857228,0.6605704379) (0.1553721043,0.9414441897) (0.1818145421,1.3131896033) (0.1676375489,1.8139326801) (0.1271205565,2.8665425132)
Optimizing +R9 model parameters by 2-BFGS,EM algorithm...
Site proportion and rates:  (0.0171793425,0.0535549031) (0.0199732173,0.1947306862) (0.0629852110,0.2741056941) (0.1252066307,0.4354713887) (0.1429415060,0.6627536228) (0.1552500910,0.9443801525) (0.1815632954,1.3160528902) (0.1677302199,1.8180516650) (0.1271704860,2.8737614726)
Optimizing +R9 model parameters by 2-BFGS,EM algorithm...
Site proportion and rates:  (0.0171693337,0.0535549031) (0.0197951177,0.1947306862) (0.0631474470,0.2746719897) (0.1251767325,0.4365636872) (0.1428480088,0.6640960607) (0.1551319737,0.9464509067) (0.1816540730,1.3188698500) (0.1678562183,1.8221870579) (0.1272210955,2.8808631441)
Optimizing +R9 model parameters by 2-BFGS,EM algorithm...
Site proportion and rates:  (0.0171599537,0.0535549031) (0.0196185127,0.1947306862) (0.0633017199,0.2752216086) (0.1251608746,0.4376077672) (0.1427891004,0.6655472657) (0.1550693456,0.9485198036) (0.1816882958,1.3217703538) (0.1678579680,1.8263435238) (0.1273542292,2.8849903554)
Optimal log-likelihood: -159534.3249441064
549  HIVw+F+R9     159534.325   1048 321164.650   2519868.650  325791.672
Optimizing model FLU+R8
1. Initial log-likelihood: -155037.461 (took 0.438 wall-clock sec)
Optimizing +R8 model parameters by 2-BFGS,EM algorithm...
Site proportion and rates:  (0.019,0.068) (0.052,0.233) (0.146,0.403) (0.113,0.594) (0.169,0.855) (0.160,1.180) (0.208,1.621) (0.133,2.604)
Optimizing +R8 model parameters by 2-BFGS,EM algorithm...
Site proportion and rates:  (0.019,0.068) (0.051,0.228) (0.149,0.397) (0.120,0.598) (0.183,0.869) (0.166,1.225) (0.198,1.672) (0.114,2.698)
Optimizing +R8 model parameters by 2-BFGS,EM algorithm...
Site proportion and rates:  (0.019,0.068) (0.051,0.228) (0.152,0.398) (0.124,0.605) (0.188,0.882) (0.168,1.251) (0.190,1.697) (0.108,2.731)
Optimizing +R8 model parameters by 2-BFGS,EM algorithm...
Site proportion and rates:  (0.019,0.068) (0.052,0.229) (0.154,0.401) (0.126,0.614) (0.188,0.891) (0.168,1.265) (0.186,1.707) (0.107,2.740)
Optimizing +R8 model parameters by 2-BFGS,EM algorithm...
Site proportion and rates:  (0.019,0.068) (0.053,0.230) (0.156,0.403) (0.126,0.620) (0.187,0.896) (0.168,1.272) (0.184,1.713) (0.107,2.743)
Optimizing +R8 model parameters by 2-BFGS,EM algorithm...
Site proportion and rates:  (0.019,0.068) (0.053,0.231) (0.156,0.405) (0.127,0.623) (0.187,0.899) (0.168,1.274) (0.183,1.717) (0.107,2.750)
Optimal log-likelihood: -154852.420
559  FLU+R8        154852.420   1027 311758.839   2423270.839  316293.144
Optimizing model FLU+R9
1. Initial log-likelihood: -155031.651 (took 0.530 wall-clock sec)
Optimizing +R9 model parameters by 2-BFGS,EM algorithm...
Site proportion and rates:  (0.017,0.054) (0.028,0.195) (0.047,0.295) (0.137,0.420) (0.109,0.608) (0.170,0.861) (0.160,1.189) (0.205,1.626) (0.127,2.615)
Optimizing +R9 model parameters by 2-BFGS,EM algorithm...
Site proportion and rates:  (0.018,0.054) (0.030,0.195) (0.053,0.300) (0.139,0.421) (0.118,0.623) (0.180,0.881) (0.163,1.235) (0.191,1.668) (0.110,2.683)
Optimizing +R9 model parameters by 2-BFGS,EM algorithm...
Site proportion and rates:  (0.018,0.054) (0.031,0.195) (0.055,0.304) (0.139,0.424) (0.121,0.630) (0.181,0.891) (0.165,1.254) (0.183,1.683) (0.107,2.694)
Optimizing +R9 model parameters by 2-BFGS,EM algorithm...
Site proportion and rates:  (0.018,0.054) (0.031,0.195) (0.058,0.306) (0.138,0.426) (0.121,0.632) (0.181,0.894) (0.166,1.257) (0.181,1.687) (0.107,2.697)
Optimal log-likelihood: -154839.917
560  FLU+R9        154839.917   1029 311737.834   2431477.834  316280.969
Alignment state count time was 0.004 seconds.
Empirical state frequencies: 0.1056712920 0.0445519260 0.0346507125 0.0570178289 0.0147245203 0.0335849569 0.0481479918 0.0775284677 0.0352007799 0.0574853862 0.0955638032 0.0538824446 0.0193175832 0.0407977159 0.0519297053 0.0601944682 0.0647118969 0.0113209782 0.0313778114 0.0623397311 
Optimizing model FLU+F+R8
1. Initial log-likelihood: -153406.7139143342 (took 0.4795115370 wall-clock sec)
Optimizing +R8 model parameters by 2-BFGS,EM algorithm...
Site proportion and rates:  (0.0194831693,0.0682626838) (0.0559994451,0.2353980086) (0.1431758693,0.3956597660) (0.1164962041,0.6045657337) (0.1463186057,0.8557370489) (0.1687720139,1.1884645775) (0.2041378753,1.6402577257) (0.1456168173,2.5184873871)
Optimizing +R8 model parameters by 2-BFGS,EM algorithm...
Site proportion and rates:  (0.0196810061,0.0682626838) (0.0553611975,0.2295614670) (0.1467271771,0.3876837246) (0.1264136056,0.6064793535) (0.1594149731,0.8747772756) (0.1791517001,1.2321091610) (0.1958935615,1.7085819899) (0.1173567791,2.6221211078)
Optimizing +R8 model parameters by 2-BFGS,EM algorithm...
Site proportion and rates:  (0.0197312754,0.0682626838) (0.0552369857,0.2285137984) (0.1482637395,0.3865579128) (0.1312918302,0.6104825765) (0.1658890788,0.8887605865) (0.1790875532,1.2553649959) (0.1901611412,1.7312630022) (0.1103383960,2.6477791769)
Optimizing +R8 model parameters by 2-BFGS,EM algorithm...
Site proportion and rates:  (0.0197477616,0.0682626838) (0.0553508925,0.2285137984) (0.1488448185,0.3869444709) (0.1334207906,0.6131580723) (0.1687492563,0.8955683236) (0.1779168383,1.2666508191) (0.1870007710,1.7386667891) (0.1089688714,2.6535266076)
Optimizing +R8 model parameters by 2-BFGS,EM algorithm...
Site proportion and rates:  (0.0197282081,0.0682626838) (0.0553712444,0.2285137984) (0.1492294922,0.3873314154) (0.1340469741,0.6143959879) (0.1695301526,0.8984727481) (0.1774971754,1.2706779043) (0.1859214475,1.7426023099) (0.1086753057,2.6565351265)
Optimal log-likelihood: -153230.9088019058
570  FLU+F+R8      153230.909   1046 308553.818   2498877.818  313172.009
Alignment state count time was 0.000 seconds.
Empirical state frequencies: 0.1056712920 0.0445519260 0.0346507125 0.0570178289 0.0147245203 0.0335849569 0.0481479918 0.0775284677 0.0352007799 0.0574853862 0.0955638032 0.0538824446 0.0193175832 0.0407977159 0.0519297053 0.0601944682 0.0647118969 0.0113209782 0.0313778114 0.0623397311 
Optimizing model FLU+F+R9
1. Initial log-likelihood: -153398.4335431876 (took 0.4018866641 wall-clock sec)
Optimizing +R9 model parameters by 2-BFGS,EM algorithm...
Site proportion and rates:  (0.0162632819,0.0535549031) (0.0256172333,0.1947306862) (0.0606321809,0.2917730827) (0.1248430460,0.4168160085) (0.1128342486,0.6144133339) (0.1462974374,0.8610401479) (0.1705050473,1.1958506545) (0.2033561907,1.6507340856) (0.1396513339,2.5363923260)
Optimizing +R9 model parameters by 2-BFGS,EM algorithm...
Site proportion and rates:  (0.0167527933,0.0535549031) (0.0297644608,0.1947306862) (0.0701544391,0.2985394222) (0.1210431380,0.4214422140) (0.1210568001,0.6244887598) (0.1588577879,0.8865155786) (0.1765020369,1.2403795479) (0.1921245727,1.7095230288) (0.1137439712,2.6163929986)
Optimizing +R9 model parameters by 2-BFGS,EM algorithm...
Site proportion and rates:  (0.0168264940,0.0535549031) (0.0314677696,0.1947306862) (0.0765985468,0.3039819930) (0.1189084797,0.4289772363) (0.1227037713,0.6332999538) (0.1643097590,0.9005308281) (0.1747349758,1.2615882809) (0.1856054055,1.7242846699) (0.1088447982,2.6306288199)
Optimizing +R9 model parameters by 2-BFGS,EM algorithm...
Site proportion and rates:  (0.0168101494,0.0535549031) (0.0323824893,0.1947306862) (0.0812237320,0.3081618913) (0.1172020810,0.4354005504) (0.1218439502,0.6391987516) (0.1650225740,0.9051770050) (0.1739877735,1.2669718587) (0.1835146261,1.7298785235) (0.1080126244,2.6332594488)
Optimizing +R9 model parameters by 2-BFGS,EM algorithm...
Site proportion and rates:  (0.0167835893,0.0535549031) (0.0329043700,0.1947306862) (0.0842515433,0.3108521499) (0.1159542803,0.4393754245) (0.1207047626,0.6420738255) (0.1644936539,0.9069882644) (0.1735021865,1.2682388306) (0.1833597594,1.7298785235) (0.1080458547,2.6332594488)
Optimal log-likelihood: -153218.9881083448
571  FLU+F+R9      153218.988   1048 308533.976   2507237.976  313160.998
Optimizing model rtREV+R8
1. Initial log-likelihood: -152269.842 (took 0.324 wall-clock sec)
Optimizing +R8 model parameters by 2-BFGS,EM algorithm...
Site proportion and rates:  (0.022,0.068) (0.068,0.249) (0.136,0.408) (0.136,0.607) (0.146,0.848) (0.211,1.172) (0.169,1.556) (0.112,2.218)
Optimizing +R8 model parameters by 2-BFGS,EM algorithm...
Site proportion and rates:  (0.022,0.068) (0.068,0.248) (0.138,0.407) (0.140,0.610) (0.150,0.859) (0.212,1.184) (0.163,1.572) (0.107,2.227)
Optimizing +R8 model parameters by 2-BFGS,EM algorithm...
Site proportion and rates:  (0.022,0.068) (0.068,0.248) (0.138,0.407) (0.142,0.612) (0.151,0.865) (0.211,1.189) (0.161,1.579) (0.105,2.232)
Optimal log-likelihood: -152223.968
581  rtREV+R8      152223.968   1027 306501.935   2418013.935  311036.240
Optimizing model rtREV+R9
1. Initial log-likelihood: -152264.540 (took 0.369 wall-clock sec)
Optimizing +R9 model parameters by 2-BFGS,EM algorithm...
Site proportion and rates:  (0.017,0.054) (0.015,0.195) (0.062,0.263) (0.134,0.414) (0.134,0.611) (0.145,0.851) (0.211,1.175) (0.169,1.560) (0.113,2.224)
Optimizing +R9 model parameters by 2-BFGS,EM algorithm...
Site proportion and rates:  (0.017,0.054) (0.015,0.195) (0.062,0.262) (0.136,0.413) (0.139,0.616) (0.149,0.865) (0.211,1.191) (0.163,1.581) (0.108,2.238)
Optimizing +R9 model parameters by 2-BFGS,EM algorithm...
Site proportion and rates:  (0.017,0.054) (0.015,0.195) (0.062,0.262) (0.137,0.414) (0.141,0.619) (0.151,0.873) (0.211,1.200) (0.161,1.591) (0.105,2.249)
Optimizing +R9 model parameters by 2-BFGS,EM algorithm...
Site proportion and rates:  (0.017,0.054) (0.015,0.195) (0.062,0.262) (0.137,0.415) (0.142,0.621) (0.151,0.875) (0.211,1.203) (0.160,1.596) (0.104,2.254)
Optimal log-likelihood: -152218.641
582  rtREV+R9      152218.641   1029 306495.283   2426235.283  311038.418
Alignment state count time was 0.001 seconds.
Empirical state frequencies: 0.1056712920 0.0445519260 0.0346507125 0.0570178289 0.0147245203 0.0335849569 0.0481479918 0.0775284677 0.0352007799 0.0574853862 0.0955638032 0.0538824446 0.0193175832 0.0407977159 0.0519297053 0.0601944682 0.0647118969 0.0113209782 0.0313778114 0.0623397311 
Optimizing model rtREV+F+R8
1. Initial log-likelihood: -151804.5769958347 (took 0.4765333720 wall-clock sec)
Optimizing +R8 model parameters by 2-BFGS,EM algorithm...
Site proportion and rates:  (0.0205749268,0.0685680008) (0.0694532982,0.2418795587) (0.1352554259,0.4024570270) (0.1418205550,0.6095368329) (0.1384810744,0.8615857938) (0.2063562816,1.1886345153) (0.1783134372,1.5841058652) (0.1097450009,2.3032012108)
Optimizing +R8 model parameters by 2-BFGS,EM algorithm...
Site proportion and rates:  (0.0207073033,0.0685680008) (0.0691649939,0.2396167077) (0.1365999680,0.3997797390) (0.1469186436,0.6095368329) (0.1430050703,0.8706282694) (0.2093328475,1.1992669306) (0.1731920948,1.6050785524) (0.1010790787,2.3276416057)
Optimizing +R8 model parameters by 2-BFGS,EM algorithm...
Site proportion and rates:  (0.0207047466,0.0685680008) (0.0691286462,0.2396167077) (0.1366805944,0.3997797390) (0.1471206229,0.6095368329) (0.1435939009,0.8706282694) (0.2101337707,1.2004801077) (0.1727840559,1.6068007344) (0.0998536624,2.3328539365)
Optimal log-likelihood: -151757.2899607431
592  rtREV+F+R8    151757.290   1046 305606.580   2495930.580  310224.771
Alignment state count time was 0.000 seconds.
Empirical state frequencies: 0.1056712920 0.0445519260 0.0346507125 0.0570178289 0.0147245203 0.0335849569 0.0481479918 0.0775284677 0.0352007799 0.0574853862 0.0955638032 0.0538824446 0.0193175832 0.0407977159 0.0519297053 0.0601944682 0.0647118969 0.0113209782 0.0313778114 0.0623397311 
Optimizing model rtREV+F+R9
1. Initial log-likelihood: -151804.1992471992 (took 0.5057523519 wall-clock sec)
Optimizing +R9 model parameters by 2-BFGS,EM algorithm...
Site proportion and rates:  (0.0170060648,0.0555613848) (0.0179403227,0.1947306862) (0.0630827505,0.2596247347) (0.1318117467,0.4107724308) (0.1399696423,0.6148231769) (0.1376375192,0.8654119673) (0.2060560812,1.1904788381) (0.1778037939,1.5862598937) (0.1086920787,2.3074994746)
Optimizing +R9 model parameters by 2-BFGS,EM algorithm...
Site proportion and rates:  (0.0172235037,0.0556169463) (0.0165988003,0.1947306862) (0.0620842313,0.2547508511) (0.1342584453,0.4071454742) (0.1450658780,0.6148231769) (0.1422225874,0.8743365337) (0.2090215846,1.2031621859) (0.1728984970,1.6079937578) (0.1006264726,2.3344757257)
Optimizing +R9 model parameters by 2-BFGS,EM algorithm...
Site proportion and rates:  (0.0172699661,0.0557839643) (0.0158538653,0.1947306862) (0.0619375428,0.2537333748) (0.1345343375,0.4063315902) (0.1456363390,0.6148231769) (0.1428372677,0.8752108703) (0.2097295737,1.2043653481) (0.1726126016,1.6117032730) (0.0995885063,2.3397735186)
Optimal log-likelihood: -151756.3672672092
593  rtREV+F+R9    151756.367   1048 305608.735   2504312.735  310235.756
Optimizing model cpREV+R8
1. Initial log-likelihood: -151787.355 (took 0.538 wall-clock sec)
Optimizing +R8 model parameters by 2-BFGS,EM algorithm...
Site proportion and rates:  (0.024,0.087) (0.072,0.270) (0.126,0.426) (0.149,0.613) (0.165,0.859) (0.205,1.203) (0.147,1.548) (0.111,2.252)
Optimizing +R8 model parameters by 2-BFGS,EM algorithm...
Site proportion and rates:  (0.024,0.087) (0.074,0.267) (0.129,0.424) (0.154,0.613) (0.169,0.862) (0.236,1.224) (0.129,1.670) (0.086,2.383)
Optimizing +R8 model parameters by 2-BFGS,EM algorithm...
Site proportion and rates:  (0.024,0.087) (0.075,0.266) (0.129,0.422) (0.155,0.612) (0.169,0.861) (0.251,1.230) (0.129,1.739) (0.067,2.517)
Optimizing +R8 model parameters by 2-BFGS,EM algorithm...
Site proportion and rates:  (0.024,0.087) (0.075,0.266) (0.129,0.422) (0.155,0.612) (0.169,0.861) (0.255,1.231) (0.133,1.760) (0.060,2.587)
Optimizing +R8 model parameters by 2-BFGS,EM algorithm...
Site proportion and rates:  (0.024,0.087) (0.075,0.266) (0.129,0.422) (0.155,0.612) (0.169,0.861) (0.256,1.232) (0.134,1.765) (0.058,2.610)
Optimal log-likelihood: -151721.140
603  cpREV+R8      151721.140   1027 305496.279   2417008.279  310030.584
Optimizing model cpREV+R9
1. Initial log-likelihood: -151783.526 (took 0.441 wall-clock sec)
Optimizing +R9 model parameters by 2-BFGS,EM algorithm...
Site proportion and rates:  (0.019,0.073) (0.010,0.195) (0.070,0.279) (0.124,0.433) (0.148,0.619) (0.164,0.864) (0.199,1.205) (0.149,1.534) (0.117,2.238)
Optimizing +R9 model parameters by 2-BFGS,EM algorithm...
Site proportion and rates:  (0.020,0.074) (0.009,0.195) (0.071,0.277) (0.127,0.431) (0.153,0.621) (0.168,0.871) (0.230,1.233) (0.129,1.661) (0.092,2.367)
Optimizing +R9 model parameters by 2-BFGS,EM algorithm...
Site proportion and rates:  (0.020,0.075) (0.009,0.195) (0.071,0.275) (0.128,0.429) (0.154,0.620) (0.169,0.871) (0.250,1.243) (0.129,1.753) (0.069,2.529)
Optimizing +R9 model parameters by 2-BFGS,EM algorithm...
Site proportion and rates:  (0.020,0.075) (0.009,0.195) (0.071,0.275) (0.128,0.429) (0.154,0.620) (0.169,0.871) (0.255,1.246) (0.133,1.780) (0.060,2.617)
Optimizing +R9 model parameters by 2-BFGS,EM algorithm...
Site proportion and rates:  (0.020,0.075) (0.009,0.195) (0.071,0.275) (0.128,0.429) (0.154,0.620) (0.169,0.872) (0.256,1.248) (0.134,1.787) (0.057,2.642)
Optimal log-likelihood: -151720.575
604  cpREV+R9      151720.575   1029 305499.151   2425239.151  310042.285
Alignment state count time was 0.001 seconds.
Empirical state frequencies: 0.1056712920 0.0445519260 0.0346507125 0.0570178289 0.0147245203 0.0335849569 0.0481479918 0.0775284677 0.0352007799 0.0574853862 0.0955638032 0.0538824446 0.0193175832 0.0407977159 0.0519297053 0.0601944682 0.0647118969 0.0113209782 0.0313778114 0.0623397311 
Optimizing model cpREV+F+R8
1. Initial log-likelihood: -151329.8952007831 (took 0.2603209771 wall-clock sec)
Optimizing +R8 model parameters by 2-BFGS,EM algorithm...
Site proportion and rates:  (0.0233321203,0.0845243671) (0.0666472862,0.2633913685) (0.1186534033,0.4145331442) (0.1547965218,0.6028337918) (0.1618593633,0.8427939877) (0.2112875065,1.1773638735) (0.1488409275,1.5357312047) (0.1145828710,2.2578645450)
Optimizing +R8 model parameters by 2-BFGS,EM algorithm...
Site proportion and rates:  (0.0233851061,0.0845243671) (0.0679621349,0.2620968009) (0.1197163204,0.4132907877) (0.1597762621,0.6034366257) (0.1677337775,0.8510767710) (0.2250061434,1.1984489955) (0.1338124426,1.5984541103) (0.1026078130,2.2979158668)
Optimizing +R8 model parameters by 2-BFGS,EM algorithm...
Site proportion and rates:  (0.0234004665,0.0845243671) (0.0683380947,0.2617562168) (0.1206461450,0.4132907877) (0.1611454804,0.6040400624) (0.1699535005,0.8545740135) (0.2388770826,1.2118124222) (0.1276390427,1.6631897271) (0.0900001875,2.3664298744)
Optimizing +R8 model parameters by 2-BFGS,EM algorithm...
Site proportion and rates:  (0.0234095479,0.0845243671) (0.0686964757,0.2614424143) (0.1211173374,0.4132907877) (0.1617299320,0.6040400624) (0.1709732100,0.8554285877) (0.2485429569,1.2185624902) (0.1303720459,1.7218982138) (0.0751584942,2.4804860600)
Optimizing +R8 model parameters by 2-BFGS,EM algorithm...
Site proportion and rates:  (0.0234144344,0.0845243671) (0.0687298293,0.2611809717) (0.1213260269,0.4128774968) (0.1621035637,0.6040400624) (0.1712231398,0.8554285877) (0.2526112350,1.2210550615) (0.1343819649,1.7478561162) (0.0662098059,2.5551800051)
Optimizing +R8 model parameters by 2-BFGS,EM algorithm...
Site proportion and rates:  (0.0234173772,0.0845243671) (0.0688052132,0.2611809717) (0.1213735819,0.4128774968) (0.1621106764,0.6040400624) (0.1713808765,0.8554285877) (0.2536870472,1.2210550615) (0.1363966079,1.7553306536) (0.0628286196,2.5824960809)
Optimal log-likelihood: -151273.7347307109
614  cpREV+F+R8    151273.735   1046 304639.469   2494963.469  309257.661
Alignment state count time was 0.000 seconds.
Empirical state frequencies: 0.1056712920 0.0445519260 0.0346507125 0.0570178289 0.0147245203 0.0335849569 0.0481479918 0.0775284677 0.0352007799 0.0574853862 0.0955638032 0.0538824446 0.0193175832 0.0407977159 0.0519297053 0.0601944682 0.0647118969 0.0113209782 0.0313778114 0.0623397311 
Optimizing model cpREV+F+R9
1. Initial log-likelihood: -151329.7684036843 (took 0.5546763580 wall-clock sec)
Optimizing +R9 model parameters by 2-BFGS,EM algorithm...
Site proportion and rates:  (0.0216460068,0.0811446775) (0.0072057324,0.1947306862) (0.0664024352,0.2748875593) (0.1155323951,0.4234767166) (0.1516601791,0.6079632149) (0.1602972785,0.8455257910) (0.2082885057,1.1784812774) (0.1516859329,1.5311265589) (0.1172815343,2.2598308187)
Optimizing +R9 model parameters by 2-BFGS,EM algorithm...
Site proportion and rates:  (0.0233048539,0.0840807727) (0.0057916464,0.2299834680) (0.0660952058,0.2704444310) (0.1185722754,0.4208333150) (0.1579246116,0.6091797495) (0.1663786469,0.8566321988) (0.2228838545,1.2036160763) (0.1347651483,1.5990421632) (0.1042837572,2.3032838337)
Optimizing +R9 model parameters by 2-BFGS,EM algorithm...
Site proportion and rates:  (0.0233466037,0.0840807727) (0.0071202624,0.2337193002) (0.0647234388,0.2694403269) (0.1199689921,0.4194792786) (0.1600270745,0.6091797495) (0.1690233125,0.8592623532) (0.2390087036,1.2174663349) (0.1273425095,1.6725159306) (0.0894391030,2.3792791338)
Optimizing +R9 model parameters by 2-BFGS,EM algorithm...
Site proportion and rates:  (0.0233453353,0.0840807727) (0.0085450285,0.2339675398) (0.0635762293,0.2699926291) (0.1203228925,0.4190597992) (0.1607093101,0.6091797495) (0.1700410260,0.8601216156) (0.2492488185,1.2235332006) (0.1310622761,1.7350675835) (0.0731490837,2.5061966142)
Optimizing +R9 model parameters by 2-BFGS,EM algorithm...
Site proportion and rates:  (0.0233417783,0.0840807727) (0.0103788937,0.2337335721) (0.0624000612,0.2714082791) (0.1200799326,0.4190597992) (0.1608941795,0.6091797495) (0.1702839225,0.8601216156) (0.2526942168,1.2260036036) (0.1350620707,1.7576818193) (0.0648649448,2.5771260107)
Optimizing +R9 model parameters by 2-BFGS,EM algorithm...
Site proportion and rates:  (0.0233332854,0.0840807727) (0.0128286702,0.2337335721) (0.0610247022,0.2740101255) (0.1194588382,0.4203182365) (0.1606430081,0.6091797495) (0.1703389705,0.8601216156) (0.2534455783,1.2260036036) (0.1366200974,1.7629645049) (0.0623068497,2.5967963242)
Optimal log-likelihood: -151273.5552203804
615  cpREV+F+R9    151273.555   1048 304643.110   2503347.110  309270.132
Akaike Information Criterion:           WAG+F+R9
Corrected Akaike Information Criterion: LG+G4
Bayesian Information Criterion:         WAG+F+R9
Best-fit model: WAG+F+R9 chosen according to BIC

All model information printed to all_MBL-like_tree.model.gz
CPU time for ModelFinder: 84981.446 seconds (23h:36m:21s)
Wall-clock time for ModelFinder: 23510.205 seconds (6h:31m:50s)
Alignment state count time was 0.001 seconds.
Empirical state frequencies: 0.1056712920 0.0445519260 0.0346507125 0.0570178289 0.0147245203 0.0335849569 0.0481479918 0.0775284677 0.0352007799 0.0574853862 0.0955638032 0.0538824446 0.0193175832 0.0407977159 0.0519297053 0.0601944682 0.0647118969 0.0113209782 0.0313778114 0.0623397311 
Generating 1000 samples for ultrafast bootstrap (seed: 139808)...
Alignment state count time was 0.0003287900 seconds.
Empirical state frequencies: 0.1056712920 0.0445519260 0.0346507125 0.0570178289 0.0147245203 0.0335849569 0.0481479918 0.0775284677 0.0352007799 0.0574853862 0.0955638032 0.0538824446 0.0193175832 0.0407977159 0.0519297053 0.0601944682 0.0647118969 0.0113209782 0.0313778114 0.0623397311 

ML-TREE SEARCH START WITH THE FOLLOWING PARAMETERS:
Model of evolution: WAG+F+R9 with counted frequencies (1048 free parameters)
Fixed branch lengths: No
Tree search algorithm: Stochastic nearest neighbor interchange
Termination condition: after 100 unsuccessful iterations
NNI assessed on: 5 branches
Phylogenetic likelihood library: No
Branch length optimization method: Newton
Number of Newton-Raphson steps in NNI evaluation and branch length optimization: 10 / 10
SSE instructions: Yes

NOTE: 448 MB RAM (0 GB) is required!
Estimate model parameters (epsilon = 0.1000000000)
1. Initial log-likelihood: -149882.5294388977 (took 0.3310959460 wall-clock sec)
Optimizing +R9 model parameters by 2-BFGS,EM algorithm...
Site proportion and rates:  (0.0165279275,0.0535549031) (0.0147606621,0.1947306862) (0.0652352606,0.2792522594) (0.1280749555,0.4206208636) (0.1334141228,0.6165790537) (0.1615771568,0.8272811005) (0.2217323996,1.1387205757) (0.1567268003,1.4943492140) (0.1019507148,2.2086814398)
Optimal log-likelihood: -149882.4337221170
Parameters optimization took 1 rounds (21.9759483200 sec)
Best tree printed to all_MBL-like_tree.treefile
Wrote distance file to... 
Computing ML distances based on estimated model parameters...
45.858474s Longest distance was 7.515146
Calculating distance matrix: done in 45.8586 secs using 366.8% CPU
Distance calculation time: 45.860037 seconds
Computing ML distances took 45.860498 sec (of wall-clock time) 168.213865 sec (of CPU time)
Setting up auxiliary I and S matrices: done in 0.0599714 secs using 133.9% CPU
Time taken to write distance file: 0.291488 seconds 
Constructing RapidNJ tree: done in 5.48331 secs using 197.4% CPU
Computing RapidNJ tree took 5.544133 sec (of wall-clock time) 10.902453 sec (of CPU time)
Computing RapidNJ tree (from in-memory) distance matrix took 5.664 sec.
Loading tree (from file all_MBL-like_tree.bionj) took 0.003 sec.
Wall-clock time spent creating initial tree was 5.668 seconds
Log-likelihood of RapidNJ tree: -151725.271
--------------------------------------------------------------------
|             INITIALIZING CANDIDATE TREE SET                      |
--------------------------------------------------------------------
Generating 98 parsimony trees... 83.375 second
Computing log-likelihood of 98 initial trees ... 171.867 seconds
Current best score: -149882.434

Do NNI search on 20 best initial trees
Optimizing NNI: done in 35.4238 secs using 376.7% CPU
Estimate model parameters (epsilon = 0.100)
1. Initial log-likelihood: -149870.156 (took 0.001 wall-clock sec)
Optimizing +R9 model parameters by 2-BFGS,EM algorithm...
Site proportion and rates:  (0.016,0.053) (0.014,0.194) (0.068,0.281) (0.127,0.422) (0.137,0.622) (0.156,0.831) (0.220,1.135) (0.158,1.487) (0.104,2.201)
Optimizing +R9 model parameters by 2-BFGS,EM algorithm...
Site proportion and rates:  (0.016,0.053) (0.014,0.194) (0.068,0.281) (0.127,0.423) (0.137,0.623) (0.156,0.832) (0.219,1.136) (0.158,1.487) (0.104,2.203)
Optimal log-likelihood: -149869.703
BETTER TREE FOUND at iteration 1: -149869.703
Iteration 1 / LogL: -149869.703 / Time: 0h:7m:16s
Optimizing NNI: done in 159.676 secs using 367.6% CPU
Estimate model parameters (epsilon = 0.100)
1. Initial log-likelihood: -149808.594 (took 0.001 wall-clock sec)
Optimizing +R9 model parameters by 2-BFGS,EM algorithm...
Site proportion and rates:  (0.016,0.053) (0.015,0.193) (0.067,0.280) (0.127,0.423) (0.142,0.624) (0.163,0.844) (0.210,1.145) (0.155,1.519) (0.104,2.234)
Optimizing +R9 model parameters by 2-BFGS,EM algorithm...
Site proportion and rates:  (0.016,0.053) (0.015,0.193) (0.067,0.280) (0.128,0.423) (0.145,0.627) (0.166,0.851) (0.213,1.157) (0.152,1.545) (0.098,2.268)
Optimizing +R9 model parameters by 2-BFGS,EM algorithm...
Site proportion and rates:  (0.016,0.053) (0.015,0.193) (0.067,0.280) (0.128,0.424) (0.146,0.629) (0.167,0.855) (0.216,1.163) (0.151,1.564) (0.094,2.297)
Optimizing +R9 model parameters by 2-BFGS,EM algorithm...
Site proportion and rates:  (0.016,0.053) (0.015,0.193) (0.067,0.281) (0.128,0.425) (0.146,0.629) (0.168,0.857) (0.218,1.169) (0.150,1.578) (0.091,2.317)
Optimal log-likelihood: -149806.668
BETTER TREE FOUND at iteration 2: -149806.668
Iteration 2 / LogL: -149806.668 / Time: 0h:11m:52s
Optimizing NNI: done in 233.305 secs using 383.2% CPU
Iteration 3 / LogL: -149821.403 / Time: 0h:15m:45s
Optimizing NNI: done in 246.388 secs using 386.2% CPU
Iteration 4 / LogL: -149829.658 / Time: 0h:19m:52s
Optimizing NNI: done in 199.809 secs using 379.5% CPU
Iteration 5 / LogL: -149853.034 / Time: 0h:23m:12s
Optimizing NNI: done in 176.03 secs using 374.8% CPU
Iteration 6 / LogL: -149873.936 / Time: 0h:26m:8s
Optimizing NNI: done in 220.051 secs using 368.9% CPU
Iteration 7 / LogL: -149839.605 / Time: 0h:29m:49s
Optimizing NNI: done in 163.382 secs using 372.2% CPU
Iteration 8 / LogL: -149868.555 / Time: 0h:32m:32s
Optimizing NNI: done in 213.564 secs using 377.7% CPU
Iteration 9 / LogL: -149940.639 / Time: 0h:36m:6s
Optimizing NNI: done in 220.583 secs using 367.8% CPU
Iteration 10 / LogL: -149838.220 / Time: 0h:39m:47s
Optimizing NNI: done in 153.817 secs using 370.8% CPU
Iteration 11 / LogL: -149867.574 / Time: 0h:42m:21s
Optimizing NNI: done in 152.635 secs using 379.6% CPU
Iteration 12 / LogL: -149869.329 / Time: 0h:44m:54s
Optimizing NNI: done in 153.039 secs using 379.6% CPU
Iteration 13 / LogL: -149871.715 / Time: 0h:47m:28s
Optimizing NNI: done in 241.139 secs using 377.6% CPU
Iteration 14 / LogL: -149841.906 / Time: 0h:51m:29s
Optimizing NNI: done in 273.115 secs using 373.7% CPU
Iteration 15 / LogL: -149830.008 / Time: 0h:56m:3s
Optimizing NNI: done in 151.333 secs using 380.2% CPU
Iteration 16 / LogL: -149909.061 / Time: 0h:58m:34s
Optimizing NNI: done in 153.109 secs using 386.3% CPU
Iteration 17 / LogL: -149823.189 / Time: 1h:1m:8s
Optimizing NNI: done in 272.896 secs using 372.4% CPU
Iteration 18 / LogL: -149851.951 / Time: 1h:5m:41s
Optimizing NNI: done in 183.446 secs using 387.7% CPU
Iteration 19 / LogL: -149837.696 / Time: 1h:8m:45s
Optimizing NNI: done in 225.211 secs using 376.1% CPU
Iteration 20 / LogL: -149888.974 / Time: 1h:12m:30s
Best tree printed to all_MBL-like_tree.treefile
Finish initializing candidate tree set (20)
Current best tree score: -149806.668 / CPU time: 4244.743
Number of iterations: 20
--------------------------------------------------------------------
|               OPTIMIZING CANDIDATE TREE SET                      |
--------------------------------------------------------------------
Optimizing NNI: done in 98.1894 secs using 352.3% CPU
Iteration 21 / LogL: -149915.650 / Time: 1h:14m:9s (5h:0m:20s left)
Optimizing NNI: done in 143.463 secs using 368.8% CPU
Iteration 22 / LogL: -149867.336 / Time: 1h:16m:33s (4h:51m:40s left)
Optimizing NNI: done in 95.6819 secs using 376.1% CPU
Estimate model parameters (epsilon = 0.100)
1. Initial log-likelihood: -149781.226 (took 0.001 wall-clock sec)
Optimizing +R9 model parameters by 2-BFGS,EM algorithm...
Site proportion and rates:  (0.016,0.052) (0.015,0.190) (0.067,0.277) (0.125,0.417) (0.150,0.619) (0.167,0.850) (0.218,1.157) (0.147,1.550) (0.094,2.280)
Optimizing +R9 model parameters by 2-BFGS,EM algorithm...
Site proportion and rates:  (0.016,0.052) (0.015,0.190) (0.067,0.278) (0.125,0.418) (0.150,0.620) (0.167,0.852) (0.218,1.159) (0.146,1.552) (0.095,2.280)
Optimal log-likelihood: -149780.712
BETTER TREE FOUND at iteration 23: -149780.712
Iteration 23 / LogL: -149780.712 / Time: 1h:18m:59s (5h:59m:2s left)
Best tree printed to all_MBL-like_tree.treefile
Optimizing NNI: done in 77.5464 secs using 361.7% CPU
Iteration 24 / LogL: -149819.857 / Time: 1h:20m:17s (5h:45m:36s left)
Optimizing NNI: done in 105.835 secs using 377.7% CPU
Iteration 25 / LogL: -149859.172 / Time: 1h:22m:4s (5h:35m:7s left)
Optimizing NNI: done in 123.567 secs using 373.1% CPU
Iteration 26 / LogL: -149815.041 / Time: 1h:24m:8s (5h:26m:27s left)
Optimizing NNI: done in 127.563 secs using 362.4% CPU
Iteration 27 / LogL: -149823.188 / Time: 1h:26m:16s (5h:18m:33s left)
Optimizing NNI: done in 132.111 secs using 380.7% CPU
Iteration 28 / LogL: -149953.882 / Time: 1h:28m:29s (5h:11m:21s left)
Optimizing NNI: done in 115.742 secs using 371% CPU
Iteration 29 / LogL: -149808.739 / Time: 1h:30m:25s (5h:3m:35s left)
Optimizing NNI: done in 92.4688 secs using 379.3% CPU
Iteration 30 / LogL: -149807.254 / Time: 1h:31m:59s (4h:54m:59s left)
Optimizing NNI: done in 98.6085 secs using 372.8% CPU
Estimate model parameters (epsilon = 0.100)
1. Initial log-likelihood: -149780.698 (took 0.001 wall-clock sec)
Optimizing +R9 model parameters by 2-BFGS,EM algorithm...
Site proportion and rates:  (0.016,0.052) (0.015,0.189) (0.068,0.279) (0.124,0.419) (0.147,0.618) (0.166,0.848) (0.214,1.149) (0.156,1.541) (0.095,2.271)
Optimizing +R9 model parameters by 2-BFGS,EM algorithm...
Site proportion and rates:  (0.016,0.052) (0.015,0.189) (0.068,0.279) (0.124,0.420) (0.147,0.620) (0.165,0.849) (0.213,1.149) (0.158,1.541) (0.095,2.274)
Optimal log-likelihood: -149780.249
BETTER TREE FOUND at iteration 31: -149780.249
Iteration 31 / LogL: -149780.249 / Time: 1h:34m:35s (5h:15m:17s left)
Best tree printed to all_MBL-like_tree.treefile
Optimizing NNI: done in 87.8298 secs using 373.8% CPU
Iteration 32 / LogL: -149823.162 / Time: 1h:36m:4s (5h:6m:47s left)
Optimizing NNI: done in 108.856 secs using 374.9% CPU
Iteration 33 / LogL: -149794.798 / Time: 1h:37m:53s (4h:59m:48s left)
Optimizing NNI: done in 76.6184 secs using 386.2% CPU
Iteration 34 / LogL: -149813.243 / Time: 1h:39m:11s (4h:51m:33s left)
Optimizing NNI: done in 130.951 secs using 377.6% CPU
Iteration 35 / LogL: -149807.457 / Time: 1h:41m:22s (4h:46m:15s left)
Optimizing NNI: done in 93.7723 secs using 385.5% CPU
Iteration 36 / LogL: -149865.897 / Time: 1h:42m:57s (4h:39m:26s left)
Optimizing NNI: done in 71.6863 secs using 369.1% CPU
Iteration 37 / LogL: -149849.566 / Time: 1h:44m:9s (4h:31m:58s left)
Optimizing NNI: done in 91.7984 secs using 381.7% CPU
Iteration 38 / LogL: -149793.414 / Time: 1h:45m:42s (4h:25m:40s left)
Optimizing NNI: done in 109.073 secs using 373.4% CPU
Iteration 39 / LogL: -149819.041 / Time: 1h:47m:31s (4h:20m:19s left)
Optimizing NNI: done in 113.018 secs using 383.9% CPU
Estimate model parameters (epsilon = 0.100)
1. Initial log-likelihood: -149766.434 (took 0.001 wall-clock sec)
Optimizing +R9 model parameters by 2-BFGS,EM algorithm...
Site proportion and rates:  (0.016,0.051) (0.014,0.187) (0.068,0.277) (0.127,0.418) (0.147,0.618) (0.165,0.843) (0.214,1.143) (0.156,1.533) (0.093,2.270)
Optimizing +R9 model parameters by 2-BFGS,EM algorithm...
Site proportion and rates:  (0.016,0.051) (0.014,0.187) (0.068,0.277) (0.127,0.418) (0.147,0.618) (0.165,0.844) (0.215,1.145) (0.156,1.539) (0.092,2.279)
Optimal log-likelihood: -149766.252
BETTER TREE FOUND at iteration 40: -149766.252
Iteration 40 / LogL: -149766.252 / Time: 1h:50m:20s (4h:42m:56s left)
Best tree printed to all_MBL-like_tree.treefile
Optimizing NNI: done in 112.999 secs using 373.9% CPU
Iteration 41 / LogL: -149784.268 / Time: 1h:52m:14s (4h:37m:47s left)
Optimizing NNI: done in 87.7248 secs using 375.4% CPU
Iteration 42 / LogL: -149819.887 / Time: 1h:53m:42s (4h:31m:48s left)
Optimizing NNI: done in 86.219 secs using 367.8% CPU
Iteration 43 / LogL: -149797.267 / Time: 1h:55m:9s (4h:25m:58s left)
Optimizing NNI: done in 96.5019 secs using 355.8% CPU
Iteration 44 / LogL: -149794.154 / Time: 1h:56m:47s (4h:20m:43s left)
Optimizing NNI: done in 71.3492 secs using 381.2% CPU
Iteration 45 / LogL: -149980.921 / Time: 1h:57m:58s (4h:14m:44s left)
Optimizing NNI: done in 85.58 secs using 377.5% CPU
Iteration 46 / LogL: -149868.157 / Time: 1h:59m:25s (4h:9m:27s left)
Optimizing NNI: done in 99.5699 secs using 390.8% CPU
Iteration 47 / LogL: -149874.360 / Time: 2h:1m:5s (4h:4m:49s left)
Optimizing NNI: done in 88.4919 secs using 385.3% CPU
Iteration 48 / LogL: -149801.037 / Time: 2h:2m:35s (3h:59m:57s left)
Optimizing NNI: done in 102.549 secs using 380.8% CPU
Iteration 49 / LogL: -149777.703 / Time: 2h:4m:18s (3h:55m:39s left)
Optimizing NNI: done in 158.368 secs using 379.3% CPU
Iteration 50 / LogL: -149800.297 / Time: 2h:6m:57s (3h:53m:11s left)
Optimizing NNI: done in 93.6718 secs using 387.9% CPU
Iteration 51 / LogL: -149822.765 / Time: 2h:8m:31s (3h:48m:47s left)
Optimizing NNI: done in 96.2633 secs using 365% CPU
Iteration 52 / LogL: -149801.124 / Time: 2h:10m:8s (3h:44m:33s left)
Optimizing NNI: done in 77.0058 secs using 375.5% CPU
Estimate model parameters (epsilon = 0.100)
1. Initial log-likelihood: -149755.856 (took 0.001 wall-clock sec)
Optimizing +R9 model parameters by 2-BFGS,EM algorithm...
Site proportion and rates:  (0.016,0.051) (0.014,0.187) (0.067,0.277) (0.129,0.420) (0.145,0.620) (0.164,0.845) (0.219,1.145) (0.154,1.540) (0.093,2.257)
Optimizing +R9 model parameters by 2-BFGS,EM algorithm...
Site proportion and rates:  (0.016,0.051) (0.014,0.187) (0.067,0.277) (0.129,0.420) (0.144,0.621) (0.164,0.846) (0.218,1.146) (0.153,1.540) (0.094,2.257)
Optimal log-likelihood: -149755.520
BETTER TREE FOUND at iteration 53: -149755.520
Iteration 53 / LogL: -149755.520 / Time: 2h:12m:9s (4h:14m:8s left)
Best tree printed to all_MBL-like_tree.treefile
Optimizing NNI: done in 99.9174 secs using 373% CPU
Iteration 54 / LogL: -149772.751 / Time: 2h:13m:49s (4h:9m:59s left)
Optimizing NNI: done in 112.107 secs using 364.9% CPU
Iteration 55 / LogL: -149786.796 / Time: 2h:15m:42s (4h:6m:17s left)
Optimizing NNI: done in 130.525 secs using 383.8% CPU
Iteration 56 / LogL: -149781.350 / Time: 2h:17m:54s (4h:3m:12s left)
Optimizing NNI: done in 121.891 secs using 384.3% CPU
Iteration 57 / LogL: -149803.413 / Time: 2h:19m:56s (3h:59m:54s left)
Optimizing NNI: done in 128.82 secs using 385.3% CPU
Estimate model parameters (epsilon = 0.100)
1. Initial log-likelihood: -149750.898 (took 0.001 wall-clock sec)
Optimizing +R9 model parameters by 2-BFGS,EM algorithm...
Site proportion and rates:  (0.016,0.051) (0.014,0.186) (0.067,0.280) (0.127,0.419) (0.145,0.624) (0.163,0.847) (0.212,1.146) (0.157,1.527) (0.098,2.244)
Optimizing +R9 model parameters by 2-BFGS,EM algorithm...
Site proportion and rates:  (0.016,0.051) (0.014,0.186) (0.067,0.280) (0.127,0.420) (0.145,0.624) (0.163,0.848) (0.211,1.148) (0.157,1.527) (0.099,2.244)
Optimal log-likelihood: -149750.610
BETTER TREE FOUND at iteration 58: -149750.610
Iteration 58 / LogL: -149750.610 / Time: 2h:22m:44s (4h:10m:24s left)
Best tree printed to all_MBL-like_tree.treefile
Optimizing NNI: done in 84.4865 secs using 386% CPU
Iteration 59 / LogL: -149810.821 / Time: 2h:24m:9s (4h:6m:3s left)
Optimizing NNI: done in 102.508 secs using 371.7% CPU
Iteration 60 / LogL: -149773.759 / Time: 2h:25m:52s (4h:2m:17s left)
Optimizing NNI: done in 101.096 secs using 350.6% CPU
Iteration 61 / LogL: -149831.590 / Time: 2h:27m:33s (3h:58m:33s left)
Optimizing NNI: done in 107.362 secs using 388.2% CPU
Iteration 62 / LogL: -149819.010 / Time: 2h:29m:21s (3h:55m:4s left)
Optimizing NNI: done in 98.1768 secs using 389.7% CPU
Iteration 63 / LogL: -149844.359 / Time: 2h:31m:0s (3h:51m:23s left)
Optimizing NNI: done in 75.5081 secs using 385.5% CPU
Iteration 64 / LogL: -149912.860 / Time: 2h:32m:17s (3h:47m:13s left)
Optimizing NNI: done in 88.5318 secs using 380.2% CPU
Iteration 65 / LogL: -149835.823 / Time: 2h:33m:46s (3h:43m:27s left)
Optimizing NNI: done in 141.139 secs using 372.7% CPU
Iteration 66 / LogL: -149757.887 / Time: 2h:36m:8s (3h:40m:59s left)
Optimizing NNI: done in 75.8443 secs using 382.3% CPU
Iteration 67 / LogL: -149772.588 / Time: 2h:37m:24s (3h:37m:2s left)
Optimizing NNI: done in 100.259 secs using 371.7% CPU
Iteration 68 / LogL: -149779.393 / Time: 2h:39m:5s (3h:33m:42s left)
Optimizing NNI: done in 129.081 secs using 384.9% CPU
Iteration 69 / LogL: -149758.003 / Time: 2h:41m:15s (3h:31m:4s left)
Optimizing NNI: done in 104.678 secs using 377.2% CPU
Iteration 70 / LogL: -149771.940 / Time: 2h:43m:1s (3h:27m:54s left)
Optimizing NNI: done in 120.843 secs using 369.4% CPU
Iteration 71 / LogL: -149847.896 / Time: 2h:45m:2s (3h:25m:7s left)
Optimizing NNI: done in 90.8862 secs using 388.6% CPU
Iteration 72 / LogL: -149905.393 / Time: 2h:46m:34s (3h:21m:45s left)
Optimizing NNI: done in 118.989 secs using 388.2% CPU
Iteration 73 / LogL: -149890.187 / Time: 2h:48m:33s (3h:19m:0s left)
Optimizing NNI: done in 121.286 secs using 383.4% CPU
Iteration 74 / LogL: -149824.142 / Time: 2h:50m:35s (3h:16m:18s left)
Optimizing NNI: done in 151.507 secs using 377.5% CPU
Iteration 75 / LogL: -149910.927 / Time: 2h:53m:8s (3h:14m:11s left)
Optimizing NNI: done in 144.97 secs using 375.1% CPU
Estimate model parameters (epsilon = 0.100)
1. Initial log-likelihood: -149750.236 (took 0.001 wall-clock sec)
Optimizing +R9 model parameters by 2-BFGS,EM algorithm...
Site proportion and rates:  (0.016,0.051) (0.015,0.185) (0.067,0.278) (0.128,0.417) (0.147,0.622) (0.166,0.845) (0.213,1.151) (0.152,1.525) (0.096,2.255)
Optimizing +R9 model parameters by 2-BFGS,EM algorithm...
Site proportion and rates:  (0.016,0.051) (0.015,0.185) (0.067,0.278) (0.129,0.417) (0.148,0.623) (0.166,0.847) (0.214,1.155) (0.151,1.532) (0.095,2.263)
Optimal log-likelihood: -149749.916
BETTER TREE FOUND at iteration 76: -149749.916
Iteration 76 / LogL: -149749.916 / Time: 2h:56m:28s (3h:55m:17s left)
Best tree printed to all_MBL-like_tree.treefile
Optimizing NNI: done in 122.777 secs using 376.8% CPU
Iteration 77 / LogL: -149782.031 / Time: 2h:58m:31s (3h:52m:33s left)
Optimizing NNI: done in 110.379 secs using 380.4% CPU
Iteration 78 / LogL: -149794.943 / Time: 3h:0m:22s (3h:49m:34s left)
Optimizing NNI: done in 131.251 secs using 372.4% CPU
Iteration 79 / LogL: -149810.005 / Time: 3h:2m:34s (3h:47m:2s left)
Optimizing NNI: done in 134.944 secs using 369.4% CPU
Iteration 80 / LogL: -149828.396 / Time: 3h:4m:49s (3h:44m:36s left)
Optimizing NNI: done in 116.488 secs using 384.3% CPU
Iteration 81 / LogL: -149764.463 / Time: 3h:6m:47s (3h:41m:48s left)
Optimizing NNI: done in 99.312 secs using 384.3% CPU
Iteration 82 / LogL: -149818.318 / Time: 3h:8m:26s (3h:38m:41s left)
Optimizing NNI: done in 88.9769 secs using 384.1% CPU
Iteration 83 / LogL: -149770.999 / Time: 3h:9m:56s (3h:35m:25s left)
Optimizing NNI: done in 118.415 secs using 370.8% CPU
Iteration 84 / LogL: -149862.712 / Time: 3h:11m:55s (3h:32m:44s left)
Optimizing NNI: done in 111.212 secs using 381.6% CPU
Iteration 85 / LogL: -149945.651 / Time: 3h:13m:47s (3h:29m:56s left)
Optimizing NNI: done in 108.488 secs using 385.3% CPU
Iteration 86 / LogL: -149819.290 / Time: 3h:15m:36s (3h:27m:7s left)
Optimizing NNI: done in 128.556 secs using 380.7% CPU
Iteration 87 / LogL: -149795.506 / Time: 3h:17m:46s (3h:24m:40s left)
Optimizing NNI: done in 99.6229 secs using 376.2% CPU
Iteration 88 / LogL: -149845.611 / Time: 3h:19m:26s (3h:21m:44s left)
Optimizing NNI: done in 133.775 secs using 381.8% CPU
Iteration 89 / LogL: -149834.800 / Time: 3h:21m:41s (3h:19m:23s left)
Optimizing NNI: done in 87.467 secs using 380.3% CPU
Iteration 90 / LogL: -149754.996 / Time: 3h:23m:9s (3h:16m:18s left)
Optimizing NNI: done in 83.0765 secs using 380.8% CPU
Iteration 91 / LogL: -149760.634 / Time: 3h:24m:33s (3h:13m:11s left)
Optimizing NNI: done in 120.276 secs using 368.6% CPU
Iteration 92 / LogL: -149859.480 / Time: 3h:26m:34s (3h:10m:40s left)
Optimizing NNI: done in 135.254 secs using 383.7% CPU
Estimate model parameters (epsilon = 0.100)
1. Initial log-likelihood: -149748.529 (took 0.001 wall-clock sec)
Optimizing +R9 model parameters by 2-BFGS,EM algorithm...
Site proportion and rates:  (0.016,0.051) (0.015,0.184) (0.068,0.279) (0.127,0.417) (0.148,0.621) (0.166,0.848) (0.217,1.155) (0.149,1.545) (0.096,2.271)
Optimizing +R9 model parameters by 2-BFGS,EM algorithm...
Site proportion and rates:  (0.016,0.051) (0.015,0.184) (0.068,0.280) (0.127,0.418) (0.148,0.622) (0.166,0.849) (0.217,1.156) (0.148,1.547) (0.095,2.274)
Optimal log-likelihood: -149748.363
BETTER TREE FOUND at iteration 93: -149748.363
Iteration 93 / LogL: -149748.363 / Time: 3h:29m:32s (3h:47m:46s left)
Best tree printed to all_MBL-like_tree.treefile
Optimizing NNI: done in 135.074 secs using 377% CPU
Iteration 94 / LogL: -149799.060 / Time: 3h:31m:48s (3h:45m:28s left)
Optimizing NNI: done in 109.274 secs using 376% CPU
Iteration 95 / LogL: -149838.857 / Time: 3h:33m:38s (3h:42m:43s left)
Optimizing NNI: done in 106.705 secs using 379.8% CPU
Iteration 96 / LogL: -149751.911 / Time: 3h:35m:25s (3h:39m:57s left)
Optimizing NNI: done in 126.371 secs using 384.3% CPU
Iteration 97 / LogL: -149829.023 / Time: 3h:37m:33s (3h:37m:33s left)
Optimizing NNI: done in 138.237 secs using 385% CPU
Iteration 98 / LogL: -149774.385 / Time: 3h:39m:51s (3h:35m:19s left)
Optimizing NNI: done in 111.292 secs using 383.1% CPU
Iteration 99 / LogL: -149793.369 / Time: 3h:41m:44s (3h:32m:41s left)
Optimizing NNI: done in 105.439 secs using 379.1% CPU
Iteration 100 / LogL: -149781.670 / Time: 3h:43m:30s (3h:29m:57s left)
Optimizing NNI: done in 126.991 secs using 367.2% CPU
Iteration 101 / LogL: -149764.832 / Time: 3h:45m:38s (3h:27m:35s left)
Optimizing NNI: done in 103.996 secs using 382.8% CPU
Iteration 102 / LogL: -149780.198 / Time: 3h:47m:22s (3h:24m:52s left)
Optimizing NNI: done in 127.251 secs using 380.1% CPU
Iteration 103 / LogL: -149810.425 / Time: 3h:49m:30s (3h:22m:30s left)
Optimizing NNI: done in 97.5348 secs using 371.9% CPU
Iteration 104 / LogL: -149848.497 / Time: 3h:51m:8s (3h:19m:43s left)
Optimizing NNI: done in 98.5731 secs using 388.7% CPU
Iteration 105 / LogL: -149820.538 / Time: 3h:52m:48s (3h:16m:59s left)
Optimizing NNI: done in 117.366 secs using 371.7% CPU
Iteration 106 / LogL: -149765.376 / Time: 3h:54m:46s (3h:14m:31s left)
Optimizing NNI: done in 139.995 secs using 368.6% CPU
Iteration 107 / LogL: -149797.473 / Time: 3h:57m:6s (3h:12m:22s left)
Optimizing NNI: done in 146.544 secs using 363.4% CPU
Iteration 108 / LogL: -149756.367 / Time: 3h:59m:34s (3h:10m:18s left)
Optimizing NNI: done in 72.9858 secs using 393.7% CPU
Iteration 109 / LogL: -149756.490 / Time: 4h:0m:47s (3h:7m:17s left)
Optimizing NNI: done in 150.468 secs using 371.8% CPU
Iteration 110 / LogL: -149778.246 / Time: 4h:3m:19s (3h:5m:16s left)
Optimizing NNI: done in 82.4052 secs using 385.6% CPU
Iteration 111 / LogL: -149760.784 / Time: 4h:4m:42s (3h:2m:24s left)
Optimizing NNI: done in 159.531 secs using 373.7% CPU
Iteration 112 / LogL: -149758.603 / Time: 4h:7m:22s (3h:0m:31s left)
Optimizing NNI: done in 165.638 secs using 378.7% CPU
Iteration 113 / LogL: -149859.740 / Time: 4h:10m:9s (2h:58m:40s left)
Optimizing NNI: done in 98.1823 secs using 387.8% CPU
Iteration 114 / LogL: -149807.132 / Time: 4h:11m:48s (2h:56m:2s left)
Optimizing NNI: done in 119.628 secs using 370.8% CPU
Iteration 115 / LogL: -149802.310 / Time: 4h:13m:48s (2h:53m:39s left)
Optimizing NNI: done in 157.639 secs using 377.9% CPU
Iteration 116 / LogL: -149759.508 / Time: 4h:16m:27s (2h:51m:42s left)
Optimizing NNI: done in 81.6887 secs using 382.5% CPU
Iteration 117 / LogL: -149917.666 / Time: 4h:17m:49s (2h:48m:55s left)
Optimizing NNI: done in 78.5308 secs using 385.5% CPU
Iteration 118 / LogL: -149798.888 / Time: 4h:19m:9s (2h:46m:7s left)
Optimizing NNI: done in 144.364 secs using 380.9% CPU
Iteration 119 / LogL: -149755.646 / Time: 4h:21m:34s (2h:44m:2s left)
Optimizing NNI: done in 108.66 secs using 375.5% CPU
Iteration 120 / LogL: -149777.541 / Time: 4h:23m:23s (2h:41m:34s left)
Optimizing NNI: done in 106.921 secs using 375.9% CPU
Estimate model parameters (epsilon = 0.100)
1. Initial log-likelihood: -149738.659 (took 0.001 wall-clock sec)
Optimizing +R9 model parameters by 2-BFGS,EM algorithm...
Site proportion and rates:  (0.016,0.050) (0.014,0.183) (0.068,0.278) (0.128,0.419) (0.146,0.624) (0.164,0.849) (0.213,1.149) (0.152,1.524) (0.099,2.230)
Optimizing +R9 model parameters by 2-BFGS,EM algorithm...
Site proportion and rates:  (0.016,0.050) (0.014,0.183) (0.068,0.278) (0.129,0.420) (0.146,0.626) (0.163,0.851) (0.212,1.149) (0.152,1.524) (0.100,2.230)
Optimal log-likelihood: -149738.281
BETTER TREE FOUND at iteration 121: -149738.281
Iteration 121 / LogL: -149738.281 / Time: 4h:25m:56s (3h:41m:36s left)
Best tree printed to all_MBL-like_tree.treefile
Optimizing NNI: done in 86.3881 secs using 388.4% CPU
Iteration 122 / LogL: -149817.064 / Time: 4h:27m:23s (3h:38m:46s left)
Optimizing NNI: done in 119.699 secs using 382.8% CPU
Iteration 123 / LogL: -149746.260 / Time: 4h:29m:23s (3h:36m:23s left)
Optimizing NNI: done in 128.31 secs using 376.4% CPU
Iteration 124 / LogL: -149775.561 / Time: 4h:31m:32s (3h:34m:8s left)
Optimizing NNI: done in 100.457 secs using 375.3% CPU
Iteration 125 / LogL: -149764.276 / Time: 4h:33m:13s (3h:31m:31s left)
Optimizing NNI: done in 113.176 secs using 378.2% CPU
Iteration 126 / LogL: -149791.542 / Time: 4h:35m:7s (3h:29m:5s left)
Optimizing NNI: done in 97.2333 secs using 370% CPU
Iteration 127 / LogL: -149766.315 / Time: 4h:36m:45s (3h:26m:28s left)
Optimizing NNI: done in 89.151 secs using 365.3% CPU
Iteration 128 / LogL: -149754.443 / Time: 4h:38m:15s (3h:23m:45s left)
Optimizing NNI: done in 90.9208 secs using 357% CPU
Iteration 129 / LogL: -149825.008 / Time: 4h:39m:47s (3h:21m:5s left)
Optimizing NNI: done in 89.1224 secs using 381.1% CPU
Iteration 130 / LogL: -149790.480 / Time: 4h:41m:17s (3h:18m:25s left)
Optimizing NNI: done in 129.659 secs using 378.3% CPU
Iteration 131 / LogL: -149806.246 / Time: 4h:43m:27s (3h:16m:14s left)
Optimizing NNI: done in 79.3307 secs using 378.6% CPU
Iteration 132 / LogL: -149793.858 / Time: 4h:44m:48s (3h:13m:29s left)
Optimizing NNI: done in 108.774 secs using 364.1% CPU
Iteration 133 / LogL: -149749.415 / Time: 4h:46m:37s (3h:11m:5s left)
Optimizing NNI: done in 103.295 secs using 384.7% CPU
Iteration 134 / LogL: -149775.190 / Time: 4h:48m:21s (3h:8m:37s left)
Optimizing NNI: done in 76.3 secs using 387% CPU
Iteration 135 / LogL: -149980.330 / Time: 4h:49m:38s (3h:5m:53s left)
Optimizing NNI: done in 73.0529 secs using 386.4% CPU
Iteration 136 / LogL: -149753.428 / Time: 4h:50m:52s (3h:3m:8s left)
Optimizing NNI: done in 159.635 secs using 379.6% CPU
Iteration 137 / LogL: -149742.883 / Time: 4h:53m:32s (3h:1m:18s left)
Optimizing NNI: done in 73.5935 secs using 387.3% CPU
Estimate model parameters (epsilon = 0.100)
1. Initial log-likelihood: -149732.551 (took 0.001 wall-clock sec)
Optimizing +R9 model parameters by 2-BFGS,EM algorithm...
Site proportion and rates:  (0.016,0.050) (0.014,0.182) (0.068,0.278) (0.128,0.419) (0.147,0.624) (0.163,0.847) (0.211,1.145) (0.153,1.518) (0.101,2.219)
Optimizing +R9 model parameters by 2-BFGS,EM algorithm...
Site proportion and rates:  (0.016,0.050) (0.014,0.182) (0.068,0.278) (0.128,0.419) (0.147,0.625) (0.162,0.848) (0.210,1.146) (0.154,1.518) (0.102,2.219)
Optimal log-likelihood: -149732.007
BETTER TREE FOUND at iteration 138: -149732.007
Iteration 138 / LogL: -149732.007 / Time: 4h:55m:22s (3h:35m:36s left)
Best tree printed to all_MBL-like_tree.treefile
Optimizing NNI: done in 123.265 secs using 365.5% CPU
Iteration 139 / LogL: -149831.726 / Time: 4h:57m:27s (3h:33m:23s left)
Optimizing NNI: done in 68.3695 secs using 373.6% CPU
Iteration 140 / LogL: -149744.375 / Time: 4h:58m:36s (3h:30m:31s left)
Optimizing NNI: done in 123.745 secs using 364.7% CPU
Iteration 141 / LogL: -149758.754 / Time: 5h:0m:40s (3h:28m:19s left)
Optimizing NNI: done in 121.852 secs using 378.7% CPU
Iteration 142 / LogL: -149750.091 / Time: 5h:2m:43s (3h:26m:6s left)
Optimizing NNI: done in 72.8558 secs using 373.7% CPU
Iteration 143 / LogL: -149821.364 / Time: 5h:3m:56s (3h:23m:20s left)
Optimizing NNI: done in 90.438 secs using 384.9% CPU
Iteration 144 / LogL: -149735.280 / Time: 5h:5m:28s (3h:20m:47s left)
Optimizing NNI: done in 113.11 secs using 373.3% CPU
Iteration 145 / LogL: -149810.467 / Time: 5h:7m:22s (3h:18m:30s left)
Optimizing NNI: done in 107.594 secs using 375.3% CPU
Iteration 146 / LogL: -149768.132 / Time: 5h:9m:10s (3h:16m:9s left)
Optimizing NNI: done in 127.144 secs using 368.5% CPU
Iteration 147 / LogL: -149752.065 / Time: 5h:11m:18s (3h:14m:1s left)
Optimizing NNI: done in 94.2403 secs using 381.2% CPU
Iteration 148 / LogL: -149733.055 / Time: 5h:12m:53s (3h:11m:33s left)
Optimizing NNI: done in 91.8317 secs using 376.8% CPU
Iteration 149 / LogL: -149743.505 / Time: 5h:14m:26s (3h:9m:5s left)
Optimizing NNI: done in 79.6269 secs using 386% CPU
Iteration 150 / LogL: -149762.380 / Time: 5h:15m:46s (3h:6m:29s left)
Optimizing NNI: done in 128.868 secs using 381.4% CPU
Iteration 151 / LogL: -149857.235 / Time: 5h:17m:56s (3h:4m:24s left)
Optimizing NNI: done in 104.7 secs using 379.6% CPU
Iteration 152 / LogL: -149797.736 / Time: 5h:19m:41s (3h:2m:4s left)
Optimizing NNI: done in 124.379 secs using 370.6% CPU
Iteration 153 / LogL: -149747.633 / Time: 5h:21m:46s (2h:59m:56s left)
Optimizing NNI: done in 102.692 secs using 372.1% CPU
Iteration 154 / LogL: -149787.055 / Time: 5h:23m:30s (2h:57m:36s left)
Optimizing NNI: done in 92.2803 secs using 387.7% CPU
Iteration 155 / LogL: -149742.025 / Time: 5h:25m:3s (2h:55m:11s left)
Optimizing NNI: done in 156.854 secs using 368.2% CPU
Iteration 156 / LogL: -149744.175 / Time: 5h:27m:41s (2h:53m:21s left)
Optimizing NNI: done in 114.457 secs using 361.8% CPU
Iteration 157 / LogL: -149830.435 / Time: 5h:29m:36s (2h:51m:8s left)
Optimizing NNI: done in 100.157 secs using 388.1% CPU
Iteration 158 / LogL: -149799.006 / Time: 5h:31m:17s (2h:48m:48s left)
Optimizing NNI: done in 105.418 secs using 382.4% CPU
Iteration 159 / LogL: -149825.305 / Time: 5h:33m:3s (2h:46m:31s left)
Optimizing NNI: done in 128.532 secs using 383.5% CPU
Iteration 160 / LogL: -149750.545 / Time: 5h:35m:13s (2h:44m:26s left)
Optimizing NNI: done in 142.387 secs using 368.4% CPU
Iteration 161 / LogL: -149808.678 / Time: 5h:37m:36s (2h:42m:28s left)
Optimizing NNI: done in 114.048 secs using 396.4% CPU
Iteration 162 / LogL: -149752.235 / Time: 5h:39m:31s (2h:40m:16s left)
Optimizing NNI: done in 100.996 secs using 385% CPU
Iteration 163 / LogL: -149783.614 / Time: 5h:41m:12s (2h:37m:58s left)
Optimizing NNI: done in 90.6328 secs using 381.4% CPU
Iteration 164 / LogL: -149873.854 / Time: 5h:42m:43s (2h:35m:35s left)
Optimizing NNI: done in 147.185 secs using 382.8% CPU
Iteration 165 / LogL: -149775.373 / Time: 5h:45m:11s (2h:33m:39s left)
Optimizing NNI: done in 85.0191 secs using 383.7% CPU
Iteration 166 / LogL: -149760.737 / Time: 5h:46m:37s (2h:31m:15s left)
Optimizing NNI: done in 102.214 secs using 379.9% CPU
Iteration 167 / LogL: -149748.821 / Time: 5h:48m:20s (2h:28m:59s left)
Optimizing NNI: done in 88.9493 secs using 377.2% CPU
Iteration 168 / LogL: -149904.067 / Time: 5h:49m:50s (2h:26m:38s left)
Optimizing NNI: done in 100.029 secs using 384.7% CPU
Iteration 169 / LogL: -149754.832 / Time: 5h:51m:31s (2h:24m:22s left)
Optimizing NNI: done in 111.034 secs using 380.5% CPU
Iteration 170 / LogL: -149779.691 / Time: 5h:53m:23s (2h:22m:11s left)
Optimizing NNI: done in 118.4 secs using 383.6% CPU
Iteration 171 / LogL: -149982.777 / Time: 5h:55m:22s (2h:20m:3s left)
Optimizing NNI: done in 92.6503 secs using 389.4% CPU
Iteration 172 / LogL: -149748.885 / Time: 5h:56m:55s (2h:17m:45s left)
Optimizing NNI: done in 120.114 secs using 364.2% CPU
Iteration 173 / LogL: -149734.982 / Time: 5h:58m:56s (2h:15m:38s left)
Optimizing NNI: done in 88.5369 secs using 376.4% CPU
Iteration 174 / LogL: -149815.483 / Time: 6h:0m:25s (2h:13m:20s left)
Optimizing NNI: done in 114.115 secs using 372.9% CPU
Iteration 175 / LogL: -149833.298 / Time: 6h:2m:20s (2h:11m:11s left)
Optimizing NNI: done in 137.764 secs using 375% CPU
Iteration 176 / LogL: -149765.437 / Time: 6h:4m:38s (2h:9m:11s left)
Optimizing NNI: done in 86.3895 secs using 371.1% CPU
Iteration 177 / LogL: -149773.611 / Time: 6h:6m:6s (2h:6m:53s left)
Optimizing NNI: done in 70.4869 secs using 375.2% CPU
Iteration 178 / LogL: -149777.071 / Time: 6h:7m:17s (2h:4m:30s left)
Optimizing NNI: done in 129.324 secs using 360.3% CPU
Iteration 179 / LogL: -149785.522 / Time: 6h:9m:26s (2h:2m:27s left)
Optimizing NNI: done in 120.506 secs using 361.6% CPU
Iteration 180 / LogL: -149754.357 / Time: 6h:11m:28s (2h:0m:21s left)
Optimizing NNI: done in 121.472 secs using 368.8% CPU
Iteration 181 / LogL: -149755.127 / Time: 6h:13m:30s (1h:58m:16s left)
Optimizing NNI: done in 107.28 secs using 370.6% CPU
Iteration 182 / LogL: -149793.234 / Time: 6h:15m:18s (1h:56m:7s left)
Optimizing NNI: done in 114.523 secs using 370.5% CPU
Iteration 183 / LogL: -149739.801 / Time: 6h:17m:13s (1h:53m:59s left)
Optimizing NNI: done in 90.4156 secs using 373.9% CPU
Iteration 184 / LogL: -149830.199 / Time: 6h:18m:44s (1h:51m:45s left)
Optimizing NNI: done in 122.669 secs using 373.6% CPU
Iteration 185 / LogL: -149749.209 / Time: 6h:20m:48s (1h:49m:41s left)
Optimizing NNI: done in 133.027 secs using 385.2% CPU
Iteration 186 / LogL: -149749.268 / Time: 6h:23m:2s (1h:47m:39s left)
Optimizing NNI: done in 102.671 secs using 370.6% CPU
Iteration 187 / LogL: -149772.639 / Time: 6h:24m:45s (1h:45m:30s left)
Optimizing NNI: done in 88.4049 secs using 380.7% CPU
Iteration 188 / LogL: -149857.129 / Time: 6h:26m:14s (1h:43m:16s left)
Optimizing NNI: done in 132.121 secs using 384.3% CPU
Iteration 189 / LogL: -149744.868 / Time: 6h:28m:27s (1h:41m:14s left)
Optimizing NNI: done in 165.148 secs using 361.9% CPU
Iteration 190 / LogL: -149747.289 / Time: 6h:31m:13s (1h:39m:21s left)
Optimizing NNI: done in 171.174 secs using 370.7% CPU
Iteration 191 / LogL: -149743.496 / Time: 6h:34m:5s (1h:37m:29s left)
Optimizing NNI: done in 108.832 secs using 377.4% CPU
Iteration 192 / LogL: -149766.657 / Time: 6h:35m:55s (1h:35m:21s left)
Optimizing NNI: done in 102.808 secs using 385.3% CPU
Iteration 193 / LogL: -149739.288 / Time: 6h:37m:38s (1h:33m:11s left)
Optimizing NNI: done in 102.207 secs using 378.2% CPU
Iteration 194 / LogL: -149748.486 / Time: 6h:39m:21s (1h:31m:2s left)
Optimizing NNI: done in 193.12 secs using 362.5% CPU
Iteration 195 / LogL: -149733.836 / Time: 6h:42m:35s (1h:29m:13s left)
Optimizing NNI: done in 175.844 secs using 377% CPU
Iteration 196 / LogL: -149817.991 / Time: 6h:45m:31s (1h:27m:20s left)
Optimizing NNI: done in 111.319 secs using 380.5% CPU
Iteration 197 / LogL: -149796.403 / Time: 6h:47m:23s (1h:25m:13s left)
Optimizing NNI: done in 111.32 secs using 370.5% CPU
Estimate model parameters (epsilon = 0.100)
1. Initial log-likelihood: -149730.341 (took 0.001 wall-clock sec)
Optimizing +R9 model parameters by 2-BFGS,EM algorithm...
Site proportion and rates:  (0.016,0.050) (0.014,0.181) (0.069,0.277) (0.128,0.418) (0.147,0.622) (0.166,0.847) (0.207,1.149) (0.152,1.514) (0.103,2.208)
Optimizing +R9 model parameters by 2-BFGS,EM algorithm...
Site proportion and rates:  (0.016,0.050) (0.014,0.181) (0.069,0.278) (0.128,0.419) (0.147,0.622) (0.166,0.848) (0.206,1.150) (0.152,1.516) (0.103,2.210)
Optimal log-likelihood: -149729.944
BETTER TREE FOUND at iteration 198: -149729.944
Iteration 198 / LogL: -149729.944 / Time: 6h:49m:52s (3h:28m:3s left)
Best tree printed to all_MBL-like_tree.treefile
Optimizing NNI: done in 108.635 secs using 391.4% CPU
Iteration 199 / LogL: -149751.375 / Time: 6h:51m:41s (3h:25m:50s left)
Optimizing NNI: done in 92.4467 secs using 398.9% CPU
Iteration 200 / LogL: -149801.887 / Time: 6h:53m:14s (3h:23m:30s left)
Optimizing NNI: done in 91.2249 secs using 398.8% CPU
Iteration 201 / LogL: -149795.650 / Time: 6h:54m:46s (3h:21m:10s left)
Optimizing NNI: done in 88.138 secs using 388.6% CPU
Iteration 202 / LogL: -149873.507 / Time: 6h:56m:15s (3h:18m:48s left)
Optimizing NNI: done in 146.901 secs using 390.7% CPU
Iteration 203 / LogL: -149811.125 / Time: 6h:58m:43s (3h:16m:55s left)
Optimizing NNI: done in 121.234 secs using 388.5% CPU
Iteration 204 / LogL: -149768.300 / Time: 7h:0m:45s (3h:14m:49s left)
Optimizing NNI: done in 138.65 secs using 377.5% CPU
Iteration 205 / LogL: -149778.445 / Time: 7h:3m:4s (3h:12m:52s left)
Optimizing NNI: done in 75.8771 secs using 393.9% CPU
Iteration 206 / LogL: -149773.542 / Time: 7h:4m:21s (3h:10m:26s left)
Optimizing NNI: done in 126.36 secs using 374.8% CPU
Iteration 207 / LogL: -149806.510 / Time: 7h:6m:28s (3h:8m:23s left)
Optimizing NNI: done in 84.8949 secs using 380.6% CPU
Iteration 208 / LogL: -149800.856 / Time: 7h:7m:54s (3h:6m:2s left)
Optimizing NNI: done in 112.862 secs using 397.6% CPU
Iteration 209 / LogL: -149763.068 / Time: 7h:9m:47s (3h:3m:54s left)
Optimizing NNI: done in 77.9611 secs using 386.5% CPU
Iteration 210 / LogL: -149801.581 / Time: 7h:11m:6s (3h:1m:31s left)
Optimizing NNI: done in 71.3406 secs using 398.7% CPU
Iteration 211 / LogL: -149794.908 / Time: 7h:12m:18s (2h:59m:6s left)
Optimizing NNI: done in 145.94 secs using 391.6% CPU
Estimate model parameters (epsilon = 0.100)
1. Initial log-likelihood: -149724.825 (took 0.000 wall-clock sec)
Optimizing +R9 model parameters by 2-BFGS,EM algorithm...
Site proportion and rates:  (0.016,0.050) (0.014,0.181) (0.067,0.277) (0.127,0.418) (0.143,0.620) (0.165,0.847) (0.208,1.146) (0.161,1.517) (0.101,2.234)
Optimizing +R9 model parameters by 2-BFGS,EM algorithm...
Site proportion and rates:  (0.016,0.050) (0.014,0.181) (0.067,0.277) (0.127,0.419) (0.143,0.620) (0.165,0.847) (0.208,1.146) (0.162,1.519) (0.100,2.240)
Optimal log-likelihood: -149724.587
BETTER TREE FOUND at iteration 212: -149724.587
Iteration 212 / LogL: -149724.587 / Time: 7h:15m:19s (3h:26m:18s left)
Best tree printed to all_MBL-like_tree.treefile
Optimizing NNI: done in 112.763 secs using 398.3% CPU
Iteration 213 / LogL: -149864.183 / Time: 7h:17m:12s (3h:24m:10s left)
Optimizing NNI: done in 118.094 secs using 386% CPU
Iteration 214 / LogL: -149765.980 / Time: 7h:19m:11s (3h:22m:4s left)
Optimizing NNI: done in 74.3298 secs using 390.4% CPU
Iteration 215 / LogL: -149762.194 / Time: 7h:20m:26s (3h:19m:38s left)
Optimizing NNI: done in 73.2538 secs using 391.7% CPU
Iteration 216 / LogL: -149772.558 / Time: 7h:21m:40s (3h:17m:12s left)
Optimizing NNI: done in 141.528 secs using 379% CPU
Iteration 217 / LogL: -149741.660 / Time: 7h:24m:2s (3h:15m:17s left)
Optimizing NNI: done in 110.927 secs using 397.6% CPU
Iteration 218 / LogL: -149853.023 / Time: 7h:25m:54s (3h:13m:9s left)
Optimizing NNI: done in 85.6423 secs using 392.4% CPU
Iteration 219 / LogL: -149766.844 / Time: 7h:27m:20s (3h:10m:50s left)
Optimizing NNI: done in 132.892 secs using 384.8% CPU
Iteration 220 / LogL: -149743.801 / Time: 7h:29m:34s (3h:8m:51s left)
Optimizing NNI: done in 74.3368 secs using 392.1% CPU
Iteration 221 / LogL: -149905.732 / Time: 7h:30m:49s (3h:6m:28s left)
Optimizing NNI: done in 95.056 secs using 393.2% CPU
Iteration 222 / LogL: -149889.885 / Time: 7h:32m:24s (3h:4m:14s left)
Optimizing NNI: done in 84.8416 secs using 384.7% CPU
Iteration 223 / LogL: -149818.444 / Time: 7h:33m:50s (3h:1m:56s left)
Optimizing NNI: done in 120.182 secs using 383.2% CPU
Iteration 224 / LogL: -149761.703 / Time: 7h:35m:51s (2h:59m:53s left)
Optimizing NNI: done in 108.031 secs using 388.5% CPU
Iteration 225 / LogL: -149769.799 / Time: 7h:37m:39s (2h:57m:45s left)
Optimizing NNI: done in 144.307 secs using 387.1% CPU
Iteration 226 / LogL: -149855.453 / Time: 7h:40m:4s (2h:55m:51s left)
Optimizing NNI: done in 77.1802 secs using 393.7% CPU
Iteration 227 / LogL: -149883.137 / Time: 7h:41m:22s (2h:53m:31s left)
Optimizing NNI: done in 112.494 secs using 389.6% CPU
Iteration 228 / LogL: -149750.205 / Time: 7h:43m:15s (2h:51m:25s left)
Optimizing NNI: done in 77.8806 secs using 382.1% CPU
Iteration 229 / LogL: -149800.838 / Time: 7h:44m:34s (2h:49m:7s left)
Optimizing NNI: done in 102.574 secs using 399% CPU
Iteration 230 / LogL: -149769.993 / Time: 7h:46m:17s (2h:46m:58s left)
Optimizing NNI: done in 75.55 secs using 391.6% CPU
Iteration 231 / LogL: -149801.860 / Time: 7h:47m:33s (2h:44m:39s left)
Optimizing NNI: done in 151.534 secs using 378.3% CPU
Iteration 232 / LogL: -149802.230 / Time: 7h:50m:6s (2h:42m:48s left)
Optimizing NNI: done in 150.487 secs using 387.3% CPU
Iteration 233 / LogL: -149738.071 / Time: 7h:52m:37s (2h:40m:56s left)
Optimizing NNI: done in 136.362 secs using 397.5% CPU
Iteration 234 / LogL: -149876.811 / Time: 7h:54m:54s (2h:38m:58s left)
Optimizing NNI: done in 74.8033 secs using 399.1% CPU
Iteration 235 / LogL: -149759.913 / Time: 7h:56m:9s (2h:36m:41s left)
Optimizing NNI: done in 154.386 secs using 381% CPU
Iteration 236 / LogL: -149746.222 / Time: 7h:58m:44s (2h:34m:49s left)
Optimizing NNI: done in 115.008 secs using 399.2% CPU
Estimate model parameters (epsilon = 0.100)
1. Initial log-likelihood: -149722.333 (took 0.000 wall-clock sec)
Optimizing +R9 model parameters by 2-BFGS,EM algorithm...
Site proportion and rates:  (0.016,0.049) (0.013,0.179) (0.067,0.275) (0.126,0.415) (0.142,0.614) (0.163,0.837) (0.214,1.137) (0.160,1.517) (0.099,2.229)
Optimizing +R9 model parameters by 2-BFGS,EM algorithm...
Site proportion and rates:  (0.016,0.049) (0.013,0.179) (0.067,0.276) (0.126,0.416) (0.142,0.614) (0.163,0.838) (0.215,1.138) (0.159,1.524) (0.098,2.237)
Optimal log-likelihood: -149722.181
BETTER TREE FOUND at iteration 237: -149722.181
Iteration 237 / LogL: -149722.181 / Time: 8h:1m:29s (3h:24m:1s left)
Best tree printed to all_MBL-like_tree.treefile
Optimizing NNI: done in 88.8842 secs using 391.2% CPU
Iteration 238 / LogL: -149831.847 / Time: 8h:2m:58s (3h:21m:45s left)
Optimizing NNI: done in 185.426 secs using 395.9% CPU
Iteration 239 / LogL: -149756.143 / Time: 8h:6m:5s (3h:20m:9s left)
Optimizing NNI: done in 59.7934 secs using 390.7% CPU
Iteration 240 / LogL: -149806.921 / Time: 8h:7m:5s (3h:17m:41s left)
Optimizing NNI: done in 100.12 secs using 386.2% CPU
Iteration 241 / LogL: -149733.240 / Time: 8h:8m:46s (3h:15m:30s left)
Optimizing NNI: done in 124.793 secs using 396.5% CPU
Iteration 242 / LogL: -149831.444 / Time: 8h:10m:52s (3h:13m:29s left)
Optimizing NNI: done in 121.008 secs using 392.6% CPU
Iteration 243 / LogL: -149746.679 / Time: 8h:12m:53s (3h:11m:27s left)
Optimizing NNI: done in 134.865 secs using 391.5% CPU
Iteration 244 / LogL: -149725.859 / Time: 8h:15m:9s (3h:9m:30s left)
Optimizing NNI: done in 155.856 secs using 381.6% CPU
Iteration 245 / LogL: -149740.228 / Time: 8h:17m:45s (3h:7m:40s left)
Optimizing NNI: done in 111.035 secs using 382.1% CPU
Iteration 246 / LogL: -149784.327 / Time: 8h:19m:37s (3h:5m:34s left)
Optimizing NNI: done in 130.292 secs using 390.1% CPU
Iteration 247 / LogL: -149740.757 / Time: 8h:21m:48s (3h:3m:35s left)
Optimizing NNI: done in 91.519 secs using 381.7% CPU
Iteration 248 / LogL: -149764.328 / Time: 8h:23m:21s (3h:1m:22s left)
Optimizing NNI: done in 137.016 secs using 387% CPU
Iteration 249 / LogL: -149783.691 / Time: 8h:25m:38s (2h:59m:25s left)
Optimizing NNI: done in 103.445 secs using 373.7% CPU
Iteration 250 / LogL: -149742.029 / Time: 8h:27m:23s (2h:57m:16s left)
Optimizing NNI: done in 121.031 secs using 389.5% CPU
Iteration 251 / LogL: -149746.114 / Time: 8h:29m:24s (2h:55m:14s left)
Optimizing NNI: done in 71.9821 secs using 392.3% CPU
Iteration 252 / LogL: -149754.266 / Time: 8h:30m:37s (2h:52m:55s left)
Optimizing NNI: done in 86.295 secs using 397.9% CPU
Iteration 253 / LogL: -149745.781 / Time: 8h:32m:4s (2h:50m:41s left)
Optimizing NNI: done in 127.765 secs using 384.6% CPU
Iteration 254 / LogL: -149761.558 / Time: 8h:34m:12s (2h:48m:41s left)
Optimizing NNI: done in 83.8592 secs using 393.7% CPU
Iteration 255 / LogL: -149773.567 / Time: 8h:35m:37s (2h:46m:27s left)
Optimizing NNI: done in 80.862 secs using 399.2% CPU
Iteration 256 / LogL: -149904.707 / Time: 8h:36m:59s (2h:44m:13s left)
Optimizing NNI: done in 114.998 secs using 393.5% CPU
Iteration 257 / LogL: -149751.820 / Time: 8h:38m:54s (2h:42m:9s left)
Optimizing NNI: done in 137.933 secs using 387.3% CPU
Iteration 258 / LogL: -149772.890 / Time: 8h:41m:13s (2h:40m:13s left)
Optimizing NNI: done in 101.227 secs using 379.9% CPU
Iteration 259 / LogL: -149777.628 / Time: 8h:42m:54s (2h:38m:5s left)
Optimizing NNI: done in 99.2889 secs using 381.7% CPU
Iteration 260 / LogL: -149842.094 / Time: 8h:44m:34s (2h:35m:57s left)
Optimizing NNI: done in 153.395 secs using 390.8% CPU
Iteration 261 / LogL: -149750.015 / Time: 8h:47m:8s (2h:34m:5s left)
Optimizing NNI: done in 65.4533 secs using 382.7% CPU
Iteration 262 / LogL: -149734.962 / Time: 8h:48m:14s (2h:31m:47s left)
Optimizing NNI: done in 74.3195 secs using 396.3% CPU
Iteration 263 / LogL: -149732.285 / Time: 8h:49m:30s (2h:29m:33s left)
Optimizing NNI: done in 97.3731 secs using 389.2% CPU
Iteration 264 / LogL: -149759.887 / Time: 8h:51m:8s (2h:27m:25s left)
Optimizing NNI: done in 148.241 secs using 386.4% CPU
Iteration 265 / LogL: -149808.933 / Time: 8h:53m:36s (2h:25m:31s left)
Optimizing NNI: done in 105.203 secs using 387.3% CPU
Iteration 266 / LogL: -149748.366 / Time: 8h:55m:22s (2h:23m:26s left)
Optimizing NNI: done in 134.541 secs using 376% CPU
Iteration 267 / LogL: -149761.027 / Time: 8h:57m:37s (2h:21m:28s left)
Optimizing NNI: done in 139.392 secs using 381.6% CPU
Iteration 268 / LogL: -149761.214 / Time: 8h:59m:57s (2h:19m:32s left)
Optimizing NNI: done in 99.6855 secs using 382.2% CPU
Iteration 269 / LogL: -149776.464 / Time: 9h:1m:38s (2h:17m:25s left)
Optimizing NNI: done in 123.923 secs using 386.3% CPU
Iteration 270 / LogL: -149847.229 / Time: 9h:3m:43s (2h:15m:25s left)
Optimizing NNI: done in 147.196 secs using 395.8% CPU
Iteration 271 / LogL: -149747.022 / Time: 9h:6m:10s (2h:13m:30s left)
Optimizing NNI: done in 71.151 secs using 373% CPU
Iteration 272 / LogL: -149737.352 / Time: 9h:7m:22s (2h:11m:17s left)
Optimizing NNI: done in 125.302 secs using 381.8% CPU
Iteration 273 / LogL: -149818.364 / Time: 9h:9m:28s (2h:9m:17s left)
Optimizing NNI: done in 137.08 secs using 382.5% CPU
Iteration 274 / LogL: -149752.770 / Time: 9h:11m:46s (2h:7m:20s left)
Optimizing NNI: done in 130.245 secs using 394% CPU
Iteration 275 / LogL: -149724.014 / Time: 9h:13m:57s (2h:5m:20s left)
Optimizing NNI: done in 162.183 secs using 387.4% CPU
Iteration 276 / LogL: -149779.703 / Time: 9h:16m:40s (2h:3m:28s left)
Optimizing NNI: done in 155.105 secs using 393.3% CPU
Iteration 277 / LogL: -149756.354 / Time: 9h:19m:16s (2h:1m:34s left)
Optimizing NNI: done in 128.954 secs using 385.3% CPU
Iteration 278 / LogL: -149838.422 / Time: 9h:21m:26s (1h:59m:35s left)
Optimizing NNI: done in 147.955 secs using 383.9% CPU
Iteration 279 / LogL: -149738.197 / Time: 9h:23m:54s (1h:57m:39s left)
Optimizing NNI: done in 76.3642 secs using 387.8% CPU
Iteration 280 / LogL: -149743.898 / Time: 9h:25m:11s (1h:55m:28s left)
Optimizing NNI: done in 91.858 secs using 394.3% CPU
Iteration 281 / LogL: -149760.402 / Time: 9h:26m:44s (1h:53m:20s left)
Optimizing NNI: done in 101.586 secs using 379.9% CPU
Iteration 282 / LogL: -149727.966 / Time: 9h:28m:26s (1h:51m:15s left)
Optimizing NNI: done in 151.782 secs using 390.3% CPU
Iteration 283 / LogL: -149753.137 / Time: 9h:30m:58s (1h:49m:20s left)
Optimizing NNI: done in 86.0056 secs using 392.6% CPU
Iteration 284 / LogL: -149806.921 / Time: 9h:32m:25s (1h:47m:12s left)
Optimizing NNI: done in 89.9356 secs using 399.3% CPU
Iteration 285 / LogL: -149815.720 / Time: 9h:33m:56s (1h:45m:5s left)
Optimizing NNI: done in 143.645 secs using 393.9% CPU
Iteration 286 / LogL: -149728.956 / Time: 9h:36m:20s (1h:43m:8s left)
Optimizing NNI: done in 114.362 secs using 387.6% CPU
Iteration 287 / LogL: -149913.834 / Time: 9h:38m:15s (1h:41m:5s left)
Optimizing NNI: done in 116.099 secs using 387.6% CPU
Iteration 288 / LogL: -149750.401 / Time: 9h:40m:12s (1h:39m:3s left)
Optimizing NNI: done in 155.297 secs using 395.8% CPU
Iteration 289 / LogL: -149728.802 / Time: 9h:42m:48s (1h:37m:8s left)
Optimizing NNI: done in 135.791 secs using 390.3% CPU
Iteration 290 / LogL: -149848.676 / Time: 9h:45m:5s (1h:35m:9s left)
Optimizing NNI: done in 124.87 secs using 385.2% CPU
Iteration 291 / LogL: -149821.324 / Time: 9h:47m:10s (1h:33m:8s left)
Optimizing NNI: done in 86.9766 secs using 393.3% CPU
Iteration 292 / LogL: -149793.124 / Time: 9h:48m:38s (1h:31m:1s left)
Optimizing NNI: done in 99.3798 secs using 389.2% CPU
Iteration 293 / LogL: -149766.502 / Time: 9h:50m:18s (1h:28m:57s left)
Optimizing NNI: done in 83.6552 secs using 388.3% CPU
Iteration 294 / LogL: -149770.715 / Time: 9h:51m:42s (1h:26m:50s left)
Optimizing NNI: done in 134.267 secs using 389.1% CPU
Iteration 295 / LogL: -149739.724 / Time: 9h:53m:57s (1h:24m:51s left)
Optimizing NNI: done in 125.399 secs using 374.5% CPU
Iteration 296 / LogL: -149836.749 / Time: 9h:56m:3s (1h:22m:50s left)
Optimizing NNI: done in 85.1367 secs using 399% CPU
Iteration 297 / LogL: -149804.753 / Time: 9h:57m:29s (1h:20m:44s left)
Optimizing NNI: done in 135.248 secs using 387% CPU
Iteration 298 / LogL: -149761.707 / Time: 9h:59m:45s (1h:18m:45s left)
Optimizing NNI: done in 138.036 secs using 398.4% CPU
Iteration 299 / LogL: -149731.725 / Time: 10h:2m:4s (1h:16m:46s left)
Optimizing NNI: done in 132.457 secs using 384.3% CPU
Iteration 300 / LogL: -149797.961 / Time: 10h:4m:17s (1h:14m:46s left)
Optimizing NNI: done in 103.12 secs using 395.2% CPU
Iteration 301 / LogL: -149738.619 / Time: 10h:6m:1s (1h:12m:43s left)
Optimizing NNI: done in 139.164 secs using 396.3% CPU
Iteration 302 / LogL: -149745.071 / Time: 10h:8m:21s (1h:10m:44s left)
Optimizing NNI: done in 131.627 secs using 394.6% CPU
Iteration 303 / LogL: -149734.332 / Time: 10h:10m:33s (1h:8m:44s left)
Optimizing NNI: done in 105.136 secs using 379.6% CPU
Iteration 304 / LogL: -149928.949 / Time: 10h:12m:19s (1h:6m:41s left)
Optimizing NNI: done in 129.762 secs using 383.9% CPU
Iteration 305 / LogL: -149802.895 / Time: 10h:14m:29s (1h:4m:41s left)
Optimizing NNI: done in 144.125 secs using 398.9% CPU
Iteration 306 / LogL: -149804.652 / Time: 10h:16m:54s (1h:2m:42s left)
Optimizing NNI: done in 148.615 secs using 396% CPU
Iteration 307 / LogL: -149787.612 / Time: 10h:19m:23s (1h:0m:43s left)
Optimizing NNI: done in 96.5986 secs using 391.2% CPU
Iteration 308 / LogL: -149722.739 / Time: 10h:21m:1s (0h:58m:39s left)
Optimizing NNI: done in 131.445 secs using 388.7% CPU
Iteration 309 / LogL: -149823.514 / Time: 10h:23m:13s (0h:56m:39s left)
Optimizing NNI: done in 124.496 secs using 399.2% CPU
Iteration 310 / LogL: -149725.803 / Time: 10h:25m:18s (0h:54m:38s left)
Optimizing NNI: done in 74.015 secs using 398.5% CPU
Iteration 311 / LogL: -149873.139 / Time: 10h:26m:33s (0h:52m:32s left)
Optimizing NNI: done in 69.277 secs using 394.7% CPU
Iteration 312 / LogL: -149772.258 / Time: 10h:27m:43s (0h:50m:27s left)
Optimizing NNI: done in 103.954 secs using 397.2% CPU
Iteration 313 / LogL: -149726.772 / Time: 10h:29m:27s (0h:48m:25s left)
Optimizing NNI: done in 145.768 secs using 397.2% CPU
Iteration 314 / LogL: -149820.806 / Time: 10h:31m:54s (0h:46m:26s left)
Optimizing NNI: done in 120.043 secs using 394.4% CPU
Iteration 315 / LogL: -149759.821 / Time: 10h:33m:54s (0h:44m:24s left)
Optimizing NNI: done in 65.5248 secs using 392.8% CPU
Iteration 316 / LogL: -149757.801 / Time: 10h:35m:1s (0h:42m:20s left)
Optimizing NNI: done in 121.853 secs using 388.4% CPU
Iteration 317 / LogL: -149857.986 / Time: 10h:37m:3s (0h:40m:19s left)
Optimizing NNI: done in 128.133 secs using 390.8% CPU
Iteration 318 / LogL: -149726.249 / Time: 10h:39m:12s (0h:38m:18s left)
Optimizing NNI: done in 143.237 secs using 389.5% CPU
Iteration 319 / LogL: -149750.100 / Time: 10h:41m:36s (0h:36m:19s left)
Optimizing NNI: done in 81.6778 secs using 397.1% CPU
Iteration 320 / LogL: -149914.404 / Time: 10h:42m:58s (0h:34m:15s left)
Optimizing NNI: done in 123.584 secs using 388.1% CPU
Iteration 321 / LogL: -149757.270 / Time: 10h:45m:2s (0h:32m:15s left)
Optimizing NNI: done in 120.476 secs using 393% CPU
Iteration 322 / LogL: -149792.442 / Time: 10h:47m:3s (0h:30m:14s left)
Optimizing NNI: done in 134.804 secs using 394.5% CPU
Iteration 323 / LogL: -149737.056 / Time: 10h:49m:19s (0h:28m:13s left)
Optimizing NNI: done in 84.0267 secs using 393.6% CPU
Iteration 324 / LogL: -149722.556 / Time: 10h:50m:44s (0h:26m:11s left)
Optimizing NNI: done in 79.8491 secs using 391.5% CPU
Iteration 325 / LogL: -149749.061 / Time: 10h:52m:4s (0h:24m:9s left)
Optimizing NNI: done in 119.927 secs using 397.2% CPU
Iteration 326 / LogL: -149798.372 / Time: 10h:54m:5s (0h:22m:8s left)
Optimizing NNI: done in 133.404 secs using 393% CPU
Iteration 327 / LogL: -149783.434 / Time: 10h:56m:19s (0h:20m:7s left)
Optimizing NNI: done in 146.811 secs using 374.1% CPU
Iteration 328 / LogL: -149847.173 / Time: 10h:58m:47s (0h:18m:7s left)
Optimizing NNI: done in 129.506 secs using 391.9% CPU
Iteration 329 / LogL: -149767.642 / Time: 11h:0m:57s (0h:16m:7s left)
Optimizing NNI: done in 75.01 secs using 395.7% CPU
Iteration 330 / LogL: -149772.964 / Time: 11h:2m:13s (0h:14m:5s left)
Optimizing NNI: done in 149.694 secs using 390.6% CPU
Iteration 331 / LogL: -149779.528 / Time: 11h:4m:43s (0h:12m:5s left)
Optimizing NNI: done in 61.4126 secs using 394.8% CPU
Iteration 332 / LogL: -149756.146 / Time: 11h:5m:45s (0h:10m:3s left)
Optimizing NNI: done in 120.044 secs using 396.2% CPU
Iteration 333 / LogL: -149750.210 / Time: 11h:7m:46s (0h:8m:2s left)
Optimizing NNI: done in 123.683 secs using 397.6% CPU
Iteration 334 / LogL: -149801.341 / Time: 11h:9m:50s (0h:6m:2s left)
Optimizing NNI: done in 127.278 secs using 389.6% CPU
Iteration 335 / LogL: -149738.411 / Time: 11h:11m:58s (0h:4m:1s left)
Optimizing NNI: done in 72.5277 secs using 385.1% CPU
Iteration 336 / LogL: -149874.154 / Time: 11h:13m:11s (0h:2m:0s left)
Optimizing NNI: done in 152.227 secs using 394.8% CPU
Iteration 337 / LogL: -149802.111 / Time: 11h:15m:44s (0h:0m:0s left)
Optimizing NNI: done in 128.714 secs using 386.1% CPU
Iteration 338 / LogL: -149790.257 / Time: 11h:17m:53s (0h:-2m:-1s left)
Refining ufboot trees with NNI 1 branch...
Alignment state count time was 0.001 seconds.
Empirical state frequencies: 0.1112958663 0.0387055743 0.0370459087 0.0655279114 0.0162063983 0.0335659648 0.0497811651 0.0841991490 0.0384981161 0.0603146877 0.0938091480 0.0563328287 0.0165610849 0.0357877751 0.0478404271 0.0613118254 0.0557706840 0.0104644908 0.0263250045 0.0606559899 
Optimizing NNI: done in 13.0343 secs using 399.4% CPU
UFBoot tree 1: -151093.9843750000 -> -150435.6243735244
Alignment state count time was 0.0004710731 seconds.
Empirical state frequencies: 0.1107291499 0.0415363900 0.0313896757 0.0576392324 0.0156784126 0.0359237525 0.0513396136 0.0814774847 0.0433774999 0.0489283091 0.0953064189 0.0551592298 0.0176912679 0.0416050881 0.0584979591 0.0539226634 0.0571102568 0.0085956350 0.0389602100 0.0551317506 
Optimizing NNI: done in 18.3172 secs using 399.3% CPU
UFBoot tree 2: -153054.6250000000 -> -152531.7044292394
Alignment state count time was 0.0003186930 seconds.
Empirical state frequencies: 0.1090137680 0.0449309883 0.0363392179 0.0632906648 0.0172419648 0.0335550324 0.0464393657 0.0887935380 0.0427647724 0.0485324884 0.0835972777 0.0553367985 0.0141188928 0.0376349605 0.0538550005 0.0669851926 0.0612174766 0.0143713965 0.0339537225 0.0480274810 
Optimizing NNI: done in 17.6385 secs using 399% CPU
UFBoot tree 3: -148205.4062500000 -> -147703.3186740037
Alignment state count time was 0.0003586840 seconds.
Empirical state frequencies: 0.0994586992 0.0438295510 0.0320037878 0.0494073580 0.0165158964 0.0319225576 0.0496781253 0.0805185244 0.0429021729 0.0592023662 0.0918636756 0.0499488927 0.0141399131 0.0418055652 0.0463544563 0.0628712636 0.0744601053 0.0084741067 0.0389354315 0.0657075514 
Optimizing NNI: done in 20.6508 secs using 398.8% CPU
UFBoot tree 4: -150100.5625000000 -> -149497.6199859857
Alignment state count time was 0.0003084310 seconds.
Empirical state frequencies: 0.0986765161 0.0408160990 0.0274946361 0.0573486207 0.0170365379 0.0326964151 0.0486085412 0.0849596363 0.0502038443 0.0514855408 0.1024057076 0.0536807870 0.0170638080 0.0436862811 0.0495970837 0.0555078863 0.0652296908 0.0175410354 0.0296762472 0.0562850853 
Optimizing NNI: done in 16.3771 secs using 399.1% CPU
UFBoot tree 5: -144176.7968750000 -> -143501.5071543004
Alignment state count time was 0.0003220680 seconds.
Empirical state frequencies: 0.1101101269 0.0450667662 0.0311907577 0.0628739670 0.0156721705 0.0344552966 0.0543518022 0.0707226058 0.0375961266 0.0570940149 0.0865710832 0.0559119082 0.0153285349 0.0422489537 0.0593895012 0.0582211399 0.0630251667 0.0090743656 0.0349088957 0.0561868167 
Optimizing NNI: done in 16.245 secs using 399.1% CPU
UFBoot tree 6: -150528.3437500000 -> -149777.2359303479
Alignment state count time was 0.0003383150 seconds.
Empirical state frequencies: 0.1083970073 0.0503533890 0.0323369219 0.0635045602 0.0155881228 0.0356512720 0.0496593585 0.0752393425 0.0299786343 0.0628530213 0.1006422779 0.0547441947 0.0149649117 0.0429315111 0.0482075598 0.0573574323 0.0615711893 0.0086478171 0.0302123385 0.0571591378 
Optimizing NNI: done in 23.0418 secs using 399% CPU
UFBoot tree 7: -149437.0000000000 -> -148424.6589545486
Alignment state count time was 0.0004843320 seconds.
Empirical state frequencies: 0.1065303123 0.0421447110 0.0333980393 0.0593378566 0.0168052893 0.0336914144 0.0522013367 0.0817912861 0.0328726932 0.0506252983 0.0844043713 0.0504206180 0.0245558502 0.0395725619 0.0513485021 0.0606205199 0.0628651806 0.0161707803 0.0415443155 0.0590990630 
Optimizing NNI: done in 19.0028 secs using 399.2% CPU
UFBoot tree 8: -143835.4062500000 -> -143131.3921604168
Alignment state count time was 0.0005446329 seconds.
Empirical state frequencies: 0.1162351040 0.0456123166 0.0389634431 0.0624351131 0.0126975266 0.0346359435 0.0440575693 0.0771013245 0.0325438410 0.0539019144 0.0913448166 0.0512008095 0.0187947156 0.0432479543 0.0506204660 0.0560011816 0.0629724682 0.0094662314 0.0317772144 0.0663900465 
Optimizing NNI: done in 18.5722 secs using 374.4% CPU
UFBoot tree 9: -144358.6562500000 -> -143587.9605817384
Alignment state count time was 0.0009536850 seconds.
Empirical state frequencies: 0.0974963831 0.0486373162 0.0341131516 0.0551203245 0.0170639527 0.0334662420 0.0469609160 0.0879040350 0.0422864722 0.0437541919 0.0739293958 0.0589461341 0.0159649020 0.0356991236 0.0539030214 0.0692062599 0.0740337361 0.0200898203 0.0358452000 0.0555794216 
Optimizing NNI: done in 12.8765 secs using 399.4% CPU
UFBoot tree 10: -147151.7812500000 -> -146716.7459602287
Alignment state count time was 0.0003300860 seconds.
Empirical state frequencies: 0.1011733783 0.0459385558 0.0325629709 0.0619060440 0.0106545676 0.0370510560 0.0532027057 0.0754316865 0.0326243580 0.0675195608 0.0911058804 0.0610125195 0.0224818314 0.0367236577 0.0534482544 0.0557877882 0.0584751826 0.0087447441 0.0319218158 0.0622334423 
Optimizing NNI: done in 16.656 secs using 399.2% CPU
UFBoot tree 11: -152740.6093750000 -> -151891.2913700419
Alignment state count time was 0.0003559269 seconds.
Empirical state frequencies: 0.1105153712 0.0423944630 0.0349701701 0.0501946695 0.0146909758 0.0311976090 0.0450661345 0.0751660706 0.0267739119 0.0564777963 0.0943779389 0.0515237925 0.0160603753 0.0447640611 0.0546586431 0.0644055448 0.0723332934 0.0089314430 0.0361449000 0.0693528359 
Optimizing NNI: done in 12.2503 secs using 397.1% CPU
UFBoot tree 12: -151651.2187500000 -> -150792.4456616289
Alignment state count time was 0.0008255580 seconds.
Empirical state frequencies: 0.0989546352 0.0450378207 0.0296832047 0.0529527843 0.0154720908 0.0354420468 0.0442663012 0.0805828268 0.0411802231 0.0634647376 0.1010900910 0.0505968943 0.0141839288 0.0375086169 0.0565003963 0.0606817565 0.0655450849 0.0080255498 0.0283330455 0.0704979646 
Optimizing NNI: done in 13.8816 secs using 399.2% CPU
UFBoot tree 13: -147767.3906250000 -> -147024.3671408499
Alignment state count time was 0.0009084010 seconds.
Empirical state frequencies: 0.1083132543 0.0450525568 0.0293302308 0.0464487213 0.0092130814 0.0332711288 0.0472740403 0.0898054768 0.0299492200 0.0579000218 0.0905207533 0.0528380655 0.0167785051 0.0430786690 0.0608574147 0.0612563188 0.0659400039 0.0131058357 0.0345022295 0.0645644723 
Optimizing NNI: done in 15.6928 secs using 398.7% CPU
UFBoot tree 14: -152051.2031250000 -> -151111.0256769157
Alignment state count time was 0.0009674580 seconds.
Empirical state frequencies: 0.1058432260 0.0534869720 0.0305712066 0.0535145315 0.0149862814 0.0357386222 0.0527635338 0.0624024862 0.0317218178 0.0551681045 0.1058363361 0.0628641087 0.0204568520 0.0374335344 0.0576691336 0.0506552283 0.0607351335 0.0097155176 0.0321972201 0.0662401535 
Optimizing NNI: done in 20.2243 secs using 375.6% CPU
UFBoot tree 15: -150371.3906250000 -> -149538.9535166484
Alignment state count time was 0.0005475361 seconds.
Empirical state frequencies: 0.1103724876 0.0382692673 0.0335386857 0.0576771375 0.0139920888 0.0369166817 0.0510529359 0.0732145318 0.0290231305 0.0604447359 0.0976443097 0.0531823913 0.0143597146 0.0381444133 0.0583707712 0.0614019503 0.0661117230 0.0125285217 0.0313190579 0.0624354645 
Optimizing NNI: done in 23.3628 secs using 375.3% CPU
UFBoot tree 16: -152933.6250000000 -> -152216.9129295836
Alignment state count time was 0.0003320050 seconds.
Empirical state frequencies: 0.1041302296 0.0422661149 0.0313296596 0.0578348906 0.0147020679 0.0293025841 0.0499843267 0.0697117418 0.0269202479 0.0608302255 0.1142795388 0.0476019906 0.0158026793 0.0507366434 0.0506600186 0.0597644435 0.0633449136 0.0148204881 0.0315316705 0.0644455250 
Optimizing NNI: done in 25.3046 secs using 356.2% CPU
UFBoot tree 17: -145758.3125000000 -> -144902.8481430054
Alignment state count time was 0.0004966980 seconds.
Empirical state frequencies: 0.0959423164 0.0410944536 0.0274100358 0.0532981720 0.0164528598 0.0332570769 0.0499579895 0.0697236055 0.0394760147 0.0644206354 0.1054876627 0.0536631816 0.0166732430 0.0434773467 0.0586218030 0.0576714006 0.0525612657 0.0140424188 0.0413630456 0.0654054727 
Optimizing NNI: done in 17.483 secs using 372.6% CPU
UFBoot tree 18: -146209.5937500000 -> -145494.1828889998
Alignment state count time was 0.0003082500 seconds.
Empirical state frequencies: 0.1060082558 0.0405843035 0.0311923884 0.0557263706 0.0157876601 0.0365095044 0.0470017571 0.0732465870 0.0326547728 0.0694557460 0.0878491336 0.0591409670 0.0160006287 0.0390367317 0.0531139558 0.0729129362 0.0662541181 0.0111520437 0.0287645465 0.0576075932 
Optimizing NNI: done in 24.4453 secs using 353.1% CPU
UFBoot tree 19: -144266.9218750000 -> -143422.2564737402
Alignment state count time was 0.0005512800 seconds.
Empirical state frequencies: 0.1073223324 0.0412504881 0.0342399780 0.0616620416 0.0160698802 0.0296548727 0.0455903278 0.0955768323 0.0311060278 0.0517969116 0.1023693286 0.0507545326 0.0146323509 0.0413799339 0.0584395233 0.0551284369 0.0643735897 0.0111645669 0.0247904370 0.0626976077 
Optimizing NNI: done in 21.399 secs using 384.7% CPU
UFBoot tree 20: -148991.8125000000 -> -148180.5872946806
Alignment state count time was 0.0006110360 seconds.
Empirical state frequencies: 0.1075328178 0.0443459428 0.0327518360 0.0636873566 0.0132560132 0.0322684685 0.0470850254 0.0723275509 0.0408213881 0.0567926562 0.0878087380 0.0504283173 0.0186267633 0.0463935413 0.0558057809 0.0611295369 0.0592699147 0.0130814638 0.0419358187 0.0546510696 
Optimizing NNI: done in 21.5682 secs using 399.3% CPU
UFBoot tree 21: -151995.8437500000 -> -151504.7298010180
Alignment state count time was 0.0005330330 seconds.
Empirical state frequencies: 0.1123186806 0.0485703173 0.0306625737 0.0583484926 0.0144301353 0.0350677585 0.0496983116 0.0635813182 0.0320175018 0.0558722448 0.1040556219 0.0571604276 0.0187485513 0.0424631293 0.0488773453 0.0580748372 0.0665648297 0.0113531805 0.0332789865 0.0588557563 
Optimizing NNI: done in 15.038 secs using 399.4% CPU
UFBoot tree 22: -159814.0468750000 -> -158767.8645180083
Alignment state count time was 0.0003665851 seconds.
Empirical state frequencies: 0.1085508345 0.0442863658 0.0323982825 0.0618958423 0.0136620694 0.0319125039 0.0520723183 0.0796200165 0.0275337490 0.0625368003 0.0941596417 0.0485976515 0.0195386419 0.0423972266 0.0570717903 0.0597503199 0.0628471588 0.0112399231 0.0278643483 0.0620645154 
Optimizing NNI: done in 20.4395 secs using 379.3% CPU
UFBoot tree 23: -149675.5625000000 -> -148750.9765947851
Alignment state count time was 0.0003234580 seconds.
Empirical state frequencies: 0.1003007220 0.0466714161 0.0343397291 0.0536596033 0.0136666310 0.0298567411 0.0476013238 0.0676637363 0.0410364528 0.0519732781 0.1019107115 0.0542355910 0.0161093737 0.0470114570 0.0569628577 0.0643396631 0.0588504316 0.0170462211 0.0310711728 0.0656928870 
Optimizing NNI: done in 13.6283 secs using 398.7% CPU
UFBoot tree 24: -147205.2500000000 -> -146562.7367604560
Alignment state count time was 0.0004070970 seconds.
Empirical state frequencies: 0.1155583513 0.0461373762 0.0399033831 0.0526239984 0.0146404787 0.0323913842 0.0473336491 0.0762002324 0.0491466340 0.0543478201 0.0888168240 0.0537385383 0.0156881462 0.0374588256 0.0472444859 0.0698250642 0.0615551781 0.0098851085 0.0275840021 0.0599205196 
Optimizing NNI: done in 16.9988 secs using 398.3% CPU
UFBoot tree 25: -139609.7031250000 -> -138946.1663094802
Alignment state count time was 0.0003213950 seconds.
Empirical state frequencies: 0.1042258992 0.0445955409 0.0369329666 0.0578695224 0.0162967604 0.0317903977 0.0482729905 0.0813553859 0.0521702081 0.0489908990 0.0929225033 0.0572468467 0.0192269991 0.0391745993 0.0492912485 0.0559502160 0.0625652300 0.0098062816 0.0317903977 0.0595251073 
Optimizing NNI: done in 15.7522 secs using 376.6% CPU
UFBoot tree 26: -140091.5937500000 -> -139582.1110362473
Alignment state count time was 0.0003653590 seconds.
Empirical state frequencies: 0.1058548405 0.0445309686 0.0315846594 0.0513890905 0.0135197104 0.0303156930 0.0486729320 0.0865565702 0.0412730042 0.0563936660 0.0970291078 0.0515388000 0.0142254838 0.0427629704 0.0457357738 0.0619329183 0.0644637221 0.0114950673 0.0323902392 0.0683347826 
Optimizing NNI: done in 19.399 secs using 375.3% CPU
UFBoot tree 27: -145371.0156250000 -> -144719.4322226272
Alignment state count time was 0.0004778859 seconds.
Empirical state frequencies: 0.0965311342 0.0396443630 0.0350952808 0.0479256849 0.0123033827 0.0325783433 0.0460396421 0.0546928598 0.0374993213 0.0608291400 0.1086642337 0.0524681261 0.0278300312 0.0424601453 0.0651325054 0.0574289501 0.0547459877 0.0146210903 0.0423937353 0.0711160427 
Optimizing NNI: done in 22.2549 secs using 396.3% CPU
UFBoot tree 28: -155311.0625000000 -> -154852.6570258090
Alignment state count time was 0.0003205780 seconds.
Empirical state frequencies: 0.1092253604 0.0441938894 0.0342017697 0.0509540751 0.0134732898 0.0329269131 0.0508920551 0.0632547190 0.0345463256 0.0550405075 0.1059176243 0.0558123126 0.0207365271 0.0429259239 0.0450897346 0.0606085300 0.0642746043 0.0132183185 0.0320517412 0.0706557786 
Optimizing NNI: done in 18.8314 secs using 399.3% CPU
UFBoot tree 29: -152929.0000000000 -> -152078.4843347315
Alignment state count time was 0.0003280879 seconds.
Empirical state frequencies: 0.0991752077 0.0402642015 0.0282604524 0.0579685978 0.0179798535 0.0318557470 0.0472151043 0.0764050090 0.0391046381 0.0526825432 0.1122089601 0.0529157515 0.0216334501 0.0496184453 0.0447469832 0.0570228086 0.0715141129 0.0120719101 0.0322055594 0.0551506643 
Optimizing NNI: done in 17.4873 secs using 399.1% CPU
UFBoot tree 30: -156744.7500000000 -> -155948.2220726216
Alignment state count time was 0.0003102950 seconds.
Empirical state frequencies: 0.1069299978 0.0464038912 0.0331002033 0.0522473021 0.0133006849 0.0318308216 0.0495099761 0.0796914770 0.0534812262 0.0499780163 0.0944347430 0.0542542017 0.0157118010 0.0406739446 0.0497156301 0.0601968938 0.0598352264 0.0158890890 0.0320152011 0.0607996728 
Optimizing NNI: done in 20.7856 secs using 399.2% CPU
UFBoot tree 31: -143204.0000000000 -> -142626.9388907092
Alignment state count time was 0.0003070059 seconds.
Empirical state frequencies: 0.0930702475 0.0471081266 0.0356297851 0.0634759072 0.0177993518 0.0332547157 0.0520114958 0.0873519718 0.0312696870 0.0576044012 0.0911896940 0.0521438310 0.0173118009 0.0396068076 0.0605436367 0.0590322289 0.0630231813 0.0111199043 0.0303294102 0.0571238153 
Optimizing NNI: done in 14.281 secs using 399.2% CPU
UFBoot tree 32: -147418.5312500000 -> -146630.3947124419
Alignment state count time was 0.0003049290 seconds.
Empirical state frequencies: 0.0963379875 0.0449509355 0.0369875059 0.0559857751 0.0105191785 0.0354795965 0.0524904827 0.0660477698 0.0543597345 0.0588487183 0.0921478060 0.0538316187 0.0215748648 0.0413027675 0.0527892850 0.0564096574 0.0611349036 0.0097756471 0.0405383894 0.0584873760 
Optimizing NNI: done in 32.6219 secs using 399.3% CPU
UFBoot tree 33: -144440.8593750000 -> -143798.6827202734
Alignment state count time was 0.0009185580 seconds.
Empirical state frequencies: 0.1127143909 0.0438079238 0.0357168853 0.0565118859 0.0152092714 0.0333662102 0.0512431313 0.0761499711 0.0318187438 0.0544264907 0.0949258965 0.0532400998 0.0173904621 0.0367558985 0.0564897792 0.0632102046 0.0551781173 0.0143471116 0.0372422451 0.0602552807 
Optimizing NNI: done in 16.197 secs using 399.4% CPU
UFBoot tree 34: -142886.7812500000 -> -142236.4153840570
Alignment state count time was 0.0003543760 seconds.
Empirical state frequencies: 0.1057320001 0.0415453774 0.0369999165 0.0608210131 0.0159427745 0.0325527005 0.0514550059 0.0629496511 0.0292058266 0.0530334729 0.0953245977 0.0537539350 0.0147507372 0.0451935354 0.0530007246 0.0679339389 0.0716475935 0.0089935901 0.0385194366 0.0606441724 
Optimizing NNI: done in 13.7351 secs using 398.8% CPU
UFBoot tree 35: -161291.9062500000 -> -160314.0778224310
Alignment state count time was 0.0005427180 seconds.
Empirical state frequencies: 0.1139757663 0.0438721376 0.0373361187 0.0513182350 0.0189621837 0.0316688112 0.0475882918 0.0731945936 0.0341784218 0.0551584909 0.0940298774 0.0526833529 0.0199825749 0.0369293411 0.0513940749 0.0660932229 0.0593779461 0.0134879232 0.0429965317 0.0557721044 
Optimizing NNI: done in 16.6245 secs using 382% CPU
UFBoot tree 36: -147596.9375000000 -> -146975.6980193045
Alignment state count time was 0.0003504050 seconds.
Empirical state frequencies: 0.1035821899 0.0452475158 0.0313536508 0.0492221811 0.0144560844 0.0360338366 0.0483909242 0.0640800246 0.0337705826 0.0625292765 0.1107142342 0.0583939482 0.0193598015 0.0455339152 0.0413427041 0.0585266699 0.0664760004 0.0125351126 0.0385345926 0.0599167549 
Optimizing NNI: done in 22.2428 secs using 387.7% CPU
UFBoot tree 37: -150912.1093750000 -> -150132.7080443327
Alignment state count time was 0.0003486840 seconds.
Empirical state frequencies: 0.1002766941 0.0467697984 0.0394417746 0.0636945616 0.0129710102 0.0309830172 0.0472554340 0.0783723540 0.0372455420 0.0574465334 0.0935430303 0.0517711203 0.0206324554 0.0430441760 0.0518218583 0.0610344382 0.0621216821 0.0094193468 0.0244305607 0.0677246122 
Optimizing NNI: done in 22.612 secs using 367.2% CPU
UFBoot tree 38: -142832.6406250000 -> -141975.4372388028
Alignment state count time was 0.0003048150 seconds.
Empirical state frequencies: 0.1074055310 0.0446474739 0.0250369571 0.0454914894 0.0163399278 0.0326551144 0.0501739406 0.0668707690 0.0251030105 0.0662616100 0.1021506171 0.0556196754 0.0250589749 0.0496822098 0.0582838287 0.0534692707 0.0547463028 0.0133822039 0.0415649825 0.0660561106 
Optimizing NNI: done in 10.7465 secs using 398.9% CPU
UFBoot tree 39: -139598.9687500000 -> -138804.0478936077
Alignment state count time was 0.0004201210 seconds.
Empirical state frequencies: 0.1093783146 0.0464371628 0.0373536573 0.0544137673 0.0136728964 0.0324832934 0.0484295844 0.0699795611 0.0366687624 0.0591803593 0.1016922716 0.0535559191 0.0201690210 0.0366410899 0.0453025893 0.0693707656 0.0636702260 0.0094044099 0.0281871343 0.0640092144 
Optimizing NNI: done in 14.3514 secs using 398.8% CPU
UFBoot tree 40: -152637.6562500000 -> -151697.8305382393
Alignment state count time was 0.0003495211 seconds.
Empirical state frequencies: 0.0992149963 0.0474134606 0.0335893414 0.0599641195 0.0138082579 0.0360089160 0.0518847213 0.0805871018 0.0315659545 0.0536180422 0.1014506266 0.0531794059 0.0200482134 0.0386548836 0.0515380571 0.0616408422 0.0588038556 0.0105114106 0.0336742388 0.0628435547 
Optimizing NNI: done in 18.7107 secs using 394% CPU
UFBoot tree 41: -145658.3125000000 -> -144688.3913407132
Alignment state count time was 0.0005478429 seconds.
Empirical state frequencies: 0.1140449525 0.0406118338 0.0331013009 0.0565699144 0.0203362780 0.0303551271 0.0486773678 0.0780780049 0.0340599390 0.0627397956 0.0951821265 0.0532399084 0.0183397160 0.0349392912 0.0423272914 0.0646570717 0.0709278622 0.0103102210 0.0280990841 0.0634029136 
Optimizing NNI: done in 13.2633 secs using 398.9% CPU
UFBoot tree 42: -144070.2656250000 -> -143206.0092714390
Alignment state count time was 0.0003067190 seconds.
Empirical state frequencies: 0.1105375221 0.0460214617 0.0268922845 0.0560818855 0.0147479158 0.0357095273 0.0516696710 0.0632535304 0.0310529883 0.0530781304 0.0990830111 0.0533727571 0.0245640150 0.0399492774 0.0516049969 0.0555573062 0.0713234275 0.0148197760 0.0376784960 0.0630020198 
Optimizing NNI: done in 25.464 secs using 390.6% CPU
UFBoot tree 43: -143072.3281250000 -> -142217.2008448987
Alignment state count time was 0.0005013850 seconds.
Empirical state frequencies: 0.0978766297 0.0409066959 0.0393999516 0.0442747125 0.0126058108 0.0322684831 0.0428429646 0.0761208783 0.0465450558 0.0569968160 0.0990970245 0.0487267670 0.0232757422 0.0443974338 0.0592944306 0.0583194784 0.0664054456 0.0181009959 0.0328548179 0.0596898658 
Optimizing NNI: done in 10.5245 secs using 398.9% CPU
UFBoot tree 44: -144879.3437500000 -> -144296.7112488490
Alignment state count time was 0.0003107400 seconds.
Empirical state frequencies: 0.1091000480 0.0402454916 0.0374550060 0.0566091163 0.0142235355 0.0323007351 0.0523759766 0.0827394407 0.0369199371 0.0619598048 0.0914427759 0.0521931050 0.0139729337 0.0376040125 0.0503914808 0.0556473470 0.0605306969 0.0091573140 0.0338111194 0.0713201232 
Optimizing NNI: done in 18.4094 secs using 399.2% CPU
UFBoot tree 45: -150571.9687500000 -> -149811.7639095800
Alignment state count time was 0.0003201170 seconds.
Empirical state frequencies: 0.1049727038 0.0424986007 0.0347042505 0.0514064295 0.0169416156 0.0324839211 0.0462367074 0.0675319857 0.0428233653 0.0590549671 0.1091880157 0.0498223737 0.0197054286 0.0427835982 0.0573582378 0.0619977320 0.0588428759 0.0088490122 0.0293025537 0.0634956258 
Optimizing NNI: done in 19.5244 secs using 377.9% CPU
UFBoot tree 46: -153534.8906250000 -> -152836.0662910462
Alignment state count time was 0.0003905010 seconds.
Empirical state frequencies: 0.1212330198 0.0380038763 0.0281101660 0.0628533527 0.0117245555 0.0301024611 0.0512790670 0.0832167769 0.0304683929 0.0536508469 0.0875740753 0.0522481085 0.0299601543 0.0450582273 0.0460272687 0.0635513336 0.0652996742 0.0114670480 0.0304751694 0.0576964256 
Optimizing NNI: done in 23.7279 secs using 366.7% CPU
UFBoot tree 47: -147953.1562500000 -> -147400.2943819373
Alignment state count time was 0.0004620410 seconds.
Empirical state frequencies: 0.1036091642 0.0436436562 0.0308853111 0.0608005436 0.0130982231 0.0314190523 0.0482286864 0.0609613090 0.0381133251 0.0635528479 0.1011526683 0.0546464427 0.0225383696 0.0408913519 0.0566527953 0.0538940604 0.0577331391 0.0140306627 0.0376438900 0.0665045013 
Optimizing NNI: done in 15.0829 secs using 399.3% CPU
UFBoot tree 48: -157745.0312500000 -> -157248.8718036099
Alignment state count time was 0.0003187460 seconds.
Empirical state frequencies: 0.1043386234 0.0451824027 0.0271613023 0.0532353099 0.0201966259 0.0334222563 0.0543235406 0.0746879644 0.0357002859 0.0533513878 0.0947476835 0.0572762732 0.0221409314 0.0431365290 0.0647923199 0.0544178539 0.0647850650 0.0083204015 0.0329942189 0.0557890246 
Optimizing NNI: done in 8.72485 secs using 399.2% CPU
UFBoot tree 49: -142656.8750000000 -> -142085.6733400939
Alignment state count time was 0.0003092870 seconds.
Empirical state frequencies: 0.0942759109 0.0438190889 0.0334525175 0.0532462518 0.0119122773 0.0312760006 0.0456052882 0.0852787590 0.0322947958 0.0623426371 0.0974513763 0.0546156713 0.0256263184 0.0431178403 0.0439117067 0.0624154081 0.0707443892 0.0071226170 0.0311436896 0.0703474561 
Optimizing NNI: done in 16.2711 secs using 399.2% CPU
UFBoot tree 50: -155856.9375000000 -> -155056.0859886472
Alignment state count time was 0.0003462409 seconds.
Empirical state frequencies: 0.0956204272 0.0398774548 0.0313522170 0.0640569089 0.0138117080 0.0301841923 0.0489262899 0.0917202987 0.0356551126 0.0570756118 0.1141611413 0.0508394339 0.0234579810 0.0419852695 0.0494230361 0.0510341046 0.0575455068 0.0067162935 0.0320503467 0.0645066655 
Optimizing NNI: done in 12.0786 secs using 399.2% CPU
UFBoot tree 51: -148867.4375000000 -> -148180.5328953774
Alignment state count time was 0.0003061970 seconds.
Empirical state frequencies: 0.1061206142 0.0499524114 0.0323686074 0.0668104043 0.0156201710 0.0355320488 0.0525064453 0.0748628005 0.0345391938 0.0589360372 0.0829288913 0.0510548228 0.0163185931 0.0357580089 0.0601343104 0.0602096305 0.0670432116 0.0131756935 0.0268770922 0.0592510119 
Optimizing NNI: done in 13.9244 secs using 399.1% CPU
UFBoot tree 52: -152893.0937500000 -> -151999.0832216086
Alignment state count time was 0.0003120530 seconds.
Empirical state frequencies: 0.0980647799 0.0467350828 0.0328535579 0.0563185623 0.0207507849 0.0346032689 0.0489712280 0.0712963791 0.0302326214 0.0649146530 0.0927357845 0.0564347257 0.0214622856 0.0388141917 0.0527973596 0.0556724034 0.0653067044 0.0088658182 0.0359536683 0.0672161401 
Optimizing NNI: done in 15.711 secs using 398.2% CPU
UFBoot tree 53: -145553.2031250000 -> -144764.9059745238
Alignment state count time was 0.0009874440 seconds.
Empirical state frequencies: 0.1063373168 0.0461096179 0.0365460273 0.0559979377 0.0177181062 0.0319488819 0.0447597636 0.0892794877 0.0356355124 0.0573668937 0.0947362102 0.0554885587 0.0221115001 0.0422638065 0.0427986545 0.0580099847 0.0608879760 0.0102366022 0.0318979440 0.0598692180 
Optimizing NNI: done in 17.5633 secs using 398.1% CPU
UFBoot tree 54: -157179.1875000000 -> -156460.7275856208
Alignment state count time was 0.0003076551 seconds.
Empirical state frequencies: 0.1187061769 0.0501594675 0.0269237659 0.0540575622 0.0122277405 0.0314611203 0.0460320731 0.0629029713 0.0371866640 0.0692955686 0.1062336636 0.0531195180 0.0240123547 0.0429747440 0.0578583782 0.0458792067 0.0502984370 0.0114495113 0.0295641865 0.0696568894 
Optimizing NNI: done in 15.8798 secs using 399.1% CPU
UFBoot tree 55: -149058.5156250000 -> -148285.0235891309
Alignment state count time was 0.0005251130 seconds.
Empirical state frequencies: 0.1077827058 0.0426136458 0.0313446194 0.0548319456 0.0122225128 0.0289570529 0.0456412528 0.0786572707 0.0257208935 0.0530988025 0.1009148563 0.0474822679 0.0219166082 0.0468494190 0.0617213696 0.0667769698 0.0701929159 0.0145885049 0.0309275144 0.0577588721 
Optimizing NNI: done in 21.8712 secs using 381.4% CPU
UFBoot tree 56: -141705.0937500000 -> -140805.9982394660
Alignment state count time was 0.0006216270 seconds.
Empirical state frequencies: 0.1094789110 0.0415970832 0.0387996109 0.0596419045 0.0143048535 0.0338421600 0.0503794962 0.0793892090 0.0331896665 0.0514069861 0.1026614785 0.0486020138 0.0200422967 0.0432770666 0.0484820150 0.0594244067 0.0598894021 0.0121073753 0.0381321175 0.0553519470 
Optimizing NNI: done in 21.4366 secs using 378% CPU
UFBoot tree 57: -140298.0312500000 -> -139540.6590328662
Alignment state count time was 0.0002771780 seconds.
Empirical state frequencies: 0.0992974539 0.0401446617 0.0356253248 0.0491487313 0.0208077130 0.0319780191 0.0433767144 0.0684095504 0.0325386107 0.0601667780 0.1168418938 0.0541248466 0.0183646410 0.0445325020 0.0483182253 0.0657519311 0.0603190375 0.0116583048 0.0366772991 0.0619177616 
Optimizing NNI: done in 24.1795 secs using 365.6% CPU
UFBoot tree 58: -147162.9062500000 -> -146458.1557716871
Alignment state count time was 0.0003400350 seconds.
Empirical state frequencies: 0.1095052324 0.0461455650 0.0305467344 0.0539412996 0.0173256397 0.0301860253 0.0476620158 0.0722932981 0.0407864576 0.0571140679 0.0988532702 0.0521009468 0.0170164604 0.0381142653 0.0605444856 0.0606696296 0.0664630603 0.0097507474 0.0327477964 0.0582330024 
Optimizing NNI: done in 22.1388 secs using 357.8% CPU
UFBoot tree 59: -137670.3750000000 -> -136885.6388297274
Alignment state count time was 0.0003290350 seconds.
Empirical state frequencies: 0.0984419554 0.0413729473 0.0342646613 0.0601736117 0.0138095384 0.0340227049 0.0449499781 0.0778887421 0.0388814505 0.0681320147 0.0983961799 0.0511296747 0.0222126180 0.0421445919 0.0549355831 0.0601801511 0.0594346639 0.0099316970 0.0265612934 0.0631359425 
Optimizing NNI: done in 19.8104 secs using 375.8% CPU
UFBoot tree 60: -155035.9062500000 -> -154415.9190642664
Alignment state count time was 0.0003046370 seconds.
Empirical state frequencies: 0.1081704287 0.0411112089 0.0347637861 0.0466223622 0.0132127090 0.0303562344 0.0470747703 0.0817251185 0.0316586213 0.0654110080 0.0933232172 0.0532165531 0.0176819527 0.0410974996 0.0557733444 0.0649860185 0.0709769986 0.0075644623 0.0295816568 0.0656920494 
Optimizing NNI: done in 18.3605 secs using 398.7% CPU
UFBoot tree 61: -152518.0937500000 -> -151842.0966961858
Alignment state count time was 0.0003147700 seconds.
Empirical state frequencies: 0.1131040468 0.0409608721 0.0348534011 0.0624679457 0.0111312192 0.0379035981 0.0530555048 0.0907618845 0.0294607094 0.0513924043 0.0935219235 0.0507625493 0.0245987944 0.0384343748 0.0595875972 0.0563180125 0.0572875647 0.0080527141 0.0302321049 0.0561127788 
Optimizing NNI: done in 13.9425 secs using 399.1% CPU
UFBoot tree 62: -147597.9062500000 -> -146712.5886745301
Alignment state count time was 0.0004824110 seconds.
Empirical state frequencies: 0.1125605578 0.0447601185 0.0299584676 0.0477148998 0.0145325671 0.0341964285 0.0465288256 0.0922793829 0.0385731116 0.0506141922 0.0864461175 0.0566902214 0.0161001271 0.0415764457 0.0511552085 0.0641257273 0.0678434803 0.0179936842 0.0318242802 0.0545261562 
Optimizing NNI: done in 20.1073 secs using 398.9% CPU
UFBoot tree 63: -144869.1250000000 -> -144229.4445545144
Alignment state count time was 0.0005363520 seconds.
Empirical state frequencies: 0.0977510056 0.0462510049 0.0353952342 0.0562436470 0.0128556508 0.0304410169 0.0472334275 0.0923336462 0.0403634860 0.0570436198 0.1041507876 0.0514297759 0.0152555691 0.0377600659 0.0467562508 0.0665099641 0.0688256747 0.0086452679 0.0272270912 0.0575278138 
Optimizing NNI: done in 17.8668 secs using 394.5% CPU
UFBoot tree 64: -148870.0468750000 -> -148152.4443013851
Alignment state count time was 0.0005447889 seconds.
Empirical state frequencies: 0.0957672793 0.0399753937 0.0357179415 0.0619135601 0.0160247343 0.0332338742 0.0452556972 0.0588184389 0.0420808732 0.0621526682 0.0932566444 0.0539964259 0.0201161392 0.0432697717 0.0456143593 0.0649223368 0.0704483903 0.0141317953 0.0363289955 0.0669746812 
Optimizing NNI: done in 16.1893 secs using 378.7% CPU
UFBoot tree 65: -149782.4062500000 -> -149276.1560147373
Alignment state count time was 0.0003240020 seconds.
Empirical state frequencies: 0.1065635323 0.0466557390 0.0373193735 0.0683434072 0.0153799085 0.0286191266 0.0437203168 0.0819801994 0.0368290321 0.0572312106 0.0892094221 0.0472653527 0.0214760450 0.0422492926 0.0497236860 0.0567806266 0.0635195079 0.0102578286 0.0329129271 0.0639634656 
Optimizing NNI: done in 9.50946 secs using 391.5% CPU
UFBoot tree 66: -149235.1562500000 -> -148656.0672437599
Alignment state count time was 0.0003252210 seconds.
Empirical state frequencies: 0.1051222392 0.0441845030 0.0334746527 0.0454205205 0.0125314057 0.0357878698 0.0424029805 0.0806780934 0.0332467835 0.0556608222 0.0967670368 0.0578980830 0.0228545690 0.0411117219 0.0560958452 0.0601560592 0.0635188555 0.0154591791 0.0353597520 0.0622690277 
Optimizing NNI: done in 27.8927 secs using 376.2% CPU
UFBoot tree 67: -147020.8125000000 -> -146269.7738117223
Alignment state count time was 0.0005444760 seconds.
Empirical state frequencies: 0.1058700480 0.0488216759 0.0346142269 0.0607307637 0.0164194193 0.0377670221 0.0490336285 0.0757330350 0.0365747886 0.0482785473 0.0861717015 0.0605320581 0.0207180833 0.0411052759 0.0548821961 0.0581873323 0.0635788770 0.0112663212 0.0318919605 0.0578230387 
Optimizing NNI: done in 18.0867 secs using 399.1% CPU
UFBoot tree 68: -157469.6718750000 -> -156606.4757666046
Alignment state count time was 0.0003204830 seconds.
Empirical state frequencies: 0.1090905964 0.0467804265 0.0341095847 0.0626579609 0.0091611106 0.0333909602 0.0461906121 0.0774914558 0.0398789193 0.0620003516 0.0914775161 0.0522379052 0.0156287313 0.0428279917 0.0478312454 0.0553293466 0.0601902314 0.0144829998 0.0287673571 0.0704746974 
Optimizing NNI: done in 15.9163 secs using 399.2% CPU
UFBoot tree 69: -149816.5625000000 -> -148874.4068953928
Alignment state count time was 0.0003158000 seconds.
Empirical state frequencies: 0.1026110400 0.0422085852 0.0311535660 0.0501166542 0.0175213030 0.0386750484 0.0427850740 0.0826170543 0.0259516029 0.0546675241 0.0996268630 0.0484075347 0.0241543145 0.0412997677 0.0461151442 0.0617210333 0.0692492979 0.0131874642 0.0382816796 0.0696494489 
Optimizing NNI: done in 12.2155 secs using 399% CPU
UFBoot tree 70: -154280.7500000000 -> -153427.6762382351
Alignment state count time was 0.0003801771 seconds.
Empirical state frequencies: 0.1125428011 0.0508156846 0.0348466484 0.0585738113 0.0131401126 0.0334612686 0.0464027431 0.0692175828 0.0338599877 0.0558435995 0.0820036244 0.0555867974 0.0183234603 0.0367929381 0.0577696153 0.0705286251 0.0691364874 0.0102071622 0.0345830884 0.0563639616 
Optimizing NNI: done in 12.5073 secs using 399% CPU
UFBoot tree 71: -154192.7187500000 -> -153386.9567558913
Alignment state count time was 0.0003253700 seconds.
Empirical state frequencies: 0.0994233820 0.0425293400 0.0283545344 0.0594450559 0.0147574697 0.0331645633 0.0502549450 0.0651216960 0.0326338478 0.0645170835 0.1036623878 0.0534795453 0.0176394563 0.0414544732 0.0488441823 0.0634690884 0.0786247099 0.0107401552 0.0322374907 0.0596465934 
Optimizing NNI: done in 19.4341 secs using 399% CPU
UFBoot tree 72: -150368.3281250000 -> -149424.3964428459
Alignment state count time was 0.0003698140 seconds.
Empirical state frequencies: 0.1078776724 0.0430263556 0.0383343446 0.0647483639 0.0137799638 0.0340500235 0.0511014782 0.0845535140 0.0278703017 0.0483549352 0.0996022811 0.0580894275 0.0174491736 0.0417675234 0.0506008063 0.0622020896 0.0678882920 0.0080436942 0.0258103944 0.0548493650 
Optimizing NNI: done in 17.2854 secs using 398.9% CPU
UFBoot tree 73: -150906.7812500000 -> -150002.2921717202
Alignment state count time was 0.0003290090 seconds.
Empirical state frequencies: 0.0966197278 0.0430297976 0.0384919407 0.0530441457 0.0237776693 0.0343254857 0.0483374697 0.0901640860 0.0369455579 0.0569742540 0.0845525396 0.0566501214 0.0163226185 0.0336029400 0.0501674685 0.0559140702 0.0642334746 0.0118455364 0.0360676986 0.0689333979 
Optimizing NNI: done in 22.2069 secs using 387.7% CPU
UFBoot tree 74: -153376.5312500000 -> -152804.4453846667
Alignment state count time was 0.0003395960 seconds.
Empirical state frequencies: 0.1058335294 0.0408230530 0.0310766990 0.0518285718 0.0129266367 0.0345480985 0.0486980513 0.0844138122 0.0271461566 0.0539294989 0.1011307919 0.0505207099 0.0189859331 0.0416926420 0.0665768019 0.0587574573 0.0600653192 0.0154867068 0.0349237609 0.0606357696 
Optimizing NNI: done in 20.6239 secs using 399% CPU
UFBoot tree 75: -146161.0156250000 -> -145293.0412174687
Alignment state count time was 0.0004955560 seconds.
Empirical state frequencies: 0.1149155564 0.0462931266 0.0350915645 0.0523637834 0.0197262863 0.0312571045 0.0455248627 0.0733744294 0.0251315717 0.0629136931 0.0962920161 0.0492701493 0.0193147164 0.0430897405 0.0458403997 0.0528096509 0.0616995618 0.0131411671 0.0448594913 0.0670911281 
Optimizing NNI: done in 11.8079 secs using 398.9% CPU
UFBoot tree 76: -149142.1406250000 -> -148346.1127215055
Alignment state count time was 0.0003595110 seconds.
Empirical state frequencies: 0.1050243683 0.0410054391 0.0390381565 0.0643891261 0.0133976872 0.0334258085 0.0515656017 0.0792194104 0.0403540646 0.0598097659 0.0935299110 0.0548751105 0.0152267994 0.0424660971 0.0427950742 0.0579082787 0.0654418526 0.0083182819 0.0281950738 0.0640140923 
Optimizing NNI: done in 18.4087 secs using 399.3% CPU
UFBoot tree 77: -152395.1250000000 -> -151657.6161476807
Alignment state count time was 0.0003384850 seconds.
Empirical state frequencies: 0.1056671700 0.0408475636 0.0401166681 0.0612111255 0.0138044286 0.0310143116 0.0437102378 0.0797948214 0.0287742521 0.0571099894 0.0972483362 0.0521629094 0.0207817740 0.0384586180 0.0496115426 0.0662055783 0.0726415196 0.0101634860 0.0298435252 0.0608321426 
Optimizing NNI: done in 17.09 secs using 377% CPU
UFBoot tree 78: -158900.5625000000 -> -158058.6110121767
Alignment state count time was 0.0011136980 seconds.
Empirical state frequencies: 0.1038225885 0.0451367562 0.0341258961 0.0600185148 0.0148603105 0.0354253144 0.0494043193 0.0812195497 0.0235048615 0.0587806480 0.0908147278 0.0550944035 0.0160981774 0.0435637761 0.0533230912 0.0568246815 0.0579189285 0.0107910796 0.0415462583 0.0677261169 
Optimizing NNI: done in 14.6055 secs using 399.3% CPU
UFBoot tree 79: -153878.5312500000 -> -153113.6682147759
Alignment state count time was 0.0003067671 seconds.
Empirical state frequencies: 0.0978973320 0.0399581958 0.0448644701 0.0547180182 0.0175997982 0.0307401401 0.0473312738 0.0853514829 0.0325987844 0.0592142975 0.0975283364 0.0491694183 0.0175724652 0.0379218870 0.0558250049 0.0687808490 0.0638677415 0.0087439048 0.0325031189 0.0578134810 
Optimizing NNI: done in 11.9956 secs using 397.5% CPU
UFBoot tree 80: -151849.4687500000 -> -151233.3811675927
Alignment state count time was 0.0003472980 seconds.
Empirical state frequencies: 0.1073195586 0.0417146796 0.0337329191 0.0508347896 0.0172102088 0.0313430508 0.0441844320 0.0809777518 0.0277682340 0.0617656076 0.0992246289 0.0494368166 0.0218035489 0.0352374044 0.0577514278 0.0622715407 0.0623780530 0.0122107908 0.0354171438 0.0674174130 
Optimizing NNI: done in 20.5504 secs using 376% CPU
UFBoot tree 81: -150496.9062500000 -> -149714.2875992404
Alignment state count time was 0.0003539530 seconds.
Empirical state frequencies: 0.1034943516 0.0389583553 0.0360806382 0.0556080044 0.0138173142 0.0324303319 0.0509015902 0.0873904764 0.0302897640 0.0555796525 0.0830668127 0.0504904877 0.0303322919 0.0377463119 0.0603498585 0.0720662783 0.0661123808 0.0088628209 0.0260511560 0.0603711224 
Optimizing NNI: done in 19.7915 secs using 378.9% CPU
UFBoot tree 82: -144865.2187500000 -> -144136.1890610585
Alignment state count time was 0.0003232780 seconds.
Empirical state frequencies: 0.1032703638 0.0410784221 0.0363770874 0.0556631641 0.0192260529 0.0330331306 0.0512799649 0.0791344892 0.0371476821 0.0564054801 0.0890603146 0.0478016842 0.0216650912 0.0380596703 0.0578476941 0.0656526166 0.0697813076 0.0091022765 0.0300426575 0.0583708501 
Optimizing NNI: done in 20.1184 secs using 399.3% CPU
UFBoot tree 83: -143312.3125000000 -> -142606.8600253817
Alignment state count time was 0.0004714250 seconds.
Empirical state frequencies: 0.1117400756 0.0450156427 0.0278587616 0.0581629564 0.0185031041 0.0354856562 0.0535141825 0.0949318525 0.0456984314 0.0494392416 0.0842614636 0.0527006471 0.0232971522 0.0376865601 0.0467589329 0.0593759959 0.0631749158 0.0120456666 0.0275609495 0.0527878116 
Optimizing NNI: done in 21.1644 secs using 383% CPU
UFBoot tree 84: -140325.7500000000 -> -139640.2202387094
Alignment state count time was 0.0002659779 seconds.
Empirical state frequencies: 0.1103709831 0.0433920949 0.0316503999 0.0584904857 0.0197941189 0.0313875261 0.0455827096 0.0708994757 0.0256245243 0.0617865183 0.0996740428 0.0466813872 0.0169699110 0.0425495508 0.0549180986 0.0609978970 0.0665115058 0.0149275840 0.0320683018 0.0657228845 
Optimizing NNI: done in 12.447 secs using 399.3% CPU
UFBoot tree 85: -152805.7187500000 -> -152088.8958142612
Alignment state count time was 0.0003793651 seconds.
Empirical state frequencies: 0.0992797652 0.0425626362 0.0306592947 0.0541921803 0.0174691055 0.0307688137 0.0481686377 0.0802576917 0.0369292549 0.0618927318 0.0991839362 0.0491953779 0.0163876058 0.0402011337 0.0569917586 0.0536788102 0.0608386119 0.0147722012 0.0391880834 0.0673823695 
Optimizing NNI: done in 16.1611 secs using 399% CPU
UFBoot tree 86: -147803.0156250000 -> -147100.6306333523
Alignment state count time was 0.0003494860 seconds.
Empirical state frequencies: 0.1110056364 0.0391518396 0.0359375698 0.0478176241 0.0138978743 0.0284470469 0.0472795525 0.0774611207 0.0416864400 0.0624234358 0.0997273727 0.0460476518 0.0220255873 0.0430811782 0.0442493599 0.0556975409 0.0626287526 0.0136005190 0.0352012613 0.0726326362 
Optimizing NNI: done in 18.4229 secs using 385.3% CPU
UFBoot tree 87: -141973.2968750000 -> -141452.7625068091
Alignment state count time was 0.0005264509 seconds.
Empirical state frequencies: 0.1125140585 0.0458332306 0.0365845601 0.0677032070 0.0138244861 0.0305764012 0.0519526516 0.0824176331 0.0194849506 0.0545116823 0.1000526920 0.0521056372 0.0138662094 0.0409585554 0.0506314130 0.0628146240 0.0586214298 0.0160497301 0.0317098849 0.0577869633 
Optimizing NNI: done in 11.8851 secs using 398.8% CPU
UFBoot tree 88: -145394.4531250000 -> -144624.3654115312
Alignment state count time was 0.0004896680 seconds.
Empirical state frequencies: 0.0917390746 0.0421897821 0.0362572251 0.0534066366 0.0153492178 0.0329046101 0.0473038296 0.0768618455 0.0444816088 0.0707066539 0.1012927178 0.0545460019 0.0181059579 0.0452804741 0.0503748774 0.0523065598 0.0619518761 0.0111977375 0.0318634660 0.0618798472 
Optimizing NNI: done in 12.2704 secs using 399.1% CPU
UFBoot tree 89: -159317.7812500000 -> -158663.4979748826
Alignment state count time was 0.0005482379 seconds.
Empirical state frequencies: 0.1005201342 0.0484600562 0.0311021714 0.0544202529 0.0133573489 0.0352023522 0.0491592593 0.0731833323 0.0403004248 0.0623422911 0.0980491642 0.0615819927 0.0232004983 0.0417870798 0.0471974178 0.0612697273 0.0619621419 0.0078723387 0.0248500744 0.0641819418 
Optimizing NNI: done in 20.5401 secs using 397.3% CPU
UFBoot tree 90: -152448.4843750000 -> -151530.6993771676
Alignment state count time was 0.0003056669 seconds.
Empirical state frequencies: 0.0984311601 0.0381654829 0.0282346651 0.0567287432 0.0158825524 0.0342142105 0.0497175156 0.0803100493 0.0289013984 0.0547074884 0.1076671716 0.0560690281 0.0234482214 0.0426501420 0.0512966209 0.0625258143 0.0625258143 0.0116505501 0.0351406190 0.0617327525 
Optimizing NNI: done in 14.6917 secs using 391.9% CPU
UFBoot tree 91: -144976.0312500000 -> -144111.9860473815
Alignment state count time was 0.0002935330 seconds.
Empirical state frequencies: 0.1110091023 0.0477388297 0.0361089419 0.0706940467 0.0196769445 0.0352306799 0.0522505462 0.0767781354 0.0364630797 0.0450969611 0.0898670712 0.0564931179 0.0166384415 0.0339416181 0.0612385655 0.0636537858 0.0617131102 0.0058301536 0.0251802471 0.0543966217 
Optimizing NNI: done in 16.9221 secs using 398% CPU
UFBoot tree 92: -148210.3906250000 -> -147361.4988480608
Alignment state count time was 0.0005010359 seconds.
Empirical state frequencies: 0.1166170184 0.0510645451 0.0361332636 0.0571822229 0.0135635256 0.0365687593 0.0536775193 0.0677378094 0.0316124033 0.0505599231 0.0997363752 0.0604518971 0.0196466402 0.0357807194 0.0508709914 0.0600509645 0.0656640203 0.0068306236 0.0233932859 0.0628574924 
Optimizing NNI: done in 18.3964 secs using 399.1% CPU
UFBoot tree 93: -161524.6718750000 -> -160585.4343822251
Alignment state count time was 0.0003006121 seconds.
Empirical state frequencies: 0.1084091791 0.0452453066 0.0321245467 0.0540065429 0.0116699430 0.0309221620 0.0486063587 0.0793902209 0.0360059291 0.0615583629 0.0942758847 0.0488524609 0.0223859334 0.0395005795 0.0446195040 0.0533174569 0.0685898526 0.0178857800 0.0401966970 0.0624372991 
Optimizing NNI: done in 17.8199 secs using 399% CPU
UFBoot tree 94: -141051.0937500000 -> -140303.5603451165
Alignment state count time was 0.0003696370 seconds.
Empirical state frequencies: 0.1040993096 0.0485707056 0.0305490225 0.0596471553 0.0167716487 0.0307885133 0.0502937089 0.0799839161 0.0444594468 0.0549371695 0.0903951136 0.0480518088 0.0201378250 0.0377603568 0.0616096494 0.0616562170 0.0605851609 0.0118288246 0.0265841192 0.0612903283 
Optimizing NNI: done in 27.3939 secs using 399% CPU
UFBoot tree 95: -148693.2187500000 -> -148097.4934107836
Alignment state count time was 0.0003598060 seconds.
Empirical state frequencies: 0.1053695251 0.0402911470 0.0343632155 0.0609914295 0.0152500452 0.0391245518 0.0506616358 0.0856798397 0.0268956497 0.0608422138 0.0800571221 0.0532254323 0.0153043054 0.0369473596 0.0429227688 0.0677196995 0.0815153661 0.0077756968 0.0305039558 0.0645590404 
Optimizing NNI: done in 18.7365 secs using 399% CPU
UFBoot tree 96: -150518.7187500000 -> -149694.1750219739
Alignment state count time was 0.0005408849 seconds.
Empirical state frequencies: 0.1146864822 0.0481103175 0.0313966360 0.0470478974 0.0123054657 0.0314743740 0.0417617098 0.0719564654 0.0429796059 0.0668646229 0.1025528676 0.0482074900 0.0174685680 0.0438735936 0.0419884458 0.0627704187 0.0634571049 0.0115086506 0.0360026156 0.0635866683 
Optimizing NNI: done in 16.5792 secs using 387% CPU
UFBoot tree 97: -156796.0625000000 -> -156147.7771609817
Alignment state count time was 0.0009333140 seconds.
Empirical state frequencies: 0.1164442674 0.0434032904 0.0317079899 0.0546203951 0.0216795430 0.0314962175 0.0479324867 0.0884698191 0.0445782855 0.0498862577 0.0856894527 0.0526392987 0.0121087977 0.0411557706 0.0568542522 0.0576671849 0.0617318483 0.0103463050 0.0351168421 0.0564716956 
Optimizing NNI: done in 10.0683 secs using 398.9% CPU
UFBoot tree 98: -146404.4062500000 -> -145881.4747317665
Alignment state count time was 0.0004030520 seconds.
Empirical state frequencies: 0.1029315454 0.0456512847 0.0333204834 0.0663211856 0.0146332595 0.0336103100 0.0481543320 0.0735470878 0.0392355793 0.0590228267 0.0964433834 0.0595102622 0.0211214215 0.0357840089 0.0471794609 0.0614402434 0.0598000888 0.0098247739 0.0293485426 0.0631199199 
Optimizing NNI: done in 17.4738 secs using 398.8% CPU
UFBoot tree 99: -151744.9531250000 -> -151003.7461895385
Alignment state count time was 0.0009536450 seconds.
Empirical state frequencies: 0.0930536276 0.0460331937 0.0316624985 0.0586868882 0.0144457241 0.0331456665 0.0453651000 0.0941693440 0.0314420275 0.0665770747 0.1031084376 0.0554867194 0.0192092321 0.0412630048 0.0462737074 0.0628357500 0.0496141759 0.0082658575 0.0356576987 0.0637042718 
Optimizing NNI: done in 11.695 secs using 399% CPU
UFBoot tree 100: -150463.0156250000 -> -149668.6719301598
100 samples done
Alignment state count time was 0.0004361990 seconds.
Empirical state frequencies: 0.1050925918 0.0423057297 0.0356707057 0.0579940252 0.0157117450 0.0312855273 0.0429523920 0.0700987340 0.0412818478 0.0548954353 0.0898556127 0.0554006401 0.0228721821 0.0391128349 0.0585867989 0.0629585051 0.0735475993 0.0079720063 0.0338856484 0.0585194382 
Optimizing NNI: done in 23.7734 secs using 370.2% CPU
UFBoot tree 101: -155103.6562500000 -> -154452.5466639924
Alignment state count time was 0.0005442090 seconds.
Empirical state frequencies: 0.1036389683 0.0419109262 0.0362328396 0.0578285180 0.0125933208 0.0308051574 0.0496193178 0.0868415776 0.0280101041 0.0567659917 0.0946785552 0.0537002310 0.0248766666 0.0410243596 0.0471558810 0.0628772100 0.0674115580 0.0123361489 0.0264873753 0.0652052931 
Optimizing NNI: done in 20.1121 secs using 368.2% CPU
UFBoot tree 102: -150495.1562500000 -> -149463.6459454070
Alignment state count time was 0.0003182939 seconds.
Empirical state frequencies: 0.1019759702 0.0474867453 0.0419686757 0.0669916833 0.0122696862 0.0341365771 0.0500951627 0.0820123341 0.0352251292 0.0594539730 0.0922474630 0.0593444331 0.0170962854 0.0348965097 0.0511084063 0.0575644107 0.0594676654 0.0074910106 0.0277969587 0.0613709202 
Optimizing NNI: done in 38.4916 secs using 399.2% CPU
UFBoot tree 103: -153426.3906250000 -> -152605.7973864982
Alignment state count time was 0.0003369449 seconds.
Empirical state frequencies: 0.1087522915 0.0524114140 0.0373451598 0.0450714440 0.0113468913 0.0361658849 0.0470301248 0.0618252813 0.0449697824 0.0526757342 0.1015817575 0.0608425521 0.0197644746 0.0381516754 0.0475926525 0.0668948081 0.0655460971 0.0116383213 0.0284599330 0.0619337203 
Optimizing NNI: done in 21.7703 secs using 385.4% CPU
UFBoot tree 104: -153691.9375000000 -> -152842.8075975246
Alignment state count time was 0.0005409380 seconds.
Empirical state frequencies: 0.1198267948 0.0467961546 0.0381028688 0.0561018420 0.0129451331 0.0370258868 0.0518150314 0.0847087356 0.0441987275 0.0474226343 0.0827659446 0.0588048555 0.0140784278 0.0433047621 0.0484433035 0.0586218390 0.0622680917 0.0076446924 0.0294166220 0.0557076525 
Optimizing NNI: done in 12.0682 secs using 399.1% CPU
UFBoot tree 105: -147744.2031250000 -> -147015.7534249929
Alignment state count time was 0.0003216430 seconds.
Empirical state frequencies: 0.1115972390 0.0450828667 0.0288378565 0.0454973544 0.0169704185 0.0320810412 0.0440793701 0.0763366955 0.0254056073 0.0603680105 0.1060998228 0.0540852492 0.0171594831 0.0484714856 0.0540052603 0.0639093354 0.0617787231 0.0082661763 0.0284669991 0.0715010054 
Optimizing NNI: done in 20.8089 secs using 388.9% CPU
UFBoot tree 106: -144140.6562500000 -> -143171.3443034232
Alignment state count time was 0.0005419370 seconds.
Empirical state frequencies: 0.1091690037 0.0433833303 0.0337723417 0.0514308088 0.0166722710 0.0317818225 0.0440599754 0.0649965583 0.0331482515 0.0605162478 0.0977514383 0.0555038184 0.0183080442 0.0396913443 0.0497359113 0.0716513304 0.0674075172 0.0125992615 0.0340285471 0.0643921763 
Optimizing NNI: done in 11.3369 secs using 398.9% CPU
UFBoot tree 107: -158062.9687500000 -> -157273.4501544927
Alignment state count time was 0.0002909161 seconds.
Empirical state frequencies: 0.1097649118 0.0408815120 0.0303862797 0.0625896600 0.0140500990 0.0352679484 0.0481791447 0.0640392384 0.0385934519 0.0630160066 0.1021617307 0.0518599371 0.0215111646 0.0401709343 0.0527197361 0.0611685046 0.0600813208 0.0064753410 0.0265846892 0.0704983895 
Optimizing NNI: done in 14.6209 secs using 399.4% CPU
UFBoot tree 108: -146556.1093750000 -> -145907.1781127628
Alignment state count time was 0.0003346320 seconds.
Empirical state frequencies: 0.1099340450 0.0470138541 0.0295165369 0.0542245836 0.0186565983 0.0320392804 0.0414152523 0.0835868896 0.0324170174 0.0523898610 0.1030538355 0.0547642078 0.0210107092 0.0401066634 0.0502988169 0.0603425738 0.0630406952 0.0164171576 0.0266430376 0.0631283842 
Optimizing NNI: done in 25.9213 secs using 397.9% CPU
UFBoot tree 109: -150321.3906250000 -> -149395.5159482892
Alignment state count time was 0.0003286410 seconds.
Empirical state frequencies: 0.1172793696 0.0425450949 0.0389435257 0.0568690499 0.0178005998 0.0312876188 0.0429429825 0.0811333357 0.0300322147 0.0509899170 0.0866626019 0.0547972901 0.0155573368 0.0389366656 0.0598257666 0.0598737876 0.0680510645 0.0114481179 0.0381271701 0.0568964904 
Optimizing NNI: done in 15.8797 secs using 395.5% CPU
UFBoot tree 110: -147455.9687500000 -> -146680.1583293502
Alignment state count time was 0.0003532940 seconds.
Empirical state frequencies: 0.1033762750 0.0422764174 0.0359304407 0.0654194015 0.0152597434 0.0326252444 0.0501824468 0.0841202018 0.0406370401 0.0532033962 0.0929186342 0.0507443302 0.0195168362 0.0393149616 0.0548295527 0.0637073098 0.0608516203 0.0095153124 0.0269270861 0.0586437492 
Optimizing NNI: done in 20.3411 secs using 375.5% CPU
UFBoot tree 111: -156463.3593750000 -> -155877.9737584354
Alignment state count time was 0.0002668169 seconds.
Empirical state frequencies: 0.1066543575 0.0407759296 0.0405646497 0.0672336223 0.0155995472 0.0295031260 0.0522940905 0.0746556798 0.0305936028 0.0590686774 0.0981077458 0.0450492355 0.0207724964 0.0412257513 0.0529347456 0.0584075759 0.0583121592 0.0102289491 0.0336264913 0.0643915672 
Optimizing NNI: done in 20.6897 secs using 393.6% CPU
UFBoot tree 112: -152427.6875000000 -> -151694.7865259027
Alignment state count time was 0.0002876900 seconds.
Empirical state frequencies: 0.0944524503 0.0559641287 0.0345486135 0.0533741145 0.0118558310 0.0311212796 0.0512027600 0.0732923886 0.0377488777 0.0584193203 0.1059691439 0.0478038098 0.0148006417 0.0439861998 0.0573052594 0.0630458664 0.0668492846 0.0117990636 0.0287583351 0.0577026315 
Optimizing NNI: done in 23.7337 secs using 398.9% CPU
UFBoot tree 113: -143980.4687500000 -> -143015.1255753144
Alignment state count time was 0.0002922660 seconds.
Empirical state frequencies: 0.1071532929 0.0443239391 0.0343952947 0.0466294670 0.0156163981 0.0379874559 0.0499762010 0.0927623365 0.0265936858 0.0566771063 0.0751808270 0.0584917799 0.0201605192 0.0368941895 0.0612658505 0.0692682635 0.0691418313 0.0092650406 0.0268837361 0.0613327852 
Optimizing NNI: done in 14.7104 secs using 399.2% CPU
UFBoot tree 114: -143980.7656250000 -> -143019.2962057346
Alignment state count time was 0.0003128321 seconds.
Empirical state frequencies: 0.1125004269 0.0436937236 0.0419186286 0.0748684118 0.0137783482 0.0352871414 0.0548734732 0.0739842135 0.0358163207 0.0533998094 0.0783382203 0.0528572332 0.0150711532 0.0392794307 0.0446248112 0.0649144826 0.0641910476 0.0147027373 0.0321120657 0.0537883208 
Optimizing NNI: done in 14.2108 secs using 399.3% CPU
UFBoot tree 115: -154813.0625000000 -> -154244.6590470090
Alignment state count time was 0.0003098360 seconds.
Empirical state frequencies: 0.1120487773 0.0419182821 0.0299600355 0.0551480911 0.0151876752 0.0347058126 0.0477132720 0.0864368675 0.0332257972 0.0539877035 0.1058855207 0.0526188629 0.0174737084 0.0424116205 0.0488319691 0.0563779631 0.0684682298 0.0106156088 0.0270416953 0.0599425072 
Optimizing NNI: done in 23.8105 secs using 396.6% CPU
UFBoot tree 116: -148655.4062500000 -> -147908.2070889187
Alignment state count time was 0.0003153861 seconds.
Empirical state frequencies: 0.1046439447 0.0449053950 0.0383533394 0.0645018167 0.0145813929 0.0360564689 0.0550023318 0.0827971210 0.0256475294 0.0582285720 0.0836800221 0.0649067563 0.0149000340 0.0309914046 0.0521611162 0.0642230058 0.0614481738 0.0094366684 0.0310378731 0.0624970337 
Optimizing NNI: done in 17.4355 secs using 377.9% CPU
UFBoot tree 117: -152762.3125000000 -> -151911.7765890919
Alignment state count time was 0.0057930170 seconds.
Empirical state frequencies: 0.1152331913 0.0398829161 0.0329493014 0.0517204628 0.0166914051 0.0321115464 0.0451546429 0.0829012961 0.0308174532 0.0565222294 0.0998471051 0.0503037713 0.0172499084 0.0415856703 0.0509984950 0.0617462790 0.0734476053 0.0115286546 0.0304973355 0.0588107309 
Optimizing NNI: done in 12.0221 secs using 398.8% CPU
UFBoot tree 118: -151622.0312500000 -> -150623.0817277834
Alignment state count time was 0.0005065870 seconds.
Empirical state frequencies: 0.1075446496 0.0410446640 0.0341706173 0.0647396625 0.0172803007 0.0308896646 0.0512274092 0.0887398660 0.0341498078 0.0490008008 0.0937965562 0.0518933108 0.0160386717 0.0345868058 0.0410446640 0.0626448471 0.0726680534 0.0109819814 0.0304179843 0.0671396829 
Optimizing NNI: done in 21.0121 secs using 367.5% CPU
UFBoot tree 119: -145740.0468750000 -> -144913.4212975841
Alignment state count time was 0.0005817011 seconds.
Empirical state frequencies: 0.1117415872 0.0460366497 0.0318183528 0.0489349949 0.0155561758 0.0344501049 0.0490170235 0.0711169052 0.0544582564 0.0595371961 0.1095951712 0.0513069896 0.0187142782 0.0423316897 0.0434254048 0.0556955216 0.0539250702 0.0114547440 0.0275938781 0.0632900062 
Optimizing NNI: done in 38.2836 secs using 382.4% CPU
UFBoot tree 120: -145180.4062500000 -> -144549.3027112209
Alignment state count time was 0.0003216360 seconds.
Empirical state frequencies: 0.1066583691 0.0458075824 0.0310499365 0.0584859964 0.0201357193 0.0303008530 0.0461016152 0.0652977561 0.0338082441 0.0634775531 0.1009737351 0.0597811409 0.0241261643 0.0416631202 0.0426502303 0.0531023960 0.0634495500 0.0078143451 0.0337242348 0.0715914581 
Optimizing NNI: done in 17.9564 secs using 390.4% CPU
UFBoot tree 121: -146748.7187500000 -> -145846.4612013264
Alignment state count time was 0.0003499980 seconds.
Empirical state frequencies: 0.1171031911 0.0402251651 0.0329415624 0.0551392087 0.0188412547 0.0326547539 0.0477222067 0.0865947674 0.0358630075 0.0518242356 0.0877486715 0.0556994858 0.0160932288 0.0492896486 0.0469818405 0.0599549240 0.0657577942 0.0129650148 0.0271386922 0.0594613465 
Optimizing NNI: done in 25.7925 secs using 399% CPU
UFBoot tree 122: -152583.7187500000 -> -151798.3652295665
Alignment state count time was 0.0003161520 seconds.
Empirical state frequencies: 0.1108694897 0.0482843831 0.0382997777 0.0560931173 0.0151853822 0.0344564164 0.0497146287 0.0788347000 0.0324771191 0.0498908675 0.0948588732 0.0544798545 0.0214825299 0.0438174076 0.0567777372 0.0559914411 0.0571369932 0.0085425355 0.0312231124 0.0615836335 
Optimizing NNI: done in 14.6355 secs using 399.3% CPU
UFBoot tree 123: -157578.4375000000 -> -156796.0622205890
Alignment state count time was 0.0003179191 seconds.
Empirical state frequencies: 0.1028787976 0.0394871786 0.0318885574 0.0596245712 0.0193148978 0.0374427378 0.0486208747 0.0843881217 0.0318048260 0.0619969599 0.1028299543 0.0514049425 0.0182752334 0.0475114341 0.0543215849 0.0506164722 0.0596315489 0.0101812017 0.0283857954 0.0593943100 
Optimizing NNI: done in 15.4668 secs using 398.8% CPU
UFBoot tree 124: -146421.3437500000 -> -145368.4093699760
Alignment state count time was 0.0003555809 seconds.
Empirical state frequencies: 0.1110658767 0.0455971438 0.0389361199 0.0625585817 0.0147227608 0.0383452226 0.0464633455 0.0799699073 0.0384123700 0.0554073816 0.0785866705 0.0643782767 0.0158441227 0.0416018724 0.0460604610 0.0563004423 0.0611417711 0.0103648933 0.0314693269 0.0627734534 
Optimizing NNI: done in 18.7567 secs using 399% CPU
UFBoot tree 125: -153433.5937500000 -> -152612.4628774599
Alignment state count time was 0.0003099360 seconds.
Empirical state frequencies: 0.1052095848 0.0415396603 0.0319235290 0.0619610514 0.0179839190 0.0367968936 0.0535134278 0.0712953662 0.0268439571 0.0626621561 0.1035461797 0.0550049936 0.0198191635 0.0470453938 0.0533553356 0.0503996984 0.0588473220 0.0126775192 0.0309131135 0.0586617354 
Optimizing NNI: done in 19.4963 secs using 399.1% CPU
UFBoot tree 126: -153620.5000000000 -> -152735.6138559522
Alignment state count time was 0.0003154760 seconds.
Empirical state frequencies: 0.1107856740 0.0457193909 0.0334213315 0.0587992968 0.0132471309 0.0345812840 0.0450849418 0.0627726145 0.0337097175 0.0557359969 0.0900539271 0.0621381654 0.0155798530 0.0390096107 0.0554732452 0.0641504586 0.0616126621 0.0155414015 0.0396504685 0.0629328290 
Optimizing NNI: done in 14.6451 secs using 399% CPU
UFBoot tree 127: -163133.1093750000 -> -162528.4210642122
Alignment state count time was 0.0003111250 seconds.
Empirical state frequencies: 0.0963650697 0.0437820224 0.0445850359 0.0572396689 0.0154829649 0.0366122586 0.0420254303 0.0947877217 0.0344684993 0.0611256809 0.0844991107 0.0518264973 0.0183365308 0.0380247021 0.0540921427 0.0583223033 0.0603943650 0.0125290222 0.0312205963 0.0642803770 
Optimizing NNI: done in 16.8861 secs using 398% CPU
UFBoot tree 128: -142961.0781250000 -> -142114.0233509245
Alignment state count time was 0.0003141400 seconds.
Empirical state frequencies: 0.1123290164 0.0477899420 0.0372776544 0.0538424712 0.0111562127 0.0348000109 0.0439106601 0.0737768831 0.0335045573 0.0554494000 0.0993674012 0.0548901604 0.0152266270 0.0413763847 0.0565254052 0.0622523012 0.0653033422 0.0112340815 0.0279475568 0.0620399317 
Optimizing NNI: done in 19.7614 secs using 385.7% CPU
UFBoot tree 129: -146062.5312500000 -> -144951.6858386227
Alignment state count time was 0.0003644601 seconds.
Empirical state frequencies: 0.1103864003 0.0421127680 0.0304793268 0.0467607865 0.0165955481 0.0306735524 0.0440483261 0.0736844673 0.0323813978 0.0566997771 0.0978622006 0.0490312163 0.0261527851 0.0470688684 0.0497076570 0.0673553931 0.0705366738 0.0085519311 0.0309749369 0.0689359873 
Optimizing NNI: done in 21.852 secs using 371.9% CPU
UFBoot tree 130: -153372.1875000000 -> -152753.8267318425
Alignment state count time was 0.0005213859 seconds.
Empirical state frequencies: 0.1087263276 0.0451738780 0.0368106241 0.0666133417 0.0144327095 0.0398260878 0.0535026301 0.0907439515 0.0323736833 0.0463883440 0.0871005538 0.0507148788 0.0160542975 0.0465332518 0.0473681971 0.0579395709 0.0619900908 0.0152538540 0.0312558226 0.0511979050 
Optimizing NNI: done in 24.1572 secs using 364% CPU
UFBoot tree 131: -150611.5312500000 -> -149821.3587038362
Alignment state count time was 0.0005392800 seconds.
Empirical state frequencies: 0.1023282531 0.0407626812 0.0276095848 0.0569167267 0.0109447394 0.0326963000 0.0447781356 0.0957729882 0.0309297839 0.0525465501 0.1028603363 0.0571508433 0.0270349349 0.0408265311 0.0441041636 0.0550721717 0.0627483584 0.0151872160 0.0370806655 0.0626490362 
Optimizing NNI: done in 21.7962 secs using 373.5% CPU
UFBoot tree 132: -143866.5000000000 -> -142988.5311338735
Alignment state count time was 0.0005918731 seconds.
Empirical state frequencies: 0.1055781923 0.0484186323 0.0322327864 0.0612198458 0.0123744037 0.0381383380 0.0566555075 0.0921730817 0.0375625292 0.0465086323 0.0768860593 0.0573296251 0.0154781537 0.0442124190 0.0563395148 0.0510940368 0.0709313533 0.0159135214 0.0294660952 0.0514872721 
Optimizing NNI: done in 11.2634 secs using 399.3% CPU
UFBoot tree 133: -151217.9062500000 -> -150650.1434716956
Alignment state count time was 0.0004823210 seconds.
Empirical state frequencies: 0.1076172949 0.0436278607 0.0352606246 0.0595292315 0.0211993213 0.0346593427 0.0532556155 0.0684615277 0.0278279110 0.0521906945 0.0969173748 0.0566677092 0.0168309721 0.0391363573 0.0502781834 0.0661433324 0.0608839269 0.0143099347 0.0276250689 0.0675777157 
Optimizing NNI: done in 16.0077 secs using 398.9% CPU
UFBoot tree 134: -147614.9531250000 -> -146787.9851883784
Alignment state count time was 0.0004974591 seconds.
Empirical state frequencies: 0.1110073712 0.0423452989 0.0371788265 0.0562150236 0.0127750458 0.0325185990 0.0495020769 0.0809932869 0.0420401650 0.0526505044 0.0804662373 0.0541900438 0.0230317072 0.0333369127 0.0521719989 0.0605215732 0.0743635584 0.0120815596 0.0391830017 0.0534272090 
Optimizing NNI: done in 17.9036 secs using 396.4% CPU
UFBoot tree 135: -145518.5468750000 -> -145014.1271927582
Alignment state count time was 0.0003565979 seconds.
Empirical state frequencies: 0.0980996809 0.0391950141 0.0346187687 0.0591572648 0.0136607924 0.0351507316 0.0457422504 0.0825227144 0.0301380038 0.0509322992 0.0990749463 0.0491795494 0.0282965936 0.0354303532 0.0578955578 0.0588640032 0.0681051544 0.0157613640 0.0395087358 0.0586662221 
Optimizing NNI: done in 13.5017 secs using 398.9% CPU
UFBoot tree 136: -145098.6718750000 -> -144337.0511455416
Alignment state count time was 0.0004657171 seconds.
Empirical state frequencies: 0.1034562174 0.0446592367 0.0377480014 0.0667249965 0.0129409136 0.0352640751 0.0527738249 0.0658884410 0.0303670080 0.0549810444 0.0887585810 0.0593697432 0.0194789165 0.0421753104 0.0558497751 0.0622590772 0.0600132474 0.0092793746 0.0368599655 0.0611522499 
Optimizing NNI: done in 20.373 secs using 366.8% CPU
UFBoot tree 137: -161151.2812500000 -> -160432.9752324074
Alignment state count time was 0.0005207281 seconds.
Empirical state frequencies: 0.1025962327 0.0424597039 0.0296229606 0.0563013611 0.0188166941 0.0335806696 0.0444007021 0.0768332674 0.0564114887 0.0518136632 0.0981016518 0.0513043232 0.0176328229 0.0376003254 0.0682914988 0.0573613389 0.0606582826 0.0081893849 0.0251765605 0.0628470678 
Optimizing NNI: done in 21.0067 secs using 376.8% CPU
UFBoot tree 138: -144894.2500000000 -> -144336.7624381401
Alignment state count time was 0.0003582019 seconds.
Empirical state frequencies: 0.1037017208 0.0499672307 0.0352068087 0.0493830827 0.0161935044 0.0370447377 0.0472815748 0.0830926953 0.0271213458 0.0576395157 0.0974114444 0.0591639995 0.0227331122 0.0465478279 0.0416965502 0.0634809955 0.0570909865 0.0099602181 0.0321863362 0.0630963127 
Optimizing NNI: done in 17.9461 secs using 389% CPU
UFBoot tree 139: -145195.9062500000 -> -144211.1467013276
Alignment state count time was 0.0004746490 seconds.
Empirical state frequencies: 0.0975238184 0.0387596432 0.0304978723 0.0477806412 0.0124489742 0.0301251608 0.0424729538 0.0806413692 0.0417344329 0.0667820242 0.1015684281 0.0505621731 0.0267155411 0.0388355659 0.0507968433 0.0607082076 0.0671892460 0.0141537841 0.0342663994 0.0664369210 
Optimizing NNI: done in 15.7191 secs using 398.8% CPU
UFBoot tree 140: -142272.1875000000 -> -141705.2337912260
Alignment state count time was 0.0005045440 seconds.
Empirical state frequencies: 0.1109471131 0.0466115805 0.0401732783 0.0607364966 0.0167335161 0.0366793629 0.0497934180 0.1039389295 0.0410688061 0.0440335459 0.0856077464 0.0602887327 0.0127579153 0.0299357671 0.0458585231 0.0631856295 0.0649359793 0.0080971001 0.0261433425 0.0524732172 
Optimizing NNI: done in 28.5389 secs using 398.6% CPU
UFBoot tree 141: -155027.9843750000 -> -154386.9833994752
Alignment state count time was 0.0005000060 seconds.
Empirical state frequencies: 0.1098654456 0.0475845660 0.0343266468 0.0514329340 0.0181678744 0.0323514427 0.0514985312 0.0757403340 0.0330074145 0.0545232901 0.0978903157 0.0571398888 0.0181605858 0.0402449702 0.0602739763 0.0614401485 0.0561194882 0.0110615130 0.0267465280 0.0624241062 
Optimizing NNI: done in 24.3638 secs using 378.4% CPU
UFBoot tree 142: -143329.0312500000 -> -142453.2111788773
Alignment state count time was 0.0005456250 seconds.
Empirical state frequencies: 0.1069985635 0.0455695458 0.0326374836 0.0541541752 0.0138766923 0.0321345318 0.0454179713 0.0759671261 0.0352142504 0.0586531825 0.0994267274 0.0487732799 0.0190371156 0.0433303768 0.0445223037 0.0667417498 0.0684159593 0.0113757128 0.0290961517 0.0686571006 
Optimizing NNI: done in 19.8819 secs using 398.9% CPU
UFBoot tree 143: -146222.2812500000 -> -145433.7129282629
Alignment state count time was 0.0005429890 seconds.
Empirical state frequencies: 0.1026698230 0.0433354051 0.0418807548 0.0622110580 0.0154812889 0.0303757938 0.0511933004 0.0745303448 0.0363614359 0.0632202651 0.0876500372 0.0503372144 0.0212233293 0.0436068470 0.0484092808 0.0625173002 0.0611531306 0.0095095668 0.0337235774 0.0606102467 
Optimizing NNI: done in 18.3361 secs using 399.3% CPU
UFBoot tree 144: -148779.4062500000 -> -148142.8858749057
Alignment state count time was 0.0003112280 seconds.
Empirical state frequencies: 0.1025867310 0.0383678552 0.0380791203 0.0552201164 0.0113605750 0.0282832593 0.0437411420 0.0672906453 0.0284522749 0.0632061023 0.1049811183 0.0496355602 0.0298043995 0.0460158100 0.0468679301 0.0610934076 0.0668188102 0.0128042497 0.0281705823 0.0772203103 
Optimizing NNI: done in 14.7194 secs using 399.2% CPU
UFBoot tree 145: -145468.2812500000 -> -144715.8069745614
Alignment state count time was 0.0005268380 seconds.
Empirical state frequencies: 0.1074445764 0.0391295373 0.0359187650 0.0535573429 0.0165094392 0.0348852545 0.0482657695 0.0708100769 0.0411414376 0.0665933544 0.0936782176 0.0575880335 0.0182801870 0.0403904201 0.0443384299 0.0582770405 0.0720709596 0.0116588303 0.0287875430 0.0606747847 
Optimizing NNI: done in 14.13 secs using 399.3% CPU
UFBoot tree 146: -148015.1875000000 -> -147384.6616052047
Alignment state count time was 0.0005494651 seconds.
Empirical state frequencies: 0.1051012218 0.0381857775 0.0381454468 0.0606500080 0.0154997278 0.0333864177 0.0490683596 0.0775687597 0.0317799093 0.0622901254 0.0900242412 0.0522679328 0.0240969004 0.0365591037 0.0525771352 0.0724803628 0.0624917792 0.0090266417 0.0295482742 0.0592518752 
Optimizing NNI: done in 21.2788 secs using 385.6% CPU
UFBoot tree 147: -149443.4375000000 -> -148632.3597625280
Alignment state count time was 0.0003929760 seconds.
Empirical state frequencies: 0.1022431198 0.0396488537 0.0360732547 0.0601305092 0.0128389555 0.0339236386 0.0463672907 0.0954466439 0.0340797163 0.0580944042 0.0876143794 0.0497513398 0.0147686439 0.0372438377 0.0563846435 0.0599176759 0.0666077352 0.0136973830 0.0315257170 0.0636422582 
Optimizing NNI: done in 19.3731 secs using 368% CPU
UFBoot tree 148: -143068.6250000000 -> -142161.5524781566
Alignment state count time was 0.0003105330 seconds.
Empirical state frequencies: 0.0936680901 0.0458737886 0.0324980271 0.0619759081 0.0142162051 0.0376462768 0.0522952613 0.0832539561 0.0454032497 0.0588828065 0.0869975086 0.0535754040 0.0145552700 0.0452925346 0.0482334030 0.0557966246 0.0655879865 0.0126661945 0.0341103150 0.0574711897 
Optimizing NNI: done in 22.2198 secs using 357.5% CPU
UFBoot tree 149: -145002.9843750000 -> -144099.8461632084
Alignment state count time was 0.0003223740 seconds.
Empirical state frequencies: 0.1060588638 0.0351588775 0.0316024794 0.0554681248 0.0135013254 0.0332504075 0.0462188845 0.0864139985 0.0253103906 0.0565233198 0.0965295409 0.0548428241 0.0200279020 0.0429165149 0.0457043141 0.0608743709 0.0740317409 0.0125112658 0.0338235998 0.0692312549 
Optimizing NNI: done in 19.8618 secs using 392.6% CPU
UFBoot tree 150: -157930.3281250000 -> -157040.6615468790
Alignment state count time was 0.0003138080 seconds.
Empirical state frequencies: 0.1015074316 0.0545244520 0.0358368707 0.0540169727 0.0185551442 0.0348150544 0.0474677470 0.0707843622 0.0428524288 0.0545724568 0.0931957441 0.0582825418 0.0185139972 0.0342458546 0.0423518073 0.0636659367 0.0706746369 0.0093245077 0.0367215306 0.0580905226 
Optimizing NNI: done in 29.3035 secs using 381.1% CPU
UFBoot tree 151: -151809.3281250000 -> -150875.4488664650
Alignment state count time was 0.0003087079 seconds.
Empirical state frequencies: 0.1000006832 0.0423373618 0.0397052863 0.0529733702 0.0097292450 0.0350469839 0.0476620977 0.0812934254 0.0285845991 0.0628688970 0.1055273686 0.0521723037 0.0199478910 0.0358211238 0.0585135189 0.0618187594 0.0645046881 0.0080396006 0.0293318123 0.0641209840 
Optimizing NNI: done in 16.9548 secs using 398.7% CPU
UFBoot tree 152: -149566.6093750000 -> -148714.4188428366
Alignment state count time was 0.0005296060 seconds.
Empirical state frequencies: 0.1024628685 0.0464985140 0.0334190069 0.0562963275 0.0151198514 0.0333852446 0.0413328852 0.0744199192 0.0403537791 0.0640278895 0.1028072438 0.0541557990 0.0205150637 0.0447901426 0.0562895751 0.0558101507 0.0559992194 0.0090696509 0.0269366492 0.0663102196 
Optimizing NNI: done in 14.7258 secs using 399% CPU
UFBoot tree 153: -157018.2812500000 -> -156325.1577560378
Alignment state count time was 0.0002982110 seconds.
Empirical state frequencies: 0.0958164590 0.0477628185 0.0333529197 0.0504672551 0.0147246503 0.0349563134 0.0449964482 0.0761353174 0.0299672128 0.0637072958 0.1153668518 0.0530615874 0.0161147170 0.0361812236 0.0408881819 0.0636797697 0.0684968324 0.0121991332 0.0329469101 0.0691781027 
Optimizing NNI: done in 13.078 secs using 398.5% CPU
UFBoot tree 154: -148185.3437500000 -> -147325.9269089151
Alignment state count time was 0.0003675991 seconds.
Empirical state frequencies: 0.1142825426 0.0501697440 0.0362809905 0.0576720910 0.0187956818 0.0397901528 0.0474740082 0.0926763211 0.0350305993 0.0494706005 0.0763002303 0.0584586273 0.0223115666 0.0341230573 0.0551511410 0.0634803596 0.0607308435 0.0092160720 0.0262240809 0.0523612898 
Optimizing NNI: done in 17.9931 secs using 355.6% CPU
UFBoot tree 155: -152841.7968750000 -> -152150.9750659490
Alignment state count time was 0.0003360769 seconds.
Empirical state frequencies: 0.1142447711 0.0473050820 0.0335678587 0.0423869821 0.0138151636 0.0322229089 0.0419654307 0.0677804367 0.0355484813 0.0582118886 0.0908921606 0.0609687011 0.0257524292 0.0458664541 0.0628891020 0.0549331553 0.0572884902 0.0146114274 0.0369068136 0.0628422629 
Optimizing NNI: done in 11.2482 secs using 398.6% CPU
UFBoot tree 156: -157761.7812500000 -> -157088.8706410672
Alignment state count time was 0.0003504230 seconds.
Empirical state frequencies: 0.1075547978 0.0395472265 0.0363641715 0.0523251988 0.0141742912 0.0332530130 0.0433315978 0.0813321764 0.0267169658 0.0610181416 0.1051952848 0.0508872684 0.0166906694 0.0451094027 0.0527892582 0.0618743638 0.0637959617 0.0072787614 0.0329981072 0.0677633423 
Optimizing NNI: done in 17.2804 secs using 399.4% CPU
UFBoot tree 157: -157183.9062500000 -> -156259.1693547393
Alignment state count time was 0.0003185570 seconds.
Empirical state frequencies: 0.0988886281 0.0439433845 0.0367126968 0.0535022604 0.0169896160 0.0309321379 0.0468369899 0.0833629382 0.0264886242 0.0692009014 0.0933408880 0.0570211507 0.0227435671 0.0432981437 0.0433846193 0.0510277288 0.0658416583 0.0167501452 0.0310651772 0.0686687441 
Optimizing NNI: done in 18.2296 secs using 357.1% CPU
UFBoot tree 158: -153951.5781250000 -> -153272.1360794146
Alignment state count time was 0.0003208689 seconds.
Empirical state frequencies: 0.1077595850 0.0424266267 0.0313333463 0.0514357950 0.0127016476 0.0357455963 0.0494769934 0.0729430408 0.0354751894 0.0645670205 0.1063086208 0.0540936975 0.0224297027 0.0377967320 0.0492593488 0.0596271471 0.0577474890 0.0101228886 0.0288733025 0.0698762302 
Optimizing NNI: done in 21.0456 secs using 375.2% CPU
UFBoot tree 159: -152815.2500000000 -> -152055.5757581089
Alignment state count time was 0.0005847641 seconds.
Empirical state frequencies: 0.1070571638 0.0470320938 0.0396176495 0.0699920378 0.0155934312 0.0340408522 0.0524953685 0.0655859422 0.0332745748 0.0562274236 0.0839482213 0.0548012961 0.0222203124 0.0396105544 0.0482098906 0.0616694128 0.0636276775 0.0143659682 0.0279886791 0.0626414500 
Optimizing NNI: done in 18.4631 secs using 399.3% CPU
UFBoot tree 160: -146799.4531250000 -> -146011.8024355225
Alignment state count time was 0.0003137620 seconds.
Empirical state frequencies: 0.1055734794 0.0342619775 0.0304378915 0.0590883991 0.0163269472 0.0315094392 0.0467053256 0.0771774644 0.0355478347 0.0620619441 0.0992580449 0.0435040767 0.0246448365 0.0381128521 0.0491163080 0.0649484258 0.0706276288 0.0114647993 0.0327149304 0.0669173948 
Optimizing NNI: done in 19.4795 secs using 397.5% CPU
UFBoot tree 161: -151355.3750000000 -> -150681.3293449758
Alignment state count time was 0.0003086950 seconds.
Empirical state frequencies: 0.1061858324 0.0379300883 0.0364757557 0.0624020310 0.0097384103 0.0375804891 0.0497185727 0.0693450707 0.0260716840 0.0648841851 0.1138770144 0.0475370738 0.0174575602 0.0407688336 0.0511029854 0.0675691069 0.0625488626 0.0096545065 0.0224218686 0.0667300688 
Optimizing NNI: done in 20.4999 secs using 356.4% CPU
UFBoot tree 162: -145826.3750000000 -> -144818.1628070619
Alignment state count time was 0.0004804621 seconds.
Empirical state frequencies: 0.1067415252 0.0448173995 0.0329983995 0.0623084181 0.0185017111 0.0301899242 0.0456916062 0.0692057029 0.0367361496 0.0522860162 0.0976759323 0.0512810227 0.0142408136 0.0437435707 0.0473918351 0.0683727972 0.0743752247 0.0084173576 0.0352630768 0.0597615165 
Optimizing NNI: done in 12.6984 secs using 365.1% CPU
UFBoot tree 163: -148110.8437500000 -> -147586.8152280311
Alignment state count time was 0.0009709960 seconds.
Empirical state frequencies: 0.0857292065 0.0359738885 0.0401861595 0.0706824556 0.0163530344 0.0272967467 0.0402612567 0.0928566149 0.0329973080 0.0636028363 0.1087089541 0.0455385428 0.0172542010 0.0454156564 0.0501126458 0.0559292664 0.0643060193 0.0104544896 0.0349771436 0.0613635739 
Optimizing NNI: done in 17.0108 secs using 399.2% CPU
UFBoot tree 164: -144696.7656250000 -> -144132.3587944166
Alignment state count time was 0.0005506150 seconds.
Empirical state frequencies: 0.1046906581 0.0421478984 0.0366039225 0.0536623099 0.0115197037 0.0339472884 0.0433783395 0.0803195358 0.0343108278 0.0564028377 0.0940361571 0.0466641764 0.0189932349 0.0393304681 0.0601710635 0.0629465470 0.0654703494 0.0133094361 0.0301161424 0.0719791030 
Optimizing NNI: done in 20.2082 secs using 398.2% CPU
UFBoot tree 165: -145769.2500000000 -> -144783.6700875334
Alignment state count time was 0.0005897060 seconds.
Empirical state frequencies: 0.1089888680 0.0485765393 0.0300816855 0.0414539936 0.0183529006 0.0323952896 0.0419432754 0.0655616092 0.0402867069 0.0514003945 0.1005732203 0.0615145493 0.0258039642 0.0428309725 0.0513724356 0.0614097032 0.0639959073 0.0185136646 0.0401469120 0.0547974085 
Optimizing NNI: done in 21.5805 secs using 378.3% CPU
UFBoot tree 166: -147798.4687500000 -> -147085.9208113799
Alignment state count time was 0.0005970449 seconds.
Empirical state frequencies: 0.1175920194 0.0461348851 0.0332223856 0.0510235680 0.0180249583 0.0355670936 0.0464603544 0.0708572734 0.0365435017 0.0523918678 0.0981634901 0.0520066184 0.0187556038 0.0404690610 0.0544443176 0.0644608038 0.0577986449 0.0143252349 0.0333751570 0.0583831613 
Optimizing NNI: done in 22.6588 secs using 394.6% CPU
UFBoot tree 167: -158189.6250000000 -> -157376.2377570738
Alignment state count time was 0.0003533320 seconds.
Empirical state frequencies: 0.1024294500 0.0469969173 0.0291407496 0.0667515064 0.0169454549 0.0374979313 0.0519905913 0.0738568304 0.0372365545 0.0612969837 0.0930680308 0.0577752742 0.0174544520 0.0372090411 0.0559937845 0.0558493393 0.0561313512 0.0110300835 0.0275587317 0.0637869424 
Optimizing NNI: done in 19.3935 secs using 395% CPU
UFBoot tree 168: -153924.1562500000 -> -153253.1746486510
Alignment state count time was 0.0008932799 seconds.
Empirical state frequencies: 0.1094914836 0.0541891647 0.0368192858 0.0618051885 0.0174662872 0.0370935471 0.0532257342 0.0845688719 0.0286617719 0.0511863557 0.0760878703 0.0631483654 0.0169107323 0.0439922723 0.0559261526 0.0546532991 0.0697868940 0.0076632057 0.0263621968 0.0509613208 
Optimizing NNI: done in 15.7486 secs using 398.5% CPU
UFBoot tree 169: -148547.5312500000 -> -147663.6858778815
Alignment state count time was 0.0004783319 seconds.
Empirical state frequencies: 0.1074128946 0.0467841417 0.0326805250 0.0559577007 0.0124344217 0.0346525481 0.0462290537 0.0754515137 0.0400281368 0.0530507927 0.0925204687 0.0676948897 0.0234485356 0.0384578222 0.0495887967 0.0560161310 0.0710035062 0.0065256564 0.0310444763 0.0590179883 
Optimizing NNI: done in 11.9571 secs using 398.9% CPU
UFBoot tree 170: -142765.2656250000 -> -142154.5604627756
Alignment state count time was 0.0003118730 seconds.
Empirical state frequencies: 0.1065853348 0.0453264988 0.0336749233 0.0646667595 0.0136166005 0.0342371795 0.0491403576 0.0906931277 0.0408487713 0.0579942002 0.0889657138 0.0560974321 0.0194965816 0.0403678051 0.0551693705 0.0566596883 0.0496077755 0.0161501407 0.0253765628 0.0553251765 
Optimizing NNI: done in 24.6218 secs using 399.1% CPU
UFBoot tree 171: -154541.2656250000 -> -153875.7367889917
Alignment state count time was 0.0009708090 seconds.
Empirical state frequencies: 0.1193064908 0.0477994820 0.0334795015 0.0601901239 0.0136216043 0.0334723558 0.0503790793 0.0785331329 0.0287561945 0.0538876175 0.1056367688 0.0557669363 0.0206386806 0.0392246434 0.0542377567 0.0582464938 0.0558098105 0.0100273177 0.0246902918 0.0562957180 
Optimizing NNI: done in 16.8021 secs using 375.3% CPU
UFBoot tree 172: -144065.4531250000 -> -143273.8759294108
Alignment state count time was 0.0003564770 seconds.
Empirical state frequencies: 0.1074537872 0.0437806904 0.0312649496 0.0466452086 0.0145626054 0.0351944809 0.0494876919 0.0986031606 0.0368764672 0.0559218404 0.0844274683 0.0548715171 0.0193368023 0.0438247599 0.0522420363 0.0602406523 0.0624955423 0.0116026033 0.0299502093 0.0612175265 
Optimizing NNI: done in 13.3116 secs using 398.8% CPU
UFBoot tree 173: -141236.7968750000 -> -140626.7238738496
Alignment state count time was 0.0003164300 seconds.
Empirical state frequencies: 0.1245149360 0.0456660656 0.0293921897 0.0526486527 0.0107107686 0.0348780039 0.0456801861 0.0804236756 0.0323504344 0.0538771362 0.0834595831 0.0618975800 0.0197690692 0.0407309510 0.0512436630 0.0550208967 0.0669738997 0.0174533072 0.0315808672 0.0617281340 
Optimizing NNI: done in 17.133 secs using 398.8% CPU
UFBoot tree 174: -150394.4218750000 -> -149574.9264344315
Alignment state count time was 0.0004200640 seconds.
Empirical state frequencies: 0.1101141540 0.0446816961 0.0350912549 0.0533730334 0.0165446241 0.0332094096 0.0465008132 0.0696614499 0.0367849157 0.0605101060 0.0978264012 0.0514423996 0.0250895956 0.0378094759 0.0475462828 0.0607540489 0.0630262028 0.0101115011 0.0351051945 0.0648174408 
Optimizing NNI: done in 16.305 secs using 399% CPU
UFBoot tree 175: -152157.4218750000 -> -151481.6978993390
Alignment state count time was 0.0003193590 seconds.
Empirical state frequencies: 0.0963520389 0.0451008640 0.0349998486 0.0628493812 0.0152713029 0.0326395971 0.0449789058 0.0732947494 0.0300354291 0.0537670761 0.1026149554 0.0460837043 0.0160676187 0.0481067770 0.0604317376 0.0575119128 0.0627919891 0.0145754232 0.0386657711 0.0638609175 
Optimizing NNI: done in 18.9997 secs using 398.7% CPU
UFBoot tree 176: -143126.5625000000 -> -142318.6921833588
Alignment state count time was 0.0003083829 seconds.
Empirical state frequencies: 0.1061093776 0.0484857827 0.0321005958 0.0646096542 0.0110117302 0.0350598171 0.0577165755 0.0686423877 0.0502443653 0.0568125652 0.0917582139 0.0551034207 0.0153128418 0.0388665480 0.0469461402 0.0601107903 0.0508376221 0.0120923050 0.0360697661 0.0621095006 
Optimizing NNI: done in 25.1467 secs using 386.8% CPU
UFBoot tree 177: -143788.3125000000 -> -143147.5242638326
Alignment state count time was 0.0006117150 seconds.
Empirical state frequencies: 0.1090294968 0.0498001247 0.0310111380 0.0527964921 0.0170938924 0.0301369037 0.0460564279 0.0756182369 0.0300593507 0.0515274424 0.1075771399 0.0541642458 0.0156203846 0.0420377703 0.0565613397 0.0578021884 0.0682929997 0.0132444415 0.0329852154 0.0585847691 
Optimizing NNI: done in 24.8552 secs using 382.5% CPU
UFBoot tree 178: -146718.8750000000 -> -146052.6924522724
Alignment state count time was 0.0003144480 seconds.
Empirical state frequencies: 0.1167103463 0.0492670454 0.0357482638 0.0602470213 0.0159972162 0.0337401689 0.0490016900 0.0852764897 0.0385882837 0.0523580771 0.0938610953 0.0595083293 0.0135659871 0.0423104310 0.0435870056 0.0608566215 0.0632161330 0.0063225020 0.0226239294 0.0572133637 
Optimizing NNI: done in 14.8643 secs using 377.7% CPU
UFBoot tree 179: -147305.8750000000 -> -146346.2284627573
Alignment state count time was 0.0009459361 seconds.
Empirical state frequencies: 0.0993824905 0.0423935741 0.0319813445 0.0521116552 0.0138303884 0.0316445793 0.0433488876 0.0651836425 0.0433557604 0.0603589658 0.0963653494 0.0576785898 0.0225931559 0.0453351149 0.0511907055 0.0610187506 0.0769360601 0.0117960518 0.0357819801 0.0577129536 
Optimizing NNI: done in 17.0326 secs using 399.3% CPU
UFBoot tree 180: -148682.0156250000 -> -148090.4660012471
Alignment state count time was 0.0003255550 seconds.
Empirical state frequencies: 0.1043037617 0.0514382005 0.0351853656 0.0559106533 0.0120192294 0.0365592563 0.0526659326 0.0730477477 0.0303621322 0.0603465664 0.1047860850 0.0556183361 0.0184502073 0.0432387037 0.0514162767 0.0593380722 0.0588484409 0.0114857506 0.0223745653 0.0626047166 
Optimizing NNI: done in 16.0579 secs using 399.2% CPU
UFBoot tree 181: -140549.3125000000 -> -139482.9503536750
Alignment state count time was 0.0003108300 seconds.
Empirical state frequencies: 0.1226365481 0.0513560232 0.0342807045 0.0556212806 0.0155764433 0.0384959506 0.0515775022 0.0665023310 0.0331090090 0.0549354101 0.0849422463 0.0592792569 0.0168267282 0.0319087356 0.0600651502 0.0552640564 0.0605938421 0.0130187178 0.0287580178 0.0652520462 
Optimizing NNI: done in 14.2836 secs using 399.2% CPU
UFBoot tree 182: -145321.0156250000 -> -144456.2556159435
Alignment state count time was 0.0009469760 seconds.
Empirical state frequencies: 0.1045942062 0.0397595716 0.0329727528 0.0586335196 0.0165135401 0.0315602335 0.0468221680 0.0852494184 0.0386968190 0.0585864356 0.0926954129 0.0424702633 0.0253115173 0.0342036625 0.0549811483 0.0569250439 0.0642432390 0.0156323972 0.0402640428 0.0598846081 
Optimizing NNI: done in 14.9502 secs using 389.3% CPU
UFBoot tree 183: -146444.7187500000 -> -145959.9557297427
Alignment state count time was 0.0003483820 seconds.
Empirical state frequencies: 0.1054652073 0.0441248610 0.0375075545 0.0564411271 0.0115202980 0.0349218551 0.0452190612 0.0659046569 0.0345766610 0.0714473023 0.1003915048 0.0480457453 0.0171671530 0.0339123251 0.0613975939 0.0574832226 0.0601535924 0.0125428542 0.0324338521 0.0693435721 
Optimizing NNI: done in 26.3326 secs using 366.6% CPU
UFBoot tree 184: -154126.9687500000 -> -153128.4700597257
Alignment state count time was 0.0003014790 seconds.
Empirical state frequencies: 0.0978098000 0.0485388865 0.0378652580 0.0585180694 0.0189832829 0.0339138627 0.0455944373 0.0756222639 0.0407124849 0.0525944487 0.0962334085 0.0494555547 0.0132471624 0.0422194318 0.0536361170 0.0633722440 0.0712264234 0.0151429989 0.0329624723 0.0523513927 
Optimizing NNI: done in 11.2267 secs using 399% CPU
UFBoot tree 185: -146214.4062500000 -> -145405.3067412790
Alignment state count time was 0.0003200651 seconds.
Empirical state frequencies: 0.1060786091 0.0454653942 0.0336680457 0.0646866868 0.0122492078 0.0360679965 0.0510098588 0.0720961734 0.0301837798 0.0583832016 0.0916572181 0.0554049494 0.0190514780 0.0419305269 0.0499689163 0.0609783291 0.0650987265 0.0093143283 0.0358222184 0.0608843551 
Optimizing NNI: done in 23.4469 secs using 398.5% CPU
UFBoot tree 186: -148459.0000000000 -> -147659.2767249702
Alignment state count time was 0.0003403260 seconds.
Empirical state frequencies: 0.1033222057 0.0406239981 0.0331612287 0.0552827652 0.0173054088 0.0340162665 0.0467050266 0.0744424509 0.0368755127 0.0519720590 0.0842309230 0.0503098657 0.0143914402 0.0377168698 0.0673627384 0.0587713192 0.0748665496 0.0125992811 0.0379220789 0.0681220119 
Optimizing NNI: done in 23.4795 secs using 399.1% CPU
UFBoot tree 187: -147609.4687500000 -> -146866.3296184975
Alignment state count time was 0.0003448189 seconds.
Empirical state frequencies: 0.1146519684 0.0409063218 0.0400351270 0.0562287107 0.0168852852 0.0332251764 0.0473571539 0.0756876124 0.0265415823 0.0552444600 0.1004534874 0.0486140686 0.0192927091 0.0409661749 0.0410526294 0.0679266629 0.0646746455 0.0160406917 0.0345951469 0.0596203853 
Optimizing NNI: done in 17.0427 secs using 399% CPU
UFBoot tree 188: -154843.1562500000 -> -153982.7541508235
Alignment state count time was 0.0003459230 seconds.
Empirical state frequencies: 0.1018409988 0.0508722271 0.0342807190 0.0568221381 0.0162817051 0.0334276852 0.0489315751 0.0776930326 0.0315225763 0.0578884304 0.0991823767 0.0586774867 0.0195729939 0.0455336570 0.0508509013 0.0571064827 0.0529408341 0.0117179740 0.0296743363 0.0651818697 
Optimizing NNI: done in 19.6781 secs using 359.3% CPU
UFBoot tree 189: -147821.0312500000 -> -146984.1019627291
Alignment state count time was 0.0003639840 seconds.
Empirical state frequencies: 0.1045827494 0.0492859541 0.0317067055 0.0639862720 0.0174684383 0.0348699751 0.0463999149 0.0620456594 0.0249892005 0.0626427710 0.0944602868 0.0561882794 0.0189114579 0.0421561578 0.0528757319 0.0608087855 0.0697867842 0.0104381605 0.0285363275 0.0678603886 
Optimizing NNI: done in 23.4303 secs using 371.5% CPU
UFBoot tree 190: -146556.7812500000 -> -145578.0811790565
Alignment state count time was 0.0006089880 seconds.
Empirical state frequencies: 0.1078292288 0.0458035573 0.0307438264 0.0474385350 0.0165533241 0.0322822231 0.0468383533 0.0822145788 0.0350347804 0.0549994443 0.0959428722 0.0510810169 0.0200992250 0.0383599249 0.0542750872 0.0580969337 0.0691830480 0.0159945343 0.0308266101 0.0664028961 
Optimizing NNI: done in 15.1099 secs using 398.8% CPU
UFBoot tree 191: -144410.0937500000 -> -143658.2919924760
Alignment state count time was 0.0003052549 seconds.
Empirical state frequencies: 0.1086261654 0.0412059577 0.0372033236 0.0546308999 0.0142083249 0.0293458036 0.0461017970 0.0732001672 0.0474315312 0.0535765148 0.0911918732 0.0560680873 0.0159880196 0.0380830972 0.0498290822 0.0694325871 0.0779213950 0.0057598120 0.0334424593 0.0567531019 
Optimizing NNI: done in 13.3517 secs using 399.3% CPU
UFBoot tree 192: -153249.8437500000 -> -152806.1471478286
Alignment state count time was 0.0004073340 seconds.
Empirical state frequencies: 0.1132871313 0.0407243822 0.0343156705 0.0546067736 0.0184230736 0.0353428288 0.0452237138 0.0718920207 0.0366409553 0.0587847243 0.0905195054 0.0553125511 0.0145097894 0.0380020976 0.0501578547 0.0612423424 0.0744819721 0.0047360314 0.0292176884 0.0725788935 
Optimizing NNI: done in 16.9985 secs using 396.6% CPU
UFBoot tree 193: -160310.9375000000 -> -159519.6885909734
Alignment state count time was 0.0003191259 seconds.
Empirical state frequencies: 0.1087787409 0.0377042748 0.0339466009 0.0456524435 0.0116825474 0.0311988429 0.0380059379 0.0674180970 0.0499872121 0.0697854971 0.1075589724 0.0468787699 0.0186863792 0.0509184332 0.0534563386 0.0564336229 0.0543350965 0.0132039790 0.0331137482 0.0712544656 
Optimizing NNI: done in 14.8406 secs using 398.7% CPU
UFBoot tree 194: -149496.4687500000 -> -149037.8713676511
Alignment state count time was 0.0005626989 seconds.
Empirical state frequencies: 0.1067218650 0.0414981695 0.0346054339 0.0727389181 0.0162767156 0.0320460488 0.0482216336 0.0761785150 0.0382752401 0.0614383525 0.0913113874 0.0584456324 0.0159517143 0.0411731682 0.0426153614 0.0607612665 0.0592513647 0.0096818978 0.0300892702 0.0627180451 
Optimizing NNI: done in 20.6602 secs using 395.4% CPU
UFBoot tree 195: -153291.8437500000 -> -152527.2361571736
Alignment state count time was 0.0009082980 seconds.
Empirical state frequencies: 0.1021550340 0.0449339924 0.0292776300 0.0485607284 0.0128288115 0.0333612776 0.0446555618 0.0730340572 0.0320262390 0.0677438773 0.1119286592 0.0515377932 0.0198538278 0.0443914098 0.0521946036 0.0546790606 0.0657163320 0.0087380247 0.0308768207 0.0715062590 
Optimizing NNI: done in 16.1956 secs using 399.2% CPU
UFBoot tree 196: -140709.7968750000 -> -139592.6836843928
Alignment state count time was 0.0003642780 seconds.
Empirical state frequencies: 0.1045412130 0.0405497967 0.0304539621 0.0667724723 0.0173251936 0.0329360872 0.0507362708 0.1001417160 0.0294220673 0.0585800650 0.0924373670 0.0549963226 0.0216479958 0.0365337741 0.0557841882 0.0573390025 0.0565720537 0.0072711925 0.0268702196 0.0590890401 
Optimizing NNI: done in 13.0607 secs using 399.2% CPU
UFBoot tree 197: -149877.6250000000 -> -149073.4753263622
Alignment state count time was 0.0003340630 seconds.
Empirical state frequencies: 0.0948617066 0.0415782775 0.0376362839 0.0542514715 0.0134381852 0.0306905334 0.0450791598 0.0742275061 0.0504495133 0.0608121250 0.1002250583 0.0523119827 0.0211331246 0.0441899357 0.0452472021 0.0639979279 0.0677368703 0.0108965447 0.0343314510 0.0569051403 
Optimizing NNI: done in 19.2117 secs using 399% CPU
UFBoot tree 198: -144105.9843750000 -> -143315.5653188212
Alignment state count time was 0.0003472881 seconds.
Empirical state frequencies: 0.1127581006 0.0460644523 0.0354971581 0.0468304957 0.0168111723 0.0342454980 0.0528357283 0.0828003343 0.0374738235 0.0472271967 0.0959803835 0.0588341212 0.0145814390 0.0344712072 0.0568779748 0.0605030014 0.0710155783 0.0087198395 0.0306409905 0.0558315049 
Optimizing NNI: done in 12.757 secs using 395.4% CPU
UFBoot tree 199: -152961.4687500000 -> -152315.9189770836
Alignment state count time was 0.0005534440 seconds.
Empirical state frequencies: 0.1002097978 0.0409903345 0.0332451190 0.0613031321 0.0138753917 0.0317535965 0.0500799269 0.0797766082 0.0220887982 0.0646540414 0.0995008229 0.0532168061 0.0201491501 0.0411040381 0.0498391430 0.0592899112 0.0640855239 0.0130594018 0.0303891544 0.0713893023 
Optimizing NNI: done in 14.745 secs using 398.7% CPU
UFBoot tree 200: -153324.5625000000 -> -152534.2835517912
200 samples done
Alignment state count time was 0.0005160070 seconds.
Empirical state frequencies: 0.1115058587 0.0468298675 0.0316471873 0.0514013711 0.0154834081 0.0344443630 0.0445197622 0.0843342884 0.0328718214 0.0569818063 0.1044781286 0.0598207309 0.0162348881 0.0409780645 0.0518327763 0.0583873523 0.0583038545 0.0106822856 0.0254892258 0.0637729593 
Optimizing NNI: done in 19.2012 secs using 399.1% CPU
UFBoot tree 201: -150240.0000000000 -> -149414.9284229713
Alignment state count time was 0.0004883651 seconds.
Empirical state frequencies: 0.1028277612 0.0374087448 0.0430460837 0.0643083426 0.0149960086 0.0317714060 0.0466988492 0.0989017573 0.0329075023 0.0538533800 0.0961406118 0.0501143287 0.0186631551 0.0471230877 0.0447646092 0.0532781413 0.0618923402 0.0153699138 0.0319008347 0.0540331420 
Optimizing NNI: done in 22.7728 secs using 399.3% CPU
UFBoot tree 202: -143732.5000000000 -> -142853.7854835594
Alignment state count time was 0.0003379210 seconds.
Empirical state frequencies: 0.1131454738 0.0398856117 0.0311077689 0.0479751354 0.0147938961 0.0320018742 0.0472229517 0.0858043029 0.0242316738 0.0573916249 0.0930068174 0.0502671672 0.0216912795 0.0475635632 0.0562065806 0.0606487226 0.0699729631 0.0149216254 0.0303413930 0.0618195747 
Optimizing NNI: done in 11.9464 secs using 399.1% CPU
UFBoot tree 203: -145128.4843750000 -> -144243.0147770553
Alignment state count time was 0.0004959290 seconds.
Empirical state frequencies: 0.1216031758 0.0405964626 0.0364839859 0.0532201600 0.0155445674 0.0314428855 0.0438152261 0.0856242417 0.0383970905 0.0571860118 0.0927460179 0.0472644001 0.0204739537 0.0369448067 0.0445972251 0.0712969037 0.0622690050 0.0121372863 0.0268975166 0.0614590776 
Optimizing NNI: done in 21.5839 secs using 397.4% CPU
UFBoot tree 204: -148689.0937500000 -> -147919.6607507298
Alignment state count time was 0.0002758080 seconds.
Empirical state frequencies: 0.0986103251 0.0436559283 0.0336863253 0.0554179755 0.0187214997 0.0321717793 0.0477966135 0.0817696857 0.0505755969 0.0519372988 0.0890784120 0.0528335210 0.0170124249 0.0391331328 0.0470254456 0.0640953512 0.0669924414 0.0101413884 0.0398139837 0.0595308710 
Optimizing NNI: done in 20.4682 secs using 373.4% CPU
UFBoot tree 205: -146804.9687500000 -> -146297.1197769812
Alignment state count time was 0.0005453160 seconds.
Empirical state frequencies: 0.0993249009 0.0496970751 0.0400566960 0.0494719283 0.0144104220 0.0358334867 0.0510752468 0.0737332080 0.0434066083 0.0549300339 0.0920724430 0.0552779882 0.0218812041 0.0405752160 0.0461151933 0.0637926330 0.0706084425 0.0090341879 0.0328929323 0.0558101535 
Optimizing NNI: done in 27.0373 secs using 383.9% CPU
UFBoot tree 206: -151215.5156250000 -> -150618.9206700365
Alignment state count time was 0.0152775330 seconds.
Empirical state frequencies: 0.1047260837 0.0428968464 0.0367504835 0.0548791498 0.0135377887 0.0308041706 0.0433521325 0.0800578529 0.0491259886 0.0628190641 0.0889773223 0.0546239136 0.0170972985 0.0449387358 0.0471323872 0.0532856483 0.0595906715 0.0121581338 0.0328667548 0.0703795733 
Optimizing NNI: done in 12.7818 secs using 399% CPU
UFBoot tree 207: -145516.3125000000 -> -144959.7176068815
Alignment state count time was 0.0005365059 seconds.
Empirical state frequencies: 0.1092297592 0.0412809944 0.0352000038 0.0635102377 0.0135592435 0.0300437721 0.0509489288 0.0799667434 0.0325168017 0.0570229136 0.0938591447 0.0544447978 0.0187364924 0.0440622770 0.0507737850 0.0585781900 0.0714407462 0.0092717247 0.0271153688 0.0584380750 
Optimizing NNI: done in 14.6931 secs using 389.6% CPU
UFBoot tree 208: -150170.7968750000 -> -149514.3305689243
Alignment state count time was 0.0007026551 seconds.
Empirical state frequencies: 0.1128577899 0.0428753063 0.0334418660 0.0590616842 0.0181030507 0.0352748062 0.0542588297 0.0808502440 0.0393334595 0.0599230283 0.0953139337 0.0566912653 0.0176069165 0.0301136325 0.0477815222 0.0642779840 0.0626104218 0.0090279295 0.0171934713 0.0634028584 
Optimizing NNI: done in 14.3412 secs using 399.1% CPU
UFBoot tree 209: -147873.4375000000 -> -147138.7689816093
Alignment state count time was 0.0005664739 seconds.
Empirical state frequencies: 0.1150282412 0.0454967812 0.0363650189 0.0537275610 0.0150259601 0.0357688801 0.0484774751 0.0655148506 0.0300920130 0.0581579560 0.0904578393 0.0589844212 0.0185824699 0.0361821127 0.0564847029 0.0615857541 0.0723636723 0.0082245585 0.0345020852 0.0589776469 
Optimizing NNI: done in 20.2329 secs using 397.5% CPU
UFBoot tree 210: -157754.9375000000 -> -156979.4525859362
Alignment state count time was 0.0005552759 seconds.
Empirical state frequencies: 0.1055684185 0.0430428723 0.0377054121 0.0617842331 0.0144346528 0.0316024198 0.0440564935 0.0848848742 0.0365783787 0.0531082022 0.0931214330 0.0564963908 0.0219552972 0.0391159759 0.0598987558 0.0561136247 0.0649668621 0.0118687024 0.0273990813 0.0562979195 
Optimizing NNI: done in 15.7366 secs using 398.8% CPU
UFBoot tree 211: -144768.0937500000 -> -144083.0546601337
Alignment state count time was 0.0003100539 seconds.
Empirical state frequencies: 0.1113464650 0.0407176512 0.0341991285 0.0595428141 0.0084902403 0.0375341866 0.0524385890 0.0807176770 0.0372723432 0.0575652073 0.0928313799 0.0513429811 0.0167520888 0.0399459022 0.0647521198 0.0541405711 0.0645867450 0.0090621614 0.0236358142 0.0631259344 
Optimizing NNI: done in 16.4489 secs using 399% CPU
UFBoot tree 212: -152222.7656250000 -> -151277.4416240233
Alignment state count time was 0.0005623499 seconds.
Empirical state frequencies: 0.1047261613 0.0430265645 0.0384683188 0.0619807024 0.0114998326 0.0341549938 0.0466595543 0.0746281332 0.0330868676 0.0619330789 0.0992494631 0.0552453842 0.0221198646 0.0403188305 0.0538234837 0.0593205919 0.0580687751 0.0103432628 0.0261270388 0.0652190978 
Optimizing NNI: done in 17.8701 secs using 346.9% CPU
UFBoot tree 213: -155024.2031250000 -> -154188.9904752991
Alignment state count time was 0.0005708401 seconds.
Empirical state frequencies: 0.0919669824 0.0475419284 0.0313757731 0.0627072611 0.0104541161 0.0337407745 0.0465538550 0.0700572521 0.0261740448 0.0638037038 0.1025616788 0.0617638104 0.0194168979 0.0373105880 0.0529922687 0.0606163703 0.0646770332 0.0132270963 0.0336196558 0.0694389094 
Optimizing NNI: done in 21.4131 secs using 384.7% CPU
UFBoot tree 214: -163458.4062500000 -> -162628.0995654712
Alignment state count time was 0.0010645470 seconds.
Empirical state frequencies: 0.1125159248 0.0466162418 0.0351223439 0.0596520041 0.0103123448 0.0323656774 0.0474639335 0.0828467168 0.0549129405 0.0536647646 0.0841082422 0.0557539574 0.0156788337 0.0346017144 0.0513553054 0.0631896150 0.0683558618 0.0127619734 0.0250568398 0.0536647646 
Optimizing NNI: done in 19.5032 secs using 399% CPU
UFBoot tree 215: -158415.2187500000 -> -157896.7132020181
Alignment state count time was 0.0003997120 seconds.
Empirical state frequencies: 0.1075693568 0.0493823148 0.0342551904 0.0597295692 0.0157451781 0.0327280973 0.0423974045 0.0638246440 0.0351043364 0.0557303656 0.1084116548 0.0633863752 0.0201894985 0.0438012345 0.0498411275 0.0540800094 0.0604349082 0.0105544310 0.0341524711 0.0586818326 
Optimizing NNI: done in 23.6808 secs using 399% CPU
UFBoot tree 216: -150057.2500000000 -> -149185.8716080128
Alignment state count time was 0.0005451069 seconds.
Empirical state frequencies: 0.1044718543 0.0472045619 0.0306444215 0.0657014793 0.0113602530 0.0388513401 0.0586301531 0.0720273554 0.0421187805 0.0535792058 0.0925655523 0.0564495372 0.0206261288 0.0373256056 0.0620090627 0.0582191105 0.0618348921 0.0087128599 0.0180344703 0.0596333757 
Optimizing NNI: done in 14.8794 secs using 399.3% CPU
UFBoot tree 217: -149964.3750000000 -> -149278.9561364735
Alignment state count time was 0.0003106600 seconds.
Empirical state frequencies: 0.0902421540 0.0439283327 0.0397693697 0.0624203662 0.0133850758 0.0366501474 0.0482966395 0.0643533071 0.0316398530 0.0605990754 0.0973807768 0.0564261561 0.0182488295 0.0417162668 0.0484222457 0.0620644818 0.0742343333 0.0137409602 0.0284368933 0.0680447357 
Optimizing NNI: done in 24.2635 secs using 399.2% CPU
UFBoot tree 218: -146714.5000000000 -> -145907.4987917164
Alignment state count time was 0.0003603890 seconds.
Empirical state frequencies: 0.1068822642 0.0470139106 0.0345698357 0.0598488257 0.0150487603 0.0377105164 0.0496730202 0.0722649835 0.0245964296 0.0526741151 0.0853302152 0.0569105445 0.0177986007 0.0398461793 0.0572874261 0.0639456692 0.0803749190 0.0098980439 0.0287840039 0.0595417370 
Optimizing NNI: done in 15.0082 secs using 399.3% CPU
UFBoot tree 219: -144206.9062500000 -> -143385.0100389625
Alignment state count time was 0.0005281270 seconds.
Empirical state frequencies: 0.1163924073 0.0457652574 0.0415456340 0.0596130444 0.0141799328 0.0346939001 0.0518129262 0.0767526875 0.0322061091 0.0530155876 0.0879752364 0.0564586353 0.0283575926 0.0320343004 0.0477719838 0.0626506235 0.0618740478 0.0078504976 0.0247289914 0.0643206047 
Optimizing NNI: done in 9.9712 secs using 398.9% CPU
UFBoot tree 220: -150812.1250000000 -> -149988.3184735885
Alignment state count time was 0.0003209240 seconds.
Empirical state frequencies: 0.1120094670 0.0437237544 0.0373705098 0.0584502153 0.0129508510 0.0312039293 0.0443237460 0.0760966354 0.0447970727 0.0616168377 0.0958363596 0.0555102563 0.0198840874 0.0389571543 0.0441904145 0.0601701912 0.0633501468 0.0091509041 0.0257306724 0.0646767949 
Optimizing NNI: done in 15.7197 secs using 385.7% CPU
UFBoot tree 221: -154657.0937500000 -> -153886.3709489806
Alignment state count time was 0.0007275390 seconds.
Empirical state frequencies: 0.1000180743 0.0468204100 0.0366378242 0.0592877311 0.0092492070 0.0325619692 0.0496481226 0.0665861912 0.0331613597 0.0580043304 0.1018515039 0.0507834386 0.0218646128 0.0439856458 0.0579408656 0.0579902271 0.0641886294 0.0190086937 0.0360243305 0.0543868328 
Optimizing NNI: done in 11.916 secs using 399.2% CPU
UFBoot tree 222: -147675.0000000000 -> -146893.0043269029
Alignment state count time was 0.0003094900 seconds.
Empirical state frequencies: 0.1097688358 0.0453350219 0.0370544809 0.0565738751 0.0141121898 0.0333924595 0.0413792189 0.0912879254 0.0297714308 0.0503019801 0.0904885662 0.0592862305 0.0226113590 0.0314999596 0.0560068083 0.0607073135 0.0657972500 0.0102657009 0.0293751673 0.0649842266 
Optimizing NNI: done in 16.0119 secs using 397.2% CPU
UFBoot tree 223: -150218.2500000000 -> -149397.3227514805
Alignment state count time was 0.0003225560 seconds.
Empirical state frequencies: 0.0928558723 0.0443988886 0.0380094628 0.0604283851 0.0160906398 0.0324557292 0.0443594071 0.0690353561 0.0362327945 0.0572501228 0.0975278520 0.0538810333 0.0218812625 0.0507225118 0.0452872227 0.0556906029 0.0617312752 0.0159458743 0.0408060704 0.0654096367 
Optimizing NNI: done in 15.0507 secs using 399.2% CPU
UFBoot tree 224: -155468.2031250000 -> -154646.3277221532
Alignment state count time was 0.0003635550 seconds.
Empirical state frequencies: 0.1070986955 0.0538051907 0.0364262492 0.0645026872 0.0138673917 0.0334806659 0.0480433424 0.0852223512 0.0292993745 0.0584031744 0.0943105533 0.0584893866 0.0156060043 0.0415774278 0.0519444442 0.0547750779 0.0612050707 0.0055766524 0.0234728670 0.0628933929 
Optimizing NNI: done in 13.7675 secs using 397.1% CPU
UFBoot tree 225: -147635.8437500000 -> -146856.8451208097
Alignment state count time was 0.0004767639 seconds.
Empirical state frequencies: 0.1198833535 0.0377921403 0.0263498964 0.0445714850 0.0121327572 0.0302132495 0.0496240790 0.0850392684 0.0350642771 0.0672812821 0.1020850539 0.0428245776 0.0184081863 0.0410440757 0.0510216049 0.0584862749 0.0639755957 0.0123477612 0.0293935467 0.0724615346 
Optimizing NNI: done in 26.2348 secs using 382.4% CPU
UFBoot tree 226: -146467.6250000000 -> -145511.0723032475
Alignment state count time was 0.0004855620 seconds.
Empirical state frequencies: 0.1080583226 0.0415625289 0.0339202231 0.0550683884 0.0126665982 0.0314876216 0.0458582499 0.0790639630 0.0309954768 0.0533880655 0.0978006188 0.0556378703 0.0147336063 0.0454504728 0.0531560543 0.0674141924 0.0713443202 0.0090036347 0.0323102065 0.0610795857 
Optimizing NNI: done in 20.198 secs using 351.9% CPU
UFBoot tree 227: -148208.8437500000 -> -147301.6098521134
Alignment state count time was 0.0004772510 seconds.
Empirical state frequencies: 0.1027550495 0.0415929857 0.0355197869 0.0539088072 0.0148370264 0.0291924522 0.0453724441 0.0880021289 0.0341969764 0.0584767388 0.0956066600 0.0503965173 0.0187207457 0.0372661574 0.0566521727 0.0643609647 0.0701539622 0.0097347574 0.0237448189 0.0695088477 
Optimizing NNI: done in 24.0568 secs using 374.7% CPU
UFBoot tree 228: -154726.9687500000 -> -153804.0325278866
Alignment state count time was 0.0003317790 seconds.
Empirical state frequencies: 0.1063340638 0.0470810087 0.0354506034 0.0564713904 0.0151321968 0.0335522783 0.0451320616 0.0831175474 0.0384562849 0.0589075743 0.0983737537 0.0546679815 0.0178974237 0.0329448143 0.0496310921 0.0586228255 0.0629003848 0.0078299728 0.0344761299 0.0630206121 
Optimizing NNI: done in 15.2843 secs using 399.2% CPU
UFBoot tree 229: -163545.5625000000 -> -162834.0742734070
Alignment state count time was 0.0003620550 seconds.
Empirical state frequencies: 0.1060842960 0.0473875144 0.0389070855 0.0689008772 0.0147843599 0.0385392764 0.0499899373 0.0879436733 0.0231259929 0.0535639315 0.0860144104 0.0543273088 0.0155824363 0.0363254820 0.0467074145 0.0576445306 0.0662429360 0.0119321044 0.0337508182 0.0622456143 
Optimizing NNI: done in 14.7757 secs using 399.3% CPU
UFBoot tree 230: -154009.2187500000 -> -153012.0885845961
Alignment state count time was 0.0003065150 seconds.
Empirical state frequencies: 0.0944083058 0.0470393502 0.0368163011 0.0511602692 0.0144682403 0.0322775267 0.0375079239 0.0768799911 0.0338120647 0.0671900679 0.1013965775 0.0499211118 0.0203974647 0.0414343240 0.0542293453 0.0548633328 0.0662967218 0.0116080919 0.0356852097 0.0726077796 
Optimizing NNI: done in 18.3052 secs using 397.2% CPU
UFBoot tree 231: -142815.2656250000 -> -141971.6014957013
Alignment state count time was 0.0003425691 seconds.
Empirical state frequencies: 0.0970827780 0.0432765943 0.0341644330 0.0643780583 0.0136675329 0.0303331005 0.0493513685 0.0824858385 0.0260574501 0.0644654651 0.0977893165 0.0543845448 0.0132450666 0.0455783073 0.0482660671 0.0583032840 0.0750198390 0.0109797730 0.0259846111 0.0651865714 
Optimizing NNI: done in 14.7587 secs using 399.4% CPU
UFBoot tree 232: -143472.8437500000 -> -142613.5037878809
Alignment state count time was 0.0003230940 seconds.
Empirical state frequencies: 0.0929964360 0.0414041992 0.0360908752 0.0602727751 0.0158904819 0.0299338344 0.0544713504 0.0873902516 0.0514102622 0.0504619524 0.0977449579 0.0558171136 0.0195651824 0.0405674553 0.0538437925 0.0519053357 0.0578810820 0.0138265135 0.0331204342 0.0554057145 
Optimizing NNI: done in 15.8614 secs using 398.9% CPU
UFBoot tree 233: -142433.4375000000 -> -141788.5183290008
Alignment state count time was 0.0003473581 seconds.
Empirical state frequencies: 0.1060744138 0.0396475720 0.0416620437 0.0630386318 0.0151550744 0.0326476452 0.0461982281 0.0720457840 0.0340461813 0.0621980609 0.0888861877 0.0507778904 0.0186550378 0.0436765154 0.0444011455 0.0730457736 0.0604082245 0.0086986202 0.0336476347 0.0650893350 
Optimizing NNI: done in 19.6401 secs using 354.3% CPU
UFBoot tree 234: -143043.8750000000 -> -142135.4187094932
Alignment state count time was 0.0004693910 seconds.
Empirical state frequencies: 0.1180504611 0.0406424987 0.0339460465 0.0528184914 0.0145785867 0.0334166555 0.0471670707 0.0731209794 0.0386968149 0.0520484681 0.0980161061 0.0541522816 0.0174386730 0.0372598966 0.0592880617 0.0671945505 0.0681914556 0.0106047167 0.0296284161 0.0537397692 
Optimizing NNI: done in 17.629 secs using 398.9% CPU
UFBoot tree 235: -150983.3437500000 -> -150063.2222930432
Alignment state count time was 0.0005199120 seconds.
Empirical state frequencies: 0.1071168663 0.0427687090 0.0364538219 0.0512382464 0.0123664575 0.0286008668 0.0439950980 0.0797975265 0.0386762285 0.0568281411 0.0954221291 0.0519903413 0.0213170646 0.0398009831 0.0536029412 0.0603175905 0.0689497430 0.0108622677 0.0349767346 0.0649182432 
Optimizing NNI: done in 20.234 secs using 399.3% CPU
UFBoot tree 236: -143467.6406250000 -> -142528.0653270182
Alignment state count time was 0.0003080990 seconds.
Empirical state frequencies: 0.0987097191 0.0489345425 0.0402791134 0.0568406957 0.0204685156 0.0351762858 0.0510467256 0.0718908074 0.0299313542 0.0521835581 0.0906550026 0.0617949599 0.0230263887 0.0374757879 0.0532235014 0.0595342135 0.0625119395 0.0154238215 0.0355057089 0.0553873587 
Optimizing NNI: done in 22.7841 secs using 374.6% CPU
UFBoot tree 237: -156300.5312500000 -> -155475.2576395415
Alignment state count time was 0.0010276010 seconds.
Empirical state frequencies: 0.1076122913 0.0430137437 0.0357530325 0.0564242773 0.0171438296 0.0273451289 0.0464625815 0.0821780200 0.0368493998 0.0508262689 0.1053106459 0.0527430967 0.0242012409 0.0423748011 0.0526269253 0.0583701479 0.0547615744 0.0101880683 0.0347147508 0.0611001753 
Optimizing NNI: done in 21.0598 secs using 399.1% CPU
UFBoot tree 238: -135199.4531250000 -> -134609.6433510518
Alignment state count time was 0.0007029480 seconds.
Empirical state frequencies: 0.1103308733 0.0461654866 0.0342105582 0.0564175941 0.0109621277 0.0341401937 0.0495711284 0.0641787984 0.0435831095 0.0611953436 0.0931619355 0.0581415244 0.0230085300 0.0371377214 0.0566920157 0.0560728081 0.0609279585 0.0085345525 0.0315718895 0.0639958507 
Optimizing NNI: done in 22.3255 secs using 399.2% CPU
UFBoot tree 239: -150207.4218750000 -> -149528.4045893042
Alignment state count time was 0.0003464250 seconds.
Empirical state frequencies: 0.1012881951 0.0458370790 0.0322876601 0.0521587787 0.0146304988 0.0342086938 0.0443860854 0.0797072202 0.0374649142 0.0634193063 0.1059545360 0.0522609614 0.0190379769 0.0361433519 0.0483507721 0.0613007195 0.0574790885 0.0120146230 0.0297671548 0.0723023844 
Optimizing NNI: done in 24.7826 secs using 399.1% CPU
UFBoot tree 240: -151495.6875000000 -> -150526.9820078590
Alignment state count time was 0.0004846650 seconds.
Empirical state frequencies: 0.1125868919 0.0435315177 0.0411626193 0.0496390408 0.0132122647 0.0324943038 0.0402891707 0.0787606105 0.0444579026 0.0622312578 0.0859797954 0.0556671594 0.0197565120 0.0354918206 0.0539004111 0.0622511089 0.0688019733 0.0087788515 0.0259831417 0.0650236464 
Optimizing NNI: done in 21.4251 secs using 399.1% CPU
UFBoot tree 241: -157347.0312500000 -> -156659.2049728875
Alignment state count time was 0.0003296470 seconds.
Empirical state frequencies: 0.1105318272 0.0446270820 0.0342235473 0.0625424128 0.0161737170 0.0325086789 0.0492135143 0.0741766178 0.0321253554 0.0563487117 0.0886218619 0.0580097803 0.0207870492 0.0361603398 0.0508880328 0.0621994391 0.0652324023 0.0089510950 0.0273775237 0.0693010116 
Optimizing NNI: done in 14.1676 secs using 399% CPU
UFBoot tree 242: -155241.8593750000 -> -154478.2407027180
Alignment state count time was 0.0003047710 seconds.
Empirical state frequencies: 0.1115733804 0.0409980671 0.0309859736 0.0516334300 0.0121287591 0.0303030295 0.0464748811 0.0724002358 0.0406599103 0.0637739221 0.1105257573 0.0512157068 0.0276375582 0.0419528627 0.0551078253 0.0464085759 0.0514013616 0.0149732545 0.0321264240 0.0677190848 
Optimizing NNI: done in 19.8817 secs using 399.3% CPU
UFBoot tree 243: -155963.7500000000 -> -155215.3356848474
Alignment state count time was 0.0003221870 seconds.
Empirical state frequencies: 0.1079756277 0.0436259985 0.0364251450 0.0486578390 0.0183186022 0.0294533177 0.0437337755 0.0712169208 0.0356774417 0.0611869200 0.1032603821 0.0496076242 0.0199083135 0.0422451051 0.0444814787 0.0651611984 0.0673436834 0.0114478158 0.0370179187 0.0632548920 
Optimizing NNI: done in 12.5988 secs using 398.9% CPU
UFBoot tree 244: -152471.3437500000 -> -151648.4272920960
Alignment state count time was 0.0003133779 seconds.
Empirical state frequencies: 0.1121355359 0.0428042806 0.0333184837 0.0585663943 0.0152286864 0.0342067641 0.0502671325 0.0594417071 0.0421299656 0.0664571769 0.1072921386 0.0508571581 0.0178416572 0.0431090192 0.0514666352 0.0534182585 0.0639868497 0.0095359115 0.0239753304 0.0639609145 
Optimizing NNI: done in 20.5866 secs using 399.4% CPU
UFBoot tree 245: -159017.4375000000 -> -158133.8468836262
Alignment state count time was 0.0005467420 seconds.
Empirical state frequencies: 0.1061633903 0.0399804442 0.0389167897 0.0627690679 0.0131110024 0.0362611295 0.0521116670 0.0750323785 0.0324514389 0.0555320461 0.0924888257 0.0515833158 0.0218427020 0.0408216350 0.0575550753 0.0605305271 0.0598770400 0.0125131312 0.0326599986 0.0577983949 
Optimizing NNI: done in 17.9591 secs using 399.2% CPU
UFBoot tree 246: -152691.7187500000 -> -151906.3653036162
Alignment state count time was 0.0005251340 seconds.
Empirical state frequencies: 0.1073325898 0.0464527063 0.0351768614 0.0681194739 0.0118785185 0.0364973313 0.0547903329 0.0854238514 0.0336420744 0.0506422600 0.0910514036 0.0549839096 0.0191238192 0.0324875275 0.0550806980 0.0593462996 0.0638262184 0.0076198303 0.0297981935 0.0567261002 
Optimizing NNI: done in 16.3262 secs using 374.9% CPU
UFBoot tree 247: -149011.9531250000 -> -148221.9690313969
Alignment state count time was 0.0004252651 seconds.
Empirical state frequencies: 0.1045718968 0.0441287683 0.0424361110 0.0541667813 0.0202650748 0.0330709987 0.0484922169 0.0637538814 0.0377258063 0.0603963152 0.0956993200 0.0536256859 0.0125579342 0.0370529057 0.0647736381 0.0626578164 0.0642186685 0.0094709157 0.0322177329 0.0587175321 
Optimizing NNI: done in 22.5664 secs using 395.2% CPU
UFBoot tree 248: -147845.5312500000 -> -147238.9881896065
Alignment state count time was 0.0040762270 seconds.
Empirical state frequencies: 0.1174312681 0.0442417498 0.0343831538 0.0706065773 0.0167046669 0.0349437977 0.0500593409 0.0779896027 0.0387008402 0.0502122438 0.0813170609 0.0518140836 0.0174182137 0.0363854536 0.0459091195 0.0672499947 0.0665582912 0.0089939924 0.0340336615 0.0550468876 
Optimizing NNI: done in 12.0842 secs using 398.9% CPU
UFBoot tree 249: -138104.1250000000 -> -137365.0234601360
Alignment state count time was 0.0005176191 seconds.
Empirical state frequencies: 0.1075059395 0.0400483134 0.0370052157 0.0696255701 0.0148773518 0.0344784808 0.0454666795 0.0782866942 0.0458315759 0.0581485480 0.0926140386 0.0579282333 0.0213490979 0.0365921255 0.0400345437 0.0614670391 0.0628302367 0.0064778515 0.0249154431 0.0645170216 
Optimizing NNI: done in 16.8249 secs using 397.5% CPU
UFBoot tree 250: -148829.2343750000 -> -148196.0633331415
Alignment state count time was 0.0003647801 seconds.
Empirical state frequencies: 0.0981371346 0.0420202195 0.0341125813 0.0646855137 0.0116434021 0.0332370678 0.0517139053 0.0797583546 0.0339234704 0.0568058920 0.0977519087 0.0551809389 0.0183743501 0.0436031480 0.0438202753 0.0510625232 0.0686638472 0.0159299163 0.0362208179 0.0633547332 
Optimizing NNI: done in 16.9338 secs using 377.3% CPU
UFBoot tree 251: -145761.7812500000 -> -145006.9079903579
Alignment state count time was 0.0009519750 seconds.
Empirical state frequencies: 0.0899052283 0.0413032240 0.0417804712 0.0682255761 0.0108225736 0.0323618589 0.0454650996 0.0776441883 0.0427560204 0.0606176956 0.0962427892 0.0540274744 0.0178198585 0.0423419384 0.0460125302 0.0595298529 0.0622880605 0.0152651828 0.0404680416 0.0551223354 
Optimizing NNI: done in 16.6799 secs using 399.2% CPU
UFBoot tree 252: -140662.1875000000 -> -139940.6594237232
Alignment state count time was 0.0005220250 seconds.
Empirical state frequencies: 0.0991517077 0.0399966151 0.0330694045 0.0636942465 0.0099536040 0.0309816582 0.0446923329 0.0908554832 0.0426661923 0.0603264722 0.0931691168 0.0524751772 0.0192149834 0.0422075726 0.0475193467 0.0575610640 0.0627154015 0.0134788149 0.0315703342 0.0647004718 
Optimizing NNI: done in 14.1693 secs using 398.6% CPU
UFBoot tree 253: -147917.7812500000 -> -147303.6426326250
Alignment state count time was 0.0003308340 seconds.
Empirical state frequencies: 0.1061813504 0.0407206712 0.0368111477 0.0653901728 0.0120394809 0.0302317058 0.0453044853 0.0806604717 0.0440240142 0.0529123906 0.1093552841 0.0468029089 0.0198108506 0.0406253169 0.0469868063 0.0600980130 0.0647567483 0.0053170076 0.0288082034 0.0631629704 
Optimizing NNI: done in 23.7414 secs using 399.2% CPU
UFBoot tree 254: -147482.1250000000 -> -146783.9842942651
Alignment state count time was 0.0003147040 seconds.
Empirical state frequencies: 0.1002595518 0.0407825334 0.0328848092 0.0649103816 0.0214160565 0.0351317485 0.0463865070 0.0607308070 0.0287453585 0.0564174860 0.1125374701 0.0597076472 0.0154710296 0.0417722566 0.0472759205 0.0650641900 0.0619746484 0.0124817978 0.0318683366 0.0641814638 
Optimizing NNI: done in 14.7035 secs using 399.2% CPU
UFBoot tree 255: -156366.0312500000 -> -155487.7150920396
Alignment state count time was 0.0003136990 seconds.
Empirical state frequencies: 0.1070780913 0.0469635382 0.0372114991 0.0571161569 0.0100756903 0.0307953203 0.0477992300 0.0613015222 0.0342554985 0.0600997836 0.1107454658 0.0526545299 0.0160567569 0.0399326771 0.0501474547 0.0665366820 0.0657009903 0.0092469051 0.0330399469 0.0632422608 
Optimizing NNI: done in 16.6426 secs using 399.3% CPU
UFBoot tree 256: -149621.8906250000 -> -148797.7465306183
Alignment state count time was 0.0003338810 seconds.
Empirical state frequencies: 0.1037627108 0.0525085376 0.0366322449 0.0565227533 0.0136650971 0.0355349333 0.0477442608 0.0821428949 0.0375906563 0.0480706762 0.0918589638 0.0574256046 0.0162069707 0.0406950757 0.0585645862 0.0606689242 0.0624607368 0.0090049954 0.0309720618 0.0579673154 
Optimizing NNI: done in 16.3261 secs using 399% CPU
UFBoot tree 257: -149784.0937500000 -> -148995.4952930180
Alignment state count time was 0.0003156640 seconds.
Empirical state frequencies: 0.0970187532 0.0446648212 0.0318020017 0.0527040834 0.0141085729 0.0340163248 0.0428383573 0.0862856330 0.0178672806 0.0589803495 0.0993811680 0.0518296373 0.0323026926 0.0413644925 0.0496787821 0.0718784289 0.0615754798 0.0150887987 0.0347144713 0.0618998710 
Optimizing NNI: done in 13.6263 secs using 399.2% CPU
UFBoot tree 258: -144617.6250000000 -> -143949.0293110538
Alignment state count time was 0.0005091811 seconds.
Empirical state frequencies: 0.1067594884 0.0454864887 0.0362431922 0.0446255259 0.0097806399 0.0331161753 0.0491231955 0.0877494301 0.0340597905 0.0631672205 0.1000233156 0.0548675392 0.0180872089 0.0422079424 0.0393288828 0.0589932729 0.0680092752 0.0080036127 0.0332608171 0.0671069862 
Optimizing NNI: done in 23.5957 secs using 398.4% CPU
UFBoot tree 259: -148450.6875000000 -> -147515.3777929554
Alignment state count time was 0.0003507350 seconds.
Empirical state frequencies: 0.1080567855 0.0399179805 0.0330841764 0.0483191100 0.0153720718 0.0284951009 0.0412993520 0.0826475196 0.0251412904 0.0599810731 0.1127919675 0.0456427027 0.0274657135 0.0436171340 0.0513142953 0.0558369586 0.0668281596 0.0115799415 0.0350366919 0.0675719751 
Optimizing NNI: done in 18.8954 secs using 399.1% CPU
UFBoot tree 260: -156436.9531250000 -> -155717.1635742966
Alignment state count time was 0.0003251510 seconds.
Empirical state frequencies: 0.1140816905 0.0429308545 0.0310402030 0.0576710015 0.0144625309 0.0402411439 0.0509666980 0.0721182097 0.0381639416 0.0614858634 0.0902071796 0.0555205645 0.0195689865 0.0349948766 0.0574446397 0.0509134364 0.0694018683 0.0094359677 0.0267326713 0.0626176723 
Optimizing NNI: done in 17.4339 secs using 396.3% CPU
UFBoot tree 261: -154119.4375000000 -> -153341.9782592536
Alignment state count time was 0.0003465690 seconds.
Empirical state frequencies: 0.1049368747 0.0444091399 0.0360283766 0.0592948761 0.0115359141 0.0328060368 0.0422988758 0.0672669851 0.0307426674 0.0617535013 0.1073419059 0.0560926340 0.0280093729 0.0373146328 0.0493799843 0.0551145433 0.0664831727 0.0128690651 0.0295769977 0.0667444435 
Optimizing NNI: done in 18.814 secs using 399% CPU
UFBoot tree 262: -151893.5625000000 -> -150979.0471700060
Alignment state count time was 0.0005728330 seconds.
Empirical state frequencies: 0.1040678042 0.0458711574 0.0321866577 0.0517639105 0.0124788899 0.0364349215 0.0464454235 0.0715956675 0.0333286641 0.0609913223 0.1025734072 0.0540805521 0.0243492308 0.0435740931 0.0492188676 0.0603126442 0.0579568481 0.0130923105 0.0346533915 0.0650242364 
Optimizing NNI: done in 10.7186 secs using 399.4% CPU
UFBoot tree 263: -153944.9687500000 -> -153112.6725718738
Alignment state count time was 0.0003051570 seconds.
Empirical state frequencies: 0.1079488702 0.0453549057 0.0349400529 0.0507161085 0.0151308630 0.0342480593 0.0463824114 0.0787103941 0.0463264927 0.0526383129 0.0852738484 0.0628015317 0.0164309722 0.0359395992 0.0533722455 0.0622842840 0.0613336665 0.0146905035 0.0354782701 0.0599986082 
Optimizing NNI: done in 19.3177 secs using 399.4% CPU
UFBoot tree 264: -149634.8281250000 -> -148979.4555539112
Alignment state count time was 0.0003433130 seconds.
Empirical state frequencies: 0.1075628488 0.0425312553 0.0363791557 0.0650935160 0.0111206466 0.0356811421 0.0509416339 0.0710334743 0.0352226430 0.0590372222 0.0937941899 0.0592562068 0.0152471383 0.0374603923 0.0520844600 0.0553760728 0.0679813759 0.0069325654 0.0295564156 0.0677076451 
Optimizing NNI: done in 13.7401 secs using 381.4% CPU
UFBoot tree 265: -155560.7656250000 -> -154699.7278220153
Alignment state count time was 0.0008881480 seconds.
Empirical state frequencies: 0.1000268096 0.0461271878 0.0392081348 0.0673885155 0.0168920329 0.0342924893 0.0483097079 0.0717933585 0.0332045461 0.0430424710 0.0959005863 0.0549833103 0.0220133262 0.0381931635 0.0527079170 0.0621411800 0.0686224023 0.0187760320 0.0272739293 0.0591028998 
Optimizing NNI: done in 10.5254 secs using 398% CPU
UFBoot tree 266: -154707.8437500000 -> -153791.4641528121
Alignment state count time was 0.0004192890 seconds.
Empirical state frequencies: 0.0958379427 0.0478760107 0.0321970709 0.0588540097 0.0131877268 0.0299768014 0.0440453607 0.0806866594 0.0427776142 0.0627257759 0.0997919411 0.0469029297 0.0185328199 0.0436479050 0.0549890962 0.0493013689 0.0611839221 0.0123516994 0.0444702270 0.0606631182 
Optimizing NNI: done in 19.0397 secs using 388.3% CPU
UFBoot tree 267: -147148.8906250000 -> -146555.2651463027
Alignment state count time was 0.0003367630 seconds.
Empirical state frequencies: 0.1018457282 0.0417248161 0.0324014858 0.0627605798 0.0192759850 0.0386364629 0.0510262947 0.0758059583 0.0351329302 0.0569407823 0.0941904000 0.0517109768 0.0159326971 0.0380391871 0.0492636026 0.0613547965 0.0654046180 0.0122762035 0.0360725471 0.0602039479 
Optimizing NNI: done in 22.8179 secs using 379.1% CPU
UFBoot tree 268: -137358.5625000000 -> -136766.5818655841
Alignment state count time was 0.0003086760 seconds.
Empirical state frequencies: 0.1147587130 0.0426164247 0.0345372578 0.0468483692 0.0145385719 0.0320503034 0.0439835626 0.0653699966 0.0300992121 0.0684615145 0.1093657317 0.0471781311 0.0181796930 0.0457629029 0.0527840836 0.0590289498 0.0627799916 0.0103409776 0.0322701447 0.0690454679 
Optimizing NNI: done in 18.7109 secs using 398.9% CPU
UFBoot tree 269: -145034.0468750000 -> -144269.8576877743
Alignment state count time was 0.0003064240 seconds.
Empirical state frequencies: 0.1145669799 0.0430134863 0.0332251214 0.0571423620 0.0191577647 0.0309010683 0.0467183003 0.0834315038 0.0282284073 0.0513937483 0.0900345488 0.0538613459 0.0275311914 0.0405048760 0.0479486814 0.0625902159 0.0636702170 0.0117413012 0.0319127150 0.0624261651 
Optimizing NNI: done in 19.3362 secs using 399.3% CPU
UFBoot tree 270: -153275.1875000000 -> -152418.5139362133
Alignment state count time was 0.0003025900 seconds.
Empirical state frequencies: 0.1138639628 0.0391001983 0.0316627893 0.0560376040 0.0120514100 0.0310849960 0.0404573407 0.0989421151 0.0326907239 0.0512808871 0.0909470684 0.0486270691 0.0276854215 0.0350287711 0.0525103775 0.0654838524 0.0672508249 0.0134690191 0.0316291967 0.0601963720 
Optimizing NNI: done in 16.511 secs using 398.9% CPU
UFBoot tree 271: -150498.7031250000 -> -149886.9140549633
Alignment state count time was 0.0005296250 seconds.
Empirical state frequencies: 0.0891587605 0.0461523744 0.0332318870 0.0571361152 0.0103490936 0.0353344509 0.0524003719 0.0937485846 0.0295573746 0.0541713011 0.0896363145 0.0553452879 0.0234619291 0.0356727183 0.0553585533 0.0655927997 0.0714759990 0.0162389256 0.0230573348 0.0629198241 
Optimizing NNI: done in 16.2541 secs using 398.9% CPU
UFBoot tree 272: -158754.0781250000 -> -157926.4479646595
Alignment state count time was 0.0003768270 seconds.
Empirical state frequencies: 0.1058258848 0.0471332237 0.0383324089 0.0586003289 0.0166799371 0.0375236113 0.0482778780 0.0711778173 0.0298331797 0.0585523494 0.0931524374 0.0589430398 0.0162207045 0.0431029440 0.0518694877 0.0517324034 0.0593611470 0.0146236719 0.0370849414 0.0619726037 
Optimizing NNI: done in 16.1751 secs using 398.8% CPU
UFBoot tree 273: -156089.0468750000 -> -155186.6264679415
Alignment state count time was 0.0003235451 seconds.
Empirical state frequencies: 0.1016919443 0.0487196264 0.0323152531 0.0556169948 0.0118543815 0.0334449945 0.0474709649 0.0661810677 0.0422649052 0.0540776396 0.1061250230 0.0580350378 0.0222004341 0.0371843724 0.0529478983 0.0561455288 0.0728472025 0.0093438452 0.0310005249 0.0605323608 
Optimizing NNI: done in 11.3858 secs using 399.2% CPU
UFBoot tree 274: -157710.4687500000 -> -157053.1435606847
Alignment state count time was 0.0003180740 seconds.
Empirical state frequencies: 0.0953254182 0.0453969767 0.0339604882 0.0570621951 0.0114208030 0.0309870012 0.0522327293 0.0702697056 0.0447696036 0.0641528180 0.0961227048 0.0532522106 0.0177076042 0.0376659105 0.0502787236 0.0601663848 0.0680216187 0.0157013173 0.0335487746 0.0619570122 
Optimizing NNI: done in 16.389 secs using 399% CPU
UFBoot tree 275: -155873.5312500000 -> -155116.9513875864
Alignment state count time was 0.0003164720 seconds.
Empirical state frequencies: 0.0969784895 0.0482512306 0.0387063690 0.0608318698 0.0158269722 0.0382755713 0.0534342654 0.0752299367 0.0390496609 0.0474973346 0.0931955472 0.0538381383 0.0161164144 0.0386525192 0.0571768205 0.0616598091 0.0653821705 0.0099842783 0.0313289583 0.0585836442 
Optimizing NNI: done in 14.2872 secs using 385% CPU
UFBoot tree 276: -158194.5625000000 -> -157449.6253957899
Alignment state count time was 0.0003254320 seconds.
Empirical state frequencies: 0.1105532916 0.0502808031 0.0351272905 0.0627872131 0.0132542100 0.0344113248 0.0464316664 0.0822890677 0.0341748591 0.0518178303 0.0896720535 0.0601204050 0.0157371002 0.0406054134 0.0435612351 0.0662159662 0.0651715759 0.0109618061 0.0272779418 0.0595489462 
Optimizing NNI: done in 12.3489 secs using 399.5% CPU
UFBoot tree 277: -158281.9531250000 -> -157377.8813493768
Alignment state count time was 0.0003508211 seconds.
Empirical state frequencies: 0.1103176012 0.0380934423 0.0327053756 0.0652677487 0.0161400789 0.0318831273 0.0501931949 0.0844201196 0.0405067079 0.0574530465 0.0938993733 0.0542041627 0.0190480305 0.0467705025 0.0452998143 0.0531078315 0.0554542476 0.0116076854 0.0367430832 0.0568848261 
Optimizing NNI: done in 8.83842 secs using 399.1% CPU
UFBoot tree 278: -153751.0625000000 -> -153212.4190236219
Alignment state count time was 0.0003344880 seconds.
Empirical state frequencies: 0.1005200745 0.0440719614 0.0323335606 0.0578349806 0.0136003592 0.0356738153 0.0491737072 0.0805808731 0.0370113791 0.0571844714 0.0900900010 0.0528794166 0.0248782873 0.0354179971 0.0520315620 0.0614968354 0.0712106179 0.0129571592 0.0325309060 0.0585220352 
Optimizing NNI: done in 13.7988 secs using 398% CPU
UFBoot tree 279: -140356.8906250000 -> -139557.1727315082
Alignment state count time was 0.0003216621 seconds.
Empirical state frequencies: 0.0989574886 0.0517245651 0.0330567670 0.0424585490 0.0182786592 0.0347063215 0.0434089096 0.0735149768 0.0392341111 0.0538221468 0.0968531186 0.0507674162 0.0217338989 0.0484526092 0.0523626644 0.0552137463 0.0709761562 0.0091823502 0.0352969028 0.0699986424 
Optimizing NNI: done in 13.7102 secs using 399.8% CPU
UFBoot tree 280: -151392.9062500000 -> -150562.7343449505
Alignment state count time was 0.0003153870 seconds.
Empirical state frequencies: 0.1055089748 0.0429667046 0.0356865409 0.0678633256 0.0153706184 0.0292525827 0.0514637255 0.0772974665 0.0300778078 0.0542610987 0.0966133281 0.0494775906 0.0222032024 0.0400154759 0.0622126318 0.0587508826 0.0565129840 0.0131397133 0.0332808000 0.0580445458 
Optimizing NNI: done in 12.7541 secs using 399% CPU
UFBoot tree 281: -149808.1562500000 -> -149014.6071881158
Alignment state count time was 0.0009569241 seconds.
Empirical state frequencies: 0.1037696389 0.0366762423 0.0370003650 0.0695184699 0.0159853082 0.0317879430 0.0534446304 0.0805717150 0.0350159404 0.0591928471 0.0923195088 0.0522010576 0.0179234296 0.0441641379 0.0498197481 0.0609325260 0.0656422271 0.0078822410 0.0197226413 0.0664293822 
Optimizing NNI: done in 22.1381 secs using 392.3% CPU
UFBoot tree 282: -153314.7187500000 -> -152512.2371700248
Alignment state count time was 0.0003883271 seconds.
Empirical state frequencies: 0.0976484834 0.0398430457 0.0294668525 0.0519396787 0.0143845536 0.0327336798 0.0472134900 0.0853242436 0.0328943434 0.0627108367 0.1078707073 0.0500117151 0.0258519207 0.0437726105 0.0498510514 0.0569202514 0.0675307458 0.0055078877 0.0336775787 0.0648463242 
Optimizing NNI: done in 13.1669 secs using 399.2% CPU
UFBoot tree 283: -148005.1875000000 -> -147382.4806335215
Alignment state count time was 0.0004948380 seconds.
Empirical state frequencies: 0.0981052651 0.0390805245 0.0347885546 0.0621786338 0.0144457005 0.0314511080 0.0462360643 0.0803281154 0.0490793251 0.0653468387 0.0821220776 0.0496885952 0.0173634276 0.0431694044 0.0570472250 0.0568712136 0.0626863590 0.0104109780 0.0343823745 0.0652182150 
Optimizing NNI: done in 24.6162 secs using 390.9% CPU
UFBoot tree 284: -148802.2187500000 -> -148291.7996189710
Alignment state count time was 0.0107412080 seconds.
Empirical state frequencies: 0.1107210692 0.0468085072 0.0350579097 0.0638904531 0.0174733665 0.0349052220 0.0536221996 0.0860429059 0.0323604255 0.0515036566 0.0875252498 0.0553144892 0.0127145972 0.0392186519 0.0519935299 0.0645393762 0.0603531861 0.0077776922 0.0302736925 0.0579038196 
Optimizing NNI: done in 18.095 secs using 399% CPU
UFBoot tree 285: -164821.7656250000 -> -164111.0652520449
Alignment state count time was 0.0003273441 seconds.
Empirical state frequencies: 0.1009212509 0.0453135519 0.0317608693 0.0566978052 0.0133778717 0.0308573572 0.0498589131 0.0874380693 0.0347077090 0.0571912619 0.1021236171 0.0450424982 0.0158104045 0.0459043098 0.0552313355 0.0618200242 0.0607705601 0.0082765030 0.0384538095 0.0584422787 
Optimizing NNI: done in 13.517 secs using 397.1% CPU
UFBoot tree 286: -147133.2187500000 -> -146424.0893506295
Alignment state count time was 0.0003922910 seconds.
Empirical state frequencies: 0.1109639361 0.0421505851 0.0344127282 0.0691822217 0.0153088345 0.0346636491 0.0469994612 0.0743633985 0.0354164117 0.0544389257 0.0992995068 0.0494340717 0.0156411351 0.0388750506 0.0480438345 0.0557410015 0.0670324403 0.0197643752 0.0301199470 0.0581484855 
Optimizing NNI: done in 22.5673 secs using 354.6% CPU
UFBoot tree 287: -146391.2187500000 -> -145725.7160032371
Alignment state count time was 0.0008815411 seconds.
Empirical state frequencies: 0.1019577642 0.0391339342 0.0347538147 0.0547240712 0.0164962971 0.0346766010 0.0431771215 0.0785760684 0.0355680677 0.0644810683 0.0993816362 0.0493752714 0.0177878709 0.0434578984 0.0579249278 0.0593288123 0.0628736206 0.0117441482 0.0300508017 0.0645302043 
Optimizing NNI: done in 23.7621 secs using 354% CPU
UFBoot tree 288: -145146.9843750000 -> -144402.7104059191
Alignment state count time was 0.0003410680 seconds.
Empirical state frequencies: 0.1058870558 0.0442532188 0.0325606493 0.0493049336 0.0165599075 0.0310152474 0.0493851196 0.0800671799 0.0307309517 0.0587960342 0.0897040732 0.0526144265 0.0199277174 0.0427515546 0.0591386469 0.0695773997 0.0696284271 0.0143219905 0.0246076610 0.0591678055 
Optimizing NNI: done in 12.7775 secs using 398.8% CPU
UFBoot tree 289: -137724.5312500000 -> -137119.8830131267
Alignment state count time was 0.0003064000 seconds.
Empirical state frequencies: 0.0985813008 0.0486531512 0.0306703975 0.0507040768 0.0106590109 0.0341183304 0.0482593140 0.0888319732 0.0304474708 0.0627049641 0.1114813258 0.0494111020 0.0191153636 0.0405609120 0.0475459486 0.0546796029 0.0525617993 0.0096632716 0.0295111787 0.0818395057 
Optimizing NNI: done in 19.6879 secs using 399.1% CPU
UFBoot tree 290: -137705.2500000000 -> -136679.1638214766
Alignment state count time was 0.0004693000 seconds.
Empirical state frequencies: 0.0945305404 0.0360860104 0.0331135298 0.0489596318 0.0166615265 0.0316023406 0.0458730991 0.0674645714 0.0369128876 0.0645277320 0.1188022351 0.0439057018 0.0184364610 0.0544768980 0.0454953018 0.0569290164 0.0624106414 0.0164120377 0.0385167440 0.0688830933 
Optimizing NNI: done in 16.8516 secs using 397.1% CPU
UFBoot tree 291: -142558.1250000000 -> -141760.8671642616
Alignment state count time was 0.0003325690 seconds.
Empirical state frequencies: 0.0996609511 0.0415402366 0.0352671209 0.0587830243 0.0109231927 0.0310408825 0.0481379379 0.0727203372 0.0250062380 0.0581206045 0.0996212059 0.0497211213 0.0227606348 0.0431565409 0.0521257052 0.0573257007 0.0705939696 0.0147652277 0.0371351448 0.0715942235 
Optimizing NNI: done in 10.7231 secs using 390.9% CPU
UFBoot tree 292: -155329.0781250000 -> -154507.7007400697
Alignment state count time was 0.0009912801 seconds.
Empirical state frequencies: 0.1032276775 0.0471275039 0.0341438902 0.0473673068 0.0180359875 0.0363843344 0.0467027102 0.0610634777 0.0410502135 0.0590354304 0.1098667918 0.0583023187 0.0193172201 0.0449418719 0.0450377930 0.0552054356 0.0623721163 0.0149870650 0.0363432253 0.0594876301 
Optimizing NNI: done in 16.2407 secs using 397.5% CPU
UFBoot tree 293: -153720.1250000000 -> -152833.0288262766
Alignment state count time was 0.0003891339 seconds.
Empirical state frequencies: 0.1003037829 0.0402317335 0.0325409173 0.0498884234 0.0148879038 0.0316576024 0.0483276792 0.0806848958 0.0239136545 0.0553875563 0.1054177108 0.0454054346 0.0177636580 0.0494500867 0.0573135811 0.0735386796 0.0681524517 0.0123973545 0.0325674831 0.0601694109 
Optimizing NNI: done in 18.4586 secs using 399.2% CPU
UFBoot tree 294: -150818.2500000000 -> -150010.0240589500
Alignment state count time was 0.0003039000 seconds.
Empirical state frequencies: 0.1098634010 0.0405795810 0.0440840080 0.0665512790 0.0182356140 0.0287683640 0.0425524436 0.0746049714 0.0357772181 0.0589259054 0.0939766652 0.0497365190 0.0211884182 0.0505477290 0.0509825375 0.0563430129 0.0551229531 0.0158928396 0.0285087769 0.0577577631 
Optimizing NNI: done in 13.3952 secs using 398.9% CPU
UFBoot tree 295: -153490.1718750000 -> -152663.0543612222
Alignment state count time was 0.0005496420 seconds.
Empirical state frequencies: 0.1009265542 0.0419157495 0.0338467046 0.0457205002 0.0170733632 0.0380772089 0.0513093614 0.0693329317 0.0344143761 0.0622978598 0.0916613442 0.0515729231 0.0224121785 0.0393139218 0.0522757545 0.0676096432 0.0687855342 0.0146134533 0.0306704473 0.0661701904 
Optimizing NNI: done in 17.6686 secs using 374% CPU
UFBoot tree 296: -157522.5781250000 -> -156775.6057234727
Alignment state count time was 0.0003905731 seconds.
Empirical state frequencies: 0.1002536474 0.0415535332 0.0392483201 0.0568134924 0.0178457270 0.0358526168 0.0497460124 0.0644607265 0.0344239368 0.0563165602 0.0957122394 0.0507122695 0.0256448015 0.0416984718 0.0515957045 0.0625558198 0.0697958457 0.0116892894 0.0352107461 0.0588702395 
Optimizing NNI: done in 17.1099 secs using 380.8% CPU
UFBoot tree 297: -149654.8281250000 -> -149020.4080204119
Alignment state count time was 0.0003161640 seconds.
Empirical state frequencies: 0.1058668387 0.0459222083 0.0342050440 0.0553792436 0.0117744584 0.0314805984 0.0453486408 0.0764032232 0.0363900630 0.0534810084 0.1020089145 0.0529347536 0.0200911869 0.0494728642 0.0519788078 0.0598995017 0.0613265922 0.0156528671 0.0306612163 0.0597219689 
Optimizing NNI: done in 23.6394 secs using 358.1% CPU
UFBoot tree 298: -150271.3750000000 -> -149356.5991998187
Alignment state count time was 0.0003699460 seconds.
Empirical state frequencies: 0.1060673837 0.0513403532 0.0349458932 0.0647369293 0.0152892348 0.0329844008 0.0542895475 0.0796707034 0.0328661548 0.0549503340 0.0912101218 0.0605983193 0.0155465937 0.0399539590 0.0477651506 0.0537470070 0.0598053756 0.0132442746 0.0287345004 0.0622537633 
Optimizing NNI: done in 10.5673 secs using 399.3% CPU
UFBoot tree 299: -150591.7968750000 -> -149832.7655340068
Alignment state count time was 0.0003156540 seconds.
Empirical state frequencies: 0.0986823334 0.0447666342 0.0303563745 0.0552901930 0.0128381571 0.0369371066 0.0494741728 0.0651262125 0.0274378409 0.0588962658 0.1071713375 0.0524207693 0.0178122925 0.0504563717 0.0459172100 0.0570721822 0.0683744843 0.0104598328 0.0330995155 0.0774107134 
Optimizing NNI: done in 23.1565 secs using 387.5% CPU
UFBoot tree 300: -144960.6406250000 -> -144018.7969380303
300 samples done
Alignment state count time was 0.0003260269 seconds.
Empirical state frequencies: 0.1027270862 0.0424725399 0.0390278291 0.0709297559 0.0155424325 0.0312388778 0.0478836645 0.0578273033 0.0352763020 0.0567325268 0.0986617696 0.0585803980 0.0161211997 0.0396275156 0.0471863547 0.0604352423 0.0652118149 0.0116584165 0.0370893077 0.0657696628 
Optimizing NNI: done in 19.7995 secs using 399.1% CPU
UFBoot tree 301: -150259.8437500000 -> -149705.0524728314
Alignment state count time was 0.0004729340 seconds.
Empirical state frequencies: 0.1028762094 0.0429154306 0.0380053680 0.0573838427 0.0125423776 0.0306614991 0.0477901181 0.0894690500 0.0380195180 0.0519502288 0.0953696152 0.0459152383 0.0175302654 0.0396538472 0.0501885492 0.0656828390 0.0733663087 0.0147214832 0.0272442654 0.0587139461 
Optimizing NNI: done in 22.0352 secs using 399.2% CPU
UFBoot tree 302: -144577.0937500000 -> -143896.7402238016
Alignment state count time was 0.0003033770 seconds.
Empirical state frequencies: 0.1143301242 0.0374465925 0.0357451296 0.0525691384 0.0123129494 0.0355333292 0.0441889040 0.0960093928 0.0349332282 0.0517431170 0.0841979926 0.0531339394 0.0185398801 0.0374324725 0.0572781665 0.0653971804 0.0648676795 0.0121011491 0.0286568774 0.0635827573 
Optimizing NNI: done in 14.497 secs using 399.3% CPU
UFBoot tree 303: -142688.0937500000 -> -142075.1241726408
Alignment state count time was 0.0005438289 seconds.
Empirical state frequencies: 0.0937178937 0.0460349240 0.0357645472 0.0722211553 0.0164639900 0.0383418304 0.0507373355 0.0791197480 0.0358226814 0.0539993106 0.0899779263 0.0594897636 0.0234917698 0.0351961238 0.0506533639 0.0585273195 0.0567832932 0.0145068049 0.0326059219 0.0565442970 
Optimizing NNI: done in 19.8088 secs using 383.2% CPU
UFBoot tree 304: -158920.0937500000 -> -158232.1616347471
Alignment state count time was 0.0005591160 seconds.
Empirical state frequencies: 0.1026025444 0.0487975645 0.0339621827 0.0628063833 0.0191624286 0.0284897652 0.0492821015 0.0877244093 0.0309908310 0.0471301873 0.0857007550 0.0585880615 0.0209651911 0.0394488513 0.0523247086 0.0615950409 0.0688844720 0.0118444953 0.0296369777 0.0600630490 
Optimizing NNI: done in 10.4757 secs using 399.3% CPU
UFBoot tree 305: -146687.0937500000 -> -145737.5502659575
Alignment state count time was 0.0005318240 seconds.
Empirical state frequencies: 0.1070397357 0.0442468409 0.0364594252 0.0515818188 0.0160928651 0.0310575910 0.0423479728 0.0809765713 0.0279110911 0.0698507123 0.1047089951 0.0578748185 0.0185538530 0.0429649336 0.0495801239 0.0558731236 0.0549408274 0.0119386627 0.0363703086 0.0596297291 
Optimizing NNI: done in 21.6049 secs using 399.3% CPU
UFBoot tree 306: -148810.1406250000 -> -148056.9204795089
Alignment state count time was 0.0005111240 seconds.
Empirical state frequencies: 0.1018821233 0.0447284532 0.0348782374 0.0521266238 0.0154510338 0.0333229402 0.0462837504 0.0848789414 0.0364895814 0.0624882661 0.0888512546 0.0483504742 0.0151427767 0.0359221081 0.0598610748 0.0588802567 0.0654797612 0.0125085796 0.0330567181 0.0694170451 
Optimizing NNI: done in 12.0741 secs using 399% CPU
UFBoot tree 307: -145114.9687500000 -> -144310.8723491786
Alignment state count time was 0.0005007820 seconds.
Empirical state frequencies: 0.1013691956 0.0416948760 0.0398730257 0.0634593547 0.0162587757 0.0359361540 0.0492684678 0.0704186829 0.0357197657 0.0605346220 0.0922808853 0.0535124714 0.0121194762 0.0412341782 0.0519628516 0.0613373529 0.0760238389 0.0082314664 0.0226945838 0.0660699753 
Optimizing NNI: done in 14.199 secs using 381.2% CPU
UFBoot tree 308: -149182.3593750000 -> -148404.0786012636
Alignment state count time was 0.0009743050 seconds.
Empirical state frequencies: 0.1077404066 0.0473871454 0.0299138572 0.0562688695 0.0211382892 0.0363823000 0.0516616963 0.0755609649 0.0214496803 0.0536078908 0.0943081259 0.0570756556 0.0213647554 0.0402746891 0.0575073569 0.0627373123 0.0671321734 0.0101192897 0.0292981520 0.0590713896 
Optimizing NNI: done in 13.8813 secs using 399% CPU
UFBoot tree 309: -151475.3125000000 -> -150640.5539333746
Alignment state count time was 0.0003347410 seconds.
Empirical state frequencies: 0.0990234240 0.0493437148 0.0355070061 0.0587680121 0.0108727853 0.0361413338 0.0522992637 0.0610474094 0.0281460165 0.0578060646 0.0983054486 0.0576387694 0.0174809464 0.0452240701 0.0404213032 0.0691403156 0.0661220311 0.0166723528 0.0348029721 0.0652367605 
Optimizing NNI: done in 22.6182 secs using 397.3% CPU
UFBoot tree 310: -153069.5625000000 -> -152156.4745268588
Alignment state count time was 0.0008562560 seconds.
Empirical state frequencies: 0.1012209617 0.0446161792 0.0336498776 0.0528359056 0.0133705526 0.0298966692 0.0481360620 0.0720019343 0.0350364981 0.0652754915 0.1117806102 0.0570357658 0.0221902590 0.0330565640 0.0450828303 0.0661021307 0.0692353597 0.0070907616 0.0253501538 0.0670354330 
Optimizing NNI: done in 15.5899 secs using 399.3% CPU
UFBoot tree 311: -158394.6562500000 -> -157522.9657478880
Alignment state count time was 0.0003136460 seconds.
Empirical state frequencies: 0.0996004664 0.0472891053 0.0338529204 0.0676764807 0.0122339527 0.0387166662 0.0508029703 0.0792826725 0.0266442784 0.0515196597 0.0779954151 0.0588326738 0.0189346498 0.0449024603 0.0516657808 0.0593127861 0.0679060996 0.0135629591 0.0402057100 0.0590622927 
Optimizing NNI: done in 14.553 secs using 397.4% CPU
UFBoot tree 312: -153246.8281250000 -> -152309.9326640757
Alignment state count time was 0.0004917700 seconds.
Empirical state frequencies: 0.0965461316 0.0377552279 0.0293003957 0.0439858428 0.0178705852 0.0280163838 0.0442314189 0.0872844067 0.0368220389 0.0609797047 0.1029872402 0.0451435584 0.0214630118 0.0427369132 0.0587204051 0.0654632215 0.0739110372 0.0111628511 0.0321210119 0.0634986132 
Optimizing NNI: done in 13.5653 secs using 396.3% CPU
UFBoot tree 313: -140842.4375000000 -> -140480.2754708126
Alignment state count time was 0.0003567031 seconds.
Empirical state frequencies: 0.0931878662 0.0397784102 0.0301736966 0.0603506192 0.0157774996 0.0334864167 0.0515867712 0.0674327363 0.0338923518 0.0606550705 0.0985520081 0.0528480694 0.0218665255 0.0443886727 0.0576395529 0.0603723657 0.0662656730 0.0072528633 0.0360597550 0.0684330762 
Optimizing NNI: done in 21.0112 secs using 399% CPU
UFBoot tree 314: -140676.3437500000 -> -139808.2294137146
Alignment state count time was 0.0005309820 seconds.
Empirical state frequencies: 0.1102265845 0.0442572284 0.0399945931 0.0654198050 0.0160426423 0.0344485837 0.0430458804 0.0852924596 0.0378730972 0.0481793767 0.0830661985 0.0480287767 0.0201284863 0.0322550617 0.0585707780 0.0674234400 0.0724914580 0.0095733893 0.0286930439 0.0549891167 
Optimizing NNI: done in 18.4795 secs using 397.4% CPU
UFBoot tree 315: -159089.6250000000 -> -158521.8000317866
Alignment state count time was 0.0003435550 seconds.
Empirical state frequencies: 0.1201659042 0.0482401761 0.0323609350 0.0537624562 0.0095054283 0.0369449288 0.0442649940 0.0864448996 0.0399388498 0.0550158920 0.0897754576 0.0494721245 0.0165819688 0.0403542743 0.0540704433 0.0539486809 0.0618632328 0.0120910874 0.0383129645 0.0568853020 
Optimizing NNI: done in 22.8208 secs using 399.1% CPU
UFBoot tree 316: -144085.3437500000 -> -143472.8318653649
Alignment state count time was 0.0003371020 seconds.
Empirical state frequencies: 0.1117607001 0.0445821890 0.0345171399 0.0612698885 0.0160634002 0.0338824693 0.0502528335 0.0830211563 0.0315576430 0.0592210060 0.0994743037 0.0527984148 0.0254592856 0.0397117814 0.0563373936 0.0527294288 0.0592692962 0.0070055460 0.0228309212 0.0582552028 
Optimizing NNI: done in 20.3242 secs using 381% CPU
UFBoot tree 317: -152293.4218750000 -> -151540.3335115738
Alignment state count time was 0.0005226830 seconds.
Empirical state frequencies: 0.1067882553 0.0481428631 0.0347323938 0.0571203362 0.0088623198 0.0332044528 0.0509954568 0.0888398668 0.0199775987 0.0653895792 0.1072145050 0.0487068242 0.0207120596 0.0439197129 0.0436311747 0.0569367210 0.0614287364 0.0085606662 0.0272763040 0.0675601735 
Optimizing NNI: done in 20.1615 secs using 362.7% CPU
UFBoot tree 318: -158070.5937500000 -> -157059.6038106309
Alignment state count time was 0.0003274580 seconds.
Empirical state frequencies: 0.1084206427 0.0382786980 0.0329641648 0.0483070526 0.0169852290 0.0319464882 0.0481798430 0.0655510168 0.0337980942 0.0623001056 0.1069577326 0.0510844616 0.0195223533 0.0473176448 0.0466957314 0.0654238073 0.0642718539 0.0046176317 0.0378758677 0.0695015808 
Optimizing NNI: done in 22.083 secs using 384.3% CPU
UFBoot tree 319: -148641.6250000000 -> -147949.1234318861
Alignment state count time was 0.0003062580 seconds.
Empirical state frequencies: 0.1060433713 0.0483225413 0.0323841444 0.0638005257 0.0159108565 0.0319440442 0.0529063538 0.0535292648 0.0558110149 0.0575240202 0.0907008023 0.0607536784 0.0201696719 0.0393986640 0.0575375618 0.0582891174 0.0563255936 0.0092213339 0.0302174974 0.0592099424 
Optimizing NNI: done in 21.2847 secs using 383.9% CPU
UFBoot tree 320: -149321.0468750000 -> -148801.7369762192
Alignment state count time was 0.0003658449 seconds.
Empirical state frequencies: 0.0973223064 0.0408129757 0.0449448814 0.0604064096 0.0119968758 0.0335080187 0.0484459619 0.0760761102 0.0517451782 0.0506727752 0.0862260893 0.0554985888 0.0166145170 0.0364413563 0.0550507028 0.0582552953 0.0608984534 0.0172642671 0.0360187034 0.0618005335 
Optimizing NNI: done in 26.2002 secs using 399.1% CPU
UFBoot tree 321: -156358.7656250000 -> -156015.8582939564
Alignment state count time was 0.0005391100 seconds.
Empirical state frequencies: 0.1047628639 0.0398755078 0.0316986761 0.0476364426 0.0179592222 0.0320700127 0.0481191802 0.0603435808 0.0403953791 0.0558207011 0.1053644292 0.0508002304 0.0200090002 0.0506739759 0.0497679146 0.0563405723 0.0570758188 0.0178849549 0.0439007965 0.0695007411 
Optimizing NNI: done in 10.3361 secs using 398.8% CPU
UFBoot tree 322: -135717.3906250000 -> -134807.4124557816
Alignment state count time was 0.0005627780 seconds.
Empirical state frequencies: 0.0978564376 0.0441151370 0.0315581755 0.0518558247 0.0159867116 0.0322996737 0.0506153743 0.0712248685 0.0396107082 0.0585085195 0.1006699732 0.0497491380 0.0245381964 0.0442052256 0.0455981336 0.0583976413 0.0727563743 0.0114892126 0.0349538218 0.0640108526 
Optimizing NNI: done in 28.9645 secs using 379.4% CPU
UFBoot tree 323: -149514.1250000000 -> -148785.5454968477
Alignment state count time was 0.0003404000 seconds.
Empirical state frequencies: 0.1024639430 0.0391714984 0.0313651430 0.0609471211 0.0125516941 0.0365009031 0.0504237830 0.0907544100 0.0341947812 0.0528558139 0.0868578591 0.0541414107 0.0162163075 0.0390787233 0.0547378215 0.0607880782 0.0641677397 0.0112329635 0.0359243726 0.0656256329 
Optimizing NNI: done in 15.8601 secs using 376.7% CPU
UFBoot tree 324: -155173.4843750000 -> -154457.0812715869
Alignment state count time was 0.0006340190 seconds.
Empirical state frequencies: 0.1075092700 0.0429163048 0.0324025576 0.0658319014 0.0145086500 0.0319454381 0.0498592205 0.0861571544 0.0288449758 0.0602669690 0.0975188914 0.0512703283 0.0174236146 0.0381132382 0.0431746767 0.0603464680 0.0683559957 0.0127861709 0.0288317260 0.0619364487 
Optimizing NNI: done in 17.2292 secs using 389.5% CPU
UFBoot tree 325: -155426.9218750000 -> -154654.8549403665
Alignment state count time was 0.0003633110 seconds.
Empirical state frequencies: 0.1068998973 0.0435224404 0.0337826777 0.0584843429 0.0111074060 0.0340659370 0.0512212834 0.0729959357 0.0351408698 0.0581357161 0.1001960934 0.0484322686 0.0156758704 0.0386561906 0.0618689286 0.0586877086 0.0668005460 0.0084273371 0.0327513232 0.0631472271 
Optimizing NNI: done in 17.3778 secs using 399.3% CPU
UFBoot tree 326: -143891.2031250000 -> -143105.2715696511
Alignment state count time was 0.0003423230 seconds.
Empirical state frequencies: 0.1123332392 0.0433479445 0.0400981900 0.0587534263 0.0190433461 0.0366770350 0.0513489224 0.0773126782 0.0302392302 0.0510678254 0.0820776135 0.0476946626 0.0147171961 0.0400022057 0.0524390299 0.0669806528 0.0735350100 0.0094243470 0.0336123931 0.0592950520 
Optimizing NNI: done in 17.4684 secs using 399.2% CPU
UFBoot tree 327: -153146.4375000000 -> -152386.0873613939
Alignment state count time was 0.0003175701 seconds.
Empirical state frequencies: 0.1025633904 0.0435203662 0.0354986440 0.0541682901 0.0118986083 0.0360496454 0.0468764659 0.0764802704 0.0415453481 0.0568803621 0.1030929243 0.0540108611 0.0157627743 0.0445865898 0.0510483339 0.0576460394 0.0598572011 0.0111830221 0.0357634109 0.0615674523 
Optimizing NNI: done in 12.9868 secs using 399.4% CPU
UFBoot tree 328: -145405.3281250000 -> -144730.1405071087
Alignment state count time was 0.0003380090 seconds.
Empirical state frequencies: 0.1132494848 0.0363798534 0.0319230645 0.0535218611 0.0202622421 0.0306858067 0.0446614986 0.0973247793 0.0252378811 0.0561427190 0.0836949874 0.0466105122 0.0197034805 0.0427723522 0.0582846385 0.0629742448 0.0732381632 0.0086213754 0.0353355014 0.0593755540 
Optimizing NNI: done in 18.1673 secs using 392.1% CPU
UFBoot tree 329: -149231.2187500000 -> -148467.3984937680
Alignment state count time was 0.0003064590 seconds.
Empirical state frequencies: 0.1043723655 0.0429638040 0.0349437712 0.0553326304 0.0166359722 0.0296339564 0.0450241228 0.0690358244 0.0340657159 0.0622741071 0.1005628499 0.0518273230 0.0213788536 0.0401014819 0.0504860416 0.0659522601 0.0636084746 0.0133311655 0.0351304444 0.0633388356 
Optimizing NNI: done in 12.1978 secs using 398.9% CPU
UFBoot tree 330: -145898.4687500000 -> -144989.4346372893
Alignment state count time was 0.0005090070 seconds.
Empirical state frequencies: 0.1022340177 0.0411333346 0.0318717422 0.0505671021 0.0205655691 0.0294110713 0.0448924937 0.0758983822 0.0364056899 0.0593767345 0.0959281001 0.0503805790 0.0228540648 0.0479629519 0.0534008194 0.0625332803 0.0745568502 0.0107587552 0.0305015144 0.0587669473 
Optimizing NNI: done in 15.3988 secs using 399.1% CPU
UFBoot tree 331: -143553.8750000000 -> -142893.7217162449
Alignment state count time was 0.0003630579 seconds.
Empirical state frequencies: 0.1084803276 0.0438815917 0.0355055076 0.0656953177 0.0128769605 0.0353259707 0.0499513179 0.0820055490 0.0279304340 0.0647147703 0.0811492964 0.0565251283 0.0218607078 0.0415752338 0.0542049599 0.0501515705 0.0573054231 0.0101770026 0.0362581812 0.0644247493 
Optimizing NNI: done in 12.1985 secs using 398.7% CPU
UFBoot tree 332: -150047.7187500000 -> -149326.8722222108
Alignment state count time was 0.0003181120 seconds.
Empirical state frequencies: 0.1048248172 0.0428244613 0.0325751940 0.0625798890 0.0128337871 0.0358350498 0.0533821881 0.0663164550 0.0306753640 0.0535223970 0.0969941526 0.0572729839 0.0158272462 0.0371880653 0.0585138322 0.0637576434 0.0685457758 0.0128057453 0.0282497508 0.0654752019 
Optimizing NNI: done in 14.108 secs using 399.2% CPU
UFBoot tree 333: -152844.7812500000 -> -152094.8641475327
Alignment state count time was 0.0003093490 seconds.
Empirical state frequencies: 0.1014888283 0.0466771617 0.0399341488 0.0532508940 0.0141329552 0.0341574464 0.0454569303 0.0705457346 0.0369294172 0.0549295938 0.0965232623 0.0528982259 0.0207066874 0.0416481155 0.0574617504 0.0608403102 0.0614186857 0.0133218187 0.0383471427 0.0593308910 
Optimizing NNI: done in 12.6715 secs using 399% CPU
UFBoot tree 334: -148674.6562500000 -> -147883.7922222317
Alignment state count time was 0.0029324719 seconds.
Empirical state frequencies: 0.1053669359 0.0476563173 0.0354926724 0.0651411062 0.0104515706 0.0353124168 0.0517805644 0.0813496857 0.0258093439 0.0495093444 0.0877091017 0.0585798039 0.0173517533 0.0377999435 0.0555082493 0.0604400413 0.0602453653 0.0159457599 0.0362209048 0.0623291195 
Optimizing NNI: done in 17.7591 secs using 398.9% CPU
UFBoot tree 335: -143587.6093750000 -> -142748.1365249066
Alignment state count time was 0.0003856060 seconds.
Empirical state frequencies: 0.1089920117 0.0417935958 0.0321219837 0.0482895575 0.0188062956 0.0339268002 0.0464227435 0.0694858185 0.0433022020 0.0668199254 0.1102388506 0.0492746291 0.0202391270 0.0397614551 0.0479933472 0.0592080085 0.0580576102 0.0094171166 0.0277477147 0.0681012073 
Optimizing NNI: done in 15.3534 secs using 399.6% CPU
UFBoot tree 336: -151241.8281250000 -> -150674.7252947772
Alignment state count time was 0.0003164780 seconds.
Empirical state frequencies: 0.1024666579 0.0504670273 0.0344378469 0.0582081175 0.0171692612 0.0339670114 0.0464095328 0.0670432078 0.0415350002 0.0569340919 0.0954456692 0.0570725729 0.0180001474 0.0388346199 0.0481751661 0.0632765235 0.0703252085 0.0105013991 0.0316266818 0.0581042567 
Optimizing NNI: done in 17.883 secs using 380.4% CPU
UFBoot tree 337: -149865.1406250000 -> -149179.3360218484
Alignment state count time was 0.0003202650 seconds.
Empirical state frequencies: 0.0988697305 0.0426772116 0.0320928312 0.0585537822 0.0151838142 0.0326415439 0.0541496403 0.0666689552 0.0366991304 0.0606692143 0.1026096412 0.0471174530 0.0206420622 0.0425400334 0.0436013594 0.0587342798 0.0763508475 0.0114800030 0.0311614635 0.0675570034 
Optimizing NNI: done in 16.0215 secs using 366.9% CPU
UFBoot tree 338: -144545.5000000000 -> -143730.3006464361
Alignment state count time was 0.0003513430 seconds.
Empirical state frequencies: 0.1123011752 0.0400601611 0.0325709033 0.0534942818 0.0104909917 0.0375707939 0.0525352054 0.0775064502 0.0362238558 0.0531628363 0.1019064803 0.0530147436 0.0207728541 0.0453139248 0.0456312663 0.0516466494 0.0591147511 0.0104627835 0.0412872147 0.0649326774 
Optimizing NNI: done in 10.4014 secs using 399.3% CPU
UFBoot tree 339: -147339.2187500000 -> -146470.0154031020
Alignment state count time was 0.0003145850 seconds.
Empirical state frequencies: 0.1086513495 0.0430018256 0.0326524376 0.0437914247 0.0162753066 0.0329767372 0.0504184170 0.0659283990 0.0303047903 0.0655970494 0.1098921480 0.0560795605 0.0155632574 0.0387929805 0.0517508655 0.0612049045 0.0678600968 0.0173116554 0.0320249883 0.0599218060 
Optimizing NNI: done in 18.7657 secs using 384.3% CPU
UFBoot tree 340: -146983.8281250000 -> -146141.8356151046
Alignment state count time was 0.0003267360 seconds.
Empirical state frequencies: 0.1092421106 0.0441392687 0.0320871613 0.0541122703 0.0121009175 0.0332943841 0.0485389251 0.0693836384 0.0325231029 0.0695781354 0.1057411645 0.0554469221 0.0240725434 0.0356752957 0.0440252533 0.0591960195 0.0621000610 0.0113967042 0.0264333346 0.0709127873 
Optimizing NNI: done in 18.3637 secs using 378.5% CPU
UFBoot tree 341: -154551.2968750000 -> -153623.8807560655
Alignment state count time was 0.0003283130 seconds.
Empirical state frequencies: 0.1070925584 0.0466730228 0.0368368026 0.0627397703 0.0165150610 0.0317460060 0.0480890517 0.0652609924 0.0363809103 0.0689564825 0.1028997314 0.0567233743 0.0220962871 0.0364637998 0.0446422302 0.0524407503 0.0544024684 0.0147260293 0.0317321911 0.0635824801 
Optimizing NNI: done in 13.0959 secs using 398.5% CPU
UFBoot tree 342: -149901.4062500000 -> -149100.2795002575
Alignment state count time was 0.0004008169 seconds.
Empirical state frequencies: 0.1001108165 0.0447874083 0.0423790849 0.0664827291 0.0098395053 0.0305347595 0.0472161413 0.0744424423 0.0372903110 0.0517606613 0.0979610137 0.0449778972 0.0205204879 0.0385829140 0.0559310068 0.0669385418 0.0611830569 0.0100163878 0.0319566228 0.0670882116 
Optimizing NNI: done in 19.5555 secs using 399.3% CPU
UFBoot tree 343: -147631.1562500000 -> -146800.0783653877
Alignment state count time was 0.0003113120 seconds.
Empirical state frequencies: 0.1056237138 0.0449695203 0.0320585280 0.0537805858 0.0137839799 0.0314473161 0.0500377715 0.0773088089 0.0358631502 0.0616576646 0.1014963168 0.0540346851 0.0188659662 0.0362614681 0.0570426716 0.0610395852 0.0574890623 0.0117580529 0.0330817928 0.0623993599 
Optimizing NNI: done in 16.9805 secs using 399.1% CPU
UFBoot tree 344: -147875.3125000000 -> -147095.0161487338
Alignment state count time was 0.0004271560 seconds.
Empirical state frequencies: 0.1038710345 0.0496760222 0.0314555087 0.0511792793 0.0125481622 0.0322265760 0.0469416492 0.0832854828 0.0296347533 0.0588186767 0.0941970563 0.0571728693 0.0212955638 0.0398270960 0.0549762996 0.0530972281 0.0762875616 0.0105654179 0.0350387036 0.0579050592 
Optimizing NNI: done in 22.9031 secs using 398.7% CPU
UFBoot tree 345: -158743.2343750000 -> -157785.6565318640
Alignment state count time was 0.0003096401 seconds.
Empirical state frequencies: 0.1111573391 0.0464572059 0.0303963573 0.0558169449 0.0169736871 0.0352841452 0.0445075443 0.0771609673 0.0300827753 0.0569962856 0.1023361430 0.0572962335 0.0227135999 0.0401446652 0.0448143092 0.0592186271 0.0629679763 0.0162647193 0.0280853948 0.0613250797 
Optimizing NNI: done in 19.0841 secs using 399.1% CPU
UFBoot tree 346: -150786.8437500000 -> -150005.6360511535
Alignment state count time was 0.0005064470 seconds.
Empirical state frequencies: 0.1218383465 0.0559555972 0.0330237515 0.0456046691 0.0156995666 0.0335394820 0.0469847928 0.0742240773 0.0294136384 0.0531009201 0.0939162640 0.0570524323 0.0155324990 0.0384134980 0.0508636669 0.0629942283 0.0624712340 0.0128303620 0.0366338647 0.0599071094 
Optimizing NNI: done in 23.0864 secs using 380.2% CPU
UFBoot tree 347: -146863.6718750000 -> -145660.6007290714
Alignment state count time was 0.0003568880 seconds.
Empirical state frequencies: 0.1074866451 0.0414252098 0.0382018214 0.0673853853 0.0119315661 0.0369615019 0.0454346147 0.0766949926 0.0318920565 0.0561503982 0.0888818527 0.0612270548 0.0161573058 0.0396079976 0.0473455721 0.0608592856 0.0623592068 0.0177942390 0.0312430521 0.0609602418 
Optimizing NNI: done in 18.9775 secs using 396.7% CPU
UFBoot tree 348: -144352.5937500000 -> -143473.3660473739
Alignment state count time was 0.0003116759 seconds.
Empirical state frequencies: 0.1024688041 0.0415699909 0.0282113669 0.0488109877 0.0126939785 0.0289016302 0.0452446276 0.0709535499 0.0326574743 0.0690722442 0.1170455397 0.0539744275 0.0192447120 0.0468417073 0.0602544696 0.0555309034 0.0604980919 0.0081057581 0.0316288467 0.0662908893 
Optimizing NNI: done in 12.2983 secs using 399.2% CPU
UFBoot tree 349: -149421.1562500000 -> -148455.2090729035
Alignment state count time was 0.0003122260 seconds.
Empirical state frequencies: 0.1115211232 0.0409206387 0.0388076084 0.0660874615 0.0223386080 0.0345534676 0.0526651560 0.0665367437 0.0199658364 0.0564138543 0.0923072895 0.0531144382 0.0143427890 0.0414401212 0.0600502320 0.0578108411 0.0626195646 0.0099763277 0.0323351368 0.0661927620 
Optimizing NNI: done in 14.7863 secs using 369.3% CPU
UFBoot tree 350: -146097.5937500000 -> -145324.8096591148
Alignment state count time was 0.0007423040 seconds.
Empirical state frequencies: 0.1019939237 0.0457326537 0.0396762575 0.0549022143 0.0177753499 0.0299629127 0.0463104244 0.0754504588 0.0424699487 0.0536719026 0.0921922140 0.0538894163 0.0233695296 0.0394111627 0.0564519992 0.0610877593 0.0658526681 0.0077765184 0.0299629127 0.0620597735 
Optimizing NNI: done in 14.3711 secs using 399.1% CPU
UFBoot tree 351: -151173.0937500000 -> -150745.0332934556
Alignment state count time was 0.0003317520 seconds.
Empirical state frequencies: 0.1057824695 0.0450423526 0.0369789577 0.0467608937 0.0144316984 0.0318439569 0.0476957801 0.0847887713 0.0369858319 0.0544255871 0.0985439743 0.0504866908 0.0271214060 0.0446711477 0.0530301317 0.0545768187 0.0628876835 0.0087398903 0.0278500674 0.0673558903 
Optimizing NNI: done in 14.9467 secs using 399.2% CPU
UFBoot tree 352: -143743.9062500000 -> -143040.6543360068
Alignment state count time was 0.0005546060 seconds.
Empirical state frequencies: 0.1067237582 0.0422934211 0.0351556437 0.0548876327 0.0158297149 0.0328017633 0.0471026969 0.0777221756 0.0332078235 0.0550652841 0.0912617463 0.0566641462 0.0191099201 0.0381249591 0.0599316621 0.0625520195 0.0759520069 0.0083873923 0.0270661627 0.0601600709 
Optimizing NNI: done in 24.6386 secs using 370.4% CPU
UFBoot tree 353: -161995.9218750000 -> -161251.4472516117
Alignment state count time was 0.0005279040 seconds.
Empirical state frequencies: 0.1139987240 0.0413387726 0.0282702490 0.0644800021 0.0142074519 0.0365363664 0.0542058421 0.0724471876 0.0271070140 0.0572081583 0.0870298663 0.0532765538 0.0162284916 0.0462191611 0.0441266377 0.0606588724 0.0729215795 0.0156631204 0.0330141686 0.0610617806 
Optimizing NNI: done in 21.2243 secs using 371.6% CPU
UFBoot tree 354: -157761.9375000000 -> -156977.3607794655
Alignment state count time was 0.0003107820 seconds.
Empirical state frequencies: 0.1136805548 0.0426264192 0.0351245255 0.0549824795 0.0179482439 0.0348258075 0.0482749039 0.0749015349 0.0399311687 0.0545751368 0.1030489117 0.0485328876 0.0169909887 0.0388381326 0.0599724269 0.0562859759 0.0577659876 0.0084775273 0.0334136863 0.0598027008 
Optimizing NNI: done in 19.2122 secs using 390.5% CPU
UFBoot tree 355: -151236.0312500000 -> -150293.2821100940
Alignment state count time was 0.0003096289 seconds.
Empirical state frequencies: 0.1058712701 0.0469784241 0.0363958534 0.0572922311 0.0150963301 0.0382570420 0.0487522645 0.0749298490 0.0560895136 0.0502103076 0.0908137837 0.0564792209 0.0234481621 0.0389692658 0.0502640603 0.0533212474 0.0634469199 0.0105407853 0.0289376607 0.0539058085 
Optimizing NNI: done in 15.8627 secs using 399.2% CPU
UFBoot tree 356: -152207.0468750000 -> -151813.2268117359
Alignment state count time was 0.0003384560 seconds.
Empirical state frequencies: 0.1133241960 0.0399598962 0.0283880916 0.0579261146 0.0191225793 0.0371627604 0.0450902198 0.0742248098 0.0304859435 0.0585850553 0.0943359472 0.0527823433 0.0233787979 0.0368400140 0.0451440109 0.0679648736 0.0659813278 0.0140325990 0.0357305731 0.0595398468 
Optimizing NNI: done in 11.4488 secs using 398.9% CPU
UFBoot tree 357: -149417.6562500000 -> -148541.1612422533
Alignment state count time was 0.0003157341 seconds.
Empirical state frequencies: 0.1107812190 0.0481173728 0.0347599329 0.0660014621 0.0128637442 0.0360602146 0.0525258147 0.0676702729 0.0332580031 0.0437367444 0.0878281169 0.0591941046 0.0143865341 0.0498348573 0.0530473181 0.0633313648 0.0572332519 0.0138302638 0.0461008931 0.0494385147 
Optimizing NNI: done in 19.8793 secs using 399.3% CPU
UFBoot tree 358: -153505.1875000000 -> -152811.4320449881
Alignment state count time was 0.0007663370 seconds.
Empirical state frequencies: 0.1015653959 0.0460408330 0.0371923249 0.0531321906 0.0179473426 0.0320673024 0.0442906553 0.0632636975 0.0378756612 0.0553634929 0.0982114696 0.0547568576 0.0259870037 0.0558446174 0.0576924146 0.0584873161 0.0550636616 0.0112464629 0.0335804043 0.0603908958 
Optimizing NNI: done in 16.7127 secs using 384.9% CPU
UFBoot tree 359: -143778.4218750000 -> -143185.7584890987
Alignment state count time was 0.0008619670 seconds.
Empirical state frequencies: 0.1105784629 0.0378779021 0.0400362217 0.0720141643 0.0156054357 0.0333245438 0.0455782296 0.0724945644 0.0282002752 0.0623226128 0.0985336468 0.0477643986 0.0211335189 0.0352113330 0.0497904341 0.0597047799 0.0576021588 0.0124166925 0.0394304998 0.0603801251 
Optimizing NNI: done in 20.7961 secs using 393.8% CPU
UFBoot tree 360: -145801.2500000000 -> -145103.0141203290
Alignment state count time was 0.0002745121 seconds.
Empirical state frequencies: 0.1034679902 0.0427924181 0.0401228090 0.0560679199 0.0158424241 0.0330643045 0.0423426470 0.0927170101 0.0310403346 0.0602319298 0.0988759724 0.0562057530 0.0181420602 0.0394481524 0.0454112466 0.0578162237 0.0654840955 0.0108514158 0.0321937798 0.0578815131 
Optimizing NNI: done in 22.1656 secs using 374.4% CPU
UFBoot tree 361: -137366.4375000000 -> -136663.2002835910
Alignment state count time was 0.0007869069 seconds.
Empirical state frequencies: 0.1067399640 0.0415887776 0.0360215384 0.0645545018 0.0160222490 0.0358835647 0.0479700618 0.0640922899 0.0410092881 0.0545652052 0.0893138843 0.0552205803 0.0199200063 0.0447207809 0.0509916860 0.0598220036 0.0609464893 0.0110827901 0.0412714381 0.0582629006 
Optimizing NNI: done in 18.3967 secs using 396.5% CPU
UFBoot tree 362: -146912.8125000000 -> -146150.0918032233
Alignment state count time was 0.0003232199 seconds.
Empirical state frequencies: 0.0981585629 0.0411539151 0.0339195071 0.0584211412 0.0125755850 0.0298773593 0.0446985678 0.0943237048 0.0353498055 0.0634030019 0.0981654726 0.0490654693 0.0209984536 0.0398756291 0.0514078421 0.0558714787 0.0626291206 0.0099153681 0.0306166923 0.0695733232 
Optimizing NNI: done in 16.6983 secs using 399.1% CPU
UFBoot tree 363: -149619.3437500000 -> -148902.4626610476
Alignment state count time was 0.0003109340 seconds.
Empirical state frequencies: 0.1163715887 0.0482483277 0.0373694845 0.0509749064 0.0114086087 0.0357555147 0.0475615320 0.0739962968 0.0442031013 0.0486810089 0.0860083528 0.0563593844 0.0192861549 0.0400411196 0.0563456485 0.0679524950 0.0678769475 0.0086202184 0.0286059719 0.0543333372 
Optimizing NNI: done in 20.0276 secs using 398.6% CPU
UFBoot tree 364: -151673.8125000000 -> -151037.5977333336
Alignment state count time was 0.0004927900 seconds.
Empirical state frequencies: 0.1144447987 0.0442748716 0.0403262707 0.0622903628 0.0158805927 0.0328472369 0.0504925468 0.0790582059 0.0394145278 0.0501909176 0.0850016728 0.0572723493 0.0230031557 0.0331762870 0.0462080407 0.0605697052 0.0652792343 0.0122541867 0.0326004493 0.0554145874 
Optimizing NNI: done in 21.6839 secs using 395.6% CPU
UFBoot tree 365: -150377.5312500000 -> -149679.8328102857
Alignment state count time was 0.0003527751 seconds.
Empirical state frequencies: 0.0976184170 0.0444420796 0.0369302054 0.0527471330 0.0132614697 0.0360903686 0.0435622505 0.0696838432 0.0367235789 0.0615320933 0.1014043482 0.0530537402 0.0155610230 0.0493277972 0.0447020291 0.0600257192 0.0688440063 0.0157276573 0.0388764940 0.0598857464 
Optimizing NNI: done in 15.6258 secs using 393.2% CPU
UFBoot tree 366: -153785.9062500000 -> -153041.7000792797
Alignment state count time was 0.0005586450 seconds.
Empirical state frequencies: 0.1026782056 0.0421452237 0.0396990278 0.0572577387 0.0132745846 0.0303426742 0.0528974291 0.0831500998 0.0276131619 0.0640227831 0.0849882018 0.0506170771 0.0235707196 0.0348342768 0.0564077893 0.0666210025 0.0706496244 0.0088935445 0.0294512639 0.0608855715 
Optimizing NNI: done in 14.769 secs using 399.3% CPU
UFBoot tree 367: -149395.3750000000 -> -148689.5016327776
Alignment state count time was 0.0003102811 seconds.
Empirical state frequencies: 0.1020270918 0.0426529263 0.0330546978 0.0672235980 0.0185912515 0.0347337267 0.0542408702 0.0932815985 0.0336892914 0.0550737743 0.0952779242 0.0563826236 0.0245736185 0.0371729460 0.0456474149 0.0556620955 0.0504994120 0.0105398450 0.0289827221 0.0606925720 
Optimizing NNI: done in 14.4422 secs using 399% CPU
UFBoot tree 368: -153405.1875000000 -> -152614.5190717058
Alignment state count time was 0.0003544110 seconds.
Empirical state frequencies: 0.0945861141 0.0447732023 0.0392012723 0.0634032313 0.0189558818 0.0332166068 0.0466233962 0.0843744672 0.0316154775 0.0577672562 0.1015741540 0.0518679842 0.0149566166 0.0364330977 0.0540597523 0.0626916183 0.0599020952 0.0135191583 0.0274667736 0.0630118442 
Optimizing NNI: done in 15.4821 secs using 398.8% CPU
UFBoot tree 369: -141392.6562500000 -> -140469.0653198694
Alignment state count time was 0.0005399380 seconds.
Empirical state frequencies: 0.1127530564 0.0504823553 0.0393526143 0.0551696118 0.0116811795 0.0321455419 0.0459214220 0.0778811978 0.0384417574 0.0652821183 0.0929269588 0.0547241562 0.0157168741 0.0406956296 0.0428564216 0.0566721933 0.0519915854 0.0124125245 0.0381425708 0.0647502311 
Optimizing NNI: done in 12.7299 secs using 392.4% CPU
UFBoot tree 370: -156369.4062500000 -> -155760.6741689242
Alignment state count time was 0.0003586611 seconds.
Empirical state frequencies: 0.1068692939 0.0459173941 0.0348379788 0.0496508397 0.0126640328 0.0329863711 0.0426374035 0.0730339988 0.0368785259 0.0590902598 0.1003319854 0.0532784791 0.0156266050 0.0398940012 0.0617202983 0.0604959700 0.0687564073 0.0109560193 0.0317469277 0.0626272082 
Optimizing NNI: done in 11.7494 secs using 399.4% CPU
UFBoot tree 371: -141769.3125000000 -> -141115.9105903790
Alignment state count time was 0.0004989951 seconds.
Empirical state frequencies: 0.1048827587 0.0441556631 0.0334573577 0.0596152311 0.0107622208 0.0359704258 0.0463521750 0.0640857790 0.0371914281 0.0587947693 0.0999212258 0.0557907162 0.0201555397 0.0413906421 0.0388646534 0.0663533546 0.0650289871 0.0157043728 0.0355763457 0.0659463539 
Optimizing NNI: done in 16.7628 secs using 399% CPU
UFBoot tree 372: -158341.3437500000 -> -157505.9945388028
Alignment state count time was 0.0003681490 seconds.
Empirical state frequencies: 0.1055158433 0.0414223604 0.0311112116 0.0569803949 0.0172810672 0.0357540381 0.0558987076 0.0847319950 0.0279574610 0.0528924599 0.0891149356 0.0526325740 0.0193250347 0.0381281310 0.0514736233 0.0623958552 0.0679236986 0.0136918321 0.0355784396 0.0601903370 
Optimizing NNI: done in 17.1416 secs using 399.3% CPU
UFBoot tree 373: -147432.6875000000 -> -146606.6680439896
Alignment state count time was 0.0003203540 seconds.
Empirical state frequencies: 0.1102686896 0.0409954481 0.0329413864 0.0618542908 0.0156905971 0.0324219929 0.0509747285 0.0745551930 0.0361824018 0.0556908214 0.1061481679 0.0494996509 0.0228097506 0.0447835580 0.0408015412 0.0593958283 0.0640911455 0.0109606537 0.0307599337 0.0591742204 
Optimizing NNI: done in 21.5792 secs using 387.1% CPU
UFBoot tree 374: -151005.1250000000 -> -150241.7135700167
Alignment state count time was 0.0003525960 seconds.
Empirical state frequencies: 0.1087401032 0.0461450795 0.0317948745 0.0570905053 0.0184333783 0.0325886267 0.0493827532 0.0770805290 0.0250062039 0.0566797037 0.1097845141 0.0513671338 0.0142696604 0.0413477524 0.0602724770 0.0505942698 0.0621733047 0.0106838498 0.0328253598 0.0637399210 
Optimizing NNI: done in 10.4427 secs using 398.9% CPU
UFBoot tree 375: -150974.5625000000 -> -150128.3380574065
Alignment state count time was 0.0003010160 seconds.
Empirical state frequencies: 0.1148266113 0.0403691992 0.0314329485 0.0514901691 0.0163781226 0.0286356911 0.0472636561 0.0750864989 0.0352238789 0.0588882685 0.1022899976 0.0489311210 0.0171267803 0.0392666306 0.0565402057 0.0589835522 0.0733577802 0.0109741752 0.0272268534 0.0657078596 
Optimizing NNI: done in 37.2934 secs using 374.6% CPU
UFBoot tree 376: -148002.4687500000 -> -147018.3223380739
Alignment state count time was 0.0003139430 seconds.
Empirical state frequencies: 0.1116822282 0.0444244339 0.0307366996 0.0679571591 0.0148111709 0.0390941770 0.0540280301 0.0766212731 0.0339009280 0.0539693125 0.0809402817 0.0573488388 0.0180536894 0.0345598704 0.0594235288 0.0591168922 0.0630901192 0.0083000370 0.0304757323 0.0614655978 
Optimizing NNI: done in 16.3868 secs using 399.1% CPU
UFBoot tree 377: -156786.8750000000 -> -155921.9736301303
Alignment state count time was 0.0003403870 seconds.
Empirical state frequencies: 0.1045420411 0.0384001520 0.0329648652 0.0589212728 0.0129166760 0.0392432041 0.0557546871 0.0698124088 0.0385852122 0.0632050739 0.0991136083 0.0513680747 0.0162751761 0.0389142081 0.0399697367 0.0589418351 0.0798604926 0.0099420045 0.0284617334 0.0628075372 
Optimizing NNI: done in 13.2508 secs using 399.3% CPU
UFBoot tree 378: -146373.1250000000 -> -145495.4111551240
Alignment state count time was 0.0003076250 seconds.
Empirical state frequencies: 0.1094637111 0.0464971194 0.0403210700 0.0539208556 0.0161436733 0.0313030674 0.0537614290 0.0799975088 0.0261944833 0.0571509780 0.0875044242 0.0605613218 0.0268252582 0.0363769935 0.0449791005 0.0617188979 0.0677493839 0.0129828668 0.0307069504 0.0558409069 
Optimizing NNI: done in 23.4407 secs using 396.5% CPU
UFBoot tree 379: -149764.4375000000 -> -148941.9556505107
Alignment state count time was 0.0005731240 seconds.
Empirical state frequencies: 0.1087932851 0.0459521395 0.0438188708 0.0617343150 0.0143744136 0.0354997918 0.0510144729 0.0719191682 0.0349714902 0.0548530190 0.0887178228 0.0568525404 0.0162736246 0.0417926000 0.0515895861 0.0569194140 0.0651716194 0.0128095708 0.0312666914 0.0556755646 
Optimizing NNI: done in 19.1458 secs using 388.6% CPU
UFBoot tree 380: -151383.1406250000 -> -150655.8445325684
Alignment state count time was 0.0009316910 seconds.
Empirical state frequencies: 0.1237795288 0.0407670616 0.0300192682 0.0547802811 0.0168782707 0.0352742256 0.0519689871 0.0783879426 0.0418699539 0.0451065463 0.0924732466 0.0557317960 0.0243606379 0.0327945200 0.0536413466 0.0613399672 0.0674238959 0.0084155548 0.0266240900 0.0583628789 
Optimizing NNI: done in 25.5709 secs using 385.9% CPU
UFBoot tree 381: -142194.3906250000 -> -141616.0804640796
Alignment state count time was 0.0003798800 seconds.
Empirical state frequencies: 0.0974488882 0.0445914766 0.0423664726 0.0625000452 0.0115013260 0.0320215608 0.0457446799 0.0708166760 0.0323200370 0.0592235912 0.0955766288 0.0521279992 0.0152933297 0.0384252308 0.0475694545 0.0701586717 0.0679879361 0.0153272474 0.0410911655 0.0579075827 
Optimizing NNI: done in 18.6278 secs using 376.3% CPU
UFBoot tree 382: -150806.8125000000 -> -150217.8068336701
Alignment state count time was 0.0005396670 seconds.
Empirical state frequencies: 0.1064537880 0.0468242148 0.0374327331 0.0751324219 0.0144116346 0.0372426506 0.0572083495 0.0808067354 0.0260841059 0.0487884003 0.0795395190 0.0568845053 0.0175092747 0.0399178853 0.0559622533 0.0656846194 0.0591584547 0.0091526864 0.0300758377 0.0557299303 
Optimizing NNI: done in 11.7197 secs using 390.9% CPU
UFBoot tree 383: -146394.0156250000 -> -145633.1096307998
Alignment state count time was 0.0003225580 seconds.
Empirical state frequencies: 0.1014712016 0.0417988670 0.0366064316 0.0594233211 0.0159451484 0.0348982153 0.0514923168 0.0804370934 0.0238083664 0.0554713762 0.1055587193 0.0538512822 0.0211782556 0.0474929214 0.0534310067 0.0557628576 0.0583251821 0.0141623671 0.0340847789 0.0548002912 
Optimizing NNI: done in 16.6391 secs using 398.8% CPU
UFBoot tree 384: -155467.8906250000 -> -154547.7961273620
Alignment state count time was 0.0003385170 seconds.
Empirical state frequencies: 0.0927122346 0.0458069279 0.0327418471 0.0587778068 0.0208216818 0.0311766461 0.0496184822 0.0784515142 0.0282346478 0.0607415544 0.0912484818 0.0541039426 0.0218796418 0.0404084336 0.0599372150 0.0638792027 0.0705530460 0.0147492816 0.0272563972 0.0569010148 
Optimizing NNI: done in 13.1831 secs using 398.2% CPU
UFBoot tree 385: -135259.4687500000 -> -134477.5576945648
Alignment state count time was 0.0005514310 seconds.
Empirical state frequencies: 0.1005900224 0.0422964809 0.0325164270 0.0584377139 0.0143169623 0.0321503656 0.0459018397 0.0803461397 0.0270324137 0.0697303608 0.1083532855 0.0495762667 0.0161748962 0.0425796604 0.0440508126 0.0562620663 0.0634313431 0.0154634940 0.0325440542 0.0682453950 
Optimizing NNI: done in 28.5116 secs using 391.1% CPU
UFBoot tree 386: -143718.8593750000 -> -142874.6771194926
Alignment state count time was 0.0003316291 seconds.
Empirical state frequencies: 0.1100760737 0.0511860680 0.0400143764 0.0517574240 0.0121053131 0.0313364861 0.0451498592 0.0705583995 0.0335345265 0.0537874185 0.0899172873 0.0631845453 0.0177987083 0.0372920328 0.0580288971 0.0576054214 0.0727833272 0.0122128625 0.0296358616 0.0620351114 
Optimizing NNI: done in 22.0226 secs using 372.4% CPU
UFBoot tree 387: -155536.4687500000 -> -154784.9771775408
Alignment state count time was 0.0003858301 seconds.
Empirical state frequencies: 0.1052085976 0.0446111534 0.0312344619 0.0501750318 0.0193364278 0.0333527246 0.0483525005 0.0742805864 0.0335934363 0.0533524259 0.0884000454 0.0516399342 0.0235316884 0.0436620617 0.0503744786 0.0659519625 0.0749477016 0.0131191891 0.0343843461 0.0604912463 
Optimizing NNI: done in 10.2999 secs using 399.2% CPU
UFBoot tree 388: -148954.6875000000 -> -148213.6220474990
Alignment state count time was 0.0003155289 seconds.
Empirical state frequencies: 0.0988615202 0.0472502175 0.0333660697 0.0555723840 0.0139338109 0.0348918002 0.0476524555 0.0744775723 0.0437410373 0.0569247361 0.1025926248 0.0559538166 0.0165414230 0.0463139737 0.0372428122 0.0563213790 0.0703997107 0.0130253077 0.0325407882 0.0623965605 
Optimizing NNI: done in 17.9748 secs using 372.8% CPU
UFBoot tree 389: -149383.3750000000 -> -148515.0446190208
Alignment state count time was 0.0003285761 seconds.
Empirical state frequencies: 0.1026483716 0.0402556982 0.0380773459 0.0467834697 0.0160971152 0.0337570685 0.0443428409 0.0681152945 0.0420260648 0.0634598860 0.0966305822 0.0459383564 0.0215174969 0.0469073225 0.0515918729 0.0589501867 0.0588263339 0.0185450295 0.0403139819 0.0652156817 
Optimizing NNI: done in 20.7068 secs using 399.4% CPU
UFBoot tree 390: -139288.2500000000 -> -138756.3407856256
Alignment state count time was 0.0005313699 seconds.
Empirical state frequencies: 0.1090424283 0.0488505401 0.0405741555 0.0495755788 0.0155192820 0.0348969661 0.0483922610 0.0580298031 0.0466343843 0.0563403262 0.0952461740 0.0523457736 0.0182210770 0.0414907138 0.0588848015 0.0601365192 0.0593430806 0.0138298052 0.0300884550 0.0625578747 
Optimizing NNI: done in 16.8721 secs using 399% CPU
UFBoot tree 391: -152091.6875000000 -> -151295.7511658624
Alignment state count time was 0.0003135470 seconds.
Empirical state frequencies: 0.1126472129 0.0394506482 0.0349626116 0.0695705167 0.0151856593 0.0325248398 0.0517874645 0.0780040799 0.0262190427 0.0550636607 0.0863319593 0.0546831992 0.0147840611 0.0457493996 0.0524638405 0.0756790374 0.0664211410 0.0077666601 0.0253947095 0.0553102561 
Optimizing NNI: done in 20.6808 secs using 399.1% CPU
UFBoot tree 392: -149736.5625000000 -> -148845.1606442959
Alignment state count time was 0.0005094949 seconds.
Empirical state frequencies: 0.1071444864 0.0376186141 0.0346110459 0.0603409302 0.0090536139 0.0331072618 0.0473587205 0.0798832257 0.0442752732 0.0681633668 0.1018881401 0.0530496466 0.0166208212 0.0363079766 0.0492832882 0.0607962043 0.0672735129 0.0064530331 0.0272162909 0.0595545476 
Optimizing NNI: done in 19.9432 secs using 395.4% CPU
UFBoot tree 393: -148839.2500000000 -> -148275.2293695863
Alignment state count time was 0.0002922129 seconds.
Empirical state frequencies: 0.1100991254 0.0464478291 0.0351030725 0.0579590125 0.0192994660 0.0318785543 0.0495267239 0.0898782757 0.0303876480 0.0564195650 0.0979361040 0.0552199056 0.0162691123 0.0378421794 0.0480496866 0.0548801176 0.0620711400 0.0108533086 0.0300964012 0.0597827722 
Optimizing NNI: done in 14.4957 secs using 399.1% CPU
UFBoot tree 394: -152524.7968750000 -> -151570.6552519464
Alignment state count time was 0.0004308670 seconds.
Empirical state frequencies: 0.1086567521 0.0439261967 0.0298129360 0.0521628997 0.0164342449 0.0322138907 0.0469052850 0.0621408050 0.0282961855 0.0658748677 0.1006308978 0.0498911749 0.0252490815 0.0431984286 0.0539585146 0.0612497992 0.0620251783 0.0105236794 0.0404709984 0.0663781840 
Optimizing NNI: done in 16.9744 secs using 354.5% CPU
UFBoot tree 395: -147613.0000000000 -> -146965.0547460842
Alignment state count time was 0.0004898190 seconds.
Empirical state frequencies: 0.1063480211 0.0381046629 0.0311723257 0.0559451373 0.0144321152 0.0335888561 0.0461102636 0.0661377654 0.0349388731 0.0560801390 0.0981534180 0.0533531047 0.0197579322 0.0516655834 0.0539268619 0.0625939709 0.0786996734 0.0084920405 0.0334673546 0.0570319009 
Optimizing NNI: done in 8.41881 secs using 399.1% CPU
UFBoot tree 396: -147878.2500000000 -> -147246.3757388963
Alignment state count time was 0.0004231310 seconds.
Empirical state frequencies: 0.0990386700 0.0480960158 0.0394192974 0.0621163231 0.0138917568 0.0329382119 0.0481489226 0.0863873267 0.0316287681 0.0546035547 0.0777899685 0.0563296397 0.0133362352 0.0436452296 0.0507810369 0.0610978668 0.0702705867 0.0163386972 0.0332291994 0.0609126929 
Optimizing NNI: done in 20.5876 secs using 350.9% CPU
UFBoot tree 397: -155290.0000000000 -> -154621.2471270727
Alignment state count time was 0.0005257920 seconds.
Empirical state frequencies: 0.1105644415 0.0443481192 0.0367998586 0.0608452773 0.0168114575 0.0393458441 0.0503232505 0.0763833786 0.0354751182 0.0504612443 0.0980001065 0.0554773187 0.0205165908 0.0444999123 0.0498333725 0.0604726941 0.0579612070 0.0089182124 0.0298863695 0.0530762267 
Optimizing NNI: done in 34.7875 secs using 398.1% CPU
UFBoot tree 398: -149769.8125000000 -> -148730.9664199533
Alignment state count time was 0.0008866730 seconds.
Empirical state frequencies: 0.1003396737 0.0405280559 0.0301839477 0.0649925805 0.0186566435 0.0285048014 0.0451970747 0.0880542739 0.0223054214 0.0517648749 0.0897405052 0.0501424086 0.0162406566 0.0452466697 0.0526221606 0.0707314350 0.0682233430 0.0128469389 0.0411373664 0.0625411685 
Optimizing NNI: done in 22.7605 secs using 399.3% CPU
UFBoot tree 399: -139899.3437500000 -> -139184.2195553223
Alignment state count time was 0.0003464250 seconds.
Empirical state frequencies: 0.1071580891 0.0430732076 0.0295886527 0.0521692978 0.0087966394 0.0353800962 0.0526280919 0.0751156483 0.0491239694 0.0600419374 0.0924833294 0.0531932729 0.0193821479 0.0387379365 0.0606270660 0.0604342395 0.0562718473 0.0100400377 0.0342297865 0.0615247065 
Optimizing NNI: done in 16.9163 secs using 398.8% CPU
UFBoot tree 400: -153548.4062500000 -> -153066.2872423099
400 samples done
Alignment state count time was 0.0005639050 seconds.
Empirical state frequencies: 0.1119047753 0.0439443608 0.0325132312 0.0624561186 0.0149137850 0.0346646528 0.0504599004 0.0780947754 0.0244862497 0.0568188492 0.0919973167 0.0538504320 0.0214157080 0.0395462013 0.0565737506 0.0642467006 0.0610740345 0.0127759799 0.0242139179 0.0640492600 
Optimizing NNI: done in 21.0715 secs using 399.4% CPU
UFBoot tree 401: -151039.8125000000 -> -150191.1856417343
Alignment state count time was 0.0003088570 seconds.
Empirical state frequencies: 0.1142842312 0.0431385203 0.0349366660 0.0533338355 0.0150215998 0.0364741066 0.0465065573 0.0711316638 0.0268325305 0.0478225022 0.0891575022 0.0565194644 0.0201290293 0.0467997134 0.0622392642 0.0625584786 0.0651838537 0.0160899907 0.0359138528 0.0559266377 
Optimizing NNI: done in 6.67058 secs using 399% CPU
UFBoot tree 402: -162631.9687500000 -> -161913.9677137567
Alignment state count time was 0.0003060270 seconds.
Empirical state frequencies: 0.1056305061 0.0453365265 0.0424440642 0.0695990968 0.0109254645 0.0371566148 0.0475396304 0.0891569742 0.0403049214 0.0541347286 0.0868899092 0.0575317727 0.0148270905 0.0426572678 0.0387343215 0.0586759654 0.0586972857 0.0165042922 0.0306254777 0.0526280898 
Optimizing NNI: done in 15.4688 secs using 385.8% CPU
UFBoot tree 403: -143978.3750000000 -> -143225.5847933104
Alignment state count time was 0.0005284681 seconds.
Empirical state frequencies: 0.1070122411 0.0430286484 0.0374200805 0.0594607686 0.0103087222 0.0359900597 0.0492866295 0.0800779955 0.0316278401 0.0568040785 0.1013774343 0.0585161676 0.0168946897 0.0379907769 0.0532027875 0.0584308912 0.0607267962 0.0119224154 0.0274952111 0.0624257659 
Optimizing NNI: done in 23.8862 secs using 396% CPU
UFBoot tree 404: -158058.3906250000 -> -157247.9439197319
Alignment state count time was 0.0003572570 seconds.
Empirical state frequencies: 0.0972194348 0.0380745159 0.0368927363 0.0550879455 0.0145368241 0.0343124011 0.0437246807 0.0854296106 0.0301656836 0.0603185437 0.1033311231 0.0488783584 0.0240679809 0.0452141425 0.0483259289 0.0634093517 0.0676819392 0.0128725428 0.0280189007 0.0624373555 
Optimizing NNI: done in 18.6585 secs using 367.7% CPU
UFBoot tree 405: -144258.4531250000 -> -143358.0660821504
Alignment state count time was 0.0002914720 seconds.
Empirical state frequencies: 0.0874225163 0.0486953594 0.0333560290 0.0505629295 0.0118224803 0.0342399679 0.0474791126 0.0730734633 0.0464090814 0.0630045354 0.0977572904 0.0526764074 0.0208745461 0.0399689552 0.0524903150 0.0564314861 0.0659155522 0.0213530694 0.0284910421 0.0679758609 
Optimizing NNI: done in 15.087 secs using 364.6% CPU
UFBoot tree 406: -153179.9843750000 -> -152540.1734775663
Alignment state count time was 0.0114870010 seconds.
Empirical state frequencies: 0.1012901220 0.0472451494 0.0387293165 0.0569765143 0.0146745767 0.0303272177 0.0511618638 0.0682077463 0.0312086561 0.0562656769 0.1026620383 0.0548084600 0.0203328429 0.0384094397 0.0512969230 0.0700203818 0.0625708052 0.0161460102 0.0312797399 0.0563865192 
Optimizing NNI: done in 22.1049 secs using 398.8% CPU
UFBoot tree 407: -139840.7500000000 -> -138893.8726564760
Alignment state count time was 0.0003668780 seconds.
Empirical state frequencies: 0.1126232043 0.0437336627 0.0328118966 0.0422792740 0.0139948779 0.0349657769 0.0516981719 0.0794839205 0.0312536231 0.0566500189 0.0941732457 0.0589701150 0.0258931621 0.0373759067 0.0546069491 0.0626614919 0.0658472956 0.0119448825 0.0257269463 0.0633055783 
Optimizing NNI: done in 10.4051 secs using 398.1% CPU
UFBoot tree 408: -155047.8125000000 -> -154267.0797759698
Alignment state count time was 0.0004358450 seconds.
Empirical state frequencies: 0.1018317006 0.0468287297 0.0312061494 0.0514707534 0.0171531742 0.0356544771 0.0476836636 0.0781273237 0.0209001890 0.0653500701 0.1035148516 0.0567673358 0.0216682936 0.0415989391 0.0496473398 0.0534544671 0.0613960011 0.0135130262 0.0346859974 0.0675475173 
Optimizing NNI: done in 16.3813 secs using 398.4% CPU
UFBoot tree 409: -153322.0312500000 -> -152496.9559075282
Alignment state count time was 0.0003279101 seconds.
Empirical state frequencies: 0.0992570756 0.0458283117 0.0369754407 0.0624436707 0.0139346108 0.0319648715 0.0457958598 0.0963428974 0.0259093520 0.0510660440 0.0972061172 0.0498328729 0.0209377250 0.0511439285 0.0420574041 0.0587246861 0.0639689088 0.0136490343 0.0331720812 0.0597891075 
Optimizing NNI: done in 12.4712 secs using 399.2% CPU
UFBoot tree 410: -156453.9531250000 -> -155578.7911159474
Alignment state count time was 0.0005210940 seconds.
Empirical state frequencies: 0.1163781359 0.0440214979 0.0294867459 0.0675715713 0.0151558580 0.0385171684 0.0467019326 0.0823177379 0.0291847251 0.0514587606 0.0924731880 0.0520174991 0.0173681605 0.0367956497 0.0617652211 0.0656310876 0.0671487422 0.0046681850 0.0287467949 0.0525913386 
Optimizing NNI: done in 19.5429 secs using 378.5% CPU
UFBoot tree 411: -132816.1250000000 -> -132051.0686063503
Alignment state count time was 0.0004704100 seconds.
Empirical state frequencies: 0.1061347368 0.0451092446 0.0305825830 0.0485213210 0.0167045537 0.0302379971 0.0483726761 0.1000673218 0.0287988441 0.0581562138 0.0954120335 0.0457308506 0.0193801620 0.0439403551 0.0452646461 0.0555616844 0.0675478694 0.0128127597 0.0342649228 0.0673992245 
Optimizing NNI: done in 11.6353 secs using 398.8% CPU
UFBoot tree 412: -147628.1562500000 -> -146825.7649672336
Alignment state count time was 0.0004746941 seconds.
Empirical state frequencies: 0.1027629450 0.0466943680 0.0316570113 0.0525138897 0.0138535856 0.0320306102 0.0461411542 0.0835297850 0.0325981932 0.0554595735 0.1037113115 0.0538861473 0.0191414473 0.0478870107 0.0413490295 0.0651875147 0.0646055625 0.0127112351 0.0345308492 0.0597487765 
Optimizing NNI: done in 14.8343 secs using 399.3% CPU
UFBoot tree 413: -141944.2812500000 -> -141049.5293031449
Alignment state count time was 0.0004590569 seconds.
Empirical state frequencies: 0.1057028115 0.0452735279 0.0384738750 0.0563390971 0.0156906221 0.0308794574 0.0497364370 0.0616239422 0.0456607210 0.0616646994 0.0958735429 0.0514142735 0.0195217952 0.0433103914 0.0518354308 0.0535472316 0.0690825026 0.0089588978 0.0336305657 0.0617801780 
Optimizing NNI: done in 15.8475 secs using 397.3% CPU
UFBoot tree 414: -152072.5312500000 -> -151473.9638683395
Alignment state count time was 0.0003123721 seconds.
Empirical state frequencies: 0.1094691205 0.0466601877 0.0341937043 0.0572556475 0.0132900954 0.0346702196 0.0519228797 0.0755944824 0.0308090435 0.0602759142 0.0924547181 0.0618596271 0.0156236193 0.0380198425 0.0486853781 0.0591757243 0.0661132277 0.0095550556 0.0332406735 0.0611308389 
Optimizing NNI: done in 18.025 secs using 398.8% CPU
UFBoot tree 415: -150490.0312500000 -> -149683.5029248591
Alignment state count time was 0.0006561950 seconds.
Empirical state frequencies: 0.1070002139 0.0519954813 0.0365833643 0.0608852713 0.0125714884 0.0324689699 0.0437127331 0.0818012340 0.0390047867 0.0572902348 0.0996550080 0.0514491437 0.0150064006 0.0417162401 0.0505183463 0.0485825574 0.0669624343 0.0107638528 0.0344384833 0.0575937558 
Optimizing NNI: done in 20.0524 secs using 399% CPU
UFBoot tree 416: -153270.6093750000 -> -152438.8575075307
Alignment state count time was 0.0005095940 seconds.
Empirical state frequencies: 0.0994601982 0.0437242943 0.0343875825 0.0648622306 0.0156396819 0.0375968656 0.0576176464 0.0630883231 0.0392624429 0.0600957005 0.0897443306 0.0547401247 0.0150100124 0.0410769743 0.0549703264 0.0593983246 0.0630273873 0.0090450791 0.0379286269 0.0593238476 
Optimizing NNI: done in 16.766 secs using 399% CPU
UFBoot tree 417: -151400.9687500000 -> -150629.5212674872
Alignment state count time was 0.0003756420 seconds.
Empirical state frequencies: 0.1053490006 0.0403472423 0.0335872800 0.0573057208 0.0174074720 0.0360266548 0.0495259068 0.0798113651 0.0241398708 0.0567337770 0.0990162734 0.0475137672 0.0223895850 0.0412706215 0.0522615899 0.0628322140 0.0669529657 0.0144719532 0.0334287895 0.0596279505 
Optimizing NNI: done in 22.2401 secs using 399% CPU
UFBoot tree 418: -144371.2031250000 -> -143452.0323982309
Alignment state count time was 0.0003736640 seconds.
Empirical state frequencies: 0.0992986386 0.0468097853 0.0377704814 0.0681503715 0.0136680871 0.0342257984 0.0442074516 0.0660192124 0.0422140205 0.0568276828 0.0932023639 0.0578642669 0.0239106985 0.0390752726 0.0612857196 0.0551169564 0.0629602017 0.0119573607 0.0310653040 0.0543703259 
Optimizing NNI: done in 21.1837 secs using 399.6% CPU
UFBoot tree 419: -146593.2500000000 -> -146030.3400360962
Alignment state count time was 0.0003300920 seconds.
Empirical state frequencies: 0.1130637474 0.0457284785 0.0293923805 0.0475557216 0.0158585096 0.0316627981 0.0481966202 0.0729189455 0.0465057386 0.0525124592 0.0973821842 0.0574010160 0.0196493571 0.0378331524 0.0526283664 0.0596782517 0.0653781591 0.0121358429 0.0358695479 0.0586487230 
Optimizing NNI: done in 17.1179 secs using 399.1% CPU
UFBoot tree 420: -148761.4531250000 -> -148183.1417264337
Alignment state count time was 0.0003186091 seconds.
Empirical state frequencies: 0.1012508059 0.0411033546 0.0274797059 0.0563515392 0.0159362557 0.0369033349 0.0498732070 0.0727752009 0.0399939154 0.0574543745 0.1058668653 0.0528977494 0.0191523084 0.0354967246 0.0578373952 0.0634836480 0.0730327493 0.0084871642 0.0258287548 0.0587949468 
Optimizing NNI: done in 17.6587 secs using 396.7% CPU
UFBoot tree 421: -155075.3750000000 -> -154180.1361182251
Alignment state count time was 0.0003590169 seconds.
Empirical state frequencies: 0.1025374435 0.0456653350 0.0364617883 0.0621594509 0.0139240810 0.0343575132 0.0500226723 0.0867730930 0.0317572811 0.0599418142 0.0885018577 0.0559812426 0.0193937792 0.0364547032 0.0494275238 0.0609833241 0.0610825155 0.0130242731 0.0304111118 0.0611391963 
Optimizing NNI: done in 14.4458 secs using 398.5% CPU
UFBoot tree 422: -149121.4062500000 -> -148160.3180029566
Alignment state count time was 0.0003052041 seconds.
Empirical state frequencies: 0.1023627346 0.0349098737 0.0358621992 0.0661743665 0.0133661551 0.0335413467 0.0502246783 0.0755635902 0.0329628972 0.0594022742 0.0939963789 0.0529194067 0.0196303405 0.0372307262 0.0547111894 0.0550497940 0.0714791721 0.0124279382 0.0303104944 0.0678744438 
Optimizing NNI: done in 16.8424 secs using 399.2% CPU
UFBoot tree 423: -145755.2500000000 -> -144895.6578919882
Alignment state count time was 0.0003383650 seconds.
Empirical state frequencies: 0.1029867035 0.0549150171 0.0358924692 0.0615920492 0.0125486226 0.0424222679 0.0606423941 0.0718542132 0.0346041774 0.0542303820 0.0865186541 0.0619159625 0.0158392879 0.0338238407 0.0504023151 0.0620926425 0.0594277190 0.0092211491 0.0299000721 0.0591700607 
Optimizing NNI: done in 16.4305 secs using 398.9% CPU
UFBoot tree 424: -145505.0781250000 -> -144512.7716335342
Alignment state count time was 0.0003435310 seconds.
Empirical state frequencies: 0.1125026651 0.0462751180 0.0313047798 0.0645254366 0.0142234969 0.0314317036 0.0493212912 0.0751336013 0.0292339164 0.0633564008 0.0985877992 0.0536433835 0.0201287977 0.0402362131 0.0475109558 0.0627217814 0.0624011316 0.0088325719 0.0256399664 0.0629889896 
Optimizing NNI: done in 14.9835 secs using 398.1% CPU
UFBoot tree 425: -160271.7187500000 -> -159448.0503746194
Alignment state count time was 0.0133124130 seconds.
Empirical state frequencies: 0.1082147005 0.0444390946 0.0355612404 0.0558937410 0.0168459453 0.0302734482 0.0484452012 0.0789976352 0.0488813769 0.0520218424 0.0912642396 0.0537799662 0.0154770245 0.0377085672 0.0456335452 0.0617183649 0.0667041893 0.0116588090 0.0336689087 0.0628121595 
Optimizing NNI: done in 16.1398 secs using 399% CPU
UFBoot tree 426: -149801.7187500000 -> -149265.8412267796
Alignment state count time was 0.0003307600 seconds.
Empirical state frequencies: 0.1095609340 0.0452130603 0.0254164156 0.0442860802 0.0124808286 0.0320457283 0.0475937140 0.0692162288 0.0572427349 0.0723131853 0.0952348768 0.0554168648 0.0213714112 0.0391947118 0.0469195466 0.0572427349 0.0621023582 0.0086745918 0.0328392795 0.0656347145 
Optimizing NNI: done in 16.136 secs using 398.5% CPU
UFBoot tree 427: -142367.8906250000 -> -141892.7675149140
Alignment state count time was 0.0004858770 seconds.
Empirical state frequencies: 0.1105900168 0.0464935196 0.0391817292 0.0578391577 0.0168366151 0.0392382455 0.0546177312 0.0730208366 0.0363983037 0.0565887356 0.0830595363 0.0548226026 0.0179457466 0.0303722580 0.0561295410 0.0630315886 0.0602834857 0.0131418650 0.0319829713 0.0584255139 
Optimizing NNI: done in 13.5068 secs using 398.9% CPU
UFBoot tree 428: -146345.3281250000 -> -145539.7109154669
Alignment state count time was 0.0003150960 seconds.
Empirical state frequencies: 0.1057949963 0.0439915505 0.0354254454 0.0551360819 0.0150988514 0.0308559010 0.0408473029 0.0796454563 0.0352177388 0.0598130607 0.0985897273 0.0498646326 0.0240660451 0.0339500125 0.0576930213 0.0636019149 0.0720104496 0.0102714644 0.0276973288 0.0604290181 
Optimizing NNI: done in 17.7914 secs using 386.4% CPU
UFBoot tree 429: -140114.5625000000 -> -139280.1902388091
Alignment state count time was 0.0005313021 seconds.
Empirical state frequencies: 0.0920264132 0.0388960789 0.0355792484 0.0632873316 0.0148575363 0.0333205479 0.0589191540 0.0901136398 0.0350027032 0.0593668243 0.0960486637 0.0441595973 0.0190222274 0.0433795656 0.0507457782 0.0602146849 0.0607980130 0.0083120528 0.0349145257 0.0610354139 
Optimizing NNI: done in 17.1436 secs using 372% CPU
UFBoot tree 430: -149705.8437500000 -> -148956.6357860390
Alignment state count time was 0.0003476660 seconds.
Empirical state frequencies: 0.1084843853 0.0455820816 0.0413961625 0.0584378197 0.0138329491 0.0299168113 0.0471429328 0.0663555922 0.0399843016 0.0595587947 0.0997436185 0.0484767511 0.0181962377 0.0374727501 0.0509812078 0.0639930311 0.0709601033 0.0089801208 0.0232548145 0.0672495343 
Optimizing NNI: done in 19.7223 secs using 399% CPU
UFBoot tree 431: -140101.5000000000 -> -139093.1201423950
Alignment state count time was 0.0003299019 seconds.
Empirical state frequencies: 0.1027496059 0.0435150558 0.0353913823 0.0547448397 0.0142083918 0.0360057778 0.0496385307 0.0765149193 0.0299232626 0.0576188452 0.0875125982 0.0567928246 0.0211988469 0.0408595020 0.0531474115 0.0702002991 0.0561511227 0.0138124480 0.0353162895 0.0646980463 
Optimizing NNI: done in 25.1633 secs using 387.8% CPU
UFBoot tree 432: -150827.5937500000 -> -149878.7335084035
Alignment state count time was 0.0005345480 seconds.
Empirical state frequencies: 0.1127522243 0.0443284941 0.0288154495 0.0465760642 0.0209111512 0.0355719063 0.0477032858 0.0579720003 0.0421565304 0.0591610817 0.1029440211 0.0604120229 0.0193852780 0.0398402273 0.0508237654 0.0590167424 0.0578757741 0.0108967489 0.0401289061 0.0627283259 
Optimizing NNI: done in 20.2363 secs using 396.5% CPU
UFBoot tree 433: -146733.2812500000 -> -146119.3616656484
Alignment state count time was 0.0004768519 seconds.
Empirical state frequencies: 0.1023013808 0.0446573669 0.0383378959 0.0575854811 0.0206137545 0.0385494853 0.0460115392 0.0864744914 0.0367227632 0.0538756131 0.1011658509 0.0501657451 0.0204585890 0.0362290545 0.0449253802 0.0595744217 0.0632913427 0.0079324947 0.0278994840 0.0632278659 
Optimizing NNI: done in 9.54833 secs using 399.1% CPU
UFBoot tree 434: -143352.8437500000 -> -142685.3477321385
Alignment state count time was 0.0003233489 seconds.
Empirical state frequencies: 0.0997984953 0.0442844523 0.0324962852 0.0526252659 0.0202009527 0.0318383410 0.0489380369 0.0785249658 0.0413511177 0.0537903755 0.0846246569 0.0564564203 0.0230794586 0.0354913021 0.0573473864 0.0611031513 0.0649617200 0.0130732237 0.0420981585 0.0579162340 
Optimizing NNI: done in 23.5605 secs using 392.6% CPU
UFBoot tree 435: -147599.2500000000 -> -147153.4747288152
Alignment state count time was 0.0009943220 seconds.
Empirical state frequencies: 0.0993869185 0.0489402095 0.0306046398 0.0495477545 0.0155252379 0.0350554185 0.0488855988 0.0790102708 0.0367824844 0.0633984138 0.1032096731 0.0521963773 0.0191295495 0.0442368560 0.0463257184 0.0603197310 0.0568246410 0.0090538604 0.0352943406 0.0662723061 
Optimizing NNI: done in 18.7119 secs using 398.9% CPU
UFBoot tree 436: -150629.3125000000 -> -149830.7410592426
Alignment state count time was 0.0004878060 seconds.
Empirical state frequencies: 0.1095770143 0.0463023914 0.0337065955 0.0612977138 0.0181406120 0.0311145567 0.0453054534 0.0594619728 0.0390694344 0.0524077771 0.0924090546 0.0491969493 0.0194744463 0.0386087803 0.0623909079 0.0737009975 0.0707445607 0.0117327071 0.0286669021 0.0566911728 
Optimizing NNI: done in 23.8169 secs using 395.3% CPU
UFBoot tree 437: -147246.0468750000 -> -146689.9641332788
Alignment state count time was 0.0003190991 seconds.
Empirical state frequencies: 0.0878729932 0.0428586720 0.0312700708 0.0557109794 0.0145155502 0.0295967017 0.0516907276 0.0712573414 0.0242294227 0.0631821207 0.1120917117 0.0500867930 0.0190148993 0.0453027629 0.0604394620 0.0588146970 0.0644874874 0.0151890639 0.0348598292 0.0675287141 
Optimizing NNI: done in 18.9854 secs using 382.6% CPU
UFBoot tree 438: -147703.3125000000 -> -146880.6793613973
Alignment state count time was 0.0003351170 seconds.
Empirical state frequencies: 0.1067370694 0.0500695287 0.0315350647 0.0448532424 0.0162256888 0.0335719624 0.0448597709 0.0646281250 0.0246540062 0.0535688146 0.0921719446 0.0585500743 0.0233678880 0.0394672147 0.0622843869 0.0665018098 0.0753805950 0.0118907525 0.0321813880 0.0675006732 
Optimizing NNI: done in 28.2967 secs using 396.2% CPU
UFBoot tree 439: -158908.8437500000 -> -158108.3466413757
Alignment state count time was 0.0003120340 seconds.
Empirical state frequencies: 0.0977347615 0.0433015811 0.0355117700 0.0542905352 0.0158735336 0.0355322336 0.0456003256 0.0808522901 0.0468144993 0.0578102746 0.1063635802 0.0534037791 0.0249866575 0.0380151506 0.0566643129 0.0491473499 0.0592086208 0.0105188912 0.0270603025 0.0613095505 
Optimizing NNI: done in 14.7944 secs using 399.1% CPU
UFBoot tree 440: -149531.6875000000 -> -149016.3549528068
Alignment state count time was 0.0005348590 seconds.
Empirical state frequencies: 0.1031206970 0.0469013916 0.0314880621 0.0594315059 0.0145754606 0.0340252915 0.0479664852 0.0853804432 0.0492893722 0.0555781735 0.0953326238 0.0543502630 0.0195481589 0.0438146553 0.0530273760 0.0512770948 0.0557409904 0.0093449689 0.0260608334 0.0637461527 
Optimizing NNI: done in 16.4963 secs using 362.4% CPU
UFBoot tree 441: -150997.6562500000 -> -150384.6293862853
Alignment state count time was 0.0004949960 seconds.
Empirical state frequencies: 0.0945831975 0.0421605649 0.0327998493 0.0531754882 0.0193167430 0.0301413011 0.0465520927 0.0768661069 0.0266556490 0.0674725698 0.1134818651 0.0604028008 0.0151024517 0.0386289625 0.0515147161 0.0612758549 0.0638293741 0.0111769903 0.0316576582 0.0632057640 
Optimizing NNI: done in 15.4895 secs using 385% CPU
UFBoot tree 442: -158473.0937500000 -> -157758.7963897044
Alignment state count time was 0.0152794260 seconds.
Empirical state frequencies: 0.1116635081 0.0370279387 0.0356715543 0.0562996139 0.0205447696 0.0316368270 0.0443400212 0.0732991730 0.0373859691 0.0581861587 0.0977278630 0.0530291438 0.0161520119 0.0369797423 0.0558520759 0.0586336967 0.0658493864 0.0131776054 0.0312306002 0.0653123408 
Optimizing NNI: done in 23.7855 secs using 388.1% CPU
UFBoot tree 443: -149701.3750000000 -> -148909.0621678613
Alignment state count time was 0.0003014770 seconds.
Empirical state frequencies: 0.1123933328 0.0442293153 0.0354218683 0.0519257924 0.0113553188 0.0343242837 0.0509888300 0.0658798402 0.0338089544 0.0518588666 0.1013505612 0.0538398729 0.0172648747 0.0422349238 0.0559815013 0.0634638156 0.0646417113 0.0163479900 0.0278659355 0.0648224112 
Optimizing NNI: done in 14.7351 secs using 378.4% CPU
UFBoot tree 444: -156881.1718750000 -> -156042.0387233063
Alignment state count time was 0.0003204669 seconds.
Empirical state frequencies: 0.1012454484 0.0481248009 0.0342503734 0.0544942000 0.0127298455 0.0389128018 0.0523005310 0.0801058148 0.0287556205 0.0506782035 0.0898397803 0.0633182513 0.0214692536 0.0440054996 0.0486890888 0.0600947570 0.0677196965 0.0152197657 0.0314642022 0.0565820651 
Optimizing NNI: done in 10.0705 secs using 386.5% CPU
UFBoot tree 445: -147805.6250000000 -> -146942.4486930949
Alignment state count time was 0.0004075820 seconds.
Empirical state frequencies: 0.1077821705 0.0460370526 0.0325567907 0.0535326564 0.0095115866 0.0368925475 0.0488027399 0.0758880810 0.0294494984 0.0671902902 0.1065011515 0.0529085702 0.0205611970 0.0367217449 0.0512071141 0.0596421318 0.0602268020 0.0083619541 0.0270714015 0.0691545194 
Optimizing NNI: done in 13.7687 secs using 398.3% CPU
UFBoot tree 446: -158439.0000000000 -> -157490.7043566410
Alignment state count time was 0.0003222730 seconds.
Empirical state frequencies: 0.1026708022 0.0456904759 0.0319635197 0.0531662840 0.0240301464 0.0301534455 0.0502795858 0.0737096160 0.0300928854 0.0502661280 0.0986132754 0.0547139310 0.0176309624 0.0467199976 0.0604267672 0.0635355191 0.0580918388 0.0134657732 0.0343993815 0.0603796649 
Optimizing NNI: done in 12.2108 secs using 399.5% CPU
UFBoot tree 447: -151379.7812500000 -> -150623.9749710109
Alignment state count time was 0.0003090809 seconds.
Empirical state frequencies: 0.1065154742 0.0461815821 0.0364687266 0.0673545065 0.0159974391 0.0368126662 0.0476880377 0.0701404176 0.0244239603 0.0542022546 0.0909487660 0.0587560154 0.0178891071 0.0373629697 0.0543123152 0.0670793548 0.0647130500 0.0106251018 0.0294179639 0.0631102913 
Optimizing NNI: done in 14.1363 secs using 390.3% CPU
UFBoot tree 448: -148207.8750000000 -> -147286.9992766592
Alignment state count time was 0.0003208020 seconds.
Empirical state frequencies: 0.1133585684 0.0382899870 0.0325894267 0.0540673632 0.0145466155 0.0307273333 0.0442728864 0.0833230690 0.0306937215 0.0679154225 0.0911546171 0.0481785769 0.0172221143 0.0434191468 0.0561042380 0.0571798154 0.0620199138 0.0099552444 0.0350229206 0.0699590196 
Optimizing NNI: done in 18.8438 secs using 399.1% CPU
UFBoot tree 449: -150486.9218750000 -> -149690.1662348456
Alignment state count time was 0.0004790750 seconds.
Empirical state frequencies: 0.0997751507 0.0469241835 0.0355346171 0.0594259573 0.0151206846 0.0330427095 0.0509295379 0.0683165769 0.0242858364 0.0594611538 0.0834369655 0.0547659493 0.0184713852 0.0383362533 0.0584123000 0.0623824579 0.0758978890 0.0163807170 0.0367383352 0.0623613400 
Optimizing NNI: done in 12.0556 secs using 399% CPU
UFBoot tree 450: -152842.8125000000 -> -151935.0477907814
Alignment state count time was 0.0011056120 seconds.
Empirical state frequencies: 0.1067859089 0.0455774437 0.0345532039 0.0553084965 0.0126690521 0.0333600425 0.0456703245 0.0746705767 0.0380898201 0.0545225818 0.1025562590 0.0570803769 0.0185777016 0.0427767295 0.0564230664 0.0596881848 0.0556157177 0.0107328440 0.0337529999 0.0615886694 
Optimizing NNI: done in 9.90567 secs using 399.4% CPU
UFBoot tree 451: -146189.3125000000 -> -145627.1856408779
Alignment state count time was 0.0005608090 seconds.
Empirical state frequencies: 0.1136497178 0.0472299341 0.0365993501 0.0470261319 0.0108676829 0.0314056819 0.0431867621 0.0647174749 0.0364152707 0.0623244430 0.1124992217 0.0531401969 0.0178495507 0.0438376141 0.0439230796 0.0574726366 0.0663347437 0.0108611086 0.0363166567 0.0643427419 
Optimizing NNI: done in 24.9902 secs using 397.3% CPU
UFBoot tree 452: -159139.5937500000 -> -158151.4391203534
Alignment state count time was 0.0003165039 seconds.
Empirical state frequencies: 0.1116615834 0.0487550797 0.0349982433 0.0497758343 0.0150835213 0.0337840123 0.0502094882 0.0674021979 0.0500360266 0.0504429942 0.1149440100 0.0537454355 0.0182458590 0.0391746640 0.0449789549 0.0589826404 0.0562005838 0.0093793044 0.0253511116 0.0668484552 
Optimizing NNI: done in 15.795 secs using 399.4% CPU
UFBoot tree 453: -153446.2187500000 -> -152713.8019887881
Alignment state count time was 0.0003182410 seconds.
Empirical state frequencies: 0.0948113054 0.0418816379 0.0356550558 0.0607994376 0.0111876383 0.0376859482 0.0464716035 0.0788914897 0.0264528073 0.0600555209 0.1040433106 0.0560383712 0.0239011733 0.0454747552 0.0463748943 0.0559193445 0.0685733662 0.0119687507 0.0315709536 0.0622426358 
Optimizing NNI: done in 23.4413 secs using 387.5% CPU
UFBoot tree 454: -138684.5312500000 -> -137763.2822499558
Alignment state count time was 0.0003381370 seconds.
Empirical state frequencies: 0.1107297896 0.0467745334 0.0361862728 0.0590047514 0.0194491180 0.0351524477 0.0530450540 0.0815934911 0.0280981120 0.0577209164 0.0914384788 0.0488556976 0.0173071406 0.0427473456 0.0547613388 0.0616535058 0.0620183853 0.0110568911 0.0263412851 0.0560654449 
Optimizing NNI: done in 15.5613 secs using 398.8% CPU
UFBoot tree 455: -154872.5312500000 -> -153885.1686329989
Alignment state count time was 0.0002863590 seconds.
Empirical state frequencies: 0.1159069726 0.0443999791 0.0302325121 0.0534961765 0.0203410950 0.0332320251 0.0524498348 0.0717862298 0.0412749051 0.0606950076 0.0871953556 0.0552052013 0.0173973870 0.0421119785 0.0459694917 0.0607717393 0.0602904221 0.0092149947 0.0327576835 0.0652710087 
Optimizing NNI: done in 25.7645 secs using 398.6% CPU
UFBoot tree 456: -148041.7187500000 -> -147174.3634109139
Alignment state count time was 0.0003119950 seconds.
Empirical state frequencies: 0.1069929071 0.0442107468 0.0362461970 0.0660006798 0.0191812248 0.0370527337 0.0518728454 0.0655638057 0.0340080577 0.0588829935 0.0863858947 0.0540572156 0.0167481725 0.0469059236 0.0425035775 0.0578882649 0.0667736108 0.0111427425 0.0361453799 0.0614370263 
Optimizing NNI: done in 20.6891 secs using 387.3% CPU
UFBoot tree 457: -154616.4375000000 -> -153693.1814450560
Alignment state count time was 0.0005406459 seconds.
Empirical state frequencies: 0.0973316550 0.0407961858 0.0388373190 0.0552732122 0.0174828113 0.0317811090 0.0478095008 0.0794945286 0.0238812995 0.0636162689 0.0974317431 0.0499899912 0.0181619804 0.0488890223 0.0524492984 0.0573178688 0.0742256058 0.0132433660 0.0291573714 0.0628298626 
Optimizing NNI: done in 17.7692 secs using 386% CPU
UFBoot tree 458: -143119.9062500000 -> -142284.8028249721
Alignment state count time was 0.0003063470 seconds.
Empirical state frequencies: 0.1164230484 0.0419009396 0.0311676850 0.0598295239 0.0134382334 0.0356614471 0.0500321931 0.0852587747 0.0349777580 0.0519637807 0.0912261191 0.0533444344 0.0159207549 0.0386949025 0.0565438337 0.0596503044 0.0641042400 0.0075306288 0.0320173180 0.0603140802 
Optimizing NNI: done in 17.3843 secs using 395.6% CPU
UFBoot tree 459: -159037.2187500000 -> -158433.0389350835
Alignment state count time was 0.0003205920 seconds.
Empirical state frequencies: 0.0997287533 0.0440882818 0.0350639085 0.0562518525 0.0211439602 0.0327504708 0.0476403590 0.0842949123 0.0256201018 0.0583686808 0.0929784959 0.0488331230 0.0180834066 0.0463689513 0.0560683504 0.0622222258 0.0657939640 0.0099896513 0.0360797240 0.0586308267 
Optimizing NNI: done in 22.1302 secs using 378.3% CPU
UFBoot tree 460: -153567.4062500000 -> -152718.0014233866
Alignment state count time was 0.0003589330 seconds.
Empirical state frequencies: 0.1094201069 0.0415757170 0.0358764282 0.0505297638 0.0211815425 0.0298516636 0.0440894981 0.0704599622 0.0313613172 0.0608203388 0.1121554885 0.0530712450 0.0187439366 0.0447265997 0.0521709928 0.0593314602 0.0534174958 0.0098591400 0.0326493703 0.0687079330 
Optimizing NNI: done in 20.722 secs using 399.3% CPU
UFBoot tree 461: -147570.2968750000 -> -146764.9804605681
Alignment state count time was 0.0003390569 seconds.
Empirical state frequencies: 0.1030384313 0.0429158752 0.0304731459 0.0560927107 0.0128620123 0.0343438876 0.0501457090 0.0710047063 0.0333428337 0.0601191720 0.0915374342 0.0541276789 0.0270028257 0.0379625121 0.0540609420 0.0561446172 0.0721614797 0.0082719948 0.0285970967 0.0757949346 
Optimizing NNI: done in 13.7829 secs using 398.6% CPU
UFBoot tree 462: -141959.4062500000 -> -141136.0380895619
Alignment state count time was 0.0003222200 seconds.
Empirical state frequencies: 0.1118198836 0.0394561814 0.0309382634 0.0624558467 0.0106728241 0.0333250818 0.0494988325 0.0855069798 0.0312985379 0.0521108224 0.0909432643 0.0606673413 0.0198533898 0.0377255772 0.0550830869 0.0558293697 0.0646946952 0.0148867488 0.0311441345 0.0620891388 
Optimizing NNI: done in 15.6581 secs using 381.1% CPU
UFBoot tree 463: -157331.4062500000 -> -156622.6118910869
Alignment state count time was 0.0003278890 seconds.
Empirical state frequencies: 0.1105383018 0.0392531896 0.0278483577 0.0441203867 0.0158343074 0.0327483085 0.0464131444 0.0709587532 0.0209831861 0.0686332418 0.1186022581 0.0471992327 0.0185201093 0.0436814873 0.0508348913 0.0493282220 0.0656985119 0.0164042215 0.0355127192 0.0768871695 
Optimizing NNI: done in 15.4067 secs using 398.9% CPU
UFBoot tree 464: -157646.1093750000 -> -156806.5967145884
Alignment state count time was 0.0003131069 seconds.
Empirical state frequencies: 0.1057216626 0.0398008633 0.0366202384 0.0640850014 0.0135305122 0.0322384915 0.0460144891 0.0743113143 0.0474034962 0.0549927087 0.0857253290 0.0535969915 0.0172144005 0.0365933977 0.0623806159 0.0609781885 0.0621122088 0.0091554754 0.0321378388 0.0653867762 
Optimizing NNI: done in 22.6534 secs using 397.9% CPU
UFBoot tree 465: -151943.5000000000 -> -151347.6686561752
Alignment state count time was 0.0003266230 seconds.
Empirical state frequencies: 0.1073461680 0.0456272853 0.0344151962 0.0491131622 0.0129061481 0.0295461457 0.0419877224 0.0826376577 0.0269963560 0.0552885433 0.0956311067 0.0590328921 0.0201643167 0.0436153964 0.0480583177 0.0684356783 0.0773354922 0.0071010104 0.0333463803 0.0614150244 
Optimizing NNI: done in 25.8863 secs using 399.1% CPU
UFBoot tree 466: -157421.5312500000 -> -156436.0901050812
Alignment state count time was 0.0004215010 seconds.
Empirical state frequencies: 0.0972071477 0.0540193482 0.0338111906 0.0534274484 0.0181432530 0.0337276282 0.0424947097 0.0712680066 0.0372651004 0.0500501374 0.1032166722 0.0550429868 0.0164859334 0.0408234631 0.0530931990 0.0588590001 0.0646039105 0.0178159672 0.0340618776 0.0645830199 
Optimizing NNI: done in 19.4949 secs using 399.1% CPU
UFBoot tree 467: -149793.3593750000 -> -148871.2047913109
Alignment state count time was 0.0003357970 seconds.
Empirical state frequencies: 0.1104693423 0.0450139296 0.0342910482 0.0455764642 0.0155190609 0.0318464535 0.0419304067 0.0937044228 0.0442083245 0.0526393984 0.0913153870 0.0541256008 0.0267489179 0.0416873362 0.0443541668 0.0644734592 0.0668763847 0.0064212794 0.0272489486 0.0615496683 
Optimizing NNI: done in 20.4484 secs using 380.8% CPU
UFBoot tree 468: -148750.7187500000 -> -148212.5422529310
Alignment state count time was 0.0003539521 seconds.
Empirical state frequencies: 0.0972682607 0.0469307028 0.0352252392 0.0599299995 0.0143884301 0.0347104156 0.0518486233 0.0668394745 0.0334775484 0.0683500754 0.0958592697 0.0583787546 0.0180667095 0.0366071342 0.0476555203 0.0589613182 0.0706058158 0.0075263731 0.0312285821 0.0661417530 
Optimizing NNI: done in 12.5281 secs using 399.3% CPU
UFBoot tree 469: -154739.4687500000 -> -153741.1363734075
Alignment state count time was 0.0003084840 seconds.
Empirical state frequencies: 0.1085245532 0.0440098570 0.0363459401 0.0649417968 0.0150446548 0.0303866942 0.0421986440 0.0796232762 0.0254999706 0.0581373183 0.1027002605 0.0543373224 0.0164936252 0.0478737780 0.0441590157 0.0612980625 0.0629672195 0.0111594254 0.0325175330 0.0617810526 
Optimizing NNI: done in 10.3181 secs using 398.7% CPU
UFBoot tree 470: -141409.2031250000 -> -140781.7410171587
Alignment state count time was 0.0003150920 seconds.
Empirical state frequencies: 0.1043607916 0.0414627251 0.0334620064 0.0512837132 0.0188151880 0.0299484633 0.0411240704 0.0735220425 0.0385136066 0.0585295140 0.1025546329 0.0504088551 0.0182295975 0.0487579131 0.0501266428 0.0632777360 0.0637998287 0.0104193721 0.0400657743 0.0613375264 
Optimizing NNI: done in 31.756 secs using 399.3% CPU
UFBoot tree 471: -141979.7500000000 -> -141173.7990757877
Alignment state count time was 0.0003159320 seconds.
Empirical state frequencies: 0.1089339611 0.0436566964 0.0329068793 0.0516857508 0.0127816511 0.0307260619 0.0508863515 0.0728978816 0.0373176001 0.0588663201 0.0961014985 0.0567556254 0.0245833093 0.0406694674 0.0544415748 0.0625337397 0.0568467850 0.0083078198 0.0309714915 0.0681295349 
Optimizing NNI: done in 17.5528 secs using 399.5% CPU
UFBoot tree 472: -146061.9531250000 -> -145287.1030552090
Alignment state count time was 0.0003898289 seconds.
Empirical state frequencies: 0.1133931498 0.0454987261 0.0414762042 0.0482498438 0.0114868667 0.0348390430 0.0473519595 0.0703234329 0.0347025646 0.0636000748 0.0971163021 0.0542333452 0.0145396735 0.0416916965 0.0528182794 0.0620772629 0.0646488037 0.0088506782 0.0305866627 0.0625154305 
Optimizing NNI: done in 12.307 secs using 399.1% CPU
UFBoot tree 473: -143269.7500000000 -> -142379.3122571399
Alignment state count time was 0.0005263840 seconds.
Empirical state frequencies: 0.0935182143 0.0487970262 0.0322483983 0.0682138078 0.0163944551 0.0325510332 0.0486732210 0.0774785633 0.0438310622 0.0552005060 0.0882977618 0.0579723668 0.0167452365 0.0340848420 0.0475589742 0.0571194866 0.0677460993 0.0150669883 0.0341811350 0.0643208222 
Optimizing NNI: done in 20.7057 secs using 392.8% CPU
UFBoot tree 474: -143198.8906250000 -> -142375.3158330226
Alignment state count time was 0.0003073910 seconds.
Empirical state frequencies: 0.1018198729 0.0445023969 0.0388952525 0.0703541395 0.0170349204 0.0319462274 0.0552169036 0.0737088413 0.0339522021 0.0514788073 0.0822462150 0.0527590710 0.0138376842 0.0413325460 0.0512254931 0.0726202748 0.0766869949 0.0110991521 0.0300018696 0.0492811353 
Optimizing NNI: done in 24.4279 secs using 376% CPU
UFBoot tree 475: -153100.0312500000 -> -152226.7259696530
Alignment state count time was 0.0005567860 seconds.
Empirical state frequencies: 0.1067606151 0.0444156390 0.0392699072 0.0543025415 0.0121643216 0.0299579071 0.0449621512 0.0680221270 0.0360901999 0.0633448343 0.0955251760 0.0507750537 0.0177501022 0.0388298584 0.0663825904 0.0642888099 0.0679795416 0.0094530533 0.0256922730 0.0640332977 
Optimizing NNI: done in 24.3123 secs using 372.5% CPU
UFBoot tree 476: -146380.3750000000 -> -145569.1363302218
Alignment state count time was 0.0005512451 seconds.
Empirical state frequencies: 0.0981409914 0.0477897041 0.0377466085 0.0665042217 0.0120854467 0.0317166768 0.0444555865 0.0754880050 0.0314722202 0.0586137030 0.1073013268 0.0577377332 0.0200642414 0.0402862419 0.0433759028 0.0542949682 0.0633534466 0.0110397153 0.0330000745 0.0655331854 
Optimizing NNI: done in 17.7801 secs using 383.1% CPU
UFBoot tree 477: -151021.6875000000 -> -150240.5720611850
Alignment state count time was 0.0005688850 seconds.
Empirical state frequencies: 0.0991325906 0.0416524720 0.0372476158 0.0554312094 0.0124458885 0.0291901284 0.0422672713 0.0799074547 0.0412618936 0.0596263105 0.1083473473 0.0523065823 0.0199536730 0.0461368905 0.0515037268 0.0632355441 0.0597492704 0.0077878797 0.0331176111 0.0596986399 
Optimizing NNI: done in 18.394 secs using 398.7% CPU
UFBoot tree 478: -137913.0937500000 -> -137177.9247693291
Alignment state count time was 0.0003567371 seconds.
Empirical state frequencies: 0.1119198161 0.0394202221 0.0405074825 0.0621192853 0.0132992900 0.0338038215 0.0518269978 0.0808695254 0.0314291913 0.0603516533 0.0921690297 0.0462572893 0.0169079275 0.0425019051 0.0520537883 0.0613121779 0.0529943019 0.0141464194 0.0289211549 0.0671887206 
Optimizing NNI: done in 19.2648 secs using 399.3% CPU
UFBoot tree 479: -155034.1250000000 -> -154187.8059779517
Alignment state count time was 0.0003113920 seconds.
Empirical state frequencies: 0.0932525034 0.0409565057 0.0420911329 0.0580569580 0.0148895517 0.0318721207 0.0468064666 0.0683201765 0.0415164516 0.0563992235 0.0977099672 0.0532016379 0.0167241112 0.0364990419 0.0621681396 0.0591694821 0.0714440851 0.0121929703 0.0279967058 0.0687327682 
Optimizing NNI: done in 13.9596 secs using 398.8% CPU
UFBoot tree 480: -136205.0000000000 -> -135469.1252968902
Alignment state count time was 0.0004533899 seconds.
Empirical state frequencies: 0.1029223610 0.0524247710 0.0341978725 0.0596897882 0.0094424694 0.0338832458 0.0471047190 0.0705873140 0.0317595154 0.0588174141 0.0988965690 0.0581953112 0.0184164818 0.0440228072 0.0584026789 0.0578091784 0.0589890287 0.0135612193 0.0363788078 0.0544984472 
Optimizing NNI: done in 17.6956 secs using 399.1% CPU
UFBoot tree 481: -145669.9531250000 -> -144826.0035340357
Alignment state count time was 0.0003246791 seconds.
Empirical state frequencies: 0.1022815068 0.0460122201 0.0291907430 0.0602018663 0.0125101244 0.0309255273 0.0431283265 0.0884254730 0.0449372469 0.0605206515 0.0910721311 0.0563467900 0.0227112494 0.0431060857 0.0560205913 0.0504084898 0.0577257212 0.0115018737 0.0295243553 0.0634490267 
Optimizing NNI: done in 15.5376 secs using 379.9% CPU
UFBoot tree 482: -139778.5312500000 -> -139224.9498038803
Alignment state count time was 0.0005605931 seconds.
Empirical state frequencies: 0.1102156821 0.0432001582 0.0366308498 0.0609422947 0.0129699021 0.0357158645 0.0459093724 0.0692200522 0.0341146402 0.0570679039 0.0884561882 0.0573037986 0.0174161588 0.0349938839 0.0651097668 0.0613854907 0.0623791076 0.0163796520 0.0316913589 0.0588978745 
Optimizing NNI: done in 21.5996 secs using 398.7% CPU
UFBoot tree 483: -146321.8281250000 -> -145714.6801634803
Alignment state count time was 0.0005375060 seconds.
Empirical state frequencies: 0.1237380474 0.0481247191 0.0338909853 0.0494980309 0.0146172649 0.0318885208 0.0470693662 0.0654095052 0.0445662856 0.0627981833 0.0890331736 0.0585497114 0.0200631564 0.0387483146 0.0527655658 0.0566757835 0.0591112133 0.0115526825 0.0251978541 0.0667016359 
Optimizing NNI: done in 24.1302 secs using 382.4% CPU
UFBoot tree 484: -156413.0312500000 -> -155814.4403211262
Alignment state count time was 0.0003098450 seconds.
Empirical state frequencies: 0.1017262485 0.0368747382 0.0359620082 0.0535354665 0.0135456317 0.0306559136 0.0486039999 0.0749028846 0.0411454972 0.0641953356 0.1029863608 0.0444490349 0.0239126098 0.0441697668 0.0520165203 0.0574724661 0.0607351353 0.0123672564 0.0341093025 0.0666338232 
Optimizing NNI: done in 13.3646 secs using 399.1% CPU
UFBoot tree 485: -150088.7187500000 -> -149326.4183050861
Alignment state count time was 0.0003059029 seconds.
Empirical state frequencies: 0.1034137005 0.0442862407 0.0356554947 0.0712196480 0.0151608978 0.0362582769 0.0534581207 0.0730005956 0.0405394009 0.0491564473 0.0849192448 0.0523827024 0.0159828736 0.0344636297 0.0587941137 0.0576364978 0.0685824756 0.0117565480 0.0368884584 0.0564446328 
Optimizing NNI: done in 12.1119 secs using 397.8% CPU
UFBoot tree 486: -146462.4843750000 -> -145916.3881981758
Alignment state count time was 0.0002943710 seconds.
Empirical state frequencies: 0.1086586358 0.0419072391 0.0340487225 0.0505805183 0.0157888415 0.0341604238 0.0495620651 0.0726119617 0.0353628557 0.0597465975 0.0930204505 0.0553902459 0.0203160304 0.0431031004 0.0585507363 0.0554099579 0.0561655845 0.0090933327 0.0347320718 0.0717906284 
Optimizing NNI: done in 20.527 secs using 397.5% CPU
UFBoot tree 487: -157573.6250000000 -> -156684.2816589626
Alignment state count time was 0.0005221390 seconds.
Empirical state frequencies: 0.1078484482 0.0464209781 0.0332704029 0.0612883035 0.0127834028 0.0314530618 0.0533080973 0.0758873868 0.0307019835 0.0538848181 0.0973333529 0.0554339169 0.0151841707 0.0348329139 0.0600879196 0.0653722915 0.0671628083 0.0094035507 0.0320163705 0.0563258223 
Optimizing NNI: done in 16.8047 secs using 399.2% CPU
UFBoot tree 488: -155812.1718750000 -> -155066.8869823885
Alignment state count time was 0.0003182909 seconds.
Empirical state frequencies: 0.1052696904 0.0450288099 0.0310710645 0.0689296289 0.0188259684 0.0338237843 0.0514841805 0.0778048967 0.0310710645 0.0620512963 0.0912842098 0.0539872834 0.0155948162 0.0410626746 0.0500419495 0.0515881876 0.0662601147 0.0090770414 0.0321874068 0.0635559316 
Optimizing NNI: done in 29.669 secs using 382.9% CPU
UFBoot tree 489: -145263.4062500000 -> -144530.1965531116
Alignment state count time was 0.0005408330 seconds.
Empirical state frequencies: 0.1039434727 0.0434789829 0.0332870519 0.0549238546 0.0187098286 0.0347016623 0.0438764211 0.0766414922 0.0301412278 0.0582987108 0.0953345581 0.0578878002 0.0179418973 0.0489083923 0.0486052615 0.0627042117 0.0634990880 0.0110844050 0.0346073549 0.0614243261 
Optimizing NNI: done in 15.8791 secs using 389.5% CPU
UFBoot tree 490: -154225.1562500000 -> -153542.0956697692
Alignment state count time was 0.0003025230 seconds.
Empirical state frequencies: 0.1010203809 0.0448449449 0.0335713723 0.0582285800 0.0108981542 0.0317731744 0.0502793510 0.0671266735 0.0342548202 0.0546852676 0.0984989227 0.0572996217 0.0156822895 0.0394967992 0.0534112676 0.0721430484 0.0788116419 0.0091862167 0.0246268309 0.0641606423 
Optimizing NNI: done in 10.2832 secs using 399.6% CPU
UFBoot tree 491: -157575.2812500000 -> -156746.3787418922
Alignment state count time was 0.0003197780 seconds.
Empirical state frequencies: 0.1160583816 0.0387557746 0.0284812940 0.0535146242 0.0179891896 0.0329458790 0.0437347431 0.0748153766 0.0243398474 0.0575637455 0.0929506922 0.0511339518 0.0206732163 0.0374961945 0.0510877892 0.0609006436 0.0745713742 0.0159646289 0.0350429809 0.0719796728 
Optimizing NNI: done in 20.1804 secs using 396.4% CPU
UFBoot tree 492: -152312.5312500000 -> -151370.4307160840
Alignment state count time was 0.0003086920 seconds.
Empirical state frequencies: 0.1058353266 0.0454401133 0.0369850584 0.0493583095 0.0154556015 0.0321526164 0.0445808597 0.0711421054 0.0284681372 0.0613809851 0.0971946729 0.0511730529 0.0244743267 0.0404633167 0.0531596471 0.0647011408 0.0619721515 0.0122591783 0.0408895065 0.0629138934 
Optimizing NNI: done in 12.5418 secs using 399.5% CPU
UFBoot tree 493: -150553.9375000000 -> -149793.8548347261
Alignment state count time was 0.0002991970 seconds.
Empirical state frequencies: 0.0854544113 0.0439858130 0.0337791682 0.0563373853 0.0206615504 0.0314518489 0.0461453318 0.0825288469 0.0388350687 0.0637206051 0.0910064175 0.0520037562 0.0173857938 0.0467654639 0.0505592132 0.0682803999 0.0636987181 0.0130667561 0.0340636994 0.0602697523 
Optimizing NNI: done in 15.01 secs using 398.9% CPU
UFBoot tree 494: -139355.2031250000 -> -138528.7822604067
Alignment state count time was 0.0005205830 seconds.
Empirical state frequencies: 0.1054807723 0.0408576075 0.0346931919 0.0527874029 0.0158009093 0.0319962601 0.0438228565 0.0844419521 0.0440498942 0.0552848168 0.0977683729 0.0456597973 0.0148652391 0.0373006847 0.0568809601 0.0689208343 0.0685493182 0.0145074828 0.0285218964 0.0578097504 
Optimizing NNI: done in 22.5711 secs using 364% CPU
UFBoot tree 495: -146645.5156250000 -> -146167.3836016163
Alignment state count time was 0.0005090330 seconds.
Empirical state frequencies: 0.1094408727 0.0478454877 0.0338969247 0.0571218601 0.0182005409 0.0316050351 0.0471994060 0.0879705591 0.0396980579 0.0513955364 0.0995252195 0.0567954189 0.0198939549 0.0381610637 0.0553672384 0.0516811725 0.0616648343 0.0082440825 0.0255114649 0.0587812699 
Optimizing NNI: done in 21.3433 secs using 374.6% CPU
UFBoot tree 496: -148336.9062500000 -> -147604.5872206807
Alignment state count time was 0.0004675310 seconds.
Empirical state frequencies: 0.1114874475 0.0468499028 0.0350874983 0.0544154257 0.0207220528 0.0330134175 0.0481235833 0.0860834378 0.0239445340 0.0570602267 0.0876633584 0.0535384654 0.0162954911 0.0340017379 0.0534758253 0.0654818299 0.0633103091 0.0117714894 0.0409060605 0.0567679066 
Optimizing NNI: done in 19.1966 secs using 383.2% CPU
UFBoot tree 497: -149929.8906250000 -> -149236.1051395143
Alignment state count time was 0.0005215639 seconds.
Empirical state frequencies: 0.1036122533 0.0508985993 0.0358315984 0.0506692584 0.0131685495 0.0302231714 0.0414052767 0.0875931402 0.0376037779 0.0624907383 0.0862726927 0.0529070694 0.0171090428 0.0364292746 0.0533032037 0.0668829637 0.0639223814 0.0123484821 0.0323289376 0.0649995886 
Optimizing NNI: done in 21.8449 secs using 379.1% CPU
UFBoot tree 498: -144216.1250000000 -> -143190.1429144712
Alignment state count time was 0.0003172860 seconds.
Empirical state frequencies: 0.1031090356 0.0501800169 0.0356094789 0.0649062085 0.0182101045 0.0363674447 0.0473241102 0.0769050769 0.0411724061 0.0451990991 0.0868533774 0.0616713190 0.0204095587 0.0378360033 0.0553165883 0.0623007012 0.0647031820 0.0122952647 0.0292750509 0.0503559732 
Optimizing NNI: done in 22.5545 secs using 359.1% CPU
UFBoot tree 499: -151772.6250000000 -> -151140.9935722515
Alignment state count time was 0.0003480890 seconds.
Empirical state frequencies: 0.1055511379 0.0455002244 0.0362082350 0.0525146994 0.0140395293 0.0333512346 0.0494488146 0.0671905173 0.0386137754 0.0627096087 0.1155910684 0.0528246570 0.0180555015 0.0439234836 0.0567193414 0.0619616676 0.0523731970 0.0058997735 0.0289040171 0.0586195162 
Optimizing NNI: done in 27.1717 secs using 367.5% CPU
UFBoot tree 500: -153140.9062500000 -> -152277.5667285910
500 samples done
Alignment state count time was 0.0003110350 seconds.
Empirical state frequencies: 0.1158573760 0.0445805021 0.0352867989 0.0588605687 0.0163084396 0.0338533052 0.0463637957 0.0746289995 0.0305953649 0.0582295571 0.1004044510 0.0583392982 0.0175361686 0.0374816218 0.0555408990 0.0593406862 0.0578111690 0.0100669119 0.0310823413 0.0578317454 
Optimizing NNI: done in 20.1642 secs using 366.2% CPU
UFBoot tree 501: -152793.0625000000 -> -151793.5594611272
Alignment state count time was 0.0028748349 seconds.
Empirical state frequencies: 0.1068834166 0.0437122920 0.0312913302 0.0583498979 0.0132673643 0.0315369059 0.0475251783 0.0716239122 0.0453343843 0.0617879580 0.0926077118 0.0568247433 0.0211774878 0.0376698366 0.0529666194 0.0579104466 0.0645862288 0.0084463250 0.0337535500 0.0627444109 
Optimizing NNI: done in 14.7674 secs using 395.5% CPU
UFBoot tree 502: -160490.3125000000 -> -159857.1905167994
Alignment state count time was 0.0005558541 seconds.
Empirical state frequencies: 0.1177586795 0.0403542718 0.0441419320 0.0748475899 0.0191177643 0.0328530872 0.0431309907 0.0847885130 0.0208565834 0.0607348490 0.0771997134 0.0556734027 0.0204252484 0.0384065249 0.0543726582 0.0575739724 0.0672318319 0.0054700564 0.0275961923 0.0574661387 
Optimizing NNI: done in 23.7832 secs using 367.3% CPU
UFBoot tree 503: -150567.0312500000 -> -149574.0141116540
Alignment state count time was 0.0005494980 seconds.
Empirical state frequencies: 0.1044485149 0.0439902748 0.0334710897 0.0582131949 0.0120284132 0.0332905958 0.0472030664 0.0661982455 0.0447700085 0.0647398547 0.0859948175 0.0561122458 0.0173999119 0.0394129492 0.0557079394 0.0578377676 0.0696998273 0.0106927582 0.0302871771 0.0685013478 
Optimizing NNI: done in 16.0031 secs using 399.4% CPU
UFBoot tree 504: -142544.3750000000 -> -141967.6760435130
Alignment state count time was 0.0005203390 seconds.
Empirical state frequencies: 0.1135212531 0.0441751452 0.0342428770 0.0560784583 0.0125036009 0.0350646807 0.0506468494 0.0843793233 0.0310134453 0.0570029874 0.0914288582 0.0646817158 0.0195916579 0.0365028372 0.0503450934 0.0619466503 0.0601040123 0.0123816144 0.0262623926 0.0581265472 
Optimizing NNI: done in 19.2323 secs using 371.9% CPU
UFBoot tree 505: -160190.4687500000 -> -159066.8289827658
Alignment state count time was 0.0002929971 seconds.
Empirical state frequencies: 0.1025886240 0.0530331375 0.0322670925 0.0616773125 0.0130830316 0.0389888564 0.0470723281 0.0846861705 0.0555830023 0.0488679135 0.0881972408 0.0643206278 0.0187701645 0.0340026025 0.0496288679 0.0548353979 0.0640936765 0.0080166773 0.0227351374 0.0575521387 
Optimizing NNI: done in 13.2472 secs using 398.8% CPU
UFBoot tree 506: -149833.9218750000 -> -148942.6054925117
Alignment state count time was 0.0004752210 seconds.
Empirical state frequencies: 0.1018282032 0.0490279480 0.0354913780 0.0739502235 0.0123383620 0.0334237727 0.0472517502 0.0762259769 0.0360603163 0.0462526389 0.0970616098 0.0567502455 0.0249105121 0.0361435756 0.0595671842 0.0586790853 0.0621412834 0.0118041150 0.0258749320 0.0552168872 
Optimizing NNI: done in 20.1868 secs using 399.1% CPU
UFBoot tree 507: -152560.9687500000 -> -151743.2686967152
Alignment state count time was 0.0003028520 seconds.
Empirical state frequencies: 0.1027312084 0.0407988205 0.0290361517 0.0537574626 0.0178918555 0.0339695414 0.0504277643 0.0778536056 0.0497142575 0.0620545270 0.0905880027 0.0500268414 0.0189315368 0.0430820422 0.0521673618 0.0568085534 0.0576375804 0.0152756640 0.0342821253 0.0629650976 
Optimizing NNI: done in 17.3643 secs using 399.1% CPU
UFBoot tree 508: -152890.5781250000 -> -152307.6479032560
Alignment state count time was 0.0003294870 seconds.
Empirical state frequencies: 0.1046553791 0.0492557592 0.0400741487 0.0534987240 0.0167102906 0.0361755804 0.0507917675 0.0973886131 0.0310234088 0.0468449837 0.0892195282 0.0633484637 0.0154222477 0.0397710798 0.0509364141 0.0618882225 0.0599871539 0.0090095850 0.0286195213 0.0553791288 
Optimizing NNI: done in 18.423 secs using 387.9% CPU
UFBoot tree 509: -149092.0937500000 -> -147989.3308390537
Alignment state count time was 0.0005453019 seconds.
Empirical state frequencies: 0.1065532027 0.0436313030 0.0355670437 0.0532325962 0.0161438962 0.0359392403 0.0457817721 0.0760951158 0.0346848000 0.0471051377 0.0932712988 0.0500344626 0.0182736878 0.0498207942 0.0542940457 0.0651842420 0.0688097124 0.0108228636 0.0340989350 0.0606558503 
Optimizing NNI: done in 13.9452 secs using 399.3% CPU
UFBoot tree 510: -146245.3125000000 -> -145461.5173936700
Alignment state count time was 0.0003057750 seconds.
Empirical state frequencies: 0.0980248139 0.0410355896 0.0323081822 0.0601178929 0.0162231703 0.0287819570 0.0510853314 0.0648308285 0.0407575603 0.0594126479 0.1094443586 0.0550794596 0.0207597947 0.0387638868 0.0558389543 0.0592838050 0.0655292924 0.0078890727 0.0304501328 0.0643832692 
Optimizing NNI: done in 21.56 secs using 398.9% CPU
UFBoot tree 511: -156518.0625000000 -> -155793.6113499780
Alignment state count time was 0.0005471259 seconds.
Empirical state frequencies: 0.0973449841 0.0450249828 0.0391122285 0.0567502752 0.0139436521 0.0387471553 0.0529563771 0.0684254595 0.0374371867 0.0508232043 0.0918545694 0.0574374718 0.0221041120 0.0415746831 0.0550537585 0.0676595216 0.0691341310 0.0099350052 0.0279381251 0.0567431169 
Optimizing NNI: done in 14.2699 secs using 399.2% CPU
UFBoot tree 512: -146029.2343750000 -> -145204.6757193117
Alignment state count time was 0.0004050320 seconds.
Empirical state frequencies: 0.0920385725 0.0454302486 0.0333977912 0.0638069657 0.0162005899 0.0339491625 0.0420941032 0.0908450979 0.0294265219 0.0617131506 0.1010629156 0.0514464773 0.0209814677 0.0426245363 0.0483266928 0.0609663566 0.0645677185 0.0096958043 0.0345982451 0.0568275821 
Optimizing NNI: done in 24.011 secs using 379.1% CPU
UFBoot tree 513: -142614.9062500000 -> -141810.9351636865
Alignment state count time was 0.0003685451 seconds.
Empirical state frequencies: 0.1163154838 0.0464782893 0.0354509942 0.0567048764 0.0179688684 0.0328522049 0.0482201805 0.0669806297 0.0366731275 0.0605047278 0.1044734331 0.0523431246 0.0196334983 0.0367363413 0.0515353928 0.0602940151 0.0592264044 0.0093507212 0.0276756976 0.0605819891 
Optimizing NNI: done in 20.4472 secs using 372.3% CPU
UFBoot tree 514: -144981.4062500000 -> -144246.6875960345
Alignment state count time was 0.0006216470 seconds.
Empirical state frequencies: 0.1065033141 0.0478497638 0.0330282194 0.0514300149 0.0135627766 0.0349886676 0.0511241293 0.0685665565 0.0429834031 0.0511797449 0.0911186624 0.0515621018 0.0247275985 0.0461117778 0.0466053658 0.0616424204 0.0658622503 0.0133264105 0.0361565942 0.0616702282 
Optimizing NNI: done in 15.339 secs using 373.4% CPU
UFBoot tree 515: -154381.6562500000 -> -153592.3470666453
Alignment state count time was 0.0003197390 seconds.
Empirical state frequencies: 0.1064641538 0.0465933586 0.0362198408 0.0557612869 0.0143693845 0.0316290654 0.0396731392 0.0686209071 0.0347690468 0.0649837052 0.1012194994 0.0469884105 0.0185787305 0.0438892965 0.0526417392 0.0592213966 0.0661279935 0.0093835571 0.0340334329 0.0688320555 
Optimizing NNI: done in 17.3092 secs using 398.9% CPU
UFBoot tree 516: -147327.7187500000 -> -146286.9613752889
Alignment state count time was 0.0005184449 seconds.
Empirical state frequencies: 0.1156387806 0.0401722084 0.0330456226 0.0625411887 0.0158108492 0.0356440747 0.0465255282 0.0712352053 0.0435021282 0.0518687259 0.0851748906 0.0647007601 0.0186391912 0.0337492249 0.0462747393 0.0600332992 0.0652441361 0.0130939690 0.0301127853 0.0669926924 
Optimizing NNI: done in 18.3299 secs using 391.5% CPU
UFBoot tree 517: -152405.5000000000 -> -151735.7096847072
Alignment state count time was 0.0003192560 seconds.
Empirical state frequencies: 0.1098185133 0.0359617123 0.0352696864 0.0569803022 0.0154451804 0.0298556016 0.0462946085 0.0835758065 0.0323116150 0.0590428107 0.0969414043 0.0488727441 0.0169038624 0.0426173730 0.0632831653 0.0564307522 0.0558065720 0.0125278164 0.0365451851 0.0655152880 
Optimizing NNI: done in 20.2809 secs using 399.3% CPU
UFBoot tree 518: -152821.4687500000 -> -152118.4680949033
Alignment state count time was 0.0003179139 seconds.
Empirical state frequencies: 0.1006282443 0.0484275690 0.0361391252 0.0520795274 0.0162874540 0.0347057136 0.0468140805 0.0783923557 0.0284894609 0.0575322542 0.0944480070 0.0543773079 0.0236561985 0.0409723877 0.0563581532 0.0584038261 0.0667089701 0.0092140356 0.0358654084 0.0604999206 
Optimizing NNI: done in 16.3077 secs using 399.1% CPU
UFBoot tree 519: -143247.1875000000 -> -142401.7229629378
Alignment state count time was 0.0029093300 seconds.
Empirical state frequencies: 0.1092757014 0.0421092091 0.0344344718 0.0590638576 0.0149287434 0.0310449752 0.0511884736 0.0936252566 0.0327791363 0.0566274331 0.0908663641 0.0484224151 0.0161397897 0.0406258565 0.0504718781 0.0660005017 0.0627543243 0.0106936642 0.0271681938 0.0617797544 
Optimizing NNI: done in 15.0702 secs using 399.3% CPU
UFBoot tree 520: -142118.5625000000 -> -141285.0516783220
Alignment state count time was 0.0003098400 seconds.
Empirical state frequencies: 0.0897017902 0.0457114520 0.0331194726 0.0563248860 0.0163664288 0.0343025204 0.0498793155 0.0812776744 0.0408160820 0.0571543792 0.1002880277 0.0568756151 0.0186441357 0.0432977626 0.0568892133 0.0610638760 0.0584530121 0.0104987840 0.0304134209 0.0589221517 
Optimizing NNI: done in 22.1921 secs using 399.1% CPU
UFBoot tree 521: -154610.3437500000 -> -153882.4735342302
Alignment state count time was 0.0003212970 seconds.
Empirical state frequencies: 0.1103378821 0.0440379376 0.0360511323 0.0456731381 0.0144556754 0.0318955609 0.0479907982 0.0643225313 0.0443487609 0.0590790787 0.1064323207 0.0564303243 0.0163341288 0.0421189421 0.0601939881 0.0570654848 0.0612818694 0.0098946825 0.0321523279 0.0599034360 
Optimizing NNI: done in 29.6617 secs using 389.3% CPU
UFBoot tree 522: -153164.1406250000 -> -152443.0701172977
Alignment state count time was 0.0004762450 seconds.
Empirical state frequencies: 0.1135193081 0.0445384820 0.0318269749 0.0580574092 0.0110126859 0.0353353223 0.0541917963 0.0763208224 0.0369858890 0.0568927236 0.1068741695 0.0520696391 0.0176649698 0.0454387911 0.0434309589 0.0604225069 0.0667532519 0.0101766846 0.0242815272 0.0542060869 
Optimizing NNI: done in 16.2707 secs using 399% CPU
UFBoot tree 523: -142945.8281250000 -> -142049.9386863215
Alignment state count time was 0.0005004681 seconds.
Empirical state frequencies: 0.1082400189 0.0444799145 0.0374405973 0.0653597202 0.0143474341 0.0322153926 0.0523387344 0.0715935434 0.0299950308 0.0614933489 0.0886419993 0.0545590961 0.0200139094 0.0362568713 0.0438004978 0.0589998196 0.0703257659 0.0097946418 0.0334061229 0.0666975407 
Optimizing NNI: done in 20.9709 secs using 399.1% CPU
UFBoot tree 524: -151543.5156250000 -> -150700.5182349645
Alignment state count time was 0.0003188580 seconds.
Empirical state frequencies: 0.1113204450 0.0454528044 0.0350054892 0.0613240343 0.0097798732 0.0329621872 0.0562123850 0.0698027196 0.0390649398 0.0534087845 0.0978523012 0.0559815801 0.0206005492 0.0426424155 0.0472313597 0.0556557379 0.0609846153 0.0107573997 0.0323308679 0.0616295113 
Optimizing NNI: done in 19.2886 secs using 399.1% CPU
UFBoot tree 525: -150611.7968750000 -> -149818.6216657126
Alignment state count time was 0.0005208059 seconds.
Empirical state frequencies: 0.1059203172 0.0464786213 0.0381946378 0.0593983438 0.0179647113 0.0340800765 0.0550300512 0.0764189125 0.0247880255 0.0552632097 0.0873156424 0.0545500191 0.0193225165 0.0349852800 0.0535488091 0.0631563098 0.0741079006 0.0142067453 0.0273733415 0.0578965289 
Optimizing NNI: done in 15.0291 secs using 399.4% CPU
UFBoot tree 526: -159395.9843750000 -> -158607.7259872854
Alignment state count time was 0.0005195161 seconds.
Empirical state frequencies: 0.1134591503 0.0470840933 0.0342315530 0.0555549236 0.0152845821 0.0327543315 0.0485755874 0.0811315502 0.0498744005 0.0543203375 0.0887460203 0.0519439378 0.0161766240 0.0389129891 0.0536709310 0.0586735022 0.0653887940 0.0081054285 0.0276732606 0.0584380032 
Optimizing NNI: done in 20.6992 secs using 393.3% CPU
UFBoot tree 527: -146546.7343750000 -> -145889.9247777657
Alignment state count time was 0.0003096659 seconds.
Empirical state frequencies: 0.1074553196 0.0363087633 0.0404926445 0.0641075672 0.0179065450 0.0339218934 0.0501087123 0.0870023136 0.0320082822 0.0494434066 0.0876539016 0.0494914184 0.0162878631 0.0427903497 0.0557329460 0.0632159204 0.0617001208 0.0130985111 0.0361235751 0.0551499462 
Optimizing NNI: done in 10.5516 secs using 398.9% CPU
UFBoot tree 528: -145657.0937500000 -> -144896.5705756977
Alignment state count time was 0.0006024500 seconds.
Empirical state frequencies: 0.1124000945 0.0493861609 0.0290142693 0.0500464248 0.0125283056 0.0327763978 0.0501771020 0.0714224678 0.0241104345 0.0613190549 0.1042224513 0.0522748154 0.0234845593 0.0426597227 0.0555073573 0.0601016934 0.0654181931 0.0082159572 0.0319098015 0.0630247366 
Optimizing NNI: done in 22.0722 secs using 380.4% CPU
UFBoot tree 529: -151053.1562500000 -> -150140.6661685486
Alignment state count time was 0.0002180600 seconds.
Empirical state frequencies: 0.0968885044 0.0505595926 0.0311159540 0.0539308687 0.0146907835 0.0355260535 0.0461886940 0.0672591694 0.0473451201 0.0517617531 0.0971890445 0.0626530654 0.0192315526 0.0411317799 0.0533885898 0.0565769284 0.0714471305 0.0088694521 0.0347289688 0.0595169947 
Optimizing NNI: done in 25.8782 secs using 369.9% CPU
UFBoot tree 530: -153965.2187500000 -> -153253.2571783654
Alignment state count time was 0.0005322630 seconds.
Empirical state frequencies: 0.1037255854 0.0394996418 0.0334057319 0.0604452194 0.0125102806 0.0348021038 0.0483433301 0.0698188129 0.0380388221 0.0557691639 0.0927193110 0.0523892280 0.0207667766 0.0383467400 0.0564422868 0.0653432621 0.0731915879 0.0123742238 0.0331909055 0.0588769864 
Optimizing NNI: done in 21.8599 secs using 355.5% CPU
UFBoot tree 531: -143364.4687500000 -> -142711.8098750651
Alignment state count time was 0.0006098070 seconds.
Empirical state frequencies: 0.1010488721 0.0445443563 0.0372296792 0.0557074269 0.0116078392 0.0331151733 0.0554890783 0.0828304133 0.0365951037 0.0577066810 0.1009124043 0.0551479087 0.0206624815 0.0388741169 0.0446535306 0.0625103495 0.0580000869 0.0085782528 0.0327125932 0.0620736524 
Optimizing NNI: done in 13.9062 secs using 399.1% CPU
UFBoot tree 532: -149119.1562500000 -> -148234.4904242359
Alignment state count time was 0.0007462030 seconds.
Empirical state frequencies: 0.1116922877 0.0429917607 0.0389639959 0.0570603717 0.0186109292 0.0320796604 0.0515614730 0.0778204998 0.0311441334 0.0467267270 0.0925889706 0.0558963191 0.0171397952 0.0385212274 0.0552036007 0.0632948374 0.0607382066 0.0152330343 0.0382070047 0.0545251652 
Optimizing NNI: done in 15.9258 secs using 398.9% CPU
UFBoot tree 533: -146540.4843750000 -> -145860.6054896455
Alignment state count time was 0.0003827770 seconds.
Empirical state frequencies: 0.1058572477 0.0438704727 0.0370830115 0.0535716413 0.0174994067 0.0290803866 0.0420376568 0.0768678732 0.0351226369 0.0533030969 0.0932960805 0.0548606547 0.0207823628 0.0413730092 0.0545451150 0.0639777391 0.0676030893 0.0106582366 0.0342095858 0.0644006967 
Optimizing NNI: done in 11.9503 secs using 396.4% CPU
UFBoot tree 534: -150870.4531250000 -> -150241.4988400205
Alignment state count time was 0.0004897710 seconds.
Empirical state frequencies: 0.0991487211 0.0386166657 0.0319584223 0.0642106139 0.0191013685 0.0337466766 0.0483849165 0.0861503033 0.0257737482 0.0624506324 0.1073619682 0.0516150835 0.0213278511 0.0349906796 0.0580118035 0.0590720333 0.0623799504 0.0053325170 0.0268551827 0.0635108622 
Optimizing NNI: done in 12.0946 secs using 399.3% CPU
UFBoot tree 535: -144463.2187500000 -> -143665.4488207385
Alignment state count time was 0.0003109400 seconds.
Empirical state frequencies: 0.1013219062 0.0437663767 0.0323474772 0.0475214507 0.0143004044 0.0262204259 0.0433521159 0.0703258415 0.0384344389 0.0581452366 0.1098008900 0.0501272850 0.0237014527 0.0528467069 0.0536819102 0.0500805136 0.0603501733 0.0187102778 0.0423298270 0.0626352895 
Optimizing NNI: done in 21.9419 secs using 379.8% CPU
UFBoot tree 536: -148259.4687500000 -> -147641.1287051467
Alignment state count time was 0.0005533220 seconds.
Empirical state frequencies: 0.1028309514 0.0519919041 0.0356394592 0.0584086060 0.0138087233 0.0353034066 0.0516558515 0.0760355144 0.0364320360 0.0476295613 0.1004341991 0.0596386852 0.0157045671 0.0421005454 0.0556694605 0.0556314168 0.0669937980 0.0084762665 0.0281575340 0.0574575138 
Optimizing NNI: done in 15.1716 secs using 398% CPU
UFBoot tree 537: -165024.7500000000 -> -164123.9178063987
Alignment state count time was 0.0004905789 seconds.
Empirical state frequencies: 0.1052030091 0.0486203242 0.0359094376 0.0574638144 0.0148376701 0.0344420443 0.0467746696 0.0822073260 0.0432529257 0.0532572870 0.0958703878 0.0608159928 0.0144920174 0.0389681373 0.0475311923 0.0688573080 0.0655051296 0.0070833118 0.0244115960 0.0544964191 
Optimizing NNI: done in 11.738 secs using 399% CPU
UFBoot tree 538: -153846.0000000000 -> -153222.8754889934
Alignment state count time was 0.0005350540 seconds.
Empirical state frequencies: 0.1073147922 0.0440438024 0.0363116334 0.0641631490 0.0192123306 0.0332201937 0.0513618756 0.0748368264 0.0378752022 0.0503551943 0.0896657415 0.0503623339 0.0152926993 0.0389604189 0.0531467715 0.0576090112 0.0745012660 0.0118656991 0.0263019372 0.0635991218 
Optimizing NNI: done in 22.0368 secs using 359.7% CPU
UFBoot tree 539: -144867.4531250000 -> -144237.3207572782
Alignment state count time was 0.0004283190 seconds.
Empirical state frequencies: 0.1131404830 0.0471335388 0.0360449861 0.0527097891 0.0109902285 0.0308396332 0.0446523632 0.0776750196 0.0462510588 0.0579407211 0.1016682433 0.0526202621 0.0179221727 0.0444669145 0.0523964447 0.0607416358 0.0616113262 0.0061685626 0.0247262212 0.0603003958 
Optimizing NNI: done in 21.9473 secs using 398.3% CPU
UFBoot tree 540: -163111.5937500000 -> -162367.6642017211
Alignment state count time was 0.0003189150 seconds.
Empirical state frequencies: 0.0897322656 0.0386029681 0.0312998127 0.0644992508 0.0139106608 0.0322730861 0.0450409916 0.0838133213 0.0329291445 0.0562588691 0.1107693906 0.0460719405 0.0174288640 0.0508806322 0.0525315923 0.0567635294 0.0766327262 0.0112431706 0.0265704248 0.0627473586 
Optimizing NNI: done in 9.54254 secs using 399.1% CPU
UFBoot tree 541: -143879.3593750000 -> -143135.8250501175
Alignment state count time was 0.0009261561 seconds.
Empirical state frequencies: 0.1187655951 0.0469110787 0.0306273381 0.0552181840 0.0127819654 0.0330702232 0.0491919688 0.0803274139 0.0342949056 0.0507859999 0.0992613933 0.0621580511 0.0212316263 0.0405219947 0.0471832304 0.0552505830 0.0625273998 0.0110000201 0.0286380391 0.0602529896 
Optimizing NNI: done in 20.6233 secs using 379.8% CPU
UFBoot tree 542: -158015.2187500000 -> -157166.9375691514
Alignment state count time was 0.0003416460 seconds.
Empirical state frequencies: 0.1106807987 0.0493275902 0.0316040734 0.0635318281 0.0165166705 0.0347821295 0.0521844954 0.0764982968 0.0371773802 0.0630501018 0.0864205224 0.0565334142 0.0193601943 0.0393116957 0.0447311176 0.0504716904 0.0614844910 0.0093442998 0.0298444340 0.0671447761 
Optimizing NNI: done in 11.3472 secs using 398.8% CPU
UFBoot tree 543: -157503.0937500000 -> -156717.2471567526
Alignment state count time was 0.0003018701 seconds.
Empirical state frequencies: 0.1170071284 0.0474584505 0.0324868834 0.0525803025 0.0173344690 0.0338109434 0.0470967561 0.0761033601 0.0311886586 0.0574115070 0.0904548796 0.0564943532 0.0186326937 0.0441515297 0.0527353144 0.0554415640 0.0652331498 0.0089121551 0.0334104960 0.0620554056 
Optimizing NNI: done in 20.8914 secs using 398.8% CPU
UFBoot tree 544: -163812.9218750000 -> -162988.9729809208
Alignment state count time was 0.0003256260 seconds.
Empirical state frequencies: 0.1109129388 0.0446987151 0.0333289449 0.0524536586 0.0147018747 0.0355890755 0.0509814634 0.0813653598 0.0289607414 0.0515896943 0.0907169094 0.0519421917 0.0175633244 0.0369161247 0.0474219305 0.0640860739 0.0783864109 0.0132504147 0.0316079280 0.0635262250 
Optimizing NNI: done in 13.9255 secs using 399.3% CPU
UFBoot tree 545: -150037.3281250000 -> -149332.0745964320
Alignment state count time was 0.0003192089 seconds.
Empirical state frequencies: 0.1082183245 0.0418939149 0.0396150120 0.0561926405 0.0164924858 0.0346333861 0.0488904244 0.0777171556 0.0358701077 0.0575335803 0.0912099278 0.0489321117 0.0157282196 0.0367872271 0.0516278870 0.0638700418 0.0684764826 0.0115247556 0.0313470414 0.0634392736 
Optimizing NNI: done in 14.6469 secs using 399.3% CPU
UFBoot tree 546: -145998.0000000000 -> -145278.8374827184
Alignment state count time was 0.0002983829 seconds.
Empirical state frequencies: 0.1173694667 0.0455712678 0.0328089892 0.0568801417 0.0139285683 0.0326982536 0.0474883780 0.0767502620 0.0357434828 0.0605413376 0.0941980410 0.0557381807 0.0180603906 0.0388233168 0.0557174178 0.0578975250 0.0589910391 0.0112086249 0.0268154245 0.0627698917 
Optimizing NNI: done in 9.44758 secs using 399% CPU
UFBoot tree 547: -145996.7656250000 -> -145149.6171093967
Alignment state count time was 0.0004340949 seconds.
Empirical state frequencies: 0.1119303447 0.0444215896 0.0347684686 0.0656346211 0.0190725078 0.0330018843 0.0496231988 0.0830691251 0.0274707932 0.0521819419 0.0908785491 0.0572783972 0.0186799335 0.0386241088 0.0411688313 0.0677727488 0.0660972979 0.0100152584 0.0281367674 0.0601736325 
Optimizing NNI: done in 17.2945 secs using 399.1% CPU
UFBoot tree 548: -145668.0000000000 -> -144720.6035184533
Alignment state count time was 0.0003017390 seconds.
Empirical state frequencies: 0.1055010382 0.0486036267 0.0339814857 0.0575058495 0.0107451754 0.0366974181 0.0545018637 0.0831700387 0.0426916729 0.0514361521 0.0773403859 0.0579036375 0.0218695247 0.0360252934 0.0557638120 0.0602354987 0.0658251070 0.0131593376 0.0349553807 0.0520877016 
Optimizing NNI: done in 19.1988 secs using 391.3% CPU
UFBoot tree 549: -149539.4687500000 -> -148943.8629773071
Alignment state count time was 0.0003078601 seconds.
Empirical state frequencies: 0.1016096769 0.0452573164 0.0327546357 0.0468270975 0.0119862938 0.0340257416 0.0484316082 0.0698320300 0.0464033955 0.0574265924 0.0997412207 0.0460144232 0.0218842494 0.0388253818 0.0603716683 0.0638376892 0.0772502872 0.0110347009 0.0227108155 0.0637751758 
Optimizing NNI: done in 15.827 secs using 397.3% CPU
UFBoot tree 550: -149695.8125000000 -> -149004.1845301603
Alignment state count time was 0.0003364161 seconds.
Empirical state frequencies: 0.1091407940 0.0435460440 0.0340458761 0.0501124383 0.0171490006 0.0312158916 0.0461269345 0.0710501718 0.0249608648 0.0593565929 0.1037991118 0.0574745494 0.0169206644 0.0453519754 0.0497941515 0.0597994267 0.0617160665 0.0090603653 0.0400794860 0.0692995946 
Optimizing NNI: done in 20.9536 secs using 380.8% CPU
UFBoot tree 551: -148875.2031250000 -> -148059.7817218119
Alignment state count time was 0.0003207299 seconds.
Empirical state frequencies: 0.1064766368 0.0405824754 0.0288166543 0.0641419329 0.0173289850 0.0332740369 0.0538364087 0.0834248064 0.0250824664 0.0567361412 0.1042236072 0.0523900193 0.0246026545 0.0399496801 0.0419384655 0.0604981443 0.0658664740 0.0082960053 0.0288861923 0.0636482134 
Optimizing NNI: done in 19.3979 secs using 399.3% CPU
UFBoot tree 552: -148021.1562500000 -> -147301.8233817621
Alignment state count time was 0.0003220660 seconds.
Empirical state frequencies: 0.1065076376 0.0476947758 0.0329985353 0.0556183302 0.0112087606 0.0384599289 0.0502127363 0.0697495989 0.0366185394 0.0527795215 0.0971681663 0.0572644207 0.0173816001 0.0370370370 0.0494175908 0.0589732859 0.0634372602 0.0118574318 0.0414940364 0.0641208063 
Optimizing NNI: done in 18.8315 secs using 399.1% CPU
UFBoot tree 553: -147654.2968750000 -> -146861.3638184886
Alignment state count time was 0.0003064340 seconds.
Empirical state frequencies: 0.1020362263 0.0444333434 0.0368840743 0.0543818877 0.0127223582 0.0343766626 0.0478328799 0.0834435323 0.0228533826 0.0552604956 0.0871877535 0.0537330696 0.0149053608 0.0454403631 0.0547738820 0.0686558862 0.0739748430 0.0096675062 0.0330587508 0.0643777418 
Optimizing NNI: done in 13.7834 secs using 399.1% CPU
UFBoot tree 554: -154102.7812500000 -> -153128.8471170548
Alignment state count time was 0.0003850010 seconds.
Empirical state frequencies: 0.1080907666 0.0487280922 0.0342119433 0.0615064906 0.0177137817 0.0373943298 0.0474928238 0.0774882123 0.0435148407 0.0581286945 0.0892476887 0.0564118807 0.0221523734 0.0388250079 0.0469414893 0.0558814829 0.0583520198 0.0077339294 0.0361730192 0.0540111330 
Optimizing NNI: done in 21.1192 secs using 386.6% CPU
UFBoot tree 555: -148490.9062500000 -> -147738.9294443786
Alignment state count time was 0.0004202850 seconds.
Empirical state frequencies: 0.1071944117 0.0512582444 0.0395061139 0.0752734677 0.0140786478 0.0379661306 0.0632871462 0.0782824673 0.0239714437 0.0488808509 0.0811140495 0.0546007888 0.0133973649 0.0335803717 0.0595258966 0.0628187641 0.0700999755 0.0071948515 0.0229850028 0.0549840104 
Optimizing NNI: done in 17.9667 secs using 399.1% CPU
UFBoot tree 556: -153161.1875000000 -> -152297.8255631781
Alignment state count time was 0.0003209980 seconds.
Empirical state frequencies: 0.1026681933 0.0525326081 0.0346590206 0.0627952846 0.0145124914 0.0368010961 0.0546264696 0.0724242924 0.0355199834 0.0588968451 0.0914825647 0.0558662561 0.0183696047 0.0351067213 0.0644896594 0.0611973376 0.0590828130 0.0072872917 0.0256636814 0.0560177855 
Optimizing NNI: done in 18.8518 secs using 392.1% CPU
UFBoot tree 557: -149250.2187500000 -> -148529.4871709487
Alignment state count time was 0.0003600800 seconds.
Empirical state frequencies: 0.1135960539 0.0463006075 0.0373384278 0.0545061950 0.0165527738 0.0329364362 0.0509226987 0.0799620869 0.0384939506 0.0513628979 0.0912490685 0.0578008106 0.0211473525 0.0367262758 0.0492925862 0.0582410097 0.0569616809 0.0146956836 0.0327232147 0.0591901891 
Optimizing NNI: done in 16.4846 secs using 399.2% CPU
UFBoot tree 558: -152696.0625000000 -> -151949.3111775984
Alignment state count time was 0.0007722180 seconds.
Empirical state frequencies: 0.1116413953 0.0495893101 0.0312699655 0.0530181016 0.0153987641 0.0325566317 0.0438723392 0.0774091196 0.0294825427 0.0595627118 0.0876676744 0.0583734149 0.0176730335 0.0385378907 0.0511611293 0.0618717560 0.0698769062 0.0189736096 0.0318263617 0.0602373422 
Optimizing NNI: done in 20.7198 secs using 395.9% CPU
UFBoot tree 559: -147748.8750000000 -> -146862.1531513207
Alignment state count time was 0.0005421600 seconds.
Empirical state frequencies: 0.1203927064 0.0419816167 0.0338007600 0.0481643530 0.0105364487 0.0318631887 0.0446390496 0.0800804585 0.0338613091 0.0608056604 0.1019655957 0.0557868124 0.0171026626 0.0418941569 0.0510908930 0.0593322988 0.0635841915 0.0077848283 0.0290712022 0.0662618074 
Optimizing NNI: done in 15.1529 secs using 395.8% CPU
UFBoot tree 560: -156472.6562500000 -> -155669.2200178183
Alignment state count time was 0.0003268910 seconds.
Empirical state frequencies: 0.1156315367 0.0482063095 0.0418220454 0.0525766534 0.0151752777 0.0329854566 0.0472541499 0.0730583591 0.0398081251 0.0565222930 0.0879298584 0.0538028157 0.0142642186 0.0506928845 0.0452744800 0.0632422105 0.0667836961 0.0108939847 0.0301015777 0.0539740674 
Optimizing NNI: done in 14.8558 secs using 399.1% CPU
UFBoot tree 561: -150942.5625000000 -> -150155.5144226328
Alignment state count time was 0.0002957530 seconds.
Empirical state frequencies: 0.1033373257 0.0439709386 0.0296015745 0.0543735487 0.0154211034 0.0346207327 0.0494083600 0.0709489138 0.0318278140 0.0672789917 0.1127212625 0.0495770145 0.0191180102 0.0478095152 0.0437618070 0.0613086221 0.0579287858 0.0106515539 0.0299456297 0.0663884959 
Optimizing NNI: done in 19.1922 secs using 399.1% CPU
UFBoot tree 562: -151568.2812500000 -> -150467.7565237618
Alignment state count time was 0.0002959630 seconds.
Empirical state frequencies: 0.1065802814 0.0455475197 0.0384930583 0.0720212014 0.0129660230 0.0331179218 0.0506892364 0.0759374649 0.0303946923 0.0536394018 0.0884124498 0.0565895672 0.0136533143 0.0373454116 0.0553576300 0.0674435822 0.0701668117 0.0109106331 0.0250065881 0.0557272111 
Optimizing NNI: done in 10.99 secs using 399.1% CPU
UFBoot tree 563: -160328.7343750000 -> -159542.9023316343
Alignment state count time was 0.0005795789 seconds.
Empirical state frequencies: 0.1067576288 0.0430311888 0.0333559525 0.0655509133 0.0138573238 0.0368279581 0.0463550383 0.0754387214 0.0369245816 0.0540784793 0.0958778192 0.0563072621 0.0169106274 0.0383803761 0.0546517789 0.0551220134 0.0636828583 0.0122082821 0.0349921110 0.0596890857 
Optimizing NNI: done in 23.6223 secs using 399.1% CPU
UFBoot tree 564: -158255.8750000000 -> -157540.5450956919
Alignment state count time was 0.0003048400 seconds.
Empirical state frequencies: 0.1004317387 0.0439610973 0.0326474988 0.0581326485 0.0152216366 0.0393230087 0.0530425722 0.0703988979 0.0320147161 0.0558866176 0.0934154997 0.0562690687 0.0178083966 0.0374733362 0.0532094600 0.0693280349 0.0712889659 0.0076977806 0.0289412001 0.0635078247 
Optimizing NNI: done in 13.9591 secs using 388.2% CPU
UFBoot tree 565: -152878.3437500000 -> -151919.3085163805
Alignment state count time was 0.0004869930 seconds.
Empirical state frequencies: 0.1073543933 0.0419076453 0.0339681350 0.0529390179 0.0101985700 0.0338702027 0.0485250698 0.1022828999 0.0304215871 0.0566534496 0.0969525855 0.0535615874 0.0251682195 0.0414809404 0.0461537095 0.0523654145 0.0612422767 0.0088415083 0.0272178024 0.0688949854 
Optimizing NNI: done in 14.6172 secs using 399.2% CPU
UFBoot tree 566: -143692.5468750000 -> -142975.2488619715
Alignment state count time was 0.0003542600 seconds.
Empirical state frequencies: 0.0988173075 0.0485871317 0.0416285243 0.0688814180 0.0156906951 0.0300044118 0.0450979155 0.0619955026 0.0399235664 0.0564048265 0.1050159531 0.0548584693 0.0195433714 0.0376172473 0.0563321345 0.0566229025 0.0540125987 0.0101793194 0.0287950812 0.0699916232 
Optimizing NNI: done in 12.6091 secs using 398.1% CPU
UFBoot tree 567: -157507.8750000000 -> -156795.6491047863
Alignment state count time was 0.0006010709 seconds.
Empirical state frequencies: 0.0898032224 0.0434743983 0.0355327201 0.0485817924 0.0142365203 0.0333093343 0.0403346651 0.0685922643 0.0443339180 0.0624548672 0.1002240113 0.0513024210 0.0188821890 0.0406259073 0.0545913271 0.0600396878 0.0701692344 0.0124109288 0.0360157560 0.0750848349 
Optimizing NNI: done in 12.9941 secs using 399.3% CPU
UFBoot tree 568: -144148.5156250000 -> -143596.9482537804
Alignment state count time was 0.0003193860 seconds.
Empirical state frequencies: 0.1071244811 0.0475542007 0.0323100162 0.0486052630 0.0173078029 0.0299659203 0.0535581106 0.0885305081 0.0246274311 0.0506393332 0.0894076536 0.0544201330 0.0189789163 0.0442951513 0.0649307562 0.0550855537 0.0680763816 0.0168465453 0.0276293861 0.0601064557 
Optimizing NNI: done in 13.9279 secs using 399.2% CPU
UFBoot tree 569: -136804.6875000000 -> -136021.1282683875
Alignment state count time was 0.0003137609 seconds.
Empirical state frequencies: 0.1095390626 0.0443351031 0.0321969740 0.0531455637 0.0160826741 0.0361338415 0.0496213795 0.0796293500 0.0346075684 0.0571806892 0.0885053160 0.0560474478 0.0138816966 0.0380007421 0.0615957453 0.0630499627 0.0669016733 0.0090998109 0.0314502137 0.0589951856 
Optimizing NNI: done in 16.7819 secs using 383.6% CPU
UFBoot tree 570: -159011.9218750000 -> -157994.4913438458
Alignment state count time was 0.0003035589 seconds.
Empirical state frequencies: 0.1003202048 0.0417100022 0.0318914590 0.0558801784 0.0182207627 0.0347651790 0.0458153164 0.0728556527 0.0362909874 0.0601428630 0.1002038875 0.0448710941 0.0176049655 0.0427636995 0.0464105869 0.0584733685 0.0715487943 0.0139649203 0.0314535588 0.0748125191 
Optimizing NNI: done in 15.8778 secs using 384.1% CPU
UFBoot tree 571: -151123.7812500000 -> -150285.7251622676
Alignment state count time was 0.0003198950 seconds.
Empirical state frequencies: 0.1080638966 0.0457260524 0.0378852665 0.0633210636 0.0191033474 0.0356049646 0.0596884059 0.0865556858 0.0375975313 0.0463374898 0.0782329434 0.0584151774 0.0200600671 0.0305983710 0.0500420813 0.0596740191 0.0699317812 0.0140464002 0.0265772708 0.0525381847 
Optimizing NNI: done in 20.9363 secs using 382% CPU
UFBoot tree 572: -145163.5156250000 -> -144505.4516133105
Alignment state count time was 0.0008771459 seconds.
Empirical state frequencies: 0.1079462298 0.0448116415 0.0334282736 0.0552786381 0.0190106986 0.0368697569 0.0487214923 0.0793486574 0.0345957985 0.0589712750 0.0980969353 0.0544572979 0.0215290226 0.0374670952 0.0453275246 0.0607700779 0.0634920400 0.0119037301 0.0259886963 0.0619851184 
Optimizing NNI: done in 13.6505 secs using 399.1% CPU
UFBoot tree 573: -147972.7500000000 -> -147060.3646278007
Alignment state count time was 0.0004947080 seconds.
Empirical state frequencies: 0.1108957661 0.0456981156 0.0368825207 0.0613298920 0.0181956968 0.0354353930 0.0523535052 0.0739765304 0.0277802967 0.0565830332 0.0893706143 0.0541711536 0.0138193587 0.0389098978 0.0493124395 0.0691737440 0.0658250763 0.0099813241 0.0253404533 0.0649651888 
Optimizing NNI: done in 18.6527 secs using 397.7% CPU
UFBoot tree 574: -148182.2187500000 -> -147158.7492141387
Alignment state count time was 0.0004764610 seconds.
Empirical state frequencies: 0.1092211216 0.0441028838 0.0414066097 0.0568547584 0.0138574112 0.0362643787 0.0476931480 0.0709869536 0.0391036912 0.0572695698 0.0905474567 0.0514049948 0.0167968506 0.0359568461 0.0485656823 0.0632700312 0.0605952129 0.0170471679 0.0312008189 0.0678544124 
Optimizing NNI: done in 18.2488 secs using 363% CPU
UFBoot tree 575: -145846.9218750000 -> -145006.9997523070
Alignment state count time was 0.0009546200 seconds.
Empirical state frequencies: 0.1081107434 0.0424484625 0.0356946279 0.0529319146 0.0164912248 0.0343213482 0.0531420339 0.0753021157 0.0272598389 0.0586951868 0.0879242822 0.0533521532 0.0199056634 0.0420507367 0.0660943879 0.0654190044 0.0560386786 0.0099325010 0.0306217477 0.0642633483 
Optimizing NNI: done in 25.8645 secs using 398.9% CPU
UFBoot tree 576: -138574.5312500000 -> -137819.0786948957
Alignment state count time was 0.0003356810 seconds.
Empirical state frequencies: 0.0991681456 0.0535709575 0.0347400941 0.0579967742 0.0141896458 0.0355998865 0.0501106454 0.0777156200 0.0336688773 0.0573272637 0.0964619137 0.0570806020 0.0200461007 0.0374533734 0.0486518173 0.0590398011 0.0628524871 0.0107716186 0.0308780757 0.0626763002 
Optimizing NNI: done in 13.0112 secs using 399.1% CPU
UFBoot tree 577: -149157.9531250000 -> -148430.3999267321
Alignment state count time was 0.0003176350 seconds.
Empirical state frequencies: 0.1047077404 0.0436535595 0.0389129673 0.0679953750 0.0122698229 0.0370835198 0.0557555000 0.0944134683 0.0232465080 0.0575994669 0.0890775797 0.0532654186 0.0217437476 0.0347095938 0.0572074424 0.0552473201 0.0524523308 0.0119286164 0.0282557095 0.0604743130 
Optimizing NNI: done in 16.0085 secs using 389.1% CPU
UFBoot tree 578: -143289.7812500000 -> -142471.9745973606
Alignment state count time was 0.0005470120 seconds.
Empirical state frequencies: 0.1023311104 0.0398267469 0.0323944962 0.0560667906 0.0152974391 0.0355704871 0.0500676969 0.0690300185 0.0442846569 0.0599845661 0.0983125098 0.0486345400 0.0213541472 0.0388401012 0.0602006199 0.0573127009 0.0647881622 0.0136914392 0.0341733392 0.0578384318 
Optimizing NNI: done in 21.0745 secs using 379.3% CPU
UFBoot tree 579: -143547.2812500000 -> -143039.9258842965
Alignment state count time was 0.0003327341 seconds.
Empirical state frequencies: 0.0997638773 0.0443723468 0.0405459099 0.0571736512 0.0143337152 0.0335907548 0.0448644222 0.0737279484 0.0229633954 0.0596927834 0.0930804654 0.0532737702 0.0240724012 0.0388346627 0.0489038470 0.0650762350 0.0731697734 0.0151709778 0.0327975587 0.0645915040 
Optimizing NNI: done in 22.7379 secs using 379.8% CPU
UFBoot tree 580: -137980.5937500000 -> -137205.8914796498
Alignment state count time was 0.0003706900 seconds.
Empirical state frequencies: 0.1071080807 0.0416602954 0.0344819729 0.0515814418 0.0130160942 0.0365891802 0.0513949021 0.0795900263 0.0256317024 0.0605215277 0.1155507275 0.0486589871 0.0181839337 0.0386134810 0.0474430249 0.0603142614 0.0635061623 0.0080486122 0.0280290825 0.0700765037 
Optimizing NNI: done in 12.2742 secs using 399% CPU
UFBoot tree 581: -144265.4687500000 -> -143279.2802165265
Alignment state count time was 0.0005453000 seconds.
Empirical state frequencies: 0.1067597190 0.0417101317 0.0339432178 0.0560930565 0.0134356034 0.0294472918 0.0474377260 0.0759007063 0.0562882389 0.0454589802 0.0914143430 0.0465695008 0.0161950789 0.0416562883 0.0604611043 0.0660271684 0.0597274877 0.0147816890 0.0363257893 0.0603668784 
Optimizing NNI: done in 25.6016 secs using 399% CPU
UFBoot tree 582: -152347.1875000000 -> -152165.8164147205
Alignment state count time was 0.0003334060 seconds.
Empirical state frequencies: 0.1142331878 0.0465652446 0.0313659835 0.0597379375 0.0117804517 0.0313174014 0.0443651689 0.0797260069 0.0360853888 0.0534361435 0.1072790053 0.0525824863 0.0255500106 0.0413461376 0.0476340511 0.0591827134 0.0630484615 0.0096081372 0.0302694158 0.0548866665 
Optimizing NNI: done in 15.1596 secs using 376.5% CPU
UFBoot tree 583: -145049.0781250000 -> -144326.8292210797
Alignment state count time was 0.0003145030 seconds.
Empirical state frequencies: 0.1085882489 0.0499670269 0.0346079405 0.0601638718 0.0159089975 0.0400183666 0.0536543422 0.0668577673 0.0316722703 0.0536259782 0.0813233888 0.0616104340 0.0171641029 0.0421102089 0.0503641224 0.0624400799 0.0694885249 0.0105269354 0.0239147262 0.0659926664 
Optimizing NNI: done in 20.4846 secs using 399% CPU
UFBoot tree 584: -148756.2187500000 -> -147734.9818557922
Alignment state count time was 0.0003152940 seconds.
Empirical state frequencies: 0.1004864975 0.0462816591 0.0363845913 0.0583302634 0.0154244618 0.0330045969 0.0504667446 0.0664228168 0.0306032046 0.0610994991 0.0825523999 0.0550543756 0.0274036616 0.0463233018 0.0463927062 0.0639311987 0.0659508668 0.0119473012 0.0368843030 0.0650555500 
Optimizing NNI: done in 18.1584 secs using 365.9% CPU
UFBoot tree 585: -148837.2656250000 -> -148086.1835455602
Alignment state count time was 0.0009367870 seconds.
Empirical state frequencies: 0.1013249111 0.0399946529 0.0331208239 0.0521139598 0.0131944435 0.0310612497 0.0490696517 0.0661255006 0.0311771008 0.0631970435 0.1078898039 0.0494236410 0.0249018356 0.0411274187 0.0476536944 0.0614850225 0.0709590638 0.0183369428 0.0335777920 0.0642654477 
Optimizing NNI: done in 11.1066 secs using 399.3% CPU
UFBoot tree 586: -161116.2968750000 -> -160234.0012411132
Alignment state count time was 0.0003584240 seconds.
Empirical state frequencies: 0.0979058154 0.0432839959 0.0357290448 0.0556280639 0.0125464492 0.0361037268 0.0507503858 0.0824621057 0.0349319941 0.0495241539 0.1023815619 0.0495650283 0.0246997700 0.0428480023 0.0534889704 0.0622088418 0.0676860111 0.0114224033 0.0278607234 0.0589729521 
Optimizing NNI: done in 15.7376 secs using 397.9% CPU
UFBoot tree 587: -148921.4687500000 -> -148145.7245513446
Alignment state count time was 0.0003201789 seconds.
Empirical state frequencies: 0.0993622581 0.0409552659 0.0363218544 0.0566691696 0.0140992737 0.0322359657 0.0445689163 0.0680850195 0.0255561878 0.0622196818 0.1017166061 0.0472312458 0.0246048670 0.0400450093 0.0597558293 0.0675443408 0.0742514948 0.0104582473 0.0286702236 0.0656485432 
Optimizing NNI: done in 13.4807 secs using 399.1% CPU
UFBoot tree 588: -149057.6875000000 -> -148300.4718174245
Alignment state count time was 0.0003309370 seconds.
Empirical state frequencies: 0.0957333199 0.0461998142 0.0330979607 0.0629462735 0.0101427066 0.0323416690 0.0575225815 0.0788500078 0.0272565076 0.0595969817 0.1022014147 0.0546054564 0.0235614824 0.0379310249 0.0592872622 0.0615633401 0.0637529847 0.0101210982 0.0256358825 0.0576522316 
Optimizing NNI: done in 16.737 secs using 386.1% CPU
UFBoot tree 589: -147286.7812500000 -> -146449.4864974249
Alignment state count time was 0.0003682810 seconds.
Empirical state frequencies: 0.1007283179 0.0476373838 0.0336803863 0.0605539025 0.0128442988 0.0347407470 0.0489296984 0.0686921707 0.0435947587 0.0517197725 0.0928617671 0.0579759005 0.0276959757 0.0388827809 0.0484061453 0.0591555518 0.0715352628 0.0095969442 0.0310891299 0.0596791049 
Optimizing NNI: done in 19.6714 secs using 378.9% CPU
UFBoot tree 590: -156306.4375000000 -> -155626.5671799518
Alignment state count time was 0.0004790460 seconds.
Empirical state frequencies: 0.0998678334 0.0385324470 0.0320045745 0.0544248750 0.0198873861 0.0317664332 0.0462720384 0.0776716658 0.0517562919 0.0598320827 0.0941734553 0.0541867337 0.0164343377 0.0442478376 0.0459218307 0.0514411049 0.0663949761 0.0113493210 0.0383853598 0.0654494151 
Optimizing NNI: done in 21.9471 secs using 384.8% CPU
UFBoot tree 591: -144003.4062500000 -> -143435.7086581573
Alignment state count time was 0.0004888820 seconds.
Empirical state frequencies: 0.1056549156 0.0426931651 0.0382914574 0.0669406828 0.0144321218 0.0325103168 0.0474345322 0.0640085216 0.0264519033 0.0653740907 0.1005877528 0.0549694241 0.0154580316 0.0400036177 0.0546852193 0.0629410208 0.0673704558 0.0091916634 0.0313457705 0.0596553366 
Optimizing NNI: done in 17.3519 secs using 372.4% CPU
UFBoot tree 592: -149430.8750000000 -> -148561.8022232608
Alignment state count time was 0.0004074019 seconds.
Empirical state frequencies: 0.1050068693 0.0431957068 0.0359829777 0.0641347375 0.0140380174 0.0359758434 0.0516283931 0.0644201076 0.0354907143 0.0577353131 0.0996062403 0.0510861899 0.0207014091 0.0411196394 0.0527698735 0.0593690569 0.0640063210 0.0089084899 0.0281281658 0.0666959341 
Optimizing NNI: done in 12.3545 secs using 398.7% CPU
UFBoot tree 593: -147916.0156250000 -> -147001.6168080097
Alignment state count time was 0.0003129900 seconds.
Empirical state frequencies: 0.1187260567 0.0448138077 0.0366021055 0.0548688118 0.0163535033 0.0330402364 0.0451325742 0.0664552809 0.0490339989 0.0528661266 0.0970707241 0.0542035599 0.0200955448 0.0334352297 0.0611124773 0.0567814107 0.0652495120 0.0083011844 0.0276627842 0.0581950709 
Optimizing NNI: done in 17.3425 secs using 399% CPU
UFBoot tree 594: -149547.2187500000 -> -148926.4921330957
Alignment state count time was 0.0005200180 seconds.
Empirical state frequencies: 0.1025417784 0.0493012406 0.0281934875 0.0463800783 0.0126236203 0.0339995693 0.0490112989 0.0640375256 0.0500768345 0.0626385571 0.0897915938 0.0584996398 0.0299476346 0.0408494411 0.0499898520 0.0580792244 0.0657626785 0.0070422433 0.0392402649 0.0619934369 
Optimizing NNI: done in 19.2104 secs using 398.9% CPU
UFBoot tree 595: -139926.8437500000 -> -139577.6733548618
Alignment state count time was 0.0005420391 seconds.
Empirical state frequencies: 0.1201239449 0.0461935875 0.0383488002 0.0495073338 0.0151728640 0.0340679809 0.0481074451 0.0732445781 0.0305040129 0.0577916997 0.1004646374 0.0520298387 0.0244919303 0.0390047867 0.0494397064 0.0581298371 0.0524694173 0.0126841728 0.0323975823 0.0658258439 
Optimizing NNI: done in 13.1528 secs using 399% CPU
UFBoot tree 596: -152000.7968750000 -> -151265.7345488492
Alignment state count time was 0.0003408350 seconds.
Empirical state frequencies: 0.1096346014 0.0413551606 0.0306016915 0.0542864617 0.0137082289 0.0356493767 0.0481193302 0.0770756749 0.0296111511 0.0598497707 0.1079113325 0.0540829260 0.0162592096 0.0418639999 0.0488859813 0.0591238267 0.0713698909 0.0112047399 0.0279828656 0.0614237800 
Optimizing NNI: done in 21.0925 secs using 399.2% CPU
UFBoot tree 597: -154710.5625000000 -> -153792.8439325375
Alignment state count time was 0.0003129069 seconds.
Empirical state frequencies: 0.1157949484 0.0373522920 0.0378204241 0.0523664417 0.0171276286 0.0316600771 0.0433498104 0.0789549878 0.0378882693 0.0636016120 0.0893285236 0.0433158878 0.0161031656 0.0375151205 0.0550531128 0.0582757613 0.0679301377 0.0181385225 0.0323317449 0.0660915319 
Optimizing NNI: done in 14.5211 secs using 399.2% CPU
UFBoot tree 598: -148553.0937500000 -> -147973.4948907288
Alignment state count time was 0.0003387040 seconds.
Empirical state frequencies: 0.1140603247 0.0450626457 0.0391432560 0.0576570918 0.0115614189 0.0365647088 0.0506638599 0.0684286576 0.0462160318 0.0513598688 0.0930740002 0.0506704885 0.0150878638 0.0492188129 0.0450096164 0.0584989311 0.0605339285 0.0132185829 0.0369027703 0.0570671415 
Optimizing NNI: done in 20.9341 secs using 388.5% CPU
UFBoot tree 599: -156177.9062500000 -> -155476.0994514262
Alignment state count time was 0.0003414400 seconds.
Empirical state frequencies: 0.1005926318 0.0440698724 0.0337363691 0.0605046542 0.0149957050 0.0339368806 0.0469701280 0.0616003063 0.0280146302 0.0602038870 0.1066079768 0.0659757537 0.0205813825 0.0351327884 0.0443491563 0.0612852168 0.0675726846 0.0141220478 0.0331849624 0.0665629660 
Optimizing NNI: done in 19.4128 secs using 399.2% CPU
UFBoot tree 600: -145462.9531250000 -> -144638.1534781870
600 samples done
Alignment state count time was 0.0003187789 seconds.
Empirical state frequencies: 0.1019600074 0.0400439704 0.0349039017 0.0523026540 0.0136449093 0.0352428833 0.0518322304 0.0992412362 0.0351321954 0.0559276823 0.0968199387 0.0550490972 0.0183353085 0.0411093413 0.0533680249 0.0640148160 0.0653569067 0.0082142848 0.0282903004 0.0492103111 
Optimizing NNI: done in 17.0422 secs using 399.2% CPU
UFBoot tree 601: -148917.2812500000 -> -148200.5068071055
Alignment state count time was 0.0003130120 seconds.
Empirical state frequencies: 0.1121825506 0.0390931975 0.0280222892 0.0457855793 0.0151714922 0.0295173958 0.0486689992 0.0709603263 0.0331056516 0.0630860983 0.1108725525 0.0508760613 0.0159617628 0.0420478129 0.0557173588 0.0610997425 0.0703836424 0.0111133458 0.0294889176 0.0668452235 
Optimizing NNI: done in 19.8443 secs using 399.4% CPU
UFBoot tree 602: -139390.1250000000 -> -138660.4135106259
Alignment state count time was 0.0003068241 seconds.
Empirical state frequencies: 0.0947685322 0.0398530889 0.0344342847 0.0582850313 0.0186450103 0.0324122432 0.0512646101 0.0729731940 0.0355087027 0.0668536824 0.0939743971 0.0442108218 0.0221085071 0.0365697740 0.0473806888 0.0563831111 0.0651653111 0.0153016348 0.0391123410 0.0747950334 
Optimizing NNI: done in 21.3613 secs using 386.7% CPU
UFBoot tree 603: -151356.9375000000 -> -150556.6104435027
Alignment state count time was 0.0003373460 seconds.
Empirical state frequencies: 0.1065959902 0.0430334317 0.0346207401 0.0486146010 0.0145612809 0.0319529685 0.0523876897 0.0711917270 0.0287871219 0.0623901275 0.0900981084 0.0495971051 0.0221961567 0.0452577119 0.0562699456 0.0563722898 0.0712804253 0.0104538679 0.0354531395 0.0688855715 
Optimizing NNI: done in 15.4094 secs using 399.1% CPU
UFBoot tree 604: -152440.8125000000 -> -151540.4907310593
Alignment state count time was 0.0003164021 seconds.
Empirical state frequencies: 0.1091341176 0.0412219152 0.0375843922 0.0595931725 0.0181183465 0.0344766055 0.0477835830 0.0862353802 0.0338267955 0.0549032398 0.0830710883 0.0525723998 0.0163454954 0.0415115044 0.0455233745 0.0617898126 0.0649964834 0.0146150233 0.0374925712 0.0592046991 
Optimizing NNI: done in 20.5087 secs using 387.2% CPU
UFBoot tree 605: -147842.0937500000 -> -146990.8235727835
Alignment state count time was 0.0002915190 seconds.
Empirical state frequencies: 0.1145787564 0.0428899211 0.0371019562 0.0675152012 0.0123247090 0.0330054513 0.0562167765 0.0664250024 0.0300652180 0.0660219591 0.0960057319 0.0499795175 0.0142408161 0.0370821344 0.0541288805 0.0613836585 0.0622624248 0.0111287939 0.0242045731 0.0634385182 
Optimizing NNI: done in 20.0961 secs using 394.2% CPU
UFBoot tree 606: -160227.9843750000 -> -159258.7519484332
Alignment state count time was 0.0005277559 seconds.
Empirical state frequencies: 0.1039677828 0.0467006438 0.0356448316 0.0554731192 0.0151472901 0.0299430507 0.0467793796 0.0727818626 0.0336370698 0.0659056067 0.1015532196 0.0529076458 0.0233358086 0.0380069042 0.0419305693 0.0638125478 0.0575727393 0.0099572916 0.0376591546 0.0672834824 
Optimizing NNI: done in 10.428 secs using 398.8% CPU
UFBoot tree 607: -153548.6406250000 -> -152918.5610944660
Alignment state count time was 0.0020229330 seconds.
Empirical state frequencies: 0.1014415424 0.0445057829 0.0320144899 0.0468548709 0.0171741089 0.0394381657 0.0508978117 0.0643510458 0.0366499306 0.0570737523 0.0993155132 0.0681291042 0.0143231385 0.0374445776 0.0524801351 0.0588791345 0.0761522506 0.0138979327 0.0296793430 0.0592973697 
Optimizing NNI: done in 17.3158 secs using 399.2% CPU
UFBoot tree 608: -150371.4843750000 -> -149527.2491961941
Alignment state count time was 0.0004718940 seconds.
Empirical state frequencies: 0.0988381431 0.0427062075 0.0356931433 0.0562044710 0.0159427639 0.0294547381 0.0463258536 0.0689417861 0.0396624142 0.0718690377 0.0997978977 0.0530578468 0.0197337947 0.0414036834 0.0427130629 0.0556903167 0.0726642630 0.0089365550 0.0271924593 0.0731715619 
Optimizing NNI: done in 14.6036 secs using 398.9% CPU
UFBoot tree 609: -152752.9062500000 -> -152015.7888003309
Alignment state count time was 0.0003135101 seconds.
Empirical state frequencies: 0.1158181885 0.0423532747 0.0401843371 0.0763797902 0.0111721820 0.0373877327 0.0526051660 0.0776630201 0.0296116383 0.0545858035 0.0872314520 0.0489368022 0.0155449275 0.0407073928 0.0538116811 0.0595931899 0.0553320296 0.0099168484 0.0316341202 0.0595304232 
Optimizing NNI: done in 29.3901 secs using 399.1% CPU
UFBoot tree 610: -152074.9843750000 -> -151237.6694951984
Alignment state count time was 0.0003433159 seconds.
Empirical state frequencies: 0.0987320154 0.0479334428 0.0393164211 0.0651807740 0.0163819884 0.0329981576 0.0521854814 0.0681239819 0.0359413655 0.0532750662 0.1033826825 0.0553479350 0.0185611581 0.0328852128 0.0572879276 0.0650080350 0.0593541525 0.0080041437 0.0293307744 0.0607692841 
Optimizing NNI: done in 20.6949 secs using 390.4% CPU
UFBoot tree 611: -159226.6875000000 -> -158534.8976500576
Alignment state count time was 0.0003073600 seconds.
Empirical state frequencies: 0.1040866165 0.0344497144 0.0333228821 0.0614536835 0.0128732097 0.0325694380 0.0449312550 0.0783828385 0.0456913667 0.0570130308 0.0996859697 0.0491985489 0.0181206476 0.0449912638 0.0502787076 0.0591200072 0.0606669012 0.0094593746 0.0357365702 0.0679679743 
Optimizing NNI: done in 15.0188 secs using 399% CPU
UFBoot tree 612: -149120.1562500000 -> -148618.5883603339
Alignment state count time was 0.0003334711 seconds.
Empirical state frequencies: 0.1128579244 0.0473907270 0.0405043983 0.0605043413 0.0140216224 0.0337391183 0.0490719596 0.0899057370 0.0370746838 0.0524276999 0.0794686450 0.0600268712 0.0143713188 0.0343443620 0.0534431644 0.0626025196 0.0642232278 0.0111433522 0.0240215939 0.0588567333 
Optimizing NNI: done in 15.0312 secs using 389.8% CPU
UFBoot tree 613: -155579.0000000000 -> -154587.2565656127
Alignment state count time was 0.0003126370 seconds.
Empirical state frequencies: 0.1101408713 0.0448003684 0.0344931342 0.0582638523 0.0165986303 0.0371994649 0.0496676735 0.0732407000 0.0435528659 0.0561505966 0.0911829226 0.0550326162 0.0144785576 0.0359792301 0.0507652031 0.0589796325 0.0686937918 0.0136741570 0.0294417714 0.0576639604 
Optimizing NNI: done in 11.0342 secs using 399% CPU
UFBoot tree 614: -148269.6406250000 -> -147667.5582093174
Alignment state count time was 0.0003336250 seconds.
Empirical state frequencies: 0.1064439251 0.0497073909 0.0351975616 0.0586821166 0.0136085900 0.0365968468 0.0451304186 0.0701934776 0.0345771888 0.0583719302 0.0954357554 0.0623836740 0.0169379237 0.0418148709 0.0506241639 0.0572483663 0.0612670030 0.0113269969 0.0305447660 0.0639070337 
Optimizing NNI: done in 11.1147 secs using 399.2% CPU
UFBoot tree 615: -155819.0937500000 -> -154788.8464876271
Alignment state count time was 0.0004162280 seconds.
Empirical state frequencies: 0.1098017298 0.0451525378 0.0324597254 0.0575508209 0.0158749180 0.0339043217 0.0511974021 0.0734694309 0.0302788057 0.0588060769 0.0920247798 0.0577892494 0.0201666314 0.0383713502 0.0395845306 0.0681398522 0.0829995591 0.0085327221 0.0253840084 0.0585115475 
Optimizing NNI: done in 13.3914 secs using 396.6% CPU
UFBoot tree 616: -150559.6562500000 -> -149712.0224835577
Alignment state count time was 0.0004173579 seconds.
Empirical state frequencies: 0.1101533234 0.0468750858 0.0385215712 0.0638663969 0.0144013444 0.0340240856 0.0457962724 0.0819073643 0.0305762562 0.0540185799 0.0911428817 0.0526190382 0.0167776496 0.0404896767 0.0513652821 0.0638007934 0.0664759590 0.0135557880 0.0258965386 0.0577361126 
Optimizing NNI: done in 14.3178 secs using 399% CPU
UFBoot tree 617: -141425.8437500000 -> -140496.4849265770
Alignment state count time was 0.0003323250 seconds.
Empirical state frequencies: 0.1154617698 0.0439892369 0.0325613254 0.0613930905 0.0131212740 0.0353005753 0.0543161424 0.0821596552 0.0259619221 0.0598278049 0.0934947107 0.0556293905 0.0173263210 0.0398637808 0.0461846163 0.0603517776 0.0646098851 0.0065285033 0.0291919818 0.0627262363 
Optimizing NNI: done in 22.2824 secs using 399.1% CPU
UFBoot tree 618: -162735.7812500000 -> -161698.9583063824
Alignment state count time was 0.0003694771 seconds.
Empirical state frequencies: 0.1088068153 0.0463394762 0.0321485117 0.0559852679 0.0154512669 0.0325955779 0.0514265476 0.0774308975 0.0412185363 0.0614177995 0.0965057214 0.0500176117 0.0178152988 0.0393896292 0.0519345773 0.0596769508 0.0565407138 0.0110957585 0.0378994085 0.0563036332 
Optimizing NNI: done in 18.1625 secs using 375.2% CPU
UFBoot tree 619: -151727.6250000000 -> -151048.4411602613
Alignment state count time was 0.0007790850 seconds.
Empirical state frequencies: 0.1010630291 0.0432164235 0.0343997341 0.0539575318 0.0168019927 0.0306791910 0.0512847278 0.0778559631 0.0328744540 0.0597735532 0.0847838710 0.0512134530 0.0165881684 0.0379634727 0.0623038077 0.0687684296 0.0728168367 0.0081563627 0.0321688337 0.0633301644 
Optimizing NNI: done in 11.4003 secs using 399.1% CPU
UFBoot tree 620: -148264.9843750000 -> -147428.5872607813
Alignment state count time was 0.0003088149 seconds.
Empirical state frequencies: 0.1077273373 0.0451926128 0.0289284717 0.0523366748 0.0129476057 0.0315263124 0.0494555589 0.0898810006 0.0391540150 0.0589763688 0.0942268565 0.0531104997 0.0171898244 0.0417518557 0.0494348315 0.0592665531 0.0672051675 0.0093410290 0.0325143210 0.0598331035 
Optimizing NNI: done in 22.8269 secs using 394.3% CPU
UFBoot tree 621: -148224.0625000000 -> -147475.4789764758
Alignment state count time was 0.0005378469 seconds.
Empirical state frequencies: 0.1083109852 0.0425301271 0.0305999976 0.0597647383 0.0162851633 0.0343587150 0.0509988015 0.0693564039 0.0199513991 0.0582784265 0.1031188026 0.0535618637 0.0174874244 0.0384609356 0.0440758914 0.0631733468 0.0638537473 0.0204204131 0.0400925757 0.0653202416 
Optimizing NNI: done in 18.8666 secs using 399.4% CPU
UFBoot tree 622: -155016.0937500000 -> -154240.4761943277
Alignment state count time was 0.0003324080 seconds.
Empirical state frequencies: 0.0975859398 0.0525614677 0.0349254669 0.0510255385 0.0099224431 0.0319215701 0.0445080338 0.0868548241 0.0426322973 0.0560954640 0.0956082611 0.0572847897 0.0173506315 0.0407973377 0.0593712067 0.0645634628 0.0626877263 0.0077340839 0.0262399914 0.0603294634 
Optimizing NNI: done in 11.1054 secs using 399.2% CPU
UFBoot tree 623: -149452.8593750000 -> -148933.4350674024
Alignment state count time was 0.0003497701 seconds.
Empirical state frequencies: 0.1067131183 0.0491899629 0.0394835441 0.0507539307 0.0152665902 0.0386349338 0.0444138999 0.0707418596 0.0350371066 0.0479906871 0.0835972538 0.0563014576 0.0183173794 0.0435723029 0.0550741286 0.0591137942 0.0723899870 0.0166061321 0.0400235688 0.0567783626 
Optimizing NNI: done in 20.9016 secs using 394.6% CPU
UFBoot tree 624: -142751.3437500000 -> -142002.6362719971
Alignment state count time was 0.0003289140 seconds.
Empirical state frequencies: 0.1128589768 0.0451384961 0.0310125014 0.0452948473 0.0159008142 0.0339219941 0.0487413725 0.0732477300 0.0454240071 0.0559607211 0.0974617786 0.0533163458 0.0141605569 0.0388572550 0.0572251268 0.0609231735 0.0654777531 0.0102517759 0.0291974675 0.0656273065 
Optimizing NNI: done in 21.2587 secs using 398.8% CPU
UFBoot tree 625: -148608.1875000000 -> -148062.4339707843
Alignment state count time was 0.0003165880 seconds.
Empirical state frequencies: 0.1200581845 0.0428591395 0.0379962612 0.0615740595 0.0167373670 0.0306780727 0.0510980693 0.0790545041 0.0303370574 0.0541467461 0.0835149843 0.0511117099 0.0216752687 0.0384532217 0.0634564640 0.0590096244 0.0607351618 0.0077959457 0.0344019599 0.0553061982 
Optimizing NNI: done in 22.4739 secs using 392.8% CPU
UFBoot tree 626: -151815.0468750000 -> -151201.6497449522
Alignment state count time was 0.0004372140 seconds.
Empirical state frequencies: 0.1062777911 0.0439635852 0.0323508815 0.0592061717 0.0125873746 0.0334391160 0.0493244182 0.0652608454 0.0348706191 0.0598269766 0.0989449896 0.0491053106 0.0154138628 0.0425686000 0.0672766355 0.0612584797 0.0564892372 0.0109002460 0.0294586610 0.0714761981 
Optimizing NNI: done in 20.2283 secs using 384.2% CPU
UFBoot tree 627: -140044.5937500000 -> -139305.8505409779
Alignment state count time was 0.0003151409 seconds.
Empirical state frequencies: 0.1019719742 0.0425071824 0.0370727902 0.0612438919 0.0143498645 0.0332806594 0.0468666399 0.0796222897 0.0372146219 0.0604526205 0.1048981854 0.0470010068 0.0207546839 0.0376998355 0.0484193234 0.0536745598 0.0600495200 0.0173880481 0.0298692346 0.0656630680 
Optimizing NNI: done in 14.8152 secs using 399.2% CPU
UFBoot tree 628: -130718.0078125000 -> -129781.5206932088
Alignment state count time was 0.0004953560 seconds.
Empirical state frequencies: 0.0974021801 0.0425622671 0.0354425528 0.0596300754 0.0168978566 0.0317155008 0.0473969851 0.0625141867 0.0346971424 0.0574356429 0.0931108455 0.0563419099 0.0200675925 0.0419561858 0.0412316747 0.0680943150 0.0721278910 0.0173019109 0.0372329311 0.0668403536 
Optimizing NNI: done in 14.9979 secs using 399.4% CPU
UFBoot tree 629: -148099.5625000000 -> -147484.0050766196
Alignment state count time was 0.0004889930 seconds.
Empirical state frequencies: 0.1121798536 0.0410688215 0.0331432398 0.0609889527 0.0197718175 0.0297866840 0.0468571678 0.0666539968 0.0392261409 0.0608314000 0.0996852459 0.0532140734 0.0174016781 0.0392329910 0.0580160032 0.0570706875 0.0582146565 0.0073251606 0.0350133209 0.0643181080 
Optimizing NNI: done in 21.2223 secs using 399.1% CPU
UFBoot tree 630: -150125.5312500000 -> -149324.8194448107
Alignment state count time was 0.0003266180 seconds.
Empirical state frequencies: 0.1030096237 0.0414142777 0.0316872298 0.0467237408 0.0147903165 0.0321610402 0.0392751633 0.0929968960 0.0374008253 0.0577607349 0.0972193824 0.0453998589 0.0333664695 0.0417626676 0.0502355116 0.0577258959 0.0718844641 0.0111879642 0.0282869438 0.0657109939 
Optimizing NNI: done in 20.492 secs using 399% CPU
UFBoot tree 631: -141225.2187500000 -> -140625.7088102470
Alignment state count time was 0.0003159330 seconds.
Empirical state frequencies: 0.0982450639 0.0495363820 0.0413294803 0.0645391744 0.0182853640 0.0326042479 0.0477150258 0.0662165499 0.0341520408 0.0671380266 0.1020245581 0.0558715343 0.0157225070 0.0401992315 0.0426613021 0.0558499372 0.0706655545 0.0081635186 0.0298110217 0.0592694796 
Optimizing NNI: done in 18.7952 secs using 399.2% CPU
UFBoot tree 632: -143236.8437500000 -> -142356.9965626805
Alignment state count time was 0.0003680219 seconds.
Empirical state frequencies: 0.1032254132 0.0463083514 0.0352664671 0.0646237560 0.0158597134 0.0358827583 0.0524969424 0.0638598117 0.0456021844 0.0594302186 0.0954447366 0.0548722315 0.0167713109 0.0378921245 0.0490880816 0.0576648010 0.0642835119 0.0104286471 0.0272354222 0.0637635162 
Optimizing NNI: done in 22.0977 secs using 377.2% CPU
UFBoot tree 633: -164752.4531250000 -> -164000.0390761299
Alignment state count time was 0.0004955460 seconds.
Empirical state frequencies: 0.1073497149 0.0446605720 0.0326632377 0.0468785093 0.0136435729 0.0308206437 0.0395832019 0.0752544570 0.0350995564 0.0643968012 0.0982664088 0.0488712406 0.0160321207 0.0458957925 0.0528225810 0.0612234448 0.0732549013 0.0082864014 0.0302132701 0.0747835719 
Optimizing NNI: done in 21.8428 secs using 374% CPU
UFBoot tree 634: -152236.0937500000 -> -151238.7142526155
Alignment state count time was 0.0032220511 seconds.
Empirical state frequencies: 0.1042972185 0.0497392345 0.0319018758 0.0593373983 0.0154306013 0.0395647539 0.0505930370 0.0724646128 0.0304290664 0.0607248275 0.0876480685 0.0632079700 0.0188956167 0.0439049169 0.0416494551 0.0596860344 0.0666516403 0.0111331284 0.0336664011 0.0590741425 
Optimizing NNI: done in 17.0891 secs using 399.3% CPU
UFBoot tree 635: -148582.9375000000 -> -147847.1077748456
Alignment state count time was 0.0004350960 seconds.
Empirical state frequencies: 0.1085571796 0.0449589644 0.0308588221 0.0558728233 0.0162488746 0.0312814239 0.0466426636 0.0748630719 0.0335353001 0.0685039212 0.0932965595 0.0504796195 0.0221720076 0.0392840261 0.0530085223 0.0617221687 0.0637748059 0.0057576175 0.0337700789 0.0654115494 
Optimizing NNI: done in 21.6009 secs using 399% CPU
UFBoot tree 636: -151156.0937500000 -> -150366.9126515960
Alignment state count time was 0.0004188031 seconds.
Empirical state frequencies: 0.1037117641 0.0431356342 0.0342320926 0.0623569732 0.0144534114 0.0366983318 0.0465423884 0.0654502223 0.0442712189 0.0622176376 0.1008275182 0.0537878369 0.0176720626 0.0386908302 0.0516281359 0.0535161326 0.0621410031 0.0116597337 0.0306651026 0.0663419699 
Optimizing NNI: done in 17.5792 secs using 398.8% CPU
UFBoot tree 637: -147698.9375000000 -> -147043.5557281296
Alignment state count time was 0.0003314760 seconds.
Empirical state frequencies: 0.1015507196 0.0410659506 0.0357174066 0.0495399812 0.0156878798 0.0293930652 0.0426580412 0.0932307623 0.0422912001 0.0599142489 0.0925264273 0.0551966717 0.0160547209 0.0423498946 0.0441033953 0.0683075745 0.0612715612 0.0161647733 0.0301854421 0.0627902836 
Optimizing NNI: done in 27.8153 secs using 399% CPU
UFBoot tree 638: -138385.3281250000 -> -137680.4017401003
Alignment state count time was 0.0003563981 seconds.
Empirical state frequencies: 0.1160486521 0.0480965025 0.0355163298 0.0555155787 0.0155925756 0.0343976347 0.0495514925 0.0622689284 0.0405127104 0.0567852634 0.0965778665 0.0630513287 0.0177270184 0.0426471533 0.0465042493 0.0547606311 0.0581235796 0.0095804472 0.0352006244 0.0615414334 
Optimizing NNI: done in 17.7131 secs using 399.4% CPU
UFBoot tree 639: -155379.7656250000 -> -154541.0094617567
Alignment state count time was 0.0002919469 seconds.
Empirical state frequencies: 0.0977258547 0.0459730384 0.0359361286 0.0473531135 0.0169566109 0.0331411280 0.0425089105 0.0799870106 0.0368073881 0.0596692383 0.1007020773 0.0559611577 0.0172842045 0.0430107560 0.0522112567 0.0580730908 0.0579476295 0.0171866234 0.0408639725 0.0607008096 
Optimizing NNI: done in 13.7915 secs using 394.4% CPU
UFBoot tree 640: -144731.3125000000 -> -144052.1100754729
Alignment state count time was 0.0003026590 seconds.
Empirical state frequencies: 0.1148408658 0.0460197781 0.0357278557 0.0571260681 0.0161760114 0.0328143852 0.0473045132 0.0613523554 0.0298236902 0.0604818245 0.0958015115 0.0613032125 0.0193773188 0.0385570813 0.0517835354 0.0632689276 0.0649468058 0.0102578051 0.0268961788 0.0661402756 
Optimizing NNI: done in 10.9378 secs using 399.3% CPU
UFBoot tree 641: -148463.5312500000 -> -147544.0882955969
Alignment state count time was 0.0004949360 seconds.
Empirical state frequencies: 0.0950946779 0.0508407563 0.0293479426 0.0478336717 0.0131942384 0.0345165825 0.0481814298 0.0814571058 0.0253248588 0.0591392190 0.1105665035 0.0642669461 0.0234701490 0.0391806321 0.0455766535 0.0558048326 0.0619417401 0.0133578893 0.0384237469 0.0624804242 
Optimizing NNI: done in 15.061 secs using 399% CPU
UFBoot tree 642: -151425.8906250000 -> -150513.8460290320
Alignment state count time was 0.0003699340 seconds.
Empirical state frequencies: 0.1079736638 0.0499229940 0.0328562365 0.0597072846 0.0165490855 0.0362500751 0.0489752280 0.0840425714 0.0258664619 0.0479438355 0.0781538780 0.0634983487 0.0195247921 0.0380410742 0.0585922657 0.0637492280 0.0672475997 0.0127231770 0.0361176666 0.0522645336 
Optimizing NNI: done in 12.8166 secs using 399% CPU
UFBoot tree 643: -148542.2500000000 -> -147777.5060776529
Alignment state count time was 0.0005330220 seconds.
Empirical state frequencies: 0.1096123752 0.0502356452 0.0315159602 0.0472378570 0.0118434330 0.0318970971 0.0466148447 0.0762702267 0.0364414216 0.0616037860 0.1026712860 0.0536365590 0.0154935516 0.0450243312 0.0510932032 0.0622414573 0.0652978820 0.0095126343 0.0326886891 0.0590677597 
Optimizing NNI: done in 23.3494 secs using 377.7% CPU
UFBoot tree 644: -141189.9375000000 -> -140310.2382584093
Alignment state count time was 0.0003629189 seconds.
Empirical state frequencies: 0.1085146160 0.0497437032 0.0363550633 0.0502166525 0.0111635549 0.0362646465 0.0511764615 0.0848323724 0.0339068548 0.0535690289 0.0912519644 0.0574360854 0.0190854566 0.0397283050 0.0518997958 0.0574360854 0.0678827021 0.0081032943 0.0324393208 0.0589940362 
Optimizing NNI: done in 28.7883 secs using 365.5% CPU
UFBoot tree 645: -152722.0625000000 -> -151712.8592202717
Alignment state count time was 0.0003703450 seconds.
Empirical state frequencies: 0.0947538972 0.0421022534 0.0375060602 0.0684724006 0.0118246600 0.0322347585 0.0499580614 0.0636852676 0.0315255536 0.0634534122 0.1070285973 0.0521743267 0.0228036973 0.0393336266 0.0452186634 0.0560203994 0.0589117732 0.0118587564 0.0381743494 0.0729594854 
Optimizing NNI: done in 10.2929 secs using 399.2% CPU
UFBoot tree 646: -149708.1718750000 -> -148858.6519337825
Alignment state count time was 0.0005118380 seconds.
Empirical state frequencies: 0.1061859651 0.0455283229 0.0360233735 0.0567401471 0.0119731739 0.0333927783 0.0476167343 0.0827917409 0.0294234579 0.0539890666 0.1073305752 0.0530854271 0.0209694078 0.0446514579 0.0524294517 0.0575835440 0.0642570895 0.0082782922 0.0292159554 0.0585340389 
Optimizing NNI: done in 25.2949 secs using 373.1% CPU
UFBoot tree 647: -156581.4687500000 -> -155738.1710201935
Alignment state count time was 0.0003496840 seconds.
Empirical state frequencies: 0.1014029987 0.0407048120 0.0389751930 0.0562040829 0.0120348624 0.0325143593 0.0499989905 0.0869401532 0.0451870154 0.0705121375 0.1000637217 0.0444870917 0.0205483568 0.0323393784 0.0536533996 0.0588960969 0.0575231697 0.0088650159 0.0233278613 0.0658213030 
Optimizing NNI: done in 19.3499 secs using 365.4% CPU
UFBoot tree 648: -151886.6093750000 -> -151309.7777962576
Alignment state count time was 0.0003116820 seconds.
Empirical state frequencies: 0.1083526219 0.0426579919 0.0338925766 0.0499731166 0.0173168155 0.0339350241 0.0454100069 0.0782077998 0.0394602779 0.0607123421 0.0888479811 0.0600827037 0.0204933057 0.0413208947 0.0452685151 0.0627710474 0.0640161750 0.0144516071 0.0321239295 0.0607052675 
Optimizing NNI: done in 17.1932 secs using 399.2% CPU
UFBoot tree 649: -145331.6250000000 -> -144362.0540127709
Alignment state count time was 0.0009144270 seconds.
Empirical state frequencies: 0.1207523327 0.0471589593 0.0336442431 0.0490358289 0.0113603404 0.0336881832 0.0483014017 0.0598764768 0.0480314840 0.0659276549 0.1012241013 0.0576104236 0.0161498102 0.0377557801 0.0480063754 0.0571145283 0.0565621386 0.0105694188 0.0308320774 0.0663984415 
Optimizing NNI: done in 16.2657 secs using 387.4% CPU
UFBoot tree 650: -165629.8750000000 -> -164920.7450418610
Alignment state count time was 0.0003224830 seconds.
Empirical state frequencies: 0.1087036037 0.0467861506 0.0427383276 0.0571328472 0.0152917824 0.0357004042 0.0503390137 0.0794535060 0.0321475412 0.0593703373 0.0875491519 0.0583736372 0.0190480537 0.0364123329 0.0516815077 0.0599398802 0.0655675068 0.0075080290 0.0287777455 0.0574786411 
Optimizing NNI: done in 14.9624 secs using 398.8% CPU
UFBoot tree 651: -154103.2343750000 -> -153384.2135662817
Alignment state count time was 0.0003165409 seconds.
Empirical state frequencies: 0.0994778882 0.0421625780 0.0308814903 0.0608083502 0.0129214184 0.0306507258 0.0469756663 0.0732037008 0.0316529031 0.0573798489 0.1005657780 0.0516766690 0.0245057966 0.0442526451 0.0637423560 0.0585007051 0.0578347847 0.0131785560 0.0320814657 0.0675466738 
Optimizing NNI: done in 9.23655 secs using 398.5% CPU
UFBoot tree 652: -157142.7187500000 -> -156489.4284718273
Alignment state count time was 0.0003001550 seconds.
Empirical state frequencies: 0.1133812166 0.0439237266 0.0314472364 0.0566803453 0.0140577242 0.0322373423 0.0515231087 0.0658527563 0.0230290174 0.0599844244 0.0989222790 0.0457409701 0.0198542283 0.0422357731 0.0524137735 0.0659964119 0.0810587032 0.0099922703 0.0240489722 0.0676197204 
Optimizing NNI: done in 17.2949 secs using 398.9% CPU
UFBoot tree 653: -146398.7812500000 -> -145499.5695321936
Alignment state count time was 0.0003130940 seconds.
Empirical state frequencies: 0.1030603637 0.0444267472 0.0326436521 0.0547936711 0.0152233702 0.0325611567 0.0465097565 0.0880874458 0.0195131318 0.0597090229 0.0928584307 0.0517825884 0.0150721286 0.0420618787 0.0508820135 0.0607814633 0.0729701609 0.0184956883 0.0328017683 0.0657655613 
Optimizing NNI: done in 16.139 secs using 398.9% CPU
UFBoot tree 654: -147434.1875000000 -> -146618.7785052530
Alignment state count time was 0.0041784099 seconds.
Empirical state frequencies: 0.0989522837 0.0411921236 0.0338899022 0.0606464470 0.0148465857 0.0316841655 0.0440897218 0.0964040413 0.0439595696 0.0605642456 0.0982261716 0.0488985017 0.0173263269 0.0395823468 0.0570775376 0.0578653007 0.0601943395 0.0080444226 0.0271014394 0.0594545272 
Optimizing NNI: done in 43.4877 secs using 373.3% CPU
UFBoot tree 655: -144272.7187500000 -> -143598.8396555482
Alignment state count time was 0.0005545050 seconds.
Empirical state frequencies: 0.1062530473 0.0428276312 0.0368517890 0.0589352422 0.0150671279 0.0375987693 0.0481787263 0.0653049468 0.0396088253 0.0599266888 0.0976424019 0.0535501935 0.0153998737 0.0420738602 0.0557503900 0.0630504245 0.0659908105 0.0123236731 0.0254433630 0.0582222156 
Optimizing NNI: done in 14.9925 secs using 399.2% CPU
UFBoot tree 656: -154803.9531250000 -> -154088.0785467486
Alignment state count time was 0.0003413430 seconds.
Empirical state frequencies: 0.1087994882 0.0472524610 0.0328282179 0.0581497310 0.0148971942 0.0305599165 0.0492178735 0.0816269872 0.0481476660 0.0557602740 0.0923896400 0.0556391185 0.0160212486 0.0390004208 0.0451524312 0.0625180622 0.0660786897 0.0093374999 0.0331714920 0.0534515874 
Optimizing NNI: done in 18.7987 secs using 388.4% CPU
UFBoot tree 657: -149471.6250000000 -> -148882.6405379862
Alignment state count time was 0.0005194480 seconds.
Empirical state frequencies: 0.1011318127 0.0417706053 0.0414840293 0.0683088705 0.0106804478 0.0360190927 0.0427969470 0.0937741420 0.0350260738 0.0582987061 0.0952736673 0.0479753076 0.0148058084 0.0403310610 0.0461092317 0.0635370478 0.0614843643 0.0116201503 0.0277883651 0.0617842693 
Optimizing NNI: done in 26.369 secs using 399.1% CPU
UFBoot tree 658: -151599.0937500000 -> -150745.3671573747
Alignment state count time was 0.0003262829 seconds.
Empirical state frequencies: 0.1134629906 0.0478931663 0.0326652016 0.0507524406 0.0193935825 0.0309310052 0.0491902306 0.0865757796 0.0306443611 0.0568436265 0.0973392633 0.0536762098 0.0163981523 0.0473557087 0.0451772140 0.0523218167 0.0562918367 0.0179961928 0.0335537982 0.0615374226 
Optimizing NNI: done in 20.7797 secs using 399.4% CPU
UFBoot tree 659: -141731.9218750000 -> -140776.7433993716
Alignment state count time was 0.0003232310 seconds.
Empirical state frequencies: 0.0906080570 0.0467664239 0.0356321491 0.0581120658 0.0107658293 0.0314048065 0.0435140974 0.0646917199 0.0384276498 0.0629666914 0.1032082651 0.0581529756 0.0210682722 0.0429822705 0.0574029632 0.0576416035 0.0629939646 0.0092589863 0.0348753184 0.0695258906 
Optimizing NNI: done in 14.3099 secs using 399.3% CPU
UFBoot tree 660: -148413.8281250000 -> -147752.3305167102
Alignment state count time was 0.0003622700 seconds.
Empirical state frequencies: 0.1054671006 0.0482843174 0.0320203495 0.0634197650 0.0123442676 0.0328700588 0.0512118316 0.0812503844 0.0374770767 0.0568743477 0.0929338879 0.0512051932 0.0198588846 0.0398071390 0.0562370657 0.0547500744 0.0587861937 0.0141698150 0.0329762725 0.0580559748 
Optimizing NNI: done in 15.4977 secs using 396.2% CPU
UFBoot tree 661: -155171.0312500000 -> -154331.1042005674
Alignment state count time was 0.0003287020 seconds.
Empirical state frequencies: 0.1054518428 0.0506448511 0.0363203776 0.0530643810 0.0145731574 0.0359492402 0.0526718319 0.0719424241 0.0336082201 0.0588170097 0.1023828226 0.0513942630 0.0164573931 0.0383045348 0.0521508122 0.0558907346 0.0660898739 0.0102265682 0.0269491599 0.0671105016 
Optimizing NNI: done in 21.4755 secs using 399.2% CPU
UFBoot tree 662: -149301.5000000000 -> -148392.6628468637
Alignment state count time was 0.0003122650 seconds.
Empirical state frequencies: 0.1040788576 0.0462403987 0.0371137077 0.0664151892 0.0140365076 0.0385412331 0.0496569880 0.0733836783 0.0410986010 0.0616657919 0.0906763559 0.0558406763 0.0175545798 0.0316945235 0.0481347452 0.0591896103 0.0610365982 0.0111814568 0.0305105570 0.0619499439 
Optimizing NNI: done in 16.7133 secs using 399.2% CPU
UFBoot tree 663: -157791.8750000000 -> -157168.4361023093
Alignment state count time was 0.0003459750 seconds.
Empirical state frequencies: 0.1050508125 0.0428721144 0.0340462641 0.0569029533 0.0153179058 0.0336142295 0.0405542143 0.0812889079 0.0241711869 0.0523425878 0.1040838779 0.0520202762 0.0221687407 0.0426800990 0.0509436185 0.0652899112 0.0708172114 0.0138435019 0.0307477140 0.0612438727 
Optimizing NNI: done in 20.8367 secs using 396.6% CPU
UFBoot tree 664: -144000.0000000000 -> -143178.6730991931
Alignment state count time was 0.0009190791 seconds.
Empirical state frequencies: 0.1086152622 0.0498112369 0.0352782124 0.0539951963 0.0158893013 0.0321471700 0.0492639972 0.0632082195 0.0473244134 0.0488552992 0.0984116659 0.0587679579 0.0213132089 0.0380282652 0.0551312383 0.0659859806 0.0672744184 0.0049652881 0.0236753449 0.0620583234 
Optimizing NNI: done in 18.8817 secs using 399.4% CPU
UFBoot tree 665: -148500.7656250000 -> -147786.0972389753
Alignment state count time was 0.0009252540 seconds.
Empirical state frequencies: 0.1193413971 0.0427908048 0.0326675818 0.0548368371 0.0220016845 0.0338735250 0.0509778189 0.0701657146 0.0380139299 0.0567931449 0.0926297560 0.0535303986 0.0175530941 0.0367744883 0.0640891010 0.0600625908 0.0590777372 0.0080663412 0.0257267089 0.0610273453 
Optimizing NNI: done in 24.5371 secs using 374.4% CPU
UFBoot tree 666: -154527.9375000000 -> -153832.0979856778
Alignment state count time was 0.0005330150 seconds.
Empirical state frequencies: 0.1087641876 0.0444550995 0.0382544409 0.0600547249 0.0140536762 0.0362458754 0.0494590170 0.0752694335 0.0357769769 0.0583260988 0.0840105425 0.0588439868 0.0167900843 0.0377155575 0.0599777415 0.0647577075 0.0650726393 0.0129409170 0.0225148458 0.0567164470 
Optimizing NNI: done in 17.9716 secs using 379.4% CPU
UFBoot tree 667: -150806.9218750000 -> -149922.4787491203
Alignment state count time was 0.0002982020 seconds.
Empirical state frequencies: 0.1080997943 0.0443533682 0.0303286053 0.0544446073 0.0182603071 0.0283034927 0.0448750921 0.0870523527 0.0224684224 0.0576298692 0.0925991019 0.0572866298 0.0183564141 0.0457125963 0.0476896554 0.0635679112 0.0727049448 0.0142855945 0.0344131545 0.0575680861 
Optimizing NNI: done in 13.28 secs using 398.8% CPU
UFBoot tree 668: -146835.4843750000 -> -145988.1950610207
Alignment state count time was 0.0003311071 seconds.
Empirical state frequencies: 0.1080361944 0.0430322602 0.0357204970 0.0585992401 0.0166020892 0.0296217451 0.0490164499 0.0706821817 0.0318658162 0.0640443136 0.1054686536 0.0456806685 0.0153688609 0.0377893553 0.0571638433 0.0622921860 0.0662344731 0.0077268890 0.0270272484 0.0680270344 
Optimizing NNI: done in 12.6817 secs using 398.6% CPU
UFBoot tree 669: -144573.0312500000 -> -143634.2389641057
Alignment state count time was 0.0005378551 seconds.
Empirical state frequencies: 0.0986459545 0.0488341473 0.0341860752 0.0482069701 0.0120676259 0.0344857266 0.0502975607 0.0679839579 0.0572174159 0.0536076626 0.0932940424 0.0581999935 0.0195519405 0.0416703899 0.0549944211 0.0608480750 0.0662836108 0.0090223321 0.0309108165 0.0596912815 
Optimizing NNI: done in 18.9813 secs using 387.9% CPU
UFBoot tree 670: -150425.4687500000 -> -149876.3272062196
Alignment state count time was 0.0004782049 seconds.
Empirical state frequencies: 0.0968405162 0.0437005394 0.0321175809 0.0518969548 0.0112163709 0.0348520566 0.0516725876 0.0712486287 0.0221262276 0.0639637051 0.1068108352 0.0549399354 0.0239562228 0.0403350309 0.0546945338 0.0644474969 0.0656885282 0.0099122363 0.0299650578 0.0696149548 
Optimizing NNI: done in 12.5294 secs using 399.4% CPU
UFBoot tree 671: -148110.7031250000 -> -147091.4919223330
Alignment state count time was 0.0003424630 seconds.
Empirical state frequencies: 0.1123348433 0.0406768569 0.0363076425 0.0587563649 0.0149135580 0.0311133711 0.0471338240 0.0646537282 0.0315940565 0.0638286713 0.1036466353 0.0452541292 0.0231569527 0.0527513854 0.0506062375 0.0560874851 0.0629677423 0.0116779000 0.0312712081 0.0612674077 
Optimizing NNI: done in 19.9088 secs using 399.2% CPU
UFBoot tree 672: -143719.5000000000 -> -142888.9869387910
Alignment state count time was 0.0002973680 seconds.
Empirical state frequencies: 0.0994790627 0.0387368189 0.0380310715 0.0559008709 0.0136588029 0.0324810187 0.0525776912 0.0708517537 0.0405320212 0.0536397383 0.1047824464 0.0530915849 0.0247383526 0.0430055632 0.0489461752 0.0650413281 0.0619237059 0.0112811877 0.0273489329 0.0639518733 
Optimizing NNI: done in 21.4292 secs using 387.7% CPU
UFBoot tree 673: -146979.3437500000 -> -146308.5837157231
Alignment state count time was 0.0003633839 seconds.
Empirical state frequencies: 0.1000990701 0.0439730390 0.0356858807 0.0670199600 0.0173387240 0.0345526535 0.0483460445 0.0819535305 0.0419499156 0.0560978746 0.0941617939 0.0534768522 0.0169493944 0.0415953476 0.0456902605 0.0584129952 0.0575161467 0.0120827746 0.0364714921 0.0566262505 
Optimizing NNI: done in 21.7501 secs using 380.9% CPU
UFBoot tree 674: -149203.8593750000 -> -148594.6976324713
Alignment state count time was 0.0005521451 seconds.
Empirical state frequencies: 0.0988790381 0.0423172279 0.0355115368 0.0595162105 0.0142748244 0.0381518494 0.0522469530 0.0795301827 0.0254474447 0.0499492764 0.0925772234 0.0572319706 0.0181714689 0.0416118009 0.0588645303 0.0574268028 0.0680619549 0.0153497608 0.0306944780 0.0641854655 
Optimizing NNI: done in 17.4919 secs using 374.9% CPU
UFBoot tree 675: -156038.1562500000 -> -155227.6632318725
Alignment state count time was 0.0004220640 seconds.
Empirical state frequencies: 0.1099120056 0.0426506058 0.0351632128 0.0568606628 0.0135283315 0.0340786879 0.0499502926 0.0889445243 0.0260281761 0.0526824611 0.0850652622 0.0570483690 0.0211130537 0.0391884686 0.0534471902 0.0620677727 0.0633608601 0.0151134064 0.0345931420 0.0592035146 
Optimizing NNI: done in 12.7197 secs using 398.7% CPU
UFBoot tree 676: -146667.5000000000 -> -145859.4396270548
Alignment state count time was 0.0002989831 seconds.
Empirical state frequencies: 0.1079826757 0.0502955284 0.0309227714 0.0471733576 0.0113553133 0.0326820347 0.0483415641 0.0681106768 0.0283986110 0.0598219739 0.1077601601 0.0557680194 0.0276754356 0.0413323253 0.0452124396 0.0593978037 0.0651345318 0.0118142516 0.0296711216 0.0711494043 
Optimizing NNI: done in 12.0726 secs using 398.8% CPU
UFBoot tree 677: -146995.2812500000 -> -146139.6418110770
Alignment state count time was 0.0009717800 seconds.
Empirical state frequencies: 0.1024135721 0.0431992321 0.0371092835 0.0619440418 0.0140897983 0.0338561058 0.0488727739 0.0878523488 0.0282866656 0.0569276419 0.0967074984 0.0559907267 0.0202448104 0.0328346080 0.0515273669 0.0590226883 0.0607663915 0.0134716945 0.0380201732 0.0568625783 
Optimizing NNI: done in 14.6715 secs using 398.9% CPU
UFBoot tree 678: -151674.0937500000 -> -151047.2115842338
Alignment state count time was 0.0005390720 seconds.
Empirical state frequencies: 0.1063048764 0.0428787830 0.0321558818 0.0482069739 0.0122400220 0.0338321666 0.0521648686 0.0807614890 0.0496837010 0.0576992692 0.0947770924 0.0560961556 0.0163176513 0.0417679117 0.0480672835 0.0582580308 0.0597480617 0.0080825696 0.0413821001 0.0595751117 
Optimizing NNI: done in 16.2525 secs using 396% CPU
UFBoot tree 679: -153037.5468750000 -> -152525.7326465018
Alignment state count time was 0.0003732181 seconds.
Empirical state frequencies: 0.1049418533 0.0483777344 0.0362705138 0.0528916429 0.0141536373 0.0323814118 0.0507048200 0.0949130707 0.0290724874 0.0519926866 0.1014799150 0.0599876601 0.0159005454 0.0404592678 0.0529872766 0.0566978624 0.0617664461 0.0134650750 0.0291107408 0.0524453525 
Optimizing NNI: done in 19.3481 secs using 398.9% CPU
UFBoot tree 680: -163955.4218750000 -> -163095.5453712613
Alignment state count time was 0.0006386420 seconds.
Empirical state frequencies: 0.1058850504 0.0441977044 0.0359649039 0.0556187311 0.0121153158 0.0301612281 0.0478137878 0.0780881347 0.0346054221 0.0620434899 0.0987287938 0.0468269558 0.0222044644 0.0357164706 0.0568539962 0.0563157243 0.0684061404 0.0110042672 0.0317691430 0.0656802761 
Optimizing NNI: done in 14.7456 secs using 399.3% CPU
UFBoot tree 681: -145961.3593750000 -> -145261.6229527081
Alignment state count time was 0.0003648940 seconds.
Empirical state frequencies: 0.1141090780 0.0459862422 0.0356218493 0.0558058759 0.0112962560 0.0359850221 0.0476205198 0.0826038379 0.0282955365 0.0540598528 0.0928285489 0.0491919405 0.0240282561 0.0382059634 0.0572865034 0.0607156927 0.0615607679 0.0086842055 0.0283723615 0.0677416896 
Optimizing NNI: done in 10.5949 secs using 399.2% CPU
UFBoot tree 682: -146563.0156250000 -> -145857.0480378173
Alignment state count time was 0.0003585840 seconds.
Empirical state frequencies: 0.1013063455 0.0379251654 0.0297977364 0.0564140024 0.0194576043 0.0287055688 0.0504425406 0.0794133497 0.0384074212 0.0600947490 0.1078593510 0.0408896202 0.0195214323 0.0479319736 0.0593429973 0.0573359620 0.0632932398 0.0072310009 0.0324004994 0.0622294402 
Optimizing NNI: done in 15.2757 secs using 388.8% CPU
UFBoot tree 683: -142123.6562500000 -> -141291.4882821320
Alignment state count time was 0.0003532300 seconds.
Empirical state frequencies: 0.1021974823 0.0449928097 0.0311412571 0.0607921308 0.0132991543 0.0338762770 0.0529467634 0.0698455218 0.0401607149 0.0608124907 0.0894521536 0.0555867703 0.0202079640 0.0385183456 0.0549827584 0.0578942312 0.0706463465 0.0097836696 0.0332315453 0.0596316136 
Optimizing NNI: done in 19.6171 secs using 389% CPU
UFBoot tree 684: -154861.9062500000 -> -154235.2699218857
Alignment state count time was 0.0003573480 seconds.
Empirical state frequencies: 0.1048447352 0.0385915174 0.0369490496 0.0621265358 0.0155759118 0.0312074316 0.0523699967 0.0801375282 0.0242374724 0.0680506502 0.0985064943 0.0494079395 0.0154425490 0.0419185674 0.0541809227 0.0599576361 0.0624213377 0.0074407831 0.0322673147 0.0643656265 
Optimizing NNI: done in 11.3688 secs using 399.4% CPU
UFBoot tree 685: -146320.6250000000 -> -145527.1260043932
Alignment state count time was 0.0003297090 seconds.
Empirical state frequencies: 0.1022031417 0.0448351280 0.0375328159 0.0521885051 0.0199810050 0.0366063488 0.0489422225 0.0733367594 0.0268893861 0.0580391087 0.0878173682 0.0530712022 0.0221695101 0.0426758029 0.0474394490 0.0618835827 0.0682959027 0.0120659115 0.0388896891 0.0651371603 
Optimizing NNI: done in 20.2783 secs using 398.4% CPU
UFBoot tree 686: -142340.8593750000 -> -141375.8739478134
Alignment state count time was 0.0003598999 seconds.
Empirical state frequencies: 0.1129648933 0.0429177842 0.0320005740 0.0484728546 0.0154285018 0.0309693933 0.0447938679 0.0696819137 0.0272105732 0.0648919129 0.1074696979 0.0495439520 0.0238908366 0.0473152711 0.0401568810 0.0600021204 0.0683979274 0.0115831956 0.0338300882 0.0684777608 
Optimizing NNI: done in 25.9133 secs using 393.4% CPU
UFBoot tree 687: -157060.9375000000 -> -156093.9865331566
Alignment state count time was 0.0004782100 seconds.
Empirical state frequencies: 0.1127974504 0.0456765455 0.0344429771 0.0493231141 0.0142933482 0.0327465881 0.0453492893 0.0859290524 0.0416826847 0.0603763576 0.0796443985 0.0566296086 0.0181937073 0.0308498381 0.0553406201 0.0653586656 0.0735133546 0.0085563475 0.0291200556 0.0601759967 
Optimizing NNI: done in 21.6379 secs using 399% CPU
UFBoot tree 688: -147875.2031250000 -> -147101.8604423920
Alignment state count time was 0.0003693689 seconds.
Empirical state frequencies: 0.1060963584 0.0497437574 0.0347778030 0.0625004848 0.0181566598 0.0295975467 0.0426035913 0.0905209621 0.0275129783 0.0512535112 0.0889004006 0.0549655665 0.0170139562 0.0435870089 0.0614201105 0.0593424676 0.0613300793 0.0145831140 0.0298537893 0.0562398542 
Optimizing NNI: done in 14.3179 secs using 399.4% CPU
UFBoot tree 689: -145820.8750000000 -> -145082.6332080357
Alignment state count time was 0.0003357030 seconds.
Empirical state frequencies: 0.1087575405 0.0478144103 0.0384614432 0.0636057632 0.0106586930 0.0333938105 0.0484305569 0.0951677001 0.0429475444 0.0551527856 0.0819032406 0.0546543299 0.0162732424 0.0365576195 0.0597842697 0.0569527645 0.0556650873 0.0092948628 0.0275508022 0.0569735335 
Optimizing NNI: done in 15.512 secs using 399.2% CPU
UFBoot tree 690: -151612.1562500000 -> -151016.2169382217
Alignment state count time was 0.0003041890 seconds.
Empirical state frequencies: 0.1103548759 0.0399209062 0.0333331770 0.0518632261 0.0133194051 0.0336233272 0.0514675667 0.0825993681 0.0267520421 0.0581278335 0.0944098016 0.0535909389 0.0215491208 0.0368215741 0.0515994532 0.0643528749 0.0604292524 0.0170715751 0.0353774173 0.0634362639 
Optimizing NNI: done in 11.7467 secs using 399.2% CPU
UFBoot tree 691: -159719.2187500000 -> -158980.0174107401
Alignment state count time was 0.0004245079 seconds.
Empirical state frequencies: 0.1079542800 0.0392695061 0.0317919775 0.0496927278 0.0101558961 0.0325266842 0.0455316788 0.0774673865 0.0371271839 0.0593194451 0.1159124578 0.0464174467 0.0196521514 0.0488206928 0.0590104563 0.0594911055 0.0556733774 0.0103000908 0.0304324268 0.0634530284 
Optimizing NNI: done in 16.5844 secs using 373.9% CPU
UFBoot tree 692: -146894.7812500000 -> -146213.1131832433
Alignment state count time was 0.0004655990 seconds.
Empirical state frequencies: 0.1038477934 0.0435498170 0.0315590488 0.0570250921 0.0149663089 0.0357696506 0.0525715710 0.0740631842 0.0442448362 0.0527200217 0.0849743108 0.0512287670 0.0171255919 0.0410801371 0.0513637221 0.0574704442 0.0635299320 0.0162956175 0.0353917761 0.0712223775 
Optimizing NNI: done in 18.7034 secs using 354.6% CPU
UFBoot tree 693: -153584.1562500000 -> -152886.5468332887
Alignment state count time was 0.0005494900 seconds.
Empirical state frequencies: 0.1086237546 0.0388027882 0.0310989573 0.0552367391 0.0176505741 0.0316520870 0.0474862586 0.0735499982 0.0273803260 0.0606547448 0.1007399898 0.0457935483 0.0249878733 0.0496521280 0.0576958339 0.0635003640 0.0641001432 0.0145517148 0.0257542579 0.0610879187 
Optimizing NNI: done in 21.7913 secs using 399.2% CPU
UFBoot tree 694: -150587.3750000000 -> -149807.5171030870
Alignment state count time was 0.0005167250 seconds.
Empirical state frequencies: 0.1012086594 0.0490410211 0.0423237492 0.0600347746 0.0162637261 0.0338183777 0.0528483816 0.1008959119 0.0316495420 0.0448121313 0.0834228466 0.0635429854 0.0207033804 0.0384687967 0.0500200566 0.0592053139 0.0632370368 0.0070308768 0.0306365121 0.0508359196 
Optimizing NNI: done in 20.3196 secs using 398.7% CPU
UFBoot tree 695: -157692.9062500000 -> -156927.4743336102
Alignment state count time was 0.0004208710 seconds.
Empirical state frequencies: 0.1056123131 0.0447304670 0.0344586738 0.0565825361 0.0133379430 0.0389178001 0.0492720425 0.0729074731 0.0257259318 0.0611996900 0.0960413379 0.0574894771 0.0191231269 0.0393231752 0.0701248134 0.0571115850 0.0588705008 0.0137433181 0.0296903630 0.0557374321 
Optimizing NNI: done in 21.7345 secs using 399% CPU
UFBoot tree 696: -156656.0625000000 -> -155692.0091758893
Alignment state count time was 0.0010220010 seconds.
Empirical state frequencies: 0.1182558183 0.0463873289 0.0352670310 0.0555900882 0.0142952896 0.0391306216 0.0560320488 0.0662541688 0.0272119434 0.0558395821 0.0885517918 0.0574007008 0.0184725298 0.0410267750 0.0514271049 0.0652490649 0.0650209563 0.0111231534 0.0268911655 0.0605728371 
Optimizing NNI: done in 14.7078 secs using 399.2% CPU
UFBoot tree 697: -153672.5000000000 -> -152453.1944213489
Alignment state count time was 0.0004704739 seconds.
Empirical state frequencies: 0.1072785433 0.0427155433 0.0363320560 0.0652945668 0.0112081206 0.0320551903 0.0489293697 0.0756509442 0.0458896139 0.0526406995 0.0843531290 0.0558147701 0.0205041181 0.0412380805 0.0529588135 0.0578224228 0.0673870499 0.0110101830 0.0302101292 0.0607066563 
Optimizing NNI: done in 24.0964 secs using 389.1% CPU
UFBoot tree 698: -146630.5625000000 -> -145912.7913621718
Alignment state count time was 0.0003015631 seconds.
Empirical state frequencies: 0.1023875675 0.0417457345 0.0330969110 0.0562700396 0.0205668387 0.0337545075 0.0432753611 0.0886995536 0.0389652449 0.0572921733 0.0968551796 0.0442617558 0.0149844163 0.0392725998 0.0510807455 0.0644685524 0.0673348154 0.0109959507 0.0293800613 0.0653119914 
Optimizing NNI: done in 13.3871 secs using 398.5% CPU
UFBoot tree 699: -136477.8906250000 -> -135660.6025425405
Alignment state count time was 0.0003413010 seconds.
Empirical state frequencies: 0.1233085669 0.0430698785 0.0333202646 0.0528124429 0.0134615064 0.0356818847 0.0450790181 0.0824560630 0.0248254816 0.0593262847 0.0911059374 0.0551881622 0.0213852708 0.0341098212 0.0473771917 0.0663476987 0.0642610134 0.0080544537 0.0272223498 0.0716067095 
Optimizing NNI: done in 22.7039 secs using 383.4% CPU
UFBoot tree 700: -149996.0468750000 -> -148971.2024286297
700 samples done
Alignment state count time was 0.0003231270 seconds.
Empirical state frequencies: 0.1074160881 0.0439412180 0.0367453875 0.0601905165 0.0147219883 0.0346999744 0.0461274629 0.0817310641 0.0435187229 0.0545572475 0.0879947227 0.0528873857 0.0146213942 0.0427743266 0.0491586981 0.0615854212 0.0617664906 0.0127436379 0.0324600793 0.0603581733 
Optimizing NNI: done in 14.8089 secs using 389.6% CPU
UFBoot tree 701: -154024.0625000000 -> -153387.2925717570
Alignment state count time was 0.0003874679 seconds.
Empirical state frequencies: 0.0961382362 0.0487048658 0.0334028745 0.0555571311 0.0190537545 0.0335640219 0.0446551630 0.0848999606 0.0441507017 0.0569443996 0.0872821387 0.0560405732 0.0172461017 0.0450054833 0.0529087096 0.0559564963 0.0622132171 0.0086282220 0.0368710456 0.0607769038 
Optimizing NNI: done in 33.0701 secs using 370.4% CPU
UFBoot tree 702: -147186.3437500000 -> -146406.7980803453
Alignment state count time was 0.0007903769 seconds.
Empirical state frequencies: 0.1068320845 0.0469162007 0.0342767886 0.0587371294 0.0200583554 0.0374638037 0.0481837636 0.0818864482 0.0271204911 0.0508927264 0.0939608894 0.0579114028 0.0190950076 0.0375145062 0.0476694952 0.0646982963 0.0675231506 0.0137495141 0.0253314167 0.0601785294 
Optimizing NNI: done in 21.3218 secs using 399.4% CPU
UFBoot tree 703: -142464.7187500000 -> -141244.3323261921
Alignment state count time was 0.0003078640 seconds.
Empirical state frequencies: 0.1120408822 0.0491027943 0.0346568914 0.0634669980 0.0151010753 0.0395588430 0.0533660068 0.0756995954 0.0393211727 0.0521256645 0.0718374517 0.0596197087 0.0183170527 0.0363280113 0.0475727912 0.0580971328 0.0722013845 0.0135562179 0.0257368249 0.0622935005 
Optimizing NNI: done in 12.605 secs using 398.2% CPU
UFBoot tree 704: -142673.5937500000 -> -141893.3919401226
Alignment state count time was 0.0002918351 seconds.
Empirical state frequencies: 0.1074451094 0.0463330036 0.0303578359 0.0457860938 0.0103382366 0.0387167783 0.0520586765 0.0656976616 0.0277178146 0.0568930890 0.1023541219 0.0626322659 0.0187579467 0.0371705765 0.0525448185 0.0672708712 0.0682093954 0.0127014271 0.0308507299 0.0661635477 
Optimizing NNI: done in 19.5976 secs using 398.8% CPU
UFBoot tree 705: -158517.2968750000 -> -157576.1622771375
Alignment state count time was 0.0003052300 seconds.
Empirical state frequencies: 0.1179907721 0.0428170298 0.0373779714 0.0761339859 0.0163987460 0.0335873325 0.0514222157 0.0894012220 0.0268484190 0.0474936034 0.0854726097 0.0584806467 0.0152876966 0.0414518189 0.0507831808 0.0609641687 0.0610150011 0.0087375889 0.0294626527 0.0488733379 
Optimizing NNI: done in 15.3189 secs using 392.4% CPU
UFBoot tree 706: -140520.7031250000 -> -139699.5453133449
Alignment state count time was 0.0004434141 seconds.
Empirical state frequencies: 0.0958568382 0.0389571060 0.0370201825 0.0679276505 0.0115416543 0.0335003967 0.0482182386 0.0837354458 0.0230243479 0.0606867500 0.0967315778 0.0539804126 0.0255513736 0.0365411584 0.0505647625 0.0624848259 0.0584513042 0.0135271745 0.0386655261 0.0630332738 
Optimizing NNI: done in 15.0111 secs using 398.9% CPU
UFBoot tree 707: -145892.0312500000 -> -145158.1521290783
Alignment state count time was 0.0005461740 seconds.
Empirical state frequencies: 0.1132891266 0.0449053679 0.0287465246 0.0477474080 0.0139342516 0.0299895126 0.0420827494 0.0765886127 0.0482264763 0.0518453839 0.0986128054 0.0565713277 0.0235868299 0.0442126611 0.0568756008 0.0629351670 0.0645471670 0.0076675207 0.0291025889 0.0585329180 
Optimizing NNI: done in 16.1635 secs using 395.9% CPU
UFBoot tree 708: -150364.4062500000 -> -149871.3113731268
Alignment state count time was 0.0003129910 seconds.
Empirical state frequencies: 0.1112856866 0.0464272025 0.0362039755 0.0531526356 0.0179685254 0.0346185933 0.0532521663 0.0666461578 0.0295780732 0.0581647184 0.0936687488 0.0538138040 0.0223265492 0.0397515348 0.0466618107 0.0596150232 0.0572120672 0.0145489342 0.0317037650 0.0734000282 
Optimizing NNI: done in 11.7154 secs using 399% CPU
UFBoot tree 709: -144840.7031250000 -> -144067.0860753799
Alignment state count time was 0.0003095829 seconds.
Empirical state frequencies: 0.1050302451 0.0457060658 0.0327628539 0.0540469469 0.0107701910 0.0382357136 0.0510034701 0.0756482093 0.0408810416 0.0569352132 0.0969795403 0.0583725980 0.0178693875 0.0393829222 0.0567057715 0.0567327646 0.0585615500 0.0100346278 0.0341327559 0.0602081317 
Optimizing NNI: done in 12.6663 secs using 399.1% CPU
UFBoot tree 710: -156870.1562500000 -> -156247.1487287125
Alignment state count time was 0.0003100500 seconds.
Empirical state frequencies: 0.1082258124 0.0486360694 0.0404852004 0.0553739354 0.0145151816 0.0346243707 0.0459283939 0.0572672201 0.0407566640 0.0591535442 0.0989821284 0.0538217204 0.0213992204 0.0373390068 0.0519493175 0.0547544415 0.0642695891 0.0113341849 0.0287217773 0.0724622217 
Optimizing NNI: done in 13.8219 secs using 399.3% CPU
UFBoot tree 711: -145536.0156250000 -> -144698.8635574452
Alignment state count time was 0.0005223850 seconds.
Empirical state frequencies: 0.1078048347 0.0460357459 0.0269280138 0.0477235384 0.0138098868 0.0346877427 0.0518332445 0.0764091499 0.0412948328 0.0572602521 0.0995099521 0.0547148415 0.0213226216 0.0417750990 0.0559909773 0.0592430652 0.0576032994 0.0088700063 0.0315111251 0.0656717708 
Optimizing NNI: done in 27.2721 secs using 384.1% CPU
UFBoot tree 712: -145665.5312500000 -> -144973.2478045619
Alignment state count time was 0.0005575790 seconds.
Empirical state frequencies: 0.1110684864 0.0416502655 0.0339029881 0.0622573697 0.0148584150 0.0323273815 0.0505939579 0.0861399051 0.0405323040 0.0538040113 0.0848846500 0.0566937131 0.0177088900 0.0419052392 0.0517772974 0.0564125882 0.0593807435 0.0114130013 0.0292088571 0.0634799358 
Optimizing NNI: done in 18.8654 secs using 368.3% CPU
UFBoot tree 713: -154846.2187500000 -> -154160.2903059356
Alignment state count time was 0.0003335800 seconds.
Empirical state frequencies: 0.1014314510 0.0439906146 0.0309268869 0.0483993578 0.0136946359 0.0331877808 0.0483145742 0.0668751003 0.0417509165 0.0610744943 0.1040102831 0.0595059992 0.0217914623 0.0470922784 0.0490140383 0.0535428914 0.0629326665 0.0123239690 0.0398715485 0.0602690509 
Optimizing NNI: done in 14.3702 secs using 398.6% CPU
UFBoot tree 714: -142975.6875000000 -> -142175.3526776416
Alignment state count time was 0.0003185800 seconds.
Empirical state frequencies: 0.1075658116 0.0452378287 0.0361776867 0.0543769836 0.0195652315 0.0322336277 0.0506567945 0.0820709933 0.0379949826 0.0603358706 0.0935739498 0.0556806959 0.0171816767 0.0410040559 0.0498403282 0.0573728881 0.0626272437 0.0088919101 0.0289216718 0.0586897692 
Optimizing NNI: done in 16.8984 secs using 398.8% CPU
UFBoot tree 715: -146724.0312500000 -> -145985.1553280662
Alignment state count time was 0.0003636210 seconds.
Empirical state frequencies: 0.1198766988 0.0564999594 0.0362194028 0.0500290406 0.0149890492 0.0340874844 0.0493935649 0.0827116222 0.0423418350 0.0452663896 0.0821444773 0.0617272592 0.0145585657 0.0382624912 0.0508626753 0.0627863853 0.0638250122 0.0114221858 0.0298714792 0.0531244220 
Optimizing NNI: done in 20.1182 secs using 398.8% CPU
UFBoot tree 716: -153794.8593750000 -> -152976.3722606049
Alignment state count time was 0.0003989900 seconds.
Empirical state frequencies: 0.1187169828 0.0482413203 0.0311826983 0.0594686058 0.0167506759 0.0319606857 0.0498829450 0.0791823773 0.0281421239 0.0525095446 0.0869908009 0.0581267561 0.0162153635 0.0462428207 0.0489550702 0.0642864175 0.0636226301 0.0087852273 0.0356579100 0.0550790441 
Optimizing NNI: done in 28.618 secs using 399% CPU
UFBoot tree 717: -148223.0781250000 -> -147363.1410001113
Alignment state count time was 0.0005237780 seconds.
Empirical state frequencies: 0.1027119054 0.0399133709 0.0436140343 0.0535487904 0.0140286227 0.0357749945 0.0454113100 0.0805079247 0.0243745636 0.0547425528 0.0938647996 0.0556710346 0.0251903012 0.0377579665 0.0503654239 0.0640340035 0.0656256867 0.0128348603 0.0347470325 0.0652808220 
Optimizing NNI: done in 15.2327 secs using 376.9% CPU
UFBoot tree 718: -151664.2187500000 -> -150840.9029075190
Alignment state count time was 0.0004898870 seconds.
Empirical state frequencies: 0.1102845195 0.0440523421 0.0319069745 0.0664099045 0.0133597234 0.0334689220 0.0466158972 0.0613808538 0.0411735958 0.0562607479 0.0983632879 0.0469661096 0.0191592415 0.0423993393 0.0529827594 0.0649039910 0.0625155421 0.0118958354 0.0307862947 0.0651141185 
Optimizing NNI: done in 14.498 secs using 390.6% CPU
UFBoot tree 719: -141640.6718750000 -> -140946.0512411231
Alignment state count time was 0.0003356769 seconds.
Empirical state frequencies: 0.0992875538 0.0382339688 0.0322218165 0.0581985836 0.0120935573 0.0319514475 0.0511476452 0.0935742303 0.0277322684 0.0651712573 0.0944636020 0.0526275596 0.0182124343 0.0407099795 0.0577218804 0.0619979793 0.0593156344 0.0075115146 0.0353950945 0.0624319927 
Optimizing NNI: done in 11.7401 secs using 399.2% CPU
UFBoot tree 720: -143272.9843750000 -> -142497.3593176299
Alignment state count time was 0.0005135200 seconds.
Empirical state frequencies: 0.0968978434 0.0457931847 0.0350444631 0.0535653372 0.0191763184 0.0346655018 0.0498928573 0.0765235039 0.0286503518 0.0611859051 0.0924123192 0.0547091114 0.0175640102 0.0412180878 0.0497481630 0.0590086000 0.0710113390 0.0116177623 0.0341969678 0.0671183726 
Optimizing NNI: done in 20.1602 secs using 380% CPU
UFBoot tree 721: -146072.8593750000 -> -145194.0045708741
Alignment state count time was 0.0009295830 seconds.
Empirical state frequencies: 0.0984165789 0.0484312572 0.0345263365 0.0537992669 0.0138670117 0.0351614827 0.0578218594 0.0597819342 0.0349770854 0.0587028686 0.1117409896 0.0591399585 0.0154924396 0.0419773525 0.0531846093 0.0648016379 0.0613390667 0.0086697403 0.0227522288 0.0654162955 
Optimizing NNI: done in 21.9057 secs using 398.9% CPU
UFBoot tree 722: -154100.4687500000 -> -153113.6605630369
Alignment state count time was 0.0004873930 seconds.
Empirical state frequencies: 0.1136575526 0.0498988938 0.0330652035 0.0480653285 0.0150871603 0.0320443887 0.0476361962 0.0741253636 0.0269013029 0.0576102715 0.1073701140 0.0602890975 0.0262250944 0.0428182106 0.0447623101 0.0558092162 0.0653216491 0.0124148363 0.0285268041 0.0583710060 
Optimizing NNI: done in 14.6855 secs using 399% CPU
UFBoot tree 723: -157466.8125000000 -> -156561.2033886389
Alignment state count time was 0.0002856840 seconds.
Empirical state frequencies: 0.1189614203 0.0384237758 0.0315780420 0.0493619939 0.0163977804 0.0300688535 0.0527678654 0.0673023032 0.0358472782 0.0622512802 0.0952970715 0.0488725274 0.0180769226 0.0432980470 0.0651676851 0.0593756641 0.0613267322 0.0091373596 0.0341341452 0.0623532524 
Optimizing NNI: done in 17.7151 secs using 379.5% CPU
UFBoot tree 724: -154533.8437500000 -> -153742.9794509732
Alignment state count time was 0.0002892941 seconds.
Empirical state frequencies: 0.0946046557 0.0467597993 0.0357484362 0.0547523634 0.0115082396 0.0377172182 0.0448531894 0.0702124831 0.0294207018 0.0510565797 0.0969533781 0.0553809920 0.0232518515 0.0480999527 0.0500480106 0.0615636583 0.0668344676 0.0169172091 0.0334342538 0.0708825597 
Optimizing NNI: done in 15.035 secs using 399% CPU
UFBoot tree 725: -148593.5312500000 -> -147481.0332427182
Alignment state count time was 0.0003835770 seconds.
Empirical state frequencies: 0.1062753217 0.0409801302 0.0330847353 0.0533184042 0.0144397738 0.0272801069 0.0413859040 0.0788821526 0.0404918262 0.0651133540 0.1004844484 0.0492950540 0.0218812523 0.0483390785 0.0540611766 0.0578025484 0.0620184693 0.0089102463 0.0321287597 0.0638272575 
Optimizing NNI: done in 26.2967 secs using 376.3% CPU
UFBoot tree 726: -147468.7500000000 -> -146724.2335802577
Alignment state count time was 0.0003483280 seconds.
Empirical state frequencies: 0.1082085555 0.0401243674 0.0320074091 0.0538809856 0.0140366157 0.0342217541 0.0451481626 0.1004029895 0.0353496861 0.0536664709 0.0920438372 0.0492585404 0.0217868231 0.0438610746 0.0507670629 0.0520887501 0.0651741449 0.0125557725 0.0372387991 0.0581781988 
Optimizing NNI: done in 16.5543 secs using 398.9% CPU
UFBoot tree 727: -147602.5468750000 -> -146935.2586742278
Alignment state count time was 0.0005501350 seconds.
Empirical state frequencies: 0.0989173932 0.0443564920 0.0334176805 0.0514337633 0.0148223666 0.0374989291 0.0546228629 0.0915272040 0.0445096221 0.0601821494 0.0904885828 0.0587507163 0.0160673805 0.0363138357 0.0579184878 0.0572194159 0.0605683034 0.0079048833 0.0266000645 0.0568798667 
Optimizing NNI: done in 17.886 secs using 387.1% CPU
UFBoot tree 728: -154208.5781250000 -> -153358.7499666156
Alignment state count time was 0.0009618440 seconds.
Empirical state frequencies: 0.1184733177 0.0444619700 0.0276528647 0.0505890947 0.0131785448 0.0365803823 0.0475660200 0.0637003318 0.0348124234 0.0606502653 0.0977639061 0.0508792559 0.0218428929 0.0477887018 0.0493812144 0.0589430378 0.0667706421 0.0098990485 0.0358718491 0.0631942367 
Optimizing NNI: done in 23.6356 secs using 379.9% CPU
UFBoot tree 729: -155407.8281250000 -> -154533.5576825910
Alignment state count time was 0.0003055920 seconds.
Empirical state frequencies: 0.1125425394 0.0499192465 0.0369486569 0.0562580415 0.0186969291 0.0338828812 0.0450525955 0.0638617370 0.0444308648 0.0595096218 0.0900959157 0.0628755434 0.0155668365 0.0416080643 0.0542141910 0.0532994607 0.0631328113 0.0086634813 0.0252358214 0.0642047608 
Optimizing NNI: done in 22.2061 secs using 367% CPU
UFBoot tree 730: -143178.8750000000 -> -142404.3280554391
Alignment state count time was 0.0003542559 seconds.
Empirical state frequencies: 0.1084784604 0.0397571209 0.0329580350 0.0515852827 0.0171894938 0.0305067116 0.0409511752 0.0965308931 0.0376780615 0.0564949533 0.0939320689 0.0503701568 0.0160797256 0.0410565330 0.0556520914 0.0642563065 0.0637786848 0.0145274549 0.0250913240 0.0631254668 
Optimizing NNI: done in 13.5703 secs using 399.4% CPU
UFBoot tree 731: -141504.6875000000 -> -140812.9198505430
Alignment state count time was 0.0010240070 seconds.
Empirical state frequencies: 0.1014792240 0.0433096570 0.0378874273 0.0568863019 0.0108324681 0.0342211011 0.0473552583 0.0689388226 0.0385616942 0.0588669609 0.0914214094 0.0513025291 0.0212836050 0.0411744785 0.0481770211 0.0679344459 0.0697886799 0.0120405297 0.0335679050 0.0649704810 
Optimizing NNI: done in 14.0794 secs using 398.9% CPU
UFBoot tree 732: -143468.6250000000 -> -142715.4470573587
Alignment state count time was 0.0003246509 seconds.
Empirical state frequencies: 0.1006335713 0.0452894979 0.0364315179 0.0503806735 0.0178703563 0.0362917602 0.0467203512 0.0793438057 0.0454691865 0.0597910294 0.0904711855 0.0588992418 0.0179302524 0.0325049904 0.0472860374 0.0625129782 0.0724158138 0.0097377856 0.0277731919 0.0622467729 
Optimizing NNI: done in 20.3312 secs using 393.5% CPU
UFBoot tree 733: -153833.9531250000 -> -153155.0902964288
Alignment state count time was 0.0003324270 seconds.
Empirical state frequencies: 0.1101181246 0.0360185309 0.0305472034 0.0592890749 0.0151982505 0.0323152914 0.0428124438 0.0919569372 0.0246930223 0.0608135288 0.0907805322 0.0481793566 0.0192147339 0.0498847958 0.0556554453 0.0627556412 0.0646838317 0.0101445816 0.0304010229 0.0645376511 
Optimizing NNI: done in 25.533 secs using 397.3% CPU
UFBoot tree 734: -147938.5312500000 -> -147210.1846702933
Alignment state count time was 0.0003202130 seconds.
Empirical state frequencies: 0.1018952282 0.0458021453 0.0306872007 0.0611277023 0.0158600930 0.0344782226 0.0475572480 0.0897148153 0.0358121007 0.0621526822 0.0912171832 0.0532367604 0.0160285828 0.0359384680 0.0509410861 0.0623211721 0.0631987235 0.0061017218 0.0314734867 0.0644553770 
Optimizing NNI: done in 25.4027 secs using 399.3% CPU
UFBoot tree 735: -148857.5937500000 -> -148132.7022570564
Alignment state count time was 0.0003724890 seconds.
Empirical state frequencies: 0.1023148386 0.0465110041 0.0298415432 0.0556966275 0.0228870012 0.0289236508 0.0454658128 0.0679173255 0.0271950653 0.0726139863 0.0940404076 0.0520920575 0.0240259917 0.0339687087 0.0522193565 0.0610297830 0.0621017740 0.0102844063 0.0415262457 0.0693444136 
Optimizing NNI: done in 21.306 secs using 386.5% CPU
UFBoot tree 736: -148147.5625000000 -> -147329.9787392218
Alignment state count time was 0.0004107440 seconds.
Empirical state frequencies: 0.1033953451 0.0493827833 0.0324311056 0.0564088076 0.0135626058 0.0311764584 0.0514459809 0.0947103984 0.0394710704 0.0573776740 0.0908070515 0.0503516497 0.0171592611 0.0389970926 0.0539134537 0.0570221907 0.0610161509 0.0095198538 0.0322707896 0.0595802769 
Optimizing NNI: done in 10.457 secs using 399% CPU
UFBoot tree 737: -150249.8125000000 -> -149723.2974198462
Alignment state count time was 0.0003157880 seconds.
Empirical state frequencies: 0.1144696451 0.0404513015 0.0357603322 0.0604963828 0.0140340943 0.0350621099 0.0484978052 0.0768673233 0.0324658075 0.0627537423 0.0991697641 0.0552563260 0.0171320322 0.0352654756 0.0397666369 0.0568968095 0.0681497127 0.0118987543 0.0304728235 0.0651331212 
Optimizing NNI: done in 19.5498 secs using 374.7% CPU
UFBoot tree 738: -153625.1718750000 -> -152646.6491653077
Alignment state count time was 0.0005442740 seconds.
Empirical state frequencies: 0.0957383132 0.0462296445 0.0352392747 0.0626077223 0.0140490098 0.0379851336 0.0557430749 0.0851085108 0.0373957447 0.0578302051 0.0777515503 0.0575043077 0.0183758178 0.0379504637 0.0561036422 0.0628920157 0.0645492387 0.0123363149 0.0279169842 0.0566930312 
Optimizing NNI: done in 19.0243 secs using 357.8% CPU
UFBoot tree 739: -146661.2500000000 -> -145874.0944736507
Alignment state count time was 0.0003625120 seconds.
Empirical state frequencies: 0.1058839187 0.0477646162 0.0376686796 0.0596266650 0.0111837629 0.0357536997 0.0496998963 0.0811312806 0.0325327440 0.0584695570 0.0939880363 0.0539561591 0.0187151150 0.0344341905 0.0547004976 0.0708526427 0.0627325865 0.0099995880 0.0225789084 0.0583274560 
Optimizing NNI: done in 12.9021 secs using 397.2% CPU
UFBoot tree 740: -155273.5781250000 -> -154387.4853763741
Alignment state count time was 0.0003417550 seconds.
Empirical state frequencies: 0.1044322681 0.0436175407 0.0322156181 0.0590124849 0.0145792129 0.0327390731 0.0453422576 0.0756959337 0.0294238584 0.0572340803 0.1015398440 0.0544557425 0.0241020664 0.0416176743 0.0550194632 0.0558918881 0.0624417859 0.0085863249 0.0330947540 0.0689581289 
Optimizing NNI: done in 17.3767 secs using 398.8% CPU
UFBoot tree 741: -154047.4687500000 -> -153194.5202059244
Alignment state count time was 0.0004272979 seconds.
Empirical state frequencies: 0.1056768330 0.0424635439 0.0376269025 0.0537934993 0.0159989021 0.0338502507 0.0453206021 0.0797456958 0.0435867117 0.0485707689 0.0897840083 0.0570436662 0.0191858908 0.0404207824 0.0547481920 0.0668784045 0.0608834962 0.0104111421 0.0306913412 0.0633193664 
Optimizing NNI: done in 16.2558 secs using 397.8% CPU
UFBoot tree 742: -146352.9062500000 -> -145912.6114482044
Alignment state count time was 0.0004939979 seconds.
Empirical state frequencies: 0.1080869748 0.0465084699 0.0355168646 0.0638452597 0.0159172946 0.0323812019 0.0469381967 0.0729030946 0.0360540230 0.0629723772 0.1037628491 0.0530483744 0.0169983261 0.0409354507 0.0500940027 0.0502148634 0.0521352049 0.0114320213 0.0357250135 0.0645301368 
Optimizing NNI: done in 21.1454 secs using 387.5% CPU
UFBoot tree 743: -153790.3906250000 -> -152933.1700690185
Alignment state count time was 0.0005254690 seconds.
Empirical state frequencies: 0.0965249943 0.0357238236 0.0414055513 0.0670134322 0.0147214844 0.0338789332 0.0475017109 0.0715387612 0.0379163021 0.0627822162 0.0920798779 0.0479963554 0.0156974046 0.0418801427 0.0579560899 0.0562916779 0.0647073192 0.0126827468 0.0408507473 0.0608504288 
Optimizing NNI: done in 18.8865 secs using 364.8% CPU
UFBoot tree 744: -153717.4687500000 -> -152998.1752821645
Alignment state count time was 0.0004120721 seconds.
Empirical state frequencies: 0.1107356288 0.0505269078 0.0357807324 0.0552781313 0.0118797605 0.0353606547 0.0446892765 0.0737180933 0.0446965192 0.0573640343 0.0905791425 0.0581027916 0.0130023819 0.0432769463 0.0396121306 0.0603697626 0.0615285976 0.0192021491 0.0313192176 0.0629771413 
Optimizing NNI: done in 20.0563 secs using 375.8% CPU
UFBoot tree 745: -149158.2031250000 -> -148513.9294075980
Alignment state count time was 0.0005365879 seconds.
Empirical state frequencies: 0.1076987095 0.0458954163 0.0313641845 0.0593535103 0.0164549921 0.0337331870 0.0477312245 0.0656438531 0.0330042631 0.0635920675 0.1101757007 0.0503229538 0.0210310140 0.0359132092 0.0579159105 0.0540148181 0.0672771825 0.0074919285 0.0216789463 0.0697069286 
Optimizing NNI: done in 22.6483 secs using 399.1% CPU
UFBoot tree 746: -152864.5000000000 -> -151933.3523386091
Alignment state count time was 0.0004720270 seconds.
Empirical state frequencies: 0.1046815946 0.0417471447 0.0303365222 0.0530197077 0.0137210543 0.0391792369 0.0507141131 0.0761722957 0.0320622667 0.0600607452 0.1025347685 0.0543934003 0.0220115308 0.0397659901 0.0573685838 0.0613861170 0.0629254810 0.0108079976 0.0274993983 0.0596120516 
Optimizing NNI: done in 18.8552 secs using 399% CPU
UFBoot tree 747: -153885.7187500000 -> -152826.7569256062
Alignment state count time was 0.0003329869 seconds.
Empirical state frequencies: 0.1031551420 0.0466491906 0.0321268674 0.0581624484 0.0160498603 0.0335884135 0.0476020614 0.0780079518 0.0422358946 0.0575319775 0.1008481918 0.0562280491 0.0169597444 0.0404806064 0.0512129400 0.0624539489 0.0637435484 0.0069653483 0.0255140877 0.0604837275 
Optimizing NNI: done in 20.1187 secs using 394.5% CPU
UFBoot tree 748: -146091.4687500000 -> -145279.5228463386
Alignment state count time was 0.0003221810 seconds.
Empirical state frequencies: 0.0991280384 0.0488012043 0.0417856997 0.0571308326 0.0098976649 0.0333670943 0.0492187123 0.0930570603 0.0479182774 0.0538797451 0.0795941360 0.0519222482 0.0184189363 0.0342910875 0.0522234016 0.0636124744 0.0713877067 0.0088436281 0.0282817090 0.0572403429 
Optimizing NNI: done in 21.8732 secs using 399.2% CPU
UFBoot tree 749: -147821.5625000000 -> -147369.9549175614
Alignment state count time was 0.0003366030 seconds.
Empirical state frequencies: 0.1056344708 0.0518785702 0.0278000441 0.0496181655 0.0136116578 0.0333849824 0.0482201921 0.0790242915 0.0220481836 0.0685986097 0.1142726942 0.0590979549 0.0144323586 0.0395889238 0.0521776391 0.0522958756 0.0682299898 0.0074007613 0.0273270979 0.0653575371 
Optimizing NNI: done in 18.8116 secs using 386.3% CPU
UFBoot tree 750: -150954.9843750000 -> -149949.0682438132
Alignment state count time was 0.0004961210 seconds.
Empirical state frequencies: 0.1065522812 0.0472103287 0.0310711581 0.0504730206 0.0157616036 0.0370039590 0.0506403382 0.0723637315 0.0370806462 0.0534010775 0.1053252859 0.0591735324 0.0188639496 0.0394649211 0.0537008547 0.0601913808 0.0605120727 0.0072144662 0.0254381344 0.0685572575 
Optimizing NNI: done in 17.8583 secs using 399.2% CPU
UFBoot tree 751: -147331.8437500000 -> -146392.1493470291
Alignment state count time was 0.0003137280 seconds.
Empirical state frequencies: 0.1067938133 0.0466423659 0.0344411543 0.0576011050 0.0132402344 0.0339612575 0.0491536067 0.0791307214 0.0321797229 0.0518423435 0.0940206699 0.0522565010 0.0225817870 0.0393584530 0.0540774793 0.0641224423 0.0645365998 0.0120700751 0.0320745400 0.0599151279 
Optimizing NNI: done in 33.5796 secs using 393.5% CPU
UFBoot tree 752: -156936.6093750000 -> -156132.4748989887
Alignment state count time was 0.0003187150 seconds.
Empirical state frequencies: 0.1073458295 0.0391910764 0.0304404336 0.0636589645 0.0104031574 0.0334187484 0.0506398954 0.0846840976 0.0310965476 0.0641160326 0.0900435898 0.0556897608 0.0211221418 0.0395080752 0.0525787488 0.0580783103 0.0638506382 0.0093268357 0.0262162397 0.0685908768 
Optimizing NNI: done in 19.3521 secs using 393.5% CPU
UFBoot tree 753: -136828.1562500000 -> -135751.1112847445
Alignment state count time was 0.0003252861 seconds.
Empirical state frequencies: 0.1064535152 0.0392123216 0.0325340201 0.0591430946 0.0108538377 0.0319717099 0.0504307574 0.1051067475 0.0301181689 0.0536866029 0.1037322114 0.0466542543 0.0185109754 0.0319647678 0.0557761754 0.0525411562 0.0615936563 0.0087642652 0.0355607763 0.0653909858 
Optimizing NNI: done in 18.9906 secs using 399.1% CPU
UFBoot tree 754: -144768.2812500000 -> -143973.7050061778
Alignment state count time was 0.0003298330 seconds.
Empirical state frequencies: 0.1004277279 0.0394525066 0.0352401143 0.0552237035 0.0134435115 0.0313647134 0.0471830890 0.0830052733 0.0304817959 0.0583240242 0.1050849489 0.0520290251 0.0208842813 0.0440288496 0.0614782636 0.0564705716 0.0661961430 0.0072765691 0.0276915073 0.0647133809 
Optimizing NNI: done in 9.21995 secs using 399.3% CPU
UFBoot tree 755: -151894.1875000000 -> -151107.8108722956
Alignment state count time was 0.0003712490 seconds.
Empirical state frequencies: 0.1030056483 0.0479405687 0.0345983386 0.0578437355 0.0166684649 0.0359205416 0.0511459092 0.0861642548 0.0363746315 0.0624781237 0.0914463890 0.0522811340 0.0171359104 0.0404614407 0.0467252104 0.0634530814 0.0619171891 0.0081142123 0.0268654545 0.0594597613 
Optimizing NNI: done in 14.6896 secs using 399% CPU
UFBoot tree 756: -156817.9843750000 -> -156011.8524078730
Alignment state count time was 0.0003165901 seconds.
Empirical state frequencies: 0.0986232266 0.0446408084 0.0344447663 0.0548296853 0.0189178350 0.0323023793 0.0458588879 0.0870801319 0.0388800088 0.0545932346 0.0923250390 0.0497280817 0.0219773641 0.0445190004 0.0541131679 0.0610705515 0.0619232072 0.0114803847 0.0331192091 0.0595730303 
Optimizing NNI: done in 24.4185 secs using 381% CPU
UFBoot tree 757: -137541.4062500000 -> -136920.9684341919
Alignment state count time was 0.0003210431 seconds.
Empirical state frequencies: 0.1099342638 0.0496948393 0.0372569099 0.0553631117 0.0117566993 0.0368640593 0.0474359486 0.0814105070 0.0394737095 0.0539320132 0.0892043815 0.0585129314 0.0161131315 0.0348086091 0.0485583787 0.0677379044 0.0673169931 0.0121635803 0.0276040104 0.0548580181 
Optimizing NNI: done in 19.4665 secs using 398.7% CPU
UFBoot tree 758: -144994.7500000000 -> -144358.6252278435
Alignment state count time was 0.0003338330 seconds.
Empirical state frequencies: 0.1089082634 0.0405006056 0.0328500866 0.0500857386 0.0150281880 0.0335902230 0.0455862954 0.0797644760 0.0266871685 0.0633715536 0.1053248306 0.0550834914 0.0215648383 0.0442745685 0.0494115549 0.0595169818 0.0565197957 0.0114081148 0.0317875145 0.0687357106 
Optimizing NNI: done in 12.661 secs using 399% CPU
UFBoot tree 759: -139784.4218750000 -> -138867.5434292765
Alignment state count time was 0.0004844830 seconds.
Empirical state frequencies: 0.0857812343 0.0414168701 0.0280010972 0.0421176438 0.0182913388 0.0311815315 0.0432429246 0.0849793875 0.0412618913 0.0574403297 0.1163187949 0.0482965809 0.0201039169 0.0446040427 0.0472184676 0.0622379341 0.0732549049 0.0088780617 0.0411540800 0.0642189674 
Optimizing NNI: done in 18.2068 secs using 377.2% CPU
UFBoot tree 760: -145796.3593750000 -> -145164.1782353602
Alignment state count time was 0.0005428550 seconds.
Empirical state frequencies: 0.0961625082 0.0540448970 0.0344227845 0.0559627958 0.0148976055 0.0366591791 0.0461863587 0.0765057767 0.0382031915 0.0555473665 0.0932268076 0.0639113438 0.0174386483 0.0398510612 0.0533525148 0.0539064206 0.0659192523 0.0092823856 0.0314247694 0.0630943328 
Optimizing NNI: done in 14.2302 secs using 399.3% CPU
UFBoot tree 761: -148717.9687500000 -> -147848.7076235389
Alignment state count time was 0.0004947380 seconds.
Empirical state frequencies: 0.1034452365 0.0460604620 0.0336003658 0.0544903760 0.0170682515 0.0336352289 0.0446101542 0.0793896506 0.0312296703 0.0605565673 0.1021483267 0.0488425428 0.0191739869 0.0408100689 0.0505159749 0.0569307978 0.0656465898 0.0143349791 0.0325823613 0.0649284085 
Optimizing NNI: done in 15.7422 secs using 397.5% CPU
UFBoot tree 762: -146650.7187500000 -> -145666.1077100018
Alignment state count time was 0.0003047690 seconds.
Empirical state frequencies: 0.1234349546 0.0453543215 0.0341240586 0.0706615725 0.0087623249 0.0342943173 0.0558694979 0.0753879536 0.0359696628 0.0500738923 0.0887226138 0.0604664824 0.0184193975 0.0321354372 0.0452385456 0.0612837241 0.0640827769 0.0121062055 0.0249096586 0.0587026024 
Optimizing NNI: done in 14.5919 secs using 399% CPU
UFBoot tree 763: -157059.6250000000 -> -156190.0845473671
Alignment state count time was 0.0003143620 seconds.
Empirical state frequencies: 0.1072406721 0.0435417766 0.0309189003 0.0410263959 0.0168117524 0.0326396046 0.0444415342 0.0746195344 0.0474494828 0.0624892262 0.1041013719 0.0541615430 0.0211857564 0.0459717788 0.0511010537 0.0527560822 0.0613858738 0.0137775334 0.0285545738 0.0658255535 
Optimizing NNI: done in 18.5081 secs using 399.4% CPU
UFBoot tree 764: -153136.9062500000 -> -152308.0770978067
Alignment state count time was 0.0003283679 seconds.
Empirical state frequencies: 0.1087653922 0.0405497916 0.0362302616 0.0526246915 0.0187938687 0.0348651582 0.0503363298 0.0940987743 0.0279670996 0.0546690492 0.0856113924 0.0518399219 0.0190114939 0.0351223516 0.0502110305 0.0686893863 0.0640533106 0.0146589904 0.0332098879 0.0586918176 
Optimizing NNI: done in 17.9286 secs using 368.2% CPU
UFBoot tree 765: -156876.4687500000 -> -156215.2865594061
Alignment state count time was 0.0005035190 seconds.
Empirical state frequencies: 0.1078266605 0.0393758147 0.0309956449 0.0516355635 0.0105022571 0.0310933321 0.0489491644 0.0762318154 0.0331377866 0.0676074275 0.1034167793 0.0499330145 0.0194894834 0.0404643297 0.0462836982 0.0693169543 0.0592761014 0.0190917567 0.0326005067 0.0627719091 
Optimizing NNI: done in 19.6856 secs using 394.9% CPU
UFBoot tree 766: -149578.2187500000 -> -148954.8159730893
Alignment state count time was 0.0005498241 seconds.
Empirical state frequencies: 0.1039219506 0.0469999714 0.0320478202 0.0607363271 0.0144010113 0.0337541998 0.0472843680 0.0799686471 0.0269855608 0.0556598478 0.1081807896 0.0514223385 0.0196552384 0.0465733765 0.0413973584 0.0559940138 0.0615397475 0.0117419031 0.0338963981 0.0678391321 
Optimizing NNI: done in 16.6796 secs using 398.8% CPU
UFBoot tree 767: -145925.4687500000 -> -144901.8505237341
Alignment state count time was 0.0004111220 seconds.
Empirical state frequencies: 0.1026896990 0.0448303308 0.0311362469 0.0569524072 0.0139525769 0.0307703485 0.0413339690 0.0726589320 0.0391995620 0.0713037529 0.1043226897 0.0537203052 0.0193326376 0.0426146132 0.0405005339 0.0536051150 0.0698062801 0.0095279174 0.0316783185 0.0700637641 
Optimizing NNI: done in 18.758 secs using 389.7% CPU
UFBoot tree 768: -151543.0312500000 -> -150772.7622258572
Alignment state count time was 0.0148123100 seconds.
Empirical state frequencies: 0.0960770917 0.0415543753 0.0347211563 0.0526266608 0.0203395383 0.0326991476 0.0507216816 0.0852323635 0.0415543753 0.0647066998 0.1069218199 0.0509492388 0.0152747641 0.0438949641 0.0466061462 0.0508192061 0.0570217665 0.0119199201 0.0361840243 0.0601750598 
Optimizing NNI: done in 11.6488 secs using 399.5% CPU
UFBoot tree 769: -151975.9062500000 -> -151426.9936082347
Alignment state count time was 0.0004120939 seconds.
Empirical state frequencies: 0.1104548195 0.0441709882 0.0278453787 0.0511335755 0.0152397801 0.0351793040 0.0424469190 0.0707216545 0.0460740954 0.0516375342 0.1045664600 0.0535207483 0.0191321980 0.0427055293 0.0491243718 0.0613453703 0.0592565941 0.0130780625 0.0410212463 0.0613453703 
Optimizing NNI: done in 14.3404 secs using 383.6% CPU
UFBoot tree 770: -152491.8750000000 -> -151921.2473090503
Alignment state count time was 0.0004722769 seconds.
Empirical state frequencies: 0.1162135511 0.0364616158 0.0304737274 0.0706059177 0.0143773285 0.0281571938 0.0432076426 0.0921145815 0.0352261312 0.0546148158 0.0963826192 0.0455943742 0.0139561406 0.0477634921 0.0398521787 0.0597673482 0.0629964557 0.0110008052 0.0369389622 0.0642951185 
Optimizing NNI: done in 25.5025 secs using 382.7% CPU
UFBoot tree 771: -140650.8593750000 -> -139904.0984212820
Alignment state count time was 0.0002913760 seconds.
Empirical state frequencies: 0.1067578091 0.0468892638 0.0290136095 0.0563112232 0.0108698205 0.0281570677 0.0440366073 0.0802422553 0.0484086944 0.0607950331 0.1049702437 0.0468594710 0.0255650979 0.0408785750 0.0506357030 0.0555068187 0.0591266387 0.0110336806 0.0269579093 0.0669844784 
Optimizing NNI: done in 16.691 secs using 399.3% CPU
UFBoot tree 772: -133719.6093750000 -> -133036.7549609081
Alignment state count time was 0.0003536170 seconds.
Empirical state frequencies: 0.1133229673 0.0489098210 0.0395582522 0.0534528317 0.0123001876 0.0360200147 0.0484074343 0.0833520148 0.0365726400 0.0536824942 0.0944762908 0.0570054231 0.0166924823 0.0376420059 0.0518595483 0.0564456208 0.0553690780 0.0084605181 0.0316277200 0.0648426549 
Optimizing NNI: done in 20.3733 secs using 399.2% CPU
UFBoot tree 773: -147609.3750000000 -> -146773.6634683996
Alignment state count time was 0.0005402500 seconds.
Empirical state frequencies: 0.1015288988 0.0373957311 0.0338700126 0.0700976424 0.0190270870 0.0338420861 0.0534883668 0.0731346474 0.0330741079 0.0562181805 0.0960204001 0.0483638572 0.0225248790 0.0487757728 0.0419058580 0.0610145539 0.0627250510 0.0132672499 0.0296670770 0.0640585405 
Optimizing NNI: done in 20.949 secs using 399.1% CPU
UFBoot tree 774: -149386.0781250000 -> -148563.8199423729
Alignment state count time was 0.0003001021 seconds.
Empirical state frequencies: 0.1150305804 0.0436079147 0.0337541821 0.0429929012 0.0124990455 0.0291111681 0.0408504916 0.0696074411 0.0350788265 0.0654510313 0.1086844522 0.0567529833 0.0212579189 0.0403436123 0.0475412977 0.0611121449 0.0721891461 0.0128234482 0.0256238389 0.0656875749 
Optimizing NNI: done in 24.4558 secs using 361.4% CPU
UFBoot tree 775: -154569.3593750000 -> -153615.6573990459
Alignment state count time was 0.0003245299 seconds.
Empirical state frequencies: 0.1113467918 0.0502828623 0.0321238887 0.0528003726 0.0100742173 0.0361004107 0.0572989919 0.0717389162 0.0301856918 0.0465209009 0.0986805679 0.0586507233 0.0178198527 0.0392472986 0.0533725341 0.0607391126 0.0639646727 0.0117334854 0.0326173779 0.0647013305 
Optimizing NNI: done in 10.7427 secs using 388% CPU
UFBoot tree 776: -150199.6093750000 -> -149278.1592464133
Alignment state count time was 0.0003137570 seconds.
Empirical state frequencies: 0.0976201951 0.0406497738 0.0411168605 0.0657379904 0.0157455611 0.0336717819 0.0515060007 0.0759572809 0.0469837524 0.0555045458 0.0980872818 0.0438203016 0.0221644645 0.0374792460 0.0438132246 0.0587883067 0.0590926208 0.0149741604 0.0298572406 0.0674294104 
Optimizing NNI: done in 12.4072 secs using 399.1% CPU
UFBoot tree 777: -142824.5937500000 -> -142021.3081603156
Alignment state count time was 0.0003923679 seconds.
Empirical state frequencies: 0.1114003945 0.0458672511 0.0302779912 0.0563456194 0.0158398955 0.0347439536 0.0495565244 0.0988416091 0.0512208582 0.0525107169 0.0830720463 0.0559850137 0.0181283545 0.0367758277 0.0409921400 0.0577117600 0.0714633180 0.0104654843 0.0265609790 0.0522402626 
Optimizing NNI: done in 27.9848 secs using 375% CPU
UFBoot tree 778: -144293.0937500000 -> -143736.7499224808
Alignment state count time was 0.0008890370 seconds.
Empirical state frequencies: 0.1128292853 0.0435210859 0.0361044928 0.0527370923 0.0157430712 0.0323893544 0.0444242135 0.0728932577 0.0317804275 0.0512250378 0.0904700360 0.0618983637 0.0168309294 0.0406885495 0.0603794673 0.0649635239 0.0623909787 0.0100095795 0.0329230207 0.0657982328 
Optimizing NNI: done in 16.2916 secs using 398.7% CPU
UFBoot tree 779: -154295.1093750000 -> -153447.7319823662
Alignment state count time was 0.0005723119 seconds.
Empirical state frequencies: 0.1045418457 0.0437324342 0.0325630717 0.0525610807 0.0155735506 0.0328161221 0.0496861472 0.0736415829 0.0428256703 0.0547401256 0.0924938360 0.0567856162 0.0195098898 0.0417291187 0.0515699667 0.0587186399 0.0709986123 0.0120167869 0.0316703662 0.0618255362 
Optimizing NNI: done in 12.5514 secs using 399.2% CPU
UFBoot tree 780: -147903.5625000000 -> -147174.3102149472
Alignment state count time was 0.0004730430 seconds.
Empirical state frequencies: 0.1100405214 0.0504233753 0.0330031003 0.0569146606 0.0142817551 0.0357599625 0.0510352299 0.0787726399 0.0242261511 0.0564997247 0.0864384048 0.0596504244 0.0211809436 0.0404227168 0.0560355591 0.0545657015 0.0636098975 0.0105262336 0.0313503895 0.0652626083 
Optimizing NNI: done in 14.1124 secs using 399.2% CPU
UFBoot tree 781: -149836.5156250000 -> -149003.6903561458
Alignment state count time was 0.0003150549 seconds.
Empirical state frequencies: 0.1116801299 0.0450697111 0.0298633290 0.0548615975 0.0173305224 0.0331430048 0.0460462060 0.0917798379 0.0476759422 0.0505717546 0.0942042390 0.0489689561 0.0189669931 0.0351027290 0.0439652617 0.0569425418 0.0622492863 0.0141585977 0.0350690568 0.0623503030 
Optimizing NNI: done in 14.1518 secs using 375.7% CPU
UFBoot tree 782: -152708.3437500000 -> -152051.6395267763
Alignment state count time was 0.0003088760 seconds.
Empirical state frequencies: 0.1024772163 0.0406453187 0.0347343193 0.0624544013 0.0136090980 0.0321478338 0.0493120761 0.0873510162 0.0406656314 0.0560423550 0.0931469103 0.0493865561 0.0199805189 0.0387765491 0.0571256996 0.0575861211 0.0624747140 0.0074543460 0.0289587379 0.0656705808 
Optimizing NNI: done in 11.3868 secs using 394.3% CPU
UFBoot tree 783: -148316.6718750000 -> -147746.1240352745
Alignment state count time was 0.0005329890 seconds.
Empirical state frequencies: 0.1143969071 0.0430138488 0.0341916070 0.0543606301 0.0105837517 0.0403119093 0.0484723125 0.0835702337 0.0262973039 0.0586796395 0.0963293925 0.0574583083 0.0207706095 0.0430343181 0.0465618502 0.0582839009 0.0623709255 0.0096762822 0.0335570606 0.0580792085 
Optimizing NNI: done in 9.92139 secs using 399.4% CPU
UFBoot tree 784: -155475.4843750000 -> -154551.1587497420
Alignment state count time was 0.0003493481 seconds.
Empirical state frequencies: 0.1069599106 0.0483316424 0.0342187454 0.0460516183 0.0175028748 0.0317126566 0.0458061766 0.0749168525 0.0312088553 0.0580653430 0.0929568165 0.0565345620 0.0183490027 0.0450181797 0.0499463904 0.0615984115 0.0748199676 0.0116187333 0.0307631848 0.0636200759 
Optimizing NNI: done in 18.1077 secs using 399.4% CPU
UFBoot tree 785: -163107.2031250000 -> -162197.0498643539
Alignment state count time was 0.0003193610 seconds.
Empirical state frequencies: 0.1191108149 0.0475870187 0.0395952740 0.0551382126 0.0145689014 0.0363259239 0.0476102056 0.0675200066 0.0399508061 0.0529431880 0.0838822151 0.0566376309 0.0176604854 0.0429109978 0.0535460469 0.0552232312 0.0652708793 0.0123352319 0.0350197296 0.0571632002 
Optimizing NNI: done in 17.7647 secs using 380.9% CPU
UFBoot tree 786: -138994.8125000000 -> -138312.9758525584
Alignment state count time was 0.0007710541 seconds.
Empirical state frequencies: 0.1060898560 0.0430364002 0.0345329373 0.0502198812 0.0205411281 0.0327822243 0.0431336621 0.0812116690 0.0550968673 0.0557012801 0.0874294789 0.0543674036 0.0185889442 0.0404103308 0.0455513133 0.0652190450 0.0709019149 0.0073760446 0.0244246541 0.0633849648 
Optimizing NNI: done in 12.7659 secs using 399.2% CPU
UFBoot tree 787: -141235.1718750000 -> -140924.5111992785
Alignment state count time was 0.0002899460 seconds.
Empirical state frequencies: 0.1032042260 0.0436615287 0.0347869161 0.0493817878 0.0181324774 0.0344721650 0.0489849277 0.0851881467 0.0341300442 0.0563815786 0.0924616341 0.0518861118 0.0180982654 0.0416772282 0.0607607243 0.0594948775 0.0649824945 0.0107426690 0.0269797203 0.0645924768 
Optimizing NNI: done in 12.674 secs using 397.9% CPU
UFBoot tree 788: -154561.4375000000 -> -153621.1414281692
Alignment state count time was 0.0003316399 seconds.
Empirical state frequencies: 0.0959790803 0.0501594705 0.0372379172 0.0538952473 0.0134914895 0.0344377920 0.0494765132 0.0757703718 0.0179648603 0.0607589689 0.1020915488 0.0579793324 0.0217552736 0.0434938066 0.0539225656 0.0602194326 0.0668782669 0.0117431186 0.0264608499 0.0662840940 
Optimizing NNI: done in 16.5608 secs using 396.1% CPU
UFBoot tree 789: -150345.2812500000 -> -149259.2370786945
Alignment state count time was 0.0005262969 seconds.
Empirical state frequencies: 0.1027174540 0.0444022774 0.0337879801 0.0650564041 0.0118446405 0.0316637847 0.0462659583 0.0580425513 0.0408419121 0.0757375000 0.0952226512 0.0502939138 0.0159193550 0.0490581398 0.0436207338 0.0580492311 0.0660183039 0.0110564170 0.0360992116 0.0643015800 
Optimizing NNI: done in 18.0592 secs using 387.1% CPU
UFBoot tree 790: -152619.8437500000 -> -152085.3034020274
Alignment state count time was 0.0003634370 seconds.
Empirical state frequencies: 0.0954713948 0.0465955317 0.0344153028 0.0510283805 0.0151950634 0.0344489871 0.0451875296 0.0832237974 0.0249567623 0.0549963865 0.1057450945 0.0563774412 0.0231445490 0.0418325772 0.0568018629 0.0634511360 0.0684229330 0.0109104253 0.0255361316 0.0622587132 
Optimizing NNI: done in 11.5585 secs using 399% CPU
UFBoot tree 791: -149921.3593750000 -> -148996.2315689908
Alignment state count time was 0.0003663669 seconds.
Empirical state frequencies: 0.0921852032 0.0427074096 0.0389893845 0.0595297191 0.0151238729 0.0349837387 0.0470217216 0.0891336166 0.0301362758 0.0562536480 0.1074150755 0.0492034307 0.0194662455 0.0403082311 0.0527601075 0.0634441681 0.0615570950 0.0096450473 0.0259201758 0.0642158337 
Optimizing NNI: done in 18.5656 secs using 363.6% CPU
UFBoot tree 792: -146655.9687500000 -> -145749.3095499865
Alignment state count time was 0.0004164560 seconds.
Empirical state frequencies: 0.1017377904 0.0527785117 0.0334882807 0.0505850504 0.0131509968 0.0348257571 0.0455026401 0.0685607331 0.0292542126 0.0611320071 0.0943702062 0.0602913076 0.0149852501 0.0356664566 0.0532447177 0.0713732549 0.0719541018 0.0071285317 0.0343901219 0.0655800714 
Optimizing NNI: done in 17.5732 secs using 397.1% CPU
UFBoot tree 793: -138352.5468750000 -> -137413.0363441778
Alignment state count time was 0.0004711569 seconds.
Empirical state frequencies: 0.1086772359 0.0495416114 0.0328086791 0.0453636271 0.0165306362 0.0352020973 0.0450696985 0.0789904526 0.0338934154 0.0626634216 0.0913214550 0.0557141109 0.0228081102 0.0376445035 0.0582684900 0.0598571038 0.0600810494 0.0080976862 0.0271820469 0.0702845689 
Optimizing NNI: done in 12.2475 secs using 399.2% CPU
UFBoot tree 794: -149372.2656250000 -> -148565.1761896006
Alignment state count time was 0.0003061659 seconds.
Empirical state frequencies: 0.1123126466 0.0511948927 0.0406953716 0.0591354156 0.0126989603 0.0362986104 0.0488924878 0.0573045876 0.0251472036 0.0606957803 0.0898433941 0.0591007408 0.0196061749 0.0466524975 0.0489549024 0.0586707736 0.0647735336 0.0130249031 0.0304038991 0.0645932247 
Optimizing NNI: done in 23.6338 secs using 399.5% CPU
UFBoot tree 795: -156510.7812500000 -> -155406.6658692642
Alignment state count time was 0.0003321350 seconds.
Empirical state frequencies: 0.0956065323 0.0452395561 0.0359653235 0.0640628657 0.0155634211 0.0347461424 0.0479598098 0.0715823233 0.0373043084 0.0597428774 0.0918291853 0.0563531312 0.0166698456 0.0421387489 0.0509619550 0.0611875717 0.0643870410 0.0111024871 0.0244782420 0.0731186323 
Optimizing NNI: done in 19.8537 secs using 378% CPU
UFBoot tree 796: -148571.1875000000 -> -147920.8585557142
Alignment state count time was 0.0010550260 seconds.
Empirical state frequencies: 0.0866915300 0.0410906500 0.0356112113 0.0521445858 0.0120570938 0.0314693803 0.0459250494 0.0789035298 0.0297175895 0.0568771369 0.1122282945 0.0503588455 0.0170951899 0.0512686904 0.0465565089 0.0662200212 0.0672588739 0.0189284593 0.0348303743 0.0647669854 
Optimizing NNI: done in 19.5302 secs using 399% CPU
UFBoot tree 797: -149083.7031250000 -> -148190.6296827329
Alignment state count time was 0.0004918569 seconds.
Empirical state frequencies: 0.1168737948 0.0473040076 0.0383565237 0.0623600582 0.0154950824 0.0347997194 0.0477543186 0.0696825067 0.0348454031 0.0473496913 0.0848625560 0.0608394427 0.0166306492 0.0402621877 0.0504300796 0.0697412429 0.0656231814 0.0098107217 0.0296244059 0.0573544271 
Optimizing NNI: done in 13.953 secs using 398.7% CPU
UFBoot tree 798: -163559.1406250000 -> -162736.7164402184
Alignment state count time was 0.0003513451 seconds.
Empirical state frequencies: 0.1013942508 0.0480689038 0.0322776389 0.0565961868 0.0112998207 0.0344182325 0.0483777107 0.0727243320 0.0342217190 0.0604492554 0.1080195637 0.0481882155 0.0258839312 0.0371483668 0.0448895958 0.0543573364 0.0636355818 0.0163951355 0.0336391968 0.0680150259 
Optimizing NNI: done in 20.1631 secs using 399.2% CPU
UFBoot tree 799: -141693.9687500000 -> -140811.1449646766
Alignment state count time was 0.0005586710 seconds.
Empirical state frequencies: 0.1155490024 0.0486816156 0.0351258761 0.0518309964 0.0144739785 0.0354676175 0.0478440143 0.0718932227 0.0358830677 0.0574127715 0.1046534847 0.0489630496 0.0156533212 0.0409153763 0.0536670185 0.0600461900 0.0625790963 0.0092741497 0.0311522956 0.0589338554 
Optimizing NNI: done in 18.2317 secs using 379.3% CPU
UFBoot tree 800: -150960.8593750000 -> -150270.4924534088
800 samples done
Alignment state count time was 0.0003448699 seconds.
Empirical state frequencies: 0.0976517147 0.0477776569 0.0313690785 0.0580572469 0.0146597319 0.0360476956 0.0471092830 0.0724139176 0.0482989885 0.0555575287 0.0889494870 0.0589996541 0.0205347382 0.0461535084 0.0563662611 0.0487735340 0.0601024710 0.0106829074 0.0343500259 0.0661445707 
Optimizing NNI: done in 16.9171 secs using 399.2% CPU
UFBoot tree 801: -148293.0937500000 -> -147754.6915833583
Alignment state count time was 0.0008475831 seconds.
Empirical state frequencies: 0.1155758998 0.0448217558 0.0386652007 0.0609133527 0.0131339929 0.0326341547 0.0493400860 0.0872042213 0.0398938694 0.0520022016 0.0831218703 0.0533365622 0.0142371525 0.0346555129 0.0459513384 0.0700887338 0.0626638754 0.0089789788 0.0273297408 0.0654515002 
Optimizing NNI: done in 19.2516 secs using 399.4% CPU
UFBoot tree 802: -151956.6250000000 -> -151225.9486524261
Alignment state count time was 0.0003134999 seconds.
Empirical state frequencies: 0.1064573435 0.0441125204 0.0296064457 0.0563664794 0.0133517493 0.0306814737 0.0413773225 0.0794863865 0.0515016373 0.0589179701 0.0897808008 0.0560875165 0.0186724578 0.0382883178 0.0534271622 0.0635242611 0.0596255835 0.0114874602 0.0293683065 0.0678788052 
Optimizing NNI: done in 20.4888 secs using 394.5% CPU
UFBoot tree 803: -147185.6250000000 -> -146586.6740433910
Alignment state count time was 0.0005294019 seconds.
Empirical state frequencies: 0.0918822687 0.0451842450 0.0350903243 0.0671248821 0.0118674864 0.0361269972 0.0545211216 0.0647173456 0.0378320514 0.0541255491 0.1029855815 0.0495355432 0.0191719385 0.0396462290 0.0560079289 0.0598272502 0.0659654453 0.0112945882 0.0329828773 0.0641103463 
Optimizing NNI: done in 19.5662 secs using 399% CPU
UFBoot tree 804: -148421.3281250000 -> -147602.2071022239
Alignment state count time was 0.0003142400 seconds.
Empirical state frequencies: 0.1043822204 0.0492118519 0.0342311338 0.0574401773 0.0086753572 0.0369911282 0.0456696131 0.0889956208 0.0434114359 0.0565915159 0.1014229751 0.0540602912 0.0232649530 0.0434557139 0.0407473772 0.0555509833 0.0569678788 0.0098782424 0.0331020452 0.0559494852 
Optimizing NNI: done in 13.1091 secs using 398.8% CPU
UFBoot tree 805: -140089.5625000000 -> -139343.4048465626
Alignment state count time was 0.0004982020 seconds.
Empirical state frequencies: 0.1083221240 0.0503591013 0.0321873069 0.0564008062 0.0143956198 0.0303334505 0.0442840537 0.0643163731 0.0488853521 0.0629826635 0.0947249539 0.0537200497 0.0182367037 0.0333209602 0.0513793892 0.0663036006 0.0685042215 0.0088140448 0.0287196618 0.0638095635 
Optimizing NNI: done in 17.2119 secs using 378.2% CPU
UFBoot tree 806: -152268.6875000000 -> -151738.8858443860
Alignment state count time was 0.0005261950 seconds.
Empirical state frequencies: 0.1051481322 0.0486336388 0.0344590657 0.0531918521 0.0143073516 0.0323122943 0.0426050341 0.0964213593 0.0284966286 0.0520817066 0.1033174949 0.0478910911 0.0175716205 0.0408111565 0.0535447461 0.0664474306 0.0614628037 0.0110136748 0.0301287630 0.0601541554 
Optimizing NNI: done in 22.8956 secs using 374.4% CPU
UFBoot tree 807: -137472.9687500000 -> -136529.7489663240
Alignment state count time was 0.0003159449 seconds.
Empirical state frequencies: 0.1094887473 0.0498596101 0.0302342755 0.0533986049 0.0170581007 0.0322596919 0.0482144163 0.0768481013 0.0340730611 0.0581221392 0.0961590211 0.0571715828 0.0172701479 0.0446973574 0.0568498560 0.0572008307 0.0568206081 0.0132997468 0.0309508488 0.0600232521 
Optimizing NNI: done in 16.6614 secs using 399.3% CPU
UFBoot tree 808: -141573.3437500000 -> -140866.5732112096
Alignment state count time was 0.0003009960 seconds.
Empirical state frequencies: 0.0987205244 0.0465107962 0.0354069419 0.0656791285 0.0123819790 0.0329078993 0.0501783101 0.0896023959 0.0373251260 0.0554735788 0.0857660278 0.0531028654 0.0265117010 0.0358932421 0.0510495979 0.0563110957 0.0628964108 0.0098491655 0.0343195207 0.0601136930 
Optimizing NNI: done in 30.1878 secs using 371.9% CPU
UFBoot tree 809: -150407.7656250000 -> -149731.8057427665
Alignment state count time was 0.0008913130 seconds.
Empirical state frequencies: 0.1019924460 0.0445737413 0.0363933097 0.0545303740 0.0192752611 0.0345604967 0.0474680290 0.0766444302 0.0403490720 0.0467816087 0.1011574192 0.0496900494 0.0196927744 0.0415520767 0.0596679115 0.0613096591 0.0600146599 0.0122624516 0.0362376267 0.0558466026 
Optimizing NNI: done in 19.8619 secs using 399.1% CPU
UFBoot tree 810: -145875.1875000000 -> -145188.4280708481
Alignment state count time was 0.0003256339 seconds.
Empirical state frequencies: 0.1096749523 0.0479436307 0.0338723233 0.0573535660 0.0134092353 0.0355490759 0.0489765102 0.0735979446 0.0520483209 0.0502977913 0.0992053094 0.0583931525 0.0182919387 0.0356429740 0.0537183664 0.0544561376 0.0591711657 0.0125708590 0.0313504875 0.0544762586 
Optimizing NNI: done in 29.2773 secs using 389.6% CPU
UFBoot tree 811: -156308.9687500000 -> -155756.2441399676
Alignment state count time was 0.0003506590 seconds.
Empirical state frequencies: 0.1156528503 0.0454265766 0.0306840697 0.0594492482 0.0118554396 0.0316791360 0.0469085902 0.0669722316 0.0412839956 0.0631331106 0.0902680742 0.0551090655 0.0198865419 0.0383340828 0.0588987860 0.0580519211 0.0605078294 0.0115096364 0.0330694059 0.0613194083 
Optimizing NNI: done in 18.7247 secs using 399.1% CPU
UFBoot tree 812: -150125.6250000000 -> -149350.4563528097
Alignment state count time was 0.0003454121 seconds.
Empirical state frequencies: 0.1088274170 0.0389178028 0.0355929741 0.0620219702 0.0133776895 0.0346633791 0.0499847329 0.0641932869 0.0360408081 0.0606648972 0.1081081683 0.0473384406 0.0158272062 0.0377032225 0.0607056094 0.0535877617 0.0551687517 0.0148229722 0.0338762768 0.0685766326 
Optimizing NNI: done in 19.8375 secs using 378.9% CPU
UFBoot tree 813: -151872.7031250000 -> -151060.0921276301
Alignment state count time was 0.0004685021 seconds.
Empirical state frequencies: 0.1146584748 0.0532567971 0.0367223426 0.0557930143 0.0142046575 0.0316989511 0.0490391100 0.0984603143 0.0352650686 0.0486958099 0.0800061816 0.0592820644 0.0139454309 0.0360427485 0.0536281217 0.0567458473 0.0740369633 0.0082354392 0.0279927111 0.0522899519 
Optimizing NNI: done in 16.599 secs using 398.6% CPU
UFBoot tree 814: -147870.3906250000 -> -147252.5276031325
Alignment state count time was 0.0003709031 seconds.
Empirical state frequencies: 0.1059890333 0.0483174336 0.0328483515 0.0464209187 0.0131812899 0.0320991944 0.0443894206 0.0799912566 0.0504366709 0.0594333054 0.1018990404 0.0540339749 0.0207673493 0.0353522911 0.0548641219 0.0546953929 0.0656830306 0.0075187419 0.0229338307 0.0691453513 
Optimizing NNI: done in 19.0913 secs using 399.3% CPU
UFBoot tree 815: -150198.8593750000 -> -149400.4311478579
Alignment state count time was 0.0003249100 seconds.
Empirical state frequencies: 0.1032663791 0.0508125452 0.0379153400 0.0567896447 0.0190906673 0.0349870576 0.0505714759 0.0706511269 0.0276273550 0.0520675234 0.0843637134 0.0619230018 0.0152193786 0.0408365322 0.0649009161 0.0663756927 0.0688714685 0.0124967141 0.0257555232 0.0554779443 
Optimizing NNI: done in 17.3823 secs using 385.9% CPU
UFBoot tree 816: -150751.0312500000 -> -149796.4042395476
Alignment state count time was 0.0003035620 seconds.
Empirical state frequencies: 0.1082350867 0.0415732254 0.0335702391 0.0514878840 0.0187222327 0.0329741262 0.0444921228 0.0684120075 0.0397574793 0.0527006653 0.1108250943 0.0488293577 0.0230868751 0.0408948901 0.0593743885 0.0621014335 0.0602034650 0.0098285031 0.0353928370 0.0575380868 
Optimizing NNI: done in 20.3126 secs using 399.2% CPU
UFBoot tree 817: -148659.3593750000 -> -148027.7404824882
Alignment state count time was 0.0003043890 seconds.
Empirical state frequencies: 0.1135900815 0.0415606783 0.0280895563 0.0470428747 0.0155015639 0.0306370454 0.0435850830 0.0698547898 0.0406503756 0.0695083313 0.0966679611 0.0410240073 0.0205557821 0.0473417801 0.0530753288 0.0586798046 0.0621647696 0.0138711709 0.0318598401 0.0747391755 
Optimizing NNI: done in 17.1585 secs using 398.9% CPU
UFBoot tree 818: -143880.2968750000 -> -142915.6878230615
Alignment state count time was 0.0003179790 seconds.
Empirical state frequencies: 0.1113737840 0.0393956602 0.0328660411 0.0578587211 0.0237669572 0.0265615812 0.0451968228 0.0977317806 0.0287866847 0.0493357801 0.1012614834 0.0435147505 0.0147473414 0.0433955485 0.0556998409 0.0642426489 0.0674809691 0.0085554612 0.0299654597 0.0582626833 
Optimizing NNI: done in 22.6888 secs using 399.2% CPU
UFBoot tree 819: -153393.6250000000 -> -152836.4696675367
Alignment state count time was 0.0005370970 seconds.
Empirical state frequencies: 0.1003816267 0.0404406711 0.0320029850 0.0687386673 0.0154810922 0.0310603731 0.0525440704 0.0591488999 0.0389023808 0.0628800722 0.1050685028 0.0495067652 0.0226946920 0.0436481701 0.0470062252 0.0625462305 0.0634626588 0.0127056237 0.0299148377 0.0618654552 
Optimizing NNI: done in 14.1832 secs using 399.2% CPU
UFBoot tree 820: -156163.3437500000 -> -155704.8474584869
Alignment state count time was 0.0002835679 seconds.
Empirical state frequencies: 0.1076591853 0.0401421881 0.0374379301 0.0585490336 0.0110284075 0.0328964280 0.0526450809 0.0692009202 0.0338666580 0.0610468597 0.1107074965 0.0536084298 0.0222238982 0.0356970210 0.0464521235 0.0637648799 0.0583494827 0.0087576565 0.0259327915 0.0700335289 
Optimizing NNI: done in 14.4634 secs using 399.1% CPU
UFBoot tree 821: -147022.5156250000 -> -146270.5464965013
Alignment state count time was 0.0005744840 seconds.
Empirical state frequencies: 0.1007377934 0.0472265882 0.0393556128 0.0571903003 0.0168069109 0.0351629970 0.0464623465 0.0717323203 0.0425768559 0.0540761939 0.0904598136 0.0551118486 0.0156569771 0.0400198603 0.0443910372 0.0708966541 0.0723394282 0.0116357800 0.0301347151 0.0580259665 
Optimizing NNI: done in 15.54 secs using 399.4% CPU
UFBoot tree 822: -144721.0625000000 -> -144129.5022736233
Alignment state count time was 0.0003047100 seconds.
Empirical state frequencies: 0.0992248187 0.0410392161 0.0377277313 0.0440490474 0.0139239209 0.0303942003 0.0388740145 0.0629727750 0.0378685030 0.0595473323 0.1103524800 0.0430435358 0.0154455951 0.0510407045 0.0523076490 0.0617192373 0.0842762134 0.0094259325 0.0336989817 0.0730681112 
Optimizing NNI: done in 17.6477 secs using 398.5% CPU
UFBoot tree 823: -148668.3750000000 -> -147868.7306380563
Alignment state count time was 0.0005466071 seconds.
Empirical state frequencies: 0.0974725364 0.0385860490 0.0327264950 0.0511780004 0.0123398483 0.0292554198 0.0432953441 0.0951381875 0.0509344162 0.0658539502 0.1028246232 0.0465363676 0.0223132693 0.0454199399 0.0518546233 0.0565706846 0.0504743126 0.0113722776 0.0303109514 0.0655427037 
Optimizing NNI: done in 25.0314 secs using 397.6% CPU
UFBoot tree 824: -147114.2031250000 -> -146658.4683775006
Alignment state count time was 0.0004870130 seconds.
Empirical state frequencies: 0.0987429325 0.0492857666 0.0355668946 0.0541116677 0.0139801397 0.0345151810 0.0514491016 0.0753256634 0.0272197498 0.0616800120 0.0932780155 0.0512427527 0.0175812604 0.0435612495 0.0573533420 0.0603553853 0.0669452365 0.0156775256 0.0291234846 0.0630046386 
Optimizing NNI: done in 13.0172 secs using 399.2% CPU
UFBoot tree 825: -151798.6562500000 -> -150978.1824912657
Alignment state count time was 0.0003602640 seconds.
Empirical state frequencies: 0.1144789313 0.0501420342 0.0343801320 0.0545482828 0.0127597609 0.0284649912 0.0407061449 0.0703951931 0.0475563739 0.0574173032 0.1049084459 0.0558729910 0.0181790217 0.0375537644 0.0434334853 0.0586570034 0.0590537075 0.0119876048 0.0308948035 0.0686100248 
Optimizing NNI: done in 21.2539 secs using 393.6% CPU
UFBoot tree 826: -141903.8281250000 -> -141228.1755600797
Alignment state count time was 0.0003063800 seconds.
Empirical state frequencies: 0.0921715716 0.0437206643 0.0381812764 0.0665731946 0.0134959105 0.0349584836 0.0460985811 0.0808883902 0.0443679483 0.0518083070 0.0982560407 0.0482175844 0.0185651658 0.0361031542 0.0421739963 0.0648425617 0.0758123213 0.0090058039 0.0329621237 0.0617969204 
Optimizing NNI: done in 24.5626 secs using 390.4% CPU
UFBoot tree 827: -148176.3593750000 -> -147491.5333428827
Alignment state count time was 0.0004628660 seconds.
Empirical state frequencies: 0.1094501708 0.0428366953 0.0407400849 0.0545148830 0.0147817273 0.0325585242 0.0536202382 0.0663501458 0.0399820271 0.0543031732 0.1017944699 0.0557578246 0.0196169068 0.0396951945 0.0511616724 0.0632837678 0.0617061881 0.0077133505 0.0287409178 0.0613920380 
Optimizing NNI: done in 23.8668 secs using 389.2% CPU
UFBoot tree 828: -153441.7812500000 -> -152648.0949913414
Alignment state count time was 0.0003440640 seconds.
Empirical state frequencies: 0.1047456875 0.0456596797 0.0336815571 0.0485772481 0.0119362271 0.0295325929 0.0482973854 0.0655719092 0.0288469294 0.0568052108 0.1153734727 0.0553709146 0.0203461005 0.0415596915 0.0379284732 0.0671321436 0.0724285448 0.0187298936 0.0299873698 0.0674889685 
Optimizing NNI: done in 15.7595 secs using 399.3% CPU
UFBoot tree 829: -148651.7656250000 -> -147744.7160064715
Alignment state count time was 0.0003281480 seconds.
Empirical state frequencies: 0.1188422070 0.0450173521 0.0306338685 0.0574298182 0.0147315002 0.0358475281 0.0527036145 0.0750064918 0.0421420683 0.0514461194 0.0830318540 0.0562641626 0.0186170189 0.0343639664 0.0694113449 0.0585954738 0.0631591921 0.0086912848 0.0269461580 0.0571189767 
Optimizing NNI: done in 13.7171 secs using 399.3% CPU
UFBoot tree 830: -146459.5468750000 -> -146019.5821608041
Alignment state count time was 0.0004955970 seconds.
Empirical state frequencies: 0.1133438066 0.0484795318 0.0318972991 0.0474987928 0.0123276835 0.0359234910 0.0488344045 0.0768951557 0.0351298666 0.0592031392 0.0933935094 0.0479569012 0.0184250414 0.0416982374 0.0587514831 0.0595967253 0.0665780388 0.0103597531 0.0307810632 0.0629260763 
Optimizing NNI: done in 15.1346 secs using 397.7% CPU
UFBoot tree 831: -161442.4375000000 -> -160457.8474132157
Alignment state count time was 0.0003368801 seconds.
Empirical state frequencies: 0.1001006745 0.0421009880 0.0334840187 0.0498066183 0.0165316321 0.0413526528 0.0519627129 0.0681519458 0.0335432928 0.0614762027 0.0911725164 0.0551931503 0.0270157349 0.0393373341 0.0637137992 0.0576604338 0.0696041608 0.0091075537 0.0243780383 0.0643065399 
Optimizing NNI: done in 13.8054 secs using 399% CPU
UFBoot tree 832: -142064.9843750000 -> -141242.1364535111
Alignment state count time was 0.0003369700 seconds.
Empirical state frequencies: 0.1013560369 0.0492262195 0.0358643508 0.0557527408 0.0150426201 0.0341898279 0.0541537088 0.0745019064 0.0294956738 0.0646881045 0.1061874470 0.0532272310 0.0239368070 0.0419996926 0.0465222769 0.0534125266 0.0607557210 0.0107876851 0.0285142936 0.0603851298 
Optimizing NNI: done in 18.7724 secs using 399.4% CPU
UFBoot tree 833: -149819.5312500000 -> -148889.9655918007
Alignment state count time was 0.0003425849 seconds.
Empirical state frequencies: 0.1110948272 0.0452529024 0.0334509174 0.0610973269 0.0176272588 0.0347591726 0.0484093278 0.0700959079 0.0391269454 0.0495583773 0.0880584599 0.0547844763 0.0174472872 0.0403936687 0.0552274833 0.0591384051 0.0633538942 0.0116674294 0.0382478532 0.0612080787 
Optimizing NNI: done in 17.4933 secs using 399% CPU
UFBoot tree 834: -147912.5781250000 -> -147072.2035320009
Alignment state count time was 0.0003068531 seconds.
Empirical state frequencies: 0.1007903533 0.0466328446 0.0298431325 0.0515415137 0.0154635326 0.0345085793 0.0461611407 0.0778316381 0.0353782834 0.0658031876 0.0983065372 0.0568776646 0.0162005700 0.0394467299 0.0518142176 0.0597594808 0.0629066306 0.0107686044 0.0300789844 0.0698863748 
Optimizing NNI: done in 11.0939 secs using 399.2% CPU
UFBoot tree 835: -139903.7968750000 -> -139046.3497765584
Alignment state count time was 0.0003211449 seconds.
Empirical state frequencies: 0.1024473293 0.0414098724 0.0330164219 0.0548322802 0.0108377958 0.0343252311 0.0448454967 0.0677781107 0.0447459134 0.0649826649 0.0983430742 0.0532389472 0.0182923179 0.0361319569 0.0554297801 0.0654734683 0.0780138525 0.0085118141 0.0231149955 0.0642286769 
Optimizing NNI: done in 11.8903 secs using 380.1% CPU
UFBoot tree 836: -145029.1093750000 -> -144484.0294497123
Alignment state count time was 0.0003256740 seconds.
Empirical state frequencies: 0.0945862559 0.0479667278 0.0343332690 0.0562407763 0.0135710603 0.0334155618 0.0486348187 0.0641110337 0.0294951164 0.0687803281 0.1017957640 0.0557121770 0.0165224068 0.0402139370 0.0540235956 0.0571291170 0.0629290267 0.0106417388 0.0365944996 0.0733027894 
Optimizing NNI: done in 25.0733 secs using 386.5% CPU
UFBoot tree 837: -136476.5625000000 -> -135630.8958665951
Alignment state count time was 0.0003589460 seconds.
Empirical state frequencies: 0.1073384179 0.0489617646 0.0372584019 0.0474620522 0.0172085093 0.0315608966 0.0493191726 0.0926987026 0.0266482875 0.0589411588 0.0906523661 0.0550797500 0.0190516137 0.0451774437 0.0434184353 0.0603777992 0.0666850006 0.0096258516 0.0321215367 0.0604128392 
Optimizing NNI: done in 14.8617 secs using 387.8% CPU
UFBoot tree 838: -145097.4375000000 -> -144102.1501409578
Alignment state count time was 0.0004391801 seconds.
Empirical state frequencies: 0.1032125929 0.0466931091 0.0358842539 0.0543272414 0.0114079476 0.0352587259 0.0464711475 0.0809424500 0.0390051679 0.0579257091 0.0896393073 0.0580669574 0.0242548135 0.0387226714 0.0469957840 0.0619613738 0.0605018084 0.0109842029 0.0320974552 0.0656472809 
Optimizing NNI: done in 12.1363 secs using 399.2% CPU
UFBoot tree 839: -153222.1562500000 -> -152499.6750806687
Alignment state count time was 0.0004191031 seconds.
Empirical state frequencies: 0.1132693045 0.0496002428 0.0393634695 0.0647074650 0.0116419886 0.0376313015 0.0559039758 0.0731848990 0.0338680816 0.0458845726 0.0825250206 0.0595856819 0.0145561065 0.0426647779 0.0542261503 0.0679680165 0.0645240589 0.0117438808 0.0284542075 0.0486967983 
Optimizing NNI: done in 21.3039 secs using 366.2% CPU
UFBoot tree 840: -155202.7656250000 -> -154407.1263739908
Alignment state count time was 0.0003328290 seconds.
Empirical state frequencies: 0.1231927654 0.0444213651 0.0352811510 0.0488638541 0.0151036971 0.0323769773 0.0424553568 0.0764776483 0.0281069452 0.0637572295 0.0999179862 0.0520508571 0.0227607822 0.0422001206 0.0499192902 0.0600597542 0.0603218886 0.0098541100 0.0261685299 0.0667096911 
Optimizing NNI: done in 21.188 secs using 399% CPU
UFBoot tree 841: -148994.3281250000 -> -147961.5390480268
Alignment state count time was 0.0005509121 seconds.
Empirical state frequencies: 0.1025673476 0.0455571076 0.0357470715 0.0509669998 0.0146160620 0.0331526817 0.0455349963 0.0796600657 0.0417908203 0.0569001922 0.0939955430 0.0552049944 0.0249051758 0.0426605304 0.0493160245 0.0627523099 0.0648160290 0.0082922371 0.0310447401 0.0605190711 
Optimizing NNI: done in 17.8722 secs using 399.2% CPU
UFBoot tree 842: -143436.6250000000 -> -142748.1333230000
Alignment state count time was 0.0003093469 seconds.
Empirical state frequencies: 0.1016194724 0.0417026671 0.0412023323 0.0762189141 0.0148696434 0.0280565495 0.0478094931 0.0856704440 0.0446704063 0.0464318590 0.0820789997 0.0508457714 0.0168983982 0.0404072797 0.0517093630 0.0583370856 0.0675350211 0.0102501139 0.0337795571 0.0599066290 
Optimizing NNI: done in 26.3679 secs using 384.4% CPU
UFBoot tree 843: -148602.3281250000 -> -148082.2271742378
Alignment state count time was 0.0004775980 seconds.
Empirical state frequencies: 0.0930310696 0.0464101851 0.0398370940 0.0577421672 0.0174303671 0.0340763313 0.0486643966 0.0924962867 0.0371767182 0.0538091436 0.0880217108 0.0578234001 0.0182088486 0.0374136474 0.0494970333 0.0642407949 0.0663663878 0.0107828125 0.0228661984 0.0641054069 
Optimizing NNI: done in 12.7789 secs using 398.9% CPU
UFBoot tree 844: -149115.0468750000 -> -148191.1532799607
Alignment state count time was 0.0003557530 seconds.
Empirical state frequencies: 0.1042881701 0.0496593584 0.0356751264 0.0605227030 0.0159072921 0.0358079301 0.0511334798 0.0794605140 0.0400642894 0.0542012458 0.0914128491 0.0524415965 0.0159471332 0.0417110556 0.0566116334 0.0564987502 0.0615452917 0.0045525737 0.0285369262 0.0640220812 
Optimizing NNI: done in 12.9446 secs using 397.1% CPU
UFBoot tree 845: -158098.1406250000 -> -157471.9330838308
Alignment state count time was 0.0003064470 seconds.
Empirical state frequencies: 0.1021997307 0.0440065706 0.0370819840 0.0608719338 0.0157422726 0.0370087432 0.0504317879 0.0695809330 0.0348115186 0.0586547345 0.1016870449 0.0586747092 0.0165745546 0.0420623598 0.0506182191 0.0547796293 0.0662251719 0.0072596541 0.0281665789 0.0635618693 
Optimizing NNI: done in 19.3076 secs using 385.2% CPU
UFBoot tree 846: -156720.3593750000 -> -155909.6649151716
Alignment state count time was 0.0003158350 seconds.
Empirical state frequencies: 0.1127975120 0.0514981409 0.0325041670 0.0600489336 0.0114846365 0.0368426430 0.0557595196 0.0944483520 0.0329246978 0.0483441600 0.0839140558 0.0596634470 0.0137695205 0.0338148213 0.0572103508 0.0621726141 0.0644294626 0.0101529557 0.0214512162 0.0567687935 
Optimizing NNI: done in 10.6137 secs using 399.2% CPU
UFBoot tree 847: -150777.3125000000 -> -150041.2342578186
Alignment state count time was 0.0003182810 seconds.
Empirical state frequencies: 0.0940654986 0.0432867792 0.0317069580 0.0604024502 0.0163830838 0.0350097476 0.0471979774 0.0929222252 0.0375236118 0.0539372729 0.0956700927 0.0516440404 0.0168109755 0.0432466643 0.0507147130 0.0558561001 0.0606832542 0.0115559297 0.0341472783 0.0672353470 
Optimizing NNI: done in 31.2214 secs using 375.6% CPU
UFBoot tree 848: -151688.4843750000 -> -150907.9725145857
Alignment state count time was 0.0009278209 seconds.
Empirical state frequencies: 0.1042375087 0.0501601717 0.0351590732 0.0464275371 0.0164676763 0.0379673691 0.0529402435 0.0629245118 0.0270375942 0.0584721632 0.1028474728 0.0560942844 0.0259721352 0.0412484184 0.0583169307 0.0605678011 0.0611463947 0.0077746597 0.0291402882 0.0650977659 
Optimizing NNI: done in 14.8442 secs using 398.7% CPU
UFBoot tree 849: -149360.7500000000 -> -148416.0772271956
Alignment state count time was 0.0003134321 seconds.
Empirical state frequencies: 0.1137679527 0.0484418065 0.0287380039 0.0570537659 0.0200058077 0.0370644010 0.0544160715 0.0735863233 0.0261228539 0.0580006306 0.0971151585 0.0530934669 0.0246875274 0.0426478966 0.0522743539 0.0535368401 0.0525599162 0.0146928449 0.0315635683 0.0606308102 
Optimizing NNI: done in 22.8189 secs using 385.3% CPU
UFBoot tree 850: -137793.8750000000 -> -136911.3600760508
Alignment state count time was 0.0003369580 seconds.
Empirical state frequencies: 0.1061138267 0.0443287397 0.0301593225 0.0590291607 0.0120492981 0.0316964387 0.0462221874 0.0947112187 0.0319829013 0.0579881138 0.0882203959 0.0545994711 0.0195811678 0.0393820201 0.0569121324 0.0585121307 0.0679933433 0.0131741877 0.0277069233 0.0596370203 
Optimizing NNI: done in 20.927 secs using 399% CPU
UFBoot tree 851: -150945.1250000000 -> -150205.3233259974
Alignment state count time was 0.0003390571 seconds.
Empirical state frequencies: 0.0996389687 0.0388301745 0.0357369399 0.0632985395 0.0118032916 0.0259902053 0.0437712274 0.0786631836 0.0424716628 0.0630074911 0.1122285009 0.0456596572 0.0170556986 0.0415376007 0.0503638104 0.0576738614 0.0724902517 0.0092853852 0.0317976347 0.0586959148 
Optimizing NNI: done in 19.02 secs using 398.9% CPU
UFBoot tree 852: -148029.4062500000 -> -147322.2171195022
Alignment state count time was 0.0003250790 seconds.
Empirical state frequencies: 0.1095721220 0.0455842192 0.0299789490 0.0586154241 0.0130376831 0.0290556430 0.0481023264 0.0755706795 0.0382327450 0.0600493463 0.1002761094 0.0519774137 0.0165350543 0.0405410099 0.0549012159 0.0632949067 0.0630221118 0.0092815065 0.0292724801 0.0630990540 
Optimizing NNI: done in 10.3586 secs using 398.9% CPU
UFBoot tree 853: -147966.5312500000 -> -147251.0841848914
Alignment state count time was 0.0003648710 seconds.
Empirical state frequencies: 0.0971888231 0.0411282082 0.0404470593 0.0699497491 0.0165518070 0.0313925957 0.0460407363 0.0757154334 0.0317434906 0.0604136652 0.0985373602 0.0496597696 0.0189805499 0.0411006870 0.0609296870 0.0610397717 0.0593541003 0.0135175985 0.0261498136 0.0601590944 
Optimizing NNI: done in 19.5538 secs using 399.4% CPU
UFBoot tree 854: -150666.5156250000 -> -149620.9643058484
Alignment state count time was 0.0003361690 seconds.
Empirical state frequencies: 0.0948909361 0.0476757698 0.0393891115 0.0619530349 0.0144873903 0.0340247005 0.0496448078 0.0754510341 0.0338855458 0.0535759261 0.1019321604 0.0560598363 0.0330506181 0.0328210129 0.0539029395 0.0597613495 0.0611528958 0.0108137080 0.0243952000 0.0611320226 
Optimizing NNI: done in 10.8521 secs using 399.1% CPU
UFBoot tree 855: -148726.3437500000 -> -147996.5013105750
Alignment state count time was 0.0003154981 seconds.
Empirical state frequencies: 0.1029881358 0.0431288971 0.0437643748 0.0586152130 0.0166736831 0.0345223184 0.0460368984 0.0676016969 0.0362629747 0.0539527405 0.1079061808 0.0537800564 0.0144080669 0.0406491525 0.0544707930 0.0635747021 0.0587602677 0.0106849963 0.0280846527 0.0641341988 
Optimizing NNI: done in 13.9063 secs using 373.1% CPU
UFBoot tree 856: -147795.3125000000 -> -147154.8168508251
Alignment state count time was 0.0003151080 seconds.
Empirical state frequencies: 0.1094889261 0.0383443022 0.0311389871 0.0519162923 0.0199571209 0.0364573623 0.0420133520 0.0543064162 0.0302025058 0.0687310237 0.1183924870 0.0503787857 0.0199501322 0.0454168326 0.0497917377 0.0565707441 0.0597016667 0.0127797605 0.0416499414 0.0628116232 
Optimizing NNI: done in 18.0157 secs using 391.3% CPU
UFBoot tree 857: -150146.2031250000 -> -149300.4998968063
Alignment state count time was 0.0005019739 seconds.
Empirical state frequencies: 0.0944215862 0.0423154244 0.0384291280 0.0542654472 0.0078397779 0.0353079040 0.0464522312 0.0792961749 0.0335881840 0.0583751718 0.1005150823 0.0480907046 0.0244750221 0.0430669556 0.0528910254 0.0612932794 0.0755385190 0.0101079125 0.0344141912 0.0593162784 
Optimizing NNI: done in 19.4159 secs using 399% CPU
UFBoot tree 858: -150609.7500000000 -> -149750.7267214705
Alignment state count time was 0.0003384630 seconds.
Empirical state frequencies: 0.0947126827 0.0498559888 0.0331506856 0.0526239969 0.0119043529 0.0325222730 0.0507387589 0.0953635387 0.0320434824 0.0530504198 0.0987300351 0.0532075229 0.0248466612 0.0415594455 0.0546887813 0.0490255863 0.0616611694 0.0174628125 0.0337641361 0.0590876699 
Optimizing NNI: done in 12.7529 secs using 399% CPU
UFBoot tree 859: -131740.4531250000 -> -130924.8993288938
Alignment state count time was 0.0003039180 seconds.
Empirical state frequencies: 0.1141034191 0.0438567718 0.0328079273 0.0602288296 0.0194645943 0.0369238867 0.0473655742 0.0916668518 0.0421623804 0.0513615142 0.0917445114 0.0554704135 0.0165276491 0.0410610259 0.0477185725 0.0567270872 0.0607724469 0.0055705841 0.0250631462 0.0594028138 
Optimizing NNI: done in 18.5603 secs using 383% CPU
UFBoot tree 860: -143911.7343750000 -> -143156.1426134304
Alignment state count time was 0.0005173379 seconds.
Empirical state frequencies: 0.1079414222 0.0455573601 0.0328962583 0.0528163918 0.0097616117 0.0323405766 0.0466546555 0.0828935425 0.0304765810 0.0654774935 0.1089683782 0.0515643495 0.0196865087 0.0451282894 0.0453955793 0.0573814223 0.0568820122 0.0112246724 0.0270299478 0.0699229471 
Optimizing NNI: done in 23.1138 secs using 399.3% CPU
UFBoot tree 861: -142530.0937500000 -> -141646.7578192385
Alignment state count time was 0.0003162480 seconds.
Empirical state frequencies: 0.1118010949 0.0399814664 0.0356973242 0.0622991699 0.0142364491 0.0288293086 0.0484225654 0.0783111516 0.0303823102 0.0639927449 0.0997519448 0.0510867664 0.0161710071 0.0416014077 0.0436162933 0.0572184450 0.0626405625 0.0094569529 0.0361859841 0.0683170510 
Optimizing NNI: done in 11.8083 secs using 399.5% CPU
UFBoot tree 862: -157794.4687500000 -> -156888.0466866844
Alignment state count time was 0.0003114571 seconds.
Empirical state frequencies: 0.1073949400 0.0445226875 0.0377468243 0.0509857223 0.0125891641 0.0318218543 0.0475508664 0.0790464301 0.0410377791 0.0521119046 0.0969527279 0.0521306743 0.0180136086 0.0454236333 0.0463120660 0.0657011704 0.0628231491 0.0155860602 0.0253775892 0.0668711486 
Optimizing NNI: done in 15.2563 secs using 399.5% CPU
UFBoot tree 863: -164491.0937500000 -> -163589.2230458636
Alignment state count time was 0.0003191660 seconds.
Empirical state frequencies: 0.0989514487 0.0430274209 0.0442683387 0.0592558678 0.0142105525 0.0279709519 0.0445785681 0.0754705268 0.0392564096 0.0577667665 0.0964902951 0.0556985702 0.0222351541 0.0465640366 0.0365194965 0.0692866199 0.0561122095 0.0117700809 0.0394563353 0.0611103505 
Optimizing NNI: done in 23.9992 secs using 385.6% CPU
UFBoot tree 864: -150591.4218750000 -> -149785.5255419592
Alignment state count time was 0.0005450160 seconds.
Empirical state frequencies: 0.1032855659 0.0462745691 0.0363454976 0.0580501232 0.0175898334 0.0351415639 0.0489665108 0.0782802681 0.0300011727 0.0586520901 0.0815065400 0.0536875543 0.0240626681 0.0406742481 0.0480804697 0.0617904342 0.0660583116 0.0124967879 0.0325510773 0.0665047140 
Optimizing NNI: done in 18.303 secs using 399.1% CPU
UFBoot tree 865: -151076.1562500000 -> -150215.8012043183
Alignment state count time was 0.0005155040 seconds.
Empirical state frequencies: 0.1060234728 0.0424061006 0.0276131539 0.0507932044 0.0140663711 0.0294193916 0.0449404342 0.0762485543 0.0302875058 0.0552527913 0.1075146690 0.0491059823 0.0274451318 0.0432112066 0.0521653850 0.0613996002 0.0673643852 0.0145634365 0.0290203391 0.0711588845 
Optimizing NNI: done in 14.3162 secs using 399% CPU
UFBoot tree 866: -142313.2187500000 -> -141548.3852064981
Alignment state count time was 0.0003162390 seconds.
Empirical state frequencies: 0.1157738057 0.0471503210 0.0317495081 0.0579696563 0.0122324139 0.0351538983 0.0466075921 0.0747237672 0.0354076417 0.0611696422 0.1001756369 0.0555590943 0.0192808408 0.0449230181 0.0397565211 0.0602462983 0.0584841915 0.0122183170 0.0295644958 0.0618533396 
Optimizing NNI: done in 15.9545 secs using 394.6% CPU
UFBoot tree 867: -144590.1875000000 -> -143749.2359492971
Alignment state count time was 0.0003057530 seconds.
Empirical state frequencies: 0.1220882853 0.0442931183 0.0370354979 0.0636807504 0.0114707339 0.0324553143 0.0491383275 0.1027618130 0.0279226993 0.0482413182 0.0846109665 0.0539427634 0.0147937455 0.0326252024 0.0514420103 0.0636399772 0.0698239047 0.0096087602 0.0234308574 0.0569939540 
Optimizing NNI: done in 26.5269 secs using 399% CPU
UFBoot tree 868: -149217.4375000000 -> -148406.3872699700
Alignment state count time was 0.0003257879 seconds.
Empirical state frequencies: 0.1064172608 0.0461985919 0.0389449961 0.0489778032 0.0139975737 0.0360130010 0.0436230925 0.0701856587 0.0378682336 0.0540560478 0.0931032383 0.0485267270 0.0181663905 0.0344415098 0.0560131364 0.0657840283 0.0751474965 0.0091157654 0.0390614028 0.0643580455 
Optimizing NNI: done in 18.322 secs using 385.5% CPU
UFBoot tree 869: -139119.6562500000 -> -138218.4564388673
Alignment state count time was 0.0009715339 seconds.
Empirical state frequencies: 0.1057048428 0.0408112842 0.0356733998 0.0646232647 0.0152508466 0.0340467613 0.0527495206 0.0798577728 0.0194643418 0.0643437982 0.1028671827 0.0511802086 0.0229827536 0.0381241062 0.0412340669 0.0613628220 0.0670309762 0.0134378971 0.0260783827 0.0631757714 
Optimizing NNI: done in 13.4377 secs using 398.9% CPU
UFBoot tree 870: -144028.3750000000 -> -143051.4671104801
Alignment state count time was 0.0004212270 seconds.
Empirical state frequencies: 0.1022566698 0.0484664248 0.0345017157 0.0533045917 0.0131835427 0.0345085881 0.0507411879 0.0720112542 0.0273750408 0.0624861130 0.0935768334 0.0604931181 0.0160218423 0.0420407343 0.0515383859 0.0582252274 0.0657298840 0.0137745688 0.0352782965 0.0644859803 
Optimizing NNI: done in 14.3175 secs using 396.6% CPU
UFBoot tree 871: -150794.2187500000 -> -149934.7048616874
Alignment state count time was 0.0003021240 seconds.
Empirical state frequencies: 0.1203723376 0.0447170420 0.0338438696 0.0605897548 0.0129981041 0.0353669083 0.0499284834 0.0797138243 0.0398698056 0.0513521936 0.0844021349 0.0522527730 0.0180704854 0.0361549154 0.0477432539 0.0585700730 0.0627816063 0.0188452486 0.0322148803 0.0602123061 
Optimizing NNI: done in 18.9408 secs using 386.2% CPU
UFBoot tree 872: -153493.2812500000 -> -152699.2135290699
Alignment state count time was 0.0009205000 seconds.
Empirical state frequencies: 0.0973957326 0.0446586009 0.0351970455 0.0561977893 0.0176783277 0.0333003909 0.0507249998 0.0787404699 0.0313096275 0.0613810133 0.1052646773 0.0514923486 0.0190320468 0.0488862584 0.0539753735 0.0578555523 0.0629953414 0.0067906618 0.0245193146 0.0626044278 
Optimizing NNI: done in 14.5278 secs using 399% CPU
UFBoot tree 873: -143582.8125000000 -> -142655.0742329948
Alignment state count time was 0.0004910750 seconds.
Empirical state frequencies: 0.0982549165 0.0468726253 0.0378454401 0.0597915615 0.0135237436 0.0338069625 0.0447346077 0.0930705733 0.0265754325 0.0544535045 0.0925116144 0.0491364086 0.0158783577 0.0464953281 0.0511556474 0.0600221320 0.0713061135 0.0109385590 0.0376078826 0.0560185893 
Optimizing NNI: done in 18.0333 secs using 399.1% CPU
UFBoot tree 874: -147150.0468750000 -> -146341.8233348405
Alignment state count time was 0.0005003250 seconds.
Empirical state frequencies: 0.1134840444 0.0455804222 0.0323887428 0.0538791637 0.0113829684 0.0333115629 0.0483223264 0.0739488401 0.0430376879 0.0584003181 0.0966475577 0.0559704466 0.0175306761 0.0363190268 0.0482360195 0.0555389120 0.0642758270 0.0120601457 0.0326742195 0.0670110922 
Optimizing NNI: done in 19.361 secs using 393.2% CPU
UFBoot tree 875: -150757.6718750000 -> -150001.8913557060
Alignment state count time was 0.0002971740 seconds.
Empirical state frequencies: 0.1065246021 0.0436214838 0.0349314633 0.0631637337 0.0166316255 0.0328241676 0.0493530534 0.0688266617 0.0394961265 0.0598071618 0.0825343797 0.0498472725 0.0142703561 0.0392421527 0.0539108524 0.0640011606 0.0665546263 0.0163227385 0.0355492372 0.0625871446 
Optimizing NNI: done in 14.0827 secs using 399% CPU
UFBoot tree 876: -145009.4687500000 -> -144278.0300159215
Alignment state count time was 0.0004762310 seconds.
Empirical state frequencies: 0.1110315873 0.0512686319 0.0385279897 0.0502328662 0.0163133510 0.0336968309 0.0493492060 0.0663488007 0.0335954273 0.0571138270 0.1001524261 0.0594533537 0.0149951037 0.0378036780 0.0470314086 0.0628938341 0.0728024177 0.0125469303 0.0261495034 0.0586928264 
Optimizing NNI: done in 16.0086 secs using 399.2% CPU
UFBoot tree 877: -143048.7968750000 -> -142282.1572177280
Alignment state count time was 0.0003142089 seconds.
Empirical state frequencies: 0.1108264182 0.0419984616 0.0311469627 0.0581230154 0.0130679175 0.0353070433 0.0498842914 0.0852755153 0.0382252075 0.0546890827 0.0929916844 0.0520559485 0.0160335867 0.0370986603 0.0535625356 0.0622220182 0.0591206204 0.0123689154 0.0297557449 0.0662463702 
Optimizing NNI: done in 14.4611 secs using 366.2% CPU
UFBoot tree 878: -151686.2500000000 -> -150819.3869141057
Alignment state count time was 0.0003191150 seconds.
Empirical state frequencies: 0.0944485919 0.0520725231 0.0305191178 0.0580854848 0.0121740172 0.0334838419 0.0485997594 0.0621358825 0.0331358696 0.0605004126 0.0997238523 0.0542995460 0.0171013052 0.0468390195 0.0499777298 0.0648083099 0.0629849350 0.0130439480 0.0425032844 0.0635625690 
Optimizing NNI: done in 12.595 secs using 373.9% CPU
UFBoot tree 879: -146400.4062500000 -> -145710.7944199216
Alignment state count time was 0.0003618889 seconds.
Empirical state frequencies: 0.1098873673 0.0447051552 0.0334427640 0.0626530787 0.0145822343 0.0320254588 0.0455486246 0.0765703244 0.0341203051 0.0561058200 0.0971247068 0.0534647927 0.0208875140 0.0427554963 0.0463506119 0.0577443631 0.0637730955 0.0098463608 0.0330486840 0.0653632428 
Optimizing NNI: done in 26.2571 secs using 380% CPU
UFBoot tree 880: -148555.1718750000 -> -147707.1448041419
Alignment state count time was 0.0006214121 seconds.
Empirical state frequencies: 0.1012896591 0.0461903467 0.0323961050 0.0472986865 0.0197243221 0.0321278444 0.0498189241 0.0876507261 0.0346127846 0.0530309916 0.0902909751 0.0558689063 0.0198090360 0.0410016222 0.0531933599 0.0595821975 0.0717809947 0.0120718359 0.0326643656 0.0595963165 
Optimizing NNI: done in 29.0587 secs using 385.5% CPU
UFBoot tree 881: -144123.8281250000 -> -143217.2408499368
Alignment state count time was 0.0003756090 seconds.
Empirical state frequencies: 0.1083979218 0.0418926713 0.0363401134 0.0566026582 0.0139186073 0.0301603343 0.0438667674 0.0772613427 0.0437413231 0.0610988436 0.0914233363 0.0551963623 0.0178205832 0.0397601193 0.0519084029 0.0564177930 0.0644858379 0.0097459360 0.0373436672 0.0626173790 
Optimizing NNI: done in 19.2452 secs using 374.2% CPU
UFBoot tree 882: -152699.2656250000 -> -152034.2983932606
Alignment state count time was 0.0003418870 seconds.
Empirical state frequencies: 0.1052551941 0.0481085615 0.0339271587 0.0564798696 0.0182581471 0.0309589581 0.0468454975 0.0729558388 0.0204544752 0.0522696560 0.0917474255 0.0601778405 0.0202790496 0.0464034250 0.0520451113 0.0670054036 0.0612374110 0.0145391251 0.0380461510 0.0630057007 
Optimizing NNI: done in 12.4134 secs using 399.1% CPU
UFBoot tree 883: -145342.8437500000 -> -144436.8609982875
Alignment state count time was 0.0002947199 seconds.
Empirical state frequencies: 0.0965907688 0.0427158045 0.0369566271 0.0512532030 0.0118925670 0.0354248511 0.0498565837 0.0784797704 0.0351845725 0.0578308293 0.1008857486 0.0509153112 0.0208879966 0.0468380840 0.0523795089 0.0537611108 0.0631995540 0.0111942574 0.0305742271 0.0731786240 
Optimizing NNI: done in 16.7606 secs using 399.1% CPU
UFBoot tree 884: -138933.2031250000 -> -138065.2896513336
Alignment state count time was 0.0003194360 seconds.
Empirical state frequencies: 0.1004290763 0.0482473443 0.0251254390 0.0567320663 0.0163569702 0.0391120809 0.0576801959 0.0791619063 0.0291324977 0.0567043837 0.1093636408 0.0562683825 0.0168552573 0.0381431893 0.0580608319 0.0518737671 0.0562060966 0.0124952452 0.0358455322 0.0562060966 
Optimizing NNI: done in 28.4567 secs using 399.2% CPU
UFBoot tree 885: -147683.0625000000 -> -146890.3040715934
Alignment state count time was 0.0006197289 seconds.
Empirical state frequencies: 0.1031794957 0.0475768796 0.0326674286 0.0478579375 0.0139636963 0.0370439012 0.0474831937 0.0684420808 0.0468006245 0.0602445595 0.0916828903 0.0547706228 0.0194777841 0.0454221026 0.0508023533 0.0598831994 0.0663274549 0.0098950490 0.0348355893 0.0616431570 
Optimizing NNI: done in 14.3964 secs using 399.1% CPU
UFBoot tree 886: -152430.5937500000 -> -151972.9750249930
Alignment state count time was 0.0003220399 seconds.
Empirical state frequencies: 0.1108592516 0.0393856403 0.0314262919 0.0512778433 0.0133003808 0.0371382949 0.0476325955 0.0842054671 0.0410243297 0.0563076164 0.0873892065 0.0473851199 0.0215005162 0.0385495743 0.0550234190 0.0686613278 0.0682332620 0.0126047738 0.0296404549 0.0584546339 
Optimizing NNI: done in 11.0015 secs using 399.2% CPU
UFBoot tree 887: -149785.7812500000 -> -148971.8432597634
Alignment state count time was 0.0003691530 seconds.
Empirical state frequencies: 0.0992424869 0.0451631465 0.0322877541 0.0618614469 0.0151856254 0.0355318414 0.0552992369 0.0854921331 0.0223333864 0.0512542234 0.0985694397 0.0539464121 0.0225891443 0.0347174544 0.0603605517 0.0617604898 0.0691438173 0.0107435140 0.0259880325 0.0585298634 
Optimizing NNI: done in 22.3006 secs using 398.3% CPU
UFBoot tree 888: -152426.3437500000 -> -151560.7371340236
Alignment state count time was 0.0003067061 seconds.
Empirical state frequencies: 0.1077165423 0.0455155047 0.0384362387 0.0665300500 0.0141953342 0.0349002066 0.0525947706 0.0679703889 0.0412665048 0.0496852859 0.0887328749 0.0585865807 0.0132807189 0.0387459116 0.0686689533 0.0582120925 0.0650176941 0.0128486172 0.0253363560 0.0517593740 
Optimizing NNI: done in 20.8052 secs using 398.1% CPU
UFBoot tree 889: -145573.8750000000 -> -145008.3740639320
Alignment state count time was 0.0003289770 seconds.
Empirical state frequencies: 0.1033340761 0.0438046064 0.0434449506 0.0503619037 0.0110373873 0.0313001424 0.0446587891 0.0800078236 0.0390455885 0.0582679105 0.1040148533 0.0509078100 0.0195471022 0.0420705513 0.0440229689 0.0611708472 0.0608561483 0.0123026053 0.0353141588 0.0645297762 
Optimizing NNI: done in 21.7495 secs using 397.7% CPU
UFBoot tree 890: -159741.1093750000 -> -159030.1870161272
Alignment state count time was 0.0004598650 seconds.
Empirical state frequencies: 0.1042922542 0.0406658890 0.0332103458 0.0584274138 0.0095402493 0.0355451269 0.0455861179 0.0882495867 0.0286482122 0.0557202136 0.0868530152 0.0547318707 0.0155347639 0.0471474132 0.0555912993 0.0618364806 0.0784234529 0.0145535829 0.0313840600 0.0540586516 
Optimizing NNI: done in 15.0394 secs using 396.7% CPU
UFBoot tree 891: -141588.8281250000 -> -140707.3241262146
Alignment state count time was 0.0003218619 seconds.
Empirical state frequencies: 0.1064485161 0.0426211441 0.0321559998 0.0601988692 0.0156076331 0.0343862765 0.0565317797 0.0918301965 0.0267232747 0.0522070446 0.0904219769 0.0497122800 0.0190102347 0.0398332983 0.0566032630 0.0597699698 0.0681763972 0.0118190222 0.0316413206 0.0543015031 
Optimizing NNI: done in 16.8532 secs using 398.4% CPU
UFBoot tree 892: -142823.8437500000 -> -142078.9044262425
Alignment state count time was 0.0005273210 seconds.
Empirical state frequencies: 0.1113857676 0.0404469972 0.0400647497 0.0676693920 0.0130334787 0.0316871580 0.0521119176 0.0845392495 0.0423136393 0.0486143527 0.0913368847 0.0514812092 0.0132883104 0.0382681863 0.0438107754 0.0629932305 0.0663187840 0.0132373440 0.0313877308 0.0560108424 
Optimizing NNI: done in 14.148 secs using 399% CPU
UFBoot tree 893: -159328.3906250000 -> -158844.9123982733
Alignment state count time was 0.0003221720 seconds.
Empirical state frequencies: 0.1038374797 0.0439663636 0.0329670772 0.0641525541 0.0117045676 0.0319046461 0.0496257187 0.0780474861 0.0433830681 0.0568196965 0.0942200481 0.0569516324 0.0189263213 0.0424317410 0.0465356414 0.0572293921 0.0635206507 0.0109198963 0.0300367117 0.0628193073 
Optimizing NNI: done in 14.0154 secs using 399.1% CPU
UFBoot tree 894: -147998.5937500000 -> -147300.9153425199
Alignment state count time was 0.0004728060 seconds.
Empirical state frequencies: 0.1093137192 0.0482548336 0.0346539433 0.0672420816 0.0122242863 0.0364966445 0.0523384757 0.0813424588 0.0350454329 0.0503135292 0.0870865569 0.0483425813 0.0164564244 0.0354774215 0.0513057530 0.0612752394 0.0698340131 0.0103005872 0.0377656110 0.0549304071 
Optimizing NNI: done in 18.7391 secs using 367.3% CPU
UFBoot tree 895: -155202.4062500000 -> -154352.1735446466
Alignment state count time was 0.0003187549 seconds.
Empirical state frequencies: 0.1076873378 0.0396494239 0.0379079353 0.0623733821 0.0136469548 0.0283473746 0.0421805753 0.0839128460 0.0372099298 0.0577482140 0.0893840814 0.0575296466 0.0152544827 0.0456988052 0.0531512482 0.0574097871 0.0676048983 0.0090429385 0.0339173178 0.0603428205 
Optimizing NNI: done in 19.1756 secs using 398.5% CPU
UFBoot tree 896: -146066.5312500000 -> -145286.0068066502
Alignment state count time was 0.0005314000 seconds.
Empirical state frequencies: 0.1037682434 0.0461232569 0.0366256232 0.0595961750 0.0114219168 0.0355090459 0.0520424621 0.0876585885 0.0408901415 0.0430291270 0.0899522805 0.0580625628 0.0149868926 0.0441793362 0.0556141643 0.0619773098 0.0636790813 0.0117044243 0.0355359514 0.0476434165 
Optimizing NNI: done in 18.1132 secs using 391.5% CPU
UFBoot tree 897: -150643.9687500000 -> -150086.2694783695
Alignment state count time was 0.0005204489 seconds.
Empirical state frequencies: 0.1024817078 0.0380167928 0.0339632322 0.0653765765 0.0190231662 0.0360075150 0.0514516508 0.0739807663 0.0361545353 0.0555822220 0.1059891929 0.0525368008 0.0246869494 0.0380517977 0.0469920340 0.0533629151 0.0668187759 0.0101109337 0.0317019195 0.0577105163 
Optimizing NNI: done in 25.0773 secs using 399.1% CPU
UFBoot tree 898: -146746.0312500000 -> -145976.0602972379
Alignment state count time was 0.0003311210 seconds.
Empirical state frequencies: 0.1037552328 0.0438571721 0.0308290162 0.0648346001 0.0146028019 0.0351214921 0.0487525606 0.0763947948 0.0386013466 0.0583926096 0.1033030483 0.0510462500 0.0226634819 0.0367336281 0.0501812015 0.0507251335 0.0643824156 0.0127809572 0.0293282880 0.0637139690 
Optimizing NNI: done in 20.3391 secs using 374% CPU
UFBoot tree 899: -156121.6250000000 -> -155434.3905441929
Alignment state count time was 0.0009862800 seconds.
Empirical state frequencies: 0.1011828834 0.0421451201 0.0330115389 0.0659492941 0.0130598171 0.0340066372 0.0471703668 0.0757439050 0.0375321285 0.0575336053 0.0996262653 0.0544203690 0.0180708480 0.0411358061 0.0536242903 0.0513924269 0.0685720891 0.0125196208 0.0336583528 0.0596446353 
Optimizing NNI: done in 17.0353 secs using 372.6% CPU
UFBoot tree 900: -145575.3906250000 -> -145032.1815453002
900 samples done
Alignment state count time was 0.0003146901 seconds.
Empirical state frequencies: 0.1091966675 0.0498271204 0.0403859912 0.0617089029 0.0095235368 0.0391787863 0.0461333360 0.0902488001 0.0498927294 0.0449589356 0.0874013713 0.0601277270 0.0155989264 0.0376500976 0.0429381797 0.0582185063 0.0595766117 0.0153299297 0.0300985064 0.0520053378 
Optimizing NNI: done in 13.1012 secs using 399.3% CPU
UFBoot tree 901: -151228.4531250000 -> -150789.0239141515
Alignment state count time was 0.0004157290 seconds.
Empirical state frequencies: 0.1008658757 0.0406123390 0.0329757577 0.0566270434 0.0180018139 0.0324813964 0.0491856048 0.0850072853 0.0267442033 0.0596192303 0.1047687281 0.0557423969 0.0188734509 0.0434744307 0.0452827524 0.0574011092 0.0524574961 0.0123036494 0.0425702699 0.0650051666 
Optimizing NNI: done in 22.8777 secs using 372.7% CPU
UFBoot tree 902: -159322.4375000000 -> -158512.4745108924
Alignment state count time was 0.0003440069 seconds.
Empirical state frequencies: 0.1157902648 0.0432992201 0.0318852533 0.0591745852 0.0112613040 0.0333746123 0.0540519916 0.0670688560 0.0264754738 0.0635625175 0.1062396665 0.0507727302 0.0174725322 0.0397728453 0.0494169460 0.0617125065 0.0616857915 0.0125903732 0.0306296502 0.0637628797 
Optimizing NNI: done in 17.6377 secs using 397.2% CPU
UFBoot tree 903: -154598.9218750000 -> -153715.5096031760
Alignment state count time was 0.0005709140 seconds.
Empirical state frequencies: 0.1153289048 0.0508322751 0.0321088990 0.0418606573 0.0114651766 0.0346218521 0.0499921236 0.0784597567 0.0361371253 0.0569233734 0.0984058533 0.0576209992 0.0154483948 0.0373373417 0.0649348180 0.0615442066 0.0660300155 0.0091697627 0.0227697150 0.0590087494 
Optimizing NNI: done in 22.9256 secs using 386.3% CPU
UFBoot tree 904: -144825.0625000000 -> -144054.3460882676
Alignment state count time was 0.0003409110 seconds.
Empirical state frequencies: 0.1023985591 0.0420400384 0.0301879373 0.0466129472 0.0134851942 0.0306142254 0.0454438844 0.0792304463 0.0489898264 0.0539308931 0.1059638778 0.0472459205 0.0211971336 0.0467485843 0.0470327764 0.0580839726 0.0686442917 0.0084795384 0.0345670787 0.0691028743 
Optimizing NNI: done in 15.6031 secs using 399.2% CPU
UFBoot tree 905: -154800.7031250000 -> -154242.2917755999
Alignment state count time was 0.0003028890 seconds.
Empirical state frequencies: 0.1124280035 0.0391216053 0.0390555575 0.0637309971 0.0166125319 0.0347756633 0.0486126670 0.0662672307 0.0306146550 0.0604286096 0.1047268358 0.0504421897 0.0225304103 0.0388111808 0.0524764604 0.0619741269 0.0542465401 0.0102983669 0.0311364322 0.0617099359 
Optimizing NNI: done in 20.3954 secs using 398.9% CPU
UFBoot tree 906: -155273.8125000000 -> -154465.4203284912
Alignment state count time was 0.0003306320 seconds.
Empirical state frequencies: 0.1069008133 0.0441565539 0.0387162599 0.0698275060 0.0179012223 0.0359195871 0.0531170380 0.0973142084 0.0339855696 0.0494855374 0.0851883359 0.0551554090 0.0136296872 0.0341107937 0.0543344950 0.0602687287 0.0643524276 0.0083841864 0.0277730600 0.0494785805 
Optimizing NNI: done in 13.6649 secs using 399.1% CPU
UFBoot tree 907: -151192.9375000000 -> -150524.1846988040
Alignment state count time was 0.0003171430 seconds.
Empirical state frequencies: 0.1033194279 0.0437395147 0.0365695353 0.0621641484 0.0131010994 0.0358451594 0.0481796703 0.0894690935 0.0402517791 0.0493802562 0.0878593694 0.0523247099 0.0184131889 0.0395609392 0.0547862463 0.0648403147 0.0643641047 0.0108407784 0.0283733567 0.0566173075 
Optimizing NNI: done in 22.7957 secs using 359.3% CPU
UFBoot tree 908: -155374.2187500000 -> -154601.7636739397
Alignment state count time was 0.0007223821 seconds.
Empirical state frequencies: 0.1080294088 0.0424733879 0.0353012715 0.0615442303 0.0144082867 0.0301431018 0.0509127837 0.0780188626 0.0331366213 0.0562764581 0.1050838405 0.0480357169 0.0236560013 0.0412951605 0.0563175591 0.0631334672 0.0539268536 0.0100241850 0.0333763768 0.0549064263 
Optimizing NNI: done in 15.597 secs using 398.2% CPU
UFBoot tree 909: -149848.8437500000 -> -149135.9896726237
Alignment state count time was 0.0003200240 seconds.
Empirical state frequencies: 0.1167561144 0.0430293689 0.0350415314 0.0527804966 0.0159834130 0.0302952313 0.0444346980 0.0913872729 0.0341532574 0.0626907182 0.0936013291 0.0540731342 0.0165800149 0.0408086838 0.0447396279 0.0616168347 0.0663896504 0.0064444104 0.0265167522 0.0626774604 
Optimizing NNI: done in 12.1878 secs using 399.6% CPU
UFBoot tree 910: -158265.3125000000 -> -157507.7158154934
Alignment state count time was 0.0003142500 seconds.
Empirical state frequencies: 0.1110512933 0.0440726655 0.0350296854 0.0651513185 0.0116362025 0.0337460725 0.0465605667 0.0917898899 0.0386137054 0.0565121716 0.0856025877 0.0575145434 0.0144414013 0.0431712520 0.0478874473 0.0553872076 0.0534185205 0.0082396765 0.0325201502 0.0676536423 
Optimizing NNI: done in 18.9044 secs using 379.4% CPU
UFBoot tree 911: -143735.2812500000 -> -142977.1982291809
Alignment state count time was 0.0003176801 seconds.
Empirical state frequencies: 0.1018185436 0.0463452040 0.0375670634 0.0522989579 0.0140172484 0.0371029624 0.0435340774 0.0685027158 0.0415914828 0.0586637728 0.1033964873 0.0548316238 0.0154427017 0.0434677772 0.0492027406 0.0533730204 0.0698154588 0.0103243298 0.0257788959 0.0729249361 
Optimizing NNI: done in 23.8879 secs using 357.8% CPU
UFBoot tree 912: -153803.2500000000 -> -152769.7930617353
Alignment state count time was 0.0006107320 seconds.
Empirical state frequencies: 0.0975346977 0.0483497189 0.0355116058 0.0475227444 0.0147105280 0.0369054581 0.0475294135 0.0731923014 0.0389662253 0.0603541883 0.1138007537 0.0601807904 0.0176782996 0.0390929392 0.0442681993 0.0575864912 0.0620414832 0.0082681294 0.0294360105 0.0670700220 
Optimizing NNI: done in 20.0328 secs using 357.3% CPU
UFBoot tree 913: -157549.4687500000 -> -156831.1554293911
Alignment state count time was 0.0041104970 seconds.
Empirical state frequencies: 0.0976498211 0.0471654513 0.0292108705 0.0526003874 0.0101852680 0.0339872280 0.0471388421 0.0819171113 0.0427150569 0.0581018466 0.0971309410 0.0549686093 0.0206626540 0.0388567179 0.0562591571 0.0558866279 0.0680270910 0.0131987638 0.0288582981 0.0654792568 
Optimizing NNI: done in 11.8601 secs using 399.3% CPU
UFBoot tree 914: -158607.6562500000 -> -157871.7903971740
Alignment state count time was 0.0004822641 seconds.
Empirical state frequencies: 0.1034043172 0.0469273800 0.0343731734 0.0694800913 0.0164764619 0.0338701894 0.0519640162 0.0801311155 0.0324020202 0.0498773127 0.0907277632 0.0542342409 0.0188146574 0.0385397834 0.0504074849 0.0663602316 0.0635122551 0.0098629031 0.0305464174 0.0580881853 
Optimizing NNI: done in 11.0083 secs using 399% CPU
UFBoot tree 915: -156850.0312500000 -> -156087.6092664386
Alignment state count time was 0.0005576920 seconds.
Empirical state frequencies: 0.1013517404 0.0400103094 0.0393382751 0.0631056676 0.0138275856 0.0358383735 0.0479815682 0.0809578272 0.0409484960 0.0558729812 0.1026492325 0.0556667133 0.0198625870 0.0441423225 0.0482077975 0.0535042266 0.0556201366 0.0134283573 0.0282463817 0.0594394209 
Optimizing NNI: done in 21.4281 secs using 395.7% CPU
UFBoot tree 916: -151270.9062500000 -> -150609.1835241161
Alignment state count time was 0.0004936180 seconds.
Empirical state frequencies: 0.1025610274 0.0520085366 0.0351861106 0.0553673409 0.0135704648 0.0344831050 0.0472721254 0.0668497651 0.0295478640 0.0623476891 0.1013396440 0.0599262255 0.0230290851 0.0399296229 0.0489408760 0.0613180345 0.0695481703 0.0069096647 0.0320261361 0.0578385120 
Optimizing NNI: done in 28.3144 secs using 378.7% CPU
UFBoot tree 917: -145877.7187500000 -> -144940.8375433757
Alignment state count time was 0.0005205020 seconds.
Empirical state frequencies: 0.1113001091 0.0498467865 0.0347353137 0.0513929140 0.0158949450 0.0382683200 0.0534217691 0.0759770415 0.0246959787 0.0639018554 0.0942437338 0.0573885307 0.0163217042 0.0415634606 0.0456281670 0.0599350938 0.0606277029 0.0100812256 0.0315521099 0.0632232383 
Optimizing NNI: done in 24.4104 secs using 364.1% CPU
UFBoot tree 918: -151910.8437500000 -> -151015.3868427267
Alignment state count time was 0.0004557411 seconds.
Empirical state frequencies: 0.0972961712 0.0496217714 0.0364277493 0.0509118535 0.0140272318 0.0379784541 0.0468787179 0.0763746873 0.0389623046 0.0553815321 0.0967423480 0.0543064637 0.0182428033 0.0394900655 0.0486900454 0.0575251535 0.0715010435 0.0142683077 0.0296515602 0.0657217361 
Optimizing NNI: done in 13.3161 secs using 399.1% CPU
UFBoot tree 919: -155416.8437500000 -> -154572.9251087980
Alignment state count time was 0.0003634191 seconds.
Empirical state frequencies: 0.1180763456 0.0417661938 0.0363986540 0.0561316824 0.0152798243 0.0329374040 0.0482853150 0.0718114049 0.0352080360 0.0612650023 0.0899764611 0.0522345231 0.0210572491 0.0425664452 0.0553899860 0.0533991166 0.0629045418 0.0049155928 0.0328853551 0.0675108669 
Optimizing NNI: done in 16.1286 secs using 398.5% CPU
UFBoot tree 920: -159271.4531250000 -> -158649.8947343384
Alignment state count time was 0.0009625179 seconds.
Empirical state frequencies: 0.1022912991 0.0477791212 0.0325008057 0.0560171676 0.0171359840 0.0357148415 0.0516718975 0.0683875459 0.0447514062 0.0482915037 0.1026306694 0.0553850073 0.0158051203 0.0373983842 0.0524770701 0.0568822290 0.0649339545 0.0111271343 0.0339913730 0.0648274854 
Optimizing NNI: done in 20.3743 secs using 377.3% CPU
UFBoot tree 921: -157889.4062500000 -> -157268.2092225415
Alignment state count time was 0.0004768370 seconds.
Empirical state frequencies: 0.1111926751 0.0463905024 0.0422193121 0.0496140093 0.0139686638 0.0309508728 0.0438656526 0.0875213434 0.0288341494 0.0546913785 0.0941897139 0.0552240180 0.0155804173 0.0443014486 0.0561509492 0.0569118628 0.0579079680 0.0118381056 0.0374393910 0.0612075662 
Optimizing NNI: done in 10.8029 secs using 398.7% CPU
UFBoot tree 922: -150920.7500000000 -> -150175.1215206455
Alignment state count time was 0.0004378950 seconds.
Empirical state frequencies: 0.1097820686 0.0461310804 0.0295062946 0.0605406346 0.0141825179 0.0325443266 0.0475305442 0.0871585763 0.0411239537 0.0498934579 0.0949646305 0.0508920703 0.0296469443 0.0343305768 0.0633887895 0.0631567176 0.0596334445 0.0058912224 0.0219112148 0.0577909344 
Optimizing NNI: done in 13.7504 secs using 398.3% CPU
UFBoot tree 923: -145544.6562500000 -> -145044.8578389248
Alignment state count time was 0.0005544231 seconds.
Empirical state frequencies: 0.1099743954 0.0435519887 0.0347577133 0.0509502403 0.0148222241 0.0310080070 0.0471533254 0.0780884030 0.0318172961 0.0520899892 0.0952992855 0.0552731932 0.0208244519 0.0439903537 0.0438015196 0.0623747054 0.0693076158 0.0142152572 0.0348386423 0.0658613928 
Optimizing NNI: done in 20.5145 secs using 398.8% CPU
UFBoot tree 924: -156797.1562500000 -> -156017.5925835960
Alignment state count time was 0.0003684041 seconds.
Empirical state frequencies: 0.0995498255 0.0492653020 0.0398651477 0.0559057780 0.0131108623 0.0370391309 0.0504461259 0.0766962393 0.0391221573 0.0522770663 0.0962660736 0.0551893230 0.0174692965 0.0354669103 0.0524163770 0.0629376507 0.0653656369 0.0106961437 0.0329062472 0.0580087059 
Optimizing NNI: done in 22.3436 secs using 399.1% CPU
UFBoot tree 925: -158968.0000000000 -> -158380.3027053879
Alignment state count time was 0.0003230030 seconds.
Empirical state frequencies: 0.0998616183 0.0445937759 0.0275466482 0.0472299296 0.0208543325 0.0327627178 0.0449733820 0.0678481669 0.0408258334 0.0580979129 0.0994046849 0.0499082618 0.0203763099 0.0409101903 0.0505409388 0.0589555416 0.0668429136 0.0140284517 0.0414444508 0.0729939391 
Optimizing NNI: done in 19.8522 secs using 399.1% CPU
UFBoot tree 926: -145583.7187500000 -> -145043.3024339179
Alignment state count time was 0.0003445650 seconds.
Empirical state frequencies: 0.1024183015 0.0415674832 0.0408019781 0.0639174973 0.0130797588 0.0323609177 0.0461673485 0.0794258099 0.0242821053 0.0509244157 0.1063141755 0.0535353348 0.0232842147 0.0470968904 0.0480195974 0.0661251593 0.0547109319 0.0172626972 0.0313903667 0.0573150161 
Optimizing NNI: done in 23.6456 secs using 399.2% CPU
UFBoot tree 927: -142499.9062500000 -> -141756.4538253586
Alignment state count time was 0.0003186450 seconds.
Empirical state frequencies: 0.1021981692 0.0375440412 0.0381318704 0.0524947329 0.0154544120 0.0304475974 0.0500442642 0.0773039574 0.0424095671 0.0539607647 0.1053356189 0.0403415416 0.0181173491 0.0466164411 0.0579693348 0.0583801070 0.0682598867 0.0137121713 0.0374732184 0.0538049546 
Optimizing NNI: done in 14.7643 secs using 399.4% CPU
UFBoot tree 928: -143157.4843750000 -> -142389.2232908924
Alignment state count time was 0.0003400140 seconds.
Empirical state frequencies: 0.1082962322 0.0434573022 0.0355520715 0.0640656976 0.0127852742 0.0342623762 0.0507210265 0.0722515874 0.0346499530 0.0496919432 0.0933010185 0.0529863463 0.0224279183 0.0406640762 0.0469187642 0.0631101202 0.0683290427 0.0150372292 0.0291971480 0.0622948724 
Optimizing NNI: done in 17.8149 secs using 399.4% CPU
UFBoot tree 929: -155438.9375000000 -> -154555.1443277548
Alignment state count time was 0.0003060851 seconds.
Empirical state frequencies: 0.0947302790 0.0443187074 0.0391453089 0.0495720321 0.0122610751 0.0346258512 0.0480534361 0.0822690733 0.0259938324 0.0537717854 0.0907630380 0.0563657506 0.0178268381 0.0381934617 0.0561623024 0.0710212911 0.0621422279 0.0143100896 0.0493177217 0.0591558981 
Optimizing NNI: done in 11.5669 secs using 399% CPU
UFBoot tree 930: -136997.6562500000 -> -136307.7976505791
Alignment state count time was 0.0005495490 seconds.
Empirical state frequencies: 0.1023946801 0.0508417018 0.0300049812 0.0554534912 0.0188871551 0.0293356359 0.0483316567 0.0770264916 0.0460558826 0.0557546966 0.1067655052 0.0549849494 0.0175083037 0.0385257475 0.0491951122 0.0585659470 0.0591081168 0.0078697307 0.0311696421 0.0622205726 
Optimizing NNI: done in 18.058 secs using 396.8% CPU
UFBoot tree 931: -155103.5000000000 -> -154532.0793140956
Alignment state count time was 0.0008821429 seconds.
Empirical state frequencies: 0.1097626089 0.0454685828 0.0355457179 0.0558444797 0.0184839437 0.0370874885 0.0485813518 0.0656138982 0.0521252321 0.0555668148 0.0888354478 0.0543246300 0.0168325686 0.0424434973 0.0564509582 0.0604186427 0.0650512615 0.0064201368 0.0265069964 0.0586357421 
Optimizing NNI: done in 16.6866 secs using 397.9% CPU
UFBoot tree 932: -143482.6562500000 -> -143009.5630590930
Alignment state count time was 0.0005309160 seconds.
Empirical state frequencies: 0.1039131769 0.0393890265 0.0331781457 0.0505096660 0.0129280864 0.0302667953 0.0449098094 0.0751878533 0.0246381846 0.0690488577 0.1183692895 0.0486478395 0.0217843424 0.0465775459 0.0481805857 0.0551893922 0.0603219951 0.0112675384 0.0289369192 0.0767549505 
Optimizing NNI: done in 18.7119 secs using 398.9% CPU
UFBoot tree 933: -142005.9687500000 -> -141101.0214711417
Alignment state count time was 0.0003402169 seconds.
Empirical state frequencies: 0.0941666194 0.0442544902 0.0336266839 0.0635076645 0.0140420249 0.0346684930 0.0485029067 0.0891740535 0.0311642259 0.0539622573 0.0919071112 0.0633858946 0.0150161841 0.0335252090 0.0560323456 0.0659430625 0.0728974768 0.0103889279 0.0222885532 0.0615458161 
Optimizing NNI: done in 14.5077 secs using 399.1% CPU
UFBoot tree 934: -154023.9843750000 -> -153161.6331697493
Alignment state count time was 0.0003208810 seconds.
Empirical state frequencies: 0.1087762470 0.0391928610 0.0309447318 0.0506148546 0.0089366594 0.0306377943 0.0482507827 0.0597054293 0.0413806070 0.0634801076 0.1030293320 0.0487928213 0.0225725215 0.0494262881 0.0503797535 0.0633429653 0.0572303375 0.0108044068 0.0371618490 0.0753396504 
Optimizing NNI: done in 22.9595 secs using 381.7% CPU
UFBoot tree 935: -156475.3906250000 -> -155751.0927083837
Alignment state count time was 0.0003467720 seconds.
Empirical state frequencies: 0.1100885980 0.0423569520 0.0323743386 0.0580990352 0.0182247032 0.0334055714 0.0495405051 0.0816279778 0.0403295625 0.0545423346 0.0974612585 0.0511329530 0.0212201888 0.0450998908 0.0495194596 0.0696670812 0.0548439877 0.0062006700 0.0303609795 0.0539039525 
Optimizing NNI: done in 15.8011 secs using 399.3% CPU
UFBoot tree 936: -146852.5312500000 -> -146213.1522428424
Alignment state count time was 0.0003202540 seconds.
Empirical state frequencies: 0.1130760850 0.0462106120 0.0344359502 0.0633248660 0.0140077042 0.0405540893 0.0490285387 0.0804804588 0.0308394765 0.0522805226 0.0858682795 0.0609134373 0.0193197371 0.0351180400 0.0533071022 0.0589153964 0.0612372577 0.0148138104 0.0221101046 0.0641585314 
Optimizing NNI: done in 13.9749 secs using 399% CPU
UFBoot tree 937: -154399.0000000000 -> -153577.9575127642
Alignment state count time was 0.0003095079 seconds.
Empirical state frequencies: 0.1041821726 0.0478288533 0.0373866714 0.0532394888 0.0142070955 0.0343608511 0.0454509307 0.0836148653 0.0347192626 0.0672037531 0.0945602017 0.0535703302 0.0198451844 0.0454440382 0.0504824770 0.0568098189 0.0585260587 0.0118636355 0.0261932039 0.0605111071 
Optimizing NNI: done in 14.5551 secs using 399.2% CPU
UFBoot tree 938: -148079.4062500000 -> -147374.1086194393
Alignment state count time was 0.0004666620 seconds.
Empirical state frequencies: 0.1168665638 0.0478237271 0.0304918397 0.0575964915 0.0175729997 0.0395385867 0.0503932595 0.0718961883 0.0263136804 0.0529272027 0.0859040545 0.0550839017 0.0201069429 0.0440797547 0.0547351286 0.0561088675 0.0667286523 0.0141706826 0.0308477306 0.0608137453 
Optimizing NNI: done in 13.8442 secs using 399.3% CPU
UFBoot tree 939: -144508.0625000000 -> -143544.2149468382
Alignment state count time was 0.0003306390 seconds.
Empirical state frequencies: 0.1068770494 0.0472621540 0.0359896969 0.0507032198 0.0203618137 0.0326533288 0.0509405347 0.0838156263 0.0367853998 0.0569990442 0.0942435216 0.0498795976 0.0160482666 0.0376788205 0.0549469684 0.0538511320 0.0566291122 0.0096547244 0.0343354726 0.0703445166 
Optimizing NNI: done in 21.7528 secs using 398.6% CPU
UFBoot tree 940: -148425.8437500000 -> -147686.2687557826
Alignment state count time was 0.0003335789 seconds.
Empirical state frequencies: 0.1053985038 0.0482387749 0.0297412611 0.0574909764 0.0123942444 0.0356384201 0.0510702379 0.0775523396 0.0358106502 0.0585381355 0.0910482910 0.0536605788 0.0190009914 0.0393241444 0.0602122121 0.0584141298 0.0664676097 0.0151774830 0.0265515595 0.0582694565 
Optimizing NNI: done in 14.6195 secs using 399.2% CPU
UFBoot tree 941: -149267.7812500000 -> -148494.6405840291
Alignment state count time was 0.0009305719 seconds.
Empirical state frequencies: 0.0969973744 0.0487290898 0.0344624994 0.0501619788 0.0144781974 0.0312990682 0.0437105172 0.0764039215 0.0389134541 0.0581501618 0.1027496968 0.0588077679 0.0175101075 0.0422983947 0.0492897855 0.0625803500 0.0729428370 0.0099510989 0.0256921113 0.0648715879 
Optimizing NNI: done in 18.4896 secs using 399.1% CPU
UFBoot tree 942: -147319.7968750000 -> -146619.7484229055
Alignment state count time was 0.0005489780 seconds.
Empirical state frequencies: 0.1137005291 0.0461933800 0.0390278951 0.0629315597 0.0132363604 0.0377225276 0.0446844875 0.0844631049 0.0358627299 0.0618928802 0.0860141061 0.0537097701 0.0168366481 0.0402139548 0.0482988114 0.0555976403 0.0513025602 0.0115379790 0.0326133474 0.0641597280 
Optimizing NNI: done in 18.6205 secs using 399.5% CPU
UFBoot tree 943: -147306.6562500000 -> -146575.9801840313
Alignment state count time was 0.0004907210 seconds.
Empirical state frequencies: 0.1020881930 0.0446849341 0.0363985180 0.0500177761 0.0172549824 0.0368907803 0.0444182920 0.0743027184 0.0498263408 0.0614628756 0.0880929010 0.0537986244 0.0201265127 0.0380052076 0.0515287481 0.0591314665 0.0642933841 0.0099941128 0.0293769426 0.0683066896 
Optimizing NNI: done in 14.055 secs using 399.4% CPU
UFBoot tree 944: -147520.5156250000 -> -146979.5981265650
Alignment state count time was 0.0002770281 seconds.
Empirical state frequencies: 0.1032279437 0.0466841044 0.0334775098 0.0549605904 0.0190715205 0.0301973972 0.0455310951 0.0860587080 0.0360883469 0.0572202235 0.0946002537 0.0490298819 0.0178986318 0.0424961627 0.0482015706 0.0676436923 0.0705129625 0.0101390120 0.0252474092 0.0617129837 
Optimizing NNI: done in 21.2784 secs using 399% CPU
UFBoot tree 945: -154203.5468750000 -> -153396.6347225038
Alignment state count time was 0.0005367360 seconds.
Empirical state frequencies: 0.1073139502 0.0473145364 0.0321268626 0.0656767435 0.0129765464 0.0371648688 0.0536930648 0.0673708099 0.0395954859 0.0578840379 0.0898356039 0.0607860473 0.0231041174 0.0372679859 0.0517927642 0.0582891407 0.0641520837 0.0081447743 0.0240910953 0.0614194809 
Optimizing NNI: done in 17.3679 secs using 399% CPU
UFBoot tree 946: -140182.5312500000 -> -139340.3225135658
Alignment state count time was 0.0005256160 seconds.
Empirical state frequencies: 0.1168126043 0.0362801964 0.0289566364 0.0532614923 0.0152057327 0.0294783146 0.0416976244 0.0930294267 0.0246962640 0.0681293224 0.1038843472 0.0483924953 0.0208438707 0.0411759461 0.0411358171 0.0646849084 0.0675073215 0.0067451816 0.0246962640 0.0733862341 
Optimizing NNI: done in 13.0422 secs using 399.3% CPU
UFBoot tree 947: -152789.3906250000 -> -151928.2141414086
Alignment state count time was 0.0003242870 seconds.
Empirical state frequencies: 0.1091472382 0.0425007750 0.0375172690 0.0678553311 0.0138473776 0.0367419003 0.0509593425 0.0766592901 0.0391314456 0.0511919531 0.0919692973 0.0653036633 0.0149751866 0.0373128536 0.0483089914 0.0632031190 0.0590866161 0.0109291718 0.0261052517 0.0572539265 
Optimizing NNI: done in 12.3849 secs using 399.3% CPU
UFBoot tree 948: -148365.0937500000 -> -147679.4177427961
Alignment state count time was 0.0003358531 seconds.
Empirical state frequencies: 0.1230499382 0.0477127677 0.0328147339 0.0566292639 0.0171025281 0.0369709505 0.0517442321 0.0720197404 0.0415867803 0.0580540649 0.0783821004 0.0636679119 0.0175555754 0.0349289547 0.0506739899 0.0540160345 0.0650795810 0.0098866008 0.0241017807 0.0640224706 
Optimizing NNI: done in 20.1207 secs using 383% CPU
UFBoot tree 949: -160590.0156250000 -> -159690.3583340732
Alignment state count time was 0.0009403760 seconds.
Empirical state frequencies: 0.0978256576 0.0351792316 0.0292821964 0.0530554173 0.0162755321 0.0265315230 0.0406550500 0.0733504086 0.0290269135 0.0773774965 0.1020314435 0.0427356057 0.0186177528 0.0485177636 0.0564634442 0.0523406252 0.0783794820 0.0111826381 0.0341900103 0.0769818080 
Optimizing NNI: done in 13.5439 secs using 399% CPU
UFBoot tree 950: -154654.1718750000 -> -153729.4440969170
Alignment state count time was 0.0008602140 seconds.
Empirical state frequencies: 0.1177825064 0.0429019074 0.0305260279 0.0521168183 0.0159168554 0.0305672580 0.0462552829 0.0720240492 0.0277911029 0.0636062522 0.1003147187 0.0488802612 0.0176141581 0.0441456799 0.0521099466 0.0591327944 0.0591259227 0.0168720176 0.0318110304 0.0705054099 
Optimizing NNI: done in 12.4479 secs using 398.2% CPU
UFBoot tree 951: -149746.8125000000 -> -149050.7358424070
Alignment state count time was 0.0051749080 seconds.
Empirical state frequencies: 0.1111402007 0.0439706766 0.0289433987 0.0574329080 0.0192556909 0.0349132362 0.0435811854 0.0825515482 0.0330649236 0.0546285715 0.1014879011 0.0534105264 0.0277182719 0.0477947718 0.0464138485 0.0550109811 0.0569301103 0.0084065911 0.0368536105 0.0564910475 
Optimizing NNI: done in 10.6338 secs using 398.5% CPU
UFBoot tree 952: -144608.7656250000 -> -144034.0505792191
Alignment state count time was 0.0004677750 seconds.
Empirical state frequencies: 0.1121842548 0.0457388090 0.0400995276 0.0718511336 0.0126603132 0.0349794640 0.0475272256 0.0732140802 0.0322103028 0.0481257682 0.0851200310 0.0574500532 0.0217033552 0.0397822279 0.0573995737 0.0607384321 0.0601398894 0.0152059224 0.0246311663 0.0592384698 
Optimizing NNI: done in 14.4624 secs using 399% CPU
UFBoot tree 953: -149139.4687500000 -> -148288.6118182411
Alignment state count time was 0.0003213440 seconds.
Empirical state frequencies: 0.0939810532 0.0418709616 0.0408043013 0.0563693886 0.0144027608 0.0325631617 0.0481826011 0.0638088346 0.0286769853 0.0675863067 0.1075487002 0.0498811047 0.0170660145 0.0473877014 0.0476119039 0.0616007798 0.0684831166 0.0150481922 0.0331474469 0.0639786849 
Optimizing NNI: done in 19.467 secs using 390.1% CPU
UFBoot tree 954: -150474.9687500000 -> -149562.4443248633
Alignment state count time was 0.0005238990 seconds.
Empirical state frequencies: 0.1000129348 0.0447271836 0.0353210182 0.0545454411 0.0174506121 0.0319327055 0.0464475046 0.0867147886 0.0406258862 0.0575805321 0.0894424457 0.0609688448 0.0190466513 0.0408940731 0.0575936144 0.0620546747 0.0586925266 0.0109552559 0.0279229840 0.0570703228 
Optimizing NNI: done in 15.1887 secs using 397.6% CPU
UFBoot tree 955: -158194.5312500000 -> -157343.4373370816
Alignment state count time was 0.0004625859 seconds.
Empirical state frequencies: 0.1018157512 0.0481712728 0.0310129286 0.0505515425 0.0166360996 0.0341072792 0.0459814247 0.0569374661 0.0374600591 0.0675466682 0.1041416147 0.0524013521 0.0183294915 0.0441928220 0.0449749106 0.0642210914 0.0636770297 0.0118007517 0.0365963613 0.0694440832 
Optimizing NNI: done in 20.1797 secs using 399.1% CPU
UFBoot tree 956: -148603.3750000000 -> -147694.4699236212
Alignment state count time was 0.0005612010 seconds.
Empirical state frequencies: 0.1100500926 0.0443235525 0.0381335165 0.0551206221 0.0148853883 0.0367208821 0.0521036894 0.0660312703 0.0433155420 0.0546308142 0.0855313033 0.0635183429 0.0207204910 0.0450618136 0.0478231943 0.0569094857 0.0627090951 0.0064379768 0.0377217939 0.0582511334 
Optimizing NNI: done in 22.1083 secs using 398.1% CPU
UFBoot tree 957: -144779.9375000000 -> -144073.0595741462
Alignment state count time was 0.0005348150 seconds.
Empirical state frequencies: 0.1086163383 0.0416777228 0.0274605545 0.0434730875 0.0127663889 0.0313361572 0.0431153396 0.0805794993 0.0314024068 0.0642423432 0.1052044829 0.0421679700 0.0301502890 0.0459508233 0.0544771493 0.0631094747 0.0580480038 0.0174568620 0.0374443721 0.0613207350 
Optimizing NNI: done in 18.2825 secs using 344.3% CPU
UFBoot tree 958: -152973.6875000000 -> -152261.9863442089
Alignment state count time was 0.0003588690 seconds.
Empirical state frequencies: 0.0931023654 0.0453193836 0.0343663252 0.0463490981 0.0131725451 0.0325114287 0.0462997282 0.1007335368 0.0436972308 0.0549394555 0.0947456768 0.0504256388 0.0178062601 0.0472730199 0.0513636663 0.0601444504 0.0674652970 0.0086939926 0.0351139261 0.0564769744 
Optimizing NNI: done in 26.8762 secs using 359.5% CPU
UFBoot tree 959: -144807.0625000000 -> -144271.3566782041
Alignment state count time was 0.0003342250 seconds.
Empirical state frequencies: 0.0945823202 0.0476286969 0.0283464630 0.0527647767 0.0189921836 0.0340494688 0.0483238562 0.0831358138 0.0336175252 0.0688681755 0.0962358544 0.0504363306 0.0160630658 0.0409065741 0.0496264362 0.0585352738 0.0672686342 0.0103195652 0.0353587980 0.0649401880 
Optimizing NNI: done in 15.7596 secs using 399.3% CPU
UFBoot tree 960: -154662.3437500000 -> -153866.2650456470
Alignment state count time was 0.0003418510 seconds.
Empirical state frequencies: 0.1078905597 0.0482288691 0.0366239553 0.0646760713 0.0106441454 0.0378949697 0.0500663138 0.0864007462 0.0466055627 0.0554335864 0.0825393493 0.0514616665 0.0188850157 0.0349868336 0.0534372649 0.0500317754 0.0594607678 0.0121776519 0.0361058788 0.0564490164 
Optimizing NNI: done in 20.1887 secs using 399.4% CPU
UFBoot tree 961: -148759.0625000000 -> -148087.1419823758
Alignment state count time was 0.0003094689 seconds.
Empirical state frequencies: 0.1066832242 0.0470890137 0.0365489286 0.0561833979 0.0152479865 0.0347827522 0.0529715206 0.0812730732 0.0254604743 0.0582273198 0.0929526269 0.0583127799 0.0162663866 0.0337002570 0.0541893277 0.0628208028 0.0706831365 0.0091731943 0.0251684855 0.0622653118 
Optimizing NNI: done in 18.549 secs using 399.1% CPU
UFBoot tree 962: -149034.4843750000 -> -148164.5946045614
Alignment state count time was 0.0005210091 seconds.
Empirical state frequencies: 0.1050100849 0.0488379618 0.0306646278 0.0657965007 0.0178363921 0.0330317427 0.0483936939 0.0678373563 0.0311366625 0.0614162968 0.1064123054 0.0622909492 0.0170519816 0.0396610529 0.0541483516 0.0517048781 0.0559740150 0.0090204509 0.0282766878 0.0654980082 
Optimizing NNI: done in 14.5518 secs using 399.3% CPU
UFBoot tree 963: -150587.7187500000 -> -149667.4763225814
Alignment state count time was 0.0003164799 seconds.
Empirical state frequencies: 0.1173831107 0.0479976340 0.0330275485 0.0550947121 0.0173551132 0.0327733648 0.0483521535 0.0773558580 0.0387667502 0.0578974224 0.0903593639 0.0496966518 0.0213083395 0.0405861708 0.0486264044 0.0574893906 0.0610947866 0.0114286182 0.0296696473 0.0637369598 
Optimizing NNI: done in 14.8167 secs using 365% CPU
UFBoot tree 964: -149350.9062500000 -> -148635.8380083781
Alignment state count time was 0.0005113140 seconds.
Empirical state frequencies: 0.1159292347 0.0411608895 0.0376194440 0.0506047440 0.0149474476 0.0331336131 0.0482033067 0.0818841392 0.0432317918 0.0562710567 0.0859922159 0.0510904279 0.0160739645 0.0428068184 0.0435623268 0.0635967895 0.0655530165 0.0091057490 0.0424627923 0.0567702318 
Optimizing NNI: done in 18.3669 secs using 393% CPU
UFBoot tree 965: -149217.7500000000 -> -148429.5296102223
Alignment state count time was 0.0003629391 seconds.
Empirical state frequencies: 0.1049784310 0.0444462891 0.0350061989 0.0546660918 0.0097699695 0.0308500530 0.0499181998 0.0790460298 0.0245496978 0.0654149851 0.1032380014 0.0555989621 0.0171215442 0.0381737808 0.0553831488 0.0542414270 0.0679629740 0.0098256633 0.0280096718 0.0717988809 
Optimizing NNI: done in 16.772 secs using 399.1% CPU
UFBoot tree 966: -151509.0781250000 -> -150594.1476022771
Alignment state count time was 0.0004983820 seconds.
Empirical state frequencies: 0.0959650009 0.0421085086 0.0316958826 0.0504844860 0.0176687271 0.0310424869 0.0433735939 0.0877002397 0.0378683872 0.0617590382 0.1042228110 0.0489344088 0.0180927392 0.0403568519 0.0526253997 0.0650329680 0.0618494015 0.0112112307 0.0346917717 0.0633160664 
Optimizing NNI: done in 13.855 secs using 399.5% CPU
UFBoot tree 967: -143253.2656250000 -> -142520.4873722192
Alignment state count time was 0.0005690349 seconds.
Empirical state frequencies: 0.1097691611 0.0417736836 0.0308071209 0.0508857608 0.0160200392 0.0320132337 0.0446042141 0.0737112702 0.0217577895 0.0618802105 0.1011799651 0.0499724616 0.0332054029 0.0397170174 0.0508090716 0.0635116000 0.0673809213 0.0142213277 0.0318459117 0.0649338370 
Optimizing NNI: done in 14.3303 secs using 393.3% CPU
UFBoot tree 968: -147197.6875000000 -> -146554.3988039084
Alignment state count time was 0.0005289300 seconds.
Empirical state frequencies: 0.0897491296 0.0457619990 0.0332731246 0.0504223211 0.0191015386 0.0339107145 0.0535248205 0.0810134905 0.0285404985 0.0599335850 0.0940150662 0.0511256420 0.0147567249 0.0440332759 0.0574160909 0.0670916820 0.0707266018 0.0121209151 0.0318599098 0.0616228696 
Optimizing NNI: done in 25.9863 secs using 397% CPU
UFBoot tree 969: -152016.1875000000 -> -151256.2634129136
Alignment state count time was 0.0004388440 seconds.
Empirical state frequencies: 0.1117368225 0.0452829428 0.0343699375 0.0607521965 0.0127775808 0.0338407805 0.0556667910 0.0926940406 0.0371462940 0.0547459203 0.0776027563 0.0552132278 0.0256560265 0.0394622152 0.0542442519 0.0505607690 0.0525674425 0.0134991586 0.0335796380 0.0586012074 
Optimizing NNI: done in 24.1118 secs using 392.6% CPU
UFBoot tree 970: -150065.0156250000 -> -149397.8815809108
Alignment state count time was 0.0003128010 seconds.
Empirical state frequencies: 0.1140861146 0.0518143101 0.0356142767 0.0595263821 0.0178624648 0.0353132852 0.0490920089 0.0686965909 0.0519079519 0.0494799535 0.0824418711 0.0545031678 0.0162237331 0.0336611761 0.0415872866 0.0614794828 0.0699473780 0.0104982052 0.0304238449 0.0658405157 
Optimizing NNI: done in 12.7003 secs using 399.1% CPU
UFBoot tree 971: -156297.9375000000 -> -155833.5497404186
Alignment state count time was 0.0003555551 seconds.
Empirical state frequencies: 0.1064478111 0.0473007139 0.0278677088 0.0517663959 0.0105747858 0.0356395857 0.0477645087 0.0731937189 0.0332543549 0.0529523856 0.1028699650 0.0596641600 0.0158024165 0.0426627652 0.0633347651 0.0580210010 0.0590546010 0.0142586422 0.0312335344 0.0663361805 
Optimizing NNI: done in 14.4416 secs using 397.4% CPU
UFBoot tree 972: -155203.5625000000 -> -154328.2293148507
Alignment state count time was 0.0003181350 seconds.
Empirical state frequencies: 0.1097401541 0.0436877259 0.0341994129 0.0610793804 0.0137812518 0.0296166223 0.0420740672 0.0706752707 0.0451722918 0.0615240330 0.1080547773 0.0500204397 0.0248043335 0.0394922133 0.0473668676 0.0546821203 0.0584616675 0.0087896677 0.0291576260 0.0676200769 
Optimizing NNI: done in 17.1917 secs using 379.6% CPU
UFBoot tree 973: -140923.5937500000 -> -140349.4863460267
Alignment state count time was 0.0003290520 seconds.
Empirical state frequencies: 0.1229805789 0.0446558584 0.0308865227 0.0555115227 0.0129705436 0.0321401590 0.0458199493 0.0741851941 0.0363419073 0.0607602640 0.0912470474 0.0556906137 0.0204785856 0.0320781660 0.0575986207 0.0653408584 0.0637910333 0.0091958582 0.0243152639 0.0640114528 
Optimizing NNI: done in 30.3882 secs using 386.1% CPU
UFBoot tree 974: -153633.9062500000 -> -152806.6518847476
Alignment state count time was 0.0009421080 seconds.
Empirical state frequencies: 0.1178440578 0.0487238475 0.0314986186 0.0537039548 0.0146624605 0.0380491574 0.0557271234 0.0694648624 0.0490068082 0.0538595831 0.0900078049 0.0627233252 0.0167775913 0.0443874757 0.0513483074 0.0518293405 0.0530531453 0.0164309645 0.0256342593 0.0552673123 
Optimizing NNI: done in 27.4237 secs using 361% CPU
UFBoot tree 975: -149414.3125000000 -> -148777.6218185378
Alignment state count time was 0.0008689780 seconds.
Empirical state frequencies: 0.0961660970 0.0421180860 0.0359936258 0.0738195253 0.0094986784 0.0315159026 0.0476889623 0.0696220978 0.0448229391 0.0578917244 0.0889695059 0.0500995050 0.0263654698 0.0367223945 0.0530916611 0.0580388796 0.0650602859 0.0150905768 0.0357483671 0.0616757158 
Optimizing NNI: done in 23.4852 secs using 381.6% CPU
UFBoot tree 976: -145128.3437500000 -> -144381.7939047479
Alignment state count time was 0.0005502970 seconds.
Empirical state frequencies: 0.0884747732 0.0452276017 0.0321653592 0.0577323933 0.0163502733 0.0325576394 0.0443811023 0.0826525091 0.0457437598 0.0677940363 0.1011309712 0.0523918769 0.0217045539 0.0376022252 0.0474161123 0.0576498080 0.0628870928 0.0087524252 0.0292060525 0.0681794344 
Optimizing NNI: done in 16.0976 secs using 399.2% CPU
UFBoot tree 977: -142532.1875000000 -> -141886.8526576236
Alignment state count time was 0.0003082580 seconds.
Empirical state frequencies: 0.0985084382 0.0498060495 0.0367932436 0.0575170932 0.0212772008 0.0407997651 0.0484369869 0.0738250448 0.0447190423 0.0424909601 0.0939650295 0.0550876782 0.0209215130 0.0315384592 0.0548393679 0.0636845860 0.0586244233 0.0177673001 0.0329209440 0.0564768741 
Optimizing NNI: done in 17.4782 secs using 383.4% CPU
UFBoot tree 978: -147217.1093750000 -> -146781.4120729846
Alignment state count time was 0.0005399371 seconds.
Empirical state frequencies: 0.1057762822 0.0552899834 0.0340439265 0.0614922485 0.0135271392 0.0368984964 0.0508449110 0.0713478074 0.0435174870 0.0487404471 0.1073598393 0.0570193944 0.0191320977 0.0364192620 0.0468235096 0.0551441295 0.0585126609 0.0113393301 0.0298349985 0.0569360493 
Optimizing NNI: done in 23.1378 secs using 398.1% CPU
UFBoot tree 979: -152219.7968750000 -> -151460.5808532047
Alignment state count time was 0.0005194170 seconds.
Empirical state frequencies: 0.1107414258 0.0423765032 0.0315395208 0.0542442526 0.0137936139 0.0335244437 0.0461791976 0.0684869448 0.0262463932 0.0583255326 0.1048354097 0.0519319916 0.0219422446 0.0458657887 0.0531438392 0.0605193948 0.0671009811 0.0134453818 0.0365470982 0.0592100421 
Optimizing NNI: done in 25.8129 secs using 362.6% CPU
UFBoot tree 980: -150707.8437500000 -> -149891.4441171771
Alignment state count time was 0.0003214270 seconds.
Empirical state frequencies: 0.1106925191 0.0455675252 0.0313416302 0.0578892213 0.0168308003 0.0314111265 0.0444555842 0.0866815433 0.0446988213 0.0544074561 0.0902814523 0.0528020913 0.0150794932 0.0414741925 0.0488477511 0.0569371218 0.0511967265 0.0165458654 0.0338851952 0.0689738831 
Optimizing NNI: done in 21.6782 secs using 368.9% CPU
UFBoot tree 981: -147274.2187500000 -> -146584.9814672210
Alignment state count time was 0.0003144870 seconds.
Empirical state frequencies: 0.1089205863 0.0437009181 0.0380038589 0.0524630619 0.0131700110 0.0331397030 0.0478654352 0.0709801704 0.0392698720 0.0505373893 0.1086607204 0.0564876512 0.0297547835 0.0463395561 0.0472857344 0.0518633715 0.0578736025 0.0102781703 0.0273560217 0.0660493823 
Optimizing NNI: done in 16.2689 secs using 399.2% CPU
UFBoot tree 982: -150566.9062500000 -> -149746.1915343538
Alignment state count time was 0.0003106231 seconds.
Empirical state frequencies: 0.1082538627 0.0482358783 0.0457866018 0.0563049232 0.0131248218 0.0346898799 0.0471290624 0.0780770629 0.0418449091 0.0448583046 0.0884382878 0.0567619310 0.0175949299 0.0360823257 0.0519562078 0.0647809907 0.0669517780 0.0139888523 0.0273491913 0.0577901987 
Optimizing NNI: done in 19.9262 secs using 364% CPU
UFBoot tree 983: -142316.0937500000 -> -141642.8803023094
Alignment state count time was 0.0003021500 seconds.
Empirical state frequencies: 0.1080634541 0.0422363781 0.0348208832 0.0531590267 0.0174727666 0.0340896870 0.0523048859 0.0775861585 0.0501242387 0.0560967533 0.0895376585 0.0524343012 0.0142697387 0.0393180638 0.0552232002 0.0630463532 0.0620692679 0.0082001626 0.0297413340 0.0602056880 
Optimizing NNI: done in 16.3038 secs using 392.1% CPU
UFBoot tree 984: -157283.4531250000 -> -156705.8800503367
Alignment state count time was 0.0003008340 seconds.
Empirical state frequencies: 0.1027027615 0.0450951250 0.0367360565 0.0487784437 0.0142764716 0.0340118661 0.0487717831 0.0765998216 0.0357169828 0.0641777795 0.0969080287 0.0522819258 0.0169873408 0.0391405376 0.0550993648 0.0574638822 0.0632785968 0.0123781971 0.0331526471 0.0664423877 
Optimizing NNI: done in 17.555 secs using 398.5% CPU
UFBoot tree 985: -156022.7187500000 -> -155219.6493293028
Alignment state count time was 0.0003381990 seconds.
Empirical state frequencies: 0.1001208932 0.0452577301 0.0372166467 0.0634469889 0.0127586249 0.0313417327 0.0481787767 0.0882266540 0.0299435688 0.0539749208 0.0972326674 0.0513492610 0.0205962196 0.0351029905 0.0541258963 0.0574145353 0.0589439822 0.0082424899 0.0390217878 0.0675036334 
Optimizing NNI: done in 14.6486 secs using 398.9% CPU
UFBoot tree 986: -156020.0156250000 -> -155333.4127639146
Alignment state count time was 0.0003283750 seconds.
Empirical state frequencies: 0.1084055157 0.0436036666 0.0339316467 0.0665618796 0.0153747847 0.0318986744 0.0446988706 0.0896569930 0.0198308958 0.0618798827 0.0985144550 0.0445414350 0.0189821127 0.0390654152 0.0465538723 0.0640771356 0.0636048289 0.0137319787 0.0307281751 0.0643577816 
Optimizing NNI: done in 16.2433 secs using 398.4% CPU
UFBoot tree 987: -146299.2812500000 -> -145432.6050621892
Alignment state count time was 0.0003589400 seconds.
Empirical state frequencies: 0.1192557170 0.0476954607 0.0308860542 0.0527656692 0.0229587648 0.0314633918 0.0475474254 0.0788494862 0.0251644905 0.0441722210 0.0880128703 0.0572881471 0.0173260222 0.0419812988 0.0531505609 0.0719066314 0.0743344101 0.0075778987 0.0334914752 0.0541720044 
Optimizing NNI: done in 17.2053 secs using 397.6% CPU
UFBoot tree 988: -141680.5625000000 -> -140857.6614071492
Alignment state count time was 0.0003076351 seconds.
Empirical state frequencies: 0.1057521873 0.0447606990 0.0374507218 0.0671479580 0.0118984677 0.0341115068 0.0505099562 0.0714236051 0.0304891844 0.0577836376 0.0951175134 0.0533119932 0.0220612961 0.0345833524 0.0638377796 0.0593298394 0.0619721747 0.0103087110 0.0293640141 0.0587854021 
Optimizing NNI: done in 18.0649 secs using 398.5% CPU
UFBoot tree 989: -145360.6718750000 -> -144634.8928033022
Alignment state count time was 0.0003285119 seconds.
Empirical state frequencies: 0.1040289827 0.0379773133 0.0313907681 0.0497572289 0.0115759569 0.0337081285 0.0506883112 0.0667856900 0.0271008925 0.0589163202 0.1058152814 0.0542678055 0.0222730582 0.0441224567 0.0565437845 0.0600198251 0.0693444421 0.0128449876 0.0359772106 0.0668615559 
Optimizing NNI: done in 19.7009 secs using 398.7% CPU
UFBoot tree 990: -150316.0468750000 -> -149593.3730248832
Alignment state count time was 0.0003327200 seconds.
Empirical state frequencies: 0.1137276188 0.0439776096 0.0328367955 0.0555845949 0.0172099288 0.0337286011 0.0493554678 0.0618677708 0.0308302328 0.0563547906 0.1031340490 0.0578749139 0.0175139535 0.0427007061 0.0608475993 0.0561521076 0.0583005484 0.0138994383 0.0326138441 0.0614894291 
Optimizing NNI: done in 15.98 secs using 399.2% CPU
UFBoot tree 991: -153799.9375000000 -> -153084.7559753004
Alignment state count time was 0.0003005000 seconds.
Empirical state frequencies: 0.1154926616 0.0525991249 0.0380933647 0.0517039687 0.0171241535 0.0373744203 0.0511048484 0.0601621379 0.0261250552 0.0499911894 0.0898714573 0.0573779905 0.0250113963 0.0382625281 0.0535436205 0.0609022277 0.0666396858 0.0135646739 0.0337162621 0.0613392331 
Optimizing NNI: done in 14.9196 secs using 398.4% CPU
UFBoot tree 992: -150581.9843750000 -> -149466.3354248368
Alignment state count time was 0.0003376990 seconds.
Empirical state frequencies: 0.1004542647 0.0401572822 0.0362269763 0.0553180222 0.0126797384 0.0349053417 0.0460873389 0.0674964350 0.0239447702 0.0657734664 0.1108612720 0.0509933018 0.0181185068 0.0471114327 0.0514499923 0.0532767542 0.0688249892 0.0134339696 0.0304975866 0.0723885588 
Optimizing NNI: done in 24.2304 secs using 374.8% CPU
UFBoot tree 993: -145560.9062500000 -> -144620.7786586573
Alignment state count time was 0.0003122541 seconds.
Empirical state frequencies: 0.1047715286 0.0430869543 0.0373918225 0.0538129011 0.0159814486 0.0275377913 0.0427755558 0.0857416229 0.0337380806 0.0622552593 0.1054981250 0.0508511558 0.0220986983 0.0419866797 0.0528441059 0.0539582204 0.0509895551 0.0157738496 0.0340840789 0.0648225665 
Optimizing NNI: done in 15.853 secs using 399.3% CPU
UFBoot tree 994: -148128.5781250000 -> -147462.0668125544
Alignment state count time was 0.0003122800 seconds.
Empirical state frequencies: 0.1089204899 0.0445617348 0.0347839640 0.0483498772 0.0160019174 0.0371970041 0.0454211737 0.0737826590 0.0443369584 0.0518471326 0.0977808389 0.0529379590 0.0200214473 0.0406942595 0.0571624320 0.0549345018 0.0665038722 0.0125311063 0.0313792635 0.0608514084 
Optimizing NNI: done in 11.9523 secs using 398.9% CPU
UFBoot tree 995: -156980.1093750000 -> -156304.3793231866
Alignment state count time was 0.0003598040 seconds.
Empirical state frequencies: 0.0983910496 0.0457688635 0.0352206911 0.0584671597 0.0140475563 0.0299151908 0.0461179096 0.0870051667 0.0404773250 0.0611478335 0.1001153372 0.0468578872 0.0221314634 0.0418665284 0.0464599747 0.0641496298 0.0614898987 0.0066058940 0.0302712178 0.0634934231 
Optimizing NNI: done in 27.0194 secs using 398.4% CPU
UFBoot tree 996: -145245.7343750000 -> -144414.4825666595
Alignment state count time was 0.0003923449 seconds.
Empirical state frequencies: 0.0996244229 0.0483786458 0.0339532140 0.0478696705 0.0125092806 0.0348573149 0.0471196016 0.0782206718 0.0327075639 0.0610963314 0.1058057941 0.0633331440 0.0212154372 0.0404359521 0.0490550472 0.0590403391 0.0638956956 0.0109689606 0.0299416849 0.0599712281 
Optimizing NNI: done in 16.8103 secs using 398% CPU
UFBoot tree 997: -154082.1406250000 -> -153092.3938518425
Alignment state count time was 0.0002963970 seconds.
Empirical state frequencies: 0.0996020978 0.0485305482 0.0374638718 0.0618584616 0.0141118460 0.0344700223 0.0451351707 0.0782929340 0.0339346516 0.0579911125 0.0956643052 0.0537504128 0.0262069978 0.0448322636 0.0473823189 0.0563990890 0.0562652464 0.0133440117 0.0347095303 0.0600551076 
Optimizing NNI: done in 18.4267 secs using 398.6% CPU
UFBoot tree 998: -144135.8750000000 -> -143300.1463811117
Alignment state count time was 0.0003540930 seconds.
Empirical state frequencies: 0.0984563229 0.0438647394 0.0309020351 0.0590088698 0.0138701322 0.0422356617 0.0487939231 0.0596311355 0.0341112483 0.0596241438 0.1046160546 0.0590158615 0.0229314402 0.0363486083 0.0581488845 0.0607987578 0.0633577382 0.0093954123 0.0281263103 0.0667627205 
Optimizing NNI: done in 24.8994 secs using 357.6% CPU
UFBoot tree 999: -148127.8125000000 -> -147264.7795475640
Alignment state count time was 0.0003098090 seconds.
Empirical state frequencies: 0.1026693434 0.0483325844 0.0389761182 0.0703881215 0.0135850433 0.0391386550 0.0491523353 0.0773206694 0.0347642950 0.0527564121 0.1019202608 0.0563675558 0.0141291882 0.0412162993 0.0529613498 0.0526292094 0.0618231389 0.0092530842 0.0245032762 0.0581130597 
Optimizing NNI: done in 21.3145 secs using 388.3% CPU
UFBoot tree 1000: -145996.6406250000 -> -145025.8256320978
1000 samples done
Total 1000 ufboot trees refined
1000 tree(s) converted
Using hash_map
Converting collection of tree(s) into split system...
TREE SEARCH COMPLETED AFTER 338 ITERATIONS / Time: 16h:52m:22s

Log-likelihoods of 5 best candidate trees: 
-149722.1809090262 -149722.5559130679 -149722.7385650323 -149724.0137376893 -149724.5874674272 

--------------------------------------------------------------------
|                    FINALIZING TREE SEARCH                        |
--------------------------------------------------------------------
Performs final model parameters optimization
Estimate model parameters (epsilon = 0.0100000000)
1. Initial log-likelihood: -149722.1809090257 (took 0.4027149810 wall-clock sec)
Optimizing +R9 model parameters by 2-BFGS,EM algorithm...
Site proportion and rates:  (0.0154921433,0.0488885765) (0.0133351890,0.1777634821) (0.0671075813,0.2745865773) (0.1261116763,0.4147127474) (0.1422887697,0.6127187548) (0.1635082360,0.8357749246) (0.2156550593,1.1355391834) (0.1591011108,1.5195780756) (0.0974002343,2.2311388657)
2. Current log-likelihood: -149722.1453414046 (after 19.0450308799 wall-clock sec)
Optimizing +R9 model parameters by 2-BFGS,EM algorithm...
Site proportion and rates:  (0.0154696346,0.0488885765) (0.0133309638,0.1777634821) (0.0671655279,0.2751360253) (0.1261342266,0.4155425878) (0.1423441733,0.6139767565) (0.1635789433,0.8375810115) (0.2156984366,1.1380506553) (0.1589790767,1.5228119824) (0.0972990173,2.2361049841)
3. Current log-likelihood: -149722.0992746277 (after 35.1395587439 wall-clock sec)
Optimizing +R9 model parameters by 2-BFGS,EM algorithm...
Site proportion and rates:  (0.0154455724,0.0488885765) (0.0133202193,0.1777634821) (0.0672352972,0.2756865726) (0.1261222207,0.4163740887) (0.1424223314,0.6152370004) (0.1636405702,0.8393869546) (0.2157359212,1.1405174021) (0.1588913080,1.5260947839) (0.0971865597,2.2414254329)
4. Current log-likelihood: -149722.0528336078 (after 58.9485555430 wall-clock sec)
Optimizing +R9 model parameters by 2-BFGS,EM algorithm...
Site proportion and rates:  (0.0154221800,0.0488885765) (0.0133197185,0.1777634821) (0.0672447816,0.2762382217) (0.1261279443,0.4172072535) (0.1422410587,0.6165000698) (0.1633228247,0.8402998197) (0.2156926611,1.1418262057) (0.1591860512,1.5276208788) (0.0974427798,2.2437632914)
5. Current log-likelihood: -149722.0137416329 (after 75.4985557119 wall-clock sec)
Optimizing +R9 model parameters by 2-BFGS,EM algorithm...
Site proportion and rates:  (0.0153973976,0.0488885765) (0.0133089912,0.1777634821) (0.0673293719,0.2767909746) (0.1261828134,0.4180420854) (0.1425383996,0.6178415747) (0.1636787295,0.8428232412) (0.2155674616,1.1454968257) (0.1587632650,1.5323879354) (0.0972335702,2.2511337904)
6. Current log-likelihood: -149721.9617663371 (after 101.8717217910 wall-clock sec)
Optimizing +R9 model parameters by 2-BFGS,EM algorithm...
Site proportion and rates:  (0.0153720092,0.0488885765) (0.0132979987,0.1777634821) (0.0673282140,0.2773448335) (0.1262040130,0.4188785878) (0.1422855919,0.6190778759) (0.1633397111,0.8437907445) (0.2156854840,1.1466664239) (0.1591417933,1.5339203234) (0.0973451847,2.2537347175)
7. Current log-likelihood: -149721.9214357481 (after 119.4766051610 wall-clock sec)
Optimizing +R9 model parameters by 2-BFGS,EM algorithm...
Site proportion and rates:  (0.0153427027,0.0488885765) (0.0132763912,0.1777634821) (0.0672110421,0.2776221784) (0.1260958453,0.4192974665) (0.1423721859,0.6197770438) (0.1636332772,0.8454791699) (0.2156713120,1.1491011958) (0.1590688099,1.5371464528) (0.0973284336,2.2584130968)
8. Current log-likelihood: -149721.8788875429 (after 138.8009457689 wall-clock sec)
Optimizing +R9 model parameters by 2-BFGS,EM algorithm...
Site proportion and rates:  (0.0153183263,0.0488885765) (0.0132777510,0.1777634821) (0.0673141972,0.2781777006) (0.1261145514,0.4201942478) (0.1424298776,0.6210172179) (0.1636858945,0.8473449191) (0.2159205095,1.1514749522) (0.1589168939,1.5417625054) (0.0970219987,2.2633574657)
9. Current log-likelihood: -149721.8343562621 (after 162.4745102499 wall-clock sec)
Optimizing +R9 model parameters by 2-BFGS,EM algorithm...
Site proportion and rates:  (0.0152938079,0.0488885765) (0.0132790320,0.1777634821) (0.0673719770,0.2787343344) (0.1261634066,0.4210522136) (0.1424697992,0.6222860628) (0.1637301409,0.8491627070) (0.2157085019,1.1539940631) (0.1587746201,1.5433364805) (0.0972087143,2.2660463292)
10. Current log-likelihood: -149721.7925463161 (after 183.3703264090 wall-clock sec)
Optimizing +R9 model parameters by 2-BFGS,EM algorithm...
Site proportion and rates:  (0.0152686069,0.0488885765) (0.0132765116,0.1777634821) (0.0674022181,0.2792920820) (0.1261960926,0.4219003153) (0.1423003140,0.6235631707) (0.1633937025,0.8500721991) (0.2155999872,1.1551546555) (0.1590426537,1.5448798171) (0.0975199134,2.2687480334)
11. Current log-likelihood: -149721.7554006416 (after 200.6312642499 wall-clock sec)
Optimizing +R9 model parameters by 2-BFGS,EM algorithm...
Site proportion and rates:  (0.0152390984,0.0488885765) (0.0132614575,0.1777634821) (0.0673061981,0.2795713742) (0.1261068773,0.4223222157) (0.1421308526,0.6242914728) (0.1632961438,0.8509222714) (0.2155770547,1.1564104534) (0.1593073308,1.5464246970) (0.0977749867,2.2714157907)
12. Current log-likelihood: -149721.7225754927 (after 212.9583950259 wall-clock sec)
Optimizing +R9 model parameters by 2-BFGS,EM algorithm...
Site proportion and rates:  (0.0152271494,0.0488885765) (0.0132649199,0.1777634821) (0.0673362610,0.2798509456) (0.1261112155,0.4227445381) (0.1421305973,0.6249703572) (0.1633178020,0.8517731937) (0.2155499361,1.1575668639) (0.1593055552,1.5479711218) (0.0977565634,2.2737745679)
13. Current log-likelihood: -149721.7013626803 (after 222.4014765299 wall-clock sec)
Optimizing +R9 model parameters by 2-BFGS,EM algorithm...
Site proportion and rates:  (0.0152120777,0.0488885765) (0.0132650178,0.1777634821) (0.0673692910,0.2801307967) (0.1261213107,0.4231675992) (0.1424695457,0.6256216614) (0.1636536400,0.8534775921) (0.2155796988,1.1598831554) (0.1589481960,1.5512270255) (0.0973812223,2.2787252911)
14. Current log-likelihood: -149721.6721171258 (after 245.7210551460 wall-clock sec)
Optimizing +R9 model parameters by 2-BFGS,EM algorithm...
Site proportion and rates:  (0.0151883413,0.0488885765) (0.0132675881,0.1777634821) (0.0674257098,0.2806913386) (0.1262097981,0.4240928962) (0.1422517265,0.6268735305) (0.1632962924,0.8544423479) (0.2155805611,1.1610786821) (0.1592001019,1.5527999014) (0.0975798809,2.2810040165)
15. Current log-likelihood: -149721.6367295817 (after 263.6490056650 wall-clock sec)
Optimizing +R9 model parameters by 2-BFGS,EM algorithm...
Site proportion and rates:  (0.0151739679,0.0488885765) (0.0132682032,0.1777634821) (0.0674698700,0.2809720301) (0.1261771715,0.4245169892) (0.1422154383,0.6275356687) (0.1633335176,0.8552967904) (0.2155558275,1.1622397609) (0.1592178419,1.5543527014) (0.0975881622,2.2832850206)
16. Current log-likelihood: -149721.6151780081 (after 273.1479555459 wall-clock sec)
Optimizing +R9 model parameters by 2-BFGS,EM algorithm...
Site proportion and rates:  (0.0151433188,0.0488885765) (0.0132576564,0.1777634821) (0.0673681436,0.2812530022) (0.1261136250,0.4249690896) (0.1423718800,0.6282329688) (0.1636054722,0.8570082394) (0.2157893523,1.1646868550) (0.1590485220,1.5590204244) (0.0973020298,2.2906413659)
17. Current log-likelihood: -149721.5737156603 (after 298.6942968010 wall-clock sec)
Optimizing +R9 model parameters by 2-BFGS,EM algorithm...
Site proportion and rates:  (0.0151294703,0.0488885765) (0.0132609110,0.1777634821) (0.0673984542,0.2815342553) (0.1261269797,0.4253940588) (0.1423878630,0.6288612019) (0.1636077237,0.8579590005) (0.2158600530,1.1658995112) (0.1591023052,1.5605794449) (0.0971262401,2.2929367686)
18. Current log-likelihood: -149721.5521641040 (after 313.1517023749 wall-clock sec)
Optimizing +R9 model parameters by 2-BFGS,EM algorithm...
Site proportion and rates:  (0.0151145278,0.0488885765) (0.0132638132,0.1777634821) (0.0674208037,0.2818157896) (0.1261357142,0.4258194530) (0.1423969568,0.6294900632) (0.1636233292,0.8588788657) (0.2158324039,1.1671045838) (0.1590721111,1.5621686788) (0.0971403400,2.2952791709)
19. Current log-likelihood: -149721.5303177639 (after 323.8520948020 wall-clock sec)
Optimizing +R9 model parameters by 2-BFGS,EM algorithm...
Site proportion and rates:  (0.0150991623,0.0488885765) (0.0132664351,0.1777634821) (0.0674420701,0.2820976055) (0.1261328824,0.4262452725) (0.1424166205,0.6301195533) (0.1636442636,0.8597836928) (0.2158180017,1.1683096807) (0.1590511418,1.5637618033) (0.0971294225,2.2976021664)
20. Current log-likelihood: -149721.5083395360 (after 335.6046938909 wall-clock sec)
Optimizing +R9 model parameters by 2-BFGS,EM algorithm...
Site proportion and rates:  (0.0150835800,0.0488885765) (0.0132691446,0.1777634821) (0.0674623008,0.2823797032) (0.1261293798,0.4266715179) (0.1424325570,0.6307496730) (0.1636620953,0.8606791932) (0.2158088921,1.1695134531) (0.1590339100,1.5653590997) (0.0971181406,2.2999237348)
21. Current log-likelihood: -149721.4863476519 (after 346.9689816289 wall-clock sec)
Optimizing +R9 model parameters by 2-BFGS,EM algorithm...
Site proportion and rates:  (0.0150678110,0.0488885765) (0.0132720121,0.1777634821) (0.0674815580,0.2826620830) (0.1261259510,0.4270981895) (0.1424451351,0.6313804228) (0.1636773191,0.8615682895) (0.2158035570,1.1707149370) (0.1590186883,1.5669587814) (0.0971079684,2.3022478842)
22. Current log-likelihood: -149721.4643597059 (after 358.2977678849 wall-clock sec)
Optimizing +R9 model parameters by 2-BFGS,EM algorithm...
Site proportion and rates:  (0.0150394153,0.0488885765) (0.0132818737,0.1777634821) (0.0675804780,0.2832276901) (0.1262965602,0.4280299423) (0.1426044128,0.6332985942) (0.1635330904,0.8633763078) (0.2157996795,1.1732345846) (0.1587950720,1.5701695080) (0.0970694182,2.3047731942)
23. Current log-likelihood: -149721.4216130562 (after 380.6032320079 wall-clock sec)
Optimizing +R9 model parameters by 2-BFGS,EM algorithm...
Site proportion and rates:  (0.0150120874,0.0488885765) (0.0132872610,0.1777634821) (0.0676368236,0.2837944289) (0.1262097206,0.4289861526) (0.1422954009,0.6339318929) (0.1633782272,0.8642396842) (0.2158455301,1.1745152235) (0.1590376219,1.5718889958) (0.0972973273,2.3076609210)
24. Current log-likelihood: -149721.3872049929 (after 398.8560809690 wall-clock sec)
Optimizing +R9 model parameters by 2-BFGS,EM algorithm...
Site proportion and rates:  (0.0149797844,0.0488885765) (0.0132804123,0.1777634821) (0.0675448308,0.2840782234) (0.1261134732,0.4294151389) (0.1421130571,0.6345658249) (0.1633412127,0.8651039239) (0.2158384880,1.1758548224) (0.1592659318,1.5736332931) (0.0975228099,2.3105477759)
25. Current log-likelihood: -149721.3556126434 (after 412.1820912289 wall-clock sec)
Optimizing +R9 model parameters by 2-BFGS,EM algorithm...
Site proportion and rates:  (0.0149649528,0.0488885765) (0.0132865520,0.1777634821) (0.0675748877,0.2843623017) (0.1262842551,0.4298445541) (0.1428015109,0.6359511606) (0.1638277201,0.8677018322) (0.2157387838,1.1794517323) (0.1585352349,1.5784737498) (0.0969861027,2.3182140699)
26. Current log-likelihood: -149721.3199173735 (after 436.8741333929 wall-clock sec)
Optimizing +R9 model parameters by 2-BFGS,EM algorithm...
Site proportion and rates:  (0.0149327247,0.0488885765) (0.0132955875,0.1777634821) (0.0676547052,0.2849313109) (0.1262836221,0.4308138508) (0.1427710437,0.6372236991) (0.1638631398,0.8694381038) (0.2158660271,1.1818118154) (0.1585626755,1.5816322760) (0.0967704744,2.3231587641)
27. Current log-likelihood: -149721.2767305723 (after 460.1742330659 wall-clock sec)
Optimizing +R9 model parameters by 2-BFGS,EM algorithm...
Site proportion and rates:  (0.0148994307,0.0488885765) (0.0133069912,0.1777634821) (0.0677157062,0.2855014587) (0.1262832201,0.4317291826) (0.1425082754,0.6384987839) (0.1635413681,0.8704262833) (0.2158715143,1.1829936273) (0.1589080174,1.5832139084) (0.0969654766,2.3257640524)
28. Current log-likelihood: -149721.2398411497 (after 477.0913533759 wall-clock sec)
Optimizing +R9 model parameters by 2-BFGS,EM algorithm...
Site proportion and rates:  (0.0148690101,0.0488885765) (0.0132971045,0.1777634821) (0.0675683756,0.2857869602) (0.1262186983,0.4321875887) (0.1423132935,0.6391588842) (0.1634464325,0.8712967096) (0.2158653810,1.1842607612) (0.1591442465,1.5847971224) (0.0972774579,2.3285102304)
29. Current log-likelihood: -149721.2074726351 (after 487.6358991129 wall-clock sec)
Optimizing +R9 model parameters by 2-BFGS,EM algorithm...
Site proportion and rates:  (0.0148517211,0.0488885765) (0.0133042006,0.1777634821) (0.0675944977,0.2860727473) (0.1262445976,0.4326197764) (0.1426344776,0.6398054921) (0.1637858557,0.8730401746) (0.2158046951,1.1866304672) (0.1587709372,1.5880885334) (0.0970090176,2.3309704688)
30. Current log-likelihood: -149721.1804626352 (after 507.3391231620 wall-clock sec)
Optimizing +R9 model parameters by 2-BFGS,EM algorithm...
Site proportion and rates:  (0.0148204759,0.0488885765) (0.0133203425,0.1777634821) (0.0676969167,0.2866451790) (0.1262599934,0.4335509953) (0.1423891175,0.6410857431) (0.1635161633,0.8740051956) (0.2158592176,1.1878387951) (0.1589371049,1.5897868883) (0.0972006684,2.3338419125)
31. Current log-likelihood: -149721.1459908219 (after 525.3124919060 wall-clock sec)
Optimizing +R9 model parameters by 2-BFGS,EM algorithm...
Site proportion and rates:  (0.0148044444,0.0488885765) (0.0133258669,0.1777634821) (0.0677299547,0.2869318243) (0.1262442518,0.4339845464) (0.1423552982,0.6417302904) (0.1635623068,0.8749197006) (0.2158603927,1.1890266340) (0.1589362499,1.5914510142) (0.0971812344,2.3364146552)
32. Current log-likelihood: -149721.1249991659 (after 534.4750039600 wall-clock sec)
Optimizing +R9 model parameters by 2-BFGS,EM algorithm...
Site proportion and rates:  (0.0147730242,0.0488885765) (0.0133440786,0.1777634821) (0.0677961432,0.2875059751) (0.1261582029,0.4348794895) (0.1421415141,0.6424351370) (0.1633753596,0.8757946204) (0.2158892646,1.1903666618) (0.1591591587,1.5931854490) (0.0973632541,2.3392003005)
33. Current log-likelihood: -149721.0923797508 (after 553.7764622610 wall-clock sec)
Optimizing +R9 model parameters by 2-BFGS,EM algorithm...
Site proportion and rates:  (0.0147560569,0.0488885765) (0.0133475779,0.1777634821) (0.0678343107,0.2877934812) (0.1263087011,0.4353143691) (0.1427508922,0.6437506424) (0.1635651583,0.8784246329) (0.2156093824,1.1939785201) (0.1587627399,1.5964761058) (0.0970651807,2.3445351503)
34. Current log-likelihood: -149721.0593830994 (after 577.7990516990 wall-clock sec)
Optimizing +R9 model parameters by 2-BFGS,EM algorithm...
Site proportion and rates:  (0.0147195534,0.0488885765) (0.0133407868,0.1777634821) (0.0676405770,0.2880812748) (0.1262273668,0.4357659464) (0.1425580204,0.6443943931) (0.1637936510,0.8793030576) (0.2159116429,1.1952142972) (0.1588313206,1.5997506906) (0.0969770811,2.3495792911)
35. Current log-likelihood: -149721.0219017914 (after 598.4062264350 wall-clock sec)
Optimizing +R9 model parameters by 2-BFGS,EM algorithm...
Site proportion and rates:  (0.0147026032,0.0488885765) (0.0133485681,0.1777634821) (0.0676628305,0.2883693561) (0.1262400689,0.4362017124) (0.1425610461,0.6450387876) (0.1638156227,0.8802710549) (0.2159181795,1.1964095116) (0.1588084699,1.6013504414) (0.0969426111,2.3521574743)
36. Current log-likelihood: -149721.0008571566 (after 611.6463136260 wall-clock sec)
Optimizing +R9 model parameters by 2-BFGS,EM algorithm...
Site proportion and rates:  (0.0146851959,0.0488885765) (0.0133562021,0.1777634821) (0.0676813513,0.2886577256) (0.1262492456,0.4366379142) (0.1425649645,0.6456838265) (0.1638204161,0.8812056698) (0.2158896261,1.1976059212) (0.1587882457,1.6029612965) (0.0969647527,2.3546391341)
37. Current log-likelihood: -149720.9796376430 (after 624.2157264550 wall-clock sec)
Optimizing +R9 model parameters by 2-BFGS,EM algorithm...
Site proportion and rates:  (0.0146670888,0.0488885765) (0.0133634661,0.1777634821) (0.0677004333,0.2889463834) (0.1262354745,0.4370745523) (0.1426017924,0.6463295104) (0.1638315154,0.8821218327) (0.2158800299,1.1988035272) (0.1588132452,1.6045769792) (0.0969069544,2.3570601597)
38. Current log-likelihood: -149720.9582953276 (after 633.3517382130 wall-clock sec)
Optimizing +R9 model parameters by 2-BFGS,EM algorithm...
Site proportion and rates:  (0.0146493007,0.0488885765) (0.0133711755,0.1777634821) (0.0677163824,0.2892353299) (0.1262431149,0.4375116269) (0.1425960834,0.6469758400) (0.1638313346,0.8830279828) (0.2158622025,1.2000023309) (0.1587957395,1.6062004864) (0.0969346665,2.3594759846)
39. Current log-likelihood: -149720.9369890155 (after 647.0116234110 wall-clock sec)
Optimizing +R9 model parameters by 2-BFGS,EM algorithm...
Site proportion and rates:  (0.0146170907,0.0488885765) (0.0133919237,0.1777634821) (0.0678059826,0.2898140900) (0.1262554892,0.4384496816) (0.1424006805,0.6482753658) (0.1635452657,0.8839444729) (0.2158470777,1.2012992484) (0.1590171463,1.6078423715) (0.0971193436,2.3620584083)
40. Current log-likelihood: -149720.9028040933 (after 662.3991600199 wall-clock sec)
Optimizing +R9 model parameters by 2-BFGS,EM algorithm...
Site proportion and rates:  (0.0145996037,0.0488885765) (0.0133971142,0.1777634821) (0.0678441677,0.2901039042) (0.1262662641,0.4388881314) (0.1423803986,0.6489236412) (0.1635234297,0.8848390823) (0.2158565700,1.2025005478) (0.1589968449,1.6094665079) (0.0971356072,2.3645519115)
41. Current log-likelihood: -149720.8822561935 (after 674.2870206799 wall-clock sec)
Optimizing +R9 model parameters by 2-BFGS,EM algorithm...
Site proportion and rates:  (0.0145671429,0.0488885765) (0.0133955001,0.1777634821) (0.0677136591,0.2903940082) (0.1262186162,0.4393473936) (0.1422277495,0.6495725650) (0.1634681441,0.8857523041) (0.2158615570,1.2038459722) (0.1591842134,1.6111352662) (0.0973634176,2.3671960531)
42. Current log-likelihood: -149720.8515859649 (after 685.4377761680 wall-clock sec)
Optimizing +R9 model parameters by 2-BFGS,EM algorithm...
Site proportion and rates:  (0.0145509824,0.0488885765) (0.0134055994,0.1777634821) (0.0677511148,0.2906844023) (0.1262287399,0.4397867411) (0.1422791728,0.6502221377) (0.1634835805,0.8866533171) (0.2158623468,1.2050672864) (0.1591778609,1.6127863162) (0.0972606025,2.3696915712)
43. Current log-likelihood: -149720.8316946223 (after 700.0712433630 wall-clock sec)
Optimizing +R9 model parameters by 2-BFGS,EM algorithm...
Site proportion and rates:  (0.0145345338,0.0488885765) (0.0134152360,0.1777634821) (0.0677876449,0.2909750868) (0.1262340351,0.4402265279) (0.1422803944,0.6508723599) (0.1635138457,0.8875512576) (0.2158529027,1.2062738245) (0.1591299700,1.6144506221) (0.0972514373,2.3721523122)
44. Current log-likelihood: -149720.8114675027 (after 712.3752759959 wall-clock sec)
Optimizing +R9 model parameters by 2-BFGS,EM algorithm...
Site proportion and rates:  (0.0145173827,0.0488885765) (0.0134243250,0.1777634821) (0.0678175754,0.2912660620) (0.1262362217,0.4406667545) (0.1422984053,0.6515232323) (0.1635283018,0.8884458973) (0.2158594883,1.2074814692) (0.1591016992,1.6161090484) (0.0972166006,2.3745704606)
45. Current log-likelihood: -149720.7909897457 (after 722.4622502880 wall-clock sec)
Optimizing +R9 model parameters by 2-BFGS,EM algorithm...
Site proportion and rates:  (0.0144998721,0.0488885765) (0.0134333339,0.1777634821) (0.0678440948,0.2915573281) (0.1262369287,0.4411074214) (0.1423145188,0.6521747557) (0.1635366548,0.8893388101) (0.2158673092,1.2086889508) (0.1590808457,1.6177638818) (0.0971864420,2.3769754881)
46. Current log-likelihood: -149720.7703604036 (after 731.6802443840 wall-clock sec)
Optimizing +R9 model parameters by 2-BFGS,EM algorithm...
Site proportion and rates:  (0.0144820869,0.0488885765) (0.0134423028,0.1777634821) (0.0678679719,0.2918488856) (0.1262369691,0.4415485289) (0.1423277548,0.6528269305) (0.1635427428,0.8902309372) (0.2158747334,1.2098976398) (0.1590637076,1.6194148390) (0.0971617307,2.3793749573)
47. Current log-likelihood: -149720.7496165637 (after 743.3151375300 wall-clock sec)
Optimizing +R9 model parameters by 2-BFGS,EM algorithm...
Site proportion and rates:  (0.0144640756,0.0488885765) (0.0134512571,0.1777634821) (0.0678896989,0.2921407346) (0.1262365500,0.4419900775) (0.1423384779,0.6534797576) (0.1635475024,0.8911228779) (0.2158814280,1.2111075375) (0.1590494395,1.6210623161) (0.0971415707,2.3817717585)
48. Current log-likelihood: -149720.7287824851 (after 753.3465756850 wall-clock sec)
Optimizing +R9 model parameters by 2-BFGS,EM algorithm...
Site proportion and rates:  (0.0144458750,0.0488885765) (0.0134602148,0.1777634821) (0.0679096589,0.2924328754) (0.1262357664,0.4424320677) (0.1423471732,0.6541332374) (0.1635512898,0.8920150229) (0.2158872999,1.2123186452) (0.1590376108,1.6227069278) (0.0971251111,2.3841673983)
49. Current log-likelihood: -149720.7078760692 (after 764.7871817669 wall-clock sec)
Optimizing +R9 model parameters by 2-BFGS,EM algorithm...
Site proportion and rates:  (0.0144275160,0.0488885765) (0.0134691896,0.1777634821) (0.0679281670,0.2927253084) (0.1262346847,0.4428744999) (0.1423542527,0.6547873708) (0.1635543203,0.8929076297) (0.2158923574,1.2135309639) (0.1590278535,1.6243493130) (0.0971116587,2.3865627847)
50. Current log-likelihood: -149720.6869122798 (after 773.9121073149 wall-clock sec)
Optimizing +R9 model parameters by 2-BFGS,EM algorithm...
Site proportion and rates:  (0.0144099245,0.0488885765) (0.0134771205,0.1777634821) (0.0679363230,0.2930180338) (0.1262498992,0.4433173745) (0.1423541526,0.6554421582) (0.1635559376,0.8938005375) (0.2158962726,1.2147444950) (0.1590197243,1.6259898026) (0.0971006457,2.3889588277)
51. Current log-likelihood: -149720.6659061089 (after 785.4148262340 wall-clock sec)
Optimizing +R9 model parameters by 2-BFGS,EM algorithm...
Site proportion and rates:  (0.0143913161,0.0488885765) (0.0134862070,0.1777634821) (0.0679519888,0.2933110519) (0.1262495159,0.4437606920) (0.1423576245,0.6560976005) (0.1635582622,0.8946943381) (0.2158999344,1.2159592396) (0.1590133391,1.6276292982) (0.0970918120,2.3913555605)
52. Current log-likelihood: -149720.6448583910 (after 796.9435356930 wall-clock sec)
Optimizing +R9 model parameters by 2-BFGS,EM algorithm...
Site proportion and rates:  (0.0143726061,0.0488885765) (0.0134952901,0.1777634821) (0.0679673137,0.2936043631) (0.1262479152,0.4442044528) (0.1423612285,0.6567536982) (0.1635598771,0.8955890326) (0.2159029352,1.2171751989) (0.1590081831,1.6292681906) (0.0970846511,2.3937533446)
53. Current log-likelihood: -149720.6237833210 (after 808.0268661269 wall-clock sec)
Optimizing +R9 model parameters by 2-BFGS,EM algorithm...
Site proportion and rates:  (0.0143386601,0.0488885765) (0.0134972890,0.1777634821) (0.0678497058,0.2938979675) (0.1261852192,0.4446820534) (0.1422111689,0.6574104520) (0.1635086013,0.8965089033) (0.2159053484,1.2185378343) (0.1591905589,1.6309429311) (0.0973134485,2.3963560893)
54. Current log-likelihood: -149720.5934258344 (after 821.1981090719 wall-clock sec)
Optimizing +R9 model parameters by 2-BFGS,EM algorithm...
Site proportion and rates:  (0.0143222395,0.0488885765) (0.0135082556,0.1777634821) (0.0678884856,0.2941918656) (0.1261948764,0.4451267355) (0.1422631929,0.6580678625) (0.1635248744,0.8974179257) (0.2159044057,1.2197719560) (0.1591775823,1.6325976287) (0.0972160877,2.3988288653)
55. Current log-likelihood: -149720.5738171367 (after 834.7919891139 wall-clock sec)
Optimizing +R9 model parameters by 2-BFGS,EM algorithm...
Site proportion and rates:  (0.0143055606,0.0488885765) (0.0135188112,0.1777634821) (0.0679254736,0.2944860576) (0.1262005557,0.4455718624) (0.1422649559,0.6587259305) (0.1635553709,0.8983248532) (0.2158935344,1.2209917281) (0.1591260579,1.6342658374) (0.0972096799,2.4012771965)
56. Current log-likelihood: -149720.5538597070 (after 846.4117725899 wall-clock sec)
Optimizing +R9 model parameters by 2-BFGS,EM algorithm...
Site proportion and rates:  (0.0142890745,0.0488885765) (0.0135278014,0.1777634821) (0.0679464822,0.2947805437) (0.1262196812,0.4460174343) (0.1422775313,0.6593846565) (0.1635692817,0.8992283008) (0.2158979162,1.2222127199) (0.1590942910,1.6359291151) (0.0971779404,2.4036907562)
57. Current log-likelihood: -149720.5336477391 (after 857.8082123620 wall-clock sec)
Optimizing +R9 model parameters by 2-BFGS,EM algorithm...
Site proportion and rates:  (0.0142713415,0.0488885765) (0.0135377710,0.1777634821) (0.0679724817,0.2950753244) (0.1262219052,0.4464634519) (0.1422927415,0.6600440413) (0.1635786170,0.9001304689) (0.2159040911,1.2234349327) (0.1590704269,1.6375907063) (0.0971506242,2.4060966124)
58. Current log-likelihood: -149720.5132666232 (after 869.6622287129 wall-clock sec)
Optimizing +R9 model parameters by 2-BFGS,EM algorithm...
Site proportion and rates:  (0.0142533411,0.0488885765) (0.0135476253,0.1777634821) (0.0679961981,0.2953703998) (0.1262223748,0.4469099154) (0.1423060334,0.6607040854) (0.1635853670,0.9010324809) (0.2159098937,1.2246583677) (0.1590507855,1.6392502115) (0.0971283811,2.4085027091)
59. Current log-likelihood: -149720.4927616126 (after 879.2539489079 wall-clock sec)
Optimizing +R9 model parameters by 2-BFGS,EM algorithm...
Site proportion and rates:  (0.0142351343,0.0488885765) (0.0135574251,0.1777634821) (0.0680177277,0.2956657703) (0.1262222536,0.4473568254) (0.1423170156,0.6613647896) (0.1635906499,0.9019347523) (0.2159150673,1.2258830262) (0.1590345187,1.6409079179) (0.0971102077,2.4109112119)
60. Current log-likelihood: -149720.4721610210 (after 892.4244875419 wall-clock sec)
Optimizing +R9 model parameters by 2-BFGS,EM algorithm...
Site proportion and rates:  (0.0142167611,0.0488885765) (0.0135671917,0.1777634821) (0.0680374467,0.2959614362) (0.1262217282,0.4478041823) (0.1423260363,0.6620261545) (0.1635948957,0.9028375105) (0.2159195423,1.2271089093) (0.1590211026,1.6425643370) (0.0970952954,2.4133221232)
61. Current log-likelihood: -149720.4514850194 (after 900.7776695739 wall-clock sec)
Optimizing +R9 model parameters by 2-BFGS,EM algorithm...
Site proportion and rates:  (0.0141982531,0.0488885765) (0.0135769380,0.1777634821) (0.0680556806,0.2962573977) (0.1262208823,0.4482519866) (0.1423334668,0.6626881808) (0.1635983393,0.9037409045) (0.2159233555,1.2283360183) (0.1590100497,1.6442199142) (0.0970830346,2.4157354454)
62. Current log-likelihood: -149720.4307501711 (after 915.7267992119 wall-clock sec)
Optimizing +R9 model parameters by 2-BFGS,EM algorithm...
Site proportion and rates:  (0.0141796374,0.0488885765) (0.0135866734,0.1777634821) (0.0680726990,0.2965536552) (0.1262197769,0.4487002387) (0.1423396176,0.6633508690) (0.1636011439,0.9046450331) (0.2159265761,1.2295643545) (0.1590009395,1.6458750352) (0.0970729362,2.4181511810)
63. Current log-likelihood: -149720.4099704370 (after 925.4486149900 wall-clock sec)
Optimizing +R9 model parameters by 2-BFGS,EM algorithm...
Site proportion and rates:  (0.0141609363,0.0488885765) (0.0135964050,0.1777634821) (0.0680887221,0.2968502089) (0.1262184615,0.4491489391) (0.1423447401,0.6640142200) (0.1636034365,0.9055499620) (0.2159292808,1.2307939189) (0.1589934181,1.6475300339) (0.0970645996,2.4205693323)
64. Current log-likelihood: -149720.3891576005 (after 937.4466546859 wall-clock sec)
Optimizing +R9 model parameters by 2-BFGS,EM algorithm...
Site proportion and rates:  (0.0141439715,0.0488885765) (0.0136019802,0.1777634821) (0.0680824093,0.2971470592) (0.1262508185,0.4495980881) (0.1423437108,0.6646782343) (0.1636035119,0.9064557342) (0.2159300071,1.2320247129) (0.1589863373,1.6491851987) (0.0970572533,2.4229899017)
65. Current log-likelihood: -149720.3683278099 (after 950.7311323029 wall-clock sec)
Optimizing +R9 model parameters by 2-BFGS,EM algorithm...
Site proportion and rates:  (0.0141091510,0.0488885765) (0.0136084824,0.1777634821) (0.0679691521,0.2974442064) (0.1261871741,0.4500828444) (0.1422468702,0.6653429127) (0.1635110539,0.9075333718) (0.2159065619,1.2333888800) (0.1591738049,1.6508768763) (0.0972877494,2.4256072490)
66. Current log-likelihood: -149720.3379187682 (after 963.2119536450 wall-clock sec)
Optimizing +R9 model parameters by 2-BFGS,EM algorithm...
Site proportion and rates:  (0.0140920668,0.0488885765) (0.0136208448,0.1777634821) (0.0680165376,0.2977416507) (0.1261728959,0.4505329273) (0.1423356606,0.6660082557) (0.1635563155,0.9085509241) (0.2158538806,1.2346564481) (0.1591607896,1.6525486202) (0.0971910086,2.4280976670)
67. Current log-likelihood: -149720.3182833623 (after 976.1883229780 wall-clock sec)
Optimizing +R9 model parameters by 2-BFGS,EM algorithm...
Site proportion and rates:  (0.0140759562,0.0488885765) (0.0136308481,0.1777634821) (0.0680457170,0.2980393925) (0.1261936715,0.4509834603) (0.1423640582,0.6666742640) (0.1635821732,0.9095394213) (0.2158171352,1.2359237642) (0.1591053339,1.6542370606) (0.0971851068,2.4305666170)
68. Current log-likelihood: -149720.2983446353 (after 989.0984727850 wall-clock sec)
Optimizing +R9 model parameters by 2-BFGS,EM algorithm...
Site proportion and rates:  (0.0140585755,0.0488885765) (0.0136413172,0.1777634821) (0.0680750973,0.2983374320) (0.1261949353,0.4514344439) (0.1423999989,0.6673409384) (0.1636094933,0.9105060382) (0.2158003836,1.2371913447) (0.1590662697,1.6559264700) (0.0971539292,2.4330040040)
69. Current log-likelihood: -149720.2781771926 (after 997.6778777610 wall-clock sec)
Optimizing +R9 model parameters by 2-BFGS,EM algorithm...
Site proportion and rates:  (0.0140408448,0.0488885765) (0.0136516141,0.1777634821) (0.0681010768,0.2986357695) (0.1261945058,0.4518858784) (0.1424286894,0.6680082794) (0.1636311021,0.9114587474) (0.2157903762,1.2384571968) (0.1590348954,1.6576178612) (0.0971268954,2.4354376436)
70. Current log-likelihood: -149720.2578693486 (after 1009.2237595409 wall-clock sec)
Optimizing +R9 model parameters by 2-BFGS,EM algorithm...
Site proportion and rates:  (0.0140216434,0.0488885765) (0.0136400425,0.1777634821) (0.0680445480,0.2986357695) (0.1262948397,0.4523377644) (0.1424512335,0.6686762878) (0.1636494264,0.9124019529) (0.2157851084,1.2397202862) (0.1590085774,1.6593093779) (0.0971045807,2.4378735433)
71. Current log-likelihood: -149720.2377561470 (after 1019.8830028609 wall-clock sec)
Optimizing +R9 model parameters by 2-BFGS,EM algorithm...
Site proportion and rates:  (0.0140044959,0.0488885765) (0.0136522436,0.1777634821) (0.0680585945,0.2989344054) (0.1263092047,0.4528094455) (0.1424800588,0.6693449642) (0.1636552853,0.9133341029) (0.2157809268,1.2409759642) (0.1589798631,1.6609969509) (0.0970793273,2.4403114170)
72. Current log-likelihood: -149720.2174577152 (after 1029.3286095200 wall-clock sec)
Optimizing +R9 model parameters by 2-BFGS,EM algorithm...
Site proportion and rates:  (0.0139865655,0.0488885765) (0.0136625090,0.1777634821) (0.0680829883,0.2992333399) (0.1263103978,0.4532664464) (0.1424951146,0.6700143093) (0.1636661145,0.9142620960) (0.2157822847,1.2422263013) (0.1589569111,1.6626829555) (0.0970571146,2.4427517285)
73. Current log-likelihood: -149720.1971675954 (after 1041.0122805820 wall-clock sec)
Optimizing +R9 model parameters by 2-BFGS,EM algorithm...
Site proportion and rates:  (0.0139684763,0.0488885765) (0.0136726656,0.1777634821) (0.0681041122,0.2995325733) (0.1263101927,0.4537197130) (0.1425085428,0.6706843237) (0.1636746882,0.9151867760) (0.2157839071,1.2434746589) (0.1589386073,1.6643676828) (0.0970388077,2.4451944803)
74. Current log-likelihood: -149720.1768041837 (after 1052.7223644890 wall-clock sec)
Optimizing +R9 model parameters by 2-BFGS,EM algorithm...
Site proportion and rates:  (0.0139502421,0.0488885765) (0.0136827917,0.1777634821) (0.0681233059,0.2998321060) (0.1263095716,0.4541734328) (0.1425196578,0.6713550081) (0.1636809897,0.9161094251) (0.2157858458,1.2447219695) (0.1589239397,1.6660507964) (0.0970236556,2.4476396749)
75. Current log-likelihood: -149720.1563809513 (after 1064.4281854980 wall-clock sec)
Optimizing +R9 model parameters by 2-BFGS,EM algorithm...
Site proportion and rates:  (0.0139319012,0.0488885765) (0.0136928724,0.1777634821) (0.0681410692,0.3001319382) (0.1263086948,0.4546276063) (0.1425286971,0.6720263632) (0.1636856903,0.9170307978) (0.2157878935,1.2459687927) (0.1589121180,1.6677324258) (0.0970110635,2.4500873147)
76. Current log-likelihood: -149720.1359157863 (after 1078.1044938950 wall-clock sec)
Optimizing +R9 model parameters by 2-BFGS,EM algorithm...
Site proportion and rates:  (0.0139134807,0.0488885765) (0.0137029159,0.1777634821) (0.0681576865,0.3004320702) (0.1263076232,0.4550822340) (0.1425360865,0.6726983897) (0.1636891959,0.9179514430) (0.2157898855,1.2472155473) (0.1589025678,1.6694128702) (0.0970005580,2.4525374021)
77. Current log-likelihood: -149720.1154221517 (after 1089.2986505360 wall-clock sec)
Optimizing +R9 model parameters by 2-BFGS,EM algorithm...
Site proportion and rates:  (0.0138950027,0.0488885765) (0.0137129295,0.1777634821) (0.0681733842,0.3007325024) (0.1263063961,0.4555373164) (0.1425421869,0.6733710882) (0.1636918475,0.9188718075) (0.2157917374,1.2484627629) (0.1588947742,1.6710925393) (0.0969917416,2.4549899396)
78. Current log-likelihood: -149720.0949103671 (after 1100.6585583610 wall-clock sec)
Optimizing +R9 model parameters by 2-BFGS,EM algorithm...
Site proportion and rates:  (0.0138764843,0.0488885765) (0.0137229185,0.1777634821) (0.0681883419,0.3010332350) (0.1263050443,0.4559928538) (0.1425472967,0.6740444594) (0.1636940198,0.9197923087) (0.2157934225,1.2497112258) (0.1588881972,1.6727719866) (0.0969842749,2.4574449296)
79. Current log-likelihood: -149720.0743877810 (after 1112.1502405050 wall-clock sec)
Optimizing +R9 model parameters by 2-BFGS,EM algorithm...
Site proportion and rates:  (0.0138579393,0.0488885765) (0.0137328868,0.1777634821) (0.0682026996,0.3013342683) (0.1263035898,0.4564488467) (0.1425516344,0.6747185039) (0.1636958498,0.9207132223) (0.2157949350,1.2509609371) (0.1588825594,1.6744516491) (0.0969779058,2.4599023746)
80. Current log-likelihood: -149720.0538619207 (after 1123.7360733210 wall-clock sec)
Optimizing +R9 model parameters by 2-BFGS,EM algorithm...
Site proportion and rates:  (0.0138393787,0.0488885765) (0.0137428374,0.1777634821) (0.0682165707,0.3016356027) (0.1263020512,0.4569052957) (0.1425553778,0.6753932225) (0.1636974158,0.9216347273) (0.2157962792,1.2522118981) (0.1588776724,1.6761318498) (0.0969724167,2.4623622771)
81. Current log-likelihood: -149720.0333391340 (after 1135.2339050779 wall-clock sec)
Optimizing +R9 model parameters by 2-BFGS,EM algorithm...
Site proportion and rates:  (0.0138063220,0.0488885765) (0.0137443227,0.1777634821) (0.0680832551,0.3019372384) (0.1264012765,0.4573622011) (0.1424971625,0.6767526278) (0.1634362824,0.9225880804) (0.2157924933,1.2536185726) (0.1590820624,1.6778520149) (0.0971568230,2.4650164823)
82. Current log-likelihood: -149720.0021927974 (after 1153.8852279489 wall-clock sec)
Optimizing +R9 model parameters by 2-BFGS,EM algorithm...
Site proportion and rates:  (0.0137901480,0.0488885765) (0.0137557810,0.1777634821) (0.0681194252,0.3022391757) (0.1264119630,0.4578279781) (0.1425376557,0.6774293805) (0.1634262604,0.9235357089) (0.2157983975,1.2548774388) (0.1590528255,1.6795488616) (0.0971075439,2.4675699235)
83. Current log-likelihood: -149719.9830292979 (after 1170.3005446550 wall-clock sec)
Optimizing +R9 model parameters by 2-BFGS,EM algorithm...
Site proportion and rates:  (0.0137730777,0.0488885765) (0.0137663186,0.1777634821) (0.0681487794,0.3025414150) (0.1264137573,0.4582858062) (0.1425636110,0.6781068100) (0.1634355736,0.9244753469) (0.2158000414,1.2561323164) (0.1590291351,1.6812578321) (0.0970697060,2.4700831125)
84. Current log-likelihood: -149719.9634112584 (after 1182.1047598689 wall-clock sec)
Optimizing +R9 model parameters by 2-BFGS,EM algorithm...
Site proportion and rates:  (0.0137556830,0.0488885765) (0.0137767067,0.1777634821) (0.0681742632,0.3028439565) (0.1264146699,0.4587440921) (0.1425829542,0.6787849169) (0.1634441072,0.9254105114) (0.2158026987,1.2573884488) (0.1590088693,1.6829682051) (0.0970400477,2.4725784364)
85. Current log-likelihood: -149719.9436137228 (after 1199.8535350700 wall-clock sec)
Optimizing +R9 model parameters by 2-BFGS,EM algorithm...
Site proportion and rates:  (0.0137380955,0.0488885765) (0.0137869917,0.1777634821) (0.0681971865,0.3031468006) (0.1264151624,0.4592028363) (0.1425983217,0.6794637019) (0.1634510885,0.9263429844) (0.2158061962,1.2586458373) (0.1589910124,1.6846772253) (0.0970159451,2.4750655770)
86. Current log-likelihood: -149719.9237224500 (after 1216.2346319649 wall-clock sec)
Optimizing +R9 model parameters by 2-BFGS,EM algorithm...
Site proportion and rates:  (0.0137206535,0.0488885765) (0.0137970747,0.1777634821) (0.0682137334,0.3034499475) (0.1264235087,0.4596620392) (0.1426062559,0.6801431657) (0.1634567959,0.9272732017) (0.2158102122,1.2599044833) (0.1589755646,1.6863840630) (0.0969962011,2.4775493776)
87. Current log-likelihood: -149719.9037648641 (after 1228.8415074119 wall-clock sec)
Optimizing +R9 model parameters by 2-BFGS,EM algorithm...
Site proportion and rates:  (0.0137038103,0.0488885765) (0.0138072112,0.1777634821) (0.0682320965,0.3037533975) (0.1264104307,0.4601217014) (0.1425740146,0.6808233090) (0.1635130857,0.9282027390) (0.2158018897,1.2611643879) (0.1589365917,1.6880892765) (0.0970208696,2.4800318253)
88. Current log-likelihood: -149719.8837783071 (after 1240.8045027549 wall-clock sec)
Optimizing +R9 model parameters by 2-BFGS,EM algorithm...
Site proportion and rates:  (0.0136847649,0.0488885765) (0.0138172498,0.1777634821) (0.0682496489,0.3040571510) (0.1264237891,0.4605818232) (0.1426192154,0.6815041324) (0.1634704077,0.9291314056) (0.2158152745,1.2624255523) (0.1589479855,1.6897874529) (0.0969716642,2.4825118572)
89. Current log-likelihood: -149719.8636760655 (after 1254.2737450419 wall-clock sec)
Optimizing +R9 model parameters by 2-BFGS,EM algorithm...
Site proportion and rates:  (0.0136677569,0.0488885765) (0.0138272729,0.1777634821) (0.0682657001,0.3043612083) (0.1264091939,0.4610424051) (0.1425875236,0.6821856366) (0.1635205523,0.9300618352) (0.2158078944,1.2636879780) (0.1589157784,1.6914913312) (0.0969983275,2.4849943692)
90. Current log-likelihood: -149719.8436198403 (after 1268.3051755929 wall-clock sec)
Optimizing +R9 model parameters by 2-BFGS,EM algorithm...
Site proportion and rates:  (0.0136486155,0.0488885765) (0.0138372223,0.1777634821) (0.0682814449,0.3046655696) (0.1264220305,0.4615034476) (0.1426312628,0.6828678224) (0.1634760404,0.9309918972) (0.2158205427,1.2649516661) (0.1589304948,1.6931889635) (0.0969523461,2.4874793637)
91. Current log-likelihood: -149719.8234868622 (after 1282.1025343749 wall-clock sec)
Optimizing +R9 model parameters by 2-BFGS,EM algorithm...
Site proportion and rates:  (0.0136315398,0.0488885765) (0.0138471722,0.1777634821) (0.0682960586,0.3049702353) (0.1264070610,0.4619649512) (0.1425980718,0.6835506903) (0.1635253074,0.9319238177) (0.2158125940,1.2662166178) (0.1589006168,1.6948930755) (0.0969815784,2.4899668431)
92. Current log-likelihood: -149719.8034224607 (after 1292.2448690479 wall-clock sec)
Optimizing +R9 model parameters by 2-BFGS,EM algorithm...
Site proportion and rates:  (0.0136123619,0.0488885765) (0.0138570540,0.1777634821) (0.0683106204,0.3052752056) (0.1264196736,0.4624269162) (0.1426406167,0.6842342411) (0.1634802021,0.9328557416) (0.2158244187,1.2674828346) (0.1589172727,1.6965915581) (0.0969377799,2.4924568101)
93. Current log-likelihood: -149719.7832967747 (after 1306.1678637889 wall-clock sec)
Optimizing +R9 model parameters by 2-BFGS,EM algorithm...
Site proportion and rates:  (0.0135952647,0.0488885765) (0.0138669492,0.1777634821) (0.0683242941,0.3055804809) (0.1264044751,0.4628893432) (0.1426064379,0.6849184754) (0.1635289724,0.9337893039) (0.2158160345,1.2687503175) (0.1588888964,1.6982969808) (0.0969686757,2.4949492670)
94. Current log-likelihood: -149719.7632538067 (after 1315.3842545189 wall-clock sec)
Optimizing +R9 model parameters by 2-BFGS,EM algorithm...
Site proportion and rates:  (0.0135620722,0.0488885765) (0.0138701236,0.1777634821) (0.0682042441,0.3058860615) (0.1263696611,0.4634092796) (0.1424807261,0.6856033940) (0.1634338414,0.9347479200) (0.2158215767,1.2701646961) (0.1590963059,1.7000331618) (0.0971614491,2.4976319276)
95. Current log-likelihood: -149719.7338680202 (after 1335.4017337000 wall-clock sec)
Optimizing +R9 model parameters by 2-BFGS,EM algorithm...
Site proportion and rates:  (0.0135468536,0.0488885765) (0.0138812768,0.1777634821) (0.0682412996,0.3061919476) (0.1263874063,0.4638732510) (0.1425064670,0.6862889975) (0.1634572837,0.9356927239) (0.2158124601,1.2714387265) (0.1590608059,1.7017494488) (0.0971061470,2.5002010469)
96. Current log-likelihood: -149719.7153966294 (after 1346.4300572909 wall-clock sec)
Optimizing +R9 model parameters by 2-BFGS,EM algorithm...
Site proportion and rates:  (0.0135306497,0.0488885765) (0.0138919084,0.1777634821) (0.0682758088,0.3064981397) (0.1263916657,0.4643371244) (0.1425329674,0.6869752866) (0.1634730186,0.9366354123) (0.2158149181,1.2727101654) (0.1590283106,1.7034765017) (0.0970607527,2.5027288823)
97. Current log-likelihood: -149719.6965213415 (after 1365.9746192709 wall-clock sec)
Optimizing +R9 model parameters by 2-BFGS,EM algorithm...
Site proportion and rates:  (0.0135140601,0.0488885765) (0.0139023347,0.1777634821) (0.0683058277,0.3068046379) (0.1263941713,0.4648014616) (0.1425550019,0.6876622620) (0.1634844413,0.9375769561) (0.2158200614,1.2739828756) (0.1589992317,1.7052064158) (0.0970248699,2.5052391320)
98. Current log-likelihood: -149719.6774425505 (after 1377.6420289800 wall-clock sec)
Optimizing +R9 model parameters by 2-BFGS,EM algorithm...
Site proportion and rates:  (0.0134972101,0.0488885765) (0.0139126226,0.1777634821) (0.0683325194,0.3071114427) (0.1263958832,0.4652662632) (0.1425732286,0.6883499243) (0.1634935363,0.9385179038) (0.2158257030,1.2752568586) (0.1589736779,1.7069359345) (0.0969956189,2.5077443713)
99. Current log-likelihood: -149719.6582372576 (after 1396.8359712539 wall-clock sec)
Optimal log-likelihood: -149719.6582372576
Parameters optimization took 99 rounds (1396.8362481339 sec)
BEST SCORE FOUND : -149719.6582372576
Creating bootstrap support values...
1000 tree(s) converted
max_tree_id = 1   max_weight = 1 (0.1000000000%)
Using hash_map
Converting collection of tree(s) into split system...
5526 splits found
Split supports printed to NEXUS file all_MBL-like_tree.splits.nex
Total tree length: 196.4748985804

Total number of iterations: 338
CPU time used for tree search: 232049.6898810000 sec (64h:27m:29s)
Wall-clock time used for tree search: 60636.1876090320 sec (16h:50m:36s)
Total CPU time used: 237828.8465740000 sec (66h:3m:48s)
Total wall-clock time used: 62142.5905501059 sec (17h:15m:42s)
1000 tree(s) converted
UFBoot trees printed to all_MBL-like_tree.ufboot

Computing bootstrap consensus tree...
Reading input file all_MBL-like_tree.splits.nex...
Reading "TAXA" block...
Reading "SPLITS" block...
508 taxa and 5526 splits.
Rescaling split weights by 1.0000000000
Consensus tree written to all_MBL-like_tree.contree
Reading input trees file all_MBL-like_tree.contree
Log-likelihood of consensus tree: -149715.4570683269
Best tree printed to all_MBL-like_tree.treefile
Tree contains 508 taxa and 1013 branches

Analysis results written to: 
  IQ-TREE report:                all_MBL-like_tree.iqtree
  Maximum-likelihood tree:       all_MBL-like_tree.treefile
  Likelihood distances:          all_MBL-like_tree.mldist

Ultrafast bootstrap approximation results written to:
  Split support values:          all_MBL-like_tree.splits.nex
  Consensus tree:                all_MBL-like_tree.contree
  UFBoot trees:                  all_MBL-like_tree.ufboot
  Screen log file:               all_MBL-like_tree.log

Date and Time: Thu Apr 18 16:49:59 2024
