contig	qseqid	qstart	qend	sseqid	slen	Protein_Class	Protein_Cluster	Protein_Family
ERR4183125_contigs.fasta	NODE_108717_length_1102_cov_15.200573	1087	305	27873091_len_307_MetaAn_63	307	B3	B3-V	Undefined
ERR4183125_contigs.fasta	NODE_114725_length_1062_cov_36.192651	962	231	SPA_MetaAn_7_l244_st841_e1572_se-1_ID=76957_2	244	B1	B1-I	Undefined
ERR4183125_contigs.fasta	NODE_116523_length_1051_cov_7.533133	1030	287	SPA_MetaAn_3_l250_st354_e1103_se-1_ID=35239_1	250	B1	B1-III	Undefined
ERR4183125_contigs.fasta	NODE_1414_length_17043_cov_25.401695	361	1161	SPA_MetaAn_29_l286_st2499_e3356_se-1_ID=17789_3	286	B3	B3-I	Undefined
ERR4183125_contigs.fasta	NODE_18814_length_3632_cov_3.697512	435	1193	23397207_len_254_MetaAn_9	254	B1	B1-III	Undefined
ERR4183125_contigs.fasta	NODE_3733_length_10094_cov_46.418468	2	760	22690222_len_272_MetaAn_10	272	B1	B1-III	Undefined
ERR4183125_contigs.fasta	NODE_418_length_29391_cov_5.761181	6905	7849	1771985_len_316_MetaAn_10	316	B3	B3-V	Undefined
ERR4183125_contigs.fasta	NODE_46466_length_1976_cov_19.504945	178	975	SPA_MetaAn_10_l266_st178_e975_se1_ID=46466_1	266	B1	B1-III	Undefined
ERR4183125_contigs.fasta	NODE_46510_length_1975_cov_29.020833	1452	598	SPA_MetaAn_29_l286_st2499_e3356_se-1_ID=17789_3	286	B3	B3-I	Undefined
ERR4183125_contigs.fasta	NODE_52814_length_1810_cov_5.323077	919	1809	17031532_len_303_MetaAn_10	303	A	A-II	Undefined
ERR4183125_contigs.fasta	NODE_53686_length_1790_cov_15.040346	156	956	18804218_len_268_MetaAn_10	268	B1	B1-III	Undefined
ERR4183125_contigs.fasta	NODE_86358_length_1292_cov_9.304770	912	166	SPA_MetaAn_3_l250_st354_e1103_se-1_ID=35239_1	250	B1	B1-III	Undefined
ERR4183125_contigs.fasta	NODE_95782_length_1203_cov_9.625436	52	897	30337254_len_307_MetaAn_63	307	B3	B3-V	Undefined
ERR4183125_contigs.fasta	NODE_95782_length_1203_cov_9.625436	1	903	3275363_len_333_MetaAn_10	333	B3	B3-V	Undefined
ERR4183125_contigs.fasta	NODE_97968_length_1185_cov_11.398230	328	1086	973004_len_254_MetaAn_57	254	B1	B1-III	Undefined
ERR5891194_contigs.fasta	NODE_2403_length_6153_cov_3.463431	1363	2202	SPA_MetaAn_29_l286_st2499_e3356_se-1_ID=17789_3	286	B3	B3-I	Undefined
ERR5891194_contigs.fasta	NODE_27318_length_1297_cov_1.392110	1293	631	9857620_len_271_MetaAn_3	271	B1	B1-III	Undefined
ERR5891194_contigs.fasta	NODE_27318_length_1297_cov_1.392110	1296	634	22944373_len_268_MetaAn_3	268	B1	B1-III	Undefined
ERR5891194_contigs.fasta	NODE_4071_length_4212_cov_3.297089	1938	2639	3249892_len_245_MetaAn_57	245	B1	B1-III	Undefined
ERR5891194_contigs.fasta	NODE_4071_length_4212_cov_3.297089	1920	2669	13840631_len_254_MetaAn_9	254	B1	B1-III	Undefined
ERR5891194_contigs.fasta	NODE_8342_length_2614_cov_1.960922	1370	669	SPA_MetaAn_29_l286_st2499_e3356_se-1_ID=17789_3	286	B3	B3-I	Undefined
ERR5891194_contigs.fasta	NODE_8635_length_2563_cov_2.231260	1220	2389	SPA_MetaAn_16_l390_st1220_e2389_se1_ID=8635_3	390	C	C-I	Undefined
SRR5881985_contigs.fasta	NODE_10100_length_8875_cov_13.648639	6540	5668	23181725_len_292_MetaAn_17	292	D	D-I	Undefined
SRR5881985_contigs.fasta	NODE_119899_length_2156_cov_3.005236	951	1856	3795181_len_310_MetaAn_58	310	B3	B3-V	Undefined
SRR5881985_contigs.fasta	NODE_119899_length_2156_cov_3.005236	954	1868	SPA_MetaAn_17_l305_st954_e1868_se1_ID=119899_3	305	B3	B3-V	Undefined
SRR5881985_contigs.fasta	NODE_120899_length_2145_cov_6.006220	482	1339	50151731_len_310_MetaAn_17	310	D	D-III	Undefined
SRR5881985_contigs.fasta	NODE_125791_length_2095_cov_2.324020	1912	902	SPA_MetaAn_17_l337_st902_e1912_se-1_ID=125791_2	337	A	A-I	Undefined
SRR5881985_contigs.fasta	NODE_155_length_50457_cov_6.283977	2880	3812	SPA_MetaAn_17_l311_st2880_e3812_se1_ID=155_3	311	B3	B3-V	Undefined
SRR5881985_contigs.fasta	NODE_156286_length_1839_cov_8.979260	390	1334	26562918_len_325_MetaAn_74	325	A	A-I	Undefined
SRR5881985_contigs.fasta	NODE_156286_length_1839_cov_8.979260	354	1349	29793731_len_333_MetaAn_17	333	A	A-I	Undefined
SRR5881985_contigs.fasta	NODE_173183_length_1729_cov_5.042413	645	1550	11671458_len_355_MetaAn_23	355	A	A-II	Undefined
SRR5881985_contigs.fasta	NODE_173183_length_1729_cov_5.042413	660	1568	SPA_MetaAn_34_l303_st116_e1024_se-1_ID=37528_1	303	A	A-II	Undefined
SRR5881985_contigs.fasta	NODE_17374_length_6579_cov_4.134733	346	1296	SPA_MetaAn_17_l317_st346_e1296_se1_ID=17374_2	317	A	A-I	Undefined
SRR5881985_contigs.fasta	NODE_253050_length_1377_cov_1.918306	1326	427	45804876_len_301_MetaAn_17	301	B3	B3-III	Undefined
SRR5881985_contigs.fasta	NODE_258418_length_1359_cov_8.796779	388	1347	SPA_MetaAn_17_l320_st888_e1847_se-1_ID=73518_3	320	A	A-I	Undefined
SRR5881985_contigs.fasta	NODE_26834_length_5144_cov_3.952053	4958	4023	16890034_len_312_MetaAn_17	312	B3	B3-III	Undefined
SRR5881985_contigs.fasta	NODE_26834_length_5144_cov_3.952053	4955	4026	SPA_MetaAn_25_l314_st245_e1186_se-1_ID=93904_2	314	B3	B3-III	Undefined
SRR5881985_contigs.fasta	NODE_307742_length_1224_cov_1.327630	1223	489	2673278_len_305_MetaAn_58	305	B3	B3-V	Undefined
SRR5881985_contigs.fasta	NODE_40095_length_4097_cov_2.180851	2552	1629	SPA_MetaAn_17_l308_st1629_e2552_se-1_ID=40095_5	308	B3	B3-V	Undefined
SRR5881985_contigs.fasta	NODE_43852_length_3889_cov_3.014867	2112	2999	SPA_MetaAn_17_l296_st2112_e2999_se1_ID=43852_3	296	A	A-IV	Undefined
SRR5881985_contigs.fasta	NODE_444736_length_981_cov_7.750540	980	264	16189565_len_246_MetaAn_17	246	B1	B1-I	Undefined
SRR5881985_contigs.fasta	NODE_45924_length_3784_cov_2.218289	905	105	850015_len_267_MetaAn_74	267	D	D-III	Undefined
SRR5881985_contigs.fasta	NODE_470382_length_950_cov_1.486034	950	93	SPA_MetaAn_74_l303_st120_e1028_se1_ID=10415_2	303	A	A-II	Undefined
SRR5881985_contigs.fasta	NODE_52059_length_3521_cov_7.168494	2284	3330	11158066_len_350_MetaAn_17	350	A	A-IV	Undefined
SRR5881985_contigs.fasta	NODE_573831_length_845_cov_1.368354	15	755	SPA_MetaAn_22_l286_st190_e1047_se-1_ID=33691_2	286	D	D-I	Undefined
SRR5881985_contigs.fasta	NODE_61119_length_3206_cov_4.543320	955	1797	SPA_MetaAn_69_l301_st11_e913_se-1_ID=149249_1	301	B3	B3-IV	Undefined
SRR5881985_contigs.fasta	NODE_61119_length_3206_cov_4.543320	970	1809	SPA_MetaAn_61_l302_st2155_e3060_se-1_ID=52238_3	302	B3	B3-IV	Undefined
SRR5881985_contigs.fasta	NODE_61119_length_3206_cov_4.543320	964	1812	11546758_len_305_MetaAn_50	305	B3	B3-IV	Undefined
SRR5881985_contigs.fasta	NODE_61119_length_3206_cov_4.543320	937	1824	SPA_MetaAn_31_l296_st1278_e2165_se1_ID=66015_2	296	B3	B3-IV	Undefined
SRR5881985_contigs.fasta	NODE_63455_length_3138_cov_2.543626	1477	2421	SPA_MetaAn_17_l320_st888_e1847_se-1_ID=73518_3	320	A	A-I	Undefined
SRR5881985_contigs.fasta	NODE_63455_length_3138_cov_2.543626	1462	2433	14482245_len_325_MetaAn_31	325	A	A-I	Undefined
SRR5881985_contigs.fasta	NODE_641419_length_791_cov_1.614130	8	790	SPA_MetaAn_74_l303_st316_e1224_se1_ID=154258_1	303	A	A-II	Undefined
SRR5881985_contigs.fasta	NODE_73518_length_2877_cov_3.875620	1847	888	SPA_MetaAn_17_l320_st888_e1847_se-1_ID=73518_3	320	A	A-I	Undefined
SRR5881985_contigs.fasta	NODE_73518_length_2877_cov_3.875620	1844	900	26562918_len_325_MetaAn_74	325	A	A-I	Undefined
SRR5881985_contigs.fasta	NODE_831107_length_680_cov_5.123200	4	672	35772173_len_267_MetaAn_74	267	D	D-III	Undefined
SRR5881985_contigs.fasta	NODE_85415_length_2638_cov_3.020519	414	1334	3795181_len_310_MetaAn_58	310	B3	B3-V	Undefined
SRR5881985_contigs.fasta	NODE_85415_length_2638_cov_3.020519	426	1343	SPA_MetaAn_17_l306_st426_e1343_se1_ID=85415_2	306	B3	B3-V	Undefined
SRR5881985_contigs.fasta	NODE_95556_length_2471_cov_7.850993	1283	2230	46662723_len_317_MetaAn_17	317	A	A-I	Undefined
SRR5882551_contigs.fasta	NODE_56542_length_2018_cov_3.477331	638	1501	576430_len_310_MetaAn_18	310	D	D-III	Undefined
ERR4182668_contigs.fasta	NODE_13422_length_5725_cov_13.481834	1163	279	SPA_MetaAn_1_l295_st279_e1163_se-1_ID=13422_2	295	A	A-III	Undefined
ERR4182668_contigs.fasta	NODE_141397_length_1052_cov_1.544634	1038	136	SPA_MetaAn_1_l301_st136_e1038_se-1_ID=141397_2	301	A	A-III	Undefined
ERR4182668_contigs.fasta	NODE_22706_length_3968_cov_17.141068	3054	2245	SPA_MetaAn_1_l270_st2245_e3054_se-1_ID=22706_3	270	B1	B1-III	Undefined
ERR4182668_contigs.fasta	NODE_2894_length_14681_cov_3.609326	9299	8406	SPA_MetaAn_1_l298_st8406_e9299_se-1_ID=2894_10	298	A	A-II	Undefined
ERR4182668_contigs.fasta	NODE_3426_length_13437_cov_13.945823	7223	8110	25348855_len_297_MetaAn_1	297	A	A-IV	Undefined
ERR4182668_contigs.fasta	NODE_35628_length_2865_cov_1.976157	550	1335	SPA_MetaAn_75_l272_st221_e1036_se-1_ID=8364_2	272	A	A-VIII	Undefined
ERR4182668_contigs.fasta	NODE_35628_length_2865_cov_1.976157	502	1407	SPA_MetaAn_1_l302_st502_e1407_se1_ID=35628_3	302	A	A-IV	Undefined
ERR4182668_contigs.fasta	NODE_3932_length_12423_cov_5.864893	5079	5879	SPA_MetaAn_1_l267_st5079_e5879_se1_ID=3932_5	267	B1	B1-III	Undefined
ERR4182668_contigs.fasta	NODE_40052_length_2628_cov_4.285270	534	1424	5862689_len_310_MetaAn_66	310	A	A-II	Undefined
ERR4182668_contigs.fasta	NODE_40052_length_2628_cov_4.285270	549	1427	SPA_MetaAn_1_l293_st549_e1427_se1_ID=40052_2	293	A	A-II	Undefined
ERR4182668_contigs.fasta	NODE_4118_length_12110_cov_4.663625	2603	3421	SPA_MetaAn_1_l273_st2603_e3421_se1_ID=4118_2	273	B1	B1-III	Undefined
ERR4182668_contigs.fasta	NODE_5063_length_10788_cov_4.010528	409	1263	1864848_len_293_MetaAn_9	293	B3	B3-IV	Undefined
ERR4182668_contigs.fasta	NODE_5063_length_10788_cov_4.010528	430	1266	1390504_len_293_MetaAn_8	293	B3	B3-IV	Undefined
ERR4182668_contigs.fasta	NODE_5063_length_10788_cov_4.010528	394	1272	SPA_MetaAn_5_l316_st292_e1239_se1_ID=84868_1	316	B3	B3-IV	Undefined
ERR4182668_contigs.fasta	NODE_5063_length_10788_cov_4.010528	424	1275	SPA_MetaAn_62_l295_st1883_e2767_se1_ID=331_2	295	B3	B3-IV	Undefined
ERR4182668_contigs.fasta	NODE_5063_length_10788_cov_4.010528	397	1281	SPA_MetaAn_1_l295_st397_e1281_se1_ID=5063_2	295	B3	B3-IV	Undefined
ERR4182668_contigs.fasta	NODE_57481_length_2017_cov_1.974006	1964	1080	SPA_MetaAn_1_l295_st1080_e1964_se-1_ID=57481_3	295	A	A-II	Undefined
ERR4182668_contigs.fasta	NODE_9836_length_7075_cov_6.375214	738	1547	SPA_MetaAn_1_l270_st738_e1547_se1_ID=9836_2	270	B1	B1-III	Undefined
SRR5830676_contigs.fasta	NODE_19939_length_2647_cov_2.515818	102	1085	SPA_MetaAn_20_l328_st102_e1085_se1_ID=19939_2	328	B3	B3-V	Undefined
SRR5830676_contigs.fasta	NODE_23402_length_2402_cov_5.705582	2155	1244	SPA_MetaAn_20_l304_st1244_e2155_se-1_ID=23402_3	304	B3	B3-VI	Undefined
SRR5830676_contigs.fasta	NODE_23402_length_2402_cov_5.705582	2140	1253	SPA_MetaAn_57_l305_st660_e1574_se1_ID=27909_2	305	B3	B3-V	Undefined
SRR5830676_contigs.fasta	NODE_3109_length_7524_cov_11.551881	6736	5807	8367645_len_310_MetaAn_20	310	B3	B3-V	Undefined
SRR5830676_contigs.fasta	NODE_38754_length_1763_cov_2.109485	1080	169	SPA_MetaAn_20_l304_st169_e1080_se-1_ID=38754_2	304	B3	B3-V	Undefined
SRR5830676_contigs.fasta	NODE_9070_length_4246_cov_4.612264	1322	2221	SPA_MetaAn_20_l300_st1322_e2221_se1_ID=9070_2	300	A	A-IV	Undefined
SRR6266334_contigs.fasta	NODE_114314_length_979_cov_1.975108	3	632	36413597_len_242_MetaAn_74	242	B1	B1-I	Undefined
SRR6266334_contigs.fasta	NODE_12809_length_2496_cov_4.067595	2495	1884	12256580_len_245_MetaAn_43	245	B1	B1-I	Undefined
SRR6266334_contigs.fasta	NODE_13580_length_2432_cov_2.646193	1299	358	SPA_MetaAn_21_l314_st358_e1299_se-1_ID=13580_3	314	A	A-I	Undefined
SRR6266334_contigs.fasta	NODE_15479_length_2296_cov_4.116466	26	832	26562918_len_325_MetaAn_74	325	A	A-I	Undefined
SRR6266334_contigs.fasta	NODE_15479_length_2296_cov_4.116466	2	844	SPA_MetaAn_71_l318_st303_e1256_se1_ID=1970_2	318	A	A-I	Undefined
SRR6266334_contigs.fasta	NODE_156526_length_857_cov_1.415212	44	712	SPA_MetaAn_21_l223_st44_e712_se1_ID=156526_1	223	B1	B1-I	Undefined
SRR6266334_contigs.fasta	NODE_159_length_28336_cov_5.450903	14638	15813	SPA_MetaAn_21_l392_st14638_e15813_se1_ID=159_17	392	C	C-I	Undefined
SRR6266334_contigs.fasta	NODE_268608_length_683_cov_1.490446	682	83	2032954_len_245_MetaAn_43	245	B1	B1-I	Undefined
SRR6266334_contigs.fasta	NODE_27399_length_1791_cov_3.664171	122	1036	SPA_MetaAn_21_l305_st122_e1036_se1_ID=27399_2	305	A	A-II	Undefined
SRR6266334_contigs.fasta	NODE_51273_length_1374_cov_2.699773	1303	272	SPA_MetaAn_21_l344_st272_e1303_se-1_ID=51273_2	344	A	A-I	Undefined
SRR6266334_contigs.fasta	NODE_55920_length_1324_cov_6.983452	7	831	2379406_len_309_MetaAn_58	309	B3	B3-V	Undefined
SRR6266336_contigs.fasta	NODE_117357_length_892_cov_1.811231	96	887	SPA_MetaAn_68_l304_st12496_e13407_se1_ID=4114_16	304	B3	B3-VI	Undefined
SRR6266336_contigs.fasta	NODE_117357_length_892_cov_1.811231	93	890	1093953_len_310_MetaAn_58	310	B3	B3-V	Undefined
SRR6266336_contigs.fasta	NODE_33691_length_1527_cov_2.595788	1047	190	SPA_MetaAn_22_l286_st190_e1047_se-1_ID=33691_2	286	D	D-I	Undefined
SRR6266336_contigs.fasta	NODE_348_length_12063_cov_3.040473	2349	3170	SPA_MetaAn_22_l274_st2349_e3170_se1_ID=348_2	274	D	D-III	Undefined
SRR6266338_contigs.fasta	NODE_11371_length_5568_cov_4.142935	5133	4168	SPA_MetaAn_23_l322_st4168_e5133_se-1_ID=11371_6	322	A	A-II	Undefined
SRR6266338_contigs.fasta	NODE_123573_length_1169_cov_7.563734	1167	157	6784295_len_355_MetaAn_23	355	A	A-II	Undefined
SRR6266338_contigs.fasta	NODE_123573_length_1169_cov_7.563734	1062	175	9605961_len_304_MetaAn_74	304	A	A-II	Undefined
SRR6266338_contigs.fasta	NODE_13530_length_4915_cov_5.804527	669	1	8587538_len_247_MetaAn_23	247	B1	B1-I	Undefined
SRR6266338_contigs.fasta	NODE_135876_length_1104_cov_2.634890	866	12	SPA_MetaAn_23_l285_st12_e866_se-1_ID=135876_1	285	B3	B3-III	Undefined
SRR6266338_contigs.fasta	NODE_144945_length_1062_cov_4.121152	741	1	4247496_len_306_MetaAn_23	306	B3	B3-V	Undefined
SRR6266338_contigs.fasta	NODE_174034_length_953_cov_1.800668	951	103	14995492_len_305_MetaAn_23	305	A	A-II	Undefined
SRR6266338_contigs.fasta	NODE_174034_length_953_cov_1.800668	948	91	SPA_MetaAn_23_l322_st4168_e5133_se-1_ID=11371_6	322	A	A-II	Undefined
SRR6266338_contigs.fasta	NODE_17702_length_4080_cov_7.613416	1492	2205	SPA_MetaAn_75_l246_st952_e1689_se1_ID=978_2	246	B1	B1-I	Undefined
SRR6266338_contigs.fasta	NODE_17702_length_4080_cov_7.613416	1450	2223	SPA_MetaAn_23_l258_st1450_e2223_se1_ID=17702_3	258	B1	B1-I	Undefined
SRR6266338_contigs.fasta	NODE_195_length_43980_cov_8.641662	40107	39184	SPA_MetaAn_23_l308_st39184_e40107_se-1_ID=195_42	308	A	A-IV	Undefined
SRR6266338_contigs.fasta	NODE_38212_length_2412_cov_5.747560	1728	823	SPA_MetaAn_23_l302_st823_e1728_se-1_ID=38212_3	302	A	A-II	Undefined
SRR6266338_contigs.fasta	NODE_38212_length_2412_cov_5.747560	1671	832	SPA_MetaAn_17_l285_st714_e1568_se1_ID=173183_2	285	A	A-VII	Undefined
SRR6266338_contigs.fasta	NODE_49464_length_2042_cov_2.516356	645	1550	SPA_MetaAn_23_l302_st645_e1550_se1_ID=49464_2	302	A	A-II	Undefined
SRR6266338_contigs.fasta	NODE_5661_length_8950_cov_7.107251	1297	2181	19371791_len_295_MetaAn_23	295	A	A-II	Undefined
SRR6266338_contigs.fasta	NODE_93401_length_1382_cov_2.756594	1029	220	SPA_MetaAn_23_l270_st220_e1029_se-1_ID=93401_1	270	B1	B1-I	Undefined
SRR6266338_contigs.fasta	NODE_93401_length_1382_cov_2.756594	957	229	SPA_MetaAn_77_l246_st2646_e3383_se-1_ID=10894_3	246	B1	B1-I	Undefined
SRR6266338_contigs.fasta	NODE_93401_length_1382_cov_2.756594	909	232	SPA_MetaAn_78_l250_st139_e888_se-1_ID=10946_2	250	B1	B1-I	Undefined
SRR6266338_contigs.fasta	NODE_9346_length_6380_cov_4.608063	4435	5256	SPA_MetaAn_23_l274_st4435_e5256_se1_ID=9346_2	274	D	D-III	Undefined
SRR6266338_contigs.fasta	NODE_99861_length_1328_cov_5.770621	1287	373	4247496_len_306_MetaAn_23	306	B3	B3-V	Undefined
SRR6266341_contigs.fasta	NODE_22091_length_2015_cov_11.255102	220	1071	SPA_MetaAn_35_l284_st3317_e4168_se1_ID=3811_4	284	D	D-III	Undefined
SRR6266341_contigs.fasta	NODE_35039_length_1590_cov_4.063192	963	88	SPA_MetaAn_24_l292_st88_e963_se-1_ID=35039_1	292	D	D-III	Undefined
SRR6266341_contigs.fasta	NODE_9394_length_3100_cov_5.010837	2968	2003	SPA_MetaAn_24_l322_st2003_e2968_se-1_ID=9394_3	322	A	A-I	Undefined
SRR6266358_contigs.fasta	NODE_145764_length_969_cov_1.670678	156	962	6170116_len_285_MetaAn_57	285	B3	B3-III	Undefined
SRR6266358_contigs.fasta	NODE_181113_length_874_cov_1.868132	1	744	SPA_MetaAn_57_l284_st308_e1159_se-1_ID=35774_2	284	B3	B3-III	Undefined
SRR6266358_contigs.fasta	NODE_287_length_14544_cov_32.400097	13229	12336	1389175_len_299_MetaAn_25	299	D	D-I	Undefined
SRR6266358_contigs.fasta	NODE_57864_length_1497_cov_5.733703	1119	211	SPA_MetaAn_25_l303_st211_e1119_se-1_ID=57864_2	303	A	A-II	Undefined
SRR6266358_contigs.fasta	NODE_64187_length_1426_cov_7.385850	492	1424	SPA_MetaAn_71_l318_st303_e1256_se1_ID=1970_2	318	A	A-I	Undefined
SRR6266358_contigs.fasta	NODE_91841_length_1206_cov_1.767159	4	1002	SPA_MetaAn_74_l344_st43490_e44521_se-1_ID=222_34	344	A	A-I	Undefined
SRR6266358_contigs.fasta	NODE_93904_length_1193_cov_3.598418	1186	245	SPA_MetaAn_25_l314_st245_e1186_se-1_ID=93904_2	314	B3	B3-III	Undefined
SRR6266358_contigs.fasta	NODE_93904_length_1193_cov_3.598418	1189	257	16890034_len_312_MetaAn_17	312	B3	B3-III	Undefined
SRR6266357_contigs.fasta	NODE_112199_length_1008_cov_7.441763	1007	195	SPA_MetaAn_24_l292_st88_e963_se-1_ID=35039_1	292	D	D-III	Undefined
SRR6266357_contigs.fasta	NODE_112199_length_1008_cov_7.441763	995	273	12841857_len_260_MetaAn_24	260	D	D-III	Undefined
SRR6266357_contigs.fasta	NODE_137836_length_897_cov_2.967933	858	1	SPA_MetaAn_73_l320_st614_e1573_se1_ID=75642_2	320	A	A-II	Undefined
SRR6266357_contigs.fasta	NODE_15866_length_2998_cov_3.845736	2096	2950	50151731_len_310_MetaAn_17	310	D	D-III	Undefined
SRR6266357_contigs.fasta	NODE_15866_length_2998_cov_3.845736	2102	2956	15416833_len_286_MetaAn_26	286	D	D-III	Undefined
SRR6266357_contigs.fasta	NODE_1891_length_8919_cov_5.074571	8530	7661	15168060_len_291_MetaAn_26	291	D	D-I	Undefined
SRR6266357_contigs.fasta	NODE_42520_length_1740_cov_6.554303	311	1162	SPA_MetaAn_26_l284_st311_e1162_se1_ID=42520_2	284	D	D-III	Undefined
SRR6266357_contigs.fasta	NODE_57252_length_1475_cov_3.023944	314	1156	SPA_MetaAn_17_l285_st714_e1568_se1_ID=173183_2	285	A	A-VII	Undefined
SRR6266357_contigs.fasta	NODE_57252_length_1475_cov_3.023944	257	1165	SPA_MetaAn_26_l303_st257_e1165_se1_ID=57252_2	303	A	A-II	Undefined
SRR6266357_contigs.fasta	NODE_66992_length_1349_cov_3.641422	1117	266	SPA_MetaAn_26_l284_st266_e1117_se-1_ID=66992_2	284	D	D-III	Undefined
SRR6263248_contigs.fasta	NODE_104730_length_1763_cov_24.493560	946	35	SPA_MetaAn_28_l304_st35_e946_se-1_ID=104730_1	304	B3	B3-III	Undefined
SRR6263248_contigs.fasta	NODE_124965_length_1578_cov_25.815496	818	1576	SPA_MetaAn_28_l304_st35_e946_se-1_ID=104730_1	304	B3	B3-III	Undefined
SRR6263248_contigs.fasta	NODE_140897_length_1463_cov_5.503551	282	1196	SPA_MetaAn_28_l305_st282_e1196_se1_ID=140897_2	305	B3	B3-V	Undefined
SRR6263248_contigs.fasta	NODE_184901_length_1226_cov_3.867635	979	59	SPA_MetaAn_28_l307_st59_e979_se-1_ID=184901_2	307	B3	B3-V	Undefined
SRR6263248_contigs.fasta	NODE_195803_length_1180_cov_6.484444	282	1175	SPA_MetaAn_57_l305_st660_e1574_se1_ID=27909_2	305	B3	B3-V	Undefined
SRR6263248_contigs.fasta	NODE_195803_length_1180_cov_6.484444	276	1178	13972784_len_309_MetaAn_28	309	B3	B3-V	Undefined
SRR6263248_contigs.fasta	NODE_29641_length_3758_cov_9.377802	1020	97	SPA_MetaAn_28_l308_st97_e1020_se-1_ID=29641_1	308	A	A-V	Undefined
SRR6263248_contigs.fasta	NODE_42948_length_3028_cov_8.048436	228	1109	CAE-1	302	A	A-IV	CAE
SRR6263248_contigs.fasta	NODE_42948_length_3028_cov_8.048436	261	1121	SPA_MetaAn_28_l287_st261_e1121_se1_ID=42948_1	287	A	A-VI	Undefined
SRR6263248_contigs.fasta	NODE_53315_length_2662_cov_8.056770	900	1781	5066244_len_299_MetaAn_73	299	B3	B3-V	Undefined
SRR6263248_contigs.fasta	NODE_6216_length_9093_cov_10.172826	7089	7970	SPA_MetaAn_28_l294_st7089_e7970_se1_ID=6216_8	294	D	D-III	Undefined
SRR6263202_contigs.fasta	NODE_17789_length_3508_cov_13.491167	3356	2499	SPA_MetaAn_29_l286_st2499_e3356_se-1_ID=17789_3	286	B3	B3-I	Undefined
SRR6263202_contigs.fasta	NODE_17789_length_3508_cov_13.491167	3338	2517	2032487_len_282_MetaAn_63	282	B3	B3-I	Undefined
ERR4182669_contigs.fasta	NODE_1351_length_19027_cov_7.107105	11775	12572	SPA_MetaAn_2_l266_st11775_e12572_se1_ID=1351_14	266	D	D-III	Undefined
ERR4182669_contigs.fasta	NODE_150_length_45075_cov_9.942381	17964	18881	7551706_len_307_MetaAn_2	307	B3	B3-V	Undefined
ERR4182669_contigs.fasta	NODE_207809_length_819_cov_1.678010	686	3	SPA_MetaAn_23_l270_st220_e1029_se-1_ID=93401_1	270	B1	B1-I	Undefined
ERR4182669_contigs.fasta	NODE_208100_length_818_cov_2.179554	6	662	5975614_len_245_MetaAn_9	245	B1	B1-I	Undefined
ERR4182669_contigs.fasta	NODE_208100_length_818_cov_2.179554	3	671	1802778_len_247_MetaAn_68	247	B1	B1-I	Undefined
ERR4182669_contigs.fasta	NODE_2896_length_12482_cov_4.985596	11201	12370	SPA_MetaAn_2_l390_st11201_e12370_se1_ID=2896_12	390	C	C-I	Undefined
ERR4182669_contigs.fasta	NODE_29528_length_2770_cov_2.088766	2083	2766	11317061_len_282_MetaAn_63	282	B3	B3-I	Undefined
ERR4182669_contigs.fasta	NODE_29528_length_2770_cov_2.088766	2065	2769	SPA_MetaAn_29_l286_st2499_e3356_se-1_ID=17789_3	286	B3	B3-I	Undefined
ERR4182669_contigs.fasta	NODE_48120_length_2030_cov_4.770633	478	1371	SPA_MetaAn_2_l298_st478_e1371_se1_ID=48120_2	298	B3	B3-V	Undefined
ERR4182669_contigs.fasta	NODE_53282_length_1908_cov_2.925526	950	105	27873091_len_307_MetaAn_63	307	B3	B3-V	Undefined
ERR4182669_contigs.fasta	NODE_53282_length_1908_cov_2.925526	980	87	SPA_MetaAn_2_l299_st87_e983_se-1_ID=53282_2	299	B3	B3-V	Undefined
ERR4182669_contigs.fasta	NODE_533_length_28357_cov_21.384496	14779	15495	36413597_len_242_MetaAn_74	242	B1	B1-I	Undefined
ERR4182669_contigs.fasta	NODE_5434_length_8282_cov_5.791054	1002	1865	27873091_len_307_MetaAn_63	307	B3	B3-V	Undefined
ERR4182669_contigs.fasta	NODE_5434_length_8282_cov_5.791054	990	1883	SPA_MetaAn_2_l299_st987_e1883_se1_ID=5434_2	299	B3	B3-V	Undefined
ERR4182669_contigs.fasta	NODE_8100_length_6371_cov_3.514566	3833	2841	SPA_MetaAn_2_l331_st2841_e3833_se-1_ID=8100_4	331	B3	B3-V	Undefined
ERR4182669_contigs.fasta	NODE_8100_length_6371_cov_3.514566	3755	2850	30337254_len_307_MetaAn_63	307	B3	B3-V	Undefined
SRR6263206_contigs.fasta	NODE_105460_length_1522_cov_1.961145	732	1520	14679019_len_277_MetaAn_73	277	D	D-III	Undefined
SRR6263206_contigs.fasta	NODE_10660_length_5109_cov_4.400673	3400	4296	22060248_len_300_MetaAn_30	300	D	D-III	Undefined
SRR6263206_contigs.fasta	NODE_110398_length_1485_cov_1.618182	263	1150	SPA_MetaAn_17_l296_st2112_e2999_se1_ID=43852_3	296	A	A-IV	Undefined
SRR6263206_contigs.fasta	NODE_142871_length_1290_cov_3.271255	264	1175	SPA_MetaAn_30_l304_st264_e1175_se1_ID=142871_2	304	A	A-II	Undefined
SRR6263206_contigs.fasta	NODE_321935_length_816_cov_1.725361	75	812	19072192_len_285_MetaAn_30	285	D	D-III	Undefined
SRR6263206_contigs.fasta	NODE_321935_length_816_cov_1.725361	51	815	SPA_MetaAn_24_l292_st88_e963_se-1_ID=35039_1	292	D	D-III	Undefined
SRR6263206_contigs.fasta	NODE_36976_length_2676_cov_2.792064	1846	1013	11546758_len_305_MetaAn_50	305	B3	B3-IV	Undefined
SRR6263206_contigs.fasta	NODE_36976_length_2676_cov_2.792064	1885	941	SPA_MetaAn_30_l315_st941_e1885_se-1_ID=36976_3	315	B3	B3-IV	Undefined
SRR6263206_contigs.fasta	NODE_400509_length_719_cov_1.831325	616	2	14992923_len_251_MetaAn_25	251	B1	B1-II	Undefined
SRR6263206_contigs.fasta	NODE_4243_length_7989_cov_3.362491	4575	5456	SPA_MetaAn_30_l294_st4575_e5456_se1_ID=4243_4	294	B3	B3-IV	Undefined
SRR6263206_contigs.fasta	NODE_44110_length_2439_cov_7.854446	1767	2438	12084204_len_260_MetaAn_24	260	D	D-III	Undefined
SRR6263206_contigs.fasta	NODE_94688_length_1613_cov_3.721438	1613	759	11019355_len_287_MetaAn_74	287	D	D-III	Undefined
SRR6263258_contigs.fasta	NODE_103063_length_2026_cov_6.748351	1453	527	33482360_len_309_MetaAn_31	309	D	D-III	Undefined
SRR6263258_contigs.fasta	NODE_122731_length_1837_cov_19.358586	899	3	SPA_MetaAn_32_l313_st176_e1114_se1_ID=121067_1	313	A	A-V	Undefined
SRR6263258_contigs.fasta	NODE_1500_length_15408_cov_6.895135	14472	13597	SPA_MetaAn_31_l292_st13597_e14472_se-1_ID=1500_17	292	A	A-IV	Undefined
SRR6263258_contigs.fasta	NODE_1617_length_14913_cov_6.680240	12161	13105	SPA_MetaAn_17_l320_st888_e1847_se-1_ID=73518_3	320	A	A-I	Undefined
SRR6263258_contigs.fasta	NODE_1617_length_14913_cov_6.680240	12146	13117	15324405_len_325_MetaAn_31	325	A	A-I	Undefined
SRR6263258_contigs.fasta	NODE_168381_length_1534_cov_4.064909	981	130	SPA_MetaAn_31_l284_st130_e981_se-1_ID=168381_1	284	D	D-III	Undefined
SRR6263258_contigs.fasta	NODE_183512_length_1460_cov_4.675445	1439	486	SPA_MetaAn_71_l318_st303_e1256_se1_ID=1970_2	318	A	A-I	Undefined
SRR6263258_contigs.fasta	NODE_195715_length_1407_cov_1.916420	203	1147	26562918_len_325_MetaAn_74	325	A	A-I	Undefined
SRR6263258_contigs.fasta	NODE_195715_length_1407_cov_1.916420	167	1162	29793731_len_333_MetaAn_17	333	A	A-I	Undefined
SRR6263258_contigs.fasta	NODE_257933_length_1198_cov_2.993001	147	881	16189565_len_246_MetaAn_17	246	B1	B1-I	Undefined
SRR6263258_contigs.fasta	NODE_2620_length_12409_cov_6.250040	1943	2857	SPA_MetaAn_45_l305_st895_e1809_se1_ID=25891_2	305	B3	B3-IV	Undefined
SRR6263258_contigs.fasta	NODE_344487_length_1006_cov_3.332282	875	84	SPA_MetaAn_17_l315_st2386_e3330_se1_ID=52059_4	315	A	A-V	Undefined
SRR6263258_contigs.fasta	NODE_344487_length_1006_cov_3.332282	866	87	NLA-1	302	A	A-V	NLA
SRR6263258_contigs.fasta	NODE_397_length_24295_cov_8.042285	6371	5526	SPA_MetaAn_31_l282_st5526_e6371_se-1_ID=397_7	282	D	D-III	Undefined
SRR6263258_contigs.fasta	NODE_54399_length_2877_cov_10.991141	1291	419	23181725_len_292_MetaAn_17	292	D	D-I	Undefined
SRR6263258_contigs.fasta	NODE_66015_length_2591_cov_8.208596	1296	2138	SPA_MetaAn_69_l301_st11_e913_se-1_ID=149249_1	301	B3	B3-IV	Undefined
SRR6263258_contigs.fasta	NODE_66015_length_2591_cov_8.208596	1311	2150	SPA_MetaAn_61_l302_st2155_e3060_se-1_ID=52238_3	302	B3	B3-IV	Undefined
SRR6263258_contigs.fasta	NODE_66015_length_2591_cov_8.208596	1305	2153	11546758_len_305_MetaAn_50	305	B3	B3-IV	Undefined
SRR6263258_contigs.fasta	NODE_66015_length_2591_cov_8.208596	1278	2165	SPA_MetaAn_31_l296_st1278_e2165_se1_ID=66015_2	296	B3	B3-IV	Undefined
SRR6263259_contigs.fasta	NODE_114598_length_1219_cov_2.647766	1219	374	SPA_MetaAn_30_l294_st4575_e5456_se1_ID=4243_4	294	B3	B3-IV	Undefined
SRR6263259_contigs.fasta	NODE_121067_length_1180_cov_2.329778	302	1111	NLA-1	302	A	A-V	NLA
SRR6263259_contigs.fasta	NODE_121067_length_1180_cov_2.329778	176	1114	SPA_MetaAn_32_l313_st176_e1114_se1_ID=121067_1	313	A	A-V	Undefined
SRR6263259_contigs.fasta	NODE_122933_length_1169_cov_2.938061	195	1139	SPA_MetaAn_17_l320_st888_e1847_se-1_ID=73518_3	320	A	A-I	Undefined
SRR6263259_contigs.fasta	NODE_122933_length_1169_cov_2.938061	180	1151	14482245_len_325_MetaAn_31	325	A	A-I	Undefined
SRR6263259_contigs.fasta	NODE_214893_length_831_cov_1.998711	3	830	SPA_MetaAn_33_l305_st116_e1030_se-1_ID=122308_2	305	A	A-I	Undefined
SRR6263259_contigs.fasta	NODE_36754_length_2363_cov_3.377383	303	1175	23181725_len_292_MetaAn_17	292	D	D-I	Undefined
SRR6263259_contigs.fasta	NODE_54824_length_1878_cov_13.356555	1627	776	SPA_MetaAn_35_l284_st3317_e4168_se1_ID=3811_4	284	D	D-III	Undefined
SRR6263259_contigs.fasta	NODE_64392_length_1712_cov_3.391672	1403	552	SPA_MetaAn_32_l284_st552_e1403_se-1_ID=64392_1	284	D	D-III	Undefined
SRR6263322_contigs.fasta	NODE_122308_length_1156_cov_1.712988	1030	116	SPA_MetaAn_33_l305_st116_e1030_se-1_ID=122308_2	305	A	A-I	Undefined
SRR6263322_contigs.fasta	NODE_122308_length_1156_cov_1.712988	1003	128	SPA_MetaAn_33_l296_st220_e1107_se1_ID=88023_2	296	A	A-VII	Undefined
SRR6263322_contigs.fasta	NODE_137303_length_1084_cov_2.946550	1082	408	SPA_MetaAn_32_l277_st345_e1175_se1_ID=36754_1	277	D	D-I	Undefined
SRR6263322_contigs.fasta	NODE_189062_length_908_cov_2.147714	784	2	SPA_MetaAn_17_l320_st888_e1847_se-1_ID=73518_3	320	A	A-I	Undefined
SRR6263322_contigs.fasta	NODE_35286_length_2297_cov_7.310437	492	1343	SPA_MetaAn_35_l284_st3317_e4168_se1_ID=3811_4	284	D	D-III	Undefined
SRR6263322_contigs.fasta	NODE_63607_length_1659_cov_2.782419	587	1462	SPA_MetaAn_24_l292_st88_e963_se-1_ID=35039_1	292	D	D-III	Undefined
SRR6263322_contigs.fasta	NODE_78438_length_1478_cov_3.829234	2	700	35772173_len_267_MetaAn_74	267	D	D-III	Undefined
SRR6263322_contigs.fasta	NODE_88023_length_1387_cov_2.954955	151	1095	SPA_MetaAn_17_l320_st888_e1847_se-1_ID=73518_3	320	A	A-I	Undefined
SRR6263322_contigs.fasta	NODE_88023_length_1387_cov_2.954955	136	1107	14482245_len_325_MetaAn_31	325	A	A-I	Undefined
SRR6263654_contigs.fasta	NODE_103971_length_1141_cov_2.097606	833	18	SPA_MetaAn_34_l272_st18_e833_se-1_ID=103971_1	272	A	A-IX	Undefined
SRR6263654_contigs.fasta	NODE_103971_length_1141_cov_2.097606	872	21	31363163_len_337_MetaAn_74	337	A	A-II	Undefined
SRR6263654_contigs.fasta	NODE_13620_length_3460_cov_5.156828	2766	1828	SPA_MetaAn_24_l322_st2003_e2968_se-1_ID=9394_3	322	A	A-I	Undefined
SRR6263654_contigs.fasta	NODE_13620_length_3460_cov_5.156828	2787	1834	17286107_len_322_MetaAn_74	322	A	A-I	Undefined
SRR6263654_contigs.fasta	NODE_13620_length_3460_cov_5.156828	2736	1837	SPA_MetaAn_33_l305_st116_e1030_se-1_ID=122308_2	305	A	A-I	Undefined
SRR6263654_contigs.fasta	NODE_13620_length_3460_cov_5.156828	2772	1840	SPA_MetaAn_32_l316_st204_e1151_se1_ID=122933_2	316	A	A-I	Undefined
SRR6263654_contigs.fasta	NODE_142169_length_961_cov_1.555188	870	1	8033354_len_317_MetaAn_17	317	A	A-I	Undefined
SRR6263654_contigs.fasta	NODE_15191_length_3266_cov_4.399875	801	1	SPA_MetaAn_24_l292_st88_e963_se-1_ID=35039_1	292	D	D-III	Undefined
SRR6263654_contigs.fasta	NODE_268_length_19389_cov_5.807541	13883	14683	850015_len_267_MetaAn_74	267	D	D-III	Undefined
SRR6263654_contigs.fasta	NODE_37528_length_1991_cov_2.399277	1024	116	SPA_MetaAn_34_l303_st116_e1024_se-1_ID=37528_1	303	A	A-II	Undefined
SRR6263654_contigs.fasta	NODE_37528_length_1991_cov_2.399277	1039	134	11671458_len_355_MetaAn_23	355	A	A-II	Undefined
SRR6263654_contigs.fasta	NODE_73292_length_1383_cov_7.740211	1294	443	41110274_len_285_MetaAn_17	285	D	D-III	Undefined
SRR6263655_contigs.fasta	NODE_107324_length_1034_cov_2.342186	724	2	SPA_MetaAn_26_l284_st311_e1162_se1_ID=42520_2	284	D	D-III	Undefined
SRR6263655_contigs.fasta	NODE_3811_length_5910_cov_3.375918	3317	4168	SPA_MetaAn_35_l284_st3317_e4168_se1_ID=3811_4	284	D	D-III	Undefined
SRR6263655_contigs.fasta	NODE_60338_length_1412_cov_2.366249	267	1118	SPA_MetaAn_57_l284_st308_e1159_se-1_ID=35774_2	284	B3	B3-III	Undefined
SRR6263655_contigs.fasta	NODE_92549_length_1120_cov_1.651643	1084	221	SPA_MetaAn_17_l296_st2112_e2999_se1_ID=43852_3	296	A	A-IV	Undefined
SRR6263737_contigs.fasta	NODE_63807_length_1645_cov_2.564151	1516	698	SPA_MetaAn_33_l305_st116_e1030_se-1_ID=122308_2	305	A	A-I	Undefined
SRR6265866_contigs.fasta	NODE_120031_length_1095_cov_1.820192	955	2	SPA_MetaAn_24_l322_st2003_e2968_se-1_ID=9394_3	322	A	A-I	Undefined
SRR6265866_contigs.fasta	NODE_158374_length_939_cov_1.306561	936	85	SPA_MetaAn_57_l284_st308_e1159_se-1_ID=35774_2	284	B3	B3-III	Undefined
SRR6265866_contigs.fasta	NODE_76014_length_1408_cov_2.039911	679	1404	SPA_MetaAn_33_l305_st116_e1030_se-1_ID=122308_2	305	A	A-I	Undefined
SRR6265866_contigs.fasta	NODE_76014_length_1408_cov_2.039911	628	1407	19149491_len_317_MetaAn_17	317	A	A-I	Undefined
SRR6265866_contigs.fasta	NODE_95714_length_1241_cov_2.413153	1180	326	SPA_MetaAn_24_l322_st2003_e2968_se-1_ID=9394_3	322	A	A-I	Undefined
SRR6265866_contigs.fasta	NODE_95714_length_1241_cov_2.413153	1234	332	17286107_len_322_MetaAn_74	322	A	A-I	Undefined
SRR6265866_contigs.fasta	NODE_95714_length_1241_cov_2.413153	1237	335	SPA_MetaAn_17_l320_st888_e1847_se-1_ID=73518_3	320	A	A-I	Undefined
SRR6265866_contigs.fasta	NODE_95714_length_1241_cov_2.413153	1210	338	SPA_MetaAn_33_l296_st220_e1107_se1_ID=88023_2	296	A	A-VII	Undefined
ERR4182670_contigs.fasta	NODE_123537_length_1447_cov_1.395115	953	78	SPA_MetaAn_3_l292_st78_e953_se-1_ID=123537_1	292	B3	B3-IV	Undefined
ERR4182670_contigs.fasta	NODE_123537_length_1447_cov_1.395115	950	84	21091_len_294_MetaAn_65	294	B3	B3-IV	Undefined
ERR4182670_contigs.fasta	NODE_123537_length_1447_cov_1.395115	923	87	4747673_len_294_MetaAn_65	294	B3	B3-IV	Undefined
ERR4182670_contigs.fasta	NODE_12539_length_6378_cov_3.514155	2928	2044	SPA_MetaAn_3_l295_st2044_e2928_se-1_ID=12539_4	295	A	A-II	Undefined
ERR4182670_contigs.fasta	NODE_143452_length_1302_cov_6.158781	211	1020	7921501_len_271_MetaAn_3	271	B1	B1-III	Undefined
ERR4182670_contigs.fasta	NODE_150541_length_1259_cov_2.147841	121	1026	SPA_MetaAn_3_l302_st121_e1026_se1_ID=150541_1	302	A	A-II	Undefined
ERR4182670_contigs.fasta	NODE_159174_length_1209_cov_4.886482	108	1013	SPA_MetaAn_7_l302_st145_e1050_se1_ID=113997_2	302	A	A-I	Undefined
ERR4182670_contigs.fasta	NODE_174007_length_1136_cov_2.814061	75	920	SPA_MetaAn_3_l288_st172_e1035_se1_ID=176893_2	288	A	A-III	Undefined
ERR4182670_contigs.fasta	NODE_176893_length_1123_cov_4.640449	172	1035	SPA_MetaAn_3_l288_st172_e1035_se1_ID=176893_2	288	A	A-III	Undefined
ERR4182670_contigs.fasta	NODE_211821_length_989_cov_2.217345	979	152	PJM-1	301	B3	B3-V	PJM
ERR4182670_contigs.fasta	NODE_28541_length_3838_cov_3.645519	103	963	SPA_MetaAn_1_l298_st8406_e9299_se-1_ID=2894_10	298	A	A-II	Undefined
ERR4182670_contigs.fasta	NODE_28541_length_3838_cov_3.645519	88	972	SPA_MetaAn_3_l295_st88_e972_se1_ID=28541_1	295	A	A-II	Undefined
ERR4182670_contigs.fasta	NODE_35239_length_3354_cov_3.743559	1103	354	SPA_MetaAn_3_l250_st354_e1103_se-1_ID=35239_1	250	B1	B1-III	Undefined
ERR4182670_contigs.fasta	NODE_45634_length_2841_cov_10.206748	1698	2546	30337254_len_307_MetaAn_63	307	B3	B3-V	Undefined
ERR4182670_contigs.fasta	NODE_45634_length_2841_cov_10.206748	1536	2552	382471_len_340_MetaAn_3	340	B3	B3-V	Undefined
ERR4182670_contigs.fasta	NODE_45635_length_2841_cov_9.360373	1698	2546	30337254_len_307_MetaAn_63	307	B3	B3-V	Undefined
ERR4182670_contigs.fasta	NODE_45635_length_2841_cov_9.360373	1524	2549	7721579_len_363_MetaAn_3	363	B3	B3-V	Undefined
ERR4182670_contigs.fasta	NODE_45635_length_2841_cov_9.360373	1536	2552	25597236_len_340_MetaAn_3	340	B3	B3-V	Undefined
ERR4182670_contigs.fasta	NODE_49115_length_2708_cov_12.000754	1368	169	13409606_len_401_MetaAn_3	401	C	C-I	Undefined
ERR4182670_contigs.fasta	NODE_52430_length_2591_cov_4.142744	1493	2293	SPA_MetaAn_1_l267_st5079_e5879_se1_ID=3932_5	267	B1	B1-III	Undefined
ERR4182670_contigs.fasta	NODE_74815_length_2042_cov_4.224962	2042	1275	5852343_len_296_MetaAn_66	296	A	A-II	Undefined
SRR6265795_contigs.fasta	NODE_143257_length_755_cov_2.004286	3	650	35772173_len_267_MetaAn_74	267	D	D-III	Undefined
SRR6266047_contigs.fasta	NODE_62673_length_1210_cov_2.328139	1136	177	SPA_MetaAn_17_l320_st888_e1847_se-1_ID=73518_3	320	A	A-I	Undefined
SRR6266047_contigs.fasta	NODE_9184_length_3731_cov_3.444233	1573	842	2032954_len_245_MetaAn_43	245	B1	B1-I	Undefined
SRR6266108_contigs.fasta	NODE_34013_length_1821_cov_4.675538	1603	752	SPA_MetaAn_35_l284_st3317_e4168_se1_ID=3811_4	284	D	D-III	Undefined
SRR6266108_contigs.fasta	NODE_7619_length_4146_cov_2.778783	2081	2923	SPA_MetaAn_69_l301_st11_e913_se-1_ID=149249_1	301	B3	B3-IV	Undefined
SRR6266108_contigs.fasta	NODE_7619_length_4146_cov_2.778783	2090	2935	11546758_len_305_MetaAn_50	305	B3	B3-IV	Undefined
SRR6266108_contigs.fasta	NODE_7619_length_4146_cov_2.778783	2063	3007	SPA_MetaAn_30_l315_st941_e1885_se-1_ID=36976_3	315	B3	B3-IV	Undefined
SRR6266133_contigs.fasta	NODE_25891_length_1986_cov_3.582600	895	1809	SPA_MetaAn_45_l305_st895_e1809_se1_ID=25891_2	305	B3	B3-IV	Undefined
SRR6266134_contigs.fasta	NODE_35055_length_2192_cov_2.250351	723	1	SPA_MetaAn_31_l296_st1278_e2165_se1_ID=66015_2	296	B3	B3-IV	Undefined
SRR6266134_contigs.fasta	NODE_89177_length_1332_cov_3.026625	3	869	33482360_len_309_MetaAn_31	309	D	D-III	Undefined
SRR6266221_contigs.fasta	NODE_2763_length_12661_cov_9.501428	8627	9541	357478_len_306_MetaAn_47	306	B3	B3-VI	Undefined
SRR6266221_contigs.fasta	NODE_8053_length_5807_cov_5.359179	3061	2141	SPA_MetaAn_47_l307_st2141_e3061_se-1_ID=8053_3	307	B3	B3-V	Undefined
SRR6266221_contigs.fasta	NODE_8053_length_5807_cov_5.359179	3064	2147	7687177_len_317_MetaAn_57	317	B3	B3-V	Undefined
SRR6266221_contigs.fasta	NODE_8053_length_5807_cov_5.359179	3031	2153	SPA_MetaAn_58_l305_st274_e1188_se-1_ID=14462_2	305	B3	B3-V	Undefined
SRR6266221_contigs.fasta	NODE_9126_length_5316_cov_3.602927	59	868	5066244_len_299_MetaAn_73	299	B3	B3-V	Undefined
SRR6266221_contigs.fasta	NODE_9126_length_5316_cov_3.602927	2	880	4392793_len_299_MetaAn_73	299	B3	B3-V	Undefined
SRR6266221_contigs.fasta	NODE_97671_length_1108_cov_1.926876	190	1083	5066244_len_299_MetaAn_73	299	B3	B3-V	Undefined
SRR6429832_contigs.fasta	NODE_1160_length_2574_cov_2.570067	758	1582	4519186_len_281_MetaAn_59	281	B3	B3-IV	Undefined
SRR6429832_contigs.fasta	NODE_1160_length_2574_cov_2.570067	764	1585	SPA_MetaAn_83_l305_st11_e925_se-1_ID=174187_1	305	B3	B3-IV	Undefined
SRR6429832_contigs.fasta	NODE_1160_length_2574_cov_2.570067	728	1594	SPA_MetaAn_49_l289_st728_e1594_se1_ID=1160_2	289	B3	B3-IV	Undefined
SRR6429832_contigs.fasta	NODE_31511_length_822_cov_1.195567	726	10	20374069_len_290_MetaAn_69	290	D	D-III	Undefined
SRR6429832_contigs.fasta	NODE_31511_length_822_cov_1.195567	723	55	OXA-1091	272	D	D-III	OXA
ERR4182673_contigs.fasta	NODE_1370_length_5373_cov_6.481948	572	1495	10760663_len_309_MetaAn_4	309	B3	B3-III	Undefined
ERR4182673_contigs.fasta	NODE_221_length_10807_cov_6.104353	1809	2642	428002_len_293_MetaAn_59	293	B3	B3-IV	Undefined
ERR4182673_contigs.fasta	NODE_221_length_10807_cov_6.104353	1797	2645	21091_len_294_MetaAn_65	294	B3	B3-IV	Undefined
ERR4182673_contigs.fasta	NODE_221_length_10807_cov_6.104353	1779	2666	SPA_MetaAn_4_l296_st1779_e2666_se1_ID=221_5	296	B3	B3-IV	Undefined
ERR4182673_contigs.fasta	NODE_71266_length_1016_cov_1.580645	1014	286	1026214_len_303_MetaAn_21	303	A	A-II	Undefined
SRR13165308_contigs.fasta	NODE_10850_length_7278_cov_3.414648	3517	4317	OXA-789	275	D	D-II	OXA
SRR13165308_contigs.fasta	NODE_10850_length_7278_cov_3.414648	3493	4320	SPA_MetaAn_50_l276_st3493_e4320_se1_ID=10850_6	276	D	D-II	Undefined
SRR13165308_contigs.fasta	NODE_109182_length_2121_cov_2.762827	1371	520	SPA_MetaAn_50_l284_st520_e1371_se-1_ID=109182_2	284	D	D-III	Undefined
SRR13165308_contigs.fasta	NODE_123827_length_1976_cov_3.893805	1170	178	37297952_len_332_MetaAn_50	332	B3	B3-V	Undefined
SRR13165308_contigs.fasta	NODE_190379_length_1552_cov_4.036072	1254	403	SPA_MetaAn_57_l284_st308_e1159_se-1_ID=35774_2	284	B3	B3-III	Undefined
SRR13165308_contigs.fasta	NODE_276595_length_1253_cov_5.946578	1251	397	2379406_len_309_MetaAn_58	309	B3	B3-V	Undefined
SRR13165308_contigs.fasta	NODE_280415_length_1244_cov_2.736754	548	1243	SPA_MetaAn_31_l282_st5526_e6371_se-1_ID=397_7	282	D	D-III	Undefined
SRR13165308_contigs.fasta	NODE_286712_length_1228_cov_2.782609	831	1	1842986_len_304_MetaAn_65	304	A	A-II	Undefined
SRR13165308_contigs.fasta	NODE_30273_length_4261_cov_12.586543	3258	4130	13023943_len_328_MetaAn_50	328	B3	B3-III	Undefined
SRR13165308_contigs.fasta	NODE_33556_length_4035_cov_6.452010	2522	3421	SPA_MetaAn_50_l300_st2522_e3421_se1_ID=33556_4	300	B3	B3-III	Undefined
SRR13165308_contigs.fasta	NODE_383834_length_1038_cov_8.509664	873	121	TEM-P14	251	A	A-IV	TEM
SRR13165308_contigs.fasta	NODE_383834_length_1038_cov_8.509664	903	43	SPA_MetaAn_5_l287_st2253_e3113_se-1_ID=11060_2	287	A	A-IV	Undefined
SRR13165308_contigs.fasta	NODE_383834_length_1038_cov_8.509664	894	46	TEM-P121	283	A	A-IV	TEM
SRR13165308_contigs.fasta	NODE_383834_length_1038_cov_8.509664	867	85	TEM-P118	261	A	A-IV	TEM
SRR13165308_contigs.fasta	NODE_463450_length_932_cov_1.785633	2	721	SPA_MetaAn_50_l279_st1066_e1902_se-1_ID=69806_4	279	B3	B3-IV	Undefined
SRR13165308_contigs.fasta	NODE_530547_length_862_cov_1.961586	759	1	SPA_MetaAn_57_l284_st308_e1159_se-1_ID=35774_2	284	B3	B3-III	Undefined
SRR13165308_contigs.fasta	NODE_58644_length_2980_cov_4.836581	2060	1092	SPA_MetaAn_50_l323_st1092_e2060_se-1_ID=58644_2	323	B3	B3-III	Undefined
SRR13165308_contigs.fasta	NODE_69806_length_2712_cov_4.635303	1902	1066	SPA_MetaAn_50_l279_st1066_e1902_se-1_ID=69806_4	279	B3	B3-IV	Undefined
SRR13165308_contigs.fasta	NODE_69806_length_2712_cov_4.635303	1821	1075	SPA_MetaAn_54_l279_st191_e1027_se-1_ID=43151_2	279	B3	B3-IV	Undefined
SRR13165308_contigs.fasta	NODE_72507_length_2657_cov_3.741353	1481	672	SPA_MetaAn_17_l337_st902_e1912_se-1_ID=125791_2	337	A	A-I	Undefined
SRR13165308_contigs.fasta	NODE_94765_length_2293_cov_9.833333	809	3	27552520_len_293_MetaAn_50	293	B3	B3-IV	Undefined
SRR13165308_contigs.fasta	NODE_94765_length_2293_cov_9.833333	791	6	SPA_MetaAn_69_l301_st11_e913_se-1_ID=149249_1	301	B3	B3-IV	Undefined
SRR17689995_contigs.fasta	NODE_13354_length_2432_cov_2.880101	1701	775	SPA_MetaAn_53_l309_st775_e1701_se-1_ID=13354_2	309	B3	B3-V	Undefined
SRR17689995_contigs.fasta	NODE_13354_length_2432_cov_2.880101	1689	784	SPA_MetaAn_17_l305_st954_e1868_se1_ID=119899_3	305	B3	B3-V	Undefined
SRR17689995_contigs.fasta	NODE_16640_length_2134_cov_4.728235	323	1174	SPA_MetaAn_57_l284_st308_e1159_se-1_ID=35774_2	284	B3	B3-III	Undefined
SRR17689995_contigs.fasta	NODE_21752_length_1832_cov_3.186269	958	44	SPA_MetaAn_53_l305_st44_e958_se-1_ID=21752_1	305	B3	B3-V	Undefined
SRR17689995_contigs.fasta	NODE_21752_length_1832_cov_3.186269	961	56	13972784_len_309_MetaAn_28	309	B3	B3-V	Undefined
SRR17689995_contigs.fasta	NODE_23854_length_1742_cov_1.941316	878	3	39928447_len_332_MetaAn_50	332	B3	B3-V	Undefined
SRR17689995_contigs.fasta	NODE_3469_length_5859_cov_3.961923	3095	2187	SPA_MetaAn_53_l303_st2187_e3095_se-1_ID=3469_4	303	B3	B3-VI	Undefined
SRR17689995_contigs.fasta	NODE_3469_length_5859_cov_3.961923	3074	2193	B3SU1-1	303	B3	B3-VI	B3SU1
SRR17689995_contigs.fasta	NODE_35764_length_1393_cov_4.210762	772	2	SPA_MetaAn_23_l322_st4168_e5133_se-1_ID=11371_6	322	A	A-II	Undefined
SRR17689995_contigs.fasta	NODE_59445_length_1065_cov_3.659406	905	27	SPA_MetaAn_20_l300_st1322_e2221_se1_ID=9070_2	300	A	A-IV	Undefined
SRR17689995_contigs.fasta	NODE_6086_length_3998_cov_9.555415	908	1816	2379406_len_309_MetaAn_58	309	B3	B3-V	Undefined
SRR17689995_contigs.fasta	NODE_6086_length_3998_cov_9.555415	911	1825	433673_len_306_MetaAn_53	306	B3	B3-V	Undefined
SRR17689995_contigs.fasta	NODE_7003_length_3646_cov_4.152604	2768	1851	SPA_MetaAn_53_l306_st1851_e2768_se-1_ID=7003_3	306	B3	B3-V	Undefined
SRR17689995_contigs.fasta	NODE_7003_length_3646_cov_4.152604	2777	1863	3795181_len_310_MetaAn_58	310	B3	B3-V	Undefined
SRR17689995_contigs.fasta	NODE_8796_length_3164_cov_10.587970	2940	1960	SPA_MetaAn_53_l327_st1960_e2940_se-1_ID=8796_3	327	B3	B3-V	Undefined
SRR17689980_contigs.fasta	NODE_11717_length_2612_cov_3.216660	477	1271	SPA_MetaAn_50_l279_st1066_e1902_se-1_ID=69806_4	279	B3	B3-IV	Undefined
SRR17689980_contigs.fasta	NODE_1643_length_6138_cov_4.652310	2386	3210	1910646_len_281_MetaAn_59	281	B3	B3-IV	Undefined
SRR17689980_contigs.fasta	NODE_1643_length_6138_cov_4.652310	2371	3213	2729979_len_324_MetaAn_61	324	B3	B3-IV	Undefined
SRR17689980_contigs.fasta	NODE_1643_length_6138_cov_4.652310	2332	3219	SPA_MetaAn_69_l301_st11_e913_se-1_ID=149249_1	301	B3	B3-IV	Undefined
SRR17689980_contigs.fasta	NODE_1643_length_6138_cov_4.652310	2356	3225	SPA_MetaAn_61_l302_st2155_e3060_se-1_ID=52238_3	302	B3	B3-IV	Undefined
SRR17689980_contigs.fasta	NODE_1643_length_6138_cov_4.652310	2329	3231	5424715_len_302_MetaAn_54	302	B3	B3-IV	Undefined
SRR17689980_contigs.fasta	NODE_43151_length_1378_cov_2.728647	1027	191	SPA_MetaAn_54_l279_st191_e1027_se-1_ID=43151_2	279	B3	B3-IV	Undefined
SRR17689980_contigs.fasta	NODE_44318_length_1360_cov_1.810728	533	1360	5066244_len_299_MetaAn_73	299	B3	B3-V	Undefined
SRR17689980_contigs.fasta	NODE_5582_length_3645_cov_3.213649	87	938	SPA_MetaAn_54_l284_st87_e938_se1_ID=5582_2	284	B3	B3-III	Undefined
SRR17690002_contigs.fasta	NODE_3218_length_3319_cov_2.394301	2660	1824	SPA_MetaAn_56_l279_st1824_e2660_se-1_ID=3218_2	279	B3	B3-IV	Undefined
SRR17690002_contigs.fasta	NODE_3218_length_3319_cov_2.394301	2582	1836	SPA_MetaAn_50_l279_st1066_e1902_se-1_ID=69806_4	279	B3	B3-IV	Undefined
SRR17689998_contigs.fasta	NODE_1540_length_8023_cov_7.797816	378	1151	SPA_MetaAn_62_l291_st178_e1050_se1_ID=48827_2	291	A	A-III	Undefined
SRR17689998_contigs.fasta	NODE_1540_length_8023_cov_7.797816	273	1154	4519639_len_295_MetaAn_57	295	A	A-III	Undefined
SRR17689998_contigs.fasta	NODE_15438_length_2523_cov_2.866694	1086	364	SPA_MetaAn_57_l241_st364_e1086_se-1_ID=15438_1	241	B1	B1-I	Undefined
SRR17689998_contigs.fasta	NODE_164607_length_682_cov_6.629984	1	681	3249892_len_245_MetaAn_57	245	B1	B1-III	Undefined
SRR17689998_contigs.fasta	NODE_27400_length_1855_cov_3.305556	630	1508	SPA_MetaAn_47_l307_st2141_e3061_se-1_ID=8053_3	307	B3	B3-V	Undefined
SRR17689998_contigs.fasta	NODE_27400_length_1855_cov_3.305556	654	1511	SPA_MetaAn_53_l306_st1851_e2768_se-1_ID=7003_3	306	B3	B3-V	Undefined
SRR17689998_contigs.fasta	NODE_27400_length_1855_cov_3.305556	609	1523	SPA_MetaAn_57_l305_st609_e1523_se1_ID=27400_2	305	B3	B3-V	Undefined
SRR17689998_contigs.fasta	NODE_27881_length_1837_cov_3.848485	1526	636	SPA_MetaAn_57_l297_st636_e1526_se-1_ID=27881_2	297	B3	B3-V	Undefined
SRR17689998_contigs.fasta	NODE_27909_length_1836_cov_3.138125	693	1562	SPA_MetaAn_58_l305_st274_e1188_se-1_ID=14462_2	305	B3	B3-V	Undefined
SRR17689998_contigs.fasta	NODE_27909_length_1836_cov_3.138125	660	1574	SPA_MetaAn_57_l305_st660_e1574_se1_ID=27909_2	305	B3	B3-V	Undefined
SRR17689998_contigs.fasta	NODE_32_length_98029_cov_11.696756	1256	495	5529096_len_254_MetaAn_57	254	B1	B1-III	Undefined
SRR17689998_contigs.fasta	NODE_35774_length_1600_cov_6.214887	1159	308	SPA_MetaAn_57_l284_st308_e1159_se-1_ID=35774_2	284	B3	B3-III	Undefined
SRR17689998_contigs.fasta	NODE_4196_length_4831_cov_5.843384	3822	4721	3149943_len_305_MetaAn_58	305	B3	B3-V	Undefined
SRR17689998_contigs.fasta	NODE_4196_length_4831_cov_5.843384	3840	4727	SPA_MetaAn_57_l305_st660_e1574_se1_ID=27909_2	305	B3	B3-V	Undefined
SRR17689998_contigs.fasta	NODE_4196_length_4831_cov_5.843384	3819	4730	2599738_len_309_MetaAn_58	309	B3	B3-V	Undefined
SRR17689998_contigs.fasta	NODE_4196_length_4831_cov_5.843384	3825	4760	SPA_MetaAn_57_l312_st3825_e4760_se1_ID=4196_6	312	B3	B3-V	Undefined
SRR17689998_contigs.fasta	NODE_5070_length_4407_cov_3.233226	806	1690	SPA_MetaAn_73_l305_st1122_e2036_se1_ID=55789_3	305	B3	B3-V	Undefined
SRR17689998_contigs.fasta	NODE_5070_length_4407_cov_3.233226	779	1699	7687177_len_317_MetaAn_57	317	B3	B3-V	Undefined
SRR17689998_contigs.fasta	NODE_5070_length_4407_cov_3.233226	791	1705	SPA_MetaAn_57_l305_st791_e1705_se1_ID=5070_3	305	B3	B3-V	Undefined
SRR17689998_contigs.fasta	NODE_56_length_73276_cov_12.823234	42236	41478	973004_len_254_MetaAn_57	254	B1	B1-III	Undefined
SRR17689999_contigs.fasta	NODE_1336_length_8138_cov_6.630830	4312	3434	5066244_len_299_MetaAn_73	299	B3	B3-V	Undefined
SRR17689999_contigs.fasta	NODE_14462_length_2080_cov_6.047407	1188	274	SPA_MetaAn_58_l305_st274_e1188_se-1_ID=14462_2	305	B3	B3-V	Undefined
SRR17689999_contigs.fasta	NODE_14462_length_2080_cov_6.047407	1143	283	SPA_MetaAn_53_l306_st1851_e2768_se-1_ID=7003_3	306	B3	B3-V	Undefined
SRR17689999_contigs.fasta	NODE_14462_length_2080_cov_6.047407	1167	289	SPA_MetaAn_47_l307_st2141_e3061_se-1_ID=8053_3	307	B3	B3-V	Undefined
SRR17689999_contigs.fasta	NODE_18072_length_1835_cov_13.167416	1561	638	3861684_len_309_MetaAn_58	309	B3	B3-V	Undefined
SRR17689999_contigs.fasta	NODE_18958_length_1785_cov_12.602312	320	1231	SPA_MetaAn_58_l304_st320_e1231_se1_ID=18958_2	304	B3	B3-V	Undefined
SRR17689999_contigs.fasta	NODE_232_length_27174_cov_7.232899	26048	26974	3795181_len_310_MetaAn_58	310	B3	B3-V	Undefined
SRR17689999_contigs.fasta	NODE_2479_length_5578_cov_3.600579	2	826	8729096_len_306_MetaAn_47	306	B3	B3-VI	Undefined
SRR17689999_contigs.fasta	NODE_26400_length_1491_cov_4.126741	292	1197	3795181_len_310_MetaAn_58	310	B3	B3-V	Undefined
SRR17689999_contigs.fasta	NODE_26400_length_1491_cov_4.126741	295	1209	SPA_MetaAn_17_l305_st954_e1868_se1_ID=119899_3	305	B3	B3-V	Undefined
SRR17689999_contigs.fasta	NODE_27654_length_1451_cov_2.729943	532	1404	SPA_MetaAn_57_l305_st660_e1574_se1_ID=27909_2	305	B3	B3-V	Undefined
SRR17689999_contigs.fasta	NODE_27654_length_1451_cov_2.729943	499	1410	7687177_len_317_MetaAn_57	317	B3	B3-V	Undefined
SRR17689999_contigs.fasta	NODE_27654_length_1451_cov_2.729943	505	1416	SPA_MetaAn_58_l304_st505_e1416_se1_ID=27654_2	304	B3	B3-VI	Undefined
SRR17689999_contigs.fasta	NODE_3430_length_4626_cov_14.372129	3665	2742	5498482_len_309_MetaAn_58	309	B3	B3-V	Undefined
SRR17689999_contigs.fasta	NODE_3430_length_4626_cov_14.372129	3656	2754	SPA_MetaAn_57_l305_st660_e1574_se1_ID=27909_2	305	B3	B3-V	Undefined
SRR17689999_contigs.fasta	NODE_4060_length_4213_cov_7.742665	882	1775	SPA_MetaAn_73_l305_st1122_e2036_se1_ID=55789_3	305	B3	B3-V	Undefined
SRR17689999_contigs.fasta	NODE_4060_length_4213_cov_7.742665	867	1781	SPA_MetaAn_58_l305_st867_e1781_se1_ID=4060_3	305	B3	B3-V	Undefined
SRR17689999_contigs.fasta	NODE_64644_length_921_cov_1.946882	916	155	16618402_len_302_MetaAn_65	302	B3	B3-VI	Undefined
SRR20770299_contigs.fasta	NODE_102979_length_1172_cov_4.883617	448	1170	16578501_len_293_MetaAn_59	293	B3	B3-IV	Undefined
SRR20770299_contigs.fasta	NODE_111822_length_1123_cov_6.210674	319	1122	32520007_len_292_MetaAn_61	292	B3	B3-IV	Undefined
SRR20770299_contigs.fasta	NODE_154614_length_945_cov_3.602247	698	3	4199755_len_290_MetaAn_69	290	D	D-III	Undefined
SRR20770299_contigs.fasta	NODE_19413_length_2934_cov_2.940604	359	1231	SPA_MetaAn_59_l291_st359_e1231_se1_ID=19413_2	291	B3	B3-IV	Undefined
SRR20770299_contigs.fasta	NODE_20122_length_2878_cov_2.974141	2878	2048	SPA_MetaAn_9_l292_st1439_e2314_se1_ID=37432_2	292	B3	B3-IV	Undefined
SRR20770299_contigs.fasta	NODE_20122_length_2878_cov_2.974141	2872	2057	SPA_MetaAn_4_l296_st1779_e2666_se1_ID=221_5	296	B3	B3-IV	Undefined
SRR20770299_contigs.fasta	NODE_31946_length_2227_cov_13.755525	1305	352	SPA_MetaAn_59_l318_st352_e1305_se-1_ID=31946_2	318	A	A-I	Undefined
SRR20770299_contigs.fasta	NODE_4022_length_7158_cov_7.757286	5850	5011	1910646_len_281_MetaAn_59	281	B3	B3-IV	Undefined
SRR20770299_contigs.fasta	NODE_4022_length_7158_cov_7.757286	5862	5020	SPA_MetaAn_69_l292_st2610_e3485_se-1_ID=7463_4	292	B3	B3-IV	Undefined
SRR20770299_contigs.fasta	NODE_4022_length_7158_cov_7.757286	5802	5023	SPA_MetaAn_61_l292_st494_e1369_se-1_ID=139152_2	292	B3	B3-IV	Undefined
SRR20770299_contigs.fasta	NODE_45230_length_1836_cov_2.549691	115	981	32520007_len_292_MetaAn_61	292	B3	B3-IV	Undefined
SRR20770299_contigs.fasta	NODE_6001_length_5703_cov_13.924398	1191	316	SPA_MetaAn_59_l292_st316_e1191_se-1_ID=6001_1	292	B3	B3-IV	Undefined
SRR20770299_contigs.fasta	NODE_6001_length_5703_cov_13.924398	1176	322	SPA_MetaAn_62_l295_st1999_e2883_se1_ID=20697_5	295	B3	B3-IV	Undefined
ERR4183043_contigs.fasta	NODE_11060_length_3894_cov_4.919771	3113	2253	SPA_MetaAn_5_l287_st2253_e3113_se-1_ID=11060_2	287	A	A-IV	Undefined
ERR4183043_contigs.fasta	NODE_11060_length_3894_cov_4.919771	3104	2256	TEM-P121	283	A	A-IV	TEM
ERR4183043_contigs.fasta	NODE_11060_length_3894_cov_4.919771	3077	2295	TEM-P118	261	A	A-IV	TEM
ERR4183043_contigs.fasta	NODE_11060_length_3894_cov_4.919771	3083	2331	TEM-P14	251	A	A-IV	TEM
ERR4183043_contigs.fasta	NODE_19445_length_2915_cov_11.191608	2394	1591	SPA_MetaAn_61_l302_st2155_e3060_se-1_ID=52238_3	302	B3	B3-IV	Undefined
ERR4183043_contigs.fasta	NODE_19445_length_2915_cov_11.191608	2445	1594	5424715_len_302_MetaAn_54	302	B3	B3-IV	Undefined
ERR4183043_contigs.fasta	NODE_19445_length_2915_cov_11.191608	2388	1597	SPA_MetaAn_69_l301_st11_e913_se-1_ID=149249_1	301	B3	B3-IV	Undefined
ERR4183043_contigs.fasta	NODE_19445_length_2915_cov_11.191608	2424	1600	11639273_len_281_MetaAn_59	281	B3	B3-IV	Undefined
ERR4183043_contigs.fasta	NODE_21255_length_2783_cov_1.952346	3	632	SPA_MetaAn_83_l241_st1817_e2539_se1_ID=28230_3	241	A	A-X	Undefined
ERR4183043_contigs.fasta	NODE_234718_length_768_cov_1.833100	1	684	SPA_MetaAn_75_l272_st221_e1036_se-1_ID=8364_2	272	A	A-VIII	Undefined
ERR4183043_contigs.fasta	NODE_234718_length_768_cov_1.833100	4	756	SPA_MetaAn_1_l302_st502_e1407_se1_ID=35628_3	302	A	A-IV	Undefined
ERR4183043_contigs.fasta	NODE_26657_length_2473_cov_1.827130	1047	1964	SPA_MetaAn_5_l306_st1047_e1964_se1_ID=26657_2	306	A	A-I	Undefined
ERR4183043_contigs.fasta	NODE_4043_length_6348_cov_3.275544	5192	6037	SPA_MetaAn_5_l282_st5192_e6037_se1_ID=4043_6	282	A	A-IV	Undefined
ERR4183043_contigs.fasta	NODE_7995_length_4572_cov_3.238875	1414	2304	SPA_MetaAn_5_l297_st1414_e2304_se1_ID=7995_3	297	A	A-III	Undefined
ERR4183043_contigs.fasta	NODE_84868_length_1329_cov_2.489011	373	1218	1864848_len_293_MetaAn_9	293	B3	B3-IV	Undefined
ERR4183043_contigs.fasta	NODE_84868_length_1329_cov_2.489011	370	1224	22994402_len_294_MetaAn_65	294	B3	B3-IV	Undefined
ERR4183043_contigs.fasta	NODE_84868_length_1329_cov_2.489011	292	1239	SPA_MetaAn_5_l316_st292_e1239_se1_ID=84868_1	316	B3	B3-IV	Undefined
SRR20770298_contigs.fasta	NODE_116_length_5010_cov_8.674874	4781	3888	SPA_MetaAn_60_l298_st3888_e4781_se-1_ID=116_6	298	B3	B3-V	Undefined
SRR24605841_contigs.fasta	NODE_120966_length_1992_cov_6.534331	1449	622	SPA_MetaAn_61_l276_st622_e1449_se-1_ID=120966_2	276	D	D-III	Undefined
SRR24605841_contigs.fasta	NODE_120966_length_1992_cov_6.534331	1443	625	OXA-1091	272	D	D-III	OXA
SRR24605841_contigs.fasta	NODE_1304_length_19539_cov_10.187025	9066	8194	52487140_len_292_MetaAn_61	292	B3	B3-IV	Undefined
SRR24605841_contigs.fasta	NODE_139152_length_1847_cov_11.518415	1369	494	SPA_MetaAn_61_l292_st494_e1369_se-1_ID=139152_2	292	B3	B3-IV	Undefined
SRR24605841_contigs.fasta	NODE_139152_length_1847_cov_11.518415	1339	503	SPA_MetaAn_69_l292_st2610_e3485_se-1_ID=7463_4	292	B3	B3-IV	Undefined
SRR24605841_contigs.fasta	NODE_139152_length_1847_cov_11.518415	1366	509	5424715_len_302_MetaAn_54	302	B3	B3-IV	Undefined
SRR24605841_contigs.fasta	NODE_139152_length_1847_cov_11.518415	1333	512	1910646_len_281_MetaAn_59	281	B3	B3-IV	Undefined
SRR24605841_contigs.fasta	NODE_18709_length_5313_cov_9.423925	3642	2461	SPA_MetaAn_61_l394_st2461_e3642_se-1_ID=18709_3	394	C	C-I	Undefined
SRR24605841_contigs.fasta	NODE_225551_length_1419_cov_3.998534	493	1341	1120342_len_281_MetaAn_59	281	B3	B3-IV	Undefined
SRR24605841_contigs.fasta	NODE_225551_length_1419_cov_3.998534	484	1362	3068210_len_306_MetaAn_61	306	B3	B3-IV	Undefined
SRR24605841_contigs.fasta	NODE_27109_length_4386_cov_6.279843	2095	3024	SPA_MetaAn_61_l310_st2095_e3024_se1_ID=27109_3	310	B3	B3-IV	Undefined
SRR24605841_contigs.fasta	NODE_271287_length_1280_cov_4.484898	1275	403	LRA3-1	302	B3	B3-IV	LRA3
SRR24605841_contigs.fasta	NODE_284666_length_1246_cov_3.457599	938	24	SPA_MetaAn_61_l305_st24_e938_se-1_ID=284666_1	305	B3	B3-IV	Undefined
SRR24605841_contigs.fasta	NODE_293828_length_1224_cov_3.376390	858	1	1186868_len_302_MetaAn_61	302	B3	B3-IV	Undefined
SRR24605841_contigs.fasta	NODE_336507_length_1134_cov_4.265060	358	1131	11639273_len_281_MetaAn_59	281	B3	B3-IV	Undefined
SRR24605841_contigs.fasta	NODE_336507_length_1134_cov_4.265060	346	1134	SPA_MetaAn_49_l289_st728_e1594_se1_ID=1160_2	289	B3	B3-IV	Undefined
SRR24605841_contigs.fasta	NODE_3700_length_11993_cov_9.362288	7410	6535	SPA_MetaAn_61_l292_st6535_e7410_se-1_ID=3700_5	292	B3	B3-IV	Undefined
SRR24605841_contigs.fasta	NODE_3700_length_11993_cov_9.362288	7392	6541	SPA_MetaAn_61_l292_st494_e1369_se-1_ID=139152_2	292	B3	B3-IV	Undefined
SRR24605841_contigs.fasta	NODE_3700_length_11993_cov_9.362288	7377	6544	SPA_MetaAn_61_l302_st2155_e3060_se-1_ID=52238_3	302	B3	B3-IV	Undefined
SRR24605841_contigs.fasta	NODE_3700_length_11993_cov_9.362288	7380	6550	5424715_len_302_MetaAn_54	302	B3	B3-IV	Undefined
SRR24605841_contigs.fasta	NODE_3700_length_11993_cov_9.362288	7365	6553	3070832_len_301_MetaAn_50	301	B3	B3-IV	Undefined
SRR24605841_contigs.fasta	NODE_430718_length_985_cov_4.341935	985	227	SPA_MetaAn_83_l273_st1511_e2329_se-1_ID=18058_3	273	B3	B3-IV	Undefined
SRR24605841_contigs.fasta	NODE_465710_length_942_cov_3.493799	179	940	15849013_len_291_MetaAn_69	291	B3	B3-IV	Undefined
SRR24605841_contigs.fasta	NODE_52238_length_3119_cov_5.687010	3060	2155	SPA_MetaAn_61_l302_st2155_e3060_se-1_ID=52238_3	302	B3	B3-IV	Undefined
SRR24605841_contigs.fasta	NODE_52238_length_3119_cov_5.687010	3036	2176	5424715_len_302_MetaAn_54	302	B3	B3-IV	Undefined
SRR24605841_contigs.fasta	NODE_52238_length_3119_cov_5.687010	3021	2182	SPA_MetaAn_61_l292_st494_e1369_se-1_ID=139152_2	292	B3	B3-IV	Undefined
SRR24605841_contigs.fasta	NODE_52238_length_3119_cov_5.687010	2985	2185	B3SU2-1	293	B3	B3-IV	B3SU2
SRR24605841_contigs.fasta	NODE_52238_length_3119_cov_5.687010	3039	2188	SPA_MetaAn_69_l301_st11_e913_se-1_ID=149249_1	301	B3	B3-IV	Undefined
SRR24605841_contigs.fasta	NODE_549732_length_857_cov_2.241895	855	106	SPA_MetaAn_69_l292_st2610_e3485_se-1_ID=7463_4	292	B3	B3-IV	Undefined
SRR24605841_contigs.fasta	NODE_576368_length_834_cov_3.080873	810	7	SPA_MetaAn_61_l268_st7_e810_se-1_ID=576368_1	268	D	D-II	Undefined
SRR24605841_contigs.fasta	NODE_707263_length_741_cov_1.829446	3	740	SPA_MetaAn_49_l289_st728_e1594_se1_ID=1160_2	289	B3	B3-IV	Undefined
SRR24605841_contigs.fasta	NODE_98_length_53927_cov_14.434604	15958	16782	4519186_len_281_MetaAn_59	281	B3	B3-IV	Undefined
SRR24605841_contigs.fasta	NODE_98_length_53927_cov_14.434604	15928	16785	5424715_len_302_MetaAn_54	302	B3	B3-IV	Undefined
SRR24605841_contigs.fasta	NODE_98_length_53927_cov_14.434604	15832	16800	45507610_len_324_MetaAn_61	324	B3	B3-IV	Undefined
SRR24605842_contigs.fasta	NODE_101796_length_1622_cov_6.970006	134	1024	SPA_MetaAn_62_l297_st134_e1024_se1_ID=101796_1	297	A	A-VII	Undefined
SRR24605842_contigs.fasta	NODE_108914_length_1557_cov_3.610519	869	132	SPA_MetaAn_62_l246_st132_e869_se-1_ID=108914_1	246	B1	B1-I	Undefined
SRR24605842_contigs.fasta	NODE_119188_length_1473_cov_8.311707	1077	208	25967795_len_291_MetaAn_62	291	D	D-III	Undefined
SRR24605842_contigs.fasta	NODE_12640_length_5754_cov_12.757150	1821	2711	SPA_MetaAn_62_l297_st1821_e2711_se1_ID=12640_3	297	A	A-VI	Undefined
SRR24605842_contigs.fasta	NODE_1390_length_20368_cov_10.564860	19358	18519	2032487_len_282_MetaAn_63	282	B3	B3-I	Undefined
SRR24605842_contigs.fasta	NODE_1390_length_20368_cov_10.564860	19373	18522	SPA_MetaAn_29_l286_st2499_e3356_se-1_ID=17789_3	286	B3	B3-I	Undefined
SRR24605842_contigs.fasta	NODE_144792_length_1307_cov_5.384185	127	972	27873091_len_307_MetaAn_63	307	B3	B3-V	Undefined
SRR24605842_contigs.fasta	NODE_144792_length_1307_cov_5.384185	94	990	SPA_MetaAn_2_l299_st87_e983_se-1_ID=53282_2	299	B3	B3-V	Undefined
SRR24605842_contigs.fasta	NODE_15064_length_5168_cov_7.752005	2790	1717	19299645_len_359_MetaAn_62	359	B3	B3-VI	Undefined
SRR24605842_contigs.fasta	NODE_15064_length_5168_cov_7.752005	2637	1732	8729096_len_306_MetaAn_47	306	B3	B3-VI	Undefined
SRR24605842_contigs.fasta	NODE_1717_length_18176_cov_14.783069	3588	2692	32554434_len_300_MetaAn_62	300	B3	B3-I	Undefined
SRR24605842_contigs.fasta	NODE_173_length_50357_cov_10.371277	25958	26866	SPA_MetaAn_62_l303_st25958_e26866_se1_ID=173_35	303	A	A-II	Undefined
SRR24605842_contigs.fasta	NODE_20697_length_4249_cov_8.684072	2011	2865	1864848_len_293_MetaAn_9	293	B3	B3-IV	Undefined
SRR24605842_contigs.fasta	NODE_20697_length_4249_cov_8.684072	2014	2868	15516224_len_293_MetaAn_59	293	B3	B3-IV	Undefined
SRR24605842_contigs.fasta	NODE_20697_length_4249_cov_8.684072	1999	2883	SPA_MetaAn_62_l295_st1999_e2883_se1_ID=20697_5	295	B3	B3-IV	Undefined
SRR24605842_contigs.fasta	NODE_20927_length_4222_cov_5.484281	602	1450	SPA_MetaAn_62_l283_st602_e1450_se1_ID=20927_3	283	A	A-IV	Undefined
SRR24605842_contigs.fasta	NODE_212_length_46105_cov_9.747079	4162	3287	SPA_MetaAn_62_l292_st3287_e4162_se-1_ID=212_5	292	B3	B3-IV	Undefined
SRR24605842_contigs.fasta	NODE_227769_length_987_cov_3.006438	8	709	SPA_MetaAn_79_l264_st101_e892_se1_ID=20644_1	264	D	D-III	Undefined
SRR24605842_contigs.fasta	NODE_27868_length_3556_cov_6.890888	3323	2415	SPA_MetaAn_62_l303_st2415_e3323_se-1_ID=27868_4	303	A	A-II	Undefined
SRR24605842_contigs.fasta	NODE_2872_length_13899_cov_9.083574	1479	2627	SPA_MetaAn_83_l435_st3519_e4823_se1_ID=6932_4	435	C	C-I	Undefined
SRR24605842_contigs.fasta	NODE_2872_length_13899_cov_9.083574	1482	2651	17530938_len_391_MetaAn_62	391	C	C-I	Undefined
SRR24605842_contigs.fasta	NODE_308242_length_816_cov_3.721419	776	3	30337254_len_307_MetaAn_63	307	B3	B3-V	Undefined
SRR24605842_contigs.fasta	NODE_308242_length_816_cov_3.721419	770	6	SPA_MetaAn_2_l299_st87_e983_se-1_ID=53282_2	299	B3	B3-V	Undefined
SRR24605842_contigs.fasta	NODE_331_length_38543_cov_14.625286	1901	2746	SPA_MetaAn_69_l292_st6111_e6986_se1_ID=2210_7	292	B3	B3-IV	Undefined
SRR24605842_contigs.fasta	NODE_331_length_38543_cov_14.625286	1922	2752	LRA12-1	293	B3	B3-IV	LRA12
SRR24605842_contigs.fasta	NODE_331_length_38543_cov_14.625286	1919	2758	SPA_MetaAn_4_l296_st1779_e2666_se1_ID=221_5	296	B3	B3-IV	Undefined
SRR24605842_contigs.fasta	NODE_331_length_38543_cov_14.625286	1883	2767	SPA_MetaAn_62_l295_st1883_e2767_se1_ID=331_2	295	B3	B3-IV	Undefined
SRR24605842_contigs.fasta	NODE_33912_length_3157_cov_5.583172	254	1165	SPA_MetaAn_62_l304_st254_e1165_se1_ID=33912_2	304	B3	B3-V	Undefined
SRR24605842_contigs.fasta	NODE_4092_length_11348_cov_6.741344	6588	7460	SPA_MetaAn_62_l291_st6588_e7460_se1_ID=4092_7	291	B3	B3-IV	Undefined
SRR24605842_contigs.fasta	NODE_48827_length_2535_cov_4.326210	271	1041	445188_len_295_MetaAn_57	295	A	A-III	Undefined
SRR24605842_contigs.fasta	NODE_48827_length_2535_cov_4.326210	178	1050	SPA_MetaAn_62_l291_st178_e1050_se1_ID=48827_2	291	A	A-III	Undefined
SRR24605842_contigs.fasta	NODE_6247_length_8755_cov_5.504483	2329	3078	14992923_len_251_MetaAn_25	251	B1	B1-II	Undefined
SRR24605842_contigs.fasta	NODE_7508_length_7866_cov_6.209960	3215	2505	SPA_MetaAn_75_l272_st221_e1036_se-1_ID=8364_2	272	A	A-VIII	Undefined
SRR24605842_contigs.fasta	NODE_9155_length_6968_cov_14.878779	3713	2919	SPA_MetaAn_62_l265_st2919_e3713_se-1_ID=9155_2	265	D	D-III	Undefined
SRR24605842_contigs.fasta	NODE_9155_length_6968_cov_14.878779	3707	2922	OXA-957	262	D	D-III	OXA
SRR24605825_contigs.fasta	NODE_13115_length_4162_cov_11.572924	100	1257	IDC-2	395	C	C-I	IDC
SRR24605825_contigs.fasta	NODE_13115_length_4162_cov_11.572924	1	1272	21243713_len_452_MetaAn_63	452	C	C-I	Undefined
SRR24605825_contigs.fasta	NODE_133525_length_1286_cov_3.288383	37	909	31928617_len_295_MetaAn_3	295	A	A-II	Undefined
SRR24605825_contigs.fasta	NODE_133525_length_1286_cov_3.288383	28	915	4801576_len_297_MetaAn_66	297	A	A-II	Undefined
SRR24605825_contigs.fasta	NODE_134578_length_1281_cov_2.432300	287	1207	SPA_MetaAn_63_l307_st287_e1207_se1_ID=134578_2	307	A	A-IV	Undefined
SRR24605825_contigs.fasta	NODE_16197_length_3740_cov_7.251289	1306	485	2032487_len_282_MetaAn_63	282	B3	B3-I	Undefined
SRR24605825_contigs.fasta	NODE_16197_length_3740_cov_7.251289	1324	494	SPA_MetaAn_29_l286_st2499_e3356_se-1_ID=17789_3	286	B3	B3-I	Undefined
SRR24605825_contigs.fasta	NODE_205371_length_1033_cov_3.701431	971	57	SPA_MetaAn_63_l305_st57_e971_se-1_ID=205371_1	305	B3	B3-V	Undefined
SRR24605825_contigs.fasta	NODE_24951_length_3003_cov_8.045115	1415	546	SPA_MetaAn_63_l301_st546_e1448_se-1_ID=24951_2	301	B3	B3-III	Undefined
SRR24605825_contigs.fasta	NODE_24951_length_3003_cov_8.045115	1352	555	SPA_MetaAn_63_l301_st692_e1594_se-1_ID=44068_2	301	B3	B3-III	Undefined
SRR24605825_contigs.fasta	NODE_2918_length_8889_cov_18.819561	962	120	24459823_len_282_MetaAn_63	282	B3	B3-I	Undefined
SRR24605825_contigs.fasta	NODE_2918_length_8889_cov_18.819561	944	123	SPA_MetaAn_29_l286_st2499_e3356_se-1_ID=17789_3	286	B3	B3-I	Undefined
SRR24605825_contigs.fasta	NODE_37165_length_2465_cov_4.412033	1079	57	3214603_len_342_MetaAn_63	342	B3	B3-III	Undefined
SRR24605825_contigs.fasta	NODE_44068_length_2258_cov_6.603722	1594	692	SPA_MetaAn_63_l301_st692_e1594_se-1_ID=44068_2	301	B3	B3-III	Undefined
SRR24605825_contigs.fasta	NODE_657_length_16862_cov_18.504135	7942	8811	SPA_MetaAn_83_l299_st3278_e4174_se1_ID=11966_3	299	B3	B3-V	Undefined
SRR24605825_contigs.fasta	NODE_657_length_16862_cov_18.504135	7897	8814	SPA_MetaAn_2_l331_st2841_e3833_se-1_ID=8100_4	331	B3	B3-V	Undefined
SRR24605825_contigs.fasta	NODE_657_length_16862_cov_18.504135	7981	8826	9807939_len_353_MetaAn_3	353	B3	B3-V	Undefined
SRR24605825_contigs.fasta	NODE_657_length_16862_cov_18.504135	7918	8835	30337254_len_307_MetaAn_63	307	B3	B3-V	Undefined
SRR24605825_contigs.fasta	NODE_67003_length_1826_cov_8.505364	1267	467	SPA_MetaAn_63_l267_st467_e1267_se-1_ID=67003_2	267	B1	B1-III	Undefined
SRR24605828_contigs.fasta	NODE_28445_length_2198_cov_4.707886	1318	2190	SPA_MetaAn_64_l291_st1318_e2190_se1_ID=28445_4	291	A	A-IV	Undefined
SRR24605828_contigs.fasta	NODE_28752_length_2187_cov_7.093340	105	1001	4677385_len_309_MetaAn_58	309	B3	B3-V	Undefined
SRR24605828_contigs.fasta	NODE_28752_length_2187_cov_7.093340	102	1013	2379406_len_309_MetaAn_58	309	B3	B3-V	Undefined
SRR24605828_contigs.fasta	NODE_4303_length_5036_cov_13.629994	1618	695	6333904_len_309_MetaAn_64	309	B3	B3-V	Undefined
SRR24605828_contigs.fasta	NODE_4303_length_5036_cov_13.629994	1588	704	SPA_MetaAn_57_l305_st660_e1574_se1_ID=27909_2	305	B3	B3-V	Undefined
SRR24605838_contigs.fasta	NODE_108804_length_1532_cov_7.494922	1122	220	SPA_MetaAn_65_l301_st220_e1122_se-1_ID=108804_2	301	B3	B3-VI	Undefined
SRR24605838_contigs.fasta	NODE_108804_length_1532_cov_7.494922	1110	232	19299645_len_359_MetaAn_62	359	B3	B3-VI	Undefined
SRR24605838_contigs.fasta	NODE_109256_length_1529_cov_3.444369	1380	511	SPA_MetaAn_65_l290_st511_e1380_se-1_ID=109256_2	290	B3	B3-V	Undefined
SRR24605838_contigs.fasta	NODE_119345_length_1454_cov_4.892066	1439	498	SPA_MetaAn_65_l314_st498_e1439_se-1_ID=119345_2	314	B3	B3-III	Undefined
SRR24605838_contigs.fasta	NODE_119345_length_1454_cov_4.892066	1442	510	16890034_len_312_MetaAn_17	312	B3	B3-III	Undefined
SRR24605838_contigs.fasta	NODE_1344_length_21775_cov_21.588950	18442	17639	5390210_len_269_MetaAn_65	269	D	D-III	Undefined
SRR24605838_contigs.fasta	NODE_15241_length_4923_cov_9.125514	1535	2356	OXA-1091	272	D	D-III	OXA
SRR24605838_contigs.fasta	NODE_15241_length_4923_cov_9.125514	1544	2359	4199755_len_290_MetaAn_69	290	D	D-III	Undefined
SRR24605838_contigs.fasta	NODE_177116_length_1165_cov_3.431532	215	1066	SPA_MetaAn_29_l286_st2499_e3356_se-1_ID=17789_3	286	B3	B3-I	Undefined
SRR24605838_contigs.fasta	NODE_186989_length_1130_cov_3.508837	263	1129	SPA_MetaAn_62_l291_st6588_e7460_se1_ID=4092_7	291	B3	B3-IV	Undefined
SRR24605838_contigs.fasta	NODE_194521_length_1105_cov_4.260952	218	1093	19299645_len_359_MetaAn_62	359	B3	B3-VI	Undefined
SRR24605838_contigs.fasta	NODE_194521_length_1105_cov_4.260952	206	1102	17397035_len_302_MetaAn_65	302	B3	B3-III	Undefined
SRR24605838_contigs.fasta	NODE_237879_length_988_cov_2.115756	882	28	SPA_MetaAn_50_l323_st1092_e2060_se-1_ID=58644_2	323	B3	B3-III	Undefined
SRR24605838_contigs.fasta	NODE_25316_length_3592_cov_15.267741	624	1361	6619885_len_247_MetaAn_65	247	B1	B1-I	Undefined
SRR24605838_contigs.fasta	NODE_261377_length_937_cov_3.806122	96	893	SPA_MetaAn_65_l266_st96_e893_se1_ID=261377_1	266	B1	B1-III	Undefined
SRR24605838_contigs.fasta	NODE_322776_length_834_cov_2.267009	110	832	SPA_MetaAn_56_l279_st1824_e2660_se-1_ID=3218_2	279	B3	B3-IV	Undefined
SRR24605838_contigs.fasta	NODE_345475_length_802_cov_7.512718	21	800	SPA_MetaAn_62_l295_st1999_e2883_se1_ID=20697_5	295	B3	B3-IV	Undefined
SRR24605838_contigs.fasta	NODE_3951_length_11281_cov_8.547123	8024	7098	SPA_MetaAn_65_l309_st7098_e8024_se-1_ID=3951_7	309	B3	B3-V	Undefined
SRR24605838_contigs.fasta	NODE_3951_length_11281_cov_8.547123	8036	7107	7687177_len_317_MetaAn_57	317	B3	B3-V	Undefined
SRR24605838_contigs.fasta	NODE_42946_length_2620_cov_4.767641	1318	485	2914913_len_296_MetaAn_74	296	D	D-I	Undefined
SRR24605838_contigs.fasta	NODE_55207_length_2257_cov_4.034060	2	826	SPA_MetaAn_62_l292_st3287_e4162_se-1_ID=212_5	292	B3	B3-IV	Undefined
SRR24605838_contigs.fasta	NODE_5670_length_9010_cov_59.292797	1558	686	SPA_MetaAn_65_l291_st686_e1558_se-1_ID=5670_2	291	A	A-III	Undefined
SRR24605838_contigs.fasta	NODE_66361_length_2029_cov_4.210233	2029	815	21243713_len_452_MetaAn_63	452	C	C-I	Undefined
SRR24605838_contigs.fasta	NODE_66361_length_2029_cov_4.210233	1987	830	IDC-2	395	C	C-I	IDC
SRR24605838_contigs.fasta	NODE_85142_length_1761_cov_4.191676	1761	1027	SPA_MetaAn_73_l291_st361_e1233_se1_ID=77215_2	291	B3	B3-I	Undefined
SRR24605838_contigs.fasta	NODE_93827_length_1666_cov_8.937306	662	1615	4754110_len_319_MetaAn_65	319	A	A-II	Undefined
SRR24605838_contigs.fasta	NODE_94866_length_1656_cov_20.251093	863	1651	SPA_MetaAn_62_l295_st1999_e2883_se1_ID=20697_5	295	B3	B3-IV	Undefined
SRR24605838_contigs.fasta	NODE_94866_length_1656_cov_20.251093	848	1654	4747673_len_294_MetaAn_65	294	B3	B3-IV	Undefined
SRR24605834_contigs.fasta	NODE_2494_length_5304_cov_18.757097	3999	3103	SPA_MetaAn_66_l299_st3103_e3999_se-1_ID=2494_4	299	A	A-VI	Undefined
SRR24605834_contigs.fasta	NODE_38823_length_947_cov_12.922646	18	881	SPA_MetaAn_3_l288_st172_e1035_se1_ID=176893_2	288	A	A-III	Undefined
SRR24605834_contigs.fasta	NODE_3938_length_3930_cov_29.252387	1287	2159	19371791_len_295_MetaAn_23	295	A	A-II	Undefined
SRR24605834_contigs.fasta	NODE_3938_length_3930_cov_29.252387	1278	2165	SPA_MetaAn_66_l296_st1278_e2165_se1_ID=3938_3	296	A	A-II	Undefined
SRR24605834_contigs.fasta	NODE_4223_length_3748_cov_10.811265	839	81	973004_len_254_MetaAn_57	254	B1	B1-III	Undefined
SRR24605834_contigs.fasta	NODE_53367_length_798_cov_5.059219	798	1	SPA_MetaAn_1_l295_st1080_e1964_se-1_ID=57481_3	295	A	A-II	Undefined
SRR24605834_contigs.fasta	NODE_552_length_12646_cov_10.703121	3192	3980	SPA_MetaAn_66_l263_st3192_e3980_se1_ID=552_4	263	B1	B1-III	Undefined
SRR24605839_contigs.fasta	NODE_104_length_24496_cov_11.204697	21870	22712	2688882_len_281_MetaAn_67	281	D	D-III	Undefined
SRR24605839_contigs.fasta	NODE_11786_length_3533_cov_28.159574	963	52	3061646_len_305_MetaAn_67	305	B3	B3-V	Undefined
SRR24605839_contigs.fasta	NODE_122004_length_1148_cov_2.865508	920	132	SPA_MetaAn_67_l263_st132_e920_se-1_ID=122004_1	263	D	D-I	Undefined
SRR24605839_contigs.fasta	NODE_1301_length_9743_cov_6.861272	2396	3289	SPA_MetaAn_67_l298_st2396_e3289_se1_ID=1301_3	298	B3	B3-IV	Undefined
SRR24605839_contigs.fasta	NODE_317905_length_747_cov_2.592486	84	746	5214257_len_268_MetaAn_10	268	B1	B1-III	Undefined
SRR24605839_contigs.fasta	NODE_44098_length_1859_cov_5.768293	33	782	SPA_MetaAn_67_l250_st33_e782_se1_ID=44098_1	250	B1	B1-III	Undefined
SRR24605839_contigs.fasta	NODE_45580_length_1830_cov_6.665352	1611	736	13341590_len_293_MetaAn_67	293	B3	B3-IV	Undefined
SRR24605827_contigs.fasta	NODE_139255_length_1732_cov_4.282648	1235	501	SPA_MetaAn_68_l245_st501_e1235_se-1_ID=139255_2	245	B1	B1-II	Undefined
SRR24605827_contigs.fasta	NODE_1613_length_26254_cov_12.913394	9650	8754	23472700_len_300_MetaAn_68	300	B3	B3-V	Undefined
SRR24605827_contigs.fasta	NODE_191447_length_1420_cov_4.164835	131	1057	24897760_len_310_MetaAn_68	310	B3	B3-VI	Undefined
SRR24605827_contigs.fasta	NODE_20115_length_5750_cov_8.303248	238	1212	SPA_MetaAn_68_l325_st238_e1212_se1_ID=20115_1	325	B3	B3-V	Undefined
SRR24605827_contigs.fasta	NODE_205426_length_1359_cov_2.582055	738	1	5529096_len_254_MetaAn_57	254	B1	B1-III	Undefined
SRR24605827_contigs.fasta	NODE_21799_length_5478_cov_5.851374	3575	2796	30925760_len_277_MetaAn_73	277	D	D-III	Undefined
SRR24605827_contigs.fasta	NODE_33733_length_4167_cov_5.467899	2624	3361	SPA_MetaAn_68_l246_st2624_e3361_se1_ID=33733_4	246	B1	B1-I	Undefined
SRR24605827_contigs.fasta	NODE_40696_length_3716_cov_9.193117	2567	1728	39384327_len_286_MetaAn_74	286	D	D-I	Undefined
SRR24605827_contigs.fasta	NODE_4114_length_15330_cov_7.087791	12487	13404	5036653_len_309_MetaAn_58	309	B3	B3-V	Undefined
SRR24605827_contigs.fasta	NODE_4114_length_15330_cov_7.087791	12496	13407	SPA_MetaAn_68_l304_st12496_e13407_se1_ID=4114_16	304	B3	B3-VI	Undefined
SRR24605827_contigs.fasta	NODE_42599_length_3612_cov_4.695530	2864	3604	4609979_len_277_MetaAn_73	277	D	D-III	Undefined
SRR24605827_contigs.fasta	NODE_443942_length_845_cov_14.494937	845	3	29092992_len_304_MetaAn_65	304	A	A-II	Undefined
SRR24605827_contigs.fasta	NODE_455172_length_833_cov_2.192802	27	824	SPA_MetaAn_2_l331_st2841_e3833_se-1_ID=8100_4	331	B3	B3-V	Undefined
SRR24605827_contigs.fasta	NODE_455172_length_833_cov_2.192802	9	830	3275363_len_333_MetaAn_10	333	B3	B3-V	Undefined
SRR24605827_contigs.fasta	NODE_46255_length_3431_cov_5.604562	2163	1234	SPA_MetaAn_68_l310_st1234_e2163_se-1_ID=46255_2	310	B3	B3-V	Undefined
SRR24605827_contigs.fasta	NODE_46255_length_3431_cov_5.604562	2037	1240	SSE-1	288	B3	B3-IX	SSE
SRR24605827_contigs.fasta	NODE_58527_length_2968_cov_6.102987	2183	2968	SPA_MetaAn_4_l296_st1779_e2666_se1_ID=221_5	296	B3	B3-IV	Undefined
SRR24605827_contigs.fasta	NODE_9749_length_9080_cov_10.279335	6028	6972	5100200_len_316_MetaAn_68	316	A	A-IV	Undefined
SRR24605835_contigs.fasta	NODE_149249_length_1018_cov_1.557632	913	11	SPA_MetaAn_69_l301_st11_e913_se-1_ID=149249_1	301	B3	B3-IV	Undefined
SRR24605835_contigs.fasta	NODE_149249_length_1018_cov_1.557632	868	14	5424715_len_302_MetaAn_54	302	B3	B3-IV	Undefined
SRR24605835_contigs.fasta	NODE_149249_length_1018_cov_1.557632	871	20	SPA_MetaAn_61_l302_st2155_e3060_se-1_ID=52238_3	302	B3	B3-IV	Undefined
SRR24605835_contigs.fasta	NODE_149249_length_1018_cov_1.557632	805	23	4519186_len_281_MetaAn_59	281	B3	B3-IV	Undefined
SRR24605835_contigs.fasta	NODE_16341_length_2714_cov_7.116585	1573	2439	SPA_MetaAn_69_l289_st1573_e2439_se1_ID=16341_3	289	D	D-III	Undefined
SRR24605835_contigs.fasta	NODE_175986_length_945_cov_6.385393	18	902	LRA7-2	301	B3	B3-IV	LRA7
SRR24605835_contigs.fasta	NODE_175986_length_945_cov_6.385393	9	905	LRA3-2	303	B3	B3-IV	LRA3
SRR24605835_contigs.fasta	NODE_175986_length_945_cov_6.385393	99	914	SPA_MetaAn_83_l273_st1511_e2329_se-1_ID=18058_3	273	B3	B3-IV	Undefined
SRR24605835_contigs.fasta	NODE_2210_length_7743_cov_8.143861	6108	6974	SPA_MetaAn_83_l316_st79_e1026_se1_ID=27587_2	316	B3	B3-IV	Undefined
SRR24605835_contigs.fasta	NODE_2210_length_7743_cov_8.143861	6111	6986	SPA_MetaAn_69_l292_st6111_e6986_se1_ID=2210_7	292	B3	B3-IV	Undefined
SRR24605835_contigs.fasta	NODE_7463_length_3979_cov_5.692661	3485	2610	SPA_MetaAn_69_l292_st2610_e3485_se-1_ID=7463_4	292	B3	B3-IV	Undefined
SRR24605835_contigs.fasta	NODE_7463_length_3979_cov_5.692661	3509	2619	SPA_MetaAn_83_l305_st11_e925_se-1_ID=174187_1	305	B3	B3-IV	Undefined
SRR24605835_contigs.fasta	NODE_7463_length_3979_cov_5.692661	3461	2625	SPA_MetaAn_61_l292_st494_e1369_se-1_ID=139152_2	292	B3	B3-IV	Undefined
SRR24605835_contigs.fasta	NODE_7463_length_3979_cov_5.692661	3470	2631	11639273_len_281_MetaAn_59	281	B3	B3-IV	Undefined
SRR24605835_contigs.fasta	NODE_7463_length_3979_cov_5.692661	3449	2634	SPA_MetaAn_69_l301_st11_e913_se-1_ID=149249_1	301	B3	B3-IV	Undefined
ERR4183044_contigs.fasta	NODE_116087_length_1057_cov_2.646707	4	798	SPA_MetaAn_50_l279_st1066_e1902_se-1_ID=69806_4	279	B3	B3-IV	Undefined
ERR4183044_contigs.fasta	NODE_25806_length_2296_cov_1.707720	751	1626	11546758_len_305_MetaAn_50	305	B3	B3-IV	Undefined
ERR4183044_contigs.fasta	NODE_25806_length_2296_cov_1.707720	748	1638	SPA_MetaAn_6_l297_st748_e1638_se1_ID=25806_3	297	B3	B3-IV	Undefined
ERR4183044_contigs.fasta	NODE_46422_length_1695_cov_1.964024	1410	655	16890034_len_312_MetaAn_17	312	B3	B3-III	Undefined
CS1_contigs.fasta	NODE_24529_length_1403_cov_2.422107	3	794	2688882_len_281_MetaAn_67	281	D	D-III	Undefined
CS1_contigs.fasta	NODE_31327_length_1188_cov_2.278906	103	1002	SPA_MetaAn_70_l300_st103_e1002_se1_ID=31327_2	300	A	A-II	Undefined
CS1_contigs.fasta	NODE_3163_length_5318_cov_3.116283	321	1214	CARB-16	298	A	A-IV	CARB
CS1_contigs.fasta	NODE_48796_length_872_cov_1.133415	58	792	OXA-544	275	D	D-I	OXA
CS1_contigs.fasta	NODE_569_length_16790_cov_6.108933	1315	515	SPA_MetaAn_70_l267_st515_e1315_se-1_ID=569_1	267	D	D-I	Undefined
CS1_contigs.fasta	NODE_7630_length_2973_cov_2.692255	1206	2090	SPA_MetaAn_70_l295_st1206_e2090_se1_ID=7630_3	295	A	A-II	Undefined
HTP3_contigs.fasta	NODE_1970_length_2405_cov_2.698723	303	1256	SPA_MetaAn_71_l318_st303_e1256_se1_ID=1970_2	318	A	A-I	Undefined
IA6_contigs.fasta	NODE_15781_length_1251_cov_5.459030	825	1118	SHV-P3	103	A	A-XI	SHV
IA6_contigs.fasta	NODE_15781_length_1251_cov_5.459030	369	1121	TEM-P14	251	A	A-IV	TEM
IA6_contigs.fasta	NODE_15781_length_1251_cov_5.459030	375	1157	TEM-P118	261	A	A-IV	TEM
IA6_contigs.fasta	NODE_15781_length_1251_cov_5.459030	339	1196	TEM-1	286	A	A-IV	TEM
IA6_contigs.fasta	NODE_6239_length_2125_cov_2.284058	1811	927	SPA_MetaAn_3_l295_st88_e972_se1_ID=28541_1	295	A	A-II	Undefined
RDP_CKDN230001569-1A_HT3KTDSX5_L3_contigs.fasta	NODE_131098_length_1218_cov_2.564058	473	1216	SPA_MetaAn_28_l294_st7089_e7970_se1_ID=6216_8	294	D	D-III	Undefined
RDP_CKDN230001569-1A_HT3KTDSX5_L3_contigs.fasta	NODE_14120_length_4964_cov_13.406193	4194	4955	42052192_len_273_MetaAn_74	273	D	D-I	Undefined
RDP_CKDN230001569-1A_HT3KTDSX5_L3_contigs.fasta	NODE_14120_length_4964_cov_13.406193	4197	4964	23837634_len_277_MetaAn_73	277	D	D-III	Undefined
RDP_CKDN230001569-1A_HT3KTDSX5_L3_contigs.fasta	NODE_14218_length_4946_cov_3.468207	2196	3092	SPA_MetaAn_73_l299_st2196_e3092_se1_ID=14218_4	299	A	A-II	Undefined
RDP_CKDN230001569-1A_HT3KTDSX5_L3_contigs.fasta	NODE_170480_length_1023_cov_28.827479	102	932	SPA_MetaAn_73_l277_st102_e932_se1_ID=170480_2	277	D	D-III	Undefined
RDP_CKDN230001569-1A_HT3KTDSX5_L3_contigs.fasta	NODE_178398_length_993_cov_3.113006	185	937	TEM-P14	251	A	A-IV	TEM
RDP_CKDN230001569-1A_HT3KTDSX5_L3_contigs.fasta	NODE_178398_length_993_cov_3.113006	191	973	TEM-P118	261	A	A-IV	TEM
RDP_CKDN230001569-1A_HT3KTDSX5_L3_contigs.fasta	NODE_178398_length_993_cov_3.113006	155	991	TEM-207	286	A	A-IV	TEM
RDP_CKDN230001569-1A_HT3KTDSX5_L3_contigs.fasta	NODE_1787_length_15610_cov_8.555127	11184	10180	4080767_len_335_MetaAn_73	335	B3	B3-I	Undefined
RDP_CKDN230001569-1A_HT3KTDSX5_L3_contigs.fasta	NODE_1787_length_15610_cov_8.555127	11049	10198	SPA_MetaAn_73_l291_st361_e1233_se1_ID=77215_2	291	B3	B3-I	Undefined
RDP_CKDN230001569-1A_HT3KTDSX5_L3_contigs.fasta	NODE_273429_length_743_cov_3.039244	1	741	SPA_MetaAn_33_l305_st116_e1030_se-1_ID=122308_2	305	A	A-I	Undefined
RDP_CKDN230001569-1A_HT3KTDSX5_L3_contigs.fasta	NODE_5101_length_8966_cov_8.281225	8291	7398	5066244_len_299_MetaAn_73	299	B3	B3-V	Undefined
RDP_CKDN230001569-1A_HT3KTDSX5_L3_contigs.fasta	NODE_55789_length_2119_cov_19.198643	1122	2036	SPA_MetaAn_73_l305_st1122_e2036_se1_ID=55789_3	305	B3	B3-V	Undefined
RDP_CKDN230001569-1A_HT3KTDSX5_L3_contigs.fasta	NODE_6334_length_7909_cov_4.680672	3128	2328	14432592_len_273_MetaAn_74	273	D	D-I	Undefined
RDP_CKDN230001569-1A_HT3KTDSX5_L3_contigs.fasta	NODE_66761_length_1888_cov_36.793781	1316	423	4587436_len_299_MetaAn_73	299	B3	B3-V	Undefined
RDP_CKDN230001569-1A_HT3KTDSX5_L3_contigs.fasta	NODE_75642_length_1741_cov_4.334520	746	1561	SPA_MetaAn_33_l296_st220_e1107_se1_ID=88023_2	296	A	A-VII	Undefined
RDP_CKDN230001569-1A_HT3KTDSX5_L3_contigs.fasta	NODE_75642_length_1741_cov_4.334520	614	1573	SPA_MetaAn_73_l320_st614_e1573_se1_ID=75642_2	320	A	A-II	Undefined
RDP_CKDN230001569-1A_HT3KTDSX5_L3_contigs.fasta	NODE_77215_length_1718_cov_4.587492	376	1227	21612749_len_335_MetaAn_73	335	B3	B3-I	Undefined
RDP_CKDN230001569-1A_HT3KTDSX5_L3_contigs.fasta	NODE_77215_length_1718_cov_4.587492	361	1233	SPA_MetaAn_73_l291_st361_e1233_se1_ID=77215_2	291	B3	B3-I	Undefined
RUP_CKDN230001570-1A_HT3KTDSX5_L3_contigs.fasta	NODE_10415_length_5572_cov_15.102592	177	1019	SPA_MetaAn_17_l285_st714_e1568_se1_ID=173183_2	285	A	A-VII	Undefined
RUP_CKDN230001570-1A_HT3KTDSX5_L3_contigs.fasta	NODE_10415_length_5572_cov_15.102592	120	1028	SPA_MetaAn_74_l303_st120_e1028_se1_ID=10415_2	303	A	A-II	Undefined
RUP_CKDN230001570-1A_HT3KTDSX5_L3_contigs.fasta	NODE_108784_length_1571_cov_24.424802	1113	148	27584881_len_323_MetaAn_74	323	A	A-II	Undefined
RUP_CKDN230001570-1A_HT3KTDSX5_L3_contigs.fasta	NODE_109579_length_1565_cov_6.425166	1357	548	SPA_MetaAn_74_l270_st548_e1357_se-1_ID=109579_2	270	D	D-III	Undefined
RUP_CKDN230001570-1A_HT3KTDSX5_L3_contigs.fasta	NODE_14855_length_4600_cov_6.912651	3695	2844	SPA_MetaAn_74_l284_st2844_e3695_se-1_ID=14855_2	284	D	D-III	Undefined
RUP_CKDN230001570-1A_HT3KTDSX5_L3_contigs.fasta	NODE_14_length_230764_cov_18.695478	111008	111823	14432592_len_273_MetaAn_74	273	D	D-I	Undefined
RUP_CKDN230001570-1A_HT3KTDSX5_L3_contigs.fasta	NODE_15044_length_4571_cov_8.149469	2570	3529	SPA_MetaAn_74_l320_st2570_e3529_se1_ID=15044_3	320	A	A-III	Undefined
RUP_CKDN230001570-1A_HT3KTDSX5_L3_contigs.fasta	NODE_154258_length_1303_cov_8.250000	316	1224	SPA_MetaAn_74_l303_st316_e1224_se1_ID=154258_1	303	A	A-II	Undefined
RUP_CKDN230001570-1A_HT3KTDSX5_L3_contigs.fasta	NODE_167_length_66909_cov_18.639737	62690	63634	SPA_MetaAn_17_l320_st888_e1847_se-1_ID=73518_3	320	A	A-I	Undefined
RUP_CKDN230001570-1A_HT3KTDSX5_L3_contigs.fasta	NODE_167_length_66909_cov_18.639737	62675	63646	SPA_MetaAn_74_l324_st62675_e63646_se1_ID=167_65	324	A	A-I	Undefined
RUP_CKDN230001570-1A_HT3KTDSX5_L3_contigs.fasta	NODE_172172_length_1228_cov_3.463768	237	1091	SPA_MetaAn_69_l292_st6111_e6986_se1_ID=2210_7	292	B3	B3-IV	Undefined
RUP_CKDN230001570-1A_HT3KTDSX5_L3_contigs.fasta	NODE_172172_length_1228_cov_3.463768	246	1094	10256508_len_294_MetaAn_65	294	B3	B3-IV	Undefined
RUP_CKDN230001570-1A_HT3KTDSX5_L3_contigs.fasta	NODE_172172_length_1228_cov_3.463768	258	1097	1864848_len_293_MetaAn_9	293	B3	B3-IV	Undefined
RUP_CKDN230001570-1A_HT3KTDSX5_L3_contigs.fasta	NODE_172172_length_1228_cov_3.463768	234	1109	SPA_MetaAn_4_l296_st1779_e2666_se1_ID=221_5	296	B3	B3-IV	Undefined
RUP_CKDN230001570-1A_HT3KTDSX5_L3_contigs.fasta	NODE_172172_length_1228_cov_3.463768	228	1115	SPA_MetaAn_74_l296_st228_e1115_se1_ID=172172_1	296	B3	B3-IV	Undefined
RUP_CKDN230001570-1A_HT3KTDSX5_L3_contigs.fasta	NODE_18736_length_4050_cov_6.414518	829	20	39110426_len_275_MetaAn_74	275	D	D-III	Undefined
RUP_CKDN230001570-1A_HT3KTDSX5_L3_contigs.fasta	NODE_18736_length_4050_cov_6.414518	874	50	39384327_len_286_MetaAn_74	286	D	D-I	Undefined
RUP_CKDN230001570-1A_HT3KTDSX5_L3_contigs.fasta	NODE_19921_length_3909_cov_7.801245	2151	1282	SPA_MetaAn_74_l290_st1282_e2151_se-1_ID=19921_4	290	B3	B3-IV	Undefined
RUP_CKDN230001570-1A_HT3KTDSX5_L3_contigs.fasta	NODE_22012_length_3700_cov_27.307545	1798	2703	11671458_len_355_MetaAn_23	355	A	A-II	Undefined
RUP_CKDN230001570-1A_HT3KTDSX5_L3_contigs.fasta	NODE_22012_length_3700_cov_27.307545	1867	2712	SPA_MetaAn_17_l285_st714_e1568_se1_ID=173183_2	285	A	A-VII	Undefined
RUP_CKDN230001570-1A_HT3KTDSX5_L3_contigs.fasta	NODE_22012_length_3700_cov_27.307545	1714	2721	14048242_len_337_MetaAn_74	337	A	A-II	Undefined
RUP_CKDN230001570-1A_HT3KTDSX5_L3_contigs.fasta	NODE_220413_length_1072_cov_2.809243	181	1071	11671458_len_355_MetaAn_23	355	A	A-II	Undefined
RUP_CKDN230001570-1A_HT3KTDSX5_L3_contigs.fasta	NODE_222_length_57335_cov_12.314211	44521	43490	SPA_MetaAn_74_l344_st43490_e44521_se-1_ID=222_34	344	A	A-I	Undefined
RUP_CKDN230001570-1A_HT3KTDSX5_L3_contigs.fasta	NODE_24560_length_3489_cov_8.068433	2217	1336	SPA_MetaAn_74_l294_st1336_e2217_se-1_ID=24560_3	294	A	A-III	Undefined
RUP_CKDN230001570-1A_HT3KTDSX5_L3_contigs.fasta	NODE_254282_length_990_cov_32.703743	959	225	9189521_len_246_MetaAn_74	246	B1	B1-I	Undefined
RUP_CKDN230001570-1A_HT3KTDSX5_L3_contigs.fasta	NODE_259416_length_980_cov_2.112432	819	1	SPA_MetaAn_30_l304_st264_e1175_se1_ID=142871_2	304	A	A-II	Undefined
RUP_CKDN230001570-1A_HT3KTDSX5_L3_contigs.fasta	NODE_261368_length_975_cov_13.496739	967	95	SPA_MetaAn_24_l292_st88_e963_se-1_ID=35039_1	292	D	D-III	Undefined
RUP_CKDN230001570-1A_HT3KTDSX5_L3_contigs.fasta	NODE_26307_length_3368_cov_7.860851	3001	1775	23210609_len_410_MetaAn_74	410	C	C-I	Undefined
RUP_CKDN230001570-1A_HT3KTDSX5_L3_contigs.fasta	NODE_3462_length_10298_cov_6.264961	9411	8590	14432592_len_273_MetaAn_74	273	D	D-I	Undefined
RUP_CKDN230001570-1A_HT3KTDSX5_L3_contigs.fasta	NODE_392217_length_778_cov_9.160443	68	775	SPA_MetaAn_23_l270_st220_e1029_se-1_ID=93401_1	270	B1	B1-I	Undefined
RUP_CKDN230001570-1A_HT3KTDSX5_L3_contigs.fasta	NODE_392217_length_778_cov_9.160443	77	778	31192861_len_242_MetaAn_74	242	B1	B1-I	Undefined
RUP_CKDN230001570-1A_HT3KTDSX5_L3_contigs.fasta	NODE_39442_length_2709_cov_6.920874	1138	143	SPA_MetaAn_74_l332_st143_e1138_se-1_ID=39442_2	332	A	A-I	Undefined
RUP_CKDN230001570-1A_HT3KTDSX5_L3_contigs.fasta	NODE_39442_length_2709_cov_6.920874	1090	158	SPA_MetaAn_32_l316_st204_e1151_se1_ID=122933_2	316	A	A-I	Undefined
RUP_CKDN230001570-1A_HT3KTDSX5_L3_contigs.fasta	NODE_407194_length_762_cov_4.543140	756	1	SPA_MetaAn_34_l303_st116_e1024_se-1_ID=37528_1	303	A	A-II	Undefined
RUP_CKDN230001570-1A_HT3KTDSX5_L3_contigs.fasta	NODE_42348_length_2612_cov_7.511146	1030	173	SPA_MetaAn_74_l286_st173_e1030_se-1_ID=42348_1	286	D	D-III	Undefined
RUP_CKDN230001570-1A_HT3KTDSX5_L3_contigs.fasta	NODE_47445_length_2459_cov_3.242928	224	1351	SPA_MetaAn_74_l376_st224_e1351_se1_ID=47445_2	376	A	A-I	Undefined
RUP_CKDN230001570-1A_HT3KTDSX5_L3_contigs.fasta	NODE_5445_length_7944_cov_26.366333	2085	2957	25070859_len_292_MetaAn_74	292	D	D-III	Undefined
RUP_CKDN230001570-1A_HT3KTDSX5_L3_contigs.fasta	NODE_86741_length_1774_cov_4.951134	857	3	2863684_len_292_MetaAn_74	292	D	D-III	Undefined
RUP_CKDN230001570-1A_HT3KTDSX5_L3_contigs.fasta	NODE_8_length_331222_cov_11.817572	224999	224079	8425597_len_308_MetaAn_74	308	B3	B3-IV	Undefined
RUP_CKDN230001570-1A_HT3KTDSX5_L3_contigs.fasta	NODE_96530_length_1673_cov_12.466625	1432	578	SPA_MetaAn_74_l285_st578_e1432_se-1_ID=96530_2	285	D	D-III	Undefined
RUP_CKDN230001570-1A_HT3KTDSX5_L3_contigs.fasta	NODE_9_length_317490_cov_13.053976	147969	148949	39657678_len_328_MetaAn_74	328	A	A-II	Undefined
shotgun_illumina_1st_ARH_ECA53_contigs.fasta	NODE_16525_length_1211_cov_1.418685	209	1009	SPA_MetaAn_75_l267_st209_e1009_se1_ID=16525_2	267	D	D-I	Undefined
shotgun_illumina_1st_ARH_ECA53_contigs.fasta	NODE_78_length_25384_cov_3.281417	18346	17420	SPA_MetaAn_82_l309_st3053_e3979_se-1_ID=17574_3	309	B3	B3-III	Undefined
shotgun_illumina_1st_ARH_ECA53_contigs.fasta	NODE_78_length_25384_cov_3.281417	18340	17441	8095288_len_309_MetaAn_4	309	B3	B3-III	Undefined
shotgun_illumina_1st_ARH_ECA53_contigs.fasta	NODE_8364_length_1610_cov_1.965273	1036	221	SPA_MetaAn_75_l272_st221_e1036_se-1_ID=8364_2	272	A	A-VIII	Undefined
shotgun_illumina_1st_ARH_ECA53_contigs.fasta	NODE_8364_length_1610_cov_1.965273	1012	224	SPA_MetaAn_82_l289_st3986_e4852_se-1_ID=14916_7	289	A	A-IV	Undefined
shotgun_illumina_1st_ARH_ECA53_contigs.fasta	NODE_8364_length_1610_cov_1.965273	970	227	3945633_len_295_MetaAn_57	295	A	A-III	Undefined
shotgun_illumina_1st_ARH_ECA53_contigs.fasta	NODE_978_length_6120_cov_3.075680	973	1674	SPA_MetaAn_23_l258_st1450_e2223_se1_ID=17702_3	258	B1	B1-I	Undefined
shotgun_illumina_1st_ARH_ECA53_contigs.fasta	NODE_978_length_6120_cov_3.075680	889	1680	SPA_MetaAn_23_l270_st220_e1029_se-1_ID=93401_1	270	B1	B1-I	Undefined
shotgun_illumina_1st_ARH_ECA53_contigs.fasta	NODE_978_length_6120_cov_3.075680	952	1689	SPA_MetaAn_75_l246_st952_e1689_se1_ID=978_2	246	B1	B1-I	Undefined
shotgun_illumina_1st_COP_ECA53_contigs.fasta	NODE_105239_length_810_cov_2.170861	808	38	891403_len_299_MetaAn_83	299	A	A-IV	Undefined
shotgun_illumina_1st_COP_ECA53_contigs.fasta	NODE_21023_length_2096_cov_1.620774	1276	2043	SPA_MetaAn_76_l256_st1276_e2043_se1_ID=21023_3	256	B2	B2-I	Undefined
shotgun_illumina_1st_COP_ECA53_contigs.fasta	NODE_452_length_17631_cov_5.414372	7718	6609	SPA_MetaAn_83_l435_st3519_e4823_se1_ID=6932_4	435	C	C-I	Undefined
shotgun_illumina_1st_COP_ECA53_contigs.fasta	NODE_452_length_17631_cov_5.414372	7712	6615	17530938_len_391_MetaAn_62	391	C	C-I	Undefined
shotgun_illumina_1st_COP_ECA53_contigs.fasta	NODE_47622_length_1311_cov_1.292197	1236	322	SPA_MetaAn_76_l305_st322_e1236_se-1_ID=47622_2	305	A	A-IV	Undefined
shotgun_illumina_1st_COP_ECA53_contigs.fasta	NODE_94313_length_866_cov_2.170160	812	54	SPA_MetaAn_76_l253_st54_e812_se-1_ID=94313_1	253	B1	B1-III	Undefined
shotgun_illumina_1st_DEH_ECA53_contigs.fasta	NODE_10894_length_3867_cov_2.524397	3383	2646	SPA_MetaAn_77_l246_st2646_e3383_se-1_ID=10894_3	246	B1	B1-I	Undefined
shotgun_illumina_1st_DEH_ECA53_contigs.fasta	NODE_10894_length_3867_cov_2.524397	3389	2655	SPA_MetaAn_23_l270_st220_e1029_se-1_ID=93401_1	270	B1	B1-I	Undefined
shotgun_illumina_1st_DEH_ECA53_contigs.fasta	NODE_10894_length_3867_cov_2.524397	3332	2658	SPA_MetaAn_78_l250_st139_e888_se-1_ID=10946_2	250	B1	B1-I	Undefined
shotgun_illumina_1st_DEH_ECA53_contigs.fasta	NODE_11772_length_3650_cov_2.322670	2386	1508	SPA_MetaAn_77_l293_st1508_e2386_se-1_ID=11772_2	293	B3	B3-IV	Undefined
shotgun_illumina_1st_DEH_ECA53_contigs.fasta	NODE_139263_length_647_cov_1.709459	561	4	SPA_MetaAn_21_l223_st44_e712_se1_ID=156526_1	223	B1	B1-I	Undefined
shotgun_illumina_1st_DEH_ECA53_contigs.fasta	NODE_2494_length_10473_cov_7.204742	1730	1011	36413597_len_242_MetaAn_74	242	B1	B1-I	Undefined
shotgun_illumina_1st_DEH_ECA53_contigs.fasta	NODE_2494_length_10473_cov_7.204742	1679	1020	SPA_MetaAn_78_l250_st139_e888_se-1_ID=10946_2	250	B1	B1-I	Undefined
shotgun_illumina_1st_DEH_ECA53_contigs.fasta	NODE_286_length_38462_cov_3.376676	4189	5019	SPA_MetaAn_17_l285_st714_e1568_se1_ID=173183_2	285	A	A-VII	Undefined
shotgun_illumina_1st_DEH_ECA53_contigs.fasta	NODE_286_length_38462_cov_3.376676	4132	5037	SPA_MetaAn_77_l302_st4132_e5037_se1_ID=286_3	302	A	A-II	Undefined
shotgun_illumina_1st_DEH_ECA53_contigs.fasta	NODE_32869_length_1752_cov_2.066588	1737	754	SPA_MetaAn_77_l328_st754_e1737_se-1_ID=32869_2	328	A	A-IV	Undefined
shotgun_illumina_1st_DEH_ECA53_contigs.fasta	NODE_3751_length_7952_cov_3.331645	4627	5499	SPA_MetaAn_77_l291_st4627_e5499_se1_ID=3751_7	291	A	A-V	Undefined
shotgun_illumina_1st_DEH_ECA53_contigs.fasta	NODE_44178_length_1421_cov_1.543924	1360	482	SPA_MetaAn_77_l293_st482_e1360_se-1_ID=44178_2	293	A	A-II	Undefined
shotgun_illumina_1st_DEH_ECA53_contigs.fasta	NODE_85039_length_896_cov_1.516052	777	43	1802778_len_247_MetaAn_68	247	B1	B1-I	Undefined
shotgun_illumina_1st_DEP_ECA53_contigs.fasta	NODE_10946_length_1564_cov_2.412856	888	139	SPA_MetaAn_78_l250_st139_e888_se-1_ID=10946_2	250	B1	B1-I	Undefined
shotgun_illumina_1st_DEP_ECA53_contigs.fasta	NODE_10946_length_1564_cov_2.412856	876	157	36413597_len_242_MetaAn_74	242	B1	B1-I	Undefined
shotgun_illumina_1st_DEP_ECA53_contigs.fasta	NODE_10946_length_1564_cov_2.412856	825	166	SPA_MetaAn_77_l246_st2646_e3383_se-1_ID=10894_3	246	B1	B1-I	Undefined
shotgun_illumina_1st_DEP_ECA53_contigs.fasta	NODE_11351_length_1537_cov_1.485155	311	1186	SPA_MetaAn_78_l292_st311_e1186_se1_ID=11351_1	292	B3	B3-IV	Undefined
shotgun_illumina_1st_DEP_ECA53_contigs.fasta	NODE_8220_length_1797_cov_1.996556	1352	435	SPA_MetaAn_78_l306_st435_e1352_se-1_ID=8220_2	306	B3	B3-V	Undefined
shotgun_illumina_1st_DEP_ECA53_contigs.fasta	NODE_8220_length_1797_cov_1.996556	1364	450	SPA_MetaAn_53_l309_st775_e1701_se-1_ID=13354_2	309	B3	B3-V	Undefined
shotgun_illumina_2nd_BARR2_ECA53_contigs.fasta	NODE_1986_length_5029_cov_3.327503	1663	2583	SPA_MetaAn_17_l320_st888_e1847_se-1_ID=73518_3	320	A	A-I	Undefined
shotgun_illumina_2nd_BARR2_ECA53_contigs.fasta	NODE_20644_length_1312_cov_1.037391	101	892	SPA_MetaAn_79_l264_st101_e892_se1_ID=20644_1	264	D	D-III	Undefined
shotgun_illumina_2nd_BARR2_ECA53_contigs.fasta	NODE_522_length_10124_cov_3.315424	8911	8054	5424715_len_302_MetaAn_54	302	B3	B3-IV	Undefined
shotgun_illumina_2nd_BARR2_ECA53_contigs.fasta	NODE_522_length_10124_cov_3.315424	8938	8069	B3SU2-1	293	B3	B3-IV	B3SU2
shotgun_illumina_2nd_BARR2_ECA53_contigs.fasta	NODE_522_length_10124_cov_3.315424	8899	8072	SPA_MetaAn_61_l292_st6535_e7410_se-1_ID=3700_5	292	B3	B3-IV	Undefined
ERR4183116_contigs.fasta	NODE_113997_length_1350_cov_5.608494	145	1050	SPA_MetaAn_7_l302_st145_e1050_se1_ID=113997_2	302	A	A-I	Undefined
ERR4183116_contigs.fasta	NODE_15669_length_4406_cov_3.057918	2266	3066	SPA_MetaAn_7_l267_st2266_e3066_se1_ID=15669_3	267	B1	B1-III	Undefined
ERR4183116_contigs.fasta	NODE_187476_length_971_cov_10.073144	100	897	SPA_MetaAn_7_l266_st100_e897_se1_ID=187476_2	266	B1	B1-III	Undefined
ERR4183116_contigs.fasta	NODE_19605_length_3894_cov_14.990362	2797	3549	TEM-P14	251	A	A-IV	TEM
ERR4183116_contigs.fasta	NODE_19605_length_3894_cov_14.990362	2803	3585	TEM-P118	261	A	A-IV	TEM
ERR4183116_contigs.fasta	NODE_19605_length_3894_cov_14.990362	2767	3624	TEM-116	286	A	A-IV	TEM
ERR4183116_contigs.fasta	NODE_2532_length_11823_cov_12.911625	9030	8017	SPA_MetaAn_7_l338_st8017_e9030_se-1_ID=2532_6	338	B3	B3-V	Undefined
ERR4183116_contigs.fasta	NODE_2532_length_11823_cov_12.911625	8871	8023	30337254_len_307_MetaAn_63	307	B3	B3-V	Undefined
ERR4183116_contigs.fasta	NODE_257100_length_785_cov_1.842466	32	781	973004_len_254_MetaAn_57	254	B1	B1-III	Undefined
ERR4183116_contigs.fasta	NODE_40075_length_2580_cov_6.965941	2478	1624	SPA_MetaAn_2_l298_st478_e1371_se1_ID=48120_2	298	B3	B3-V	Undefined
ERR4183116_contigs.fasta	NODE_60616_length_2010_cov_2.953964	146	1090	5250343_len_316_MetaAn_10	316	B3	B3-V	Undefined
ERR4183116_contigs.fasta	NODE_64556_length_1932_cov_26.440597	890	3	9869137_len_313_MetaAn_7	313	A	A-II	Undefined
ERR4183116_contigs.fasta	NODE_76957_length_1733_cov_7.090584	1572	841	SPA_MetaAn_7_l244_st841_e1572_se-1_ID=76957_2	244	B1	B1-I	Undefined
shotgun_illumina_2nd_PRH_ECA55_contigs.fasta	NODE_24517_length_1197_cov_1.598074	1195	446	10049269_len_293_MetaAn_67	293	B3	B3-IV	Undefined
shotgun_illumina_2nd_PRH_ECA55_contigs.fasta	NODE_411_length_8805_cov_6.237486	2	805	SPA_MetaAn_57_l284_st308_e1159_se-1_ID=35774_2	284	B3	B3-III	Undefined
shotgun_illumina_2nd_PRP_ECA55_contigs.fasta	NODE_15579_length_2611_cov_17.796948	1974	1171	SPA_MetaAn_61_l302_st2155_e3060_se-1_ID=52238_3	302	B3	B3-IV	Undefined
shotgun_illumina_2nd_PRP_ECA55_contigs.fasta	NODE_15579_length_2611_cov_17.796948	2025	1174	5424715_len_302_MetaAn_54	302	B3	B3-IV	Undefined
shotgun_illumina_2nd_PRP_ECA55_contigs.fasta	NODE_15579_length_2611_cov_17.796948	1968	1177	SPA_MetaAn_69_l301_st11_e913_se-1_ID=149249_1	301	B3	B3-IV	Undefined
shotgun_illumina_2nd_PRP_ECA55_contigs.fasta	NODE_15579_length_2611_cov_17.796948	2004	1180	11639273_len_281_MetaAn_59	281	B3	B3-IV	Undefined
shotgun_illumina_2nd_PRP_ECA55_contigs.fasta	NODE_50040_length_1244_cov_2.558452	1244	120	SPA_MetaAn_83_l435_st3519_e4823_se1_ID=6932_4	435	C	C-I	Undefined
shotgun_illumina_3rd_ARH_ECA55_contigs.fasta	NODE_147404_length_1273_cov_1.986043	22	885	SPA_MetaAn_69_l292_st6111_e6986_se1_ID=2210_7	292	B3	B3-IV	Undefined
shotgun_illumina_3rd_ARH_ECA55_contigs.fasta	NODE_147404_length_1273_cov_1.986043	28	891	9854109_len_297_MetaAn_65	297	B3	B3-IV	Undefined
shotgun_illumina_3rd_ARH_ECA55_contigs.fasta	NODE_147404_length_1273_cov_1.986043	46	897	SPA_MetaAn_62_l295_st1999_e2883_se1_ID=20697_5	295	B3	B3-IV	Undefined
shotgun_illumina_3rd_ARH_ECA55_contigs.fasta	NODE_14916_length_5401_cov_2.736064	4894	3986	SPA_MetaAn_1_l302_st502_e1407_se1_ID=35628_3	302	A	A-IV	Undefined
shotgun_illumina_3rd_ARH_ECA55_contigs.fasta	NODE_14916_length_5401_cov_2.736064	4846	4058	SPA_MetaAn_75_l272_st221_e1036_se-1_ID=8364_2	272	A	A-VIII	Undefined
shotgun_illumina_3rd_ARH_ECA55_contigs.fasta	NODE_153429_length_1241_cov_4.176223	1108	242	SPA_MetaAn_82_l289_st242_e1108_se-1_ID=153429_2	289	B3	B3-IV	Undefined
shotgun_illumina_3rd_ARH_ECA55_contigs.fasta	NODE_153429_length_1241_cov_4.176223	1072	251	SPA_MetaAn_83_l305_st11_e925_se-1_ID=174187_1	305	B3	B3-IV	Undefined
shotgun_illumina_3rd_ARH_ECA55_contigs.fasta	NODE_153429_length_1241_cov_4.176223	1078	254	4519186_len_281_MetaAn_59	281	B3	B3-IV	Undefined
shotgun_illumina_3rd_ARH_ECA55_contigs.fasta	NODE_156338_length_1227_cov_2.472696	1076	150	SPA_MetaAn_82_l309_st150_e1076_se-1_ID=156338_2	309	B3	B3-V	Undefined
shotgun_illumina_3rd_ARH_ECA55_contigs.fasta	NODE_17574_length_4891_cov_2.879446	3979	3053	SPA_MetaAn_82_l309_st3053_e3979_se-1_ID=17574_3	309	B3	B3-III	Undefined
shotgun_illumina_3rd_ARH_ECA55_contigs.fasta	NODE_17574_length_4891_cov_2.879446	3973	3074	8095288_len_309_MetaAn_4	309	B3	B3-III	Undefined
shotgun_illumina_3rd_ARH_ECA55_contigs.fasta	NODE_20205_length_4491_cov_5.730162	3686	4489	SPA_MetaAn_82_l279_st3653_e4489_se1_ID=20205_5	279	A	A-IV	Undefined
shotgun_illumina_3rd_ARH_ECA55_contigs.fasta	NODE_224495_length_984_cov_1.534984	777	16	SPA_MetaAn_83_l273_st1511_e2329_se-1_ID=18058_3	273	B3	B3-IV	Undefined
shotgun_illumina_3rd_ARH_ECA55_contigs.fasta	NODE_224495_length_984_cov_1.534984	855	19	LRA3-1	302	B3	B3-IV	LRA3
shotgun_illumina_3rd_ARH_ECA55_contigs.fasta	NODE_243868_length_936_cov_2.553916	805	2	9854109_len_297_MetaAn_65	297	B3	B3-IV	Undefined
shotgun_illumina_3rd_ARH_ECA55_contigs.fasta	NODE_243868_length_936_cov_2.553916	814	5	SPA_MetaAn_69_l292_st6111_e6986_se1_ID=2210_7	292	B3	B3-IV	Undefined
shotgun_illumina_3rd_ARH_ECA55_contigs.fasta	NODE_366552_length_738_cov_1.777452	708	1	SPA_MetaAn_61_l292_st494_e1369_se-1_ID=139152_2	292	B3	B3-IV	Undefined
shotgun_illumina_3rd_COP_ECA55_contigs.fasta	NODE_100988_length_1428_cov_1.422433	738	1	SPA_MetaAn_69_l301_st11_e913_se-1_ID=149249_1	301	B3	B3-IV	Undefined
shotgun_illumina_3rd_COP_ECA55_contigs.fasta	NODE_100988_length_1428_cov_1.422433	711	4	1120342_len_281_MetaAn_59	281	B3	B3-IV	Undefined
shotgun_illumina_3rd_COP_ECA55_contigs.fasta	NODE_11966_length_4372_cov_3.469539	3254	4153	30337254_len_307_MetaAn_63	307	B3	B3-V	Undefined
shotgun_illumina_3rd_COP_ECA55_contigs.fasta	NODE_11966_length_4372_cov_3.469539	3278	4174	SPA_MetaAn_83_l299_st3278_e4174_se1_ID=11966_3	299	B3	B3-V	Undefined
shotgun_illumina_3rd_COP_ECA55_contigs.fasta	NODE_12211_length_4326_cov_7.165301	243	1055	SPA_MetaAn_82_l279_st3653_e4489_se1_ID=20205_5	279	A	A-IV	Undefined
shotgun_illumina_3rd_COP_ECA55_contigs.fasta	NODE_174187_length_1071_cov_1.693898	925	11	SPA_MetaAn_83_l305_st11_e925_se-1_ID=174187_1	305	B3	B3-IV	Undefined
shotgun_illumina_3rd_COP_ECA55_contigs.fasta	NODE_174187_length_1071_cov_1.693898	874	20	SPA_MetaAn_69_l292_st2610_e3485_se-1_ID=7463_4	292	B3	B3-IV	Undefined
shotgun_illumina_3rd_COP_ECA55_contigs.fasta	NODE_174187_length_1071_cov_1.693898	850	23	SPA_MetaAn_82_l289_st242_e1108_se-1_ID=153429_2	289	B3	B3-IV	Undefined
shotgun_illumina_3rd_COP_ECA55_contigs.fasta	NODE_174187_length_1071_cov_1.693898	853	29	11639273_len_281_MetaAn_59	281	B3	B3-IV	Undefined
shotgun_illumina_3rd_COP_ECA55_contigs.fasta	NODE_18058_length_3537_cov_2.385123	2329	1511	SPA_MetaAn_83_l273_st1511_e2329_se-1_ID=18058_3	273	B3	B3-IV	Undefined
shotgun_illumina_3rd_COP_ECA55_contigs.fasta	NODE_18058_length_3537_cov_2.385123	2398	1520	LRA3-2	303	B3	B3-IV	LRA3
shotgun_illumina_3rd_COP_ECA55_contigs.fasta	NODE_23162_length_3092_cov_3.827132	1342	2133	SPA_MetaAn_79_l264_st101_e892_se1_ID=20644_1	264	D	D-III	Undefined
shotgun_illumina_3rd_COP_ECA55_contigs.fasta	NODE_27587_length_2819_cov_2.543054	160	1005	1864848_len_293_MetaAn_9	293	B3	B3-IV	Undefined
shotgun_illumina_3rd_COP_ECA55_contigs.fasta	NODE_27587_length_2819_cov_2.543054	157	1011	22994402_len_294_MetaAn_65	294	B3	B3-IV	Undefined
shotgun_illumina_3rd_COP_ECA55_contigs.fasta	NODE_27587_length_2819_cov_2.543054	79	1026	SPA_MetaAn_83_l316_st79_e1026_se1_ID=27587_2	316	B3	B3-IV	Undefined
shotgun_illumina_3rd_COP_ECA55_contigs.fasta	NODE_28230_length_2785_cov_3.343956	1661	2467	SPA_MetaAn_75_l272_st221_e1036_se-1_ID=8364_2	272	A	A-VIII	Undefined
shotgun_illumina_3rd_COP_ECA55_contigs.fasta	NODE_28230_length_2785_cov_3.343956	1817	2539	SPA_MetaAn_83_l241_st1817_e2539_se1_ID=28230_3	241	A	A-X	Undefined
shotgun_illumina_3rd_COP_ECA55_contigs.fasta	NODE_330417_length_765_cov_1.318310	14	718	CHM-1	252	B1	B1-III	CHM
shotgun_illumina_3rd_COP_ECA55_contigs.fasta	NODE_330417_length_765_cov_1.318310	2	721	16507927_len_254_MetaAn_9	254	B1	B1-III	Undefined
shotgun_illumina_3rd_COP_ECA55_contigs.fasta	NODE_4968_length_6769_cov_4.334823	2773	3666	SPA_MetaAn_83_l298_st2773_e3666_se1_ID=4968_3	298	A	A-IV	Undefined
shotgun_illumina_3rd_COP_ECA55_contigs.fasta	NODE_62073_length_1846_cov_4.044109	1041	202	SPA_MetaAn_83_l280_st202_e1041_se-1_ID=62073_2	280	A	A-IV	Undefined
shotgun_illumina_3rd_COP_ECA55_contigs.fasta	NODE_65030_length_1802_cov_1.738981	1101	205	SPA_MetaAn_83_l299_st205_e1101_se-1_ID=65030_2	299	B3	B3-IV	Undefined
shotgun_illumina_3rd_COP_ECA55_contigs.fasta	NODE_65030_length_1802_cov_1.738981	1053	208	34577909_len_294_MetaAn_65	294	B3	B3-IV	Undefined
shotgun_illumina_3rd_COP_ECA55_contigs.fasta	NODE_65030_length_1802_cov_1.738981	1065	217	SPA_MetaAn_69_l292_st6111_e6986_se1_ID=2210_7	292	B3	B3-IV	Undefined
shotgun_illumina_3rd_COP_ECA55_contigs.fasta	NODE_6932_length_5778_cov_3.155513	3648	4802	17530938_len_391_MetaAn_62	391	C	C-I	Undefined
shotgun_illumina_3rd_COP_ECA55_contigs.fasta	NODE_6932_length_5778_cov_3.155513	3519	4823	SPA_MetaAn_83_l435_st3519_e4823_se1_ID=6932_4	435	C	C-I	Undefined
shotgun_illumina_3rd_COP_ECA55_contigs.fasta	NODE_86485_length_1550_cov_2.614716	16	687	SPA_MetaAn_78_l250_st139_e888_se-1_ID=10946_2	250	B1	B1-I	Undefined
shotgun_illumina_3rd_COP_ECA55_contigs.fasta	NODE_86485_length_1550_cov_2.614716	7	690	36413597_len_242_MetaAn_74	242	B1	B1-I	Undefined
shotgun_illumina_3rd_COP_ECA55_contigs.fasta	NODE_9679_length_4870_cov_3.304465	1651	908	SPA_MetaAn_83_l248_st908_e1651_se-1_ID=9679_3	248	B2	B2-I	Undefined
shotgun_illumina_3rd_DEP_ECA55_contigs.fasta	NODE_10110_length_3462_cov_2.840622	1025	1906	SPA_MetaAn_53_l306_st1851_e2768_se-1_ID=7003_3	306	B3	B3-V	Undefined
shotgun_illumina_3rd_DEP_ECA55_contigs.fasta	NODE_10110_length_3462_cov_2.840622	1004	1921	SPA_MetaAn_78_l306_st435_e1352_se-1_ID=8220_2	306	B3	B3-V	Undefined
shotgun_illumina_3rd_DEP_ECA55_contigs.fasta	NODE_1142_length_13973_cov_4.355439	5846	6766	SPA_MetaAn_84_l307_st5846_e6766_se1_ID=1142_5	307	B3	B3-IV	Undefined
shotgun_illumina_3rd_DEP_ECA55_contigs.fasta	NODE_122061_length_1030_cov_2.761026	923	33	SPA_MetaAn_84_l297_st33_e923_se-1_ID=122061_1	297	A	A-III	Undefined
shotgun_illumina_3rd_DEP_ECA55_contigs.fasta	NODE_122061_length_1030_cov_2.761026	881	42	SPA_MetaAn_1_l295_st279_e1163_se-1_ID=13422_2	295	A	A-III	Undefined
shotgun_illumina_3rd_DEP_ECA55_contigs.fasta	NODE_145240_length_954_cov_1.359288	953	144	SPA_MetaAn_74_l314_st148_e1089_se-1_ID=108784_1	314	A	A-II	Undefined
shotgun_illumina_3rd_DEP_ECA55_contigs.fasta	NODE_254624_length_746_cov_1.972504	744	4	SPA_MetaAn_60_l298_st3888_e4781_se-1_ID=116_6	298	B3	B3-V	Undefined
shotgun_illumina_3rd_DEP_ECA55_contigs.fasta	NODE_318_length_29877_cov_4.812923	17861	16977	SPA_MetaAn_84_l295_st16977_e17861_se-1_ID=318_18	295	A	A-III	Undefined
shotgun_illumina_3rd_DEP_ECA55_contigs.fasta	NODE_318_length_29877_cov_4.812923	17768	16986	61851565_len_295_MetaAn_50	295	A	A-III	Undefined
shotgun_illumina_3rd_DEP_ECA55_contigs.fasta	NODE_385_length_26743_cov_5.753784	8684	7761	SPA_MetaAn_84_l308_st7761_e8684_se-1_ID=385_9	308	B3	B3-IV	Undefined
shotgun_illumina_3rd_DEP_ECA55_contigs.fasta	NODE_98060_length_1138_cov_1.637119	1067	135	SPA_MetaAn_5_l306_st1047_e1964_se1_ID=26657_2	306	A	A-I	Undefined
ERR4183117_contigs.fasta	NODE_117369_length_1074_cov_1.558391	790	2	19371791_len_295_MetaAn_23	295	A	A-II	Undefined
ERR4183117_contigs.fasta	NODE_13240_length_3894_cov_13.838500	2107	1247	SPA_MetaAn_5_l287_st2253_e3113_se-1_ID=11060_2	287	A	A-IV	Undefined
ERR4183117_contigs.fasta	NODE_13240_length_3894_cov_13.838500	2098	1250	TEM-P121	283	A	A-IV	TEM
ERR4183117_contigs.fasta	NODE_13240_length_3894_cov_13.838500	2071	1289	TEM-P118	261	A	A-IV	TEM
ERR4183117_contigs.fasta	NODE_13240_length_3894_cov_13.838500	2077	1325	TEM-P14	251	A	A-IV	TEM
ERR4183117_contigs.fasta	NODE_1368_length_15152_cov_6.818904	6169	5267	SPA_MetaAn_8_l301_st5267_e6169_se-1_ID=1368_5	301	A	A-III	Undefined
ERR4183117_contigs.fasta	NODE_148148_length_936_cov_8.903519	882	1	9657604_len_299_MetaAn_8	299	A	A-II	Undefined
ERR4183117_contigs.fasta	NODE_15056_length_3609_cov_3.431064	2018	2917	SPA_MetaAn_8_l300_st2018_e2917_se1_ID=15056_3	300	A	A-IV	Undefined
ERR4183117_contigs.fasta	NODE_1728_length_13368_cov_6.128746	11129	12298	SPA_MetaAn_16_l390_st1220_e2389_se1_ID=8635_3	390	C	C-I	Undefined
ERR4183117_contigs.fasta	NODE_1806_length_13035_cov_5.818259	3555	4454	SPA_MetaAn_8_l300_st3555_e4454_se1_ID=1806_7	300	B3	B3-V	Undefined
ERR4183117_contigs.fasta	NODE_18110_length_3222_cov_8.961793	1665	793	2659200_len_292_MetaAn_8	292	A	A-IV	Undefined
ERR4183117_contigs.fasta	NODE_23949_length_2730_cov_5.183551	1159	5	SPA_MetaAn_16_l390_st1220_e2389_se1_ID=8635_3	390	C	C-I	Undefined
ERR4183117_contigs.fasta	NODE_44383_length_1897_cov_8.621607	1257	91	12883219_len_391_MetaAn_8	391	C	C-I	Undefined
ERR4183117_contigs.fasta	NODE_50615_length_1759_cov_3.325704	1280	384	SPA_MetaAn_8_l299_st384_e1280_se-1_ID=50615_2	299	A	A-II	Undefined
ERR4183117_contigs.fasta	NODE_54894_length_1677_cov_4.504316	215	1402	SPA_MetaAn_8_l396_st215_e1402_se1_ID=54894_1	396	C	C-I	Undefined
ERR4183124_contigs.fasta	NODE_1319_length_17012_cov_9.953058	15927	16811	SPA_MetaAn_1_l295_st279_e1163_se-1_ID=13422_2	295	A	A-III	Undefined
ERR4183124_contigs.fasta	NODE_1319_length_17012_cov_9.953058	15939	16814	SPA_MetaAn_5_l297_st1414_e2304_se1_ID=7995_3	297	A	A-III	Undefined
ERR4183124_contigs.fasta	NODE_136288_length_1137_cov_1.773567	957	100	TEM-116	286	A	A-IV	TEM
ERR4183124_contigs.fasta	NODE_136288_length_1137_cov_1.773567	921	139	TEM-P118	261	A	A-IV	TEM
ERR4183124_contigs.fasta	NODE_136288_length_1137_cov_1.773567	927	175	TEM-P14	251	A	A-IV	TEM
ERR4183124_contigs.fasta	NODE_153682_length_1053_cov_25.290581	686	3	1736690_len_278_MetaAn_9	278	A	A-V	Undefined
ERR4183124_contigs.fasta	NODE_184245_length_940_cov_2.795480	180	911	SPA_MetaAn_9_l244_st180_e911_se1_ID=184245_1	244	B1	B1-I	Undefined
ERR4183124_contigs.fasta	NODE_209676_length_867_cov_3.325123	709	2	SPA_MetaAn_3_l250_st354_e1103_se-1_ID=35239_1	250	B1	B1-III	Undefined
ERR4183124_contigs.fasta	NODE_24344_length_3261_cov_2.730193	1651	896	SPA_MetaAn_9_l252_st896_e1651_se-1_ID=24344_2	252	B1	B1-I	Undefined
ERR4183124_contigs.fasta	NODE_245395_length_785_cov_1.912329	783	1	SPA_MetaAn_49_l289_st728_e1594_se1_ID=1160_2	289	B3	B3-IV	Undefined
ERR4183124_contigs.fasta	NODE_37432_length_2518_cov_2.726756	1433	2302	3550893_len_310_MetaAn_8	310	B3	B3-IV	Undefined
ERR4183124_contigs.fasta	NODE_37432_length_2518_cov_2.726756	1496	2305	34839612_len_294_MetaAn_65	294	B3	B3-IV	Undefined
ERR4183124_contigs.fasta	NODE_37432_length_2518_cov_2.726756	1439	2314	SPA_MetaAn_9_l292_st1439_e2314_se1_ID=37432_2	292	B3	B3-IV	Undefined
ERR4183124_contigs.fasta	NODE_37501_length_2515_cov_25.039024	1814	651	SPA_MetaAn_16_l390_st1220_e2389_se1_ID=8635_3	390	C	C-I	Undefined
ERR4183124_contigs.fasta	NODE_39337_length_2445_cov_22.508368	1328	2086	SPA_MetaAn_9_l253_st1328_e2086_se1_ID=39337_2	253	B1	B1-III	Undefined
ERR4183124_contigs.fasta	NODE_39587_length_2437_cov_1.999160	1184	282	SPA_MetaAn_9_l301_st282_e1184_se-1_ID=39587_2	301	A	A-III	Undefined
ERR4183124_contigs.fasta	NODE_402_length_30525_cov_31.605546	14251	15231	SPA_MetaAn_9_l327_st14239_e15219_se1_ID=408_13	327	A	A-V	Undefined
ERR4183124_contigs.fasta	NODE_408_length_30371_cov_31.143588	14239	15219	SPA_MetaAn_9_l327_st14239_e15219_se1_ID=408_13	327	A	A-V	Undefined
ERR4183124_contigs.fasta	NODE_572_length_25421_cov_5.812860	13990	14856	SPA_MetaAn_9_l289_st13990_e14856_se1_ID=572_13	289	B3	B3-I	Undefined
ERR4183124_contigs.fasta	NODE_6079_length_7457_cov_20.128073	916	104	SPA_MetaAn_62_l295_st1999_e2883_se1_ID=20697_5	295	B3	B3-IV	Undefined
ERR4183124_contigs.fasta	NODE_6079_length_7457_cov_20.128073	970	95	16956569_len_293_MetaAn_9	293	B3	B3-IV	Undefined
ERR4183124_contigs.fasta	NODE_76145_length_1637_cov_1.961441	641	1363	4125960_len_245_MetaAn_57	245	B1	B1-III	Undefined
ERR4183124_contigs.fasta	NODE_76145_length_1637_cov_1.961441	644	1393	17754931_len_254_MetaAn_9	254	B1	B1-III	Undefined
