taxonomy	MetaAn_1	MetaAn_10	MetaAn_11	MetaAn_12	MetaAn_13	MetaAn_14	MetaAn_15	MetaAn_16	MetaAn_17	MetaAn_18	MetaAn_19	MetaAn_2	MetaAn_20	MetaAn_21	MetaAn_22	MetaAn_23	MetaAn_24	MetaAn_25	MetaAn_26	MetaAn_27	MetaAn_28	MetaAn_29	MetaAn_3	MetaAn_30	MetaAn_31	MetaAn_32	MetaAn_33	MetaAn_34	MetaAn_35	MetaAn_36	MetaAn_37	MetaAn_38	MetaAn_39	MetaAn_4	MetaAn_40	MetaAn_41	MetaAn_43	MetaAn_44	MetaAn_45	MetaAn_46	MetaAn_47	MetaAn_48	MetaAn_49	MetaAn_5	MetaAn_50	MetaAn_53	MetaAn_54	MetaAn_55	MetaAn_56	MetaAn_57	MetaAn_58	MetaAn_59	MetaAn_6	MetaAn_60	MetaAn_61	MetaAn_62	MetaAn_63	MetaAn_64	MetaAn_65	MetaAn_66	MetaAn_67	MetaAn_68	MetaAn_69	MetaAn_7	MetaAn_70	MetaAn_71	MetaAn_72	MetaAn_73	MetaAn_74	MetaAn_75	MetaAn_76	MetaAn_77	MetaAn_78	MetaAn_79	MetaAn_8	MetaAn_80	MetaAn_81	MetaAn_82	MetaAn_83	MetaAn_84	MetaAn_9
Flavobacteriaceae	1.62	17.24	0	3.64	6.44	0.42	0.92	1.76	0	0	0.09	2.07	1.02	1.2	0.07	4.8	0	0.13	0	0	0	0	10.9	0	0	0	0	0	0	0	0	0	0	0.84	0	0	0	0	0	0	0	0.6	0	0.2	0.19	7.54	0	0	0	3.24	0	0	0.05	0.49	0	2.78	17.77	0.18	0.97	1.62	4.46	4.26	0.03	20.53	9.7	0.47	11.07	0	0.07	0.38	0.47	0.74	0.35	0.13	1.98	1.74	0	0.33	0.12	0.21	1.24
Cryomorphaceae	0	4.66	0	0	0	0	0	0	0	0	0	0	0	0	0	0.09	0	0	0	0	0	0	0.14	0	0	0	0	0	0	0	0	0	0	0	0	0	0	0	0	0	0	0	0	0	0	0	0	0	0	0	0	0	0	0	0	0	0.85	0	0	0	0.1	0	0	2.32	0	0	0.08	0	0	0	0	0	0	0	0.22	0	0	0	0	0	0.02
Crocinitomicaceae	0.09	0.23	0	0.17	0.58	0	0	0	0	0	0	0	0	0	0	0	0	0	0	0	0	0	0.16	0	0	0	0	0	0	0	0	0	0	0	0	0	0	0	0	0	0	0	0	0	0.01	0	0	0	0	0	0	0	0	0.03	0	0.08	0.88	0	0.08	0	0.14	0.17	0	2.09	1.43	0	2.24	0	0	0	0	0	0	0	1.61	0.28	0	0	0	0.12	0.09
Weeksellaceae	1.65	0.69	0	0	0	0	0	0.16	0	0	0	0.31	0	0	0	0.73	0	0	0	0	0	0	5.89	0	0	0	0	0	0	0	0	0	0	0.13	0	0	0	0	0	0	0	0	0.6	0.03	0	0	0	0	0	0	0	0.14	0	0	0	0	0.93	0	0.03	7.74	0	0.06	0	1.69	2.76	0	10.46	0	0.01	0	0.24	0.23	0	0	0.91	0	0	0	0.02	0	0.08
Vicingaceae	0	0.19	0	0.07	0.15	0	0	0	0	0	0	0	0	0	0	0	0	0	0	0	0	0	0	0	0	0	0	0	0	0	0	0	0	0	0	0	0	0	0	0	0	0	0	0	0	0	0	0	0	0	0	0	0	0	0	0	0.04	0	0	0	0.05	0.01	0	0.12	0.08	0	0	0	0	0	0	0	0	0	0	0	0	0	0	0	0
PHOS-HE28	0.13	3.99	0	0	0	0	0	0	0.05	0	0.11	0.55	0.25	0.48	0.11	1.15	0	0.04	0	0	0	0	1.6	0	0	0	0	0	0	0	0	0	0	0.22	0	0	0.07	0	0.03	0.03	0	0	0	0	0.04	0.96	0.05	0	0	0.16	0.1	0	0.08	0.2	0	0.02	0.42	0.02	0.13	0	0.25	0.17	0.02	1.53	0.93	0	0.83	0	0	0	0.05	0	0.26	0	1.95	0.13	0.03	0.01	0.05	0.19	0.88
Chitinophagaceae	23.34	21.12	4.49	0	0	6.72	10.9	10.77	0.99	1.15	3.65	6.76	3.06	8.52	2.46	4.37	1.29	4.61	1.66	0.08	1.85	2.17	15.03	0.63	0.95	0.44	0.75	0.68	0.68	0.76	1.21	0.81	0.99	8.15	0.23	0.11	1.36	0.32	1.25	1.63	1.15	5.2	4.94	2.23	2.81	3	2.36	3.52	4.66	3.69	2.54	6.47	4.28	5.76	3.48	2.8	5.2	3.7	5.17	3.78	1.17	3.35	2.87	7.61	1.44	8.58	7.01	2.29	7.43	7.56	6.36	5.34	8.44	5.03	22.2	4.93	2.99	2.87	4.42	3.06	19.98
Saprospiraceae	0	0.64	0.15	2.7	1.45	0.16	0.13	0	0.05	0	0.53	0.5	0.28	0.6	0.51	2.21	0	0	0	0	0	0	0.24	0	0.04	0	0	0	0	0	0	0	0	1.12	0	0	0	0	0.24	0	0	0.16	0	0.03	0.36	0	0	0	0	0.6	0	0	0.47	0.73	0	0.07	1.43	0.98	0.26	0	1.1	0.45	0.04	0.63	0.12	0.61	0.36	0	0.01	0.71	0	0.04	0.59	0.25	0.2	1.5	0.1	0.31	0	0.62	0.15
GCA-2748055	0	0.14	0	0	0	0	0	0	0	0	0	0	0	0	0	0.43	0	0	0	0	0	0	0	0	0	0	0	0	0	0	0	0	0	0	0	0	0	0	0	0	0	0	0	0	0	0	0	0	0	0	0	0	0	0	0	0	0	0	0	0	0	0	0	0.71	0	0	0	0	0	0	0	0	0	0	0.03	0	0	0	0	0	0
Prolixibacteraceae	0	0.22	0	0	0	0	0	0	0	0	0	0.32	0	0	0	1.58	0	0	0	0	0	0	0.18	0	0	0	0	0	0	0	0	0	0	0.12	0	0	0	0	0	0	0	0	0	0	0	0	0	0	0	0	0	0	0	0	0	0	0.04	0.12	0	0	0	0	0	1.9	0.21	0	0.16	0	0	0	0	0	0	0	0.43	0.13	0	0.07	0	0	0.07
Dysgonomonadaceae	0	1.68	0	0	0	0	0	0	0	0	0	0	0	0	0	0	0	0	0	0	0	0	4.55	0	0	0	0	0	0	0	0	0	0	0	0	0	0	0	0	0	0	0	0	0.05	0	0	0	0	0	0	0	0	0	0	0	0	0.01	0	0	0	0	0	0	7.99	0.91	0	3.06	0	0	0	0	0	0	0	0.7	0	0	0	0	0	0.03
UBA10428	0	0.03	0	0	0	0	0	0	0	0	0	0	0	0	0	0	0	0	0	0	0	0	0	0	0	0	0	0	0	0	0	0	0	0	0	0	0	0	0	0	0	0	0	0	0	0	0	0	0	0	0	0	0	0	0	0	0	0	0	0	0	0	0	0.11	0	0	0	0	0	0	0	0	0	0	0	0	0	0	0	0	0
Paludibacteraceae	0.07	0.14	0	0	0	0	0	0	0	0	0	0	0	0	0	0.85	0	0	0	0	0	0	0.12	0	0	0	0	0	0	0	0	0	0	0	0	0	0	0	0	0	0	0	0	0	0	0	0	0	0	0	0	0	0	0	0	0	0.03	0.03	0	0	0	0	0	1.02	3.11	0	0.23	0	0	0	0	0.03	0	0	0.23	0.1	0	0.03	0	0	0
Marinilabiliaceae	0	0.07	0	0	0	0	0	0	0	0	0	0	0	0	0	0.52	0	0	0	0	0	0	0.21	0	0	0	0	0	0	0	0	0	0	0	0	0	0	0	0	0	0	0	0	0	0	0	0	0	0	0	0	0	0	0	0	0	0.02	0	0	0	0	0	0	0.22	0.39	0	0	0	0	0	0	0	0	0	0.03	0	0	0	0	0	0
VadinHA17	0	0.06	0	0	0	0	0	0	0	0	0	0.17	0	0	0	0.4	0	0	0	0	0	0	0	0	0	0	0	0	0	0	0	0	0	0	0	0	0	0	0	0	0	1.68	0	0	0	0	0	0	0	0	0	0	0	0	0	0	0	0	0	0	0	0	0	1.98	0.09	0	0	0	0	0	0	0	0	0	0.29	0.08	0	0.2	0	0	0
Lentimicrobiaceae	0	0.48	0	0	0	0	0	0	0	0	0	0.08	0	0	0	0.09	0	0	0	0	0	0	0.04	0	0	0	0	0	0	0	0	0	0	0	0	0	0	0	0	0	0	0	0	0	0	0	0	0	0	0	0	0	0	0	0	0	0	0.02	0	0	0	0	0	4.75	0.74	0	0.11	0	0	0	0	0	0	0	0.21	0	0	0	0	0	0.05
Cyclobacteriaceae	0	0.18	0	0.06	0	0	0	0.04	0.02	0	0	0.04	1.15	1.05	0.24	2.73	0.07	0.03	0	0	0.03	0	0.24	0.02	0	0	0	0.02	0	0	0	0	0	0.11	0.02	0	0.12	0	0.04	0	0	0.2	0	0	0.14	1.63	0	0	0	0.16	0.9	0	0.09	0.46	0.04	0.44	0.6	0.08	0.21	0.02	3.13	0.64	0.28	0.14	0	0	0.17	0	0.49	0.14	0.05	0.22	0.3	0.2	0.07	0.87	0.06	0.14	0.06	0.69	0.06
Sphingobacteriaceae	0.11	0.15	0.12	0	0	0.21	0.61	1.48	0.01	0	0	0.28	1.54	0.22	0.03	0.29	0.03	0.1	0.03	0	0.39	0	1.95	0	0	0	0	0	0	0	0	0	0	0.28	0	0	0	0	0	0	0.15	0.15	0.2	0	0.1	1.34	0	0	0	0.32	0.69	1.07	0.06	0.53	0.14	0.21	2.59	0.07	0.47	1.7	0.05	0.14	0.06	0.32	1.86	0	2.85	0.06	1.43	0.08	0.56	0.76	0.41	0.23	0.58	0.24	0	0.08	0.37	0.07	0.21
2-12-FULL-35-15	0	0.06	0	0	0	0	0	0	0	0	0	0.06	0	0	0	0.04	0	0	0	0	0	0	0	0	0	0	0	0	0	0	0	0	0	0.06	0	0	0	0	0	0	0	0	0	0.02	0.03	0.06	0	0	0	0	0.09	0	0.19	0	0.09	0.04	0.08	0.09	0.11	0	0.02	0	0	0.04	0	0.09	0	0	0	0.05	0.09	0.46	0.7	0.31	0.16	0.65	0.2	0.24	0.11	0.21	0.16
Microbacteriaceae	4.63	2.05	0.3	0.12	0.13	0.2	1.6	2.92	0.05	0.02	0.12	4.33	7.15	0.35	0.26	2.63	0.07	0.21	0.02	0	0.29	0.06	2.26	0.02	0.03	0.01	0.02	0.06	0	0.05	0.03	0.04	0	0.73	0	0	0	0.04	0.12	0.02	0.34	0.18	0.38	0.21	0.06	0.48	0	0	0	0.05	0.07	0.48	0.07	0.29	0.01	0.4	0.94	0.85	0.2	0.6	2.31	0.65	0.12	0.59	0.36	0	0.17	0.06	0.1	0.11	0.34	7	0.35	0.26	0.84	0.73	0.1	0.22	0.13	0.17	1.92
Dermatophilaceae	6.88	1.99	1.96	0	0	2.76	2.53	9.41	0.14	0.11	0.29	8.37	0.82	0.42	0.43	0.07	0.35	0.62	0.32	0.49	0.33	0.11	4.24	0.22	0.09	0.08	0.12	0.25	0.26	0.07	0.14	0.09	0.13	4.11	0.29	0.18	0.26	0.3	0.23	0.07	0.26	9.37	6.97	0.82	0.14	0.12	0.05	0.25	0.06	0.15	0	0.04	0.32	0.1	0.01	0.66	1.28	4.97	1.24	1.67	0.37	0.13	0.06	2.28	0	0.25	0.24	0.26	0.34	0.89	0.93	1.25	0.51	0.14	2.3	1.72	0.36	1.31	0.06	0.41	0.71
Cellulomonadaceae	0.17	0.03	0.12	0	0	0.37	0.2	0.29	0.08	0.06	0.1	1.67	0.43	0.39	0.14	0.09	0.13	0.21	0.13	0.11	0.25	0.07	0.1	0.09	0.07	0.06	0.07	0.12	0.07	0.06	0.06	0.1	0.03	0.13	0.07	0.07	0.05	0.08	0.19	0.03	0.13	0.62	0	0.1	0.07	0	0	0.07	0	0.08	0.06	0	0.04	0	0.01	0.13	0.09	0.6	0.17	0.08	0.04	0.04	0.01	0.07	0	0	0	0.23	0.14	0	0.06	0.16	0	0	0.06	0.1	0.05	0.02	0.02	0.03	0
Demequinaceae	0.04	0.07	0	0	0	0	0	0	0.01	0	0	1.62	0.03	0	0	0.03	0	0	0	0	0.03	0.01	0.04	0	0	0	0	0	0	0	0	0	0	0	0	0	0	0	0	0	0	0	0	0	0	0	0	0	0	0	0	0	0	0	0	0	0.08	0	0	0	0.36	0.01	0	0.04	0	0	0	0	0	0	0	0	0	0	0.11	0.04	0	0	0	0	0
Propionibacteriaceae	0.4	0.29	0.11	0	0	0.21	0.19	0.2	0.06	0.06	0.29	0.96	1.54	0.36	0.37	0.14	0.06	0.35	0.13	0.15	0.05	0.14	0.46	0.08	0.07	0.03	0.09	0.18	0.04	0.11	0.04	0.13	0.04	0.24	0	0.03	0	0.03	0.23	0.06	0.1	0.24	0	0.31	0.04	0	0.05	0.11	0	0.05	0	0	0.11	0	0	0.17	0.4	0.9	0.14	0.37	0.23	0.02	0	0.64	0.08	0	0.12	0.26	0.54	0.06	0.06	0.1	0.14	0	0.45	0.16	0.05	0.03	0.02	0.01	0.06
Nocardioidaceae	0.97	0.25	2.17	0.13	0.08	5.13	5.26	8.36	3.35	5.34	2.86	5.92	4.04	1.74	2.64	0.05	3.85	4.72	6.57	3.28	3.51	3.86	1.1	1.94	2.42	1.66	2.3	5.05	3.44	5.15	3.57	4.94	2.08	3.53	2.93	2.61	2.35	2.9	2.95	3.6	2.33	0.75	0.49	1.95	1.8	0.81	2.64	2.99	3.88	1.11	0.55	0	1.38	0.09	0.08	2.9	0.55	3.45	6.16	0.39	0.85	1.72	0.04	0.58	0	0.55	0.18	10.02	6.55	0.46	0.42	1.49	0.31	0.12	0.64	1.38	0.75	0.14	0.22	0.39	0.26
Pseudonocardiaceae	0.16	0.04	0.28	0	0	0.36	0.26	0.52	12.43	7.86	0.25	0.13	0.36	1.68	0.38	0	18.59	0.31	2.56	30.42	0.3	0.31	0.05	26.53	19.03	30.12	21.79	5.61	21.92	3.67	12.78	4.16	10.08	0.24	31.32	21.49	28.38	22.45	0.94	3.58	0.43	0	0.61	0.29	0.98	0.15	0.42	5.75	0.83	0.12	0.06	0.12	0.2	0.16	0.13	0.52	0.06	0.17	0.25	0.04	0.77	0.03	0.12	0.04	0	0	0	0.28	5.09	0.08	0.84	0.19	0.11	0	0.19	0.19	0.22	0.04	0.17	0.06	0.1
Mycobacteriaceae	1.85	0.19	0.19	0	0	0.17	0.37	0.83	0.14	0.18	0	0.12	0.11	0.17	0.16	0	0.25	0.11	0.15	0.24	0.16	0.11	2.64	0.19	0.28	0.25	0.21	0.23	0.12	0.14	0.17	0.12	0.08	0.23	0.2	0.22	0.18	0.16	0.17	0.1	0.12	0	0	0.13	0.12	0	0.05	0.14	0	0.09	0.12	0.11	0.07	0.1	0.34	0.67	0.19	0.3	0.39	3.14	0.32	0.06	0.09	0.67	0	0	0	0.1	0.35	0.08	0.41	0.4	0.06	0.07	0.45	0.33	0.12	0.04	0.09	0.06	0.2
Nakamurellaceae	0.62	0.17	0.09	0	0	0	0.11	0.13	0.02	0	0	0.1	0.03	0	0.04	0	0.04	0.04	0	0.04	0.02	0.01	0.09	0	0.01	0.02	0	0.02	0	0	0	0.02	0	0.42	0	0	0	0	0.04	0	0	0	0.31	0.03	0.02	0	0	0	0	0	0	0.12	0	0.08	0	0.26	0.05	0.15	0.09	0.04	0.13	0	0.02	0	0	0	0	0	0.69	0	0.23	0.63	0	0	0.38	0.14	0.03	0.02	0.03	0.03	0.15
Streptomycetaceae	0.03	0.02	0.26	0	0	0.36	0.26	0.34	0.19	0.16	0.12	0.19	0.24	0.18	0.2	0	0.11	0.22	0.12	0.1	0.41	0.19	0.04	0.16	0.12	0.13	0.14	0.23	0.07	0.09	0.12	0.08	0.14	0.16	0.2	0.09	0.05	0.15	0.19	0.08	0.17	0.21	0	0.14	0.07	0.07	0	0.12	0.11	0.07	0.07	0.03	0.06	0	0.06	0.11	0.03	0.13	0.24	0	0.03	0.05	0.01	0.02	0	0	0	0.12	0.17	0	0.1	0.19	0.1	0.03	0.1	0.09	0.08	0	0.02	0.04	0.03
Microtrichaceae	0.09	0.35	0	0	0	0	0	0	0.03	0.02	0.06	0.28	0.14	0.08	0.1	0.15	0	0.03	0.02	0.03	0.04	0.04	0.2	0.03	0.03	0.02	0.03	0.05	0	0.02	0.02	0.03	0.03	0.13	0	0	0	0	0.1	0.02	0.03	0	0	0.06	0.05	0	0.05	0	0	0	0	0	0	0	0	0.04	0.13	0.07	0.03	0	0.22	0.26	0.03	0.69	0	0	0.06	0.04	0.02	0	0	0	0	0.04	0.32	0.07	0.04	0.01	0	0.02	0.09
Iamiaceae	1.68	0.64	0.24	0	0	0.34	0.28	0.91	0.56	0.29	0.85	1.05	0.26	0.31	0.53	0.07	0.27	0.37	1.54	0.42	0.27	0.78	2.24	0.36	0.33	0.4	0.37	0.87	0.26	0.23	0.34	0.25	0.23	0.67	0.36	0.3	0.44	0.39	0.57	0.22	0.15	0	0	0.29	0.29	0	0.2	0.19	0.18	0.17	0	0	0.18	0.06	0.02	1.69	0.19	0.4	0.38	0	0.6	0.71	0.03	0.34	0.07	0.15	0.09	0.91	1	0	0.13	0.1	0	0.04	0.77	0.29	0.1	0.11	0.09	0.04	0.3
Ilumatobacteraceae	0.68	0.4	2.13	1.04	0.93	1.54	1.69	1.16	2.71	3.66	2.65	1.88	2.68	1.49	1.81	0.66	1.61	1.53	1.95	2.61	0.84	1.99	0.53	2.44	1.66	2.56	2.34	2.96	2.24	1.97	1.72	1.71	1.54	2.67	2.5	1.82	1.32	2.46	1.96	2.12	0.31	0.65	0.39	0.79	1.43	0.56	1.03	0.26	0.77	1.57	0.41	0	1.27	2.18	0.02	3.18	1.25	2.86	1.16	0	1.97	3.63	0.83	0.41	0	2.18	0.26	0.39	1.42	0.26	0.11	1.11	0.57	0.18	0.4	0.9	0.19	0.17	0.03	0.42	0.09
UBA8139	0.24	0.06	0.09	0	0	0.15	0.06	0.11	0.09	0.05	0.15	0.23	0.08	0.11	0.17	0.09	0	0.09	0.07	0.03	0.07	0.13	0.12	0.04	0.06	0.04	0.03	0.07	0.03	0.02	0.03	0.04	0.02	0.13	0.03	0.04	0.05	0.04	0.24	0.04	0.08	0	0	0.09	0.14	0	0.08	0	0.06	0.1	0	0	0.09	0	0.03	0.11	0	0.1	0.08	0	0.31	0.13	0.1	0.02	0	0	0	0.12	0.04	0	0	0	0	0.04	0.05	0.07	0.05	0.08	0.03	0.04	0.02
UBA5794	0	0.13	0	0.11	0.07	0	0	0	0	0	0	0	0	0	0	0	0	0	0	0	0	0	0	0.04	0	0	0.3	0	0.5	0	0.06	0.46	1.91	0	0	0.59	0	0	0	0	3.02	0	0	0	0.16	0	0	0	0	0	0	0	0.03	0	0	0	0	0	0	0	1.1	0.69	0	0	0	0	0	0	0	0	0	0	0	0	0	0	0	0	0	0	0
SKUG01	0	0.05	0	0	0	0.08	0	0.08	0.04	0.03	0	0.16	0.33	0.06	0.03	0	0.07	0.1	0.12	0.02	0.41	0.15	0.26	0.04	0.03	0.05	0.07	0.08	0	0.07	0.08	0.05	0.03	0.08	0.05	0.08	0.03	0.07	0.11	0.06	0.53	0	0	0	0.15	0	0.1	0.14	0.26	0	0	0	0	0	0	0.1	0.05	0	0.25	0	0.02	0.06	0	0.02	0	0	0	0.4	0.05	0	0	0.04	0	0	0.11	0.03	0	0	0	0	0.03
70-9	0	0.27	0.25	0	0	1.07	0.25	0.1	1.87	3.67	1.79	0.61	0.16	0.64	1.85	0.37	0.8	0.76	1.74	1.17	0.48	2.24	0.02	1.81	1.04	1.32	1.64	2.43	1.71	3.11	2.62	2.45	1.82	0.8	1.31	2.33	1.37	2.64	2.12	2.95	2.2	0	0	2.71	1.39	0	1.09	2.16	1.26	0.29	0.23	0	3.01	0	0.03	7.91	0.06	0.36	1.7	0	1.79	0.64	0.1	0.08	0	0.34	0	1.06	0.95	0.05	0.18	0.42	0	0.09	0.12	0.43	0.68	0.04	0.16	0.1	0.09
SZUA-47	0.02	0.08	0	0.11	0.08	0	0	0.06	0.01	0	0.04	0.09	0.1	0.07	0.03	0	0	0	0	0	0	0	0.02	0	0	0	0	0	0	0	0	0	0	0.08	0	0	0	0	0.04	0	0	0	0	0	0.15	0.18	0	0	0	0.05	0	0	0.02	0	0	0.02	0.53	0.33	0.11	0	0.31	0.11	0	0.04	0	0	0	0	0	0	0	0.19	0.04	0	0.06	0.1	0	0.05	0	0.02	0.05
UBA7683	0.14	0.11	0	0	0	0	0	0.07	0.01	0	0	0.24	0	0	0	0	0	0	0	0	0	0	0.27	0	0	0	0	0	0	0	0	0	0	0.04	0	0	0	0	0	0	0	0	0	0	0	0	0	0	0	0	0	0	0	0.04	0	0.02	0.03	0	0.03	0	0.02	0.01	0	0.09	0.51	0	0.07	0	0	0	0	0.05	0	0	0.13	0.03	0	0.02	0	0	0.05
UBA4665	0.59	0.27	0.71	0	0	0.32	0.65	0.82	0.12	0.03	0.13	1.2	0.37	0.21	0.19	0	0.07	0.31	0.16	0	0.82	0.19	0.41	0	0.05	0	0.03	0.11	0.05	0	0.02	0.04	0.12	0.23	0	0	0.07	0.06	0.19	0.17	0.06	0.71	0.34	0.05	0.36	0.8	0.58	0.21	1.07	0.53	0.26	0.35	0.14	0.27	0.26	0	0.09	1.47	0.46	0.09	0.21	0.09	0.37	0.04	0	0.19	0	0.08	0.14	0.54	0.47	6.95	0.52	0.43	0.69	0.74	0.25	1.02	0.75	0.14	0.85
UBA1020	0.15	0.04	0	0	0	0	0	0	0.01	0	0	0.13	0.06	0	0	0	0	0	0	0	0	0.01	0.16	0	0	0	0	0	0	0	0	0	0	0.04	0	0	0	0	0.02	0	0	0	0	0	0.03	0	0	0	0	0.08	0	0	0	0	0	0	0.02	0	0.04	0	0.02	0.03	0	0.07	0	0	0	0	0	0	0	0.69	0	0	0.08	0.17	0	0.02	0	0	0.03
UBA5946	0.02	0.02	0	0	0	0	0	0	0.01	0	0	0	0.14	0	0	0	0	0	0	0	0	0	0.03	0	0	0	0	0	0	0	0	0	0	0	0	0	0	0	0	0	0	0	0	0	0.07	0.26	0	0	0	0.35	0	0	0	0	0	0	0	0.06	0.08	0	0	0	0	0	0	0	0.06	0	0	0	0	0.13	0	0	0	0.03	0	0	0	0	0
UBA1547	0.36	0.06	0	0	0	0	0	0.16	0.01	0	0	0.42	0.21	0	0	0.61	0	0	0	0	0.03	0.05	0.29	0	0	0	0	0.02	0	0	0	0	0	0.08	0	0	0	0	0	0	0	0.26	0.25	0.02	0.04	0.07	0	0	0	0.07	0	0.08	0	0.05	0	0	0.29	0.39	0.13	0	0.13	0.01	0	0.1	0.1	0	0	0	0.01	0.09	0.08	8.24	0.08	0	0.16	0.12	0	0.21	0.08	0.03	0.15
Saccharimonadaceae	1.27	0.06	0	0	0	0	0	0	0	0	0	0.05	0.11	0	0	0	0	0	0	0	0	0	1.46	0	0	0	0	0	0	0	0	0	0	0	0	0	0	0	0	0	0	0	0	0	0	0.05	0	0	0	0	0	0.07	0	0	0	0	0	0.3	0	0	0.02	0	0	0.14	0	0	0.08	0	0	0	0	0.5	0	0	0.45	0	0	0.03	0	0	0.06
UBA9973	0.02	0.03	0	0	0	0	0	0	0	0	0.08	0.72	0	0.07	0.04	0.15	0	0	0	0	0	0	0.06	0	0	0	0	0	0	0	0	0	0	0.1	0	0	0	0	0	0	0	0.51	0.2	0.04	0.01	0	0	0	0	0	0	0.07	0.05	0.32	0.07	0	0.02	0.32	0.02	0	0.12	0.12	0.12	0.36	0.06	0	0	0	0	0.47	0.29	2.56	0.57	0.56	0.09	0.77	0.26	0.72	0.53	0.6	1.95
UBA918	0	0.03	0	0.67	0.4	0	0	0	0	0	0	0.21	0.05	0	0	0.14	0	0	0	0	0	0	0.04	0	0	0	0	0	0	0	0	0	0	0	0	0	0	0	0	0	0	0	0	0	0.01	0	0	0	0	0	0	0	0	0	0	0	0.81	0.02	0	0	0.43	0.05	0	0.05	0	0	0	0	0	0	0	0.06	0	0	0	0.16	0	0	0	0.03	0.3
UBA1369	0	0.1	0	0	0	0	0	0	0	0	0	0	0	0	0	0	0	0	0	0	0	0	0	0	0	0	0	0	0	0	0	0	0	0	0	0	0	0	0	0	0	0	0	0	0	0	0	0	0	0	0	0	0	0	0	0	0	0	0	0	0	0	0.01	0.19	0	0	0	0	0	0	0	0	0	0	0	0	0	0	0	0.02	0
Absconditicoccaceae	0	0.06	0	0	0	0	0	0	0	0	0	0.1	0	0	0	0.34	0	0	0	0	0	0	0.26	0	0	0	0	0	0	0	0	0	0	0	0	0	0	0	0	0	0	0	0	0	0	0	0	0	0	0	0	0	0	0	0	0	0.63	0	0	0	0	0.02	0	0.41	0	0	0	0	0	0	0	0	0	0	0.06	0	0	0	0	0.02	0
SG8-38	0	0.14	0	0.15	0.14	0	0	0	0	0	0	0	0	0	0	0	0	0	0	0	0	0	0	0	0	0	0	0	0	0	0	0	0	0	0	0	0	0	0	0	0	0	0	0	0.03	0	0	0	0	0	0	0	0	0	0	0.07	0.1	0	0.05	0	0.21	0.48	0	0.28	0	0	0	0	0	0	0	0	0	0	0	0	0	0.04	0	0.02	0
Polyangiaceae	0.07	0.11	0.25	0.07	0	0.5	0.68	0.36	0.09	0	0.19	1.13	0.3	0.79	0.79	0.37	0.05	0.18	0.07	0	0.21	0.09	0.04	0.04	0.04	0	0.02	0.1	0	0	0.05	0.03	0.03	0.94	0	0	0.14	0.03	0.07	0	0.05	0.2	0.6	0.17	0.32	0.38	0.17	0.2	0.23	0.2	0.6	0.58	0.72	1.47	2.25	0.35	0.23	1.08	0.55	0	1.42	0.22	0.84	0.16	0	0.43	0	0.03	1.17	1.19	0.45	0.77	1.78	1.29	0.74	0.67	0.43	0.81	1.45	1.29	0.15
Haliangiaceae	0	0.1	0	0.06	0	0.16	0.38	0.12	0.1	0.05	0.05	0.54	0.15	0.47	0.93	0.27	0.09	0.43	0.04	0	0.05	0.09	0.04	0.03	0.04	0	0.04	0.07	0.03	0	0.07	0.03	0.08	1.1	0	0	0	0	0.1	0.09	0.09	0	0.31	0.11	0.57	0.54	0.19	0.06	0.24	0.81	0.6	0.04	0.5	0.7	0	0.27	0.26	0.52	0.34	0	0.21	0.09	0.26	0.05	0	0.37	0	0.02	0.41	0.43	0.06	0.07	0.35	0.58	0.08	0.24	0.12	0.47	0.82	0.69	0.25
Bradymonadaceae	0	0.04	0	0	0	0	0	0	0	0	0	0	0	0	0	0	0	0	0	0	0	0	0.21	0	0	0	0	0	0	0	0	0	0	0	0	0	0	0	0	0	0	0	0	0	0	0	0	0	0	0	0	0	0	0	0	0	0.33	0	0	0	0.01	0	0	0.19	0	0	0	0	0	0	0	0	0	0	0	0	0	0	0	0	0
Akkermansiaceae	0.24	0.26	0.15	0.09	0.08	0.1	0.19	0.32	0.01	0	0.06	0.48	4.98	1.35	0.16	1.18	0	0.3	0	0	0.06	0.03	0.38	0	0	0	0	0	0	0	0	0	0	0.42	0	0	0	0	0.05	0	0	0	0	0	0.1	2.2	0	0	0	0.37	0.52	0.18	0.02	0.56	0	0.18	2.66	0.41	0.2	0	0.24	0.73	0	0.3	0.11	0.49	0.12	0	0.01	0.05	0	0.07	0.12	0.04	0.14	0.42	0.03	0.08	0.05	0.03	0.25
CANJXF01	0	0.12	0	0	0	0.08	0.09	0	0.01	0	0	0	0	0.03	0.04	0	0.07	0	0	0	0	0	0	0	0.01	0	0	0	0	0	0	0	0	0.09	0	0	0	0	0.02	0.04	0.04	0	0	0	0.15	0.26	0.07	0	0	0.05	0.12	0	0.1	0.09	0	0	0	0.09	0.39	0	0	0.02	0	0	0	0.2	0	0	0	0.04	0	0.05	0	0.04	0	0.06	0.1	0.13	0.02	0.1	0
Opitutaceae	0.02	0.17	0.22	0	0	0	0	0	0.01	0	0	0.38	0.1	0.39	0.26	0.38	0	0	0	0	0	0.01	0	0	0.03	0	0	0	0.05	0	0.3	0	0.05	0.42	0	0	0.04	0	0	0	0.13	0.53	0	0.03	0.66	0.51	0	0	0	0.24	0.62	0.19	0.16	1.93	0.75	0.23	0.03	0.36	0.05	0	0.68	0.13	0.28	0.03	0	0.47	0	0	0	0.9	0.22	1.57	1.73	1.6	0.05	1.04	0.05	0.82	0.95	1.86	0.38
T3Sed10-336	0	0.1	0	0	0	0	0	0	0	0	0	0	0	0	0	0	0	0	0	0	0	0	0	0	0	0	0	0	0	0	0	0	0	0	0	0	0	0	0	0	0	0	0	0	0	0	0	0	0	0	0	0	0	0	0	0	0	0	0	0	0	0	0	0	0	0	0	0	0	0	0	0	0	0	0	0	0	0	0	0	0
Terrimicrobiaceae	0	0.09	0	0	0	0	0	0	0	0	0	0.09	0.04	0	0	0.13	0	0.08	0	0	0.01	0	0	0	0	0	0	0	0	0	0	0	0	0	0	0	0	0	0	0.02	0	0	0	0	0.01	0	0	0	0	0	0	0	0	0.24	0	0.08	0	0.02	0	0	0.11	0	0	0	0	0	0	0	0.01	0	0	0.05	0.06	0.05	0.09	0	0	0.08	0.04	0.06	0.02
Abditibacteriaceae	0.26	0.51	0.1	0	0	0.23	0.35	0.15	0.2	0.33	0.22	0.06	0.75	0.51	0.54	0	0.41	4.94	0.97	0.1	1.72	0.36	0.34	0.37	0.22	0.25	0.4	0.37	0.31	0.4	0.26	0.23	0.26	0.18	0.07	0.07	0.34	0.18	0.32	0.22	0.71	0	0.36	0.07	0.21	0.61	0.35	0.63	0.62	0.71	0.34	0.62	0.15	0.71	0	0.51	0.07	0.42	0.86	0	0	0	0	0.02	0	0.17	0.23	1.66	1.08	0	0.5	0.06	0.23	0.13	0.87	0.05	0.1	0.14	0.14	0.12	0.66
Anaerolineaceae	0	0.1	0	0	0	0	0	0	0	0	0	0.71	0	0	0	0.08	0	0	0	0	0	0	0	0	0	0	0	0	0	0	0	0	0	0	0	0	0	0	0	0	0	0	0	0	0	0	0	0	0	0	0	0	0	0	0	0	0	0	0	0	0	0	0	1.03	0.11	0	0	0	0	0	0	0	0	0	0.05	0.15	0	0.17	0	0	0
UBA6265	0.1	0.13	0	0	0	0.08	0.11	0.13	2.37	2.78	1.58	0.07	0.56	0.65	1	0.04	1.38	1.19	2.38	1.8	7.28	1.85	0.36	1.81	1.26	2.18	2.02	2.41	1.7	1.3	1.66	1.35	0.86	0.24	1.8	1.23	1.87	1.52	1.03	1.45	1.01	0	0	0.19	0.4	0.2	0.59	0.37	0.29	0.32	0.65	0	0.52	0	0	0.78	0.03	0.09	0.88	0.16	0.05	0.03	0	0.07	0	0.09	0	1.49	1.94	0	0	0.03	0	0	0.1	0.08	0.04	0.02	0	0	0.03
Tepidiformaceae	0.04	0.03	0.13	0	0	0.19	0.11	0	0.02	0	0.29	0	0	0.08	0.17	0	0	0	0	0	0.09	0.07	0	0	0.05	0	0	0	0.04	0	0	0	0.03	0.19	0	0	0	0	0.03	0	0.03	0	0.18	0.15	0.05	0	0	0	0	0.1	0	0	0.23	0	0	0.02	0	0.15	0.1	0	0.16	0	0.05	0	0	0.19	0	0	0	0.16	0	0	0.1	0.1	0.02	0.2	0.21	0.41	0.03	0.26	0.4
Pirellulaceae	0	0.08	0.52	1.91	1.62	0.09	0	0	0.1	0.05	0.22	0.42	1.44	0.35	0.19	1.68	0.06	0.08	0	0	0.51	0.01	0.07	0.05	0.08	0.03	0.03	0.02	0.04	0	0.12	0	0.1	0.36	0.04	0	0.12	0.07	0.4	0.12	0	0.71	0	0.18	0.22	0.46	0.15	0	0.17	0.29	0.36	0	0.22	0.19	0.06	0.16	0.18	0.31	0.31	0	0.94	3.5	0.15	0.04	0	0.25	0.09	0	0.07	0.32	0	0.05	0.4	0.39	0	0.53	0.08	0.29	0.15	0.73	0
Phycisphaeraceae	0	0.13	0	0	0	0	0	0	0.01	0.02	0	0	0	0.03	0.03	0	0	0	0	0	0	0	0	0	0.01	0	0	0	0	0	0.02	0	0	0.03	0	0	0	0	0.03	0	0	0	0	0.02	0.05	0	0.05	0	0	0.05	0	0	0.09	0	0.03	0.01	0.03	0	0.03	0	0.2	0.16	0.02	0	0	0	0	0	0.01	0.06	0	0	0.06	0.1	0	0.08	0.06	0.23	0.05	0.12	0.05
UBA1924	0	0.03	0.18	0.06	0.12	0	0	0	0.02	0	0	0	0	0.31	0	0.93	0	0	0	0	0	0	0	0	0	0	0	0	0	0	0	0	0	0.03	0	0	0	0	0	0	0	0	0	0	0.02	0	0	0	0	0	0	0	0.06	0.28	0.02	0	0	0	0	0	0.33	0.15	0.25	0	0	0	0	0	0	0.04	0	0	0.19	0.2	0	0.21	0	0.01	0.02	0.2	0
Desulfuromonadaceae	0	0.03	0	0	0	0	0	0	0	0	0	0	0	0	0	0	0	0	0	0	0	0	0	0	0	0	0	0	0	0	0	0	0	0	0	0	0	0	0	0	0	0	0	0	0	0	0	0	0	0	0	0	0	0	0	0	0	0	0	0	0	0	0	0	0	0	0	0	0	0	0	0	0	0	0	0	0	0	0	0	0
Desulfocapsaceae	0	0.03	0	0	0	0	0	0	0	0	0	0.52	0	0	0	0.08	0	0	0	0	0	0	0	0	0	0	0	0	0	0	0	0	0	0	0	0	0	0	0	0	0	0	0	0	0	0	0	0	0	0	0	0	0	0	0	0	0	0	0	0	0	0.07	0	0.07	0	0	0	0	0	0.04	0	0	0	0	0	0	0	0.1	0	0	0
Sphingomonadaceae	0.08	0.04	3.84	0.44	0.42	6.01	6.26	4.01	1.9	1.76	1.86	1.74	7.19	5.71	4.06	5.92	2.35	7.51	6.46	0.66	8.58	2.13	0.42	1.26	0.59	0.66	1.12	2.08	3.59	0.69	1.99	0.86	1.77	4.29	0.52	0.47	0.82	1.27	5.28	1.35	9.56	1.04	1.13	0.58	3.55	20.26	11.53	0.69	7.31	14.08	42.24	0.35	1.99	6.35	0.03	1.75	1.73	9.01	5.8	0.11	1.95	2.72	0.23	0.03	1.17	2.13	0	11.49	2.37	5.12	0.93	1.04	3.81	0.27	0.03	4.69	1.34	0.81	0.34	3.8	0.09
Govaniaceae	0	0.03	0	0	0	0	0	0	0	0	0	0	0	0	0	0	0	0	0	0	0	0	0	0	0	0	0	0	0	0	0	0	0	0	0	0	0	0	0	0	0	0	0	0	0	0	0	0	0	0	0	0	0	0	0	0	0	0	0	0	0	0	0	0	0	0	0	0	0	0	0	0	0	0	0	0	0	0	0	0	0
Rhodobacteraceae	0.1	0.62	0.09	9.88	11.27	0.07	0.13	0.18	0.06	0	0.17	0.89	1.34	0.94	0.59	1.58	0.16	0.4	0.08	0.08	0.45	0.03	1.12	0.07	0.06	0.02	0.03	0.09	0.06	0	0.07	0.03	0.11	0.38	0.22	0.09	0.16	0.13	0.24	0.04	0.05	0.16	0	0.05	0.17	2.93	0	0	0	0.28	0.78	0	0.02	0.39	0.02	0.56	4.03	0.89	0.24	0.12	3.21	2.41	0.05	0.5	0.48	0	0.62	0.05	0.03	0.14	0	0.06	0.05	0.1	0.11	0.48	0	0.2	0.04	0.1	0.06
Rickettsiaceae	0	0.03	0	0	0	0	0	0	0	0	0	0	0	0	0	0	0	0	0	0	0	0	0	0	0	0	0	0	0	0	0	0	0	0	0	0	0	0	0	0	0	0	0	0	0.01	0	0	0	0	0	0	0.06	0	0	0	0	0	0.02	0	0	0.04	0	0	0	0	0	0	0	0	0	0	0	0	0	0	0	0	0.06	0.02	0	0
UBA9215	0	0.65	0	0	0	0	0	0	0	0	0	0	0	0	0	0	0	0	0	0	0	0	0	0	0	0	0	0	0	0	0	0	0	0	0	0	0	0	0	0	0	0	0	0	0	0	0	0	0	0	0	0	0	0	0	0	0	0	0	0	0	0	0	0	0	0	0	0	0	0	0	0	0	0	0	0	0	0	0	0	0
Xanthomonadaceae	1.38	4.79	0.99	0.12	0.2	1.17	2.8	4.77	0.46	0.48	0.75	8.37	10.63	2.06	1.22	2.39	0.6	0.94	0.3	0.04	1.32	1.26	11.17	0.09	0.18	0.05	0.11	0.04	0.24	0.07	0.27	0.13	0.44	4.71	0.08	0.17	0.84	0.33	0.6	0.25	0.38	1.05	1.21	0.45	1.12	7.51	0.82	0	0.32	8.48	0.87	0.22	1.02	3.17	0.03	2.37	1.99	2.67	1.38	5.79	0.85	0.81	0.06	2.64	1.26	0.91	3.06	1.2	0.65	3.53	0.38	1.13	1.57	0.28	2.37	2.51	0.25	1.44	0.81	2.03	1.72
Rhodanobacteraceae	13.74	12.08	0.24	0	0	0.17	1.93	2.15	0.03	0.06	0.13	4.47	0.19	0.36	0.59	0.12	0	0.12	0	0	0.01	0.23	5.05	0	0.02	0	0	0	0	0	0	0	0.03	1.13	0	0	0	0.03	0.14	0.02	0.02	0	1.45	0.15	0.05	0.05	0.12	0	0	0.05	0	5.55	0.2	1.64	0.09	1	2.63	0.8	0.28	4.1	0.59	0.09	0.11	2.9	0.98	0.18	1.09	0.01	0	1.18	2.8	0.1	0.52	0.24	22.63	0.21	0.08	1.19	2.22	0.33	18.1
SZUA-36	0	1.5	0	0.09	0.08	0	0	0	0	0	0	0	0	0	0	0	0	0	0	0	0	0	0.2	0	0	0	0	0	0	0	0	0	0	0	0	0	0	0	0	0	0	0	0	0	0	0	0	0	0	0	0	0	0	0	0	0	0.11	0	0	0	0.62	0.12	0	0.76	0	0	0	0	0	0	0	0	0	0	0	0	0	0.04	0	0	0
Marinicellaceae	0	0.48	0	0.28	0.53	0	0	0	0	0	0	0	0	0	0	0	0	0	0	0	0	0	0	0	0	0	0	0	0	0	0	0	0	0	0	0	0	0	0	0	0	0	0	0	0	0	0	0	0	0	0	0	0	0	0	0	0.05	0	0	0	0.04	0.01	0	0.07	0	0	0	0	0	0	0	0	0	0	0	0	0	0	0	0	0
Burkholderiaceae	7.82	2.82	6.24	0.18	0.08	3.21	4.56	6.12	1.32	0.49	2	8.77	6.33	4.27	2.68	16.44	1.01	2.07	0.49	0.41	4.42	0.88	4.6	0.48	0.85	0.26	0.24	0.54	0.56	0.07	0.59	0.58	0.98	7.05	0.38	0.29	0.89	0.7	1.54	0.7	1.61	4.77	2.76	1.68	2.24	5.01	2.19	0.48	1.21	2.13	3.02	3.27	2.89	11.09	0.39	3.06	11.9	8.67	3.65	2.29	0.93	4.21	2.2	3.12	29.45	6.45	6.38	0.24	1.63	6.22	2.74	8.46	5.03	2.94	3.08	6.77	4.82	3.57	2.87	4.13	8.45
Nitrosomonadaceae	3.02	0.51	0	0.08	0.12	0.22	1.52	3.01	0.01	0	0.1	0.14	0.04	0	0.05	0.15	0	0	0	0	0.24	0	0.38	0	0	0	0	0	0	0	0	0	0	0.6	0	0	0	0	0	0	0.04	0.49	0.79	0.03	0.01	0.17	0	0	0	0.1	0.07	0	0	0.17	0	0	0.17	0.03	0.41	0	0.17	0.54	0.02	0.11	0	0	0.18	0	0	0.07	0.06	0.1	0.13	0.31	0.1	0.15	0.03	0.22	0.19	0.28	1.24
Thiobacillaceae	0	0.91	0	0	0	0	0	0	0.01	0	0	2.33	0	0	0	0.05	0	0	0	0	0	0.01	0.01	0	0	0	0	0	0	0	0	0	0	0	0	0	0	0	0	0	0	0	0	0	0.01	0	0	0	0	0	0	0	0	0	0.02	0	0	0.2	0	0	0	0.03	0.04	1.45	0	0	0.06	0	0	0.16	0	0	0	0.05	0.19	0.06	0	0.14	0	0.02	0.02
Rhodocyclaceae	0.05	0.13	0.16	0	0	0.07	0.09	0.06	0.01	0	0	0.4	0.03	0.03	0.05	3.01	0	0	0	0	0.01	0	0.02	0	0	0	0	0	0	0	0	0	0	0.19	0	0	0	0	0	0	0	0	0	0.06	0.03	0	0	0	0	0	0	0	0.06	0.13	0.04	0.02	0.02	0.14	0.02	0	0.03	0.31	0.19	0.07	0.35	0.11	0	0	0.03	0.45	0	0.96	0.22	0.16	0.03	0.55	0.56	0.38	0.26	0.24	0.12
Methylophilaceae	0	0.04	0	0	0	0	0	0	0	0	0	0.14	0	0	0	0.14	0	0	0	0	0	0	0	0	0	0	0	0	0	0	0	0	0	0	0	0	0	0	0	0	0	0.62	0	0.03	0	0	0	0	0	0	0	0	0	0.11	0	0	0.04	0.38	0	0	0.09	0.04	0.07	0	0.54	0	0	0	0	0.04	0	0.04	0.14	0	0	0.19	0.22	0.13	0.05	0.09	0.81
Pseudomonadaceae	0.02	0.43	0	0.06	0.05	0	0	0	0	0	0	0.06	0	0	0	0	0	0	0	0	0	0	0.9	0	0	0	0	0	0	0	0	0	0	0.03	0	0	0	0	0	0	0	0	0	0.05	0	0.13	0	0	0	0	0	0.06	0.02	0.81	0	0	0.03	0.01	0.01	0.04	0.24	0.21	0.02	1.41	10.4	0	1.97	0	0	0.18	0	0.02	0.23	0	0.09	0.06	0.08	0.03	0.1	0.12	0
Oleiphilaceae	0	0.19	0	0.32	1.01	0	0	0	0	0	0	0	0	0	0	0	0	0	0	0	0	0	0	0	0	0	0	0	0	0	0	0	0	0	0	0	0	0	0	0	0	0	0	0	0	0.7	0	0	0	0	0	0	0	0	0	0	0.23	0	0	0	0.04	0.26	0	0.43	0	0	0.33	0	0	0	0	0	0	0	0.05	0	0	0	0	0	0
DSM-21967	0	0.02	0	0	0	0	0	0	0	0	0	0	0	0	0	0	0	0	0	0	0	0	0	0	0	0	0	0	0	0	0	0	0	0	0	0	0	0	0	0	0	0	0	0	0	0	0	0	0	0	0	0	0	0	0	0	0	0	0	0	0.33	0.08	0	0	0	0	0	0	0	0	0	0	0	0	0	0	0	0	0	0	0
Moraxellaceae	0.32	0.04	0	0	0	0	0	0	0	0	0	0.03	0	0.31	0	0	0	0	0	0	0	0	0.51	0	0	0	0	0	0	0	0	0	0	0	0	0	0	0	0	0	0	0	0	0.03	0	0	0	0	0	0	0	0.22	0	0	0	0	0.47	0	0	1.07	0.02	0.9	0	0.59	8.56	0	13.9	0	0	0	0	0	0	0.17	0.08	0.59	0	0	0	0	0.05
Nevskiaceae	0.99	0.37	0	0.37	0.13	0	0	0	0	0	0	0	0	0	0	0	0	0	0	0	0	0	0.02	0	0	0	0	0	0	0	0	0	0	0	0	0	0	0	0	0	0	0.84	0	0.04	0	0	0	0	0	0	0	0	0.11	0	0.01	0	0	0.03	0	0	0.01	0.52	0	0	0	0	0	0	0	0.16	0	1.74	0	0	0.09	0.81	0	0.45	0.15	0.28	1.3
GCA-2729495	0	0.06	0	0.38	0.21	0	0	0	0	0	0	0	0	0.14	0	0.09	0	0	0	0	0	0	0	0	0	0	0	0	0	0	0	0	0	0.14	0	0	0	0	0	0	0	0	0	0.03	0	0	0	0	0	0	0	0	0.04	0.05	0	0.02	0	0	0	0	0.06	0.21	0.07	0.02	0	0	0	0	0	0	0	0	0.07	0.18	0	0.08	0	0.07	0.02	0.26	0.03
Methylophagaceae	0.03	0.08	0	0	0	0	0	0	0	0	0	0	0	0	0	0	0	0	0	0	0	0	0.02	0	0	0	0	0	0	0	0	0	0	0	0	0	0	0	0	0	0	0	0	0	0	0	0	0	0	0	0	0	0	0	0	0	0.25	0	0	0	0	0.01	0	0.02	0	0	0.14	0	0	0	0	0	0	0	0	0	0	0	0	0	0
Tissierellaceae	0	0.64	0	0	0	0	0	0	0	0	0	0	0	0	0	0	0	0	0	0	0	0	1.43	0	0	0	0	0	0	0	0	0	0	0	0	0	0	0	0	0	0	0	0	0.04	0	0	0	0	0	0	0	0	0	0	0	0	0	0	0	0.2	0	0	0	2.12	0.63	0	2.2	0	0	0	0	0	0	0	0.52	0	0	0	0	0	0
Gottschalkiaceae	0	0.02	0	0	0	0	0	0	0	0	0	0	0	0	0	0	0	0	0	0	0	0	0	0	0	0	0	0	0	0	0	0	0	0	0	0	0	0	0	0	0	0	0	0	0	0	0	0	0	0	0	0	0	0	0	0	0	0	0	0	0	0	0	0.28	0	0	0.31	0	0	0	0	0	0	0	0	0	0	0	0	0	0
Peptoniphilaceae	0	0.04	0	0	0	0	0	0	0	0	0	0	0	0	0	0	0	0	0	0	0	0	0.24	0	0	0	0	0	0	0	0	0	0	0	0	0	0	0	0	0	0	0	0	0	0	0	0	0	0	0	0	0	0	0	0	0	0	0	0	0	0	0	0	0.1	0	0	0.34	0	0	0	0	0	0	0	0.02	0	0	0	0	0	0
Tepidimicrobiaceae	0	0.05	0	0	0	0	0	0	0	0	0	0	0	0	0	0	0	0	0	0	0	0	0.15	0	0	0	0	0	0	0	0	0	0	0	0	0	0	0	0	0	0	0	0	0	0	0	0	0	0	0	0	0	0	0	0	0	0	0	0	0	0	0	0	0.13	0	0	0.27	0	0	0	0	0	0	0	0	0	0	0	0	0	0
Aristaeellaceae	0	0.13	0	0	0	0	0	0	0	0	0	0.05	0	0	0	0.04	0	0	0	0	0	0	0.02	0	0	0	0	0	0	0	0	0	0	0	0	0	0	0	0	0	0	0	0	0	0	0	0	0	0	0	0	0	0	0	0	0	0	0	0	0	0	0	0	1.71	0.33	0	0.07	0	0	0	0	0	0	0	0.18	0.04	0	0	0	0	0
Eubacteriaceae	0	0.05	0	0	0	0	0	0	0	0	0	0	0	0	0	0.03	0	0	0	0	0	0	0	0	0	0	0	0	0	0	0	0	0	0	0	0	0	0	0	0	0	0	0	0	0	0	0	0	0	0	0	0	0	0	0	0	0	0	0	0	0	0	0	0.32	0	0	0	0	0	0	0	0	0	0	0	0	0	0	0	0	0
Erysipelotrichaceae	0	0.34	0	0	0	0	0	0	0	0	0	0	0	0	0	0	0	0	0	0	0	0	0.34	0	0	0	0	0	0	0	0	0	0	0	0	0	0	0	0	0	0	0	0	0	0	0	0	0	0	0	0	0	0	0	0	0	0	0	0	0	0	0	0	0.87	0.12	0	2.01	0	0	0	0	0	0	0	0.05	0	0	0	0	0	0
Amphibacillaceae	0.04	0.02	0	0	0	0	0	0	0	0	0	0	0	0	0	0	0	0	0	0	0	0	1.26	0	0	0	0	0	0	0	0	0	0	0	0	0	0	0	0	0	0	0	0	0	0	0	0	0	0	0	0	0	0	0	0	0	0	0	0	0.09	0	0	0	0.17	0	0	0.44	0	0	0	0	0	0	0	0	0	0	0	0	0	0
Trueperaceae	0	2.82	0	0.06	0	0	0	0	0.01	0	0	0.03	0	0	0	0	0.1	0.03	0.13	0.25	0.08	0.01	0.12	0.16	0.01	0	0.02	0.19	0.14	0	0	0	0.03	0	0.16	0	0.31	0.16	0.02	0.03	0	0	0	0	0	0	0	0	0	0	0	0	0	0	0	0.29	0	0	0.19	0	0	0.15	0	0.36	0	0	0	0.02	0.04	0	0	0	0	0	0	0	0	0	0	0	0
Gemmatimonadaceae	2.11	0.83	5.67	0	0	4.34	5.11	2.75	1.24	0.75	3.93	1.71	1.68	1.94	3.41	3.74	0.69	1.6	0.33	0.26	7.83	5.01	0.76	0.61	1.5	0.49	0.71	0.22	1.31	0.53	1.93	0.6	2.03	2.96	0.53	0.8	1.2	1.06	2.67	1.15	1.87	2.29	4.69	4.43	4.48	0.87	2.07	3.02	5.04	6.76	1.1	1.36	4.95	3.24	1.05	0.49	0.36	3.2	3.38	1	0.57	1.19	0.91	0.3	0	5.43	0.32	1.13	1.05	7.98	5.16	1.73	3.34	3.69	4.25	2.59	7.01	9.3	5.96	4.23	8.45
GWC2-71-9	0.02	0.06	2.14	0.09	0	0.76	0.62	0.19	0.86	0.16	1.95	0.24	0	0.71	1.46	0.19	0.04	0	0	0.35	0	0.09	0	0.57	0.59	0.57	0.47	0.16	0.21	0.19	0.21	0.63	0.7	1.54	0.15	0.2	0	0.36	0.96	0.26	0.27	0	1.16	2.34	0.58	0	1.08	0.48	0.93	0.67	0.15	0.34	2.35	0.71	0.04	0.1	0.09	0.19	2.08	0	0.54	0.29	1.19	0	0	1.57	0	0	0.02	1.64	0.23	0.12	0.61	1.02	0.05	1.88	0.26	3.9	0.74	1.46	0.94
Longimicrobiaceae	0	0.03	0	0	0	0	0	0	0	0	0	0	0	0	0	0	0.1	0	0.06	0.08	0.03	0	0	0.16	0.01	0.05	0.02	0	0.1	0	0.02	0	0.05	0	0.47	0.03	0.42	0.23	0.03	0.03	0.03	0	0	0	0.07	3.5	0	0	0	0.07	7.22	0	0	0	0	0	0	0	0	0.22	0.28	0	0	0	0	0	0	0.06	0	0	0	0	0	0	0	0	0	0	0	0	0
Sumerlaeaceae	0	0.06	0	0	0	0	0	0	0.02	0	0	0.04	0.06	0	0	0	0	0	0	0	0.05	0.01	0.05	0	0	0	0	0.02	0	0	0.03	0	0.03	0	0	0	0	0	0.03	0	0	0	0	0	0.05	0.2	0	0	0	0.39	0.56	0	0	0.04	0	0	0	0	0.13	0	0	0	0	0.09	0	0	0	0.03	0.05	0	0	0	0	0	0.02	0	0	0	0	0	0
JAGRMV01	0	0.02	0	0	0	0	0	0	0	0	0	0	0	0	0	0	0	0	0	0	0	0	0	0	0	0	0	0	0	0	0	0	0	0	0	0	0	0	0	0	0	0	0	0	0	0	0	0	0	0	0	0	0	0	0	0	0	0	0	0	0	0	0	0.04	0	0	0	0	0	0	0	0	0	0	0	0	0	0	0	0	0
Hymenobacteraceae	0.12	0	0.33	0	0	0.55	0.68	0.86	0.01	0	0	0.25	0.58	0.35	0.13	0.14	0.31	0.57	0.17	0.05	0.08	0	0.26	0.1	0.02	0.01	0.03	0.04	0.08	0	0	0	0.03	0.18	0	0	0.08	0	0	0.02	0.18	0	0	0	0.04	0.87	0.05	0	0.22	0	0.25	0.14	0.04	0	0	0.4	0.46	0.92	1.22	0	0.05	0.28	0.01	0.02	0	0	1.89	0.04	0.22	0.04	1.18	0.13	0.06	0	0.02	0.12	0	0.02	0	0	0
2013-40CM-41-45	0	0	0.1	0	0	0	0	0	0	0	0	0	0	0.22	0.08	0	0	0	0	0	0	0	0	0	0	0	0	0	0	0	0	0	0	0.09	0	0	0	0	0	0	0	0	0	0.02	0	0	0	0	0	0	0.07	0	0.07	0.06	0.03	0	0	0.08	0	0	0	0.1	0.15	0	0	0	0	0	0	0.2	0	0.15	0.26	0.21	0	0.13	0	0.07	0.04	0.16	0.02
Fen-336	0	0	1.14	0	0	0.07	0	0	0.17	0	0.43	0	0	0.05	0.37	0	0	0	0	0	0	0.05	0	0.01	0.1	0	0	0	0	0	0	0	0.08	0.07	0	0	0	0	0.27	0.06	0.05	0	0	0.39	0.12	0	0.13	0	0.31	0	0	0	0.51	0.04	0.3	0	0	0	0.01	0	0.2	0.02	0.62	0	0	0	0	0	0	0.05	0	0	0.38	0	0	0.04	0.06	0.02	0	0.46	0
JAGNNV01	0	0	0.08	0	0	0.11	0	0	0	0	0	0	0	0	0	0	0	0	0	0	0	0	0	0	0	0	0	0	0	0	0	0	0	0.07	0	0	0	0	0	0	0	0	0	0	0	0	0	0	0	0	0	0	0.03	0.11	0	0	0	0.16	0	0	0.19	0.03	0.01	0	0	0	0	0	0	0.11	0	0	0.12	0	0	0.23	0	0.04	0	0.14	0
2-12-FULL-66-21	0	0	0.83	0	0	0.43	0.39	0.13	0.69	0.79	1.2	0	0.03	0.38	0.89	0	0.4	0.3	0.04	0.43	0.03	0.89	0	0.57	0.86	0.38	0.4	0.17	0.72	0.41	0.81	0.53	0.92	0.26	0.66	0.49	0.65	0.87	1.22	0.82	0.38	0.2	0	0.6	4.05	0.28	4.1	0.31	2.01	2.68	2.04	0	1.28	0.69	0.02	0.02	0	0.08	0.75	0	0.12	0.02	0.08	0	0	1.73	0	0.07	0.4	0.67	0.04	0.07	0.71	0.04	0	0.19	0.59	0.33	0.1	0.74	0
UBA2999	0	0	2.84	0	0	1.47	0.96	0.15	0.81	0.53	1.54	0.08	0.13	1.3	1.49	0	0.3	0.61	0.14	0.34	0.77	1.03	0	0.33	0.56	0.35	0.27	0.31	0.42	0.28	0.33	0.28	0.44	0.98	0.43	0.19	0.55	0.32	1.15	0.63	0.46	1.58	0.71	1.73	1.91	0.55	1.31	0.31	0.93	1.28	0.84	0	1.78	1.55	0.8	0.17	0	0.67	0.67	0	1.02	0.29	3.46	0	0	2.71	0	0.07	0.57	2.09	0.22	0.22	2.31	1.62	0	0.85	1.23	1.14	0.99	2.61	0
SCN-69-37	0	0	0.19	0	0	0.24	0	0	0.05	0	0.11	0	0	0.16	0.11	0	0	0	0	0	0.01	0.04	0	0.02	0.06	0	0	0	0.05	0	0.07	0	0.05	0.31	0	0	0	0	0.11	0.08	0.05	0	0	0.2	0.18	0	0.07	0	0	0.39	0.21	0	0.37	0.44	0.22	0	0	0.18	0.06	0	1.97	0.07	0.62	0	0	0.4	0	0	0.01	0.31	0.05	0.05	0.19	0.13	0	0.17	0.04	0.07	0.18	0.43	0
Pyrinomonadaceae	0	0	4.9	0	0.07	4.53	3.98	2.5	9.82	3.87	9.89	0.26	2.8	10.25	5.55	0.19	9.65	12.72	12.38	1.56	4.49	1.89	0.02	5.76	6.85	5.42	8.57	8.35	4.39	4.43	3.3	5.29	7.14	3.19	1.16	1.3	4.42	2.64	4.18	6.17	0.45	0.96	0.68	4.17	6.26	0.77	7.32	10.59	9.3	4.68	0.89	0	7.18	6.88	0	4.23	0.32	2.2	9.34	0	0.48	4.24	3.52	0	0	11.56	0	8.27	18.48	4.82	0.17	0.42	3.07	2.6	0	2.99	17.07	0.99	1.38	5.17	0.11
RBC074	0	0	0.1	0	0	0.08	0.07	0	0.04	0	0.21	0	0	0.32	0.24	0	0	0	0	0	0	0	0	0	0	0	0	0	0	0	0	0	0	0.11	0	0	0	0	0	0	0	0	0	0.08	0	0	0	0	0	0	0	0	0.3	0.63	0	0	0	0.23	0	0	0	0	0.02	0	0	0.15	0	0	0	0.16	0	0	0.09	0	0	0.12	0	0	0	0.2	0
UBA5066	0	0	0.09	0	0	0	0	0	0	0	0	0	0	0	0	0.14	0	0	0	0	0	0	0	0	0	0	0	0	0	0	0	0	0	0.43	0	0	0	0	0	0	0	0	0	0.05	0	0	0	0	0	0	0	0	0.02	0.15	0.03	0	0	0.12	0	0	0	0	0.13	0.05	0	0	0	0	0	0.37	0	0	0.42	0.52	0	0.53	0	0.15	0.03	0.24	0
Gp7-AA6	0	0	0.57	0	0	0.38	0.17	0	0	0	0.06	0	0	0	0.27	0	0	0	0	0	0	0	0	0	0.23	0	0	0	0	0	0	0	0.15	0.39	0	0	0	0	0	0.05	0	0	0.45	2.55	1.85	0	0	0.23	0	0	0	0	1.62	0.21	0.2	0	0	0	0	0	0	0	0.32	0	0	0.88	0	0	0	0.61	0	0	0.33	0.96	0	0.04	0.49	0.84	1.17	0.63	0.06
Gp7-AA8	0	0	0.9	0	0	0.56	0.82	0.14	0.27	0.03	1.03	0	0.03	0.29	0.56	0	0.05	0.05	0	0	0.05	1.21	0	0.05	0.16	0.03	0.04	0	0.08	0.02	0.28	0.02	0.22	0.17	0	0	0.04	0.06	0.64	0.21	0.18	0	4.21	0.89	0.53	0	0.09	0.21	1.05	0.33	0	0	1.06	0	0.07	0	0	0.3	0.09	0	0.02	0	0.16	0	0	0.2	0	0.15	0.03	0.69	0.07	0.08	0.79	0.38	0	0.24	0.43	0.27	0.52	0.79	0
UBA5704	0	0	0.28	0.11	0	0.07	0	0	0	0	0	0	0	0	0	0	0	0	0	0	0	0	0	0	0	0	0	0	0	0	0	0	0	0.22	0	0	0	0	0	0	0	0	0	0.03	0.01	0	0	0	0	0	0	0	0.08	0.38	0.2	0	0	0	0	0	1.35	0.91	0.13	0	0	0	0	0	0	0	0	0	0.07	0	0	0.1	0	0.05	0.03	0.54	0
Bryobacteraceae	0.04	0	1.28	0	0	0.64	0.64	0.1	0.27	0.07	0.58	0.05	0.55	0.89	0.41	0.44	0	0.09	0.03	0	0	0.35	0	0.05	0.15	0.01	0.05	0.1	0.07	0.06	0.05	0.06	0.14	0.47	0	0.04	0	0.03	0.12	0.14	0.03	1.14	3.69	0.41	0.18	0.09	0.55	0.94	0.29	0.29	0	4.04	0.5	1.62	7.71	0.44	0	0.4	0.21	0.14	0.14	0.09	3.08	0	0	0.43	0	0.01	0.53	1.93	2.48	0.23	1.91	2.64	0.08	0.55	0.59	1.03	2.07	0.97	0.14
UBA7541	0	0	0.11	0	0	0	0	0	0	0	0	0	0	0	0	0	0	0	0	0	0	0	0	0	0	0	0	0	0	0	0	0	0	0	0	0	0	0	0	0	0	0	0.72	0.02	0	0	0	0	0	0	0	0.98	0	0	4.91	0	0	0	0	2.22	0.03	0	2.63	0	0	0	0	0	0	0.25	1.67	0	0.17	1.58	0	0	0	0.54	3.07	0.1	0.23
SG8-39	0.02	0	0.93	0	0	0.19	0	0	0.05	0	0.09	0	0	0.04	0.09	0	0	0	0	0	0	0.02	0	0	0.03	0	0	0	0	0	0	0	0.03	0.15	0	0	0	0	0.03	0	0	1.16	0	0.47	0.03	0	0	0	0	0	0	0	0.37	0.12	0.02	0.01	0	0.23	0	0	0.94	0.2	1.95	0	0	0	0	0	0.07	0.54	0	0.16	0.42	0.47	0	0.6	0.78	2.98	0.12	1.81	0.2
Usitatibacteraceae	0	0	0.85	0	0	0.22	0.2	0	0	0	0.27	0.02	0	0	0.07	0.16	0	0	0	0	0	0.03	0	0	0	0	0	0	0	0	0	0	0	0.32	0	0	0	0	0.07	0	0	0.43	0	0.43	0	0	0	0	0	0	0	0	0.33	0.17	0	0	0	0.47	0	0	0.02	0.07	0.27	0	0	0	0	0	0	0.49	0	1.36	0.61	0.06	0	0.7	0.46	0.1	0.09	0.59	0.06
Casimicrobiaceae	0.09	0	1.39	0	0	1.3	0.94	0.18	0.47	0.2	0.81	1.02	0	0.38	0.73	0.3	0	0.15	0	0.03	0.01	0.34	0.02	0.22	0.56	0	0	0.08	0.26	0.14	0.37	0.23	0.48	1.63	0	0.12	0.05	0.24	0.46	0.49	0.18	0.38	2.43	2.13	0.51	0	1.26	0.3	0.14	0.46	0	0.05	1.85	1.53	0.88	0.49	0.02	2.11	0.64	0.35	0.12	0.07	2.75	0	0	1.11	0	0	0.52	2.46	0.43	0.43	1.64	2.9	0.04	1.34	1.23	1.4	1.97	1.74	1.11
SG8-41	0.02	0	0.29	0	0	0.13	0.09	0	0.16	0.05	0.22	0	0	0.33	0.24	0.03	0	0.13	0.02	0	0.19	0.21	0	0.03	0.07	0.03	0.02	0.03	0.02	0	0.04	0.04	0.08	0.26	0	0.02	0.05	0.05	0.15	0.07	0.03	0.45	0.21	0.3	0.18	0	0.15	0	0.11	0.04	0.05	0	0.37	0.45	0.04	0.06	0	0.11	0.12	0	0.73	0.44	0.34	0	0	0.21	0	0	0.1	0.32	0	0.06	0.37	0.34	0	0.33	0.47	0.56	0.23	0.66	0.08
JACQAP01	0	0	0.22	0	0	0	0	0	0	0	0	0	0	0	0	0	0	0	0	0	0	0	0	0	0	0	0	0	0	0	0	0	0	0.05	0	0	0	0	0	0	0	0.47	0	0.07	0	0	0	0	0	0	0	0	0	0	0	0	0	0.04	0	0	0	0	0.07	0	0	0	0	0	0	0.07	0	0.1	0.2	0.06	0	0.04	0.03	0.24	0	0.19	0
Steroidobacteraceae	0	0	0.28	0	0.07	0.1	0	0	0.01	0	0	0.07	0	0.15	0	0.15	0	0	0	0	0	0	0	0	0	0	0	0	0	0	0	0	0	0.22	0	0	0	0	0	0	0	0	0.43	0.1	0.01	0	0	0	0	0	0	4.65	0.06	0.35	3.92	0	0.02	0.05	0	0.45	0.65	0.09	3.62	0	0	0	0	0	0	0.25	0.33	0.04	0.24	1.37	0.03	0.38	0.08	0.81	1.41	0.28	0.21
Xanthobacteraceae	0.15	0	1.04	0	0	0.69	0.54	0.63	0.22	0.1	0.41	0.42	0	0.49	0.33	0	0.03	0.11	0.06	0.04	0.08	0.12	0.01	0.09	0.07	0.04	0.04	0.07	0.09	0.07	0.06	0.06	0.07	0.57	0	0.05	0	0.07	0.22	0.11	0.14	2.03	2.78	0.52	0.21	0	0.27	0.13	0.19	0.2	0.24	1.65	0.46	1.74	5.69	0.19	0	0.64	0.51	0.07	1.14	0.16	5.95	0	0	0.23	0	0.08	0.1	0.93	1.36	1.15	2.54	2.86	0	0.78	1.13	0.62	2.68	1.73	0.26
Aestuariivirgaceae	0	0	0.25	0	0.06	0.29	0	0	0.25	0	0.35	0	0	0.13	0.25	0	0	0	0	0	0.01	0.04	0	0	0.04	0	0	0	0	0	0	0	0.02	0.36	0	0	0	0	0.27	0.04	0.03	0.8	0.7	0.13	0.09	0.11	0.13	0	0.11	0.23	0	0	0.18	0.46	0.04	0	0	0.5	0	0	0.32	0.27	0.38	0	0	0.23	0	0	0	0.07	0	0.05	0.58	0.15	0	0.62	0.05	0.05	0.14	0.56	0
Kaistiaceae	0	0	0.11	0	0	0	0	0	0.02	0	0	0	0	0.03	0	0	0	0	0	0	0	0	0	0	0.01	0	0	0	0	0	0	0	0	0	0	0	0	0	0	0	0	0	0	0.03	0.01	0	0	0	0	0	0	0	0	0.08	0.07	0.03	0	0	0	0	0.29	0.02	0.14	0	0	0	0	0	0	0.05	0	0	0.27	0.24	0	0.04	0	0.26	0.12	0.36	0
Devosiaceae	0	0	0.1	0	0	0	0.09	0	0	0	0.07	0.26	0.05	0.2	0.11	0.2	0	0	0	0	0.01	0.02	0.09	0	0	0	0	0	0	0	0	0	0	0.09	0	0	0	0	0.02	0	0.05	0	0.2	0	0.04	0	0	0	0	0	0	0.14	0.04	0.66	0	0	0.03	0.3	0.02	0	0.94	0.08	0.02	0	0.06	0	0	0	0.04	0.21	0	0.24	0.55	0.24	0	0.2	0	0.08	0.24	0.48	0.16
Rhizobiaceae	0	0	0.08	0.13	0.08	0	0	0.07	0.06	0.05	0	0.14	0.12	0.3	0.24	0.09	0.08	0.21	0.15	0.03	0.22	0.04	0.05	0.03	0.03	0.02	0.02	0.07	0.04	0.03	0.07	0.05	0.05	0.12	0.06	0.05	0.03	0.03	0.04	0.02	0.11	0	0	0.05	0.08	0.09	0	0	0.09	0.11	0.25	0.07	0.06	0.4	0.05	0.45	0.17	0.06	0.1	0.19	0.9	0.32	0.05	0	0	0.09	0	0.11	0.16	0.05	0.03	0.2	0.45	0.1	0	0.2	0.03	0.05	0.11	0.28	0.04
Hyphomicrobiaceae	0	0	0.09	0	0	0	0	0	0	0	0	0	0	0.14	0.06	0	0	0	0	0	0	0	0	0	0.01	0	0	0	0	0	0	0	0	0.11	0	0	0	0	0.06	0	0	0	0	0.14	0.07	0	0	0	0	0	0	0	0.08	0.17	0.31	0	0	0.23	0	0	0.62	0.15	1.06	0	0	0	0	0	0	0.05	0	0.03	0.27	0.13	0	0.28	0.04	0.04	0.07	0.25	0
Acetobacteraceae	0.31	0	0.22	0	0.06	0.08	0.13	0.2	0.08	0	0.19	0.22	0.95	0.5	0.38	1.28	0.03	0.12	0.03	0.06	0.2	0.07	0.06	0.06	0.02	0.02	0.03	0.1	0	0	0	0	0	0.16	0	0	0	0	0.09	0.02	0.03	0.27	0.48	0.05	0.07	0.32	0.1	0.22	0	0.07	0.07	4.19	0.17	0.44	1.49	0.35	0.09	0.57	0.16	1.09	0.05	0.05	0.23	0	0	0.09	0	0.03	0.66	0.3	1.17	0.36	0.24	0.52	0.36	0.18	0.14	0.29	0.59	0.13	0.28
Caulobacteraceae	0.02	0	0.32	0	0.05	0	0.12	0.16	0.17	0.07	0.11	1.15	4.93	1.2	0.64	1.36	0.07	0.28	0.19	0.09	3.07	0.09	0	0.06	0.06	0.07	0.07	0.12	0.06	0	0.08	0.1	0.07	0.31	0	0	0	0.03	0.41	0.03	0.02	0.3	0.28	0.03	0.38	0.05	0.13	0	0.36	0	0.55	3.59	0.08	0.92	0.86	0.08	0	0.66	0.11	0.13	0.39	0.57	0.34	0	0.08	0	0	0.01	0.09	0.42	0.96	0.42	0.88	0.5	0.26	0.52	0.18	0.16	0.9	0.33	0.16
Reyranellaceae	0	0	0.21	0	0	0	0	0	0.05	0	0.09	0	0	0.06	0.06	0	0	0	0	0	0	0.02	0	0	0	0	0	0	0	0	0	0	0	0.1	0	0	0	0	0.07	0.02	0	0	0	0.13	0.01	0	0.15	0	0	0	0	0.04	0.03	0.26	0.27	0	0	0.15	0.02	0	0.1	0.01	0.34	0	0	0.19	0	0	0.02	0.26	0.04	0.29	0.21	0.38	0	0.19	0.25	0.06	0.31	0.37	0
Micropepsaceae	0	0	0.23	0	0	0	0	0	0	0	0	0.07	0	0.13	0.03	0	0	0	0	0	0	0	0	0	0	0	0	0	0	0	0	0	0	0.19	0	0	0	0	0	0	0	0.7	0.69	0.03	0	0	0	0	0	0	0	1.02	0	0.87	0.96	0	0	0.11	0	0.1	0.15	0.01	0.81	0	0	0	0	0	0	0.35	0.35	0.17	0.72	1.67	0.11	0.11	0.03	0.67	2.13	0.58	0.6
CSP1-4	0.72	0	3	0.07	0	3.93	3.22	0.63	2.3	3.29	2.82	0.64	0.14	1.04	2.52	0.07	0.82	1.24	2.25	1.91	2.06	2.34	0	1.74	1.41	1.65	1.88	2.97	1.84	2.5	2.32	2.66	2.25	3.91	2.78	2.62	2.5	1.86	2.04	3.5	2.52	1.18	1.94	4.07	1.47	0	1.61	2.51	0.85	1.57	0.53	0	1.73	0.16	0.09	1.21	0	2.42	4.13	0	0.78	0.42	1.21	0	0	2.06	0	0.58	1.65	2.86	0.27	0.44	3.03	2.9	0.06	2.2	1.72	4.86	0.98	2.4	0.22
QHBO01	0	0	1.52	0	0	1.16	0.21	0	1.65	4.21	0.89	0	0.07	0.3	1.06	0	0.45	0.57	0.4	0.6	0.87	1.45	0	1.39	1.3	0.44	0.55	0.85	2.53	1.36	3.29	1.44	2.56	0.75	0.61	1.66	1.16	1.59	0.93	1.95	3.45	0	0.47	1.96	1.69	0.06	0.44	0.28	0.29	0.95	0.66	0	1.42	0	0	2.15	0	0	0.8	0	0.15	0	0.08	0	0	0.92	0	0.27	0.37	0.7	0	0.06	0.5	1.18	0	0.66	2.04	0.87	0.23	1.24	0
P2-11E	0	0	1.23	0	0	1.5	0.51	0	0.51	1.81	1.34	0	0	0	2.06	0	0	0.04	0	0.15	0	0.92	0	0.67	1.02	0.02	0.43	0.05	0.69	0.9	0.94	0.45	1.23	0.08	0	0.47	0.09	0.27	0.59	2.35	0.5	1.46	0.18	2.85	2.3	0	2.15	0.78	0	0.72	0	0	1.6	0	0	0	0	0.09	0	0	0	0	0.06	0	0	0.15	0	0	0.04	0.54	0.1	0.71	0.51	0.32	0	0.23	5.25	2.22	0.45	0.96	0
UBA6663	0	0	0.1	0	0	0	0	0	0	0	0	0	0	0	0	0	0	0	0	0	0	0	0	0	0	0	0	0	0	0	0	0	0	0.06	0	0	0	0	0	0	0	0	0	0.05	0.02	0	0	0	0	0	0	0	0	0	0.02	0	0	0	0	0	0.02	0	0.27	0	0	0.09	0	0	0	0.09	0	0	0.05	0	0	0.04	0.03	0.15	0.02	0.28	0
JACRBR01	0	0	0.1	0	0	0	0	0	0	0	0	0	0	0.13	0	0	0	0	0	0	0	0	0	0	0	0	0	0	0	0	0	0	0	0.06	0	0	0	0	0	0	0	0	0.16	0.14	0	0	0	0	0	0	0	0	0.14	0	0.01	0	0	0.03	0	0	0.07	0	0.32	0	0	0	0	0	0	0.2	0	0	0.09	0.14	0	0	0	0.84	0.06	0.19	0
Dormibacteraceae	0	0	0.07	0	0	0	0	0	0	0	0	0	0	0	0	0	0	0	0	0	0	0	0	0	0	0	0	0	0	0	0	0	0	0	0	0	0	0	0	0	0	0	3.6	0.07	0	0	0	0	0	0	0	0	0	0	0.26	0	0	0	0	0	0	0	1	0	0	0	0	0	0	0.16	3.97	0	0	0.32	0	0	2.78	0.91	0.73	0.12	0.08
Roseiflexaceae	0	0	0.13	0	0	0.11	0.13	0.05	0.02	0	0	0	0	0.2	0.31	0	0	0.27	0	0	0.03	0.01	0	0	0.03	0.01	0	0	0	0	0	0	0	0.23	0	0	0	0	0.08	0	0	0	0	0.07	0.02	0	0	0	0	0.07	0	0	0.06	0.35	0	1.4	0	0.17	0.02	0	0	0	0.26	0	0	0	0	0	0.02	0.06	0	0	0.16	0	0	0	0	0	0	0.1	0
JADMIH01	0	0	0.07	0	0	0.23	0.14	0.04	0.11	0.08	0.09	0	0	0.13	0.14	0	0	0.08	0	0	0	0.18	0	0.04	0.04	0	0.04	0.03	0	0.06	0.03	0.04	0.04	0.09	0	0	0	0	0.04	0.05	0	0	1.03	0.11	0.14	0	0	0.07	0.13	0.16	0	0	0.13	0.09	0	0.26	0	0.15	0.79	0	0	0	0.04	0	0	0.32	0	0.11	0.06	0	0.04	0	0.04	0.04	0	0	0.04	0.09	0.03	0.13	0.15
Jatrophihabitantaceae	0.07	0	0.31	0	0	0.28	0.29	0.44	0.03	0	0	0.06	0	0	0	0	0	0.02	0	0.03	0.02	0.02	0	0.01	0.01	0	0	0.02	0	0	0	0.03	0	0.02	0	0	0	0	0	0	0	0	0.57	0.08	0.01	0	0	0.18	0	0	0	0.06	0.03	0	0	0.04	0	0.06	0.61	0	0	0	0.02	0	0	0	0	0.01	0.14	0	0.72	0.12	0.08	0.07	0.31	0	0.07	0	0.73	0.01	0.17
SCTD01	0.15	0	0.24	0	0	0.88	0.74	1.11	0.15	0.34	0.56	0.02	3.83	0.4	0.5	0.06	1.43	1.1	0.81	0.71	4.6	0.91	0	0.45	0.37	0.27	0.48	0.55	0.71	0.3	0.47	0.43	0.41	0.29	0.58	0.36	0.58	0.24	1.2	0.34	3.63	1.64	0	0.25	0.52	7.99	0.95	0.25	0.57	4.43	2.77	0	0.25	0	0	0.17	0.07	1.1	0.38	0	0	0.27	0	0	0	0.15	0	1.96	0.18	0.16	0.08	0.85	0.32	0	0	0.3	0.34	0.06	0.1	0.02	0
Geodermatophilaceae	0.03	0	0.11	0	0	0.29	0.2	0.15	1.3	2.39	0.8	0	0.14	0.3	0.4	0	1.84	1.37	2.72	2.27	0.39	2.35	0.02	1.54	1.43	1.32	1.89	3.13	1.74	1.62	1.25	1.54	1.13	0.19	1.01	1.23	0.79	1.84	1.2	0.96	0.2	0	0	0.21	1.08	0.05	0.35	0.37	1.17	0.19	0.24	0	0.23	0	0	4.42	0	0.34	1.95	0	0.02	0.15	0.02	0	0	0.12	0	4.54	2.39	0	0.06	0.12	0	0	0.02	0	0.14	0	0.06	0.04	0.02
Micromonosporaceae	0.03	0	0.06	0	0	0.11	0	0.18	0.13	0.06	0	0.03	0.03	0.09	0.34	0	0.06	0.08	0.03	0.07	0.05	0.09	0	0.08	0.05	0.04	0.05	0.08	0.07	0.04	0.04	0.04	0.02	0.1	0.03	0.02	0.08	0.06	0.25	0.06	0.02	0	0	0.06	0.05	0	0.05	0	0	0.09	0	0	0.08	0	0	0.02	0	0.25	0.12	0.24	0.18	0	0.19	0	0	0	0	0.03	0.33	0	0.06	0	0.2	0	0.02	0	0.05	0	0.12	0.02	0
Micrococcaceae	6.4	0	0.14	0	0	0.43	0.97	5.05	0.01	0	0	0.25	0.46	0.13	0.06	0.06	0.05	0.09	0	0	0.19	0.04	1.53	0.02	0.01	0	0	0.03	0	0	0	0	0	0.87	0	0	0	0	0.08	0.04	0.17	0.71	0.3	0.17	0.01	0.27	0	0	0	0.04	0	0	0.03	0	0	0.02	0.06	0.07	0.11	0.75	0.28	0.41	0	0.03	0	0	0	0.07	0.05	0.12	0.8	0.47	0.26	0	0.25	0.19	0.27	0.07	0.13	0.22	0.28
JACCUZ01	0	0	0.2	0	0	0.42	0.31	0.14	0.26	0.11	0.81	0	0.19	0.24	0.58	0	0.06	0.52	0.16	0.08	2.55	1.73	0	0.16	0.13	0.02	0.07	0.15	0.04	0.21	0.35	0.12	0.18	0.57	0.13	0.15	0.04	0.22	0.41	0.28	2.76	0	0	0.44	0.12	0	0.06	0.23	0.31	0.17	0	0	0.21	0	0	0.06	0	0	0.55	0	0	0	0	0	0	0.31	0	0.85	0.05	0	0	0.1	0.04	0	0	0.14	0.19	0	0	0.06	0
JACDCH01	0.09	0	0.07	0	0	0.16	0	0	0.24	0.33	0.9	0	0.16	0.47	0.79	0	0.1	0.33	0.12	0.09	0.2	0.36	0.02	0.11	0.14	0.06	0.12	0.36	0.09	0.16	0.09	0.19	0.22	0.28	0.12	0.24	0.13	0.26	0.59	0.35	1.98	0	0	0.13	1.05	0.15	0.22	0	0.13	0.42	0.07	0	0.26	0.07	0	0.33	0	0.07	0.25	0	0.55	0.78	0	0	0	0.22	0	0.2	0.07	0	0	0.09	0	0	0	0.17	0.07	0.02	0.06	0.06	0
AC-14	0.06	0	0.1	0	0	0.51	0.17	0.26	0.68	1.15	0.81	0	0	0.1	0.59	0	0.54	1.05	0	0.26	0.12	2.65	0	0.48	1.05	0.6	0.88	0.2	0.65	0.18	0.37	0.36	0.88	0.08	0.28	0.4	0.24	0.34	4.2	0.94	4.06	0.35	0	0.37	1.25	0	4.07	0.63	0.52	1.1	0	0	0.36	0.05	0	0.16	0	0.02	1.13	0	0.03	0.02	0.01	0	0	0.08	0	0.09	0.14	0.2	0	0.03	0	0	0	0	0.12	0.02	0.11	0.02	0
PALSA-610	0.14	0	0.38	0	0	0.09	0.12	0	0	0	0	0	0	0	0	0	0	0	0	0	0	0	0	0.01	0	0	0	0	0	0	0	0	0	0.12	0	0	0	0	0	0	0	0.23	0.4	0.25	0	0	0	0	0	0	0	0	0.04	0	0.1	0	0	0.08	0	0	0.01	0	0.5	0	0	0	0	0	0	0.06	0.18	0	0.08	0.32	0.03	0	0.03	0.29	0.58	0.13	0.33
PALSA-555	0	0	0.16	0	0	0.08	0	0	0.03	0	0.31	0	0	0.03	0.25	0	0	0	0	0	0	0.02	0	0.16	0.05	0.02	0	0	0.02	0	0	0	0.08	0.15	0	0	0	0	0.04	0	0.07	0	0	0.29	0.42	0	0	0	0	0	0	0	0.53	0	1.71	0	0	0.04	0	0	0.13	0.03	0.36	0	0	0	0	0	0	0	0.25	0.04	0	0.14	0	0.08	0.09	0.18	0.13	0.1	0
IMCC26256	0	0	0.1	0	0	0.16	0.24	0.06	0	0	0.09	0.03	0	0	0	0	0	0	0	0	0	0	0	0	0	0	0	0	0	0	0	0	0	0.17	0	0	0	0	0.04	0	0	0.59	0	0.08	0	0	0	0	0	0	0	0	0	0.05	0.02	0	0	0.33	0	0	0.03	0.08	0.12	0	0	0	0	0	0	0.07	0	0.06	0.05	0.18	0	0.03	0.07	0.13	0.02	0.09	0.04
JANYLB01	0	0	0.15	0	0	0	0	0	0	0	0	0	0	0.14	0.05	0	0	0	0	0	0	0	0	0	0	0	0	0	0	0	0	0	0	0.02	0	0	0	0	0	0	0	0	0	0.02	0	0	0	0	0	0	0	0	0	0	0	0	0	0	0	0	0.01	0	0	0	0	0	0	0	0	0	0	0	0	0	0	0.03	0	0	0	0	0
Thermoleophilaceae	0	0	0.24	0	0	0.62	0.16	0.16	11.59	13.95	2.59	0	0.27	0.9	1.95	0	18.06	3.63	23.54	20.77	0.24	5.79	0	13	13.53	23.88	18.46	24.26	10.84	28.62	13.98	30.98	9.39	0.23	23.39	25.97	13.92	21	6.99	11.75	0.99	0	0	1.08	1.84	0.06	5.39	11.8	9.94	0.23	1.31	0	1.26	0	0	0.79	0	0.01	1.05	0	0.05	0	0.01	0	0	0.14	0	12.56	7.67	0	0.03	0	0	0	0	0.05	0.85	0	0.02	0.08	0
Solirubrobacteraceae	0.11	0	1.59	0	0	2.74	2.01	1.7	11.5	7.83	3.4	0.27	0.66	1.51	3.15	0	15.54	4.53	10.57	4.57	2.39	21.41	0.03	5.17	6.78	4.01	5.7	12.17	5.94	10.17	5.96	11.66	7.81	1.02	5.72	8.05	6.47	6.62	15.12	11.03	20.44	0.81	0.76	3.1	4.28	1.01	8.98	16.6	17.13	1.87	0.59	0.6	2.52	0.14	2.46	14.01	0.05	2.69	5.31	0.55	0.7	0.11	0.35	0	0	0.94	0	22.71	2.86	0.14	2.86	0.84	0.19	0.33	0.52	0.86	1.8	0.26	1.38	0.29	0.47
Gaiellaceae	0.35	0	1.95	0	0	6.48	1.99	0.81	5.23	8.46	9.44	0.04	0.31	0.87	9.89	0	0.55	1.09	0.64	1.98	1.4	9.76	0	4.1	5.82	0.95	2.66	2.02	4.11	8.54	5.97	3.62	6.39	1.35	0.66	3.73	0.57	3.26	4.05	9.21	6.24	0.78	1.47	12.77	3.31	0	6.74	7.59	3.36	1.2	0.15	0	9.73	0.1	0.1	0.09	0	0.6	0.44	0.04	0.41	0.1	0.8	0	0	1.57	0	0.94	1.57	1.06	1.28	0.35	0.27	0.45	0.2	0.49	4.03	0.79	1.23	0.45	0.37
F1-60-MAGs149	0.23	0	0.18	0	0	0.18	0.15	0.19	0.06	0.03	0.29	0	0	0.03	0.22	0	0.03	0.11	0	0.1	0	0.1	0	0.04	0.06	0.03	0.06	0.08	0	0.04	0.03	0.06	0	0.07	0	0.04	0	0	0.04	0.02	0	0	0	0.05	0	0	0	0	0	0	0	0	0	0	0	0.02	0	0.18	0.12	0	0	0	0.07	0	0	0	0	0.02	0.04	0	0	0	0.07	0.05	0.06	0	0	0.04	0.02	0.04	0.05
Miltoncostaeaceae	0	0	0.16	0	0	0	0	0	0.01	0	0.08	0.1	0	0	0.05	0	0	0	0	0	0	0.02	0	0	0	0	0	0	0	0	0	0	0	0.09	0	0	0	0	0.05	0.02	0.04	0	0	0.27	0.01	0	0	0	0	0	0	0	0.03	0	0.01	0	0	0.02	0.02	0	0.02	0.08	0.03	0	0	0	0	0	0.01	0.04	0	0	0	0	0	0.08	0.03	0.04	0	0.02	0.02
HRBIN12	0	0	1.06	0	0	1.51	0.53	0.05	0.11	0.12	0.87	0	0	0.04	0.47	0	0	0	0	0.04	0	0.4	0	0.04	0.23	0	0	0	0.03	0.05	0	0.03	0.06	0.69	0	0.03	0	0	0.05	0.25	0.15	0	0	5.72	0.29	0	0	0.35	0.13	0	0	0	2.11	0	0	0	0	0.31	0	0	0	0	0.28	0	0	0.25	0	0	0.08	0.44	0	0	0.18	0.17	0	0.23	0.68	0.35	0.05	0.16	0
PALSA-660	0	0	0.09	0	0	0	0	0	0	0	0	0.03	0	0	0	0	0	0	0	0	0	0	0	0	0	0	0	0	0	0	0	0	0	0	0	0	0	0	0	0	0	0.83	0	0	0	0	0	0	0	0	0	0	0	0	0	0	0	0	0	0	0	0	0	0	0	0	0	0	0	0.04	0	0	0.09	0	0	0.07	0	0	0	0	0
Pseudopelobacteraceae	0	0	0.13	0	0	0	0	0	0	0	0	0.12	0	0	0	0.25	0	0	0	0	0	0	0	0	0	0	0	0	0	0	0	0	0	0.21	0	0	0	0	0	0	0	0	0	0	0	0	0	0	0	0	0	0	0	0	0.02	0	0	0.44	0	0	0	0	0.01	0.04	0	0.13	0	0	0	1.31	0	0	0.54	0	0	0.2	0.05	0.18	0	0.02	0
PNKZ01	0	0	0.06	0	0	0	0	0	0	0	0	0	0	0.03	0.03	0	0	0	0	0	0	0	0	0	0	0	0	0	0	0	0	0	0	0.03	0	0	0	0	0	0	0	0	0	0	0.01	0	0	0	0	0	0	0	0	0	0	0	0	0	0	0	0.03	0	0.01	0	0	0	0	0	0	0	0	0	0.06	0.12	0	0.11	0	0.03	0.04	0.09	0
Lacipirellulaceae	0	0	0.08	0.16	0.19	0	0	0	0.08	0	0	0	0	0.17	0.1	0	0	0	0	0	0	0	0	0	0.01	0	0	0	0	0	0	0	0	0.07	0	0	0	0	0.13	0	0	0	0	0.06	0.09	0	0	0	0	0	0.23	0	0.06	0.04	0.02	0.03	0	0	0.05	0	1.36	0.43	0.11	0	0	0	0	0	0	0.06	0	0	0.21	0.49	0	0.14	0	0.04	0.07	0.58	0
Gemmataceae	0	0	0.89	0	0	0.27	0.18	0	0.51	0.09	0.91	0	0.17	1.01	1.04	0.27	0.09	0.41	0.2	0.09	0.57	0.12	0	0.16	0.16	0.06	0.1	0.23	0.05	0.06	0.09	0.15	0.2	0.31	0.04	0.05	0.1	0.11	0.44	0.19	0.3	0.18	0.36	0.49	0.13	0	0.08	0.25	0.35	0.46	0.06	0.24	0.55	0.54	1.61	0.33	0.01	0.23	0.14	0.08	0.16	0.02	1.35	0	0	0.09	0	0.02	0.32	0.48	0.45	0.26	1.43	0.91	0	0.59	1.05	0.65	0.73	1.18	0.02
Isosphaeraceae	0.19	0	0.31	0	0	0.11	0.13	0.24	0.27	0.25	0.18	0	0.16	0.27	0.25	0	0.38	0.41	0.54	0.38	0.27	0.13	0.07	0.29	0.34	0.25	0.26	0.63	0.29	0.27	0.2	0.3	0.2	0.06	0.2	0.13	0.12	0.12	0.18	0.11	0.04	0	0.67	0.06	0.14	0.08	0.16	0.45	0.36	0.21	0.1	2.64	0.07	0.14	0.64	0.15	0	0.1	0.17	0.05	0.06	0	0.09	0	0	0	0	0.29	0.58	0.04	0.33	0.09	0.2	0.52	0.07	0.06	0.27	0.15	0.53	0.2	0.08
Planctomycetaceae	0	0	0.32	0.97	1.07	0.08	0	0	0.06	0.02	0.23	0.2	0.03	0.29	0.22	0.13	0	0	0	0	0.04	0.09	0	0.02	0.03	0.02	0.02	0	0.03	0	0.02	0	0.04	0.26	0	0	0	0	0.11	0.05	0.02	0.42	0.2	0.1	0.16	0.08	0	0	0	0.38	0.23	0	0.14	0.11	0.26	0.01	0	0.11	0.21	0	0.64	0.31	0.17	0	0	0.36	0	0	0.25	0.31	0.12	0.43	0.49	0.41	0	0.44	0.2	0.56	0.29	0.63	0
SM1A02	0	0	0.07	0.11	0	0	0	0	0	0	0	0	0	0.13	0	0	0	0	0	0	0	0	0	0	0	0	0	0	0	0	0	0	0	0	0	0	0	0	0	0	0	0	0	0.02	0	0	0	0	0	0	0	0	0.07	0	0	0	0	0	0	0	0.26	0.16	0.05	0	0	0	0	0	0	0	0	0	0	0	0	0	0	0	0	0.09	0
Tepidisphaeraceae	0	0	0.52	0	0	0.26	0.17	0.05	0.68	0.37	0.32	0.08	0.44	1.64	0.86	0.35	0.67	0.75	0.69	0.22	0.09	0.16	0	0.44	0.53	0.33	0.54	0.73	0.4	0.46	0.78	0.55	0.63	0.33	0.26	0.28	0.47	0.42	0.75	0.68	0.15	0	0.41	0.34	0.47	0.34	0.6	0.77	0.77	0.9	2.62	1.99	1.14	1.02	0.72	1.2	0	0.28	1.15	0	0.13	0.02	0.65	0	0	0.75	0	0.48	0.67	0.27	0.3	0.03	0.8	1.25	0.16	0.2	0.33	0.13	0.96	0.56	0.19
JAEUHO01	0	0	0.22	0	0.08	0	0	0	0.03	0	0	0	0	0	0	0	0	0	0	0	0	0	0	0	0.01	0	0	0	0	0	0	0	0	0.05	0	0	0	0	0	0.02	0	0	0	0.17	0	0	0	0	0	0	0	0	0.1	0.11	0	0	0	0	0	0	0	0.47	0.09	0	0	0	0	0	0	0	0	0	0.25	0	0	0	0.21	0	0.06	0.48	0
H5-PLA8	0	0	0.09	0	0	0	0	0	0	0	0	0	0	0.03	0	0	0	0	0	0	0	0	0	0	0	0	0	0	0	0	0	0	0	0	0	0	0	0	0	0	0	0	0	0	0	0	0	0	0	0	0	0	0	0.15	0.09	0	0	0.03	0	0	0	0	0.06	0	0	0	0	0	0	0	0	0	0.15	0.21	0	0	0.16	0.02	0.03	0.17	0
GCA-002686595	0	0	0.18	0.13	0.35	0	0	0	0.03	0	0	0	0	0.15	0	0	0	0	0	0	0	0	0	0	0.03	0	0	0	0	0	0	0	0	0.07	0	0	0	0	0.04	0	0	0	0	0.07	0.09	0	0	0	0	0.18	0	0	0.19	0.2	0	0.02	0	0	0.04	0	0.75	0.34	0.3	0	0	0	0	0	0	0.06	0	0	0.13	0.21	0	0.08	0	0.07	0.03	0.38	0
UBA10450	3.49	0	2.27	0	0	3.75	3.65	2.38	1.32	0.61	0.56	0.21	0.08	0.89	0.62	0	1.05	0.88	0.49	0.39	0.01	0.18	0.03	0.75	1.13	0.77	0.98	0.84	0.28	0.4	0.44	1.78	1.32	1.68	0.63	0.47	1.37	0.51	1.57	1.35	0	0.56	8.47	5.19	1.59	0	0.72	6.43	3.08	1.68	0.07	0.03	1.74	2.95	0.22	8.29	0.05	0.59	5.17	0	0.2	0.04	0.79	0	0	4.42	0.07	0	2.28	4.61	4.8	0.27	3.46	5.94	0.23	0.89	5.25	3.11	13.07	2.71	2.03
Chthoniobacteraceae	0.11	0	0.57	0	0	0.66	0.58	0.19	0.59	0.4	0.65	0.09	0.55	1.3	1.57	0.21	0.3	1.78	0.41	0.14	0.73	0.42	0	0.23	0.32	0.11	0.25	0.62	0.16	0.4	0.37	0.53	0.38	0.98	0.11	0.2	0.26	0.14	0.41	0.44	0.04	0.31	0.45	0.5	0.39	0.16	0.58	0.45	0.8	0.47	0.15	0.24	1.26	1.81	0.41	1.22	0.03	1.49	0.36	0	0.24	0.13	0.26	0	0	1.42	0	0.06	0.52	0.64	0.23	0.95	1	1.08	0.32	0.42	1.27	0.18	0.28	0.7	0.36
SZAS-18	0	0	0.09	0	0	0	0	0	0	0	0	0	0	0	0	0	0	0	0	0	0	0	0	0	0	0	0	0	0	0	0	0	0	0.05	0	0	0	0	0	0	0	0	0	0	0	0	0	0	0	0	0	0.06	0	0.29	0.02	0.01	0	0.03	0	0	0	0	0.06	0	0	0	0	0	0.01	0	0	0	0	0	0	0.03	0.04	0	0	0.03	0
Verrucomicrobiaceae	0	0	0.15	0	0	0.11	0	0	0.02	0.03	0.07	0.06	0.13	0.03	0.12	0.07	0	0.08	0	0	0	0	0	0	0.01	0	0	0.02	0	0	0	0	0	0.21	0	0	0	0	0.07	0.02	0.06	0	0	0.04	0.22	0	0	0	0	0	0.21	0	0.05	0.1	0	0.05	0	0.74	0.03	0	0.03	0.21	0.07	0	0	0.19	0	0.02	0.02	0.16	0	0.14	0.16	0.21	0	0.2	0.14	0.13	0.08	0.15	0
V1-33	0	0	0.08	0	0	0	0.13	0	0.12	0.16	0.21	0.06	0.3	0.11	0.3	0.05	0	0.34	0	0	0.29	0.25	0	0	0.06	0	0	0.03	0	0	0.03	0.02	0.05	0.25	0.02	0	0.06	0	0.1	0.03	0.24	0	0	0	0.08	0.66	0.18	0	0	0.66	0.52	0	0.4	0.05	0	0.09	0.1	0.05	0.09	0	0.01	0.02	0	0	0	0	0	0.04	0.11	0.04	0	0	0.05	0	0	0.07	0	0.02	0	0.1	0
UBA11358	0.12	0	0.1	0	0	0.08	0	0	0	0	0	0	0	0.07	0.04	0	0	0	0	0	0	0	0	0	0	0	0	0	0	0	0	0	0	0.16	0	0	0	0	0	0	0	0.21	0.17	0.08	0.04	0.08	0	0	0	0	0	0.27	0.12	0.26	0.92	0	0	0.02	0.06	0.57	0.17	0.12	0.44	0	0	0.1	0	0	0	0.51	0.11	0.04	0.81	1.18	0	0.18	0.21	0.89	0.86	0.43	0.24
Fimbriimonadaceae	0	0	0.2	0	0	0	0	0	0.04	0	0	0	0.07	0.38	0.28	0.07	0.03	0.08	0.04	0	0	0	0	0	0.01	0	0.02	0	0	0	0	0	0.04	0.13	0	0	0	0	0.05	0.02	0	0.16	0.29	0.04	0.06	0	0	0	0	0	0	0.04	0.25	0.25	0.39	0.03	0	0.06	0.05	0	0	0.23	0.13	0	0	0	0	0	0.1	0.2	0.08	0.07	0.32	0.11	0	0.14	0	0.13	0.07	0.13	0
Chthonomonadaceae	0	0	0.13	0	0	0.11	0.07	0.08	0.01	0	0	0	0	0.16	0.07	0	0	0	0	0	0.02	0	0	0	0	0	0	0	0	0	0	0	0	0	0	0	0	0	0	0	0	0	0.29	0.06	0	0	0	0	0	0	0	0.42	0.03	0.27	0.18	0	0	0.4	0.02	0	0	0	0.05	0	0	0	0	0	0.01	0.15	0.08	0	0.21	0.24	0	0	0	0.04	0.09	0.04	0
UBA10212	0	0	0.19	0	0	0	0	0	0	0	0	0	0	0	0	0	0	0	0	0	0	0	0	0	0	0	0	0	0	0	0	0	0	0	0	0	0	0	0.03	0	0	0	0	0	0.01	0	0	0	0	0	0	0	0	0	0	0	0	0.02	0.02	0	0.01	0	0.14	0	0	0	0	0	0	0.04	0.07	0.13	0.06	0.12	0.05	0	0.08	0.66	0.15	0.07	0.31
UBA4664	0.06	0	0.12	0	0	0	0	0.06	0	0	0	0	0	0	0	0	0	0	0	0	0	0.02	0	0	0	0	0	0	0	0	0	0	0	0.05	0	0	0	0	0.02	0	0	0.52	0.45	0.02	0.09	0	0	0	0	0	0	0.27	0	0	0.02	0	0	0.25	0.01	0	0	0	0.05	0	0	0.13	0	0	0	0.36	0.14	2.41	0.39	0.06	0.06	0.12	0.08	0.18	0.22	0.05	0.06
UBA12049	0	0	0.13	0	0	0.12	0.09	0	0.05	0	0.2	0	0	0.11	0.15	0	0	0	0	0	0	0.01	0	0	0.01	0	0	0	0	0	0	0	0	0.05	0	0	0	0	0.2	0	0.02	1.94	0.16	0.06	0.44	0	0.07	0	0	0	0.07	0	0.2	0.09	0.24	0	0	0.03	0.12	0	0.07	0	0.28	0.02	0	0	0	0	0	0.11	0.36	0.1	0.57	0.49	0	0.15	0.34	0.68	0.85	0.25	0.06
UBA920	0	0	0.12	0	0	0	0	0	0.11	0	0.24	0	0.03	0.23	0.11	0	0.04	0.13	0.02	0	0.01	0	0	0	0.02	0	0.02	0.06	0	0	0	0	0.04	0.05	0	0	0	0	0.07	0.07	0	0.25	0	0.06	0.13	0	0	0	0	0	0	0	0.08	0.06	0.11	0.06	0	0.14	0.84	0	0	0.03	0.12	0	0	0	0	0	0.04	0.15	0.14	0	0.37	0.26	0	0.15	0.28	0.28	0.21	0.32	0
Fen-1088	0	0	0.26	0	0	0	0	0	0.1	0.02	0.15	0	0.03	0.58	0.59	0	0.04	0.17	0	0.04	0.02	0.09	0	0.03	0.02	0.03	0.08	0	0.02	0	0	0	0.04	0.16	0	0	0	0	0.08	0	0	0	0.42	0.08	0.08	0	0	0	0	0	0	0	0.11	0.33	0.3	0	0	0	0	0	0.02	0	0.28	0	0	0	0	0	0.03	0.46	0	0	0.64	0.56	0	0.04	0.22	0.19	0.17	0.54	0
Nitrospiraceae	0.07	0	2.14	0	0	0.76	0.47	0	0.08	0.07	1.3	0	0	0.24	0.35	0	0	0	0	0	0	0.17	0	0	0.02	0	0	0	0	0	0	0	0	0.5	0	0	0	0	0.11	0	0	0.67	0.36	0.56	0.04	0	0.13	0	0.11	0.39	0.1	0	0.4	0.3	0	0.03	0	0.26	0.04	0	0.13	0.12	2.22	0	0	1.11	0	0	0.14	0.92	0	0	0.49	0.88	0	0.45	0.18	1.03	0.16	1.95	0.09
RBG-16-71-46	0	0	0.14	0	0	0.07	0	0	0	0	0	0	0	0	0.03	0	0	0	0	0	0	0	0	0	0	0	0	0	0	0	0	0	0	0.21	0	0	0	0	0.03	0	0	0	0	0.23	0	0	0	0	0	0	0	0	0.26	0	0.02	0	0	0.17	0	0	0.09	0.03	0.76	0	0	0	0	0	0	0.25	0	0	0.23	0.13	0	0.08	0	0.25	0.05	0.26	0
SMWR01	0	0	0.18	0	0	0	0	0	0	0	0	0	0	0	0	0	0	0	0	0	0	0	0	0	0	0	0	0	0	0	0	0	0	0	0	0	0	0	0	0	0	0	0	0	0	0	0	0	0	0	0	0	0	0	0	0	0	0	0	0	0.06	0.17	0	0	0	0	0	0	0	0	0	0	0	0	0	0	0	0	0	0	0
Nitrosopumilaceae	0	0	0	0.13	0.47	0	0	0	0	0	0	0	0	0	0	0	0	0	0	0	0	0	0	0	0	0	0	0	0	0	0	0	0	0	0	0	0	0	0	0	0	0	0	0	0	0	0	0	0	0	0	0	0	0	0	0	0	0	0	0	0.11	0.54	0.56	0	0	0	0	0	0	0	0	0	0	0	0	0	0	0	0	0	0
Nitrosocaldaceae	0	0	0	0.15	0.27	0	0	0	0	0	0	0	0	0	0	0	0	0	0	0	0	0	0	0	0	0	0	0	0	0	0	0	0	0	0	0	0	0	0	0	0	0	0	0	0	0	0	0	0	0	0	0	0	0	0	0	0	0	0	0	0	0	0	0	0	0	0	0	0	0	0	0	0	0	0	0	0	0	0	0	0
JAHFTW01	0	0	0	0.1	0	0	0	0	0	0	0	0	0	0	0	0	0	0	0	0	0	0	0	0	0	0	0	0	0	0	0	0	0	0	0	0	0	0	0	0	0	0.68	0	0	0	0	0	0	0	0	0	0	0	0	0	0	0	0	0	0	0	0.42	0	0	0	0	0	0	0	0	0	0.07	0	0	0	0.07	0.03	0	0.03	0.03	0
UBA525	0	0	0	0.18	0	0	0	0	0	0	0	0	0	0	0	0	0	0	0	0	0	0	0	0	0	0	0	0	0	0	0	0	0	0	0	0	0	0	0	0	0	0	0	0	0	0	0	0	0	0	0	0	0	0	0	0	0	0	0	0	0	0	0	0	0	0	0	0	0	0	0	0	0	0	0	0	0	0	0	0.02	0
SKIA01	0	0	0	0.11	0	0	0	0	0	0	0	0	0	0	0	0	0	0	0	0	0	0	0	0	0	0	0	0	0	0	0	0	0	0	0	0	0	0	0	0	0	0	0	0	0	0	0	0	0	0	0	0	0	0	0	0	0	0	0	0	0	0	0	0	0	0	0	0	0	0	0	0	0	0	0	0	0	0	0	0	0
4572-78	0	0	0	0.07	0.05	0	0	0	0	0	0	0	0	0	0	0	0	0	0	0	0	0	0	0	0	0	0	0	0	0	0	0	0	0	0	0	0	0	0	0	0	0	0	0	0	0	0	0	0	0	0	0	0	0	0	0	0	0	0	0	0	0.01	0	0	0	0	0	0	0	0	0	0	0	0	0	0	0	0	0	0	0
Caldilineaceae	0	0	0	9.66	7.26	0	0	0	0.06	0	0.89	0.35	0.03	0.65	0.49	0.07	0	0.18	0	0.02	0.03	0.16	0	0.03	0.04	0	0	0.03	0	0	0	0	0	0.11	0	0	0.06	0	0.08	0	0.09	0	0	0.04	0.03	0.05	0	0	0	0.08	0	0	0.05	0.09	0	0.29	0.01	0.04	0.14	0	0.18	0.09	0.01	0	0	0	0	0	0.09	0	0	0	0	0	0	0.06	0	0.02	0	0.06	0
Ardenticatenaceae	0	0	0	0.52	6.38	0	0	0	0	0	0	0	0	0.22	0.19	0	0	0	0	0	0	0	0	0	0	0	0	0	0	0	0	0	0	0	0	0	0	0	0	0	0	0	0	0	0.02	0	0	0	0	0	0	0	0	0	0	0.12	0	0	0	0	0	0.17	0	0	0	0	0	0	0	0	0	0	0	0	0	0	0	0	0	0	0
UBA1135	0	0	0	0.1	0.12	0	0	0	0	0	0	0	0	0	0	0	0	0	0	0	0	0	0	0	0	0	0	0	0	0	0	0	0	0	0	0	0	0	0	0	0	0	0	0	0	0	0	0	0	0	0	0	0	0	0	0	0	0	0	0	0	0.01	0	0	0	0	0	0	0	0	0	0	0	0	0	0	0	0	0	0	0
UBA2386	0	0	0	0.13	0.08	0	0	0	0	0	0	0	0	0	0	0	0	0	0	0	0	0	0	0	0	0	0	0	0	0	0	0	0	0	0	0	0	0	0	0	0	0	0	0	0.12	0	0	0	0	0.07	0	0	0.05	0	0	0	0	0	0	0	0.12	0.14	0.07	0	0	0	0	0	0	0	0	0	0	0	0	0	0	0.05	0	0.07	0
J103	0	0	0	0.14	0.1	0	0	0	0	0	0	0	0	0	0	0	0	0	0	0	0	0	0	0	0	0	0	0	0	0	0	0	0	0	0	0	0	0	0	0	0	0	0	0	0	0	0	0	0	0	0	0	0	0	0	0	0	0	0	0	0	0	0	0	0	0	0	0	0	0	0	0	0	0	0	0	0	0	0	0	0
JADJEK01	0	0	0	0.07	0.18	0	0	0	0	0	0	0	0	0	0	0	0	0	0	0	0	0	0	0	0	0	0	0	0	0	0	0	0	0	0	0	0	0	0	0	0	0	0	0	0	0	0	0	0	0	0	0	0	0	0	0	0	0	0	0	0.02	0	0	0	0	0	0	0	0	0	0	0	0	0	0	0	0	0	0	0	0
GWC2-37-13	0	0	0	0.37	0.39	0	0	0	0.01	0	0.06	0	0	0.03	0.03	0.06	0	0	0	0	0	0	0	0	0	0	0	0	0	0	0	0	0	0.07	0	0	0	0	0	0	0	0	0	0.02	0.01	0.05	0	0	0	0	0	0	0.04	0	0	0	0	0.06	0.06	0	0.04	0	0	0	0	0	0	0	0	0.04	0.04	0	0.12	0.06	0	0	0.06	0.25	0.08	0.11	0
S012-47	0	0	0	2.17	0.58	0	0	0	0	0	0	0	0	0	0	0	0	0	0	0	0	0	0	0	0	0	0	0	0	0	0	0	0	0	0	0	0	0	0	0	0	0	0	0	0	0	0	0	0	0	0	0	0	0	0	0	0	0	0	0	0	0	0	0	0	0	0	0	0	0	0	0	0	0	0	0	0	0	0	0	0
UBA10348	0	0	0	0.16	0.07	0	0	0	0	0	0	0	0.04	0	0	0	0	0.03	0	0	0.04	0	0	0	0	0	0	0	0	0	0	0	0	0	0	0	0	0	0	0	0	0	0	0	0	0	0	0	0	0	0	0	0	0	0	0	0	0	0	0	0.06	0.07	0	0	0	0	0	0	0	0	0	0	0	0	0	0	0	0	0	0	0
ISCAR-4553	0	0	0	1.36	1.8	0	0	0	0	0	0	0	0	0	0	0	0	0	0	0	0	0	0	0	0	0	0	0	0	0	0	0	0	0	0	0	0	0	0	0	0	0	0	0	0	0	0	0	0	0	0	0	0	0	0	0	0	0	0	0	0.01	0	0	0	0	0	0	0	0	0	0	0	0	0	0	0	0	0	0	0	0
Ignavibacteriaceae	0	0	0	8.4	1.82	0	0	0	0	0	0	0.04	0	0	0	0	0	0	0	0	0	0	0	0	0	0	0	0	0	0	0	0	0	0	0	0	0	0	0	0	0	0	0	0	0	0	0	0	0	0	0	0	0	0	0	0	0	0	0	0	0	0	0	0.33	0	0	0	0	0	0	0	0	0	0	0	0	0	0.02	0	0	0
Melioribacteraceae	0	0	0	0.93	0.15	0	0	0	0	0	0	0	0	0	0	0	0	0	0	0	0	0	0	0	0	0	0	0	0	0	0	0	0	0	0	0	0	0	0	0	0	0	0	0	0	0	0	0	0	0	0	0	0	0	0	0	0	0	0	0	0	0	0	0	0	0	0	0	0	0	0	0	0	0	0	0	0	0	0	0	0
Nannocystaceae	0	0	0	0.21	0.24	0	0	0	0.01	0	0	0.17	0.07	0.18	0.09	0.23	0	0.32	0	0	0	0	0.1	0	0	0	0	0.02	0	0	0	0	0	0.24	0	0	0	0	0	0	0	0	0	0	0.01	0	0	0	0	0.52	0.07	0	0.08	0.14	0	0	0.18	0	0.08	0	0.22	0.02	0	0	0	0	0.31	0	0	0	0	0	0	0	0	0.04	0	0	0	0.16	0
UBA6777	0	0	0	0.1	0	0	0	0	0	0	0	0	0	0	0	0	0	0	0	0	0	0	0	0	0	0	0	0	0	0	0	0	0	0	0	0	0	0	0	0	0	0	0	0	0	0	0	0	0	0	0	0	0	0	0	0	0	0	0	0	0	0	0	0	0	0	0	0	0	0	0	0	0	0	0	0	0	0	0	0	0
SHLQ01	0	0	0	0.06	0	0	0	0	0.01	0	0	0	0	0	0	0	0	0	0	0	0	0.01	0	0	0	0	0	0	0	0	0	0	0	0	0	0	0	0	0	0	0	0	0	0	0.01	0	0	0	0	0	0	0	0	0	0	0	0	0	0	0	0.07	1.63	0	0	0	0	0	0	0	0	0	0	0	0	0	0	0	0	0	0	0
SZUA-35	0.02	0	0	0.42	0.39	0	0	0	0.02	0.02	0	0	0	0	0	0	0	0	0	0	0.02	0.01	0.02	0	0.01	0	0	0	0	0	0	0	0	0	0	0	0	0	0.03	0	0	0	0	0.02	0.03	0	0	0	0	0	0	0	0	0	0	0	0.01	0	0	0	0.08	5.51	0	0	0	0	0	0	0	0	0	0	0	0	0	0	0	0	0	0	0
Aldehydirespiratoraceae	0.03	0	0	0.13	0	0	0	0	0.01	0	0	0	0	0	0	0	0	0	0	0	0.01	0.03	0.01	0.01	0.01	0.01	0	0	0	0	0	0	0.02	0	0	0	0	0	0.03	0	0	0	0	0	0.02	0	0	0	0	0	0	0	0	0	0	0	0	0	0.01	0	0.26	0.31	0.02	0	0	0	0	0	0.01	0	0	0	0	0	0	0	0	0	0	0	0
ZC4RG35	0	0	0	0.73	0.37	0	0	0	0.01	0	0.83	0	0	0.07	1.47	0	0	0	0	0.11	0	0	0	0.3	0.35	0.02	0.29	0	0.23	0.55	1.91	0.3	0.59	0	0	0.5	0	0.08	0.23	0.27	1	0	0	0.02	2.64	0	0.07	0	0	0	0	0	0.4	0	0	0.14	0	0	0	0	0.8	0.31	0	0	0	0.41	0	0	0	0	0	0	0	0	0	0	0	0	0	0	0
JAENVV01	0	0	0	0.08	0.11	0	0	0	0	0	0	0	0	0	0	0	0	0	0	0	0	0	0	0	0	0	0	0	0	0	0	0	0	0	0	0	0	0	0	0	0	0	0	0	0	0	0	0	0	0	0	0	0	0	0	0	0	0	0	0	0.02	1.82	0	0	0	0	0	0	0	0	0	0	0	0	0	0	0	0	0	0	0
Nitrospinaceae	0	0	0	0.09	0	0	0	0	0	0	0	0	0	0	0	0	0	0	0	0	0	0	0	0	0	0	0	0	0	0	0	0	0	0	0	0	0	0	0	0	0	0	0	0	0	0	0	0	0	0	0	0	0	0	0	0	0	0	0	0	0	0.06	0	0	0	0	0	0	0	0	0	0	0	0	0	0	0	0	0	0	0
WLXD01	0	0	0	0.42	0.34	0	0	0	0	0	0	0	0	0	0	0	0	0	0	0	0	0	0	0	0	0	0	0	0	0	0	0	0	0	0	0	0	0	0	0	0	0	0	0	0	0	0	0	0	0	0	0	0	0	0	0	0	0	0	0	0	0	0	0	0	0	0	0	0	0	0	0	0	0	0	0	0	0	0	0	0
UBA890	0	0	0	0.13	0.12	0	0	0	0	0	0	0	0	0	0	0	0	0	0	0	0	0	0	0	0	0	0	0	0	0	0	0	0	0	0	0	0	0	0	0	0	0	0	0	0	0	0	0	0	0	0	0	0	0	0	0	0	0	0	0	0	0.01	0	0	0	0	0	0	0	0	0	0	0	0	0	0	0	0	0	0	0
UBA8639	0.06	0	0	0.43	0.77	0	0	0	0	0	0	0.06	0	0	0	0	0	0	0	0	0	0	0	0	0	0	0	0	0	0	0	0	0	0	0	0	0	0	0	0	0	0	0	0	0	0	0	0	0	0.09	0	0	0	0	0	0	0.01	0	0.25	0	0.19	0.87	0	0	0	0	0	0	0	0	0	0	0	0	0	0	0	0	0	0	0
J042	0	0	0	3.85	5.64	0	0	0	0	0	0	0	0	0	0	0	0	0	0	0	0	0	0	0	0	0	0	0	0	0	0	0	0	0	0	0	0	0	0	0	0	0	0	0	0	0	0	0	0	0	0	0	0	0	0	0	0	0	0	0	0	0.02	0	0	0	0	0	0	0	0	0	0	0	0	0	0	0	0	0	0	0
RBG-13-44-9	0	0	0	0.2	0.17	0	0	0	0	0	0	0	0	0	0	0	0	0	0	0	0	0	0	0	0	0	0	0	0	0	0	0	0	0	0	0	0	0	0	0	0	0	0	0	0	0	0	0	0	0	0	0	0	0	0	0	0	0	0	0	0	0	0	0	0	0	0	0	0	0	0	0	0	0	0	0	0	0	0	0	0
Palauibacteraceae	0	0	0	0.41	0.29	0	0	0	0	0	0	0	0	0	0	0	0	0	0	0	0	0	0	0	0	0	0	0	0	0	0	0	0	0	0	0	0	0	0	0	0	0	0	0	0	0	0	0	0	0	0	0	0	0	0	0	0	0	0	0	0.26	0.01	0	0	0	0	0	0	0	0	0	0	0	0	0	0	0	0	0	0	0
UBA6960	0	0	0	0.36	0.15	0	0	0	0.01	0	0	0	0	0	0	0	0	0	0	0	0	0	0	0	0	0	0	0	0	0	0	0	0	0	0	0	0	0	0	0	0	0	0	0.04	0.01	0	0	0	0	0	0	0	0	0	0	0	0	0	0	0	1.22	0.39	0	0	0	0	0	0	0	0	0	0	0	0	0	0.07	0	0.02	0	0.04	0
JAKEHA01	0	0	0	0.79	1.02	0	0	0	0	0	0	0	0	0	0	0	0	0	0	0	0	0	0	0	0	0	0	0	0	0	0	0	0	0	0	0	0	0	0	0	0	0	0	0	0	0	0	0	0	0	0	0	0	0	0	0	0	0	0	0	0	0.01	0.01	0	0	0	0	0	0	0	0	0	0	0	0	0	0	0	0	0	0
WVZY01	0	0	0	0.15	0.13	0	0	0	0	0	0	0	0	0	0	0	0	0	0	0	0	0	0	0	0	0	0	0	0	0	0	0	0	0	0	0	0	0	0	0	0	0	0	0	0	0	0	0	0	0	0	0	0	0	0	0	0	0	0	0	0	0.01	0	0	0	0	0	0	0	0	0	0	0	0	0	0	0	0	0	0	0
JAJRXK01	0	0	0	1.4	1.55	0	0	0	0	0	0	0	0	0	0	0	0	0	0	0	0	0	0	0	0	0	0	0	0	0	0	0	0	0	0	0	0	0	0	0	0	0	0	0	0	0	0	0	0	0	0	0	0	0	0	0	0	0	0	0	0.01	0.03	0	0	0	0	0	0	0	0	0	0	0	0	0	0	0	0	0	0	0
GCA-002770795	0	0	0	2.54	5.34	0	0	0	0	0	0	0	0	0	0	0	0	0	0	0	0	0	0	0	0	0	0	0	0	0	0	0	0	0	0	0	0	0	0	0	0	0	0	0	0	0	0	0	0	0	0	0	0	0	0	0	0	0	0	0	0	0	0	0	0	0	0	0	0	0	0	0	0	0	0	0	0	0	0	0	0
Alteromonadaceae	0.02	0	0	0.83	0.95	0	0	0	0	0	0	0	0	0	0	0	0	0	0	0	0	0	0.02	0	0	0	0	0	0	0	0	0	0	0	0	0	0	0	0	0	0	0	0	0	0	0	0	0	0	0	0	0	0	0	0	0	0.11	0	0	0	0.11	0.32	0	0	0	0	0	0	0	0	0	0	0	0	0	0	0	0	0	0	0
Kangiellaceae	0	0	0	0.08	0.22	0	0	0	0	0	0	0	0	0	0	0	0	0	0	0	0	0	0	0	0	0	0	0	0	0	0	0	0	0	0	0	0	0	0	0	0	0	0	0	0	0	0	0	0	0	0	0	0	0	0	0	0	0	0	0	0	0.01	0	0	0	0	0	0	0	0	0	0	0	0	0	0	0	0	0	0	0
Cellvibrionaceae	0	0	0	0.18	0	0	0	0	0	0	0	0.03	0.04	0	0	0	0	0	0	0	0	0	0	0	0	0	0	0	0	0	0	0	0	0.03	0	0	0	0	0	0	0	0	0	0	0	0	0	0	0	0	0	0	0	0.04	0	0	0.04	0.03	0.02	0	1.57	0.32	0	0	0	0	0	0	0	0	0	0	0	0	0	0.08	0	0	0	0.02	0
Azotimanducaceae_A	0	0	0	0.83	0.47	0	0	0	0	0	0	0	0	0	0	0	0	0	0	0	0	0	0	0	0	0	0	0	0	0	0	0	0	0	0	0	0	0	0	0	0	0	0	0	0	0	0	0	0	0	0	0	0	0	0	0	0	0.02	0	0	0.21	0.3	0.1	0	0	0	0	0	0	0	0	0	0	0	0	0	0	0	0	0	0
Halomonadaceae	0	0	0	0.05	0.15	0	0	0	0	0	0	0	0	0	0	0	0	0	0	0	0	0	0	0	0	0	0	0	0	0	0	0	0	0	0	0	0	0	0	0	0	0	0	0	0	0	0	0	0	0	0	0	0	0	0	0	0	0	0	0	0.15	0.02	0	0	0	0	0	0	0	0	0	0	0	0	0	0	0	0	0	0	0
Halieaceae	0	0	0	0.63	0.32	0	0	0	0	0	0	0	0	0	0	0	0	0	0	0	0	0	0.03	0	0	0	0	0	0	0	0	0	0	0	0	0	0	0	0	0	0	0	0	0	0	0	0	0	0	0	0	0	0	0	0	0	0.02	0	0	0	0.58	0.3	0	0	0	0	0	0	0	0	0	0	0	0	0	0.03	0	0	0	0	0
Alcanivoracaceae	0	0	0	0.08	0	0	0	0	0	0	0	0	0	0	0	0	0	0	0	0	0	0	0	0	0	0	0	0	0	0	0	0	0	0	0	0	0	0	0	0	0	0	0	0	0	0	0	0	0	0	0	0	0	0	0	0	0	0	0	0	0	0.01	0	0	0	0	0	0	0	0	0	0	0	0	0	0	0	0	0	0	0
Sedimenticolaceae	0	0	0	0.32	0.2	0	0	0	0	0	0	0	0	0	0	0	0	0	0	0	0	0	0	0	0	0	0	0	0	0	0	0	0	0	0	0	0	0	0	0	0	0	0	0	0	0	0	0	0	0	0	0	0	0	0	0	0	0	0	0	0.03	0.06	0	0	0	0	0	0	0	0	0	0	0	0	0	0	0	0	0	0	0
HK1	0	0	0	0.11	0.11	0	0	0	0	0	0	0	0	0	0	0	0	0	0	0	0	0	0	0	0	0	0	0	0	0	0	0	0	0	0	0	0	0	0	0	0	0	0	0	0	0	0	0	0	0	0	0	0	0	0	0	0	0	0	0	0	0.14	0	0	0	0	0	0	0	0	0	0	0	0	0	0	0	0	0	0	0
UBA6429	0	0	0	0.41	0.13	0	0	0	0	0	0	0	0	0	0	0	0	0	0	0	0	0	0	0	0	0	0	0	0	0	0	0	0	0	0	0	0	0	0	0	0	0	0	0	0	0	0	0	0	0	0	0	0	0	0	0	0	0	0	0	0	0.06	0	0	0	0	0	0	0	0	0	0	0	0	0	0	0	0	0	0	0
SZUA-229	0	0	0	0.14	0.14	0	0	0	0	0	0	0	0	0	0	0	0	0	0	0	0	0	0	0	0	0	0	0	0	0	0	0	0	0	0	0	0	0	0	0	0	0	0	0	0	0	0	0	0	0	0	0	0	0	0	0	0	0	0	0	0	0.18	0	0	0	0	0	0	0	0	0	0	0	0	0	0	0	0	0	0	0
Thiotrichaceae	0	0	0	0.11	0.22	0	0	0	0	0	0	0	0	0	0	0	0	0	0	0	0	0	0	0	0	0	0	0	0	0	0	0	0	0	0	0	0	0	0	0	0	0	0	0	0	0	0	0	0	0	0	0	0	0	0	0	0	0	0	0	0	0.26	0	0	0	0	0	0	0	0	0	0	0	0	0	0	0	0	0	0	0
Woeseiaceae	0	0	0	1.14	0.81	0	0	0	0	0	0	0	0	0	0	0	0	0	0	0	0	0	0	0	0	0	0	0	0	0	0	0	0	0	0	0	0	0	0	0	0	0	0	0	0	0	0	0	0	0	0	0	0	0	0	0	0	0	0	0	1.97	5.22	0	0	0	0	0	0	0	0	0	0	0	0	0	0	0	0	0	0	0
UBA4486	0	0	0	0.06	0.06	0	0	0	0	0	0	0	0	0	0	0	0	0	0	0	0	0	0	0	0	0	0	0	0	0	0	0	0	0	0	0	0	0	0	0	0	0	0	0	0	0	0	0	0	0	0	0	0	0	0	0	0	0	0	0	0.1	0.06	0	0	0	0	0	0	0	0	0	0	0	0	0	0	0	0	0	0	0
GCA-001735895	0	0	0	0.37	0.14	0	0	0	0	0	0	0	0	0	0	0	0	0	0	0	0	0	0	0	0	0	0	0	0	0	0	0	0	0	0	0	0	0	0	0	0	0	0	0	0	0	0	0	0	0	0	0	0	0	0	0	0	0	0	0	0	1.04	0	0	0	0	0	0	0	0	0	0	0	0	0	0	0	0	0	0	0
DSM-19610	0	0	0	0.64	0.52	0	0	0	0	0	0	0	0	0	0	0	0	0	0	0	0	0	0	0	0	0	0	0	0	0	0	0	0	0	0	0	0	0	0	0	0	0	0	0	0	0	0	0	0	0	0	0	0	0	0	0	0	0	0	0	0	0.05	0	0	0	0	0	0	0	0	0	0	0	0	0	0	0	0	0	0	0
Granulosicoccaceae	0.07	0	0	0.22	0.15	0	0	0	0	0	0	0.06	0	0	0	0	0	0	0	0	0	0	0	0	0	0	0	0	0	0	0	0	0	0	0	0	0	0	0	0	0	0	0	0	0	0	0	0	0	0	0	0	0	0	0	0	0.33	0	0	0	0.02	2.73	0	0	0	0	0	0	0	0	0	0	0	0	0	0	0	0	0	0	0
SZUA-152	0	0	0	0.16	0	0	0	0	0	0	0	0	0	0	0	0	0	0	0	0	0	0	0	0	0	0	0	0	0	0	0	0	0	0	0	0	0	0	0	0	0	0	0	0	0	0	0	0	0	0	0	0	0	0	0	0	0	0	0	0	0	0.02	0	0	0	0	0	0	0	0	0	0	0	0	0	0	0	0	0	0	0
UBA9214	0	0	0	0.15	0.12	0	0	0	0	0	0	0	0	0	0	0	0	0	0	0	0	0	0	0	0	0	0	0	0	0	0	0	0	0	0	0	0	0	0	0	0	0	0	0	0	0	0	0	0	0	0	0	0	0	0	0	0	0	0	0	0	0.56	0	0	0	0	0	0	0	0	0	0	0	0	0	0	0	0	0	0	0
SZUA-140	0	0	0	0.07	0.1	0	0	0	0	0	0	0	0	0	0	0	0	0	0	0	0	0	0	0	0	0	0	0	0	0	0	0	0	0	0	0	0	0	0	0	0	0	0	0	0	0	0	0	0	0	0	0	0	0	0	0	0	0	0	0	0	0	0	0	0	0	0	0	0	0	0	0	0	0	0	0	0	0	0	0	0
JALTON01	0	0	0	0.59	0.24	0	0	0	0	0	0	0	0	0	0	0	0	0	0	0	0	0	0	0	0	0	0	0	0	0	0	0	0	0	0	0	0	0	0	0	0	0	0	0	0	0	0	0	0	0	0	0	0	0	0	0	0	0	0	0	0	0	0	0	0	0	0	0	0	0	0	0	0	0	0	0	0	0	0	0	0
RI-283	0	0	0	0.07	0	0	0	0	0	0	0	0	0	0	0	0	0	0	0	0	0	0	0	0	0	0	0	0	0	0	0	0	0	0	0	0	0	0	0	0	0	0	0	0	0	0	0	0	0	0	0	0	0	0	0	0	0	0	0	0	0	0	0	0	0	0	0	0	0	0	0	0	0	0	0	0	0	0	0	0	0
Rhodothalassiaceae	0	0	0	1.74	2.35	0	0	0	0	0	0	0	0	0	0	0	0	0	0	0	0	0	0	0	0	0	0	0	0	0	0	0	0	0	0	0	0	0	0	0	0	0	0	0	0	0	0	0	0	0	0	0	0	0	0	0	0	0	0	0	0	0	0	0	0	0	0	0	0	0	0	0	0	0	0	0	0	0	0	0	0
Pelagibacteraceae	0	0	0	0.06	0	0	0	0	0	0	0	0	0	0	0	0	0	0	0	0	0	0	0	0	0	0	0	0	0	0	0	0	0	0	0	0	0	0	0	0	0	0	0	0	0	0	0	0	0	0	0	0	0	0	0	0	0	0	0	0	0	0	0	0	0	0	0	0	0	0	0	0	0	0	0	0	0	0	0	0	0
Maricaulaceae	0	0	0	0.08	0.14	0	0	0	0	0	0	0	0	0	0	0	0	0	0	0	0	0	0	0	0	0	0	0	0	0	0	0	0	0	0	0	0	0	0	0	0	0	0	0	0	0	0	0	0	0	0	0	0	0	0	0	0	0	0	0	0.05	0.15	0	0	0	0	0	0	0	0	0	0	0	0	0	0	0	0	0	0	0
Geminicoccaceae	0	0	0	0.06	0	0	0	0	0	0	0	0	0	0.06	0.12	0	0	0	0	0	0	0	0	0	0	0	0	0	0	0	0	0	0	0	0	0	0	0	0	0	0	0	0	0	0	0	0	0	0	0	0	0	0	0	0	0.07	0	0	0	0	0.5	0.01	0.01	0	0	0	0	0	0.01	0	0	0	0	0	0	0	0	0	0	0	0
Mariprofundaceae	0	0	0	0.39	0.49	0	0	0	0	0	0	0	0	0	0	0	0	0	0	0	0	0	0	0	0	0	0	0	0	0	0	0	0	0	0	0	0	0	0	0	0	0	0	0	0	0	0	0	0	0	0	0	0	0	0	0	0	0	0	0	0	0	0	0	0	0	0	0	0	0	0	0	0	0	0	0	0	0	0	0	0
SPBQ01	0	0	0	0.29	0.17	0	0	0	0	0	0	0	0	0	0	0	0	0	0	0	0	0	0	0	0	0	0	0	0	0	0	0	0	0	0	0	0	0	0	0	0	0	0	0	0	0	0	0	0	0	0	0	0	0	0	0	0	0	0	0	0	0	0	0	0	0	0	0	0	0	0	0	0	0	0	0	0	0	0	0	0
UBA6930	0	0	0	0.18	0.2	0	0	0	0	0	0	0	0	0	0	0	0	0	0	0	0	0	0	0	0	0	0	0	0	0	0	0	0	0	0	0	0	0	0	0	0	0	0	0	0	0	0	0	0	0	0	0	0	0	0	0	0	0	0	0	0	0.13	0	0	0	0	0	0	0	0	0	0	0	0	0	0	0	0	0	0	0
UBA4427	0	0	0	0.11	0.15	0	0	0	0	0	0	0	0	0	0	0	0	0	0	0	0	0	0	0	0	0	0	0	0	0	0	0	0	0	0	0	0	0	0	0	0	0	0	0	0	0	0	0	0	0	0	0	0	0	0	0	0	0	0	0	0.35	0.41	0	0	0	0	0	0	0	0	0	0	0	0	0	0	0	0	0	0	0
JALSIO01	0	0	0	0.11	0.1	0	0	0	0	0	0	0	0	0	0	0	0	0	0	0	0	0	0	0	0	0	0	0	0	0	0	0	0	0	0	0	0	0	0	0	0	0	0	0	0	0	0	0	0	0	0	0	0	0	0	0	0	0	0	0	0	0	0	0	0	0	0	0	0	0	0	0	0	0	0	0	0	0	0	0	0
DRLW01	0	0	0	0.05	0.07	0	0	0	0	0	0	0	0	0	0	0	0	0	0	0	0	0	0	0	0	0	0	0	0	0	0	0	0	0	0	0	0	0	0	0	0	0	0	0	0	0	0	0	0	0	0	0	0	0	0	0	0	0	0	0	0	0	0	0	0	0	0	0	0	0	0	0	0	0	0	0	0	0	0	0	0
Marinithermaceae	0	0	0	0.22	0.8	0	0	0	0	0	0	0	0	0	0	0	0	0	0	0	0	0	0	0	0	0	0	0	0	0	0	0	0	0	0	0	0	0	0	0	0	0	0	0	0	0	0	0	0	0	0	0	0	0	0	0	0	0	0	0	0	0	0	0	0	0	0	0	0	0	0	0	0	0	0	0	0	0	0	0	0
UBA583	0	0	0	0	0.13	0	0	0	0	0	0	0	0	0	0	0	0	0	0	0	0	0	0	0	0	0	0	0	0	0	0	0	0	0	0	0	0	0	0	0	0	0	0	0	0	0	0	0	0	0	0	0	0	0	0	0	0	0	0	0	0	0	0	0	0	0	0	0	0	0	0	0	0	0	0	0	0	0	0	0	0
UBA8592	0	0	0	0	0.06	0	0	0	0	0	0	0	0	0	0	0	0	0	0	0	0	0	0	0	0	0	0	0	0	0	0	0	0	0	0	0	0	0	0	0	0	0	0	0	0	0	0	0	0	0	0	0	0	0	0	0	0	0	0	0	0	0.1	0	0	0	0	0	0	0	0	0	0	0	0	0	0	0	0	0	0	0
DRMV01	0	0	0	0	0.39	0	0	0	0	0	0	0	0	0	0	0	0	0	0	0	0	0	0	0	0	0	0	0	0	0	0	0	0	0	0	0	0	0	0	0	0	0	0	0	0	0	0	0	0	0	0	0	0	0	0	0	0	0	0	0	0	0	0	0	0	0	0	0	0	0	0	0	0	0	0	0	0	0	0	0	0
Thermonemataceae	0	0	0	0	0.11	0	0	0	0	0	0	0	0	0	0	0	0	0	0	0	0	0	0	0	0	0	0	0	0	0	0	0	0	0	0	0	0	0	0	0	0	0	0	0	0	0	0	0	0	0	0	0	0	0	0	0	0	0	0	0	0	0	0	0	0	0	0	0	0	0	0	0	0	0	0	0	0	0	0	0	0
S139-126	0	0	0	0	0.42	0	0	0	0	0	0	0	0	0	0	0	0	0	0	0	0	0	0	0	0	0	0	0	0	0	0	0	0	0	0	0	0	0	0	0	0	0	0	0	0	0	0	0	0	0	0	0	0	0	0	0	0	0	0	0	0	0	0	0	0	0	0	0	0	0	0	0	0	0	0	0	0	0	0	0	0
S141-80	0	0	0	0	0.1	0	0	0	0	0	0	0	0	0	0	0	0	0	0	0	0	0	0	0	0	0	0	0	0	0	0	0	0	0	0	0	0	0	0	0	0	0	0	0	0	0	0	0	0	0	0	0	0	0	0	0	0	0	0	0	0	0	0	0	0	0	0	0	0	0	0	0	0	0	0	0	0	0	0	0	0
GCA-2746155	0	0	0	0	0.06	0	0	0	0	0	0	0	0	0	0	0	0	0	0	0	0	0	0	0	0	0	0	0	0	0	0	0	0	0	0	0	0	0	0	0	0	0	0	0	0	0	0	0	0	0	0	0	0	0	0	0	0	0	0	0	0	0	0	0	0	0	0	0	0	0	0	0	0	0	0	0	0	0	0	0	0
Pseudohongiellaceae	0	0	0	0	0.09	0	0	0	0	0	0	0	0.09	0	0	0	0	0	0	0	0	0	0.06	0	0	0	0	0	0	0	0	0	0	0	0	0	0	0	0	0	0	0	0	0	0	0.4	0	0	0	0	0	0	0	0	0	0	0.06	0	0	0	0.66	0.11	0	0.02	0	0	0	0	0	0	0	0	0	0	0	0.05	0	0	0	0	0
Porticoccaceae	0	0	0	0	0.05	0	0	0	0	0	0	0	0	0	0	0	0	0	0	0	0	0	0	0	0	0	0	0	0	0	0	0	0	0	0	0	0	0	0	0	0	0	0	0	0	0	0	0	0	0	0	0	0	0	0	0	0	0	0	0	0.12	0.04	0	0	0	0	0	0	0	0	0	0.13	0	0	0	0.04	0	0	0	0	0
Beggiatoaceae	0	0	0	0	0.06	0	0	0	0	0	0	0	0	0	0	0	0	0	0	0	0	0	0	0	0	0	0	0	0	0	0	0	0	0	0	0	0	0	0	0	0	0	0	0	0	0	0	0	0	0	0	0	0	0	0	0	0	0	0	0	0	0.02	0	0	0	0	0	0	0	0	0	0	0	0	0	0	0	0.01	0	0	0
CAITLU01	0	0	0	0	0.06	0	0	0	0	0	0	0	0	0	0	0	0	0	0	0	0	0	0	0	0	0	0	0	0	0	0	0	0	0	0	0	0	0	0	0	0	0	0	0	0	0	0	0	0	0	0	0	0	0	0	0	0	0.03	0	0	0	0.02	0	0	0	0	0	0	0	0	0	0	0	0	0	0	0	0.02	0	0.06	0
J088	0	0	0	0	0.07	0	0	0	0	0	0	0	0	0	0	0	0	0	0	0	0	0	0	0	0	0	0	0	0	0	0	0	0	0	0	0	0	0	0	0	0	0	0	0	0	0	0	0	0	0	0	0	0	0	0	0	0	0	0	0	0	0	0	0	0	0	0	0	0	0	0	0	0	0	0	0	0	0	0	0	0
Nitrososphaeraceae	0	0	0	0	0	0.23	0	0	0.38	0.35	0.68	0	0	0.37	0.24	0	0	0	0	0	0	0.11	0	0.04	0.15	0.06	0.07	0	0	0	0.04	0	0	0	0	0	0	0.02	0.09	0.04	0.05	0	0.15	0.94	0	0	0.05	0	0	0.09	0	0	0.52	0	0.31	0	0	0	0.07	0	0.2	0	0	0	0	0	0	0	0.31	0	0.74	0	0	0	0	0	0.21	0	0.12	0	0
GCA-2861595	0	0	0	0	0	0.23	0	0	0.05	0.61	0	0	0	0	0.06	0	0	0.05	0.03	0.18	0.07	0.12	0	0.05	0.1	0.1	0.06	0.02	0.05	0.96	0.92	0.19	0.22	0	0.32	0.22	0.78	0.11	0.71	0.98	1.28	0	0	0	0.07	0	2.54	0.23	0	2.22	0.05	0	0.21	0	0	0	0	0	0.02	0	0	0.01	0	0	0	0	0	0	0.07	0	0	0	0	0	0	0	0	0	0	0	0
CADCSY01	0.02	0	0	0	0	0.09	0.08	0	0.24	0.19	0.17	0	0.25	0.24	0.2	0	0.31	0.4	0.29	0.34	0.81	0.2	0.02	0.37	0.2	0.42	0.34	0.26	0.34	0.18	0.28	0.21	0.41	0.02	0.71	0.3	0.49	0.28	0.5	0.19	0.25	0	0	0.07	0.31	0.19	0.26	0	0.09	0.34	1.32	0	0.12	0	0	0.05	0	0.02	0.21	0	0.05	0.02	0.03	0	0	0	0	0.45	0.05	0	0	0	0	0	0	0.04	0.03	0	0	0	0
JACCXE01	0	0	0	0	0	0.08	0	0	0.02	0.08	0	0	0	0	0.03	0	0	0	0	0	0	0.04	0	0	0.02	0	0	0	0	0.02	0	0.02	0	0	0	0	0	0	0.37	0.03	0.08	0.38	0	0.06	0.04	0	0.19	0.34	0	0	0	0	0.03	0	0	0	0	0.02	0.02	0	0	0.01	0	0	0	0	0	0	0	0	0	0.25	0.16	0	0	0	0	0	0	0.02	0
JAUJNH01	0	0	0	0	0	0.12	0.11	0.07	0.06	0.67	0.35	0	0	0	0.35	0	0.15	0.86	0.04	0.08	7.44	1.42	0	0.01	0.26	0.04	0.08	0.05	0.08	0.1	0.3	0.06	0.36	0.04	0.11	0.08	0.03	0.03	1.01	0.49	3.29	0	0	0	0.22	2.59	3.25	0.38	0.17	1.61	1.24	0	0.19	0	0	0	0	0.02	0.05	0	0	0.02	0	0	0	0.2	0	0.79	0.11	0	0	0.04	0	0	0	0	0	0	0	0	0
Angustibacteraceae	0	0	0	0	0	0.12	0.21	0.28	0	0	0	0	0	0	0.03	0	0	0.08	0	0	0	0.02	0	0	0	0	0	0	0	0	0	0	0	0	0	0	0	0	0	0	0	0	0	0.08	0	0	0	0	0	0	0	0	0	0	0	0	0	0.27	0.01	0	0	0	0	0	0	0	0	0	0	0	0	0	0	0	0	0.03	0	0	0	0	0
S36-B12	0	0	0	0	0	0.12	0	0	0.03	0.04	0	0.17	0	0.05	0	0.02	0	0.04	0	0	0.03	0.03	0	0.01	0.03	0	0	0.03	0	0	0.05	0	0.02	0.04	0	0.02	0	0.03	0.04	0.02	0	0	0	0.03	0.02	0	0	0	0	0	0	0	0	0	0	0	0	0	0.02	0	0.02	0	0	0	0	0	0	0.01	0.06	0	0	0.1	0	0	0	0.03	0	0	0	0	0
Jiangellaceae	0	0	0	0	0	0.1	0	0	0.02	0.05	0	0	0	0	0	0	0	0	0	0	0.01	0.01	0	0.02	0.01	0.02	0.04	0.02	0	0.02	0	0	0	0.03	0	0	0	0.02	0.05	0	0	0	0	0.03	0.02	0	0	0	0	0	0	0	0	0	0	0	0	0	0	0	0	0	0	0	0	0	0	0	0.07	0	0	0	0	0	0	0	0	0	0	0	0
Streptosporangiaceae	0.03	0	0	0	0	0.26	0.3	0.23	0.13	0.08	0.15	0.02	0.09	0.22	0.17	0	0.11	0.22	0.17	0.18	0.13	0.21	0	0.08	0.1	0.08	0.12	0.17	0.1	0.1	0.07	0.07	0.05	0.1	0.13	0.08	0.04	0.07	0.14	0.12	0.17	0	0	0.07	0.1	0.07	0	0.13	0.13	0	0	0.47	0.06	0	6.34	0.09	0	0.12	0.14	0.88	0.01	0.02	0.42	0	0	0	0	0.16	0.19	0	1.17	0.08	0.07	0.05	0.32	0.05	0.06	0	0.36	0.02	0.03
JAHEKZ01	0	0	0	0	0	0.32	0	0	0	0	0.05	0.18	0	0.04	0.03	0	0	0	0	0	0	0	0	0	0	0	0	0	0	0	0	0	0	0.61	0	0	0	0	0.03	0	0	0	0	0.05	0	0	0	0	0	0	0	0	0	0	0	0	0	0.47	0	0	0.03	0	0	0	0	0	0	0	0	0	0	0	0	0	0	0	0	0.02	0	0.02	0
JALYLC01	0.03	0	0	0	0	0.08	0.19	0.12	0	0	0.06	0	0	0.07	0.18	0	0	0	0	0	0	0.01	0	0	0	0	0	0	0	0	0	0	0	0.04	0	0	0	0	0	0	0	0	0	0.12	0	0	0	0	0	0	0	0	0	0	0	0.02	0	0.14	0.03	0	0	0	0.14	0	0	0	0	0	0	0	0	0	0	0	0	0	0	0.03	0.05	0.05	0.02
WHSQ01	0	0	0	0	0	0.08	0	0	1.18	2.85	0.15	0	0	0	0.31	0	0.23	0.05	0	2.26	0	0.19	0	1.91	2.94	1.4	2.03	0.47	2.42	5.91	2.79	2.11	3.83	0	0.68	2.33	1.29	1.99	1.45	3.63	1.14	0	0	0.68	1.43	0	0.4	0.98	0.21	0	0	0	0.83	0	0	0	0	0	0	0	0	0	0	0	0	0	0	0.04	0.04	0	0	0	0	0	0	0.44	0	0	0	0.03	0
Villigracilaceae	0	0	0	0	0	0.23	0	0	0	0	0	0.11	0	0.08	0.48	0.2	0	0	0	0	0	0	0	0	0.08	0	0	0	0	0	0	0	0.03	0.2	0	0	0	0	0	0	0	0	0	0.18	0.92	0	0	0	0	0.24	0	0	1.74	0	0	0	0	0.02	0	0	0.11	0	0.17	0.14	0.07	2.91	0	0	0	0.43	0	0	0.15	0	0	0.29	0.13	0.09	0.03	0.4	0
JACRMK01	0	0	0	0	0	0.08	0	0	0	0	0	0	0	0	0	0	0	0	0	0	0	0	0	0	0	0	0	0	0	0	0	0	0	0	0	0	0	0	0	0	0	0	0	1.39	0	0	0	0	0	0	0	0	0	0	0	0	0	0	0	0	0	0	0.1	0	0	0	0	0	0	0	0	0	0	0.08	0	0	0.12	0.04	0.04	0.02	0
UBA10324	0	0	0	0	0	0.15	0.16	0.08	0.04	0.06	0.07	0	0	0.13	0.12	0	0	0.15	0	0	0	0	0	0.01	0.07	0	0.04	0	0.02	0	0.08	0.03	0.06	0.3	0	0	0	0	0.08	0.05	0	0	0	0.04	0.08	0	0.05	0.08	0.04	0	0	0	0.26	0.05	0.01	0.08	0	0.13	0.28	0	0	0	0.14	0	0	0.18	0	0	0.12	0.07	0	0	0.06	0.15	0	0.05	0.03	0.02	0.15	0.04	0
OLB10	0	0	0	0	0	0.08	0.13	0.08	0.01	0	0	0	0.05	0.66	0.08	0.05	0	0.08	0	0	0	0	0	0	0.01	0	0	0	0	0	0	0	0.03	0.31	0	0	0.05	0	0	0	0	0	0	0.04	0.05	0.11	0.04	0	0	0	0.11	0	0.16	0.1	0	0	0	0.12	0.1	0	0.03	0.04	0.07	0	0	0.46	0	0	0.07	0.08	0	0.15	0.13	0.11	0	0.19	0	0.03	0.02	0.14	0.2
B-1AR	0	0	0	0	0	0.24	0.15	0	0.09	0.11	1.79	0	0	0.48	0.37	0.08	0	0	0	0	0	0	0	0.01	0.09	0	0	0	0	0	0	0.02	0.09	0.23	0	0	0	0	0.03	0.08	0	0	0	0.16	0.32	0	0.22	0	0	0.25	0	0	0.34	0.33	0	1.04	0	0.16	0.05	0	0.28	0.01	0.07	0	0	1.92	0	0	0.04	0.16	0	0.03	0.4	1.04	0	0.32	0.14	0.09	0.12	0.53	0
UBA1018	0.02	0	0	0	0	0.07	0.09	0.14	0.01	0	0.11	0.48	0.08	0.04	0.04	0	0	0.04	0	0	0.02	0.05	0.02	0	0.02	0	0	0	0	0	0	0	0	0.09	0	0	0	0	0.04	0	0	0	0	0	0.16	0	0	0	0	0	0.13	0.05	0	0.04	0.15	0.05	0.02	0.22	0.16	0	0.02	0.04	0.07	0	0	0	0	0.05	0	0.14	0.27	0.14	0.11	0.14	0.06	0.1	0.11	0.16	0.16	0.21	0.09
Beijerinckiaceae	0	0	0	0	0	0.07	0.06	0	0.21	0.12	0.22	0.03	0.09	0.31	0.37	0.04	0.1	0.39	0.23	0.21	0.34	0.23	0	0.13	0.16	0.11	0.15	0.21	0.1	0.2	0.06	0.16	0.13	0.06	0	0.09	0	0.06	0.2	0.08	0.13	0	0.17	0.49	0.09	0	0.07	0.42	0.22	0.06	0	1.74	0.12	0.24	2.14	0.03	0	0.18	0.05	0.03	0.13	0.08	0.49	0	0	0	0	0.13	0.34	0.07	1.64	0.1	0.28	0.34	0	0.1	0.17	0.08	0.83	0.19	0.05
Gallionellaceae	0.04	0	0	0	0	0.06	0.16	0.55	0.01	0	0	0.9	0.05	0	0	0.04	0	0	0	0	0	0.01	0.02	0	0	0	0	0	0	0	0	0	0	0.24	0	0	0	0	0	0	0	0.22	0	0	0	0	0	0	0	0	0	0	0	0.1	0	0	0.03	0.05	0.07	0	0	0.03	0.02	0.03	0	0	0	0	0	0.06	0	0.17	0	0.39	0	0.06	0	0.64	0	0.03	0.05
JALYOK01	0	0	0	0	0	0.13	0	0	0.02	0	0.43	0	0	0.14	0.13	0	0	0	0	0	0	0.06	0	0	0.02	0	0	0	0	0	0	0	0	0	0	0	0	0	0.04	0	0	0	0	0.04	0.01	0	0	0	0	0.04	0	0	0.18	0	0	0	0	0.11	0	0	0	0	0	0	0	0.15	0	0	0	0	0	0	0	0	0	0	0.03	0	0	0	0
Deinococcaceae	0.11	0	0	0	0	0.11	0.07	0.21	0	0	0	0.08	0.1	0	0.04	0	0	0.21	0	0	0.08	0	0.06	0	0	0	0	0	0	0	0	0	0	0.05	0	0	0	0	0	0	0	0	0	0	0	0	0	0	0	0	0.07	0	0	0	0	0.13	0.15	0.23	0.37	0	0	0.11	0	0	0.06	0	0.09	0	0.04	0	0	0	0	0	0.02	0	0	0	0	0	0
RAAP-2	0	0	0	0	0	0	0.11	0	0.06	0.06	0.08	0	0	0	0.03	0	0	0.05	0.03	0.05	0.15	0.14	0	0.05	0.07	0.03	0.06	0.07	0.03	0.09	0.03	0.07	0.05	0.02	0.04	0.04	0.08	0.03	0.22	0.08	0.12	0	0	0.07	0.07	0	0.05	0.09	0.07	0	0	3.75	0.03	0	1.14	0.02	0	0.06	0.04	0.56	0.02	0.02	0	0	0	0	0	0.05	0.03	0	0.79	0.04	0	0.04	0.67	0.04	0.04	0.03	0.14	0.02	0.97
Spirosomataceae	0	0	0	0	0	0	0.14	0.27	0.03	0	0.2	0.2	0.43	0.15	0.27	0.48	0	0.57	0	0	0.21	0.04	0.11	0.11	0	0	0.03	0.19	0	0	0	0	0	0.17	0	0	0	0	0	0	0.02	0.2	0	0	0.04	0.12	0	0	0.1	0.46	0	0	0.02	0.59	0	0.67	4.06	0.34	0.37	0	0.1	0.08	0	0.04	0.7	0	0.43	0.05	0.35	0	0.08	0.39	0.1	0	0.06	0.15	0	0	0	0	0
Myxococcaceae	0	0	0	0	0	0	0.07	0	0.04	0	0	0.13	0	0.11	0.07	0.04	0	0.11	0	0	0	0.06	0.05	0	0.05	0.02	0.02	0	0	0	0	0.02	0.02	0.22	0	0	0	0	0.04	0.02	0	0	0	0.04	0.1	0	0	0	0.13	0	0.18	0	0.13	0.19	0.54	0	0.01	0.2	0.14	0.11	0.05	0.28	0.16	0	0	0.2	0	0	0.02	0.19	0.04	0.28	0.19	0.22	0.05	0.07	0.12	0.08	0.03	0.15	0.12
JACDBH01	0.04	0	0	0	0	0	0.07	0.15	0	0	0	0.02	0	0.03	0.07	0	0	0	0	0	0	0	0.02	0	0	0	0	0	0	0	0	0	0	0.09	0	0	0	0	0	0	0	0	0	0	0.08	0	0	0	0	0	0	0	0.04	0	0	0	0	0.32	0.04	0	0.04	0	0	0	0	0.13	0	0	0	0	0	0.25	0.08	0	0	0.08	0.04	0.04	0	0.03	0.05
Zambryskibacteraceae	0	0	0	0	0	0	0.1	0.04	0	0	0.14	0	0.04	0.04	0.03	0	0	0	0	0	0	0	0	0	0	0	0	0	0	0	0	0	0	0.04	0	0	0	0	0	0	0	0.89	0	0.02	0.07	0	0	0	0	0	0	0	0.05	0.1	0.01	0	0	0.16	0.02	0	0.12	0	0.15	0	0	0	0	0	0	0.35	0.06	0.33	0.18	0.17	0	0.24	0.16	0.34	0.19	0.24	0.48
Microcoleaceae	0	0	0	0	0	0	0.09	0.07	0.09	0	0	0.02	2.01	0.86	0.29	0.16	0	7.31	0	0.03	0.02	0	0	0.07	0	0	0	0	0.05	0	0	0	0	0.22	0	0	0	0.03	0	0	0	0	0	0	0.05	2.41	0	0	0	0.07	0.65	0	0	0	0	0	1.53	0	0	0	0	0	0	0	0	0	0.38	0	0	0	0.3	0	0	0	0.07	0	0	0	0	0	0.02
Planococcaceae	0.53	0	0	0	0	0	0.76	0.12	0	0	0	0	0	0	0	0	0	0	0	0	0	0	0.21	0	0	0	0	0	0	0	0	0	0	0	0	0	0	0	0	0	0	2.24	0	0	0	0	0	0	0	0	0	0	0	0	0	0	0	0	0	0.79	0	0.18	0	0.07	0	0	0.97	0	0	0	0	0	0	0	0	0	0	0	0	0	0.1
Actinomycetaceae	0	0	0	0	0	0	0	0.11	0.03	0.02	0	0.08	0.06	0.05	0.04	0	0.04	0.03	0.04	0	0.02	0	0.05	0.01	0.02	0.01	0	0.02	0.03	0	0	0	0	0	0	0.02	0	0	0.02	0.02	0	0	0	0.03	0.02	0	0	0	0	0	0	0	0	0	0	0	0.01	0.04	0.01	0	0.01	0.01	0	0	0	0	0	0	0.02	0.04	0	0	0	0	0	0	0	0	0	0	0
Kineococcaceae	0	0	0	0	0	0	0	0.06	0	0	0	0	0.04	0.03	0	0	0	0.04	0	0	0.01	0	0	0	0	0	0	0	0	0	0	0	0	0	0	0	0	0	0	0	0	0	0	0	0.01	0	0	0	0	0	0	0	0	0	0	0	0	0.04	0	0	0	0	0	0	0	0	0	0	0.01	0	0	0	0	0	0	0	0	0	0	0	0
WLNW01	0.01	0	0	0	0	0	0	0.04	0	0	0	0.06	0	0	0	0	0	0	0	0	0	0	0	0	0	0	0	0	0	0	0	0	0	0	0	0	0	0	0	0	0	0	0	0	0	0	0	0	0	0	0	0	0	0	0	0	0	0.06	0.01	0	0	0.04	0	0	0	0	0	0	0	0	0	0	0	0	0	0	0	0	0	0	0
B-17BO	0.05	0	0	0	0	0	0	0.06	0	0	0	0.14	0.06	0.07	0.04	0.29	0	0	0	0	0.01	0	0	0	0	0	0	0	0	0	0	0	0	0.14	0	0	0	0	0	0	0	0	0	0.13	0.04	0	0	0	0	0	0	0.03	0.11	0.11	0	0.02	0.37	0.03	0.08	0	0.06	0.03	0.03	0.01	0.19	0.16	0	0	0.06	0.28	0.57	1.46	0.18	0.31	0.06	0.61	0.9	0.1	0.31	0.18	0.12
CADCWN01	0	0	0	0	0	0	0	0.15	0.11	0.04	0	0	0.04	0.06	0.12	0	0.08	0.15	0.1	0.09	1.02	0.19	0	0.08	0.05	0.05	0.11	0.14	0.06	0.07	0.04	0.06	0.03	0.04	0.03	0.03	0	0.04	0.05	0.04	0.21	0	0	0	0.02	0	0	0.13	0	0	0	0	0	0	0	0.09	0	0.04	0.1	0	0	0	0	0	0	0	0	0.4	0.37	0	0	0	0	0	0	0	0	0	0	0	0
Palsa-1104	0	0	0	0	0	0	0	0.04	0	0	0	0.02	0	0	0.05	0	0	0	0	0	0	0	0	0	0	0	0	0	0	0	0	0	0	0.06	0	0	0	0	0	0	0	0	0	0	0.01	0	0	0	0	0	0	0.02	0	0	0.07	0	0	0.11	0	0	0	0	0.17	0	0	0	0	0	0.01	0.1	0	0	0	0.17	0.14	0	0.06	0.06	0.27	0.05	0
Bdellovibrionaceae	0.02	0	0	0	0	0	0	0.05	0	0	0.06	0.31	0.16	0.07	0.04	0.2	0	0	0	0	0.01	0	0.04	0	0	0	0	0	0	0	0	0	0	0.16	0	0	0	0	0	0	0	0	0	0	0.14	0	0	0	0	0	0	0	0.02	0.07	0	0.02	0.19	0.12	0.11	0	0.03	0.03	0	0	0.26	0	0	0	0	0.25	0.07	0.24	0.18	0.07	0.08	0.59	0.08	0.11	0.06	0.07	0.24
Armatimonadaceae	0	0	0	0	0	0	0	0.05	0.07	0.16	0	0	0.04	0.13	0.08	0	0.2	0.59	0.04	0.06	3.24	0.26	0	0.13	0.14	0.11	0.13	0.06	0.06	0.23	0.07	0.06	0.03	0.04	0	0	0	0	0.06	0.13	0	0	0	0	0.01	0	0.06	0.45	0.23	0	0	0.27	0.04	0.35	0	0.14	0	0.1	0.08	0	0	0	0	0	0	0	0	0.02	0.13	0	0	0	0.1	0.04	0	0	0	0	0	0.03	0
Parachlamydiaceae	0	0	0	0	0	0	0	0.04	0.01	0	0.14	0	0	0	0	0	0	0	0	0	0.01	0	0	0	0	0	0	0	0	0	0	0	0	0.06	0	0	0	0	0.02	0	0	0	0	0.03	0.02	0	0	0	0	0	0	0	0	0	0.15	0	0	0.06	0.08	0	0.05	0.01	0.12	0	0	0	0	0	0.02	0	0	0	0.05	0.27	0	0.41	0.21	0.2	0.11	0.25	0.02
JACMKV01	0	0	0	0	0	0	0	0	0.1	0	0	0	0	0	0	0	0	0.08	0	0	0	0.03	0	0	0.02	0	0	0	0	0	0	0	0	0	0	0	0	0	0.08	0.04	0	0	0	0	0.01	0	0	0	0.16	0	0	0	0.04	0	0	0	0	0	0	0	0	0	0	0	0	0	0	0	0.03	0	0	0	0	0	0	0	0	0	0	0	0
Afifellaceae	0	0	0	0	0	0	0	0	0.12	0.11	0	0	0.03	0.18	0	0	0.11	0.11	0.15	0.12	0.05	0.03	0	0.1	0.11	0.14	0.1	0.14	0.15	0.1	0.12	0.09	0.06	0	0.07	0.07	0	0.05	0.14	0.04	0	0	0	0.06	0.03	0	0.08	0	0.12	0	0.16	0	0.04	0	0	0	0	0	0.03	0	0.11	0.3	0	0	0	0	0	0	0.04	0	0	0	0.06	0	0	0	0	0	0	0.08	0
Vicinamibacteraceae	0	0	0	0	0	0	0	0	0.02	0.13	0	0	0	0.2	0	0	0.12	0.14	0.05	0.05	0.18	0.08	0	0.05	0.06	0.03	0.03	0.08	0.05	0.02	0.05	0.06	0.09	0.04	0.08	0	0.14	0.07	0.17	0.09	0.34	0	0	0	0.31	0.46	0.24	0	0.14	0.54	0.33	0	0.02	0	0	0.04	0	0	0.09	0	0.03	0.03	0	0	0	0.15	0	0.03	0.03	0	0	0	0	0	0	0	0	0	0	0	0
DEV007	0	0	0	0	0	0	0	0	0.01	0.1	0	0.02	0.13	0.04	0	0.48	0	0	0	0	0	0.01	0.12	0.01	0.01	0	0	0	0	0	0	0	0	0	0	0	0.05	0	0.03	0	0.14	0	0	0	0.1	0.28	0	0	0	0.1	0	0	0.05	0	0	0.02	0.05	0	0.02	0	0.36	0.68	0	0	0	0.1	0	0	0.01	0	0	0	0.04	0	0	0	0	0	0	0.03	0
Kallotenuaceae	0	0	0	0	0	0	0	0	0.11	0.05	0.24	0	0.05	0.06	0.16	0	0.07	0.16	0	0.12	0.86	0.06	0	0.03	0.07	0.06	0.08	0.1	0.05	0.04	0.04	0.05	0.05	0	0	0.02	0	0.04	0.08	0.07	0.03	0	0	0	0.02	0	0	0	0	0	0	0	0.03	0	0	0	0	0	0.04	0	0	0	0	0	0	0	0	0.04	0.11	0	0	0	0	0	0	0	0	0	0	0	0
Chloroflexaceae	0	0	0	0	0	0	0	0	0.01	0	0	0	0	0.17	0.26	0.79	0	0.03	0	0	0	0	0	0	0	0	0	0	0	0	0	0	0	0.05	0	0	0	0	0	0	0	0	0	0	0	0	0	0	0	0	0	0	0	0	0	0.01	0	0	0	0	0	0	0	0	0	0	0	0	0	0	0	0	0	0	0	0	0	0	0	0	0
Herpetosiphonaceae	0	0	0	0	0	0	0	0	0.01	0	0	0.03	0	0.03	0.11	0	0	0.25	0	0	0.01	0.05	0	0	0	0	0	0	0	0	0	0	0	0.09	0	0	0	0	0.02	0	0	0	0	0	0.02	0	0	0	0	0	0	0	0	0	0	0.32	0	0.04	0.12	0	0	0	0	0	0	0	0	0	0	0	0	0	0	0	0	0	0	0	0	0	0
CFX8	0	0	0	0	0	0	0	0	0.06	0.04	0	0	0.04	0	0	0	0.03	0.06	0.03	0.11	0.43	0.1	0	0.08	0.05	0.04	0.04	0.07	0.09	0	0.04	0	0.03	0	0.08	0	0.21	0.11	0.05	0	0.1	0	0	0	0.03	0	0	0	0	0.07	0.06	0	0	0	0	0	0	0	0.18	0	0.01	0	0	0	0	0	0	0.08	0.03	0	0	0	0	0	0	0	0	0	0	0	0
Thermomicrobiaceae	0	0	0	0	0	0	0	0	0.02	0.01	0	0	0	0	0	0	0	0	0	0	0.05	0.02	0	0	0.02	0.01	0	0	0	0	0	0	0	0	0	0	0	0	0	0	0	0	0	0	0	0	0	0	0	0	0	0	0	0	0	0.01	0	0	0.02	0	0	0	0	0	0	0	0	0	0.01	0	0	0	0	0	0	0	0	0	0	0	0
JADLAZ01	0	0	0	0	0	0	0	0	0.02	0	0	0	0	0	0.03	0	0	0	0	0	0	0.02	0	0	0.01	0	0	0	0	0	0	0	0	0	0	0	0	0	0	0	0	0	0	0	0	0	0	0	0	0	0	0	0.04	0	0	0	0	0	0	0	0	0	0	0	0	0	0	0	0	0	0	0	0	0	0	0	0	0	0	0	0
Thermobaculaceae	0	0	0	0	0	0	0	0	0.06	0.09	0	0	0	0	0	0	0.03	0.05	0.07	0.05	0.42	0.27	0	0.06	0.06	0.03	0.1	0.07	0.06	0.12	0	0.06	0	0	0.04	0.02	0	0.07	0.05	0.11	0	0	0	0	0	0	0	0	0	0	0	0	0	0	0	0	0	0	0	0	0	0	0	0	0	0	0	0.01	0.27	0	0	0	0	0	0	0	0	0	0	0	0
Phototrophicaceae	0	0	0	0	0	0	0	0	0.02	0	0	0.03	0	0.75	0.4	0.29	0	0.07	0	0	0	0	0	0	0	0	0	0	0	0	0	0	0	0.22	0	0	0	0	0.11	0	0	0.18	0	0.03	0.02	0	0	0	0	0	0	0	0.03	0.51	0.02	0.07	0	0.04	0	0	1.28	0.02	0.23	0	0	0	0	0	0	0.11	0	0	0.22	0.3	0	0.13	0	0.08	0.04	0.35	0
WHTK01	0	0	0	0	0	0	0	0	0.05	0	0	0	0	0	0	0	0	0	0	0	0	0.02	0	0.01	0.01	0	0	0	0	0	0	0	0	0	0	0	0	0	0	0	0	0	0	0.02	0.01	0	0	0	0	0	0	0	0.03	0	0	0	0	0	0	0	0.2	0	0.17	0	0	0	0	0	0	0	0	0	0	0.08	0	0.04	0	0	0.02	0.06	0
UBA2979	0	0	0	0	0	0	0	0	0.02	0	0	0	0	0	0	0	0	0	0	0	0	0.1	0	0	0.01	0	0	0	0	0	0	0	0	0.02	0	0	0	0	0	0	0	0	0	0	0.01	0	0	0	0	0	0	0	0.04	0	0	0	0	0	0.01	0	0.16	0.04	0.06	0	0	0	0	0	0	0	0.05	0.17	0.04	0.07	0	0.12	0.1	0.05	0.05	0.12	0
CAUJGQ01	0	0	0	0	0	0	0	0	0.06	0	0	0	0	0	0.05	0	0	0.03	0	0	0.06	0.02	0	0.02	0.02	0	0.02	0	0	0	0	0	0	0	0	0	0	0	0	0	0	0	0	0	0	0	0	0	0	0	0	0	0.02	0	0.01	0	0	0	0	0	0	0	0.02	0	0	0	0	0	0.02	0	0.04	0	0	0	0	0	0	0	0.08	0	0
CF-72	0	0	0	0	0	0	0	0	0.01	0	0	0	0	0	0.03	0	0	0.03	0	0	0.01	0.04	0	0	0.02	0	0	0	0	0	0	0	0	0	0	0	0	0	0	0	0	0	0	0.04	0.01	0	0	0	0	0	0	0	0.03	0	0.33	0	0	0	0.04	0	0	0	0.13	0	0	0	0	0.02	0	0	0.04	0	0	0	0	0	0.03	0	0.05	0	0
JACCZL01	0	0	0	0	0	0	0	0	0.37	0.1	0.21	0	0	0.12	0.24	0	0.04	0.11	0.04	0.15	0.51	0.28	0	0.18	0.3	0.17	0.27	0.15	0.11	0.5	0.15	0.22	0.19	0.06	0.05	0.07	0	0.11	0.15	0.27	0.07	0	0	0.07	0.08	0	0.13	0.17	0	0	0	0	0.21	0	0	0	0	0	0.04	0	0.03	0	0	0	0	0	0	0.01	0.28	0	0	0	0	0	0	0	0	0	0	0	0
JAJPHF01	0	0	0	0	0	0	0	0	0.02	0	0	0	0	0	0	0	0	0	0	0	0	0.02	0	0	0.01	0	0	0	0	0	0	0	0	0	0	0	0	0	0	0	0	0	0	0	0	0	0	0	0	0	0	0	0	0	0	0	0	0	0	0	0	0	0	0	0	0	0	0	0	0	0	0	0	0	0	0	0	0	0	0	0
JAJPGT01	0	0	0	0	0	0	0	0	0.01	0	0	0	0	0	0	0	0	0	0	0	0	0.05	0	0	0	0	0	0	0	0	0	0	0	0	0	0	0	0	0	0	0	0	0	0	0	0	0	0	0	0	0	0	0	0	0	0	0	0	0	0	0	0	0	0	0	0	0	0	0	0	0	0	0	0	0	0	0	0	0	0	0
JADZDV01	0	0	0	0	0	0	0	0	0.01	0	0	0	0	0	0	0	0	0	0	0	0	0.03	0	0	0.01	0	0	0	0	0	0	0	0	0	0	0	0	0	0	0	0	0	0	0.02	0.01	0	0	0	0	0	0	0	0	0	0	0	0	0	0	0	0	0	0	0	0	0	0	0	0	0	0	0	0	0	0	0	0	0	0	0	0
UBA12225	0	0	0	0	0	0	0	0	0.12	0.4	0.14	0	0	0	0.09	0	0.1	0.16	0.1	0.18	0.33	0.33	0	0.12	0.3	0.12	0.15	0.08	0.12	0.29	0.2	0.14	0.13	0	0.12	0.18	0.14	0.13	0.15	0.23	0	0	0	0	0.04	0	0.97	0.26	0.06	0.05	0.23	0	0.13	0	0	0	0	0	0.02	0	0	0	0	0	0	0	0	0.06	0.15	0	0	0	0	0	0	0	0	0	0	0	0
Peribacteraceae	0	0	0	0	0	0	0	0	0.02	0	0	0	0	0.03	0.06	0	0	0.06	0	0	0	0	0	0	0	0	0	0	0	0	0	0	0	0	0	0	0	0	0	0	0	0	0	0.02	0.03	0.05	0	0	0	0	0	0	0.07	0	0	0	0	0	0	0	0.08	0	0.06	0	0	0	0	0	0	0	0.06	0	0.15	0.06	0	0	0.13	0.18	0.14	0.15	0.03
2-12-FULL-41-12	0	0	0	0	0	0	0	0	0.1	0.02	0	0	0	0.09	0.03	0	0.13	0.26	0.16	0	0	0.27	0	0	0.05	0	0.02	0.1	0	0	0.04	0.05	0.09	0	0	0	0.08	0.03	0.24	0.15	0.04	0	0	0	0.39	0	0.26	0	0.62	0.22	0	0	0.02	0	0	0.03	0	0.04	0.85	0	0.18	0.01	0	0	0	0	0	0.31	0.03	0	0	0.17	0	0	0	0.03	0	0.02	0	0	0.02
AWTP1-31	0	0	0	0	0	0	0	0	0.01	0	0	0.12	0.03	0	0	0.05	0	0	0	0	0.02	0	0.02	0	0	0	0	0	0	0	0	0	0	0.03	0	0	0	0	0	0	0	0	0	0	0.02	0	0	0	0	0	0	0	0	0	0	0	0.01	0.03	0.04	0	0.02	0.01	0.02	0	0	0	0	0	0	0	0	0.1	0	0	0.04	0.06	0	0.02	0.03	0	0.09
JACPYF01	0	0	0	0	0	0	0	0	0.03	0	0	0	0	0	0	0	0	0	0	0	0	0.1	0	0	0	0	0	0	0	0	0	0	0	0	0	0	0	0	0	0	0	0	0	0	0.01	0	0	0	0.09	0	0	0	0	0	0	0	0	0	0.12	0	0	0	0	0	0	0	0	0	0	0	0	0	0	0	0	0	0	0	0	0	0
JAICHO01	0	0	0	0	0	0	0	0	0.04	0	0	0.03	0	0	0	0	0	0.08	0	0	1.31	0.08	0	0	0	0	0	0	0	0	0	0	0	0	0	0	0	0	0	0.03	0	0	0	0	0.07	0.29	0.05	0	0	0.22	0	0	0	0	0	0	0	0	0.02	0	0.02	0	0	0	0	0	0	0	0	0.05	0	0	0	0	0	0.03	0	0.02	0	0	0
CAIJKY01	0	0	0	0	0	0	0	0	0.01	0	0	0	0	0	0	0	0	0	0	0	0	0	0	0	0.01	0	0	0	0	0	0	0	0	0	0	0	0	0	0	0	0	0	0	0	0	0	0	0	0	0	0	0	0	0	0	0	0	0	0	0	0	0	0	0	0	0	0	0	0.01	0	0	0	0	0	0	0	0	0	0	0	0
SCTI01	0	0	0	0	0	0	0	0	0.01	0	0	0	0	0	0	0	0	0.05	0	0	0	0	0	0	0.01	0	0	0	0	0	0	0	0	0	0	0	0	0	0	0	0	0	0	0	0.01	0	0	0	0.1	0	0	0.12	0	0	0	0	0	0.1	0.04	0	0	0	0	0	0	0	0	0	0	0	0	0.08	0.04	0.04	0	0	0	0.12	0.03	0	0
JAKAEA01	0	0	0	0	0	0	0	0	0.01	0	0	0	0	0	0	0	0	0	0	0	0	0	0	0	0	0	0	0	0	0	0	0	0	0	0	0	0	0	0	0	0	0	0	0	0.03	0	0	0	0	0	0	0	0	0	0	0	0	0	0.04	0	0.01	0	0	0	0	0	0	0	0	0	0.09	0	0	0.08	0	0	0	0	0.22	0.02	0.02
UBA2103	0.04	0	0	0	0	0	0	0	0.01	0	0	0.24	0.03	0	0	0.05	0	0	0	0	0	0	0	0	0	0	0	0	0	0	0	0	0	0	0	0	0	0	0	0	0	0	0	0	0	0	0	0	0	0	0	0.18	0	0.16	0.03	0	0	0.18	0	0	0.16	0.01	0.1	0	0	0	0	0	0	0.04	0.14	0.14	0.2	0.23	0	0.24	0	0.27	0.33	0.16	0.24
CALRBL01	0	0	0	0	0	0	0	0	0.01	0	0	0	0	0	0.03	0	0	0.04	0.02	0	0	0	0	0	0	0	0	0.02	0	0	0	0	0	0	0	0	0	0	0	0	0	0	0	0	0.02	0	0	0	0	0	0	0	0	0	0	0	0	0.02	0	0	0	0	0	0	0	0	0	0	0	0	0	0	0	0	0	0	0	0	0.01	0	0.02
UBA1568	0	0	0	0	0	0	0	0	0.01	0	0	0	0	0	0	0.03	0	0	0	0	0	0	0	0	0	0	0	0	0	0	0	0	0	0	0	0	0	0	0	0	0	0	0	0	0	0	0	0	0	0	0	0	0	0	0	0	0	0	0	0	0.01	0	0	0	0	0	0	0	0	0	0	0	0	0	0	0.21	0	0	0	0.05	0
O2-02-FULL-48-8	0	0	0	0	0	0	0	0	0.01	0	0	0	0	0.05	0	0	0	0	0	0	0	0	0	0	0	0	0	0	0	0	0	0	0	0	0	0	0	0	0	0	0	0	0	0.03	0.07	0	0	0	0	0	0	0	0	0	0	0	0	0	0.05	0	0	0	0.03	0	0	0	0	0	0	0	0	0	0.08	0.12	0	0	0.06	0.22	0.12	0.08	0
SICC01	0	0	0	0	0	0	0	0	0.08	0.06	0.05	0	0	0	0	0	0	0.05	0.25	0	0	0.01	0	0.01	0.02	0.02	0.05	0.1	0	0	0.02	0.09	0.07	0	0	0.04	0	0.03	0	0.12	0.04	0	0	0	0.02	0	0	0	0	0	0	0	0	0	0	0	0	0	0	0	0	0	0	0	0	0	0	0	0.12	0	0	0	0	0	0	0	0	0	0	0	0
BACL12	0	0	0	0	0	0	0	0	0.01	0	0	0	0	0.18	0.13	0.11	0	0	0	0	0	0	0	0	0	0	0	0	0	0	0	0	0	0.19	0	0	0	0	0	0	0	0	0	0	0.02	0	0.05	0	0	0.56	0	0	0.28	0.06	0	0.06	0	0	0.06	0	0	0	0	0	0	0	0	0	0.06	0	0	0	0	0	0	0.04	0	0	0	0.02	0.03
ES-bin-26	0	0	0	0	0	0	0	0	0.01	0	0	0	0	0	0	0	0	0	0	0	0	0	0	0	0	0	0	0	0	0	0	0	0	0	0	0	0	0	0	0	0	0	0	0	0	0	0	0	0	0	0	0	0	0	0	0	0	0	0.02	0	0	0	0	0	0	0	0	0	0	0	0	0	0	0	0	0	0	0	0	0	0
OLB7	0.02	0	0	0	0	0	0	0	0.02	0.02	0	0	0	0.09	0.07	0	0	0	0	0	0	0	0	0	0	0	0	0	0	0	0	0	0.05	0.05	0	0	0	0	0.04	0	0	0	0	0	0.04	0	0	0	0	0	0	0	0.04	0.15	0	0.04	0	0	0.21	0	0	0.01	0	0	0	0	0	0	0.1	0	0	0	0.05	0	0	0.03	0	0.16	0.03	0.11	0
Rubricoccaceae	0	0	0	0	0	0	0	0	0.05	0	0.11	0.03	0.26	0.3	0.22	0	0	0.76	0.09	0	0.04	0	0.07	0.02	0	0	0	0.07	0	0	0	0	0	0.03	0	0	0	0	0	0	0	0	0	0	0.07	0.14	0	0	0	0.15	0	0	0.08	0	0	0.31	1.34	0	0.37	0	0.2	0.32	0	0	0	0	0.08	0	0.01	0	0	0	0	0	0.06	0	0	0	0	0	0
JAEZED01	0	0	0	0	0	0	0	0	0.02	0	0	0	0	0.09	0	0	0	0	0	0	0	0	0	0	0.02	0	0	0	0.02	0	0	0	0	0	0	0	0	0	0	0	0	0	0	0	0.01	0	0	0	0	0	0	0	0	0	0	0.07	0	0	0	0	0	0	0	0	0	0	0	0	0	0	0	0	0	0	0	0	0	0	0	0	0
JAEUIK01	0	0	0	0	0	0	0	0	0.01	0	0	0	0	0	0	0	0	0	0	0	0	0	0	0	0	0	0	0	0	0	0	0	0	0	0	0	0	0	0	0	0	0	0	0	0	0	0	0	0	0	0	0	0	0	0.05	0	0	0	0	0	0.05	0	0.02	0	0	0	0	0	0	0	0.04	0	0	0.09	0	0.04	0	0.03	0.05	0.06	0
UBA1268	0	0	0	0	0	0	0	0	0.01	0	0	0	0	0	0	0	0	0	0	0	0	0	0	0	0	0	0	0	0	0	0	0	0	0	0	0	0	0	0	0	0	0	0	0	0	0	0	0	0	0	0	0	0	0	0.02	0	0	0	0	0	0.01	0	0.01	0	0	0	0	0	0	0	0	0	0	0.05	0	0	0	0	0	0.03	0
PALSA-1355	0	0	0	0	0	0	0	0	0.03	0	0.05	0	0	0	0.03	0	0	0	0	0	0	0	0	0	0	0	0	0	0	0	0	0	0	0	0	0	0	0	0	0	0	0	0	0	0.01	0	0	0	0	0	0	0	0.03	0.06	0.4	0.02	0	0	0	0	0.16	0.02	0.21	0	0	0	0	0	0	0.07	0	0	0.07	0.93	0	0.15	0	1.13	0.22	0.2	0.02
Thermoguttaceae	0	0	0	0	0	0	0	0	0.02	0	0	0	0	0.04	0.04	0	0	0	0	0	0	0	0	0	0	0	0	0	0	0	0	0	0	0	0	0	0	0	0	0	0	0	0	0	0.02	0	0	0	0	0	0	0	0.04	0	0.15	0	0	0	0	0	0.06	0.07	0.05	0	0	0	0	0	0	0	0	0	0	0.2	0	0	0	0.08	0.04	0.08	0
JALHPA01	0	0	0	0	0	0	0	0	0.01	0	0	0	0	0	0	0	0	0	0	0	0	0	0	0	0	0	0	0	0	0	0	0	0	0	0	0	0	0	0	0	0	0	0	0	0	0	0	0	0	0	0	0	0	0	0.02	0	0	0	0	0	0	0	0.03	0	0	0	0	0	0	0	0	0	0	0	0	0	0	0	0	0.01	0
Pan216	0	0	0	0	0	0	0	0	0.02	0	0	0	0	0.03	0	0	0	0	0	0	0	0	0	0	0	0	0	0	0	0	0	0	0	0	0	0	0	0	0	0	0	0	0	0	0	0	0	0	0	0	0	0	0	0	0	0	0	0	0	0	0	0	0	0	0	0	0	0	0	0	0	0	0	0	0	0	0	0	0	0	0
UBA11346	0	0	0	0	0	0	0	0	0.02	0	0.07	0	0.42	0.11	0.1	1.19	0	0	0	0	0.12	0.02	0	0	0	0	0	0	0	0	0	0	0	0.15	0	0	0	0	0	0	0	0	0	0.02	0.21	0	0	0	0	0.16	0.34	0	0.11	0.21	0.04	0.26	0	0.17	0	0	0.01	0	0	0	0	0.15	0	0	0.17	0.1	0	0.22	0.06	0.08	0	0.57	1.25	0.13	0.27	0.6	0
SHYZ01	0	0	0	0	0	0	0	0	0.01	0	0	0	0	0.03	0.04	0	0	0	0	0	0	0	0	0	0	0	0	0	0	0	0	0	0	0	0	0	0	0	0	0	0	0	0	0	0.01	0	0	0	0	0	0	0	0.02	0	0	0	0	0	0	0	0	0	0	0	0	0	0	0	0	0	0	0	0	0	0	0	0	0	0	0.06	0
GCA-2862545	0	0	0	0	0	0	0	0	0.02	0	0	0	0.03	0	0.03	0	0	0.04	0	0	0	0	0	0	0	0	0	0	0	0	0	0	0	0	0	0	0	0	0	0	0	0	0	0	0.02	0	0.06	0	0	0.04	0.12	0	0.07	0	0	0	0	0	0	0	0.05	0.05	0	0.02	0	0	0	0	0	0	0	0	0	0	0	0	0	0	0	0.01	0
Nostocaceae	0	0	0	0	0	0	0	0	0.05	0	0.05	0	0.16	0.62	0.87	3.31	0	0.3	0	0.07	0.01	0	0	0.24	0.01	0	0.03	0.08	0	0	0	0	0.05	0	0	0	0	0	0	0.04	0	0	0	0	0.04	0	0	0	0	0	0	0	0	0	0	0.06	0	0	0	0	0	0	0	0	0	0	0	0	0.1	0	0	0	0	0	0	0	0	0	0	0	0
Chroococcidiopsidaceae	0	0	0	0	0	0	0	0	0.07	0	0.11	0	0	0.09	0.03	0	0	0.38	0	0.03	0	0	0	0.36	0	0	0	0.17	0.03	0	0	0	0	0	0	0	0	0	0	0	0	0	0	0	0	0	0	0	0.14	0	0	0	0	0	0	0	0	0	0	0	0	0	0	0	0	0	0	0	0.05	0	0	0	0	0	0	0	0	0	0	0	0
Phormidesmiaceae	0	0	0	0	0	0	0	0	0.05	0	0	0	0	0.37	0	0.2	0.02	0	0	0.03	0.02	0	0	0	0	0	0	0.3	0.05	0	0	0	0	0.36	0.02	0	0	0	0	0.02	0	0	0	0	0.08	0.66	0	0	0	0	0.09	0	0	0.04	0	1.43	3.92	0	0.06	0	0.02	0	0	0	0	0	0	0	0	0	0	0	0	0	0	0	0	0	0	0	0
Thermosynechococcaceae	0	0	0	0	0	0	0	0	0.01	0	0	0	0	0	0	0	0	0	0	0	0	0	0	0	0	0	0	0	0	0	0	0	0	0	0	0	0	0	0	0	0	0	0	0	0	0	0	0	0	0	0	0	0	0	0	0	0	0	0	0	0	0	0	0	0	0	0	0	0	0	0	0	0	0	0	0	0	0	0	0	0
Elainellaceae	0	0	0	0	0	0	0	0	0.02	0	0.06	0	0.13	0.28	0.11	3.99	0	0.06	0	0	0	0	0	0	0	0	0	0	0	0	0	0	0	0.08	0	0	0	0	0	0	0	0	0	0	0	0	0	0	0	0	0	0	0	0	0	0	0	0	0	0	0	0	0	0	0	0	0	0	0	0	0	0	0	0	0	0	0	0	0	0	0
Leptolyngbyaceae	0	0	0	0	0	0	0	0	0.01	0	0	0.06	1.1	0.2	0.04	0.15	0	0.08	0	0	0.01	0	0	0	0	0	0	0	0	0	0	0	0	0.08	0	0	0	0	0	0	0	0	0	0	0	0	0	0	0	0	0.08	0	0	0.04	0	0	0.04	0	0	0	0	0	0	0	0	0	0	0	0	0	0	0	0	0	0	0	0	0	0	0	0
SYMT01	0	0	0	0	0	0	0	0	0.02	0	0.05	0	0	0	0.05	0	0	0.03	0	0	0	0.04	0	0	0.01	0	0.02	0	0	0	0	0	0.06	0	0	0	0	0	0	0	0	0	0	0	0.02	0	0	0	0	0	0	0	0.06	0	0	0	0	0	0	0	0	0	0	0	0	0	0	0	0	0	0	0	0	0	0	0	0	0	0	0	0
UBA2428	0	0	0	0	0	0	0	0	0.01	0	0	0.02	0.08	0.13	0.07	0	0	0.1	0	0	0	0	0	0	0	0	0	0	0	0	0	0	0	0.03	0	0	0	0	0	0	0	0	0	0	0.13	0	0	0	0	0.08	0	0	0	0.13	0	0	0.05	0.21	0.06	0	0.02	0.01	0	0	0	0.16	0	0.02	0	0	0	0	0	0	0	0.03	0.03	0.04	0.02	0.05	0.02
F11	0	0	0	0	0	0	0	0	0.01	0	0	0	0	0.04	0.08	0	0	0.03	0	0	0	0	0	0	0.01	0	0	0	0	0	0	0	0	0	0	0	0	0	0	0	0	0	0	0	0.18	0	0	0	0	0	0	0	0.03	0.07	0	0	0	0	0	0	0	0	0.06	0	0	0	0	0	0	0	0.04	0	0	0.08	0	0	0	0.07	0.13	0.09	0.06
2-01-FULL-59-12	0	0	0	0	0	0	0	0	0.01	0	0	0	0	0.06	0	0	0	0	0	0	0	0.01	0	0	0	0	0	0	0	0	0	0	0	0	0	0	0	0	0	0	0	0	0	0	0.02	0	0	0	0	0	0	0	0	0.07	0.31	0	0	0	0	0	0	0	0.23	0	0	0	0	0	0	0.06	0	0	0.16	0.19	0	0	0.03	0.04	0.15	0.06	0
NS-4	0	0	0	0	0	0	0	0	0.04	0	0	0	0	0	0	0	0	0	0	0	0	0	0	0	0	0	0	0	0	0	0	0	0	0	0	0	0	0	0	0	0	0	0	0.21	0	0	0	0	0	0	0	0	0.13	0	0	0	0	0	0	0	0	0	0.15	0	0	0	0	0	0	0	0	0	0	0.09	0	0	0.06	0	0	0	0
QHCA01	0	0	0	0	0	0	0	0	0.16	0.02	0	0	0	0	0	0	0	0	0.07	0	0	0	0	0.03	0.04	0	0	0.02	0	0	0	0.02	0	0	0.03	0	0	0	0	0.04	0	0	0	0.05	0.23	0	0	0.17	0	0	0	0	0	0	0	0	0	0	0	0	0	0	0	0	0	0	0	0	0.13	0	0	0	0	0	0	0	0	0	0	0	0
Frankiaceae	0	0	0	0	0	0	0	0	0.05	0.03	0	0	0	0.06	0.03	0	0	0.03	0	0.03	0	0.05	0	0.02	0.03	0	0.06	0.03	0.03	0	0	0.03	0.04	0.03	0	0.03	0	0.04	0.05	0.03	0.04	0	0	0.02	0.01	0	0	0	0	0	0	0	0.02	0	0	0.01	0	0	0.04	0	0	0	0	0	0	0	0	0	0.07	0	0.04	0	0	0	0.02	0	0	0	0	0	0
JAFAQI01	0	0	0	0	0	0	0	0	0.01	0	0	0	0	0	0	0	0	0	0	0	0	0.01	0	0	0	0	0	0	0	0	0	0	0	0	0	0	0	0	0	0	0	0	0	0	0	0	0	0	0	0	0	0	0	0	0	0	0	0	0	0	0	0	0	0	0	0	0	0	0.01	0	0	0	0	0	0.05	0	0	0	0	0	0
Cryptosporangiaceae	0	0	0	0	0	0	0	0	0.01	0	0	0	0	0	0	0	0	0	0	0	0	0	0	0	0	0	0	0	0	0	0	0	0	0	0	0	0	0	0	0	0	0	0	0	0	0	0	0	0	0	0	0	0	0	0	0	0	0	0	0	0	0	0	0	0	0	0	0	0	0	0	0	0	0	0	0	0	0	0	0	0
JALYXH01	0	0	0	0	0	0	0	0	0.01	0	0	0	0	0	0	0	0	0	0	0	0	0.01	0	0	0	0	0	0	0	0	0	0	0	0	0	0	0	0	0	0	0	0	0	0	0	0	0	0	0	0	0	0	0	0	0	0	0	0	0	0	0	0	0	0	0	0	0	0	0.01	0	0	0	0	0	0	0	0	0	0	0	0
CADCTP01	0	0	0	0	0	0	0	0	0.01	0	0	0	0	0	0	0	0	0	0	0	0	0	0	0	0	0	0	0	0	0	0	0	0	0	0	0	0	0	0	0	0	0	0	0	0	0	0	0	0	0	0	0	0	0	0	0	0	0	0	0	0	0	0	0	0	0	0	0	0.03	0	0	0	0	0	0	0	0	0	0	0	0
Actinopolymorphaceae	0	0	0	0	0	0	0	0	0.01	0	0	0	0	0	0	0	0	0	0	0	0	0.02	0	0	0	0	0	0	0	0	0	0	0	0	0	0	0	0	0	0	0	0	0	0	0	0	0	0	0	0	0	0	0	0	0	0	0	0	0	0	0	0	0	0	0	0	0	0	0.02	0	0	0	0	0	0	0	0	0	0	0	0
Kribbellaceae	0	0	0	0	0	0	0	0	0.01	0	0	0	0	0	0	0	0	0	0	0	0	0	0	0	0.01	0	0.03	0	0	0	0	0.04	0	0	0	0	0	0	0	0	0	0	0	0.02	0.01	0	0	0	0	0	0	0	0	0	0	0	0	0	0.01	0	0	0	0	0	0	0	0	0	0.08	0	0	0	0	0	0	0	0	0	0	0	0
Beutenbergiaceae	0	0	0	0	0	0	0	0	0.01	0	0	0	0	0	0	0	0	0	0	0	0	0	0.29	0	0	0	0	0	0	0	0	0	0	0	0	0	0	0	0	0	0	0	0	0	0	0	0	0	0	0	0	0	0	0	0	0	0	0	0.01	0.06	0	0	0	0	0	0	0	0	0	0	0	0	0	0	0	0	0	0	0	0	0
Kineosporiaceae	0	0	0	0	0	0	0	0	0.01	0	0	0.03	0	0.05	0.07	0	0	0	0	0	0	0	0	0	0.01	0	0	0	0	0	0	0	0	0	0	0	0	0	0	0	0	0	0	0	0.01	0	0	0	0	0	0	0	0	0	0	0	0	0	0.01	0	0.05	0	0.05	0	0	0	0	0.02	0.01	0	0	0	0	0	0	0	0	0	0	0	0
CAIYMF01	0.11	0	0	0	0	0	0	0	0.01	0	0	0.27	0	0.03	0.04	0	0.03	0	0	0	0.02	0.01	0.01	0.02	0.01	0.02	0.01	0	0	0	0	0	0	0.07	0	0	0	0	0	0	0.02	0	0	0.03	0.02	0	0	0	0	0	0	0	0	0	0	0	0.01	0	0	0	0	0.01	0	0	0	0	0	0.01	0.01	0	0	0	0	0	0.18	0.03	0	0.02	0	0	0.5
Motilibacteraceae	0	0	0	0	0	0	0	0	0.01	0	0	0	0	0	0	0	0	0	0	0.03	0.03	0	0	0.01	0.02	0	0	0.01	0	0	0.02	0	0	0	0	0	0	0	0.04	0	0	0	0	0	0.01	0	0	0	0	0	0	0	0	0	0	0	0	0	0.03	0	0	0	0	0	0	0	0	0.01	0.05	0	0	0	0	0	0	0	0	0	0	0	0
JACCYY01	0	0	0	0	0	0	0	0	0.34	0.46	0.18	0	0.03	0.12	0.18	0	0.29	0.36	0.11	0.21	0	0.34	0	0.18	0.25	0.18	0.18	0.89	0.23	0.2	0.24	0.36	0.08	0	0.08	0.11	0	0.44	0.36	0.22	0.04	0	0	0	0.09	0	0	0	0.11	0	0	0	0.03	0	0	0.03	0	0	0.06	0	0	0	0	0	0	0	0	0.02	0.37	0	0	0	0	0	0	0	0	0	0	0	0
Palsa-688	0	0	0	0	0	0	0	0	0.05	0.06	0	0	0	0	0.04	0	0	0.03	0	0.03	0.1	0.08	0	0.03	0.06	0.02	0.04	0.04	0	0.05	0.03	0.04	0.07	0	0.03	0.03	0	0	0.18	0.08	0.13	0	0	0.05	0.07	0	0.11	0.11	0.05	0.06	0	0.72	0.04	0	0.21	0.01	0	0	0.03	0	0	0.02	0	0	0	0	0	0.05	0.03	0	0.18	0	0	0	0	0	0.05	0	0.08	0	0
MedAcidi-G1	0.03	0	0	0	0	0	0	0	0.02	0	0	0	0	0	0	0	0	0	0	0	0	0.02	0	0	0.01	0	0	0.03	0	0	0	0	0	0	0	0	0	0	0.06	0	0.03	0	0	0	0.02	0	0	0	0	0	0	0	0	0	0	0	0	0	0.01	0	0.04	0.07	0	0	0	0	0	0	0	0	0	0	0	0	0	0	0	0	0	0	0
SKKL01	0.04	0	0	0	0	0	0	0	0.03	0.02	0	0	0.03	0	0	0	0	0	0.02	0	0.01	0.02	0.01	0.02	0.02	0	0.03	0	0	0	0	0	0	0	0	0	0	0	0.03	0.02	0	0	0	0.02	0.05	0	0.04	0	0	0	0	0	0	0	0	0	0	0	0.02	0	0.39	0.04	0	0	0	0	0	0.04	0.03	0	0	0	0	0	0	0	0	0	0	0	0
UBA8190	0	0	0	0	0	0	0	0	0.01	0	0	0	0	0	0	0	0	0	0	0	0	0.01	0	0	0.01	0	0	0	0	0	0	0	0	0	0	0	0	0	0.05	0	0	0	0	0	0.01	0	0	0	0	0	0	0.57	0	0	0.04	0	0	0	0	0.02	0	0	0.01	0	0	0	0	0	0.01	0	0	0	0	0	0.07	0	0	0.03	0	0	0
JAJPHE01	0	0	0	0	0	0	0	0	0.01	0	0	0	0	0	0	0	0	0.02	0	0	0	0.01	0	0	0.01	0	0	0	0	0	0	0	0	0	0	0	0	0	0.09	0.03	0.03	0	0	0	0.03	0	0	0	0	0	0	0	0	0	0	0	0	0	0.01	0	0	0	0	0	0	0	0	0	0	0	0	0	0	0	0	0	0	0	0	0	0
Bog-793	0	0	0	0	0	0	0	0	0.01	0.01	0	0	0	0	0	0	0	0	0	0	0.01	0.03	0	0	0.02	0	0	0	0	0	0.02	0	0.02	0	0	0	0	0	0.04	0.02	0	0	0	0.04	0.02	0	0	0	0	0	0	0.62	0	0	0.05	0	0	0	0	0.22	0.01	0	0	0	0	0	0	0.02	0.01	0	0	0	0	0	0.1	0	0	0	0	0	0
CADCTF01	0	0	0	0	0	0	0	0	0.01	0.09	0	0	0	0	0	0	0.03	0.05	0	0	0.58	0.12	0	0.01	0.05	0.02	0.05	0.02	0	0.06	0.02	0.05	0.05	0	0	0	0.06	0	0.13	0.05	0.16	0	0	0.04	0.05	0.05	0.06	0.06	0.17	0.09	0	0	0	0	0	0	0	0	0	0	0	0.01	0	0	0	0	0	0.11	0.04	0	0	0	0	0	0	0	0	0	0	0	0
JAEUJM01	0	0	0	0	0	0	0	0	0.02	0.03	0	0	0	0	0	0	0	0	0	0	0	0.02	0	0	0.02	0.02	0.02	0	0	0	0	0	0.02	0	0	0	0	0	0.04	0	0.02	0	0	0.02	0.05	0	0	0	0	0	0	0	0	0	0	0.04	0	0	0	0	0.04	0.03	0	0	0	0	0	0	0.02	0	0	0	0	0	0	0.03	0	0	0	0	0
JAHWKP01	0	0	0	0	0	0	0	0	0.01	0.04	0	0	0	0	0	0	0	0	0	0	0	0.19	0	0	0.06	0	0	0	0	0.08	0.02	0.02	0	0	0	0	0.15	0.05	0.26	0.07	2.19	0	0	0	0	0	0	0	0	0.1	0	0	0	0	0	0	0	0	0	0	0	0	0	0	0	0	0	0	0	0	0	0	0	0	0	0	0	0	0	0	0
SIRW01	0	0	0	0	0	0	0	0	0.01	0	0	0	0	0	0	0	0	0	0	0	0.02	0.02	0	0	0.01	0.01	0	0	0	0	0	0	0	0	0	0	0	0	0.04	0	0	0	0	0	0.02	0	0	0	0	0	0	0	0	0	0	0	0	0	0	0	0	0	0	0	0	0	0	0.02	0	0	0	0	0	0	0	0	0	0	0	0	0
Bin134	0	0	0	0	0	0	0	0	0.01	0	0	0	0	0	0	0	0	0	0	0	0	0	0	0	0	0	0	0	0	0	0	0	0	0	0	0	0	0	0	0	0	0	0	0	0	0	0	0	0	0	0	0	0	0	0	0	0	0	0	0	0	0	0	0	0	0	0	0	0	0	0	0	0	0	0	0	0	0	0	0	0
JAHWKV01	0	0	0	0	0	0	0	0	0.01	0.26	0	0	0	0	0	0	0	0	0	0	0	0	0	0.13	0.12	0.12	0.11	0	0.04	0.06	0	0.09	0.07	0	0	0.17	0	0	0.34	0.16	0	0	0	0.02	0.05	0	0	0	0	0	0	0	0	0	0	0	0	0	0.07	0	0	0	0	0	0	0	0	0	0	0	0	0	0	0	0	0	0	0	0	0	0
Egibacteraceae	0	0	0	0	0	0	0	0	0.35	1.24	0	0	0	0	0	0	0.45	0.11	1	2.14	0	0.06	0	1.84	0.52	2.31	2.87	0.68	1.24	1.29	0.64	0.83	0.57	0	4.15	0.95	3.9	1.78	0.58	0.34	0.11	0	0	0	0.02	0	0.03	0	0	0	0.56	0	0	0	0	0.05	0	0	0	0	0.03	0	0	0	0	0	0	0	0.02	0	0	0	0	0	0	0	0	0	0	0	0
Rubrobacteraceae	0	0	0	0	0	0	0	0	2.37	3.47	0.38	0	0.06	0.43	0.21	0	2	0.6	4.36	4.15	0.14	0.3	0	3.83	2.68	4.57	3.34	3	4.21	1.83	2.33	2.96	1.68	0	3.8	2.08	3.64	2.58	0.61	2.53	0.14	0	0	0	0.13	0.05	1.12	0.95	0.88	0.16	0.34	0	0.51	0	0	0.64	0	0	0.07	0	0	0	0	0	0	0	0	1.08	4.21	0	0	0	0	0	0	0	0	0	0	0	0
RSA9	0	0	0	0	0	0	0	0	0.02	0	0	0	0	0	0.07	0	0	0	0	0	0	0.03	0	0	0.01	0	0	0	0	0	0	0	0.06	0	0	0	0.04	0	0	0	0.08	0	0	0	0.01	0	0	0	0.15	0.23	0.09	0	0	0	0	0	0	0.02	0.01	0	0.25	0	0	0	0	0	0	0	0	0.04	0	0	0	0	0	0	0	0.02	0	0.06	0
JAHWKZ01	0	0	0	0	0	0	0	0	0.02	0	0	0	0	0	0	0	0	0	0	0	0	0	0	0	0.03	0	0	0	0	0	0	0	0	0	0	0	0	0	0.05	0	0	0	0	0	0.62	0	0	0	0	0	0	0	0.46	0	0	0	0	0	0	0	0.09	0	0	0	0	0	0	0	0	0	0	0	0	0	0	0	0	0	0	0	0
JACCXV01	0	0	0	0	0	0	0	0	0.01	0	0	0	0	0	0	0	0	0	0	0	0	0	0	0	0.03	0.04	0	0	0	0	0	0	0	0	0.02	0	0	0	0	0	0	0	0	0	0.02	0	0	0	0	0	0	0	0.03	0	0	0	0	0	0	0	0	0	0	0	0	0	0	0	0	0	0	0	0	0	0	0	0	0	0	0	0
UBA9968	0	0	0	0	0	0	0	0	0.01	0	0	0	0	0	0	0	0	0	0	0	0	0	0	0	0	0	0	0	0	0	0	0	0	0	0	0	0	0	0	0	0	0	0	0.05	0.1	0	0	0	0	0	0	0	0.03	0	0	0	0	0	0	0	0.18	0	0.23	0	0	0	0	0	0	0.05	0	0	0	0	0	0	0	0	0	0.06	0
JAFGCY01	0	0	0	0	0	0	0	0	0.01	0	0	0	0	0.05	0	0	0	0	0	0	0	0	0	0	0	0	0	0	0	0	0	0	0	0	0	0	0	0	0	0	0	0	0	0	0	0	0	0	0	0	0	0	0	0	0	0	0	0	0	0	0	0	0	0	0	0	0	0	0	0	0	0	0	0	0	0	0	0	0	0	0
Nitriliruptoraceae	0	0	0	0	0	0	0	0	0	0.02	0	0	0	0	0	0	0	0	0	0	0	0	0	0	0	0	0	0	0	0	0	0	0	0	0	0	0	0	0.07	0	0	0	0	0	0.01	0	0	0	0	0	0	0	0	0	0	0.13	0	0	0.02	0	0.58	0.38	0	0	0	0	0	0	0	0	0	0	0	0	0	0	0	0	0	0	0
FW602-bin22	0	0	0	0	0	0	0	0	0	0.03	0	0	0	0	0	0	0	0	0	0	0	0.02	0	0	0.01	0	0	0	0	0	0	0	0	0	0	0	0	0	0	0	0	0	0	0	0.01	0	0	0	0	0	0	0	0	0	0	0	0	0	0	0	0	0	0	0	0	0	0	0.03	0	0	0	0	0	0	0	0	0	0	0	0	0
CACIAM-22H2	0	0	0	0	0	0	0	0	0	0	0.09	0	0	0	0	0	0	0	0	0	0	0	0	0	0	0	0	0	0	0	0	0	0	0	0	0	0	0	0	0	0	0	0	0	0	0	0	0	0	0	0	0	0	0	0	0	0	0	0	0	0	0	0.02	0	0	0	0	0	0	0	0	0	0	0	0	0	0	0	0	0.03	0
Brachytrichaceae	0	0	0	0	0	0	0	0	0	0	0.29	0	0	0	0.14	0.1	0	0	0	0	0	0	0	0	0	0	0	0	0	0	0	0	0	0.18	0	0	0	0	0	0	0	0	0	0	0	0	0	0	0	0	0	0	0	0.08	0	0	0	0.25	0	0	0	0	0.03	0	0	0	0	0	0	0.05	0	0	0	0	0	0.12	0	0.02	0	0.11	0
Epilineaceae	0	0	0	0	0	0	0	0	0	0	0.1	0	0	0	0.06	0	0	0	0	0	0	0	0	0	0	0	0	0	0	0	0	0	0.02	0.03	0	0	0	0	0.03	0	0	0	0	0.02	0.02	0	0	0	0	0	0	0	0.06	0	0	0.04	0	0.06	0.02	0	0.02	0.04	0.02	0	0	0	0	0	0	0.04	0	0	0	0	0	0	0	0	0	0.22	0
UBA10151	0	0	0	0	0	0	0	0	0	0	0.11	0	0	0	0.08	0	0	0	0	0	0	0	0	0	0.01	0	0	0	0	0	0	0	0	0	0	0	0	0	0	0	0	0	0	0	0.04	0	0	0	0.05	0	0	0	0	0	0	0	0	0	0	0	0	0	0.05	0	0	0	0	0	0	0	0	0	0.11	0.12	0	0	0.11	0.06	0.1	0.04	0
UBA2466	0	0	0	0	0	0	0	0	0	0	0.08	0	0	0.03	0.05	0	0	0	0	0	0	0	0	0	0	0	0	0	0	0	0	0	0	0.05	0	0	0	0	0	0	0	0	0	0	0.01	0	0	0	0	0	0	0.1	0	0	0.13	0	0	0	0	0	0.05	0.01	0.04	0	0	0.09	0	0	0	0.05	0.08	0.21	0	0.16	0	0.08	0.06	0.11	0.06	0.18	0
Antricoccaceae	0.5	0	0	0	0	0	0	0	0	0	0	0	0	0	0	0	0	0	0	0	0	0	0.08	0	0	0	0	0	0	0	0	0	0	0	0	0	0	0	0	0	0	0	0	0	0	0	0	0	0	0	0	0	0	0	0	0	0	0	0	0.04	0	0	0	0	0	0	0	0	0	0	0	0	0	0	0	0	0	0	0	0	0
CAIXPF01	0.03	0	0	0	0	0	0	0	0	0	0	0	0	0.03	0	0	0	0	0	0	0	0.03	0	0	0	0	0	0	0	0	0	0	0	0	0	0	0	0	0.03	0	0	0	0	0	0.02	0	0	0	0	0	0	0	0	0	0	0.03	0	0	0.02	0	0.01	0.02	0	0	0	0	0	0	0.01	0	0	0	0	0	0	0	0	0	0	0	0
54-19	0.04	0	0	0	0	0	0	0	0	0	0	0	0	0	0.03	0	0	0	0	0	0	0	0	0	0	0	0	0	0	0	0	0	0	0	0	0	0	0	0	0	0	0	0	0	0	0	0	0	0	0	0	0	0	0	0	0	0	0.05	0	0	0	0	0	0	0	0	0	0	0	0	0	0	0	0	0	0	0	0	0	0	0
UBA2112	0.26	0	0	0	0	0	0	0	0	0	0	0.1	0.08	0	0	0	0	0	0	0	0	0	0.13	0	0	0	0	0	0	0	0	0	0	0	0	0	0	0	0	0	0	0	0	0.02	0.01	0	0	0	0	0.06	0	0	0	0.04	0	0	0	0.03	0.04	0	0.01	0	0	0.05	0	0	0	0	0	0	0	0.59	0	0	0.09	0	0	0	0.11	0	0.06
UBA10027	0.02	0	0	0	0	0	0	0	0	0	0	0	0	0	0	0	0	0	0	0	0	0	0.04	0	0	0	0	0	0	0	0	0	0	0	0	0	0	0	0	0	0	0	0	0	0	0	0	0	0	0	0	0	0	0	0	0	0	0	0.02	0	0	0	0	0	0	0	0	0	0	0	0	0.03	0	0	0	0	0	0	0	0	0
JAUPVS01	0.04	0	0	0	0	0	0	0	0	0	0	0.02	0	0	0	0	0	0	0	0	0	0	0.02	0	0	0	0	0	0	0	0	0	0	0	0	0	0	0	0	0	0	0	0	0	0.01	0	0	0	0	0	0	0	0	0	0	0	0	0.05	0.01	0	0.02	0	0.03	0	0	0	0	0	0	0	0	0.08	0	0	0.09	0	0	0.29	0	0	0.03
UBA6022	0.44	0	0	0	0	0	0	0	0	0	0	0.04	0.03	0	0	0	0	0	0	0	0	0	0.05	0	0	0	0	0	0	0	0	0	0	0	0	0	0	0	0	0	0	0	0	0	0	0.12	0	0	0	0	0	0	0	0	0	0	0	0	0.04	0	0	0.01	0	0	0	0	0	0	0	0	0.05	1	0.04	0.05	0.06	0.04	0.04	0.07	0.14	0	0.11
JAGQNK01	0.03	0	0	0	0	0	0	0	0	0	0	0.02	0	0	0	0	0	0	0	0	0.06	0	0.02	0	0	0	0	0	0	0	0	0	0	0	0	0	0	0	0	0	0	0	0	0	0.05	0.11	0	0	0	0.06	0	0	0	0	0	0	0	0	0.02	0	0.02	0	0	0	0	0	0	0	0	0	0	0.07	0	0	0	0	0	0.04	0	0	0
RYN-404	0.06	0	0	0	0	0	0	0	0	0	0	0	0	0	0	0	0	0	0	0	0	0	0	0	0	0	0	0	0	0	0	0	0	0	0	0	0	0	0	0	0	0	0	0	0	0.09	0	0	0	0	0	0	0	0	0	0	0	0	0	0	0	0	0	0	0	0	0	0	0	0	0	0.09	0	0	0	0	0	0	0	0	0
JAEWBQ01	0.02	0	0	0	0	0	0	0	0	0	0	0	0	0	0	0	0	0	0	0	0	0	0	0	0	0	0	0	0	0	0	0	0	0	0	0	0	0	0	0	0	0	0	0	0	0	0	0	0	0	0	0	0	0	0	0	0	0	0	0	0	0	0	0	0	0	0	0	0	0	0	0.03	0	0	0	0	0	0	0	0	0
CALMSM01	0.01	0	0	0	0	0	0	0	0	0	0	0	0	0	0	0	0	0	0	0	0.02	0	0.01	0	0	0	0	0	0	0	0	0	0	0	0	0	0	0	0	0	0	0	0	0	0.02	0	0	0	0	0.06	0	0	0	0	0	0	0	0	0	0	0	0	0	0	0	0	0	0	0	0	0	0	0	0	0.03	0	0	0.03	0	0	0.03
Nanosynbacteraceae	0.05	0	0	0	0	0	0	0	0	0	0	0	0	0	0	0	0	0	0	0	0	0	0.02	0	0	0	0	0	0	0	0	0	0	0	0	0	0	0	0	0	0	0	0	0	0	0	0	0	0	0	0	0	0	0	0	0	0	0	0.01	0.04	0	0	0	0.02	0	0	0	0	0	0	0	0.05	0	0	0	0	0	0	0	0	0
UBA2023	0.02	0	0	0	0	0	0	0	0	0	0	0	0	0	0	0.16	0	0	0	0	0	0	0	0	0	0	0	0	0	0	0	0	0	0	0	0	0	0	0	0	0	0	0	0	0	0	0	0	0	0	0	0	0	0	0	0	1.08	0	0	0	0	0.05	0	0	0	0	0	0	0	0	0	0	0	0	0	0.11	0	0	0	0.02	0
JADIYW01	0.05	0	0	0	0	0	0	0	0	0	0	0	0	0	0	0	0	0	0	0	0	0	0.04	0	0	0	0	0	0	0	0	0	0	0	0	0	0	0	0	0	0	0	0	0	0	0	0	0	0	0	0	0	0	0	0	0	0.36	0	0	0	0	0.02	0	0.02	0.5	0	0	0	0	0	0	0.07	0	0	0	0.17	0	0.02	0	0.02	0
Acidobacteriaceae	0.08	0	0	0	0	0	0	0	0	0	0	0	0	0	0	0	0	0	0	0	0	0	0.02	0	0	0	0	0	0	0	0	0	0	0	0	0	0	0	0	0	0	0	0.38	0	0	0	0	0	0	0	0	19.45	0	0	3.51	0	0	0.06	0	3.04	0	0	0.26	0	0	0	0	0	0.08	0.09	1.37	0	0.2	0.12	2.89	0	0.03	0.06	1.52	0.03	2.53
Bacteriovoracaceae	0.02	0	0	0	0	0	0	0	0	0	0	0.08	0.15	0.09	0	0.09	0	0	0	0	0.06	0.02	0.08	0	0	0	0	0	0	0	0	0	0	0.07	0	0	0	0	0	0	0	0	0	0	0.08	0.08	0	0	0	0	0	0	0	0	0	0.02	0.6	0.07	0.17	0	0.07	0.16	0	0.02	0.23	0	0.34	0.07	0.02	0.07	0	0.21	0.05	0	0	0.18	0	0.03	0	0.07	0.04
Lachnospiraceae	0.02	0	0	0	0	0	0	0	0	0	0	0	0	0	0	0	0	0	0	0	0.01	0	0	0	0	0	0	0	0	0	0	0	0	0	0	0	0	0	0	0	0	0	0	0	0	0	0	0	0	0	0	0	0	0	0	0	0	0	0	0	0.01	0.01	0.02	0.02	0.26	0	0.22	0	0	0	0	0	0	0	0	0	0.03	0	0.02	0.02	0
Clostridiaceae	0.02	0	0	0	0	0	0	0	0	0	0	0.07	0	0	0	0.06	0	0	0	0	0	0	0.83	0	0	0	0	0	0	0	0	0	0	0	0	0	0	0	0	0	0	0	0	0	0	0	0	0	0	0	0	0	0	0	0	0	0.06	0	0	0.02	0	0	0	0.11	0.52	0	0.47	0	0	0	0	0	0	0	0.05	0	0	0.02	0	0	0.02
JAGPDB01	0	0	0	0	0	0	0	0	0	0	0	0	0.11	0	0	0.03	0	0	0	0	0	0	0	0	0	0	0	0	0	0	0	0	0	0	0	0	0	0	0	0	0	0	0	0	0	0	0	0	0	0	0	0	0	0	0	0	0.02	0	0	0	0	0	0	0	0	0	0	0	0	0	0	0	0	0	0	0	0	0	0	0	0.03
Quadrisphaeraceae	0	0	0	0	0	0	0	0	0	0	0	0	0.06	0.08	0.05	0	0	0.04	0	0	0.02	0	0	0	0	0	0	0	0	0	0	0	0	0	0	0	0	0	0.06	0	0	0	0	0	0.01	0	0	0	0	0	0	0	0	0	0	0.3	0.24	0	0.07	0	0	0	0	0	0	0	0	0.06	0	0	0	0	0	0	0	0	0	0	0	0	0
CAITNM01	0	0	0	0	0	0	0	0	0	0	0	0	0.03	0	0	0	0	0	0	0	0	0	0	0	0	0	0	0	0	0	0	0	0	0	0	0	0	0	0	0	0	0	0	0	0	0	0	0	0	0	0	0	0	0	0	0	0	0	0	0	0	0	0	0	0	0	0	0	0	0	0	0	0	0	0	0	0	0	0	0	0
Chamaesiphonaceae	0	0	0	0	0	0	0	0	0	0	0	0	2.04	0	0	0	0	0.04	0	0	0	0	0	0	0	0	0	0	0	0	0	0	0	0.13	0	0	0	0	0	0	0	0	0	0	0	0	0	0	0	0	0	0	0	0	0	0	0	0	0	0	0	0	0	0	0	0	0	0	0	0	0	0	0	0	0	0	0	0	0	0	0
JADJQN01	0	0	0	0	0	0	0	0	0	0	0	0	0.03	0	0	0.05	0	0	0	0	0.01	0	0	0	0	0	0	0	0	0	0	0	0	0.04	0	0	0	0	0	0	0	0	0	0	0	0	0	0	0	0	0	0	0	0	0	0	0	0	0.01	0	0.02	0	0	0	0	0	0	0	0	0	0	0	0	0	0	0	0	0.17	0	0	0.03
RGVZ01	0	0	0	0	0	0	0	0	0	0	0	0.05	0.03	0	0	0	0	0	0	0	0	0	0.01	0	0	0	0	0	0	0	0	0	0	0.03	0	0	0	0	0	0	0	0	0	0	0.06	0	0	0	0	0	0	0.03	0	0	0	0	0	0.03	0.06	0	0.04	0.08	0	0	0	0	0	0	0	0	0.05	0	0	0	0	0	0	0.02	0	0.05	0
Oligoflexaceae	0	0	0	0	0	0	0	0	0	0	0	0.09	0.33	0	0	0	0	0	0	0	0.02	0	0.02	0	0	0	0	0	0	0	0	0	0	0	0	0	0	0	0	0	0	0	0	0	0.01	0	0	0	0	0	0	0	0	0	0	0.09	0.13	0	0.17	0	0	0.02	0	0	0	0	0	0	0	0	0	0.07	0	0	0	0	0	0	0	0	0
Silvanigrellaceae	0	0	0	0	0	0	0	0	0	0	0	0	0.08	0	0	0	0	0.08	0	0	0	0	0	0	0	0	0	0	0	0	0	0	0	0.03	0	0	0	0	0	0	0	0	0	0	0.03	0	0	0	0	0	0	0	0	0	0	0	0	0	0	0	0	0	0	0	0	0	0	0	0	0	0	0	0	0	0	0	0	0	0	0	0
UBA1609	0	0	0	0	0	0	0	0	0	0	0	0.05	0.03	0	0	0	0	0	0	0	0.02	0	0	0	0	0	0	0	0	0	0	0	0	0	0	0	0	0	0	0	0	0	0	0	0.09	0	0	0	0	0	0	0	0	0.13	0.07	0	0	0.1	0.03	0	0.07	0.02	0.09	0	0	0	0	0	0	0.05	0	0.07	0.08	0.06	0	0.08	0.03	0.03	0.09	0.08	0.03
JAMPXM01	0	0	0	0	0	0	0	0	0	0	0	0.09	0.09	0	0	0.15	0	0	0	0	0.06	0	0	0	0	0	0	0	0	0	0	0	0	0.03	0	0	0	0	0	0	0	0	0	0	0.05	0	0	0	0	0	0	0	0	0.13	0	0.07	0.04	0.27	0.04	0	0	0	0	0	0.06	0	0	0.03	0	0	0	0.15	0.05	0	0	0.08	0	0.02	0.02	0	0.02
OMII01	0	0	0	0	0	0	0	0	0	0	0	0	0.03	0.05	0	0	0	0.02	0	0	0.02	0	0	0	0	0	0	0	0	0	0	0	0	0	0	0	0	0	0	0	0	0	0	0	0.16	0	0	0	0	0	0	0	0	0.05	0	0	0	0.04	0.02	0	0	0.01	0	0	0	0	0	0	0	0	0	0	0	0	0	0.04	0	0	0	0.02	0
UBA9934	0	0	0	0	0	0	0	0	0	0	0	0	0.03	0	0	0	0	0	0	0	0.01	0	0	0	0	0	0	0	0	0	0	0	0	0	0	0	0	0	0	0	0	0	0	0	0	0	0	0	0	0	0	0	0	0	0	0	0	0	0	0	0	0	0	0	0	0	0	0	0	0	0	0	0	0	0	0	0	0	0	0	0
BA12	0	0	0	0	0	0	0	0	0	0	0	0	0.04	0	0	0	0	0.04	0	0	0.14	0	0	0	0	0	0	0	0	0	0	0	0	0	0	0	0	0	0	0	0	0	0	0	0	0.09	0	0	0	0	0.13	0	0	0	0	0	0	0	0	0	0	0	0	0	0	0	0	0	0	0	0	0	0	0	0	0	0	0	0	0	0
Cytophagaceae	0	0	0	0	0	0	0	0	0	0	0	0	0.03	0	0	0	0	0.26	0	0	0	0	0	0	0	0	0	0	0	0	0	0	0	0.03	0	0	0	0	0	0	0	0	0	0	0.01	0	0	0	0	0	0	0.07	0.04	0	0	0.28	0.28	0	0.14	0.11	0.01	0	0	0	0	0	0	0	0.02	0	0.04	0.03	0	0	0.06	0.07	0.03	0	0.02	0	0
M30B66	0	0	0	0	0	0	0	0	0	0	0	0	0.11	0.12	0	0.1	0	0.03	0	0	0	0	0.05	0	0	0	0	0	0	0	0	0	0	0.03	0	0	0	0	0	0	0	0	0	0	0	0	0	0	0	0	0	0	0	0	0	0	0	0	0	0	0	0	0	0	0	0	0	0	0	0	0	0	0	0	0.02	0	0	0	0	0	0
UBA11236	0	0	0	0	0	0	0	0	0	0	0	0	0.04	0	0	0	0	0	0	0	0.07	0.04	0	0	0	0	0	0	0	0	0	0	0	0.06	0	0	0	0	0	0	0	0	0	0	0.02	0	0	0	0	0	0	0	0.03	0	0	0	0	0	0	0	0.64	0	0.02	0	0	0	0	0	0.01	0.04	0	0.11	0.08	0	0	0.1	0	0	0	0.08	0
BWSM-131	0	0	0	0	0	0	0	0	0	0	0	0	0	0.03	0	0	0	0	0	0	0	0	0	0	0	0	0	0	0	0	0	0	0	0	0	0	0	0	0	0	0	0	0	0	0	0	0	0	0	0	0	0	0	0	0	0	0	0	0	0	0	0	0	0	0	0	0	0.02	0	0	0	0	0	0	0	0	0	0	0	0	0
Promineifilaceae	0	0	0	0	0	0	0	0	0	0	0	0	0	0.07	0	0	0	0	0	0	0	0	0	0	0	0	0	0	0	0	0	0	0	0	0	0	0	0	0	0	0	0	0	0	0.02	0	0	0	0	0	0	0	0	0	0	0	0	0	0	0	0.49	0.46	0	0	0	0	0	0	0	0	0	0	0	0	0	0	0	0	0	0	0
JAAUUE01	0	0	0	0	0	0	0	0	0	0	0	0	0	0.05	0	0.14	0	0	0	0	0	0	0	0	0	0	0	0	0	0	0	0	0	0	0	0	0	0	0	0	0	0	0	0	0	0	0	0	0	0	0	0	0	0	0	0	0	0	0	0	0	0	0	0	0	0	0	0	0	0	0	0	0	0	0	0	0	0	0	0	0
Pseudanabaenaceae	0	0	0	0	0	0	0	0	0	0	0	0.05	0	0.1	0	0.66	0	0	0	0	0	0	0	0	0	0	0	0	0	0	0	0	0	0	0	0	0	0	0	0	0	0	0	0	0	0	0	0	0	0	0	0	0	0	0	0	0	0	0	0	0	0	0	0	0	0	0	0	0	0	0	0	0	0	0	0.05	0	0	0	0	0
UBA955	0	0	0	0	0	0	0	0	0	0	0	0.02	0	0.08	0	0	0	0	0	0	0	0	0	0	0	0	0	0	0	0	0	0	0	0.05	0	0	0	0	0	0	0	0	0	0	0	0	0	0	0	0	0	0	0.02	0	0	0.03	0.31	0	0	0	0.02	0.03	0	0	0	0	0	0	0	0.04	0	0.14	0	0	0	0.05	0	0.14	0	0.06	0
UBA9320	0	0	0	0	0	0	0	0	0	0	0	0	0	0.07	0	0	0	0	0	0	0	0	0	0	0	0	0	0	0	0	0	0	0	0	0	0	0	0	0	0	0	0	0	0	0	0	0	0	0	0	0	0	0	0	0	0	0.02	0	0.03	0	0	0.03	0	0	0	0	0	0	0	0	0	0.07	0	0	0	0.08	0	0	0	0.04	0
Palsa-965	0	0	0	0	0	0	0	0	0	0	0	0	0	0.03	0	0	0	0	0	0	0	0	0	0	0	0	0	0	0	0	0	0	0	0	0	0	0	0	0	0	0	0	0	0	0	0	0	0	0	0	0	0	0.03	0	0	0	0	0	0	0	0	0	0	0	0	0	0	0	0	0	0.12	0	0	0	0	0.11	0	0.03	0.05	0.06	0
Palsa-1295	0	0	0	0	0	0	0	0	0	0	0	0	0	0.03	0	0	0	0	0	0	0	0	0	0	0	0	0	0	0	0	0	0	0	0.05	0	0	0	0	0	0	0	0.51	0	0.03	0	0	0	0	0	0	0.2	0.09	0	0.07	0.25	0	0	0.18	0.02	0	0	0	0.05	0	0	0	0	0	0	0.2	0.25	0.17	0.1	0.22	0	0	0	0.08	0.15	0.02	0.27
SBAW01	0	0	0	0	0	0	0	0	0	0	0	0	0	0.04	0	0	0	0	0	0	0	0	0	0	0	0	0	0	0	0	0	0	0	0	0	0	0	0	0	0	0	0.27	0	0	0	0	0	0	0	0	0	0	0	0	0.05	0	0	0.03	0	0	0.12	0	0.3	0	0	0	0	0	0	0	0.09	0.29	0.17	0.18	0	0.06	0.09	0.15	0.4	0.32	0.07
Ahniellaceae	0	0	0	0	0	0	0	0	0	0	0	0	0	0.03	0.04	0.95	0	0	0	0	0	0.01	0	0	0	0	0	0	0	0	0	0	0	0.07	0	0	0	0	0.04	0	0	0	0	0	0	0	0	0	0	0	0	0	0.06	0.09	0	0.01	0	0.04	0	0	0	0	0	0	0	0	0	0	0	0	0	0	0	0	0.03	0.04	0	0	0	0	0.02
SZUA-5	0	0	0	0	0	0	0	0	0	0	0	0.03	0	0.03	0	0.06	0	0	0	0	0	0	0	0	0	0	0	0	0	0	0	0	0	0	0	0	0	0	0	0	0	0	0	0	0	0	0	0	0	0	0	0	0	0.04	0	0	0	0.02	0	0	0.04	0.01	0	0	0	0	0	0	0	0	0	0	0	0	0	0	0	0	0	0	0
Rhodomicrobiaceae	0	0	0	0	0	0	0	0	0	0	0	0	0	0.41	0	0	0	0	0	0	0	0	0	0	0	0	0	0	0	0	0	0	0	0	0	0	0	0	0	0	0	0	0	0.02	0	0	0	0	0	0	0	0	0.03	0	0.14	0	0	0	0	0	0.23	0	0	0	0	0	0	0	0	0	0	0	0	0	0	0	0	0	0.04	0	0
Hyphomonadaceae	0	0	0	0	0	0	0	0	0	0	0	0	0	0.08	0	0	0	0	0	0	0	0	0	0	0	0	0	0	0	0	0	0	0	0	0	0	0	0	0	0	0	0	0	0	0	0	0	0	0	0	0	0	0	0.11	0	0	0	0	0	0	0.66	0.24	0.01	0	0	0	0	0	0	0	0	0	0.04	0.07	0	0.17	0	0	0.03	0.12	0
JACCXJ01	0	0	0	0	0	0	0	0	0	0	0	0	0	0	0.05	0	0	0	0	0.45	0	0	0	3.29	3.9	0.39	1.54	0.05	4.95	0.88	7.2	1.17	8.65	0	0	1.76	0.55	2.81	0.28	4.05	0.68	0	0	1.13	9.61	0	2.07	0	0	0	0	0	0.75	0	0	0	0	0	0	0	0	0	0	0	0	0	0	0	0	0	0	0	0	0	0	0	0	0	0	0	0
HTCC5015	0	0	0	0	0	0	0	0	0	0	0	0	0	0	0.09	0	0	0	0	0	0	0	0	0	0	0	0	0	0	0	0	0	0	0	0	0	0	0	0	0	0	0	0	0	0	0	0	0	0	0	0	0	0	0	0	0	0	0	0	0	0.04	0	0	0	0	0	0	0	0	0	0	0	0	0	0	0	0	0	0	0	0
Sandaracinaceae	0	0	0	0	0	0	0	0	0	0	0	0	0	0	0.04	0.09	0	0	0	0	0	0	0	0	0	0	0	0	0	0	0	0	0	0.06	0	0	0	0	0	0	0	0	0	0	0.07	0.05	0	0	0	0.27	0.06	0	0.07	0.14	0	0.05	0.02	0.02	0.03	0	0.13	0.05	0.01	0	0	0	0	0	0	0	0	0	0	0	0	0	0	0.04	0.02	0.05	0
Ga0077539	0	0	0	0	0	0	0	0	0	0	0	0	0	0	0.05	0	0	0.02	0	0	0.02	0	0	0	0	0	0	0	0	0	0	0	0	0.02	0	0	0	0	0	0	0	0	0	0	0	0	0	0	0	0	0	0.04	0	0	0.01	0.05	0	0.02	0.03	0	0	0.01	0	0	0	0	0	0	0	0.04	0	0.09	0.05	0	0	0	0	0.02	0	0.03	0
UBA6821	0	0	0	0	0	0	0	0	0	0	0	0	0	0	0.03	0	0	0.06	0	0	0	0.01	0	0	0	0	0	0	0	0	0	0	0	0	0	0	0	0	0	0	0	0	0	0	0	0	0	0	0	0	0	0	0	0.04	0.01	0.06	0	0	0	0	0	0	0	0	0	0	0	0	0	0	0	0	0	0	0	0	0	0	0.02	0	0
JAAUTS01	0	0	0	0	0	0	0	0	0	0	0	0	0	0	0.11	0.7	0	0	0	0	0	0	0	0	0	0	0	0	0	0	0	0	0	0	0	0	0	0	0	0	0	0	0	0	0	0	0	0	0	0	0	0	0	0	0	0	0	0	0	0	0	0	0	0	0	0	0	0	0	0	0	0	0	0	0	0	0	0	0	0	0
CALFVM01	0	0	0	0	0	0	0	0	0	0	0	0	0	0	0.06	0	0	0	0	0	0	0	0	0	0	0	0	0	0	0	0	0	0	0	0	0	0	0	0	0	0	0	0	0	0	0	0	0	0	0	0	0	0	0	0	0	0	0	0	0	0	0	0	0	0	0	0	0	0	0	0	0	0	0	0	0	0	0	0	0	0
ATM1	0	0	0	0	0	0	0	0	0	0	0	0	0	0	0.04	0	0	0	0	0	0	0	0	0	0.06	0	0	0	0	0	0.03	0	0.06	0	0	0	0	0	0.03	0	0	0	0	0.06	0.47	0	0	0	0	0	0	0	0.35	0	0	0	0	0	0.02	0	0	0	0	0	0	0.28	0	0	0	0	0	0	0	0	0	0	0	0	0	0	0
JAAUTT01	0	0	0	0	0	0	0	0	0	0	0	0	0	0	0	0.35	0	0	0	0	0	0	0	0	0	0	0	0	0	0	0	0	0	0	0	0	0	0	0	0	0	0	0	0	0	0	0	0	0	0	0	0	0	0	0	0	0	0	0	0	0	0	0	0	0	0	0	0	0	0	0	0	0	0	0	0	0	0	0	0	0
UBA4417	0	0	0	0	0	0	0	0	0	0	0	1.63	0	0	0	1.6	0	0	0	0	0	0	0	0	0	0	0	0	0	0	0	0	0	0	0	0	0	0	0	0	0	0	0	0	0	0	0	0	0	0	0	0	0	0	0	0	0	0.02	0	0	0	0	0	0.14	0.08	0	0.37	0	0	0	0	0	0	0	0.62	0.04	0	0.09	0	0	0.1
Williamwhitmaniaceae	0	0	0	0	0	0	0	0	0	0	0	0	0	0	0	0.19	0	0	0	0	0	0	0	0	0	0	0	0	0	0	0	0	0	0	0	0	0	0	0	0	0	0	0	0	0	0	0	0	0	0	0	0	0	0	0	0	0	0	0	0	0	0	0	0	0	0	0	0	0	0	0	0	0	0	0	0	0	0	0	0	0
DTGW01	0	0	0	0	0	0	0	0	0	0	0	0	0	0	0	0.03	0	0	0	0	0	0	0	0	0	0	0	0	0	0	0	0	0	0	0	0	0	0	0	0	0	0	0	0	0	0	0	0	0	0	0	0	0	0	0	0	0	0	0	0	0	0	0	0	0	0	0	0	0	0	0	0	0	0	0	0	0	0	0	0	0
UBA932	0	0	0	0	0	0	0	0	0	0	0	0	0	0	0	0.02	0	0	0	0	0	0	0	0	0	0	0	0	0	0	0	0	0	0	0	0	0	0	0	0	0	0	0	0	0	0	0	0	0	0	0	0	0	0	0	0	0	0	0	0	0	0	0	0.09	1.03	0	0	0	0	0	0	0	0	0	0.06	0	0	0	0	0	0
FEN-979	0	0	0	0	0	0	0	0	0	0	0	0	0	0	0	0.03	0	0	0	0	0	0	0	0	0	0	0	0	0	0	0	0	0	0	0	0	0	0	0	0	0	0	0	0	0	0	0	0	0	0	0	0	0	0	0	0	0	0	0	0	0	0	0	0	0	0	0	0	0	0	0	0	0	0	0	0	0	0	0	0	0
UA16	0	0	0	0	0	0	0	0	0	0	0	0	0	0	0	0.06	0	0	0	0	0	0	0	0	0	0	0	0	0	0	0	0	0	0	0	0	0	0	0	0	0	0	0	0	0	0	0	0	0	0	0	0	0	0.09	0	0	0	0	0	0	0	0.02	0	0	0	0	0	0	0	0	0	0	0	0	0	0	0	0	0	0	0
OLB5	0	0	0	0	0	0	0	0	0	0	0	0	0	0	0	0.05	0	0	0	0	0	0	0	0	0	0	0	0	0	0	0	0	0	0	0	0	0	0	0	0	0	0	0	0	0	0	0	0	0	0	0	0	0	0	0	0	0	0	0	0	0	0	0.06	0	0	0	0	0	0	0	0	0	0.07	0	0	0.29	0	0.02	0	0.07	0
Kapaibacteriaceae	0	0	0	0	0	0	0	0	0	0	0	0	0	0	0	0.12	0	0	0	0	0	0	0	0	0	0	0	0	0	0	0	0	0	0	0	0	0	0	0	0	0	0	0	0	0	0	0	0	0	0	0	0	0.03	0.05	0	0	0	0	0	0	0	0.01	0	0	0	0.15	0	0	0	0	0	0	0	0	0	0.26	0	0	0	0.03	0
UBA2268	0	0	0	0	0	0	0	0	0	0	0	0.04	0	0	0	0.03	0	0	0	0	0	0	0	0	0	0	0	0	0	0	0	0	0	0	0	0	0	0	0	0	0	0	0	0	0	0	0	0	0	0	0	0	0	0	0	0	0.06	0	0	0	0	0	0	0.07	0	0	0	0	0	0	0	0.08	0	0	0	0	0	0	0	0	0.08
CAIKXV01	0	0	0	0	0	0	0	0	0	0	0	0	0	0	0	0.08	0	0	0	0	0	0	0	0	0	0	0	0	0	0	0	0	0	0	0	0	0	0	0	0	0	0	0	0	0	0	0	0	0	0	0	0	0	0	0	0	0	0	0	0	0	0	0	0	0	0	0	0	0	0	0	0	0	0	0	0	0	0	0	0	0
Methylomonadaceae	0	0	0	0	0	0	0	0	0	0	0	0.22	0	0	0	0.13	0	0	0	0	0	0	0	0	0	0	0	0	0	0	0	0	0	0	0	0	0	0	0	0	0	0	0	0.05	0	0	0	0	0	0	0	0	0	0	0	0	0.01	0	0	0	0	0.01	0	0	0	0	0	0	0	0	0	0.04	0	0	0	0	0.05	0.07	0	0.02	0
Micavibrionaceae	0	0	0	0	0	0	0	0	0	0	0	0	0	0	0	0.1	0	0	0	0	0	0	0	0	0	0	0	0	0	0	0	0	0	0	0	0	0	0	0	0	0	0	0	0	0	0	0	0	0	0	0	0	0	0.1	0.01	0	0	0.04	0	0	0.41	0.03	0	0	0	0	0	0	0	0	0	0.07	0.05	0	0	0	0	0	0.11	0.05	0.02
CG2-30-64-16	0	0	0	0	0	0	0	0	0	0	0	0	0	0	0	0.06	0	0	0	0	0	0	0	0	0	0	0	0	0	0	0	0	0	0	0	0	0	0	0	0	0	0	0	0	0	0	0	0	0	0	0	0	0	0	0	0	0	0	0	0	0	0	0	0	0	0	0	0	0	0	0	0	0	0	0	0	0	0	0	0	0
WQYP01	0	0	0	0	0	0	0	0	0	0	0	0	0	0	0	0.04	0	0	0	0	0	0	0	0	0	0	0	0	0	0	0	0	0	0	0	0	0	0	0	0	0	0	0	0	0	0	0	0	0	0	0	0.14	0	0.05	0.17	0	0	0	0	0	0	0	0.09	0	0	0	0	0	0	0.07	0	0	0.1	0.26	0.14	0	0	0.01	0.13	0.03	0.18
UBA9337	0	0	0	0	0	0	0	0	0	0	0	0	0	0	0	0.05	0	0	0	0	0	0	0	0	0	0	0	0	0	0	0	0	0	0	0	0	0	0	0	0	0	0	0	0	0	0	0	0	0	0	0	0	0	0	0	0	0	0	0	0	0	0	0	0	0	0	0	0	0	0	0	0	0	0	0	0	0	0	0	0	0
JAGOOR01	0	0	0	0	0	0	0	0	0	0	0	0	0	0	0	0.11	0	0	0	0	0	0	0	0	0	0	0	0	0	0	0	0	0	0	0	0	0	0	0	0	0	0	0	0	0	0	0	0	0	0	0	0	0	0	0	0	0.14	0	0	0	0	0.03	0	0	0	0	0	0	0	0	0	0	0	0	0	0	0	0	0	0	0.04
PJMF01	0	0	0	0	0	0	0	0	0	0	0	0	0	0	0	0.03	0	0	0	0	0	0	0	0	0	0	0	0	0	0	0	0	0	0	0	0	0	0	0	0	0	0	0	0	0.01	0	0	0	0	0	0	0	0	0.11	0.01	0	0	0	0	0	0.13	0	0.02	0.05	0	0	0	0	0	0	0	0	0.07	0.09	0	0	0	0.04	0.04	0.04	0
UBA12405	0	0	0	0	0	0	0	0	0	0	0	0.04	0	0	0	0.08	0	0	0	0	0	0	0	0	0	0	0	0	0	0	0	0	0	0	0	0	0	0	0	0	0	0	0	0	0	0	0	0	0	0	0	0	0	0	0	0	0	0	0	0	0	0	0	0.04	0	0	0	0	0	0	0	0	0	0	0	0	0	0	0	0	0
UBA927	0	0	0	0	0	0	0	0	0	0	0	0	0	0	0	0.05	0	0	0	0	0	0	0	0	0	0	0	0	0	0	0	0	0	0	0	0	0	0	0	0	0	0	0	0.03	0.09	0	0	0	0	0	0	0	0	0	0	0	0	0	0	0	0.01	0	0.02	0	0	0	0	0	0	0	0	0	0	0	0	0	0	0	0	0.04	0
CAIMLA01	0	0	0	0	0	0	0	0	0	0	0	0	0	0	0	0.03	0	0	0	0	0	0	0	0	0	0	0	0	0	0	0	0	0	0	0	0	0	0	0	0	0	0	0	0	0	0	0	0	0	0	0	0	0	0	0	0	0	0	0	0	0	0	0	0	0	0	0	0	0	0	0	0	0	0	0	0	0	0	0	0	0
JACMRA01	0	0	0	0	0	0	0	0	0	0	0	0	0	0	0	0.04	0	0.02	0	0	0	0	0	0	0	0	0	0	0	0	0	0	0	0	0	0	0	0	0	0	0	0	0	0	0	0	0	0	0	0	0	0	0	0	0	0	0	0	0	0	0	0	0	0	0	0	0	0	0	0	0	0	0	0	0	0	0	0	0	0	0
GCA-2699445	0	0	0	0	0	0	0	0	0	0	0	0	0	0	0	0.05	0	0	0	0	0	0	0	0	0	0	0	0	0	0	0	0	0	0	0	0	0	0	0	0	0	0	0	0	0	0	0	0	0	0	0	0	0	0	0	0	0	0	0	0	0	0	0	0	0	0	0	0	0	0	0	0	0	0	0	0	0	0	0	0	0
UBA2241	0	0	0	0	0	0	0	0	0	0	0	0.28	0	0	0	0.03	0	0	0	0	0	0	0	0	0	0	0	0	0	0	0	0	0	0	0	0	0	0	0	0	0	0	0	0	0	0	0	0	0	0	0	0	0	0	0	0	0	0	0	0	0	0	0	0	0	0	0	0	0	0	0	0	0	0	0	0.04	0	0.14	0	0	0
JAAXUF01	0	0	0	0	0	0	0	0	0	0	0	0.08	0	0	0	0.04	0	0	0	0	0	0	0	0	0	0	0	0	0	0	0	0	0	0	0	0	0	0	0	0	0	0	0	0	0	0	0	0	0	0	0	0	0	0	0	0	0	0.02	0	0	0	0	0	0	0	0	0	0	0	0	0	0	0	0	0	0	0	0	0	0	0
PHET01	0	0	0	0	0	0	0	0	0	0	0	0.13	0	0	0	0.03	0	0	0	0	0	0	0	0	0	0	0	0	0	0	0	0	0	0	0	0	0	0	0	0	0	0	0	0	0	0	0	0	0	0	0	0	0	0	0	0	0	0	0	0	0	0	0	0	0	0	0	0	0	0	0	0	0	0	0	0	0	0	0	0	0
Anaerosomataceae	0	0	0	0	0	0	0	0	0	0	0	0.37	0	0	0	0.05	0	0	0	0	0	0	0	0	0	0	0	0	0	0	0	0	0	0	0	0	0	0	0	0	0	0	0	0	0	0	0	0	0	0	0	0	0	0	0	0	0	0	0	0	0	0	0	0.04	0	0	0	0	0	0	0	0	0	0	0	0	0	0	0	0	0
CAIMTB01	0	0	0	0	0	0	0	0	0	0	0	0	0	0	0	0.04	0	0	0	0	0	0	0	0	0	0	0	0	0	0	0	0	0	0	0	0	0	0	0	0	0	0	0	0	0	0	0	0	0	0	0	0	0	0	0	0	0	0	0	0	0	0	0	0	0	0	0	0	0	0	0	0	0	0	0	0	0	0	0	0	0
Palsa-1439	0	0	0	0	0	0	0	0	0	0	0	0	0	0	0	0.04	0	0	0	0	0	0	0	0	0	0	0	0	0	0	0	0	0	0	0	0	0	0	0	0	0	0	0	0	0	0	0	0	0	0	0	0	0	0	0.12	0	0	0	0	0	0.01	0	0.57	0	0	0	0	0	0	0	0	0	0	0.17	0	0.06	0	0.22	0.1	0.11	0
PHBI01	0	0	0	0	0	0	0	0	0	0	0	0	0	0	0	0.04	0	0	0	0	0	0	0	0	0	0	0	0	0	0	0	0	0	0.04	0	0	0	0	0	0	0	0	0	0	0	0	0	0	0	0	0	0	0	0.04	0	0	0	0	0	0	0.02	0	0	0	0	0	0	0	0	0	0	0	0	0	0	0.07	0	0	0	0.04	0
VGSZ01	0	0	0	0	0	0	0	0	0	0	0	0	0	0	0	0.06	0	0.02	0	0	0	0	0.02	0	0	0	0	0	0	0	0	0	0	0	0	0	0	0	0	0	0	0	0	0	0.07	0	0	0	0	0	0	0	0.03	0	0	0	0.16	0.05	0.01	0	0	0	0	0.02	0	0	0	0	0.02	0	0	0.04	0	0	0	0	0	0	0	0.03	0.02
Desulfobulbaceae	0	0	0	0	0	0	0	0	0	0	0	0	0	0	0	0.06	0	0	0	0	0	0	0	0	0	0	0	0	0	0	0	0	0	0	0	0	0	0	0	0	0	0	0	0	0	0	0	0	0	0	0	0	0	0	0	0	0	0	0	0	0	0	0	0.03	0	0	0	0	0	0	0	0	0	0	0	0	0	0.08	0	0	0
Smithellaceae	0	0	0	0	0	0	0	0	0	0	0	0	0	0	0	0.03	0	0	0	0	0	0	0	0	0	0	0	0	0	0	0	0	0	0	0	0	0	0	0	0	0	0	0	0	0	0	0	0	0	0	0	0	0	0	0	0	0	0	0	0	0	0	0	0	0.11	0	0	0	0	0	0	0	0	0	0	0	0	0.01	0	0	0
CAIYQO01	0	0	0	0	0	0	0	0	0	0	0	0	0	0	0	0.05	0	0	0	0	0	0	0	0	0	0	0	0	0	0	0	0	0	0	0	0	0	0	0	0	0	0	0	0	0	0	0	0	0	0	0	0	0	0	0	0	0	0	0	0	0	0	0	0	0	0	0	0	0	0	0	0	0	0	0	0	0	0	0	0	0
Treponemataceae	0	0	0	0	0	0	0	0	0	0	0	0	0	0	0	0.09	0	0	0	0	0	0	0	0	0	0	0	0	0	0	0	0	0	0	0	0	0	0	0	0	0	0	0	0	0	0	0	0	0	0	0	0	0	0	0	0	0	0	0	0	0	0	0	0	0	0	0	0	0	0	0	0	0	0	0	0	0	0	0	0	0
Anaerovoracaceae	0	0	0	0	0	0	0	0	0	0	0	0.1	0	0	0	0.1	0	0	0	0	0	0	0	0	0	0	0	0	0	0	0	0	0	0	0	0	0	0	0	0	0	0	0	0	0	0	0	0	0	0	0	0	0	0	0	0	0	0	0	0	0	0	0	0.17	0.31	0	0	0	0	0	0	0	0	0	0.05	0.06	0	0	0	0	0
Filifactoraceae	0	0	0	0	0	0	0	0	0	0	0	0	0	0	0	0.03	0	0	0	0	0	0	0	0	0	0	0	0	0	0	0	0	0	0	0	0	0	0	0	0	0	0	0	0	0	0	0	0	0	0	0	0	0	0	0	0	0	0	0	0	0	0	0	0	0.39	0	0	0	0	0	0	0	0	0	0	0	0	0	0	0	0
Acidaminobacteraceae	0	0	0	0	0	0	0	0	0	0	0	0	0	0	0	0.15	0	0	0	0	0	0	0	0	0	0	0	0	0	0	0	0	0	0	0	0	0	0	0	0	0	0	0	0	0	0	0	0	0	0	0	0	0	0	0	0	0	0	0	0	0	0	0	0.19	0.06	0	0	0	0	0	0	0	0	0	0	0	0	0	0	0	0
UBA5734	0	0	0	0	0	0	0	0	0	0	0	0	0	0	0	0.04	0	0	0	0	0	0	0	0	0	0	0	0	0	0	0	0	0	0	0	0	0	0	0	0	0	0	0	0	0	0	0	0	0	0	0	0	0	0	0	0	0	0	0	0	0	0	0	0.04	0.14	0	0	0	0	0	0	0	0	0	0.02	0	0	0	0	0	0
CAG-465	0	0	0	0	0	0	0	0	0	0	0	0	0	0	0	0.05	0	0	0	0	0	0	0	0	0	0	0	0	0	0	0	0	0	0	0	0	0	0	0	0	0	0	0	0	0	0	0	0	0	0	0	0	0	0	0	0	0	0	0	0	0	0	0	0	0	0	0	0	0	0	0	0	0	0	0	0	0	0	0	0	0
DSM-8532	0	0	0	0	0	0	0	0	0	0	0	0	0	0	0	0.13	0	0	0	0	0	0	0	0	0	0	0	0	0	0	0	0	0	0	0	0	0	0	0	0	0	0	0	0	0	0	0	0	0	0	0	0	0	0	0	0	0	0	0	0	0	0	0	0	0	0	0	0	0	0	0	0	0	0	0	0	0	0	0	0	0
MVZB01	0	0	0	0	0	0	0	0	0	0	0	0	0	0	0	0.03	0	0	0	0	0	0	0	0	0	0	0	0	0	0	0	0	0	0	0	0	0	0	0	0	0	0	0	0	0	0	0	0	0	0	0	0	0	0	0	0	0	0	0	0	0.02	0	0	0	0	0	0	0	0	0	0	0	0	0	0	0	0	0	0	0.02	0
LZORAL124-64-63	0	0	0	0	0	0	0	0	0	0	0	0	0	0	0	0.03	0	0	0	0	0	0	0	0	0	0	0	0	0	0	0	0	0	0	0	0	0	0	0	0	0	0	0	0	0	0	0	0	0	0	0	0	0	0	0	0	0	0	0	0	0	0	0	0	0	0	0	0	0	0	0	0	0	0	0	0	0	0	0	0	0
Euzebyaceae	0	0	0	0	0	0	0	0	0	0	0	0	0	0	0	0	0.03	0	0	0	0	0	0	0	0	0	0	0	0	0	0	0	0	0	0	0	0	0	0	0	0.03	0	0	0	0.02	0	0	0	0	0	0	0	0	0	0	0	0	0	0	0	0.03	0.24	0	0	0	0	0	0	0	0	0	0	0	0	0	0	0	0	0	0	0
FACHB-T130	0	0	0	0	0	0	0	0	0	0	0	0	0	0	0	0	0	0.11	0	0	0	0	0	0	0	0	0	0	0	0	0	0	0	0	0	0	0	0	0	0	0	0	0	0	0	0	0	0	0	0	0	0	0	0	0	0	0	0	0	0	0	0	0	0	0	0	0	0	0	0	0	0	0	0	0	0	0	0	0	0	0
PCC-9333	0	0	0	0	0	0	0	0	0	0	0	0	0	0	0	0	0	0.77	0	0	0.14	0	0	0	0	0	0.02	0	0	0	0	0	0	0	0	0	0	0	0	0	0	0	0	0	0	0	0	0	0	0	0	0	0	0	0	0	0	0	0	0	0	0	0	0	0	0	0	0	0	0	0	0	0	0	0	0	0	0	0	0	0
Coleofasciculaceae	0	0	0	0	0	0	0	0	0	0	0	0	0	0	0	0	0	0.04	0	0	0	0	0	0	0	0	0	0	0	0	0	0	0	0	0	0	0	0	0	0	0	0	0	0	0	0	0	0	0	0	0	0	0	0	0	0	0	0	0	0	0	0	0	0	0	0	0	0	0	0	0	0	0	0	0	0	0	0	0	0	0
JARCMD01	0	0	0	0	0	0	0	0	0	0	0	0	0	0	0	0	0	0.02	0	0	0	0	0	0	0	0	0	0	0	0	0	0	0	0	0	0	0	0	0	0	0	0	0	0	0	0	0	0	0	0	0	0	0	0	0	0	0	0	0	0	0	0	0	0	0	0	0	0	0	0	0	0	0	0	0	0	0	0	0	0	0
JAFAMB01	0	0	0	0	0	0	0	0	0	0	0	0	0	0	0	0	0	0.05	0	0	0	0	0	0	0	0	0	0	0	0	0	0	0	0	0	0	0	0	0	0	0	0	0	0	0	0	0	0	0	0	0	0	0	0	0.67	0	0	0	0	0	0	0	0	0	0	0	0	0	0.01	0	0	0	0	0	0	0	0	0	0	0	0
172606-1	0	0	0	0	0	0	0	0	0	0	0	0	0	0	0	0	0	0.03	0	0	0	0	0	0	0	0	0	0	0	0	0	0	0	0	0	0	0	0	0	0	0	0	0	0	0	0	0	0	0	0	0	0	0	0	0	0	0	0	0	0	0	0	0	0	0	0	0	0	0	0	0	0	0	0	0	0	0	0	0	0	0
CAILIB01	0	0	0	0	0	0	0	0	0	0	0	0	0	0	0	0	0	0.03	0	0	0.06	0	0.03	0	0	0	0	0	0	0	0	0	0	0	0	0	0	0	0	0	0	0	0	0	0	0	0	0	0	0	0	0.08	0	0	0	0	0	0.05	0.06	0	0	0	0	0	0	0	0	0	0	0	0.04	0	0	0.07	0.2	0	0	0.03	0.09	0	0.11
SZUA-149	0	0	0	0	0	0	0	0	0	0	0	0.03	0	0	0	0	0	0.05	0	0	0	0	0	0	0	0	0	0	0	0	0	0	0	0	0	0	0	0	0	0	0	0	0	0	0.31	0	0	0	0	0.05	0	0	0	0	0	0	0	0	0.02	0	0	0.06	0	0	0	0	0	0	0.04	0	0	0	0	0	0	0.03	0	0	0	0	0
QHCE01	0	0	0	0	0	0	0	0	0	0	0	0	0	0	0	0	0	0	0	0.08	0	0	0	0.02	0	0	0	0	0.03	0	0	0	0	0	0.05	0	0.37	0.08	0	0	0	0	0	0	0	0	0	0	0	0	0	0	0	0	0	0	0	0	0	0	0	0	0	0	0	0	0	0	0.02	0	0	0	0	0	0	0	0	0	0	0	0
JACCYU01	0	0	0	0	0	0	0	0	0	0	0	0	0	0	0	0	0	0	0	0.02	0	0	0	0.13	0.07	0	0.12	0	0.28	0.03	1.09	0.2	0.39	0	0	0.19	0.09	0.34	0	0.38	0.09	0	0	0	0	0	0	0	0	0	0	0	0	0	0	0	0	0	0	0	0	0	0	0	0	0	0	0	0	0	0	0	0	0	0	0	0	0	0	0	0
SURF-13	0	0	0	0	0	0	0	0	0	0	0	0	0	0	0	0	0	0	0	0	0.01	0.02	0	0	0	0	0	0	0	0	0	0	0	0	0	0	0	0	0	0	0	0	0	0	0	0	0	0	0	0	0	0	0	0	0	0	0	0.05	0	0	0	0	0	0	0	0	0	0	0	0	0	0	0	0	0	0	0	0.02	0	0	0
Catenulisporaceae	0	0	0	0	0	0	0	0	0	0	0	0	0	0	0	0	0	0	0	0	0.01	0	0	0	0	0	0	0	0	0	0	0	0	0	0	0	0	0	0	0	0	0	0	0	0	0	0	0	0	0	0	0	0	0	0	0	0	0	0	0	0	0	0	0	0	0	0	0	0	0	0	0	0	0	0	0	0	0	0	0	0
Sporichthyaceae	0	0	0	0	0	0	0	0	0	0	0	0	0	0	0	0	0	0	0	0	0.02	0	0	0	0	0	0	0	0	0	0	0	0	0	0	0	0	0	0.02	0	0	0	0	0	0	0	0	0	0	0	0	0	0	0	0	0	0	0	0	0	0	0	0	0	0	0	0	0	0	0	0	0	0	0	0	0	0	0	0	0.01	0
JAUTXP01	0	0	0	0	0	0	0	0	0	0	0	0	0	0	0	0	0	0	0	0	0.02	0.04	0	0	0.01	0	0	0	0	0	0	0	0	0	0	0	0	0	0.04	0	0	0	0	0	0.01	0	0	0	0	0	0	0	0	0	0	0	0	0	0	0	0	0	0	0	0	0	0	0.01	0	0	0	0	0	0	0	0	0	0	0	0	0
JAHWLA01	0	0	0	0	0	0	0	0	0	0	0	0	0	0	0	0	0	0	0	0	0.01	0	0	0	0	0	0	0	0	0	0	0	0	0	0	0	0	0	0	0	0	0	0	0	0	0	0	0	0	0	0	0	0	0	0	0	0	0	0	0	0	0	0	0	0	0	0	0	0	0	0	0	0	0	0	0	0	0	0	0	0
BP-101	0	0	0	0	0	0	0	0	0	0	0	0	0	0	0	0	0	0	0	0	0.01	0	0	0	0	0	0	0	0	0	0	0	0	0	0	0	0	0	0	0	0	0	0	0	0	0	0	0	0	0	0	0	0	0	0	0	0	0	0	0	0	0	0	0	0	0	0	0	0	0	0	0	0	0	0	0	0	0	0	0	0
JAUIHN01	0	0	0	0	0	0	0	0	0	0	0	0	0	0	0	0	0	0	0	0	0.04	0	0.03	0	0	0	0	0	0	0	0	0	0	0	0	0	0	0	0	0	0	0	0	0	0	0	0	0	0	0	0	0	0	0	0	0	0	0	0.01	0	0	0	0	0	0	0	0	0	0	0	0	0	0	0	0	0	0	0	0	0	0
JACDFO01	0	0	0	0	0	0	0	0	0	0	0	0	0	0	0	0	0	0	0	0	0.09	0	0	0	0	0	0	0	0	0	0	0	0	0	0	0	0	0	0	0	0	0	0	0	0.06	0.14	0	0	0	0.06	0	0	0	0	0	0	0	0	0.02	0	0	0	0	0	0	0	0	0	0	0	0	0	0	0	0	0	0	0	0	0	0
OFTM59	0	0	0	0	0	0	0	0	0	0	0	0	0	0	0	0	0	0	0	0	0.02	0	0	0	0	0	0	0	0	0	0	0	0	0	0	0	0	0	0	0	0	0	0	0	0.02	0	0	0	0	0	0	0	0	0	0	0	0	0	0.04	0	0	0	0	0	0	0	0	0	0	0	0	0	0	0	0	0	0	0.03	0	0.01	0
JALRHH01	0	0	0	0	0	0	0	0	0	0	0	0	0	0	0	0	0	0	0	0	0.05	0	0	0	0	0	0	0	0	0	0	0	0	0	0	0	0	0	0	0	0	0	0	0	0	0.08	0	0	0	0	0	0	0	0	0	0	0	0	0	0	0	0.02	0	0	0	0	0	0	0	0	0	0.02	0	0	0	0	0	0.02	0	0.02	0
Gloeomargaritaceae	0	0	0	0	0	0	0	0	0	0	0	0	0	0	0	0	0	0	0	0	0.01	0	0	0	0	0	0	0	0	0	0	0	0	0	0	0	0	0	0	0	0	0	0	0	0	0	0	0	0	0	0	0	0	0	0	0	0	0	0	0	0	0	0	0	0	0	0	0	0	0	0	0	0	0	0	0	0	0	0	0	0
UBA4093	0	0	0	0	0	0	0	0	0	0	0	0	0	0	0	0	0	0	0	0	0.01	0	0	0	0	0	0	0	0	0	0	0	0	0	0	0	0	0	0	0	0	0	0	0	0	0	0	0	0	0	0	0	0	0	0	0	0	0	0	0	0	0	0	0	0	0	0	0	0	0	0	0	0	0	0	0	0	0	0	0	0
UBA8530	0	0	0	0	0	0	0	0	0	0	0	0	0	0	0	0	0	0	0	0	0.02	0	0	0	0	0	0	0	0	0	0	0	0	0	0	0	0	0	0	0	0	0	0	0	0	0	0	0	0	0	0	0	0	0	0	0	0	0	0	0	0	0	0	0	0	0	0	0	0	0	0	0	0	0	0	0	0	0	0	0	0
JAQBPE01	0	0	0	0	0	0	0	0	0	0	0	0	0	0	0	0	0	0	0	0	0.04	0	0	0	0	0	0	0	0	0	0	0	0	0	0	0	0	0	0	0	0	0	0	0	0	0	0	0	0	0	0	0	0	0	0	0	0	0	0	0	0	0	0	0	0	0	0	0	0	0	0	0	0	0	0	0	0	0	0	0	0
SXON01	0	0	0	0	0	0	0	0	0	0	0	0	0	0	0	0	0	0	0	0	0.07	0	0	0	0	0	0	0	0	0	0	0	0	0	0	0	0	0	0	0	0	0	0	0	0	0	0	0	0	0	0	0	0	0	0	0	0	0	0	0	0	0	0	0	0	0	0	0	0	0	0	0	0	0	0	0	0	0	0	0.02	0
UBA9042	0	0	0	0	0	0	0	0	0	0	0	0	0	0	0	0	0	0	0	0	0.11	0	0	0	0	0	0	0	0	0	0	0	0	0	0	0	0	0	0	0	0	0	0	0	0	0	0	0	0	0	0	0	0	0	0	0	0	0	0	0	0	0	0	0	0	0	0	0	0	0	0	0.03	0	0	0	0	0	0	0	0	0
JAAFIG01	0	0	0	0	0	0	0	0	0	0	0	0	0	0	0	0	0	0	0	0	0.01	0	0	0	0	0	0	0	0	0	0	0	0	0	0	0	0	0	0	0	0	0	0	0	0	0	0	0	0	0	0	0	0	0	0	0	0	0	0	0	0	0	0	0	0	0	0	0	0	0	0	0	0	0	0	0	0	0	0	0	0
JAICJC01	0	0	0	0	0	0	0	0	0	0	0	0	0	0	0	0	0	0	0	0	0	0.01	0	0	0	0	0	0	0	0	0	0	0	0	0	0	0	0	0	0	0	0	0.23	0.03	0	0	0	0	0	0	0	0	0	0	0	0	0	0	0	0	0	0	0.1	0	0	0	0	0	0	0	0	0	0	0.05	0	0	0	0.02	0.08	0	0.02
Acidimicrobiaceae	0	0	0	0	0	0	0	0	0	0	0	0	0	0	0	0	0	0	0	0	0	0.03	0	0	0	0	0	0	0	0	0	0	0	0	0	0	0	0	0	0	0	0	0	0	0.01	0	0	0	0	0	0	0	0	0	0	0	0	0	0	0	0	0	0	0	0	0	0	0	0	0	0	0	0	0	0	0	0	0	0	0	0
RYN-140	0	0	0	0	0	0	0	0	0	0	0	0	0	0	0	0	0	0	0	0	0	0.01	0	0	0	0	0	0	0	0	0	0	0	0	0	0	0	0	0	0	0	0	0	0	0	0	0	0	0	0	0	0	0	0	0	0	0	0	0	0	0	0	0	0	0	0	0	0	0.01	0	0	0	0	0	0	0	0	0	0	0	0
BP-191	0	0	0	0	0	0	0	0	0	0	0	0	0	0	0	0	0	0	0	0	0	0.01	0	0	0	0	0	0	0	0	0	0	0	0	0	0	0	0	0	0	0.04	0	0	0	0	0	0	0	0	0	0	0	0	0	0	0	0	0	0	0	0	0	0	0	0	0	0	0	0.01	0	0	0	0	0	0	0	0	0	0	0	0
UBA10799	0	0	0	0	0	0	0	0	0	0	0	0.08	0	0	0	0	0	0	0	0	0	0.01	0	0	0	0	0	0	0	0	0	0	0	0	0	0	0	0	0	0	0	0	0	0	0	0	0	0	0	0	0	0	0	0	0	0	0	0	0	0	0	0	0	0	0	0	0	0	0	0	0	0	0	0	0	0.03	0	0	0	0	0
Nanosyncoccaceae	0	0	0	0	0	0	0	0	0	0	0	0	0	0	0	0	0	0	0	0	0	0.01	0	0	0	0	0	0	0	0	0	0	0	0	0	0	0	0	0	0	0	0	0	0	0.01	0	0	0	0	0	0	0	0	0	0	0	0	0	0.03	0	0	0	0.01	0	0	0	0	0	0	0	0	0.08	0	0	0	0	0	0	0	0	0
UBA10190	0	0	0	0	0	0	0	0	0	0	0	0	0	0	0	0	0	0	0	0	0	0.01	0	0	0	0	0	0	0	0	0	0	0	0	0	0	0	0	0	0	0	0	0	0	0	0	0	0	0	0	0	0	0	0	0	0	0	0	0	0	0.04	0	0	0	0	0	0	0	0	0	0	0	0	0	0	0	0	0.03	0.04	0.05	0
Pedosphaeraceae	0	0	0	0	0	0	0	0	0	0	0	0	0	0	0	0	0	0	0	0	0	0.01	0	0	0	0	0	0	0	0	0	0	0	0	0	0	0	0	0	0	0	0	0	0.05	0.01	0	0	0	0	0	0	0	0.04	0	0.2	0	0	0	0.01	0	0.01	0	0.12	0	0	0	0	0	0	0.05	0	0.05	0	0.2	0	0	0.05	0.04	0.07	0.04	0
RBG-16-58-11	0	0	0	0	0	0	0	0	0	0	0	0	0	0	0	0	0	0	0	0	0	0.04	0	0	0	0	0	0	0	0	0	0	0	0	0	0	0	0	0	0	0	0	0	0	0	0	0	0	0	0	0	0	0	0	0	0	0	0	0	0	0	0.01	0	0	0	0	0	0	0	0.04	0	0	0	0	0	0	0	0.08	0	0	0
UBA6901	0	0	0	0	0	0	0	0	0	0	0	0	0	0	0	0	0	0	0	0	0	0.01	0	0	0	0	0	0	0	0	0	0	0	0	0	0	0	0	0	0	0	0	0	0	0	0	0	0	0	0	0	0	0	0	0	0	0	0	0	0	0	0	0	0	0	0	0	0	0	0	0	0	0	0	0	0	0	0.09	0	0	0
Ga007554	0	0	0	0	0	0	0	0	0	0	0	0	0	0	0	0	0	0	0	0	0	0.12	0	0	0	0	0	0	0	0	0	0	0	0	0	0	0	0	0	0	0	0	0	0	0	0	0	0	0	0	0	0	0	0	0	0	0	0	0	0	0	0	0	0	0	0	0	0	0	0	0	0	0	0	0	0	0	0.01	0	0	0
JAHCIE01	0	0	0	0	0	0	0	0	0	0	0	0	0	0	0	0	0	0	0	0	0	0.03	0	0	0	0	0	0	0	0	0	0	0	0	0	0	0	0	0	0	0	0	0	0	0	0	0	0	0	0	0	0	0	0	0	0	0	0	0	0	0	0	0	0	0	0	0	0	0	0	0	0	0	0	0	0	0	0	0	0	0
JACQGL01	0	0	0	0	0	0	0	0	0	0	0	0	0	0	0	0	0	0	0	0	0	0.01	0	0	0.01	0	0	0	0	0	0	0	0	0	0	0	0	0	0	0	0	0	0	0	0	0	0	0	0	0	0	0	0.03	0	0	0	0	0	0	0	0	0	0	0	0	0	0	0	0	0	0	0	0	0	0	0	0	0	0	0	0
Methanospirillaceae	0	0	0	0	0	0	0	0	0	0	0	0.02	0	0	0	0	0	0	0	0	0	0	0	0	0	0	0	0	0	0	0	0	0	0	0	0	0	0	0	0	0	0	0	0	0	0	0	0	0	0	0	0	0	0	0	0	0	0	0	0	0	0	0	0	0.13	0	0	0	0	0	0	0	0	0	0	0	0	0.31	0	0	0
GCA-002748415	0	0	0	0	0	0	0	0	0	0	0	0.02	0	0	0	0	0	0	0	0	0	0	0	0	0	0	0	0	0	0	0	0	0	0	0	0	0	0	0	0	0	0	0	0	0	0	0	0	0	0	0	0	0	0	0	0	0	0	0	0	0	0	0	0	0	0	0	0	0	0	0	0	0	0	0	0	0	0	0	0	0
Sulfuricellaceae	0	0	0	0	0	0	0	0	0	0	0	0.03	0	0	0	0	0	0	0	0	0	0	0	0	0	0	0	0	0	0	0	0	0	0	0	0	0	0	0	0	0	0	0	0	0	0	0	0	0	0	0	0	0	0	0	0	0	0.04	0	0	0	0	0	0	0	0	0	0	0	0	0	0	0	0	0	0.03	0	0.09	0	0	0
JAHJQQ01	0	0	0	0	0	0	0	0	0	0	0	0.87	0	0	0	0	0	0	0	0	0	0	0	0	0	0	0	0	0	0	0	0	0	0	0	0	0	0	0	0	0	0	0	0	0	0	0	0	0	0	0	0	0	0	0	0	0	0	0	0	0	0.05	0	0	0	0	0	0	0	0	0	0	0	0	0	0	0	0	0	0	0
LD1	0	0	0	0	0	0	0	0	0	0	0	0.02	0	0	0	0	0	0	0	0	0	0	0	0	0	0	0	0	0	0	0	0	0	0.06	0	0	0	0	0	0	0	0	0	0	0.02	0	0	0	0	0	0	0.05	0	0	0.03	0	0.5	0.03	0	0	0.03	0	0.02	0	0	0.09	0	0	0	0	0.09	0.12	0.06	0.06	0	0.18	0.05	0.06	0.02	0.08	0.11
JAGQMS01	0	0	0	0	0	0	0	0	0	0	0	0.03	0	0	0	0	0	0	0	0	0	0	0	0	0	0	0	0	0	0	0	0	0	0	0	0	0	0	0	0	0	0	0	0	0	0	0	0	0	0	0	0	0	0	0	0	0	0	0	0	0	0	0	0	0	0	0	0	0	0	0	0.08	0	0	0	0	0	0	0	0	0
UBA6899	0	0	0	0	0	0	0	0	0	0	0	0.12	0	0	0	0	0	0	0	0	0	0	0	0	0	0	0	0	0	0	0	0	0	0	0	0	0	0	0	0	0	0	0	0	0	0	0	0	0	0	0	0	0	0	0	0	0	0.05	0	0	0	0	0	0	0	0	0	0	0	0	0	0.04	0	0	0	0	0	0.05	0	0	0
SC72	0	0	0	0	0	0	0	0	0	0	0	0.03	0	0	0	0	0	0	0	0	0	0	0	0	0	0	0	0	0	0	0	0	0	0	0	0	0	0	0	0	0	0	0	0	0	0	0	0	0	0	0	0	0	0	0	0	0	0	0	0	0	0	0	0.14	0	0	0	0	0	0	0	0	0	0	0	0	0	0	0	0	0
CAIMNF01	0	0	0	0	0	0	0	0	0	0	0	0.06	0	0	0	0	0	0	0	0	0	0	0	0	0	0	0	0	0	0	0	0	0	0.03	0	0	0	0	0	0	0	0	0	0	0	0	0	0	0	0	0	0.03	0	0	0	0	0	0.03	0.04	0	0	0.01	0	0	0	0	0	0	0	0	0.11	0	0	0.04	0	0.07	0.06	0.02	0.02	0.03	0.02
UBA840	0	0	0	0	0	0	0	0	0	0	0	0.05	0	0	0	0	0	0	0	0	0	0	0.02	0	0	0	0	0	0	0	0	0	0	0	0	0	0	0	0	0	0	0	0	0	0	0	0	0	0	0	0	0	0	0	0	0	0.02	0	0	0	0	0	0	0	0	0	0	0	0	0	0	0	0	0	0	0	0	0	0	0	0
JADMJV01	0	0	0	0	0	0	0	0	0	0	0	0.03	0	0	0	0	0	0	0	0	0	0	0.03	0	0	0	0	0	0	0	0	0	0	0	0	0	0	0	0	0	0	0	0	0	0	0	0	0	0	0	0	0	0	0	0	0	0	0.02	0.05	0	0	0.02	0	0.03	0.09	0	0	0	0	0	0	0.05	0	0	0	0	0	0	0	0	0
JACDBD01	0	0	0	0	0	0	0	0	0	0	0	0	0	0	0	0	0	0	0	0	0	0	0	0.39	0.44	0	0	0	0.23	0.11	0	0	0.4	0	0	0.02	0	0	0	0.1	0.3	0	0	0.07	0.32	0	0	0	0	0	0	0	0.17	0	0.05	0	0	0	0	0	0.01	0	0.07	0	0	0	0	0	0	0	0	0	0	0.04	0	0	0.04	0	0.02	0	0
JAOSJM01	0	0	0	0	0	0	0	0	0	0	0	0	0	0	0	0	0	0	0	0	0	0	0	0.01	0	0	0	0	0	0	0	0	0	0	0	0	0	0	0	0	0	0	0	0	0	0	0	0	0	0	0	0	0	0	0.01	0	0	0	0	0	0	0	0.02	0	0	0	0	0	0	0	0	0	0	0	0	0	0	0	0	0	0
Methyloligellaceae	0	0	0	0	0	0	0	0	0	0	0	0	0	0	0	0	0	0	0	0	0	0	0	0.05	0.06	0	0	0	0.08	0	0.03	0.03	0.07	0.04	0	0	0	0.17	0.03	0.02	0.34	0	0	0.22	0.99	0	0	0	0	0	0	0	0.03	0	0.08	0.05	0	0	0.01	0	0.26	0.03	0.36	0	0	0	0	0	0	0	0	0	0	0.05	0	0.03	0.09	0	0.05	0.07	0
Dermabacteraceae	0	0	0	0	0	0	0	0	0	0	0	0	0	0	0	0	0	0	0	0	0	0	0.05	0	0.01	0	0	0	0	0	0	0	0	0	0	0	0	0	0	0	0	0	0	0	0	0	0	0	0	0	0	0	0	0	0	0	0	0.02	0.01	0.17	0	0	0	0	0	0	0	0	0	0	0	0	0	0	0	0	0	0	0	0	0
JAOPZY01	0	0	0	0	0	0	0	0	0	0	0	0	0	0	0	0	0	0	0	0	0	0	0	0	0.01	0	0	0	0	0	0	0	0	0	0	0	0	0	0.02	0	0	0	0	0	0	0	0	0	0	0	0	0	0	0	0	0	0	0	0	0	0	0	0	0	0	0	0	0	0	0	0	0	0	0	0	0	0	0	0	0	0
JAICYB01	0	0	0	0	0	0	0	0	0	0	0	0	0	0	0	0	0	0	0	0	0	0	0	0	0.01	0	0	0	0	0	0	0	0	0	0	0	0	0	0.07	0	0	0	0	0.09	0	0	0	0	0	0	0	0	0	0	0	0	0	0	0	0	0	0	0	0	0	0	0	0	0	0	0	0	0	0	0	0	0	0	0	0	0
CAJBBX01	0	0	0	0	0	0	0	0	0	0	0	0	0	0	0	0	0	0	0	0	0	0	0	0	0.01	0	0	0	0	0	0	0	0	0	0	0	0	0	0	0	0	0	0	0.06	0.01	0	0	0	0	0	0	0	0.07	0	0.02	0	0	0.08	0	0	0	0	0.03	0	0	0	0	0	0	0.04	0	0	0	0	0	0	0	0	0	0.03	0
CSP1-6	0	0	0	0	0	0	0	0	0	0	0	0	0	0	0	0	0	0	0	0	0	0	0	0	0.01	0	0	0	0	0	0	0	0	0	0	0	0	0	0	0	0	0	0	0.64	0.09	0	0	0	0	0	0	0	0.43	0	0	0	0	0	0	0	0	0	3	0	0	0.09	0	0	0	0.07	0	0	0	0	0	0	0	0	0	0.02	0
JACPNS01	0	0	0	0	0	0	0	0	0	0	0	0	0	0	0	0	0	0	0	0	0	0	0	0	0	0	0	0	0	0	0	0.02	0	0	0	0	0	0	0	0	0	0	0	0	0	0	0	0	0	0	0	0	0	0	0	0	0	0	0	0	0.02	0	0	0	0	0	0	0	0	0	0	0	0	0	0	0.08	0	0	0	0	0
Schleiferiaceae	0	0	0	0	0	0	0	0	0	0	0	0	0	0	0	0	0	0	0	0	0	0	0.01	0	0	0	0	0	0	0	0	0	0	0	0	0	0	0	0	0	0	0	0	0	0	0	0	0	0	0	0	0	0	0	0	0	0	0	0	0	0.02	0	0	0.05	0	0	0	0	0	0	0	0	0	0	0	0	0	0	0	0	0
REDH01	0	0	0	0	0	0	0	0	0	0	0	0	0	0	0	0	0	0	0	0	0	0	0.02	0	0	0	0	0	0	0	0	0	0	0	0	0	0	0	0	0	0	0	0	0	0	0	0	0	0	0	0	0	0	0	0	0	0	0	0	0	0	0	0	0	0	0	0	0	0	0	0	0	0	0	0	0	0	0	0	0	0
DTU023	0	0	0	0	0	0	0	0	0	0	0	0	0	0	0	0	0	0	0	0	0	0	0.04	0	0	0	0	0	0	0	0	0	0	0	0	0	0	0	0	0	0	0	0	0	0	0	0	0	0	0	0	0	0	0	0	0	0	0	0	0	0	0	0	0.12	0	0	0	0	0	0	0	0	0	0	0	0	0	0	0	0	0
Oscillospiraceae	0	0	0	0	0	0	0	0	0	0	0	0	0	0	0	0	0	0	0	0	0	0	0.02	0	0	0	0	0	0	0	0	0	0	0	0	0	0	0	0	0	0	0	0	0	0.01	0	0	0	0	0	0	0	0	0	0	0	0	0	0	0	0	0	0	0	0.28	0	0	0	0	0	0	0	0	0	0	0	0	0	0	0	0
UBA1006	0	0	0	0	0	0	0	0	0	0	0	0	0	0	0	0	0	0	0	0	0	0	0.03	0	0	0	0	0	0	0	0	0	0	0	0	0	0	0	0	0	0	0	0	0	0	0	0	0	0	0	0	0	0	0	0	0	0.51	0	0	0	0	0.01	0	0.01	0	0	0	0	0	0	0	0	0	0	0	0	0	0.02	0	0	0.08
CSBR16-119	0	0	0	0	0	0	0	0	0	0	0	0	0	0	0	0	0	0	0	0	0	0	0.03	0	0	0	0	0	0	0	0	0	0	0	0	0	0	0	0	0	0	0	0	0	0	0	0	0	0	0	0	0	0	0	0	0	0	0	0	0	0	0	0	0	0	0	0	0	0	0	0	0	0	0	0.04	0	0	0	0	0	0
CAIZLB01	0	0	0	0	0	0	0	0	0	0	0	0	0	0	0	0	0	0	0	0	0	0	0.04	0	0	0	0	0	0	0	0	0	0	0	0	0	0	0	0	0	0	0	0	0	0	0	0	0	0	0	0	0	0	0	0	0	0	0	0	0	0	0	0	0	0	0	0	0	0	0	0	0	0	0	0	0	0	0	0	0	0.06
OMJO01	0	0	0	0	0	0	0	0	0	0	0	0	0	0	0	0	0	0	0	0	0	0	0.01	0	0	0	0	0	0	0	0	0	0	0	0	0	0	0	0	0	0	0	0	0	0.01	0	0	0	0	0	0	0	0	0	0	0	0	0	0.01	0	0.02	0	0.03	0	0	0	0	0	0	0	0	0.05	0	0	0	0	0	0.08	0	0.02	0
JAQBRV01	0	0	0	0	0	0	0	0	0	0	0	0	0	0	0	0	0	0	0	0	0	0	0.01	0	0	0	0	0	0	0	0	0	0	0	0	0	0	0	0	0	0	0	0	0	0	0	0	0	0	0	0	0	0	0	0	0	0	0	0	0	0	0	0	0	0	0	0	0	0	0	0	0.13	0	0	0	0	0	0	0.03	0	0
JAKQQT01	0	0	0	0	0	0	0	0	0	0	0	0	0	0	0	0	0	0	0	0	0	0	0.03	0	0	0	0	0	0	0	0	0	0	0	0	0	0	0	0	0	0	0	0	0	0	0	0	0	0	0	0	0	0	0	0	0	0	0	0	0	0	0	0	0	0	0	0	0	0	0	0	0	0	0	0	0	0	0	0	0	0
Ktedonobacteraceae	0	0	0	0	0	0	0	0	0	0	0	0	0	0	0	0	0	0	0	0	0	0	0.01	0	0	0	0	0	0	0	0	0	0	0	0	0	0	0	0	0	0	0	0	0	0	0	0	0	0	0	0	0.02	0	0	5.95	0	0	0	0	0.53	0	0	1	0	0	0	0	0	0	0	1.34	0	0	0	0.07	0	0	0	0.16	0	0.1
SKKY01	0	0	0	0	0	0	0	0	0	0	0	0	0	0	0	0	0	0	0	0	0	0	0.01	0	0	0	0	0	0	0	0	0	0	0	0	0	0	0	0	0	0	0	0	0	0	0	0	0	0	0	0	0	0	0	0	0	0	0	0	0	0	0	0	0	0	0	0	0	0	0	0	0	0	0	0	0	0	0	0	0	0
Carnobacteriaceae	0	0	0	0	0	0	0	0	0	0	0	0	0	0	0	0	0	0	0	0	0	0	0.5	0	0	0	0	0	0	0	0	0	0	0	0	0	0	0	0	0	0	0	0	0	0	0	0	0	0	0	0	0	0	0	0	0	0	0	0	0.07	0	0	0	0.05	0	0	0.4	0	0	0	0	0	0	0	0	0	0	0	0	0	0
Salinicoccaceae	0	0	0	0	0	0	0	0	0	0	0	0	0	0	0	0	0	0	0	0	0	0	0.03	0	0	0	0	0	0	0	0	0	0	0	0	0	0	0	0	0	0	0	0	0	0	0	0	0	0	0	0	0	0	0	0	0	0	0	0	1.12	0	0	0	0	0	0	0	0	0	0	0	0	0	0	0	0	0	0	0	0	0
VGCI01	0	0	0	0	0	0	0	0	0	0	0	0	0	0	0	0	0	0	0	0	0	0	0	0	0	0	0	0	0	0	0	0	0	0	0	0	0	0	0.02	0	0	0	0	0	0	0	0	0	0	0	0	0	0	0	0	0	0	0	0	0	0.01	0	0.05	0	0	0	0	0	0	0	0	0	0	0.14	0	0	0	0.02	0.02	0	0
JANYDT01	0	0	0	0	0	0	0	0	0	0	0	0	0	0	0	0	0	0	0	0	0	0	0	0	0	0	0	0	0	0	0	0	0	0	0	0	0	0	0.02	0	0	0	0	0	0	0	0	0	0	0	0	0	0	0	0	0	0	0.06	0	0	0	0	0	0	0	0	0	0	0	0	0	0	0	0	0	0	0	0	0	0	0
JAFATL01	0	0	0	0	0	0	0	0	0	0	0	0	0	0	0	0	0	0	0	0	0	0	0	0	0	0	0	0	0	0	0	0	0	0	0	0	0	0	0.04	0	0	0	0	0	0.01	0	0	0	0	0	0	0	0	0	0	0	0	0	0	0	0	0	0	0	0	0	0	0	0	0	0	0	0	0	0	0	0	0	0	0	0
Acidothermaceae	0	0	0	0	0	0	0	0	0	0	0	0	0	0	0	0	0	0	0	0	0	0	0	0	0	0	0	0	0	0	0	0	0	0	0	0	0	0	0.03	0	0	0	0	0	0	0	0	0	0	0	0	0.07	0	0	0	0	0	0	0	0	0	0	0	0	0	0	0	0	0.02	0	0	0	0	0	0.04	0	0	0	0.11	0	0.04
AC-67	0	0	0	0	0	0	0	0	0	0	0	0	0	0	0	0	0	0	0	0	0	0	0	0	0	0	0	0	0	0	0	0	0	0	0	0	0	0	0.02	0	0	0	0	0.07	0	0	0	0	0	0	0	0	0	0	0	0	0	0	0	0	0	0	0	0	0	0	0	0	0	0	0	0	0	0	0	0	0	0	0	0	0
JAHWKO01	0	0	0	0	0	0	0	0	0	0	0	0	0	0	0	0	0	0	0	0	0	0	0	0	0	0	0	0	0	0	0	0	0	0	0	0	0	0	0.07	0	0	0	0	0	0	0	0	0	0	0	0	0	0	0	0	0	0	0	0	0	0	0.01	0	0	0	0	0	0	0	0	0	0	0	0	0	0	0	0	0	0	0
JAJPHT01	0	0	0	0	0	0	0	0	0	0	0	0	0	0	0	0	0	0	0	0	0	0	0	0	0	0	0	0	0	0	0	0	0	0	0	0	0	0	0	0	0	0.44	0	0	0	0	0	0	0	0	0	0	0	0	0	0	0	0	0	0	0	0.13	0	0	0	0	0	0	0	0	0	0	0	0	0	0	0	0	0	0	0
Nanopelagicaceae	0	0	0	0	0	0	0	0	0	0	0	0	0	0	0	0	0	0	0	0	0	0	0	0	0	0	0	0	0	0	0	0	0	0	0	0	0	0	0	0	0	1.46	0	0	0	0	0	0	0	0	0	0	0	0	0	0	0	0	0	0	0	0	0	0	0	0	0	0	0	0.04	0	0.33	0	0	0	0.11	0	0.03	0	0	0
BMS3ABIN01	0	0	0	0	0	0	0	0	0	0	0	0	0	0	0	0	0	0	0	0	0	0	0	0	0	0	0	0	0	0	0	0	0	0	0	0	0	0	0	0	0	3.5	0	0	0	0	0	0	0	0	0	0	0	0	0	0	0	0	0	0	0	0	0	0	0	0	0	0	0	0	0	0	0	0	0	0	0	0.02	0	0	0
CAIJZX01	0	0	0	0	0	0	0	0	0	0	0	0	0	0	0	0	0	0	0	0	0	0	0	0	0	0	0	0	0	0	0	0	0	0	0	0	0	0	0	0	0	0.29	0	0	0	0	0	0	0	0	0	0	0	0	0	0	0	0.06	0	0	0	0	0.01	0	0	0	0	0	0	0	0	0	0	0	0	0	0	0.14	0.02	0.02	0
DSM-16500	0	0	0	0	0	0	0	0	0	0	0	0	0	0	0	0	0	0	0	0	0	0	0	0	0	0	0	0	0	0	0	0	0	0.03	0	0	0	0	0	0	0	0.25	0.18	0	0.03	0	0	0	0	0	0	0.04	0	0	0.08	0	0	0.08	0.04	0	0.09	0.02	0.13	0	0	0	0	0	0	0.1	0.1	0.07	0.25	0.14	0	0.25	0.11	0.36	0.46	0.32	0.03
UBA6077	0	0	0	0	0	0	0	0	0	0	0	0	0	0	0	0	0	0	0	0	0	0	0	0	0	0	0	0	0	0	0	0	0	0	0	0	0	0	0	0	0	0.4	0	0	0	0	0	0	0	0	0	0	0	0	0	0	0	0	0	0	0	0	0	0	0	0	0	0	0	0	0	0	0	0	0	0	0	0	0	0	0
JALYUS01	0	0	0	0	0	0	0	0	0	0	0	0	0	0	0	0	0	0	0	0	0	0	0	0	0	0	0	0	0	0	0	0	0	0	0	0	0	0	0	0	0	0	0.25	0.02	0	0	0	0.25	0	0	0	0	0	0	0	0	0	0	0	0	0	0	0	0	0	0	0	0	0.15	0	0.17	0	0	0	0	0	0	0.03	0.03	0	0
CF-121	0	0	0	0	0	0	0	0	0	0	0	0	0	0	0	0	0	0	0	0	0	0	0	0	0	0	0	0	0	0	0	0	0	0	0	0	0	0	0	0	0	0	0.43	0	0	0	0	0	0	0	0	0	0	0	0	0	0	0	0	0	0	0	0.02	0	0	0	0	0	0	0	0.8	0	0	0	0	0	0	0	0.21	0	0
UBA8260	0	0	0	0	0	0	0	0	0	0	0	0	0	0	0	0	0	0	0	0	0	0	0	0	0	0	0	0	0	0	0	0	0	0	0	0	0	0	0	0	0	0	0.51	0	0	0	0	0	0	0	0	0.24	0	0	0.1	0	0	0	0	0	0	0	0	0	0	0	0	0	0	0	8.71	0	0	0.53	0.05	0	0.09	0.04	1.38	0	0.06
SbA1	0	0	0	0	0	0	0	0	0	0	0	0	0	0	0	0	0	0	0	0	0	0	0	0	0	0	0	0	0	0	0	0	0	0	0	0	0	0	0	0	0	0	1.36	0.04	0	0	0	0	0	0	0	0.36	0	0	6.15	0	0	0	0	0	0	0	3.89	0	0	0	0	0	0	0.12	0.89	0	0.09	1.18	0	0	0	0.83	1.24	0.05	0.23
Koribacteraceae	0	0	0	0	0	0	0	0	0	0	0	0	0	0	0	0	0	0	0	0	0	0	0	0	0	0	0	0	0	0	0	0	0	0	0	0	0	0	0	0	0	0	0.23	0	0	0	0	0	0	0	0	0	0	0	0.98	0	0	0	0	0	0	0	0.07	0	0	0	0	0	0	0	0.1	0	0.07	0	0	0	0	0.39	0.06	0.02	0
Binataceae	0	0	0	0	0	0	0	0	0	0	0	0	0	0	0	0	0	0	0	0	0	0	0	0	0	0	0	0	0	0	0	0	0	0	0	0	0	0	0	0	0	0	0.18	0	0	0	0	0	0	0	0	0.62	0	0	1.46	0	0	0	0	3.03	0	0	0.66	0	0	0	0	0	0	0	0.36	0	0	0.14	0	0	0	0.02	0.23	0	0
JADGOV01	0	0	0	0	0	0	0	0	0	0	0	0	0	0	0	0	0	0	0	0	0	0	0	0	0	0	0	0	0	0	0	0	0	0.03	0	0	0	0	0	0	0	0	0	0.03	0	0	0	0	0	0	0	0	0	0	0	1.15	0	0	0	0	0	0	0	0	0	0	0	0	0.01	0	0	0	0	0	0	0	0	0	0	0	0
SHND01	0	0	0	0	0	0	0	0	0	0	0	0	0	0	0	0	0	0	0	0	0	0	0	0	0	0	0	0	0	0	0	0	0	0.02	0	0	0	0	0	0	0	0	0	0.03	0.01	0	0	0	0	0	0	0	0	0	0	0	0	0	0	0	0	0	0.03	0	0	0	0	0	0	0.09	0	0	0.1	0.09	0	0	0	0.08	0.04	0.11	0
UBA7656	0	0	0	0	0	0	0	0	0	0	0	0	0	0	0	0	0	0	0	0	0	0	0	0	0	0	0	0	0	0	0	0	0	0.07	0	0	0	0	0	0	0	0	0	0.35	0.01	0	0	0	0	0	0	0	0.17	0	0.01	0	0	0	0	0	0	0	0.36	0	0	0	0	0	0	0.1	0	0	0	0	0	0	0.03	0	0	0.1	0
JADJMO01	0	0	0	0	0	0	0	0	0	0	0	0	0	0	0	0	0	0	0	0	0	0	0	0	0	0	0	0	0	0	0	0	0	0.04	0	0	0	0	0	0	0	0	0	0	0.04	0	0	0	0	0	0.11	0	0.03	0	0	0	0	0.04	0	0	0	0	0.05	0	0	0	0	0	0	0.17	0	0	0.04	0.05	0	0	0.08	0.02	0.02	0.02	0
JADYYK01	0	0	0	0	0	0	0	0	0	0	0	0	0	0	0	0	0	0	0	0	0	0	0	0	0	0	0	0	0	0	0	0	0	0.02	0	0	0	0	0	0	0	0	0	0	0.03	0	0	0	0	0	0	0	0	0	0	0	0	0	0	0	0	0	0	0	0	0	0	0	0	0	0	0	0	0	0	0	0	0	0	0.01	0
JAEUJZ01	0	0	0	0	0	0	0	0	0	0	0	0	0	0	0	0	0	0	0	0	0	0	0	0	0	0	0	0	0	0	0	0	0	0.03	0	0	0	0	0	0	0	0	0	0	0	0	0	0	0	0	0	0	0	0	0	0	0	0	0	0	0	0	0.01	0	0	0	0	0	0	0	0	0	0	0.04	0	0	0	0	0	0.06	0
UBA9464	0	0	0	0	0	0	0	0	0	0	0	0	0	0	0	0	0	0	0	0	0	0	0	0	0	0	0	0	0	0	0	0	0	0.06	0	0	0	0	0	0	0	0	0	0.03	0.01	0	0	0	0	0	0	0	0	0.09	0	0	0	0.04	0	0	0.03	0	0.03	0	0	0	0	0	0	0.12	0	0.23	0.13	0.04	0	0.1	0.05	0.03	0	0.09	0
DSM-12255	0	0	0	0	0	0	0	0	0	0	0	0	0	0	0	0	0	0	0	0	0	0	0	0	0	0	0	0	0	0	0	0	0	0.03	0	0	0	0	0	0	0	0	0	0	0	0	0	0	0	0	0	0	0	0	0	0	0	0.04	0	0	0	0	0	0	0	0.09	0	0	0	0.15	0	0	0	0	0	0	0	0	0	0	0
UTPRO1	0	0	0	0	0	0	0	0	0	0	0	0	0	0	0	0	0	0	0	0	0	0	0	0	0	0	0	0	0	0	0	0	0	0.05	0	0	0	0	0	0	0	0	0	0.03	0	0	0	0	0	0	0	0	0	0.07	0	0	0	0	0	0	0.04	0.02	0.27	0	0	0	0	0	0	0.04	0	0	0.05	0	0	0	0	0.03	0	0.07	0
JAICIG01	0	0	0	0	0	0	0	0	0	0	0	0	0	0	0	0	0	0	0	0	0	0	0	0	0	0	0	0	0	0	0	0	0	0	0	0	0	0	0	0	0	0	0	0	0.01	0	0	0	0	0	0	0	0	0	0.07	0	0	0	0	0.06	0	0	0.02	0	0	0	0	0	0	0	0.04	0	0	0	0	0.04	0	0.03	0.02	0.04	0
UBA4738	0	0	0	0	0	0	0	0	0	0	0	0	0	0	0	0	0	0	0	0	0	0	0	0	0	0	0	0	0	0	0	0	0	0	0	0	0	0	0	0	0	0	0	0.32	0.29	0	0	0	0	0	0	0	0.11	0	0	0	0	0	0	0	0	0	0.02	0	0	0	0	0	0	0	0	0	0	0	0	0	0.05	0	0	0	0
Poriferisodaliceae	0	0	0	0	0	0	0	0	0	0	0	0	0	0	0	0	0	0	0	0	0	0	0	0	0	0	0	0	0	0	0	0	0	0	0	0	0	0	0	0	0	0	0	0	0.01	0	0	0	0	0	0	0	0	0	0	0	0	0	0	0	0.01	0.07	0	0	0	0	0	0	0	0	0	0	0	0	0	0	0	0	0	0	0
JADJXE01	0	0	0	0	0	0	0	0	0	0	0	0	0	0	0	0	0	0	0	0	0	0	0	0	0	0	0	0	0	0	0	0	0	0	0	0	0	0	0	0	0	0	0	0	0.01	0	0	0	0	0	0	0	0	0	0	0	0	0	0	0	0	0	0.01	0	0	0	0	0	0	0	0	0	0	0	0	0	0	0	0	0	0
JADIYM01	0	0	0	0	0	0	0	0	0	0	0	0	0	0	0	0	0	0	0	0	0	0	0	0	0	0	0	0	0	0	0	0	0	0	0	0	0	0	0	0	0	0	0	0	0.01	0	0	0	0	0	0	0	0.04	0	0	0	0	0	0	0	0	0	0	0	0	0	0	0	0	0	0	0	0	0	0	0.05	0	0	0	0.08	0
Versatilivoraceae	0	0	0	0	0	0	0	0	0	0	0	0	0	0	0	0	0	0	0	0	0	0	0	0	0	0	0	0	0	0	0	0	0	0	0	0	0	0	0	0	0	0	0	0.11	0.13	0	0	0	0	0	0	0	0.09	0	0	0	0	0	0	0	0	0	0.08	0	0	0	0	0	0	0	0	0	0	0	0	0	0	0	0	0.02	0
Fen-181	0	0	0	0	0	0	0	0	0	0	0	0	0	0	0	0	0	0	0	0	0	0	0	0	0	0	0	0	0	0	0	0	0	0	0	0	0	0	0	0	0	0	0	0	0.01	0	0	0	0	0	0	0	0	0	0	0	0	0	0	0	0	0	0	0	0	0	0	0	0	0	0	0	0	0	0	0	0	0.04	0	0.01	0
JAFNAJ01	0	0	0	0	0	0	0	0	0	0	0	0	0	0	0	0	0	0	0	0	0	0	0	0	0	0	0	0	0	0	0	0	0	0	0	0	0	0	0	0	0	0	0	0	0.03	0	0	0	0	0	0	0	0	0	0	0	0	0	0	0	0	0	0	0	0	0	0	0	0	0	0	0	0	0	0	0	0	0	0	0	0
JAGQNJ01	0	0	0	0	0	0	0	0	0	0	0	0	0	0	0	0	0	0	0	0	0	0	0	0	0	0	0	0	0	0	0	0	0	0	0	0	0	0	0	0	0	0	0	0	0.01	0	0	0	0	0	0	0	0	0	0	0	0	0	0.01	0	0.02	0	0	0	0	0	0	0	0	0	0	0	0	0	0	0.14	0	0.02	0	0	0
JACOTW01	0	0	0	0	0	0	0	0	0	0	0	0	0	0	0	0	0	0	0	0	0	0	0	0	0	0	0	0	0	0	0	0	0	0	0	0	0	0	0	0	0	0	0	0	0.02	0	0	0	0	0	0	0	0	0	0	0	0	0	0.01	0	0	0	0	0	0	0	0	0	0	0	0	0	0	0	0	0	0	0.02	0	0	0
JACQNP01	0	0	0	0	0	0	0	0	0	0	0	0	0	0	0	0	0	0	0	0	0	0	0	0	0	0	0	0	0	0	0	0	0	0	0	0	0	0	0	0	0	0	0	0	0.01	0	0	0	0	0	0	0	0	0	0	0	0	0	0	0	0	0	0	0	0	0	0	0	0	0	0	0	0	0	0	0	0	0	0	0	0
JAQGGX01	0	0	0	0	0	0	0	0	0	0	0	0	0	0	0	0	0	0	0	0	0	0	0	0	0	0	0	0	0	0	0	0	0	0	0	0	0	0	0	0	0	0	0	0	0.01	0	0	0	0	0	0	0	0	0	0	0	0	0	0	0	0	0	0	0	0	0	0	0	0	0	0	0.03	0	0	0	0	0	0	0	0	0
UBA10105	0	0	0	0	0	0	0	0	0	0	0	0	0	0	0	0	0	0	0	0	0	0	0	0	0	0	0	0	0	0	0	0	0	0	0	0	0	0	0	0	0	0	0	0	0.02	0	0	0	0	0	0	0	0	0	0	0	0	0	0	0	0	0	0	0	0	0	0	0	0	0	0	0	0	0	0	0	0	0	0	0	0
UBA2100	0	0	0	0	0	0	0	0	0	0	0	0	0	0	0	0	0	0	0	0	0	0	0	0	0	0	0	0	0	0	0	0	0	0	0	0	0	0	0	0	0	0	0	0.02	0.02	0	0	0	0	0	0	0	0	0	0.04	0	0	0.02	0	0	0.09	0	0.28	0	0	0	0	0	0	0	0.08	0.11	0.13	0.12	0	0	0.06	0.26	0.17	0.11	0
UBA10185	0	0	0	0	0	0	0	0	0	0	0	0	0	0	0	0	0	0	0	0	0	0	0	0	0	0	0	0	0	0	0	0	0	0	0	0	0	0	0	0	0	0	0	0	0.01	0	0	0	0	0	0	0	0	0	0	0	0	0	0	0	0	0	0	0	0	0	0	0	0	0	0	0	0	0	0	0	0	0	0	0	0
Anaeromyxobacteraceae	0	0	0	0	0	0	0	0	0	0	0	0	0	0	0	0	0	0	0	0	0	0	0	0	0	0	0	0	0	0	0	0	0	0	0	0	0	0	0	0	0	0	0	0	0.01	0	0	0	0	0	0	0	0	0	0.03	0	0	0	0	0	0	0	0	0	0	0.11	0	0	0	0	0	0	0.19	0	0	0	0	0	0	0.03	0
40CM-4-68-19	0	0	0	0	0	0	0	0	0	0	0	0	0	0	0	0	0	0	0	0	0	0	0	0	0	0	0	0	0	0	0	0	0	0	0	0	0	0	0	0	0	0	0	0	0.01	0	0	0	0	0	0	0.05	0	0	0.02	0	0	0	0	0	0	0	0	0	0	0	0	0	0	0	0	0.06	0	0	0	0	0	0	0	0	0
G023898405	0	0	0	0	0	0	0	0	0	0	0	0	0	0	0	0	0	0	0	0	0	0	0	0	0	0	0	0	0	0	0	0	0	0	0	0	0	0	0	0	0	0	0	0	0.01	0	0	0	0	0	0	0	0	0	0	0	0	0	0	0	0	0	0	0	0	0	0	0	0	0	0	0	0	0	0	0	0	0	0	0.02	0
WYAZ01	0	0	0	0	0	0	0	0	0	0	0	0	0	0	0	0	0	0	0	0	0	0	0	0	0	0	0	0	0	0	0	0	0	0	0	0	0	0	0	0	0	0	0	0	0.01	0	0	0	0	0	0	0	0	0	0	0	0	0	0	0	0	0.01	0	0	0	0	0	0	0	0	0	0	0	0	0	0	0	0	0	0.04	0
Palsa-1400	0	0	0	0	0	0	0	0	0	0	0	0	0	0	0	0	0	0	0	0	0	0	0	0	0	0	0	0	0	0	0	0	0	0	0	0	0	0	0	0	0	0	0	0.02	0.01	0	0	0	0	0	0	0.15	0	0	0.1	0	0	0	0	0	0	0	0.01	0	0	0	0	0	0	0	0	0	0	0	0	0	0.05	0.01	0.06	0.04	0
SIBE01	0	0	0	0	0	0	0	0	0	0	0	0	0	0	0	0	0	0	0	0	0	0	0	0	0	0	0	0	0	0	0	0	0	0	0	0	0	0	0	0	0	0	0	0.04	0.03	0	0	0	0	0	0	0	0.04	0	0	0	0	0	0	0	0	0	0.03	0	0	0	0	0	0	0.08	0	0	0	0	0	0	0.07	0.05	0	0.05	0
JACDHS01	0	0	0	0	0	0	0	0	0	0	0	0	0	0	0	0	0	0	0	0	0	0	0	0	0	0	0	0	0	0	0	0	0	0	0	0	0	0	0	0	0	0	0	0	0.01	0	0	0	0	0	0	0	0	0	0	0	0	0	0.03	0	0	0.02	0	0	0	0	0	0	0	0	0	0	0.04	0	0	0.03	0	0	0	0.04	0
JALYXC01	0	0	0	0	0	0	0	0	0	0	0	0	0	0	0	0	0	0	0	0	0	0	0	0	0	0	0	0	0	0	0	0	0	0	0	0	0	0	0	0	0	0	0	0	0.01	0	0	0	0	0	0	0	0	0	0	0	0	0	0	0	0	0	0	0	0	0	0	0	0	0	0	0	0	0	0	0	0	0	0	0	0
JAQGOX01	0	0	0	0	0	0	0	0	0	0	0	0	0	0	0	0	0	0	0	0	0	0	0	0	0	0	0	0	0	0	0	0	0	0	0	0	0	0	0	0	0	0	0	0	0.01	0	0	0	0	0	0	0	0	0	0	0	0	0.03	0	0	0	0	0	0	0	0	0	0	0	0	0	0.07	0	0	0	0	0	0.06	0.07	0.03	0
CALKYB01	0	0	0	0	0	0	0	0	0	0	0	0	0	0	0	0	0	0	0	0	0	0	0	0	0	0	0	0	0	0	0	0	0	0	0	0	0	0	0	0	0	0	0	0	0.01	0	0	0	0	0	0	0	0	0	0	0	0	0	0	0	0	0	0	0	0	0	0	0	0	0	0	0	0	0	0	0	0	0	0	0	0
JAQTWB01	0	0	0	0	0	0	0	0	0	0	0	0	0	0	0	0	0	0	0	0	0	0	0	0	0	0	0	0	0	0	0	0	0	0	0	0	0	0	0	0	0	0	0	0	0.01	0	0	0	0	0	0	0	0	0	0	0	0	0	0	0	0	0	0	0	0	0	0	0	0	0	0	0	0	0	0	0	0	0	0	0	0
JAGRAN01	0	0	0	0	0	0	0	0	0	0	0	0	0	0	0	0	0	0	0	0	0	0	0	0	0	0	0	0	0	0	0	0	0	0	0	0	0	0	0	0	0	0	0	0	0.02	0	0	0	0	0	0	0	0	0	0	0	0	0	0	0	0.01	0	0	0	0	0	0	0	0	0	0	0	0	0	0	0	0	0	0	0	0
RFPC01	0	0	0	0	0	0	0	0	0	0	0	0	0	0	0	0	0	0	0	0	0	0	0	0	0	0	0	0	0	0	0	0	0	0	0	0	0	0	0	0	0	0	0	0	0.05	0	0	0	0	0	0	0	0	0	0	0	0	0	0	0	0	0.02	0	0	0	0	0	0	0	0	0	0	0	0	0	0	0	0	0	0	0
JAFLCA01	0	0	0	0	0	0	0	0	0	0	0	0	0	0	0	0	0	0	0	0	0	0	0	0	0	0	0	0	0	0	0	0	0	0	0	0	0	0	0	0	0	0	0	0	0.03	0	0	0	0	0	0	0	0	0	0	0	0	0	0	0	0	0	0	0	0	0	0	0	0	0	0	0	0	0	0	0	0	0	0	0	0
JAGFJO01	0	0	0	0	0	0	0	0	0	0	0	0	0	0	0	0	0	0	0	0	0	0	0	0	0	0	0	0	0	0	0	0	0	0	0	0	0	0	0	0	0	0	0	0	0.03	0	0	0	0	0	0	0	0	0	0	0	0	0	0	0	0	0	0	0	0	0	0	0	0	0	0	0	0	0	0	0	0	0	0	0	0
JAIBBU01	0	0	0	0	0	0	0	0	0	0	0	0	0	0	0	0	0	0	0	0	0	0	0	0	0	0	0	0	0	0	0	0	0	0	0	0	0	0	0	0	0	0	0	0	0.01	0	0	0	0	0	0	0	0	0	0	0	0	0	0	0	0	0	0	0	0	0	0	0	0	0	0	0	0	0	0	0	0	0	0	0	0
CAIXSY01	0	0	0	0	0	0	0	0	0	0	0	0	0	0	0	0	0	0	0	0	0	0	0	0	0	0	0	0	0	0	0	0	0	0	0	0	0	0	0	0	0	0	0	0	0.03	0	0	0	0	0	0	0	0	0	0	0	0	0	0	0	0	0	0	0	0	0	0	0	0	0	0	0	0	0	0	0	0	0	0	0	0
J046	0	0	0	0	0	0	0	0	0	0	0	0	0	0	0	0	0	0	0	0	0	0	0	0	0	0	0	0	0	0	0	0	0	0	0	0	0	0	0	0	0	0	0	0	0.01	0	0	0	0	0	0	0	0	0	0	0	0	0	0	0	0	0	0	0	0	0	0	0	0	0	0	0	0	0	0	0	0	0	0	0	0
JABDDW01	0	0	0	0	0	0	0	0	0	0	0	0	0	0	0	0	0	0	0	0	0	0	0	0	0	0	0	0	0	0	0	0	0	0	0	0	0	0	0	0	0	0	0	0	0.01	0	0	0	0	0	0	0	0	0	0.05	0	0	0.02	0	0	0	0	0	0	0	0	0	0	0	0	0	0	0	0.04	0	0	0	0	0.02	0.02	0
Bog-1112	0	0	0	0	0	0	0	0	0	0	0	0	0	0	0	0	0	0	0	0	0	0	0	0	0	0	0	0	0	0	0	0	0	0	0	0	0	0	0	0	0	0	0	0	0.01	0	0	0	0	0	0	0	0	0	0	0	0	0	0	0	0	0	0	0	0	0	0	0	0	0	0	0	0	0	0	0	0	0	0	0	0
UBA2394	0	0	0	0	0	0	0	0	0	0	0	0	0	0	0	0	0	0	0	0	0	0	0	0	0	0	0	0	0	0	0	0	0	0	0	0	0	0	0	0	0	0	0	0	0.02	0	0	0	0	0	0	0	0	0	0	0	0	0	0	0	0	0	0	0	0	0	0	0	0	0	0.04	0	0	0.05	0	0	0	0	0.02	0	0
Vampirovibrionaceae	0	0	0	0	0	0	0	0	0	0	0	0	0	0	0	0	0	0	0	0	0	0	0	0	0	0	0	0	0	0	0	0	0	0	0	0	0	0	0	0	0	0	0	0	0.03	0	0	0	0	0	0	0	0	0	0	0	0	0	0	0	0	0	0	0	0	0	0	0	0	0	0	0	0	0	0	0	0	0	0	0	0
Enterobacteriaceae	0	0	0	0	0	0	0	0	0	0	0	0	0	0	0	0	0	0	0	0	0	0	0	0	0	0	0	0	0	0	0	0	0	0	0	0	0	0	0	0	0	0	0	0	0.07	0	0	0	0	0	0	0.03	0	0	0	0	0	0	0	0	0.21	0	0	0	0	0	0	0	0	0	0	0	0	0	0	0	0	0	0	0	0
Rhodospirillaceae	0	0	0	0	0	0	0	0	0	0	0	0	0	0	0	0	0	0	0	0	0	0	0	0	0	0	0	0	0	0	0	0	0	0	0	0	0	0	0	0	0	0	0	0	0.01	0	0	0	0	0	0	0	0	0	0.02	0	0	0	0	0	0.07	0.03	0.06	0	0	0	0	0	0	0	0	0	0	0	0	0	0	0	0.02	0.02	0
Stellaceae	0	0	0	0	0	0	0	0	0	0	0	0	0	0	0	0	0	0	0	0	0	0	0	0	0	0	0	0	0	0	0	0	0	0	0	0	0	0	0	0	0	0	0	0.03	0.02	0	0	0	0	0	0	0.08	0.04	0	1.27	0	0	0	0	0.33	0.03	0	0.47	0	0	0	0	0	0	0	0.52	0	0	0.21	0	0	0.05	0.02	0.53	0	0
Bin65	0	0	0	0	0	0	0	0	0	0	0	0	0	0	0	0	0	0	0	0	0	0	0	0	0	0	0	0	0	0	0	0	0	0	0	0	0	0	0	0	0	0	0	0	0.07	0	0	0	0	0	0	0	0.1	0	0	0	0	0	0	0	0	0	0	0	0	0	0	0	0	0	0	0	0	0	0	0	0	0	0	0.02	0
UBA9655	0	0	0	0	0	0	0	0	0	0	0	0	0	0	0	0	0	0	0	0	0	0	0	0	0	0	0	0	0	0	0	0	0	0	0	0	0	0	0	0	0	0	0	0	0.01	0	0	0	0	0	0	0	0	0	0.02	0	0	0	0	0	0	0	0.01	0	0	0	0	0	0	0	0	0	0	0	0	0	0	0.02	0.04	0.05	0
JABWBI01	0	0	0	0	0	0	0	0	0	0	0	0	0	0	0	0	0	0	0	0	0	0	0	0	0	0	0	0	0	0	0	0	0	0	0	0	0	0	0	0	0	0	0	0	0.11	0	0	0	0	0	0	0	0	0	0	0	0	0	0	0	0	0	0	0	0	0	0	0	0	0	0	0	0	0	0	0	0	0	0	0	0
JALYNC01	0	0	0	0	0	0	0	0	0	0	0	0	0	0	0	0	0	0	0	0	0	0	0	0	0	0	0	0	0	0	0	0	0	0	0	0	0	0	0	0	0	0	0	0	0	0	0	0.06	0	0	0	0	0	0	0	0	0	0	0	0	0	0	0	0	0	0	0	0	0.07	0	0	0	0	0	0	0	0	0	0	0	0
CADDZG01	0	0	0	0	0	0	0	0	0	0	0	0	0	0	0	0	0	0	0	0	0	0	0	0	0	0	0	0	0	0	0	0	0	0	0	0	0	0	0	0	0	0	0	0	0	0	0	0.1	0	0	0	0	0	0	0	0	0	0	0	0	0	0	0	0	0	0	0	0	0	0	0	0	0	0	0	0	0	0	0	0	0
Capsulimonadaceae	0	0	0	0	0	0	0	0	0	0	0	0	0	0	0	0	0	0	0	0	0	0	0	0	0	0	0	0	0	0	0	0	0	0	0	0	0	0	0	0	0	0	0	0	0	0	0	0.18	0	0	0	3.9	0	0.12	0.13	0	0	0	0	0	0	0	0	0	0	0	0	0	0.25	0	0.51	0	0	0.04	0.16	0	0.04	0	0.06	0	0.03
BOG-932	0	0	0	0	0	0	0	0	0	0	0	0	0	0	0	0	0	0	0	0	0	0	0	0	0	0	0	0	0	0	0	0	0	0	0	0	0	0	0	0	0	0	0	0	0	0	0	0	0	0	0	0.02	0	0	0.02	0	0	0	0	0	0	0	0	0	0	0	0	0	0	0	0	0	0	0	0	0	0	0	0.02	0	0
Baltobacteraceae	0	0	0	0	0	0	0	0	0	0	0	0	0	0	0	0	0	0	0	0	0	0	0	0	0	0	0	0	0	0	0	0	0	0	0	0	0	0	0	0	0	0	0	0	0	0	0	0	0	0	0	7.06	0	0	0.66	0	0	0	0	0.66	0	0	0	0	0	0	0	0	0	0	5.2	0	0	0	5.8	0	0	0.08	0.95	0	0.35
UBA1321	0	0	0	0	0	0	0	0	0	0	0	0	0	0	0	0	0	0	0	0	0	0	0	0	0	0	0	0	0	0	0	0	0	0	0	0	0	0	0	0	0	0	0	0	0	0	0	0	0	0	0	0.68	0	0.03	0.5	0	0	0	0	0	0	0	0.04	0	0	0	0	0	0	0	0	0	0	0.13	0	0	0	0	0.15	0	0
JAKAPL01	0	0	0	0	0	0	0	0	0	0	0	0	0	0	0	0	0	0	0	0	0	0	0	0	0	0	0	0	0	0	0	0	0	0	0	0	0	0	0	0	0	0	0	0	0	0	0	0	0	0	0	0.1	0	0	0.21	0	0	0	0	0	0	0	0.08	0	0	0	0	0	0	0	0	0	0	0	0	0	0	0	0.02	0	0
Bog-877	0	0	0	0	0	0	0	0	0	0	0	0	0	0	0	0	0	0	0	0	0	0	0	0	0	0	0	0	0	0	0	0	0	0	0	0	0	0	0	0	0	0	0	0	0	0	0	0	0	0	0	0.15	0	0	0	0	0	0	0	0.16	0	0	0	0	0	0	0	0	0	0	0	0	0	0	0	0	0	0	0	0	0
JANWHV01	0	0	0	0	0	0	0	0	0	0	0	0	0	0	0	0	0	0	0	0	0	0	0	0	0	0	0	0	0	0	0	0	0	0	0	0	0	0	0	0	0	0	0	0	0	0	0	0	0	0	0	0.04	0	0	0.05	0	0	0	0	0	0	0	0	0	0	0	0	0	0	0	0.25	0	0	0	0	0	0	0	0.02	0	0
Obscuribacteraceae	0	0	0	0	0	0	0	0	0	0	0	0	0	0	0	0	0	0	0	0	0	0	0	0	0	0	0	0	0	0	0	0	0	0	0	0	0	0	0	0	0	0	0	0	0	0	0	0	0	0	0	0.11	0	0.05	0.55	0	0	0	0	0	0	0	0.03	0	0	0	0	0	0	0	0.04	0.03	0	0.09	0	0	0.04	0.04	0.11	0.02	0
RBG-16-64-32	0	0	0	0	0	0	0	0	0	0	0	0	0	0	0	0	0	0	0	0	0	0	0	0	0	0	0	0	0	0	0	0	0	0	0	0	0	0	0	0	0	0	0	0.25	0	0	0	0	0	0	0	0	0.13	0	0	0	0	0	0	0	0.08	0	0.03	0	0	0.09	0	0	0	0	0.1	0	0	0.15	0	0	0.41	0	0.03	0.14	0
JACQTL01	0	0	0	0	0	0	0	0	0	0	0	0	0	0	0	0	0	0	0	0	0	0	0	0	0	0	0	0	0	0	0	0	0	0	0	0	0	0	0	0	0	0	0	0.05	0	0	0	0	0	0	0	0	0	0	0	0	0	0	0	0	0	0	0	0	0	0	0	0	0	0	0	0	0	0	0	0	0	0	0	0	0
JAMXLJ01	0	0	0	0	0	0	0	0	0	0	0	0	0	0	0	0	0	0	0	0	0	0	0	0	0	0	0	0	0	0	0	0	0	0	0	0	0	0	0	0	0	0	0	0.02	0	0	0	0	0	0	0	0	0	0	0	0	0	0	0	0	0	0	0.04	0	0	0	0	0	0	0	0.06	0	0	0	0	0	0	0	0.07	0	0
BP-133	0	0	0	0	0	0	0	0	0	0	0	0	0	0	0	0	0	0	0	0	0	0	0	0	0	0	0	0	0	0	0	0	0	0	0	0	0	0	0	0	0	0	0	0.02	0	0	0	0	0	0	0	0	0	0	0	0	0	0	0	0	0	0	0	0	0	0	0	0	0	0	0	0	0	0	0	0	0	0	0	0.02	0
JACDEA01	0	0	0	0	0	0	0	0	0	0	0	0	0	0	0	0	0	0	0	0	0	0	0	0	0	0	0	0	0	0	0	0	0	0	0	0	0	0	0	0	0	0	0	0.04	0	0	0	0	0	0	0	0	0	0	0	0	0	0	0	0	0	0	0	0	0	0	0	0	0	0	0	0	0	0	0	0	0	0	0	0	0
HRBIN36	0	0	0	0	0	0	0	0	0	0	0	0	0	0	0	0	0	0	0	0	0	0	0	0	0	0	0	0	0	0	0	0	0	0	0	0	0	0	0	0	0	0	0	0.02	0	0	0	0	0	0	0	0	0	0	0.03	0	0	0	0	0	0	0	0.03	0	0	0	0	0	0	0	0	0	0.07	0.04	0	0	0	0	0	0.1	0
JAMCZE01	0	0	0	0	0	0	0	0	0	0	0	0	0	0	0	0	0	0	0	0	0	0	0	0	0	0	0	0	0	0	0	0	0	0	0	0	0	0	0	0	0	0	0	0.04	0	0	0	0	0	0	0	0	0	0	0	0	0	0	0	0	0	0	0	0	0	0	0	0	0	0	0	0	0	0	0	0	0	0.06	0	0	0
SHXO01	0	0	0	0	0	0	0	0	0	0	0	0	0	0	0	0	0	0	0	0	0	0	0	0	0	0	0	0	0	0	0	0	0	0	0	0	0	0	0	0	0	0	0	0.03	0	0	0	0	0	0	0	0	0	0	0	0	0	0	0	0	0	0	0.24	0	0	0	0	0	0	0	0	0	0	0	0	0	0	0	0	0.02	0
Bin18	0	0	0	0	0	0	0	0	0	0	0	0	0	0	0	0	0	0	0	0	0	0	0	0	0	0	0	0	0	0	0	0	0	0	0	0	0	0	0	0	0	0	0	0.07	0	0	0	0	0	0	0	0	0.06	0	0	0	0	0	0	0	0.02	0	0.06	0	0	0	0	0	0	0	0	0	0	0	0	0	0	0	0	0	0
DP-6	0	0	0	0	0	0	0	0	0	0	0	0	0	0	0	0	0	0	0	0	0	0	0	0	0	0	0	0	0	0	0	0	0	0	0	0	0	0	0	0	0	0	0	0.03	0	0	0	0	0	0	0	0	0	0	0	0	0	0	0	0	0	0	0.21	0	0	0	0	0	0	0	0	0	0	0	0	0	0	0	0	0.02	0
JACPRU01	0	0	0	0	0	0	0	0	0	0	0	0	0	0	0	0	0	0	0	0	0	0	0	0	0	0	0	0	0	0	0	0	0	0	0	0	0	0	0	0	0	0	0	0.03	0	0	0	0	0	0	0	0	0	0	0	0	0	0	0	0	0	0	0	0	0	0	0	0	0	0	0	0	0	0	0	0	0	0	0	0	0
Entotheonellaceae	0	0	0	0	0	0	0	0	0	0	0	0	0	0	0	0	0	0	0	0	0	0	0	0	0	0	0	0	0	0	0	0	0	0	0	0	0	0	0	0	0	0	0	0.04	0	0	0	0	0	0	0	0	0	0	0	0	0	0	0	0	0.14	0	0.09	0	0	0	0	0	0	0	0	0	0	0	0	0	0	0	0	0	0
Legionellaceae	0	0	0	0	0	0	0	0	0	0	0	0	0	0	0	0	0	0	0	0	0	0	0	0	0	0	0	0	0	0	0	0	0	0	0	0	0	0	0	0	0	0	0	0	0	0	0	0	0	0	0	0	0	0.07	0.04	0	0	0	0.04	0	0.05	0.03	0.03	0	0	0	0	0	0	0	0	0.14	0.07	0.09	0	0.26	0.12	0.07	0.03	0.16	0
TH1-2	0	0	0	0	0	0	0	0	0	0	0	0	0	0	0	0	0	0	0	0	0	0	0	0	0	0	0	0	0	0	0	0	0	0	0	0	0	0	0	0	0	0	0	0	0	0	0	0	0	0	0	0	0	0.19	0	0	0	0	0	0	0.54	0	0.17	0	0	0	0	0	0	0	0	0	0.05	0.19	0	0	0	0	0.03	0.13	0
UBA3002	0	0	0	0	0	0	0	0	0	0	0	0	0	0	0	0	0	0	0	0	0	0	0	0	0	0	0	0	0	0	0	0	0	0	0	0	0	0	0	0	0	0	0	0	0	0	0	0	0	0	0	0	0	0.06	0	0	0	0	0	0	0.03	0	0	0	0	0	0	0	0	0	0	0	0	0	0	0	0	0	0.03	0.04	0
SXRF01	0	0	0	0	0	0	0	0	0	0	0	0	0	0	0	0	0	0	0	0	0	0	0	0	0	0	0	0	0	0	0	0	0	0	0	0	0	0	0	0	0	0	0	0	0	0	0	0	0	0	0	0	0	0.08	0.09	0	0	0	0	0	0.1	0	0.04	0	0	0	0	0	0	0	0.04	0.11	0	0.07	0	0.04	0	0.12	0.09	0.05	0.03
PALSA-1337	0	0	0	0	0	0	0	0	0	0	0	0	0	0	0	0	0	0	0	0	0	0	0	0	0	0	0	0	0	0	0	0	0	0	0	0	0	0	0	0	0	0	0	0	0	0	0	0	0	0	0	0	0	0.1	0.08	0	0	0	0	0	0	0	0.03	0	0	0	0	0	0	0.19	0.15	0.2	0.11	0.22	0	0.16	0.34	0.41	0.31	0.16	0.03
JALHOP01	0	0	0	0	0	0	0	0	0	0	0	0	0	0	0	0	0	0	0	0	0	0	0	0	0	0	0	0	0	0	0	0	0	0	0	0	0	0	0	0	0	0	0	0	0	0	0	0	0	0	0	0	0	0.08	0	0	0	0	0	0	0	0	0	0	0	0	0	0	0	0	0	0	0	0	0	0	0	0	0	0	0
CAIQOK01	0	0	0	0	0	0	0	0	0	0	0	0	0	0	0	0	0	0	0	0	0	0	0	0	0	0	0	0	0	0	0	0	0	0	0	0	0	0	0	0	0	0	0	0	0	0	0	0	0	0	0	0	0	0.16	0.04	0	0	0	0	0	0	0	0.03	0	0	0	0	0	0	0.08	0	0	0.12	0.07	0	0	0	0.05	0.06	0.08	0
JADJPG01	0	0	0	0	0	0	0	0	0	0	0	0	0	0	0	0	0	0	0	0	0	0	0	0	0	0	0	0	0	0	0	0	0	0	0	0	0	0	0	0	0	0	0	0	0	0	0	0	0	0	0	0	0.06	0.04	0	0	0	0	0	0	0	0	0.02	0	0	0	0	0	0	0	0	0	0	0	0	0.04	0	0	0	0.04	0
SXQI01	0	0	0	0	0	0	0	0	0	0	0	0	0	0	0	0	0	0	0	0	0	0	0	0	0	0	0	0	0	0	0	0	0	0	0	0	0	0	0	0	0	0	0	0	0	0	0	0	0	0	0	0	0	0.07	0	0	0	0	0	0	0	0	0	0	0	0	0	0	0	0	0	0.13	0	0	0	0	0	0	0	0.01	0
JAATET01	0	0	0	0	0	0	0	0	0	0	0	0	0	0	0	0	0	0	0	0	0	0	0	0	0	0	0	0	0	0	0	0	0	0	0	0	0	0	0	0	0	0	0	0	0	0	0	0	0	0	0	0	0	0.17	0	0.18	0.02	0.05	0	0	0.08	0	0	0	0	0	0	0	0	0	0	0	0.11	0	0	0	0	0	0.03	0.02	0
SLMS01	0	0	0	0	0	0	0	0	0	0	0	0	0	0	0	0	0	0	0	0	0	0	0	0	0	0	0	0	0	0	0	0	0	0	0	0	0	0	0	0	0	0	0	0	0	0	0	0	0	0	0	0	0	0.07	0	0	0	0	0	0	0.03	0	0	0	0	0	0	0	0	0	0	0	0	0	0	0	0	0	0	0.05	0
UBA184	0	0	0	0	0	0	0	0	0	0	0	0	0	0	0	0	0	0	0	0	0	0	0	0	0	0	0	0	0	0	0	0	0	0	0	0	0	0	0	0	0	0	0	0	0	0	0	0	0	0	0	0	0	0	0.26	0	0	0	0	5	0	0	0.13	0	0	0	0	0	0	0	0	0	0	0	0	0	0	0	0	0	0
UBA183	0	0	0	0	0	0	0	0	0	0	0	0	0	0	0	0	0	0	0	0	0	0	0	0	0	0	0	0	0	0	0	0	0	0	0	0	0	0	0	0	0	0	0	0	0	0	0	0	0	0	0	0	0	0	0.22	0	0	0	0	0.17	0	0	0.05	0	0	0	0	0	0	0	0	0	0	0	0	0	0	0	0	0	0
CADDZS01	0	0	0	0	0	0	0	0	0	0	0	0	0	0	0	0	0	0	0	0	0	0	0	0	0	0	0	0	0	0	0	0	0	0	0	0	0	0	0	0	0	0	0	0	0	0	0	0	0	0	0	0	0	0	0.03	0	0	0	0	0	0	0	0	0	0	0	0	0	0	0	0	0	0	0	0	0	0	0	0	0	0
CAILMK01	0	0	0	0	0	0	0	0	0	0	0	0	0	0	0	0	0	0	0	0	0	0	0	0	0	0	0	0	0	0	0	0	0	0	0	0	0	0	0	0	0	0	0	0	0	0	0	0	0	0	0	0	0	0	0.01	0	0	0	0.01	0	0	0	0	0	0	0	0	0	0	0	0	0	0	0	0.05	0	0	0.23	0.04	0	0.02
Palsa-948_A	0	0	0	0	0	0	0	0	0	0	0	0	0	0	0	0	0	0	0	0	0	0	0	0	0	0	0	0	0	0	0	0	0	0	0	0	0	0	0	0	0	0	0	0	0	0	0	0	0	0	0	0	0	0	0.08	0	0	0	0	0	0	0	0	0	0	0	0	0	0	0	0	0	0	0	0	0	0	0	0	0	0
Gp1-AA112	0	0	0	0	0	0	0	0	0	0	0	0	0	0	0	0	0	0	0	0	0	0	0	0	0	0	0	0	0	0	0	0	0	0	0	0	0	0	0	0	0	0	0	0	0	0	0	0	0	0	0	0	0	0	0.01	0	0	0	0	0	0	0	0	0	0	0	0	0	0	0	0.05	0	0	0	0	0	0	0	0.02	0	0
Gp1-AA117	0	0	0	0	0	0	0	0	0	0	0	0	0	0	0	0	0	0	0	0	0	0	0	0	0	0	0	0	0	0	0	0	0	0	0	0	0	0	0	0	0	0	0	0	0	0	0	0	0	0	0	0	0	0	0.08	0	0	0	0	0	0	0	0.14	0	0	0	0	0	0	0	0	0	0	0	0	0	0	0.03	0.07	0	0
UBA7540	0	0	0	0	0	0	0	0	0	0	0	0	0	0	0	0	0	0	0	0	0	0	0	0	0	0	0	0	0	0	0	0	0	0	0	0	0	0	0	0	0	0	0	0	0	0	0	0	0	0	0	0	0	0	0.2	0	0	0	0	6.76	0	0	0.04	0	0	0	0	0	0	0	0.44	0	0	0.05	0	0	0	0	0.07	0	0
20CM-2-55-15	0	0	0	0	0	0	0	0	0	0	0	0	0	0	0	0	0	0	0	0	0	0	0	0	0	0	0	0	0	0	0	0	0	0	0	0	0	0	0	0	0	0	0	0	0	0	0	0	0	0	0	0	0	0	0.06	0	0	0	0	0	0.07	0	0.58	0	0	0	0	0	0	0	0	0	0.05	0	0	0	0	0	0	0.04	0
JAJPHL01	0	0	0	0	0	0	0	0	0	0	0	0	0	0	0	0	0	0	0	0	0	0	0	0	0	0	0	0	0	0	0	0	0	0	0	0	0	0	0	0	0	0	0	0	0	0	0	0	0	0	0	0	0	0	0.01	0	0	0	0	0	0	0	0	0	0	0	0	0	0	0	0	0	0	0	0	0	0	0	0	0.03	0
Holophagaceae	0	0	0	0	0	0	0	0	0	0	0	0	0	0	0	0	0	0	0	0	0	0	0	0	0	0	0	0	0	0	0	0	0	0	0	0	0	0	0	0	0	0	0	0	0	0	0	0	0	0	0	0	0	0	0.02	0	0	0.03	0	0	0	0	0	0	0	0	0	0	0	0	0	0	0	0	0	0	0	0	0	0	0
Fredricksoniimonadaceae	0	0	0	0	0	0	0	0	0	0	0	0	0	0	0	0	0	0	0	0	0	0	0	0	0	0	0	0	0	0	0	0	0	0	0	0	0	0	0	0	0	0	0	0	0	0	0	0	0	0	0	0	0	0	0.16	0	0	0	0	0	0	0	0.09	0	0	0	0	0	0	0	0	0	0	0.07	0	0	0	0.02	0.1	0.12	0
2-01-FULL-56-20	0	0	0	0	0	0	0	0	0	0	0	0	0	0	0	0	0	0	0	0	0	0	0	0	0	0	0	0	0	0	0	0	0	0	0	0	0	0	0	0	0	0	0	0	0	0	0	0	0	0	0	0	0	0	0.04	0	0	0	0	0	0	0	0.06	0	0	0	0	0	0	0	0	0	0.04	0	0	0	0	0.04	0.21	0.03	0.06
UBA12028	0	0	0	0	0	0	0	0	0	0	0	0	0	0	0	0	0	0	0	0	0	0	0	0	0	0	0	0	0	0	0	0	0	0	0	0	0	0	0	0	0	0	0	0	0	0	0	0	0	0	0	0	0	0	0.02	0	0	0	0	0	0	0	0	0	0	0	0	0	0	0	0	0	0	0	0	0	0	0	0	0.09	0
UBA8517	0	0	0	0	0	0	0	0	0	0	0	0	0	0	0	0	0	0	0	0	0	0	0	0	0	0	0	0	0	0	0	0	0	0	0	0	0	0	0	0	0	0	0	0	0	0	0	0	0	0	0	0	0	0	0.01	0	0	0	0	0	0.05	0	0.04	0	0	0	0	0	0	0	0	0	0	0.05	0	0	0	0.04	0	0.06	0
2-12-FULL-60-25	0	0	0	0	0	0	0	0	0	0	0	0	0	0	0	0	0	0	0	0	0	0	0	0	0	0	0	0	0	0	0	0	0	0	0	0	0	0	0	0	0	0	0	0	0	0	0	0	0	0	0	0	0	0	0.01	0	0	0	0	0	0.02	0	0	0.2	0	0	0	0	0	0	0	0	0	0	0	0	0	0	0	0.02	0
UBA7805	0	0	0	0	0	0	0	0	0	0	0	0	0	0	0	0	0	0	0	0	0	0	0	0	0	0	0	0	0	0	0	0	0	0	0	0	0	0	0	0	0	0	0	0	0	0	0	0	0	0	0	0	0	0	0.02	0	0	0	0	0	0.04	0.02	0.03	0	0	0	0	0	0	0	0	0	0	0.09	0	0	0	0	0.04	0.02	0
JACPPG01	0	0	0	0	0	0	0	0	0	0	0	0	0	0	0	0	0	0	0	0	0	0	0	0	0	0	0	0	0	0	0	0	0	0	0	0	0	0	0	0	0	0	0	0	0	0	0	0	0	0	0	0	0	0	0.05	0	0	0	0	0	0	0	0.02	0	0	0	0	0	0	0	0	0	0	0.18	0	0.03	0	0.08	0.04	0.06	0
JADZDJ01	0	0	0	0	0	0	0	0	0	0	0	0	0	0	0	0	0	0	0	0	0	0	0	0	0	0	0	0	0	0	0	0	0	0	0	0	0	0	0	0	0	0	0	0	0	0	0	0	0	0	0	0	0	0	0.03	0	0	0	0	0	0	0	0.07	0	0	0	0	0	0	0	0	0	0	0	0	0	0	0	0	0	0
JACPRB01	0	0	0	0	0	0	0	0	0	0	0	0	0	0	0	0	0	0	0	0	0	0	0	0	0	0	0	0	0	0	0	0	0	0	0	0	0	0	0	0	0	0	0	0	0	0	0	0	0	0	0	0	0.04	0	0.36	0	0	0	0	0	0	0	0.04	0	0	0	0	0	0	0	0	0	0	0	0	0	0	0	0	0.41	0
JACQDU01	0	0	0	0	0	0	0	0	0	0	0	0	0	0	0	0	0	0	0	0	0	0	0	0	0	0	0	0	0	0	0	0	0	0	0	0	0	0	0	0	0	0	0	0	0	0	0	0	0	0	0	0	0	0	0.02	0	0	0	0	0	0	0	0	0	0	0	0	0	0	0	0	0	0	0	0	0	0	0	0	0	0
JABCZZ01	0	0	0	0	0	0	0	0	0	0	0	0	0	0	0	0	0	0	0	0	0	0	0	0	0	0	0	0	0	0	0	0	0	0	0	0	0	0	0	0	0	0	0	0	0	0	0	0	0	0	0	0	0	0	0.02	0	0	0	0	0	0	0	0	0	0	0	0	0	0	0	0	0	0	0	0	0	0	0	0	0	0
UBA9219	0	0	0	0	0	0	0	0	0	0	0	0	0	0	0	0	0	0	0	0	0	0	0	0	0	0	0	0	0	0	0	0	0	0	0	0	0	0	0	0	0	0	0	0	0	0	0	0	0	0	0	0	0	0	0.07	0	0	0	0	0	0	0	0.05	0	0	0	0	0	0	0	0	0	0	0	0	0	0	0	0.12	0	0
Azospirillaceae	0	0	0	0	0	0	0	0	0	0	0	0	0	0	0	0	0	0	0	0	0	0	0	0	0	0	0	0	0	0	0	0	0	0	0	0	0	0	0	0	0	0	0	0	0	0	0	0	0	0	0	0	0	0	0.02	0	0	0	0	0	0.03	0	0.04	0	0	0	0	0	0	0	0	0	0.04	0	0	0	0	0	0.02	0.01	0
Dongiaceae	0	0	0	0	0	0	0	0	0	0	0	0	0	0	0	0	0	0	0	0	0	0	0	0	0	0	0	0	0	0	0	0	0	0	0	0	0	0	0	0	0	0	0	0	0	0	0	0	0	0	0	0	0	0	0.04	0	0	0	0	0	0.06	0	0.27	0	0	0	0	0	0	0	0	0	0.04	0.05	0	0	0	0.02	0.06	0	0
JAEUOS01	0	0	0	0	0	0	0	0	0	0	0	0	0	0	0	0	0	0	0	0	0	0	0	0	0	0	0	0	0	0	0	0	0	0	0	0	0	0	0	0	0	0	0	0	0	0	0	0	0	0	0	0	0	0	0.01	0	0	0	0	0	0	0	0	0	0	0	0	0	0	0	0	0	0	0	0	0	0	0	0	0.03	0
UBA11063	0	0	0	0	0	0	0	0	0	0	0	0	0	0	0	0	0	0	0	0	0	0	0	0	0	0	0	0	0	0	0	0	0	0	0	0	0	0	0	0	0	0	0	0	0	0	0	0	0	0	0	0	0	0	0.02	0	0	0	0	0	0	0	0	0	0	0	0	0	0	0	0	0	0	0	0	0.08	0	0	0	0	0
UBA6186	0	0	0	0	0	0	0	0	0	0	0	0	0	0	0	0	0	0	0	0	0	0	0	0	0	0	0	0	0	0	0	0	0	0	0	0	0	0	0	0	0	0	0	0	0	0	0	0	0	0	0	0	0	0	0.07	0	0	0.03	0.02	0	0.01	0	0.02	0	0	0	0	0.01	0.01	0	0	0	0	0	0	0.04	0.06	0.06	0.11	0.03	0
Coxiellaceae	0	0	0	0	0	0	0	0	0	0	0	0	0	0	0	0	0	0	0	0	0	0	0	0	0	0	0	0	0	0	0	0	0	0	0	0	0	0	0	0	0	0	0	0	0	0	0	0	0	0	0	0	0	0	0.03	0	0	0	0	0	0	0.01	0	0	0	0	0	0	0	0	0	0	0	0	0	0	0	0.03	0	0.02	0
JABCZS01	0	0	0	0	0	0	0	0	0	0	0	0	0	0	0	0	0	0	0	0	0	0	0	0	0	0	0	0	0	0	0	0	0	0	0	0	0	0	0	0	0	0	0	0	0	0	0	0	0	0	0	0	0	0	0.02	0	0	0	0	0	0	0	0	0	0	0	0	0	0	0	0	0	0	0	0	0	0	0.05	0.06	0.12	0
UBA6002	0	0	0	0	0	0	0	0	0	0	0	0	0	0	0	0	0	0	0	0	0	0	0	0	0	0	0	0	0	0	0	0	0	0	0	0	0	0	0	0	0	0	0	0	0	0	0	0	0	0	0	0	0	0	0.02	0	0	0	0	0	0	0	0	0	0	0	0	0	0	0	0	0	0	0	0	0	0	0	0	0	0
UBA2796	0	0	0	0	0	0	0	0	0	0	0	0	0	0	0	0	0	0	0	0	0	0	0	0	0	0	0	0	0	0	0	0	0	0	0	0	0	0	0	0	0	0	0	0	0	0	0	0	0	0	0	0	0	0	0.28	0	0	0	0	0	0	0	0.15	0	0	0	0	0	0	0	0	0	0	0	0	0	0	0.02	0	0.03	0
Aggregatilineaceae	0	0	0	0	0	0	0	0	0	0	0	0	0	0	0	0	0	0	0	0	0	0	0	0	0	0	0	0	0	0	0	0	0	0	0	0	0	0	0	0	0	0	0	0	0	0	0	0	0	0	0	0	0	0	0.01	0	0	0	0	0	0.03	0	0	0	0	0	0	0	0	0	0	0	0	0	0	0	0	0	0	0	0
JAJPKF01	0	0	0	0	0	0	0	0	0	0	0	0	0	0	0	0	0	0	0	0	0	0	0	0	0	0	0	0	0	0	0	0	0	0	0	0	0	0	0	0	0	0	0	0	0	0	0	0	0	0	0	0	0	0	0.05	0	0	0	0	0	0	0	0	0	0	0	0	0	0	0	0	0	0	0	0	0	0	0	0	0	0
JADMIN01	0	0	0	0	0	0	0	0	0	0	0	0	0	0	0	0	0	0	0	0	0	0	0	0	0	0	0	0	0	0	0	0	0	0	0	0	0	0	0	0	0	0	0	0	0	0	0	0	0	0	0	0	0	0	0.3	0	0	0	0	0.11	0	0	0.02	0	0	0	0	0	0	0	0	0	0	0	0	0	0	0	0	0	0
JACDGC01	0	0	0	0	0	0	0	0	0	0	0	0	0	0	0	0	0	0	0	0	0	0	0	0	0	0	0	0	0	0	0	0	0	0	0	0	0	0	0	0	0	0	0	0	0	0	0	0	0	0	0	0	0	0	0.02	0	0	0	0	0	0	0	0	0	0	0	0	0	0	0	0	0	0	0	0	0	0	0	0	0	0
CADDYW01	0	0	0	0	0	0	0	0	0	0	0	0	0	0	0	0	0	0	0	0	0	0	0	0	0	0	0	0	0	0	0	0	0	0	0	0	0	0	0	0	0	0	0	0	0	0	0	0	0	0	0	0	0	0	0.08	0	0	0	0	0	0	0	0.03	0	0	0	0	0	0	0	0.04	0	0	0	0	0	0	0	0	0	0
Eremiobacteraceae	0	0	0	0	0	0	0	0	0	0	0	0	0	0	0	0	0	0	0	0	0	0	0	0	0	0	0	0	0	0	0	0	0	0	0	0	0	0	0	0	0	0	0	0	0	0	0	0	0	0	0	0	0	0	0.94	0	0	0	0	0	0	0	0.02	0	0	0	0	0	0	0	1.73	0	0	0	0	0	0	0	0.65	0	0
UBA8199	0	0	0	0	0	0	0	0	0	0	0	0	0	0	0	0	0	0	0	0	0	0	0	0	0	0	0	0	0	0	0	0	0	0	0	0	0	0	0	0	0	0	0	0	0	0	0	0	0	0	0	0	0	0	0.06	0	0	0	0	0	0	0	0.2	0	0	0	0	0	0	0	0	0	0	0.11	0	0	0	0.11	0.04	0.04	0
CAMLLE01	0	0	0	0	0	0	0	0	0	0	0	0	0	0	0	0	0	0	0	0	0	0	0	0	0	0	0	0	0	0	0	0	0	0	0	0	0	0	0	0	0	0	0	0	0	0	0	0	0	0	0	0	0	0	0.03	0	0	0	0	0	0	0	0.01	0	0	0	0	0	0	0	0	0	0	0	0	0	0	0	0	0.03	0
BOG-1460	0	0	0	0	0	0	0	0	0	0	0	0	0	0	0	0	0	0	0	0	0	0	0	0	0	0	0	0	0	0	0	0	0	0	0	0	0	0	0	0	0	0	0	0	0	0	0	0	0	0	0	0	0	0	0.02	0	0	0	0	0	0	0	0	0	0	0	0	0	0	0	0	0	0	0	0	0	0	0	0	0	0
UBA3939	0	0	0	0	0	0	0	0	0	0	0	0	0	0	0	0	0	0	0	0	0	0	0	0	0	0	0	0	0	0	0	0	0	0	0	0	0	0	0	0	0	0	0	0	0	0	0	0	0	0	0	0	0	0	0.01	0	0	0	0	0	0	0	0	0	0	0	0	0	0	0	0	0	0	0	0	0	0	0	0	0	0
JABDGR01	0	0	0	0	0	0	0	0	0	0	0	0	0	0	0	0	0	0	0	0	0	0	0	0	0	0	0	0	0	0	0	0	0	0	0	0	0	0	0	0	0	0	0	0	0	0	0	0	0	0	0	0	0	0	0.02	0	0	0	0	0	0	0	0	0	0	0	0	0	0	0	0	0	0	0	0	0	0	0	0	0	0
Geobacteraceae	0	0	0	0	0	0	0	0	0	0	0	0	0	0	0	0	0	0	0	0	0	0	0	0	0	0	0	0	0	0	0	0	0	0	0	0	0	0	0	0	0	0	0	0	0	0	0	0	0	0	0	0	0	0	0.03	0	0	0	0	0	0	0	0	0	0	0	0	0	0	0.12	0	0	0	0	0	0	0	0.03	0	0	0
UBA9628	0	0	0	0	0	0	0	0	0	0	0	0	0	0	0	0	0	0	0	0	0	0	0	0	0	0	0	0	0	0	0	0	0	0	0	0	0	0	0	0	0	0	0	0	0	0	0	0	0	0	0	0	0	0	0.11	0	0	0.05	0	0	0	0.02	0.02	0	0	0	0	0	0	0	0.12	0.25	0	0	0	0.36	0.13	0.08	0.09	0.09	0
2-02-FULL-39-32	0	0	0	0	0	0	0	0	0	0	0	0	0	0	0	0	0	0	0	0	0	0	0	0	0	0	0	0	0	0	0	0	0	0	0	0	0	0	0	0	0	0	0	0	0	0	0	0	0	0	0	0	0	0	0.01	0	0	0	0	0	0	0	0.02	0	0	0	0	0	0	0	0	0	0	0	0	0	0	0	0	0	0
Endomicrobiaceae	0	0	0	0	0	0	0	0	0	0	0	0	0	0	0	0	0	0	0	0	0	0	0	0	0	0	0	0	0	0	0	0	0	0	0	0	0	0	0	0	0	0	0	0	0	0	0	0	0	0	0	0	0	0	0.01	0	0	0	0	0	0	0	0	0	0	0	0	0	0	0	0	0	0	0	0	0	0	0	0	0	0
UBA923	0	0	0	0	0	0	0	0	0	0	0	0	0	0	0	0	0	0	0	0	0	0	0	0	0	0	0	0	0	0	0	0	0	0	0	0	0	0	0	0	0	0	0	0	0	0	0	0	0	0	0	0	0	0	0.02	0	0	0	0	0	0	0	0	0	0	0	0	0	0	0	0	0.03	0	0	0	0	0	0	0	0	0
UBA9217	0	0	0	0	0	0	0	0	0	0	0	0	0	0	0	0	0	0	0	0	0	0	0	0	0	0	0	0	0	0	0	0	0	0	0	0	0	0	0	0	0	0	0	0	0	0	0	0	0	0	0	0	0	0	0.05	0	0	0	0	0	0	0	0	0	0	0	0	0	0	0	0	0	0	0	0	0	0	0.14	0	0	0
CADEER01	0	0	0	0	0	0	0	0	0	0	0	0	0	0	0	0	0	0	0	0	0	0	0	0	0	0	0	0	0	0	0	0	0	0	0	0	0	0	0	0	0	0	0	0	0	0	0	0	0	0	0	0	0	0	0.24	0	0	0	0	0	0.12	0.03	0.21	0	0	0	0	0	0	0	0	0	0.05	0	0	0	0	0.07	0	0.06	0
SM23-39	0	0	0	0	0	0	0	0	0	0	0	0	0	0	0	0	0	0	0	0	0	0	0	0	0	0	0	0	0	0	0	0	0	0	0	0	0	0	0	0	0	0	0	0	0	0	0	0	0	0	0	0	0	0	0.12	0	0	0	0	0	0.06	0	0.1	0	0	0	0	0	0	0	0	0	0	0.03	0	0.03	0	0.08	0.02	0.04	0
Rhabdochlamydiaceae	0	0	0	0	0	0	0	0	0	0	0	0	0	0	0	0	0	0	0	0	0	0	0	0	0	0	0	0	0	0	0	0	0	0	0	0	0	0	0	0	0	0	0	0	0	0	0	0	0	0	0	0	0	0	0.18	0	0	0	0	0	0.01	0	0.18	0	0	0	0	0	0	0	0	0	0.04	0	0	0.03	0	0.07	0	0.07	0
FEN-1388	0	0	0	0	0	0	0	0	0	0	0	0	0	0	0	0	0	0	0	0	0	0	0	0	0	0	0	0	0	0	0	0	0	0	0	0	0	0	0	0	0	0	0	0	0	0	0	0	0	0	0	0	0	0	0.05	0	0	0	0	0	0	0	0.09	0	0	0	0	0	0	0	0	0	0	0.09	0	0	0	0.02	0	0.02	0
JAAKFR01	0	0	0	0	0	0	0	0	0	0	0	0	0	0	0	0	0	0	0	0	0	0	0	0	0	0	0	0	0	0	0	0	0	0	0	0	0	0	0	0	0	0	0	0	0	0	0	0	0	0	0	0	0	0	0.02	0	0	0	0	0	0	0	0.02	0	0	0	0	0	0	0	0	0	0	0	0	0	0	0	0	0	0
Vermiphilaceae	0	0	0	0	0	0	0	0	0	0	0	0	0	0	0	0	0	0	0	0	0	0	0	0	0	0	0	0	0	0	0	0	0	0	0	0	0	0	0	0	0	0	0	0	0	0	0	0	0	0	0	0	0	0	0.13	0	0	0	0	0	0.12	0.02	0.17	0	0	0	0	0	0	0.05	0	0	0.09	0.35	0	0.07	0.06	0.37	0.06	0.2	0
Babeliaceae	0	0	0	0	0	0	0	0	0	0	0	0	0	0	0	0	0	0	0	0	0	0	0	0	0	0	0	0	0	0	0	0	0	0	0	0	0	0	0	0	0	0	0	0	0	0	0	0	0	0	0	0	0	0	0.02	0	0	0	0	0	0.01	0	0.03	0	0	0	0	0	0	0	0	0	0	0.17	0	0.05	0	0.06	0.06	0.06	0
Palsa-1180	0	0	0	0	0	0	0	0	0	0	0	0	0	0	0	0	0	0	0	0	0	0	0	0	0	0	0	0	0	0	0	0	0	0	0	0	0	0	0	0	0	0	0	0	0	0	0	0	0	0	0	0	0	0	0.05	0	0	0	0	0	0	0	0.04	0	0	0	0	0	0	0	0	0	0	0	0	0	0	0	0	0	0
JAHELV01	0	0	0	0	0	0	0	0	0	0	0	0	0	0	0	0	0	0	0	0	0	0	0	0	0	0	0	0	0	0	0	0	0	0	0	0	0	0	0	0	0	0	0	0	0	0	0	0	0	0	0	0	0	0	0	0.21	0	0	0	0	0.22	0	0	0	0	0	0	0	0	0	0	0	0	0	0	0	0	0	0	0	0
JADLHZ01	0	0	0	0	0	0	0	0	0	0	0	0	0	0	0	0	0	0	0	0	0	0	0	0	0	0	0	0	0	0	0	0	0	0	0	0	0	0	0	0	0	0	0	0	0	0	0	0	0	0	0	0	0	0	0	0.01	0	0.02	0	0	0	0	0	0	0	0	0	0	0	0	0	0	0	0	0	0	0	0	0	0	0
UBA6623	0	0	0	0	0	0	0	0	0	0	0	0	0	0	0	0	0	0	0	0	0	0	0	0	0	0	0	0	0	0	0	0	0	0	0	0	0	0	0	0	0	0	0	0	0	0	0	0	0	0	0	0	0	0	0	0.2	0	0	0.02	0	0.59	0.02	0	0	0	0	0	0	0	0	0	0	0	0	0	0	0	0	0	0	0
Chitinibacteraceae	0	0	0	0	0	0	0	0	0	0	0	0	0	0	0	0	0	0	0	0	0	0	0	0	0	0	0	0	0	0	0	0	0	0	0	0	0	0	0	0	0	0	0	0	0	0	0	0	0	0	0	0	0	0	0	0	0.32	0	0	0	0	0	0	0.01	0	0	0	0	0	0	0	0	0	0	0	0	0	0	0	0	0
UBA6940	0	0	0	0	0	0	0	0	0	0	0	0	0	0	0	0	0	0	0	0	0	0	0	0	0	0	0	0	0	0	0	0	0	0	0	0	0	0	0	0	0	0	0	0	0	0	0	0	0	0	0	0	0	0	0	0	0.16	0	0	0	0	0	0	0	0	0	0	0	0	0	0	0	0	0	0	0	0	0	0	0	0
Parvicellaceae	0	0	0	0	0	0	0	0	0	0	0	0	0	0	0	0	0	0	0	0	0	0	0	0	0	0	0	0	0	0	0	0	0	0	0	0	0	0	0	0	0	0	0	0	0	0	0	0	0	0	0	0	0	0	0	0	0.03	0	0	0	0	0	0	0	0	0	0	0	0	0	0	0	0	0	0	0	0	0	0	0	0
CAJJDF01	0	0	0	0	0	0	0	0	0	0	0	0	0	0	0	0	0	0	0	0	0	0	0	0	0	0	0	0	0	0	0	0	0	0	0	0	0	0	0	0	0	0	0	0	0	0	0	0	0	0	0	0	0	0	0	0	0.02	0	0	0	0	0	0	0	0	0	0	0	0	0	0	0	0	0	0	0	0	0	0	0	0
UBA8649	0	0	0	0	0	0	0	0	0	0	0	0	0	0	0	0	0	0	0	0	0	0	0	0	0	0	0	0	0	0	0	0	0	0	0	0	0	0	0	0	0	0	0	0	0	0	0	0	0	0	0	0	0	0	0	0	1.03	0	0	0	0	0	0	0	0	0	0	0	0	0	0	0	0	0	0	0	0	0	0	0	0
UBA9547	0	0	0	0	0	0	0	0	0	0	0	0	0	0	0	0	0	0	0	0	0	0	0	0	0	0	0	0	0	0	0	0	0	0	0	0	0	0	0	0	0	0	0	0	0	0	0	0	0	0	0	0	0	0	0	0	0.02	0	0	0	0	0	0	0	0	0	0	0	0	0	0	0	0	0	0	0	0	0	0	0	0
Bernardetiaceae	0	0	0	0	0	0	0	0	0	0	0	0	0	0	0	0	0	0	0	0	0	0	0	0	0	0	0	0	0	0	0	0	0	0	0	0	0	0	0	0	0	0	0	0	0	0	0	0	0	0	0	0	0	0	0	0	1.37	0	0	0	0	0	0	0	0.19	0	0	0	0	0	0	0	0	0	0	0	0	0	0	0	0
UKL13-3	0	0	0	0	0	0	0	0	0	0	0	0	0	0	0	0	0	0	0	0	0	0	0	0	0	0	0	0	0	0	0	0	0	0	0	0	0	0	0	0	0	0	0	0	0	0	0	0	0	0	0	0	0	0	0	0	0.07	0	0	0	0	0.01	0	0	0.09	0	0	0	0	0	0	0.16	0	0	0	0.05	0	0.04	0	0.02	0.02
UBA4408	0	0	0	0	0	0	0	0	0	0	0	0	0	0	0	0	0	0	0	0	0	0	0	0	0	0	0	0	0	0	0	0	0	0	0	0	0	0	0	0	0	0	0	0	0	0	0	0	0	0	0	0	0	0	0	0	0.09	0.03	0	0	0	0.02	0	0	0	0	0	0	0	0	0	0	0	0	0	0	0	0	0	0	0
Coraliomargaritaceae	0	0	0	0	0	0	0	0	0	0	0	0	0	0	0	0	0	0	0	0	0	0	0	0	0	0	0	0	0	0	0	0	0	0	0	0	0	0	0	0	0	0	0	0	0	0	0	0	0	0	0	0	0	0	0	0	0.02	0	0	0	0	0	0	0	0	0	0	0	0	0	0	0	0	0	0	0	0	0	0	0	0
Cyanobiaceae	0	0	0	0	0	0	0	0	0	0	0	0	0	0	0	0	0	0	0	0	0	0	0	0	0	0	0	0	0	0	0	0	0	0	0	0	0	0	0	0	0	0	0	0	0	0	0	0	0	0	0	0	0	0	0	0	0.02	0	0	0	0	0	0	0	0	0	0	0	0	0	0	0	0	0	0	0	0	0	0	0	0
JACMQJ01	0	0	0	0	0	0	0	0	0	0	0	0	0	0	0	0	0	0	0	0	0	0	0	0	0	0	0	0	0	0	0	0	0	0	0	0	0	0	0	0	0	0	0	0	0	0	0	0	0	0	0	0	0	0	0	0	0.07	0	0.01	0	0	0	0	0	0	0	0	0	0	0	0	0	0	0	0	0.05	0	0	0	0.02	0
UBA7694	0	0	0	0	0	0	0	0	0	0	0	0	0	0	0	0	0	0	0	0	0	0	0	0	0	0	0	0	0	0	0	0	0	0	0	0	0	0	0	0	0	0	0	0	0	0	0	0	0	0	0	0	0	0	0	0	0.06	0	0	0	0	0	0	0	0	0	0	0	0	0	0	0	0	0	0	0	0	0	0	0	0
CALMFT01	0	0	0	0	0	0	0	0	0	0	0	0	0	0	0	0	0	0	0	0	0	0	0	0	0	0	0	0	0	0	0	0	0	0	0	0	0	0	0	0	0	0	0	0	0	0	0	0	0	0	0	0	0	0	0	0	0.12	0	0	0	0	0	0	0	0	0	0	0	0	0	0	0	0	0	0	0	0	0	0	0	0
UBA6164	0	0	0	0	0	0	0	0	0	0	0	0	0	0	0	0	0	0	0	0	0	0	0	0	0	0	0	0	0	0	0	0	0	0	0	0	0	0	0	0	0	0	0	0	0	0	0	0	0	0	0	0	0	0	0	0	0.54	0	0	0	0	0	0	0	0	0	0	0	0	0	0	0	0	0	0	0	0	0	0	0	0
1-14-2-50-48-13	0	0	0	0	0	0	0	0	0	0	0	0	0	0	0	0	0	0	0	0	0	0	0	0	0	0	0	0	0	0	0	0	0	0	0	0	0	0	0	0	0	0	0	0	0	0	0	0	0	0	0	0	0	0	0	0	0.01	0	0	0	0	0	0	0	0	0	0	0	0	0	0	0	0	0	0	0	0	0	0	0	0
JAMLIO01	0	0	0	0	0	0	0	0	0	0	0	0	0	0	0	0	0	0	0	0	0	0	0	0	0	0	0	0	0	0	0	0	0	0	0	0	0	0	0	0	0	0	0	0	0	0	0	0	0	0	0	0	0	0	0	0	0.02	0	0	0	0	0	0	0	0	0	0	0	0	0	0	0	0	0	0	0	0	0	0	0	0
Arcobacteraceae	0	0	0	0	0	0	0	0	0	0	0	0	0	0	0	0	0	0	0	0	0	0	0	0	0	0	0	0	0	0	0	0	0	0	0	0	0	0	0	0	0	0	0	0	0	0	0	0	0	0	0	0	0	0	0	0	0.08	0	0	0	0	0	0	0	0.39	0	0	0	0	0	0	0	0	0	0	0	0	0	0	0	0
JAFGIB01	0	0	0	0	0	0	0	0	0	0	0	0	0	0	0	0	0	0	0	0	0	0	0	0	0	0	0	0	0	0	0	0	0	0	0	0	0	0	0	0	0	0	0	0	0	0	0	0	0	0	0	0	0	0	0	0	0	0.05	0	0	0.68	0	0.04	0	0	0	0	0	0	0	0	0	0	0	0	0.04	0	0.04	0	0.07	0
Prado026	0	0	0	0	0	0	0	0	0	0	0	0	0	0	0	0	0	0	0	0	0	0	0	0	0	0	0	0	0	0	0	0	0	0	0	0	0	0	0	0	0	0	0	0	0	0	0	0	0	0	0	0	0	0	0	0	0	0.02	0	0	0	0	0.02	0	0	0	0	0	0	0	0	0	0	0	0	0	0	0	0	0	0
Cfx3-03	0	0	0	0	0	0	0	0	0	0	0	0	0	0	0	0	0	0	0	0	0	0	0	0	0	0	0	0	0	0	0	0	0	0	0	0	0	0	0	0	0	0	0	0	0	0	0	0	0	0	0	0	0	0	0	0	0	0.1	0	0	0	0	0	0	0	0	0	0	0	0	0	0	0	0	0	0	0	0	0	0	0
Ga0077536	0	0	0	0	0	0	0	0	0	0	0	0	0	0	0	0	0	0	0	0	0	0	0	0	0	0	0	0	0	0	0	0	0	0	0	0	0	0	0	0	0	0	0	0	0	0	0	0	0	0	0	0	0	0	0	0	0	0.07	0	0	0.02	0.03	0.01	0	0	0	0	0	0	0.03	0	0	0	0	0	0	0	0.02	0	0.02	0
JAHWKN01	0	0	0	0	0	0	0	0	0	0	0	0	0	0	0	0	0	0	0	0	0	0	0	0	0	0	0	0	0	0	0	0	0	0	0	0	0	0	0	0	0	0	0	0	0	0	0	0	0	0	0	0	0	0	0	0	0	0.04	0	0	0	0	0	0	0	0	0	0	0	0	0	0.08	0	0	0	0	0	0.02	0	0	0
CAILAD01	0	0	0	0	0	0	0	0	0	0	0	0	0	0	0	0	0	0	0	0	0	0	0	0	0	0	0	0	0	0	0	0	0	0	0	0	0	0	0	0	0	0	0	0	0	0	0	0	0	0	0	0	0	0	0	0	0	0.03	0	0	0	0	0	0	0	0	0	0	0	0	0	0	0	0	0	0	0	0.17	0	0.02	0
UBA917	0	0	0	0	0	0	0	0	0	0	0	0	0	0	0	0	0	0	0	0	0	0	0	0	0	0	0	0	0	0	0	0	0	0	0	0	0	0	0	0	0	0	0	0	0	0	0	0	0	0	0	0	0	0	0	0	0	0.03	0	0	0	0	0	0	0	0	0	0	0	0	0	0	0	0	0	0	0	0	0	0	0
VEQN01	0	0	0	0	0	0	0	0	0	0	0	0	0	0	0	0	0	0	0	0	0	0	0	0	0	0	0	0	0	0	0	0	0	0	0	0	0	0	0	0	0	0	0	0	0	0	0	0	0	0	0	0	0	0	0	0	0	0.06	0	0	0	0	0	0	0	0	0	0	0	0	0	0.16	0	0	0	0	0	0	0.03	0	0
GWC2-37-73	0	0	0	0	0	0	0	0	0	0	0	0	0	0	0	0	0	0	0	0	0	0	0	0	0	0	0	0	0	0	0	0	0	0	0	0	0	0	0	0	0	0	0	0	0	0	0	0	0	0	0	0	0	0	0	0	0	0.05	0	0	0	0	0	0	0	0	0	0	0	0.15	0	0	0	0	0	0	0	0.03	0	0	0
GWA2-44-9	0	0	0	0	0	0	0	0	0	0	0	0	0	0	0	0	0	0	0	0	0	0	0	0	0	0	0	0	0	0	0	0	0	0	0	0	0	0	0	0	0	0	0	0	0	0	0	0	0	0	0	0	0	0	0	0	0	0.06	0	0	0	0	0.03	0	0	0	0	0	0	0	0	0	0	0	0	0	0	0.12	0.04	0	0
GWA1-39-11	0	0	0	0	0	0	0	0	0	0	0	0	0	0	0	0	0	0	0	0	0	0	0	0	0	0	0	0	0	0	0	0	0	0	0	0	0	0	0	0	0	0	0	0	0	0	0	0	0	0	0	0	0	0	0	0	0	0.02	0	0	0.05	0	0.03	0	0	0	0	0	0	0.05	0.04	0	0	0.12	0	0.06	0.03	0.21	0.07	0.06	0.66
HO2-37-13b	0	0	0	0	0	0	0	0	0	0	0	0	0	0	0	0	0	0	0	0	0	0	0	0	0	0	0	0	0	0	0	0	0	0	0	0	0	0	0	0	0	0	0	0	0	0	0	0	0	0	0	0	0	0	0	0	0	0.02	0.01	0	0	0	0	0	0	0	0	0	0	0	0	0	0	0	0	0	0	0.05	0	0.03	0
UBA2197	0	0	0	0	0	0	0	0	0	0	0	0	0	0	0	0	0	0	0	0	0	0	0	0	0	0	0	0	0	0	0	0	0	0	0	0	0	0	0	0	0	0	0	0	0	0	0	0	0	0	0	0	0	0	0	0	0	0.09	0	0	0	0	0	0	0	0	0	0	0	0	0	0	0	0	0	0	0	0	0	0	0
Desulfitobacteriaceae	0	0	0	0	0	0	0	0	0	0	0	0	0	0	0	0	0	0	0	0	0	0	0	0	0	0	0	0	0	0	0	0	0	0	0	0	0	0	0	0	0	0	0	0	0	0	0	0	0	0	0	0	0	0	0	0	0	0.02	0	0	0	0	0	0	0	0	0	0	0	0	0	0	0	0	0	0	0	0	0	0	0
UBA1997	0	0	0	0	0	0	0	0	0	0	0	0	0	0	0	0	0	0	0	0	0	0	0	0	0	0	0	0	0	0	0	0	0	0	0	0	0	0	0	0	0	0	0	0	0	0	0	0	0	0	0	0	0	0	0	0	0	0	0.02	0	0	0	0	0	0	0	0	0	0	0	0	0	0	0	0	0	0	0	0	0	0
JAHWJO01	0	0	0	0	0	0	0	0	0	0	0	0	0	0	0	0	0	0	0	0	0	0	0	0	0	0	0	0	0	0	0	0	0	0	0	0	0	0	0	0	0	0	0	0	0	0	0	0	0	0	0	0	0	0	0	0	0	0	0.03	0	0	0	0	0	0	0	0	0	0	0	0	0	0	0	0	0	0	0	0	0	0
JAQGHD01	0	0	0	0	0	0	0	0	0	0	0	0	0	0	0	0	0	0	0	0	0	0	0	0	0	0	0	0	0	0	0	0	0	0	0	0	0	0	0	0	0	0	0	0	0	0	0	0	0	0	0	0	0	0	0	0	0	0	0.01	0	0	0	0	0	0	0	0	0	0	0	0	0	0	0	0	0	0	0.02	0	0	0
Micrarchaeaceae	0	0	0	0	0	0	0	0	0	0	0	0	0	0	0	0	0	0	0	0	0	0	0	0	0	0	0	0	0	0	0	0	0	0	0	0	0	0	0	0	0	0	0	0	0	0	0	0	0	0	0	0	0	0	0	0	0	0	0	1.18	0	0	0.01	0	0	0	0	0	0	0	0	0	0	0	0	0	0	0	0	0	0
REEB76	0	0	0	0	0	0	0	0	0	0	0	0	0	0	0	0	0	0	0	0	0	0	0	0	0	0	0	0	0	0	0	0	0	0	0	0	0	0	0	0	0	0	0	0	0	0	0	0	0	0	0	0	0	0	0	0	0	0	0	15.89	0	0	0	0	0	0	0	0	0	0	0	0	0	0	0	0	0	0	0	0	0
SCQP01	0	0	0	0	0	0	0	0	0	0	0	0	0	0	0	0	0	0	0	0	0	0	0	0	0	0	0	0	0	0	0	0	0	0	0	0	0	0	0	0	0	0	0	0	0	0	0	0	0	0	0	0	0	0	0	0	0	0	0	0.99	0	0	0	0	0	0	0	0	0	0	0	0	0	0	0	0	0	0	0	0	0
Brevibacteriaceae	0	0	0	0	0	0	0	0	0	0	0	0	0	0	0	0	0	0	0	0	0	0	0	0	0	0	0	0	0	0	0	0	0	0	0	0	0	0	0	0	0	0	0	0	0	0	0	0	0	0	0	0	0	0	0	0	0	0	0	0.1	0	0	0	0	0	0	0	0	0	0	0	0.03	0	0	0	0	0	0	0	0	0
Vulgatibacteraceae	0	0	0	0	0	0	0	0	0	0	0	0	0	0	0	0	0	0	0	0	0	0	0	0	0	0	0	0	0	0	0	0	0	0	0	0	0	0	0	0	0	0	0	0	0	0	0	0	0	0	0	0	0	0	0	0	0	0	0	0.03	0	0	0	0	0	0	0	0	0	0	0	0	0	0	0	0	0	0	0	0	0
Staphylococcaceae	0	0	0	0	0	0	0	0	0	0	0	0	0	0	0	0	0	0	0	0	0	0	0	0	0	0	0	0	0	0	0	0	0	0	0	0	0	0	0	0	0	0	0	0	0	0	0	0	0	0	0	0	0	0	0	0	0	0	0	0.13	0	0	0	0	0	0	0	0	0	0	0	0	0	0	0	0	0	0	0	0	0
DSM-18226	0	0	0	0	0	0	0	0	0	0	0	0	0	0	0	0	0	0	0	0	0	0	0	0	0	0	0	0	0	0	0	0	0	0	0	0	0	0	0	0	0	0	0	0	0	0	0	0	0	0	0	0	0	0	0	0	0	0	0	0.1	0	0	0	0	0	0	0	0	0	0	0	0	0	0	0	0	0	0	0	0	0
Enterococcaceae	0	0	0	0	0	0	0	0	0	0	0	0	0	0	0	0	0	0	0	0	0	0	0	0	0	0	0	0	0	0	0	0	0	0	0	0	0	0	0	0	0	0	0	0	0	0	0	0	0	0	0	0	0	0	0	0	0	0	0	0.02	0	0	0	0	0	0	0	0	0	0	0	0	0	0	0	0	0	0	0	0	0
Aerococcaceae	0	0	0	0	0	0	0	0	0	0	0	0	0	0	0	0	0	0	0	0	0	0	0	0	0	0	0	0	0	0	0	0	0	0	0	0	0	0	0	0	0	0	0	0	0	0	0	0	0	0	0	0	0	0	0	0	0	0	0	0.08	0	0	0	0	0	0	0	0	0	0	0	0	0	0	0	0	0	0	0	0	0
Paenibacillaceae	0	0	0	0	0	0	0	0	0	0	0	0	0	0	0	0	0	0	0	0	0	0	0	0	0	0	0	0	0	0	0	0	0	0	0	0	0	0	0	0	0	0	0	0	0	0	0	0	0	0	0	0	0	0	0	0	0	0	0	0.14	0	0	0	0	0	0	0	0	0	0	0	0	0	0	0	0	0	0	0	0	0
NBRC-103111	0	0	0	0	0	0	0	0	0	0	0	0	0	0	0	0	0	0	0	0	0	0	0	0	0	0	0	0	0	0	0	0	0	0	0	0	0	0	0	0	0	0	0	0	0	0	0	0	0	0	0	0	0	0	0	0	0	0	0	0.13	0	0	0	0	0	0	0	0	0	0	0	0.09	0	0	0	0	0	0	0	0	0
UBA4045	0	0	0	0	0	0	0	0	0	0	0	0	0	0	0	0	0	0	0	0	0	0	0	0	0	0	0	0	0	0	0	0	0	0	0	0	0	0	0	0	0	0	0	0	0	0	0	0	0	0	0	0	0	0	0	0	0	0	0	0.02	0	0	0	0	0	0	0	0	0	0	0	0	0	0	0	0	0	0	0	0	0
GW2011-AR1	0	0	0	0	0	0	0	0	0	0	0	0	0	0	0	0	0	0	0	0	0	0	0	0	0	0	0	0	0	0	0	0	0	0	0	0	0	0	0	0	0	0	0	0	0	0	0	0	0	0	0	0	0	0	0	0	0	0	0	0	0.01	0	0.01	0	0	0	0	0	0	0	0	0	0	0	0	0	0	0	0	0	0
Salibacteraceae	0	0	0	0	0	0	0	0	0	0	0	0	0	0	0	0	0	0	0	0	0	0	0	0	0	0	0	0	0	0	0	0	0	0	0	0	0	0	0	0	0	0	0	0	0	0	0	0	0	0	0	0	0	0	0	0	0	0	0	0	0.04	0	0	0	0	0	0	0	0	0	0	0	0	0	0	0	0	0	0	0	0
CAIOSU01	0	0	0	0	0	0	0	0	0	0	0	0	0	0	0	0	0	0	0	0	0	0	0	0	0	0	0	0	0	0	0	0	0	0	0	0	0	0	0	0	0	0	0	0	0	0	0	0	0	0	0	0	0	0	0	0	0	0	0	0	0.03	0	0	0	0	0	0	0	0	0	0	0	0	0	0	0	0	0	0	0	0
UBA8524	0	0	0	0	0	0	0	0	0	0	0	0	0	0	0	0	0	0	0	0	0	0	0	0	0	0	0	0	0	0	0	0	0	0	0	0	0	0	0	0	0	0	0	0	0	0	0	0	0	0	0	0	0	0	0	0	0	0	0	0	0.01	0	0	0.03	0	0	0	0	0	0	0	0	0	0	0	0	0	0	0	0	0
UBA10329	0	0	0	0	0	0	0	0	0	0	0	0	0	0	0	0	0	0	0	0	0	0	0	0	0	0	0	0	0	0	0	0	0	0	0	0	0	0	0	0	0	0	0	0	0	0	0	0	0	0	0	0	0	0	0	0	0	0	0	0	0.02	0	0	0	0	0	0	0	0	0	0	0	0	0	0	0	0	0	0	0	0
JABDKH01	0	0	0	0	0	0	0	0	0	0	0	0	0	0	0	0	0	0	0	0	0	0	0	0	0	0	0	0	0	0	0	0	0	0	0	0	0	0	0	0	0	0	0	0	0	0	0	0	0	0	0	0	0	0	0	0	0	0	0	0	0.06	0.13	0	0	0	0	0	0	0	0	0	0	0	0	0	0	0	0	0	0	0
Bin80	0	0	0	0	0	0	0	0	0	0	0	0	0	0	0	0	0	0	0	0	0	0	0	0	0	0	0	0	0	0	0	0	0	0	0	0	0	0	0	0	0	0	0	0	0	0	0	0	0	0	0	0	0	0	0	0	0	0	0	0	0.02	0	0	0	0	0	0	0	0	0	0	0	0	0	0	0	0	0	0	0	0
JAAAOL01	0	0	0	0	0	0	0	0	0	0	0	0	0	0	0	0	0	0	0	0	0	0	0	0	0	0	0	0	0	0	0	0	0	0	0	0	0	0	0	0	0	0	0	0	0	0	0	0	0	0	0	0	0	0	0	0	0	0	0	0	0.01	0	0	0	0	0	0	0	0	0	0	0	0	0	0	0	0	0	0	0	0
JANQRZ01	0	0	0	0	0	0	0	0	0	0	0	0	0	0	0	0	0	0	0	0	0	0	0	0	0	0	0	0	0	0	0	0	0	0	0	0	0	0	0	0	0	0	0	0	0	0	0	0	0	0	0	0	0	0	0	0	0	0	0	0	0.03	0	0	0	0	0	0	0	0	0	0	0	0	0	0	0	0	0	0	0	0
Balneolaceae	0	0	0	0	0	0	0	0	0	0	0	0	0	0	0	0	0	0	0	0	0	0	0	0	0	0	0	0	0	0	0	0	0	0	0	0	0	0	0	0	0	0	0	0	0	0	0	0	0	0	0	0	0	0	0	0	0	0	0	0	0.03	0	0	0	0	0	0	0	0	0	0	0	0	0	0	0	0	0	0	0	0
UBA11373	0	0	0	0	0	0	0	0	0	0	0	0	0	0	0	0	0	0	0	0	0	0	0	0	0	0	0	0	0	0	0	0	0	0	0	0	0	0	0	0	0	0	0	0	0	0	0	0	0	0	0	0	0	0	0	0	0	0	0	0	0.02	0.04	0	0	0	0	0	0	0	0	0	0	0	0	0	0	0	0	0	0	0
JAHEJN01	0	0	0	0	0	0	0	0	0	0	0	0	0	0	0	0	0	0	0	0	0	0	0	0	0	0	0	0	0	0	0	0	0	0	0	0	0	0	0	0	0	0	0	0	0	0	0	0	0	0	0	0	0	0	0	0	0	0	0	0	0.08	0.04	0	0	0	0	0	0	0	0	0	0	0	0	0	0	0	0	0	0	0
UBA10347	0	0	0	0	0	0	0	0	0	0	0	0	0	0	0	0	0	0	0	0	0	0	0	0	0	0	0	0	0	0	0	0	0	0	0	0	0	0	0	0	0	0	0	0	0	0	0	0	0	0	0	0	0	0	0	0	0	0	0	0	0.08	0.75	0	0	0	0	0	0	0	0	0	0	0	0	0	0	0	0	0	0	0
J027	0	0	0	0	0	0	0	0	0	0	0	0	0	0	0	0	0	0	0	0	0	0	0	0	0	0	0	0	0	0	0	0	0	0	0	0	0	0	0	0	0	0	0	0	0	0	0	0	0	0	0	0	0	0	0	0	0	0	0	0	0.08	0	0	0	0	0	0	0	0	0	0	0	0	0	0	0	0	0	0	0	0
UBA11579	0	0	0	0	0	0	0	0	0	0	0	0	0	0	0	0	0	0	0	0	0	0	0	0	0	0	0	0	0	0	0	0	0	0	0	0	0	0	0	0	0	0	0	0	0	0	0	0	0	0	0	0	0	0	0	0	0	0	0	0	0.05	0	0	0	0	0	0	0	0	0	0	0	0	0	0	0	0	0	0	0.02	0
JABWBV01	0	0	0	0	0	0	0	0	0	0	0	0	0	0	0	0	0	0	0	0	0	0	0	0	0	0	0	0	0	0	0	0	0	0	0	0	0	0	0	0	0	0	0	0	0	0	0	0	0	0	0	0	0	0	0	0	0	0	0	0	0.01	0	0	0	0	0	0	0	0	0	0	0	0	0	0	0	0	0	0	0	0
J111	0	0	0	0	0	0	0	0	0	0	0	0	0	0	0	0	0	0	0	0	0	0	0	0	0	0	0	0	0	0	0	0	0	0	0	0	0	0	0	0	0	0	0	0	0	0	0	0	0	0	0	0	0	0	0	0	0	0	0	0	0.03	0.03	0	0	0	0	0	0	0	0	0	0	0	0	0	0	0	0	0	0	0
UBA3495	0	0	0	0	0	0	0	0	0	0	0	0	0	0	0	0	0	0	0	0	0	0	0	0	0	0	0	0	0	0	0	0	0	0	0	0	0	0	0	0	0	0	0	0	0	0	0	0	0	0	0	0	0	0	0	0	0	0	0	0	0.05	0	0	0	0	0	0	0	0	0	0	0	0	0	0	0	0	0	0	0	0
Multivoraceae	0	0	0	0	0	0	0	0	0	0	0	0	0	0	0	0	0	0	0	0	0	0	0	0	0	0	0	0	0	0	0	0	0	0	0	0	0	0	0	0	0	0	0	0	0	0	0	0	0	0	0	0	0	0	0	0	0	0	0	0	0.06	0.09	0	0	0	0	0	0	0	0	0	0	0	0	0	0	0	0	0	0	0
JAIOJS01	0	0	0	0	0	0	0	0	0	0	0	0	0	0	0	0	0	0	0	0	0	0	0	0	0	0	0	0	0	0	0	0	0	0	0	0	0	0	0	0	0	0	0	0	0	0	0	0	0	0	0	0	0	0	0	0	0	0	0	0	0.16	0	0	0	0	0	0	0	0	0	0	0	0	0	0	0	0	0	0	0	0
JAHWKK01	0	0	0	0	0	0	0	0	0	0	0	0	0	0	0	0	0	0	0	0	0	0	0	0	0	0	0	0	0	0	0	0	0	0	0	0	0	0	0	0	0	0	0	0	0	0	0	0	0	0	0	0	0	0	0	0	0	0	0	0	0.04	0	0	0	0	0	0	0	0	0	0	0	0	0	0	0	0	0	0	0	0
B10-G4	0	0	0	0	0	0	0	0	0	0	0	0	0	0	0	0	0	0	0	0	0	0	0	0	0	0	0	0	0	0	0	0	0	0	0	0	0	0	0	0	0	0	0	0	0	0	0	0	0	0	0	0	0	0	0	0	0	0	0	0	0.05	0	0	0	0	0	0	0	0	0	0	0	0	0	0	0	0	0	0	0	0
JAGQOS01	0	0	0	0	0	0	0	0	0	0	0	0	0	0	0	0	0	0	0	0	0	0	0	0	0	0	0	0	0	0	0	0	0	0	0	0	0	0	0	0	0	0	0	0	0	0	0	0	0	0	0	0	0	0	0	0	0	0	0	0	0.02	0	0	0	0	0	0	0	0	0	0	0	0	0	0	0	0	0	0	0	0
JADKAF01	0	0	0	0	0	0	0	0	0	0	0	0	0	0	0	0	0	0	0	0	0	0	0	0	0	0	0	0	0	0	0	0	0	0	0	0	0	0	0	0	0	0	0	0	0	0	0	0	0	0	0	0	0	0	0	0	0	0	0	0	0.02	0	0	0	0	0	0	0	0	0	0	0	0	0	0	0	0	0	0	0	0
Zrk34	0	0	0	0	0	0	0	0	0	0	0	0	0	0	0	0	0	0	0	0	0	0	0	0	0	0	0	0	0	0	0	0	0	0	0	0	0	0	0	0	0	0	0	0	0	0	0	0	0	0	0	0	0	0	0	0	0	0	0	0	0.02	0	0	0	0	0	0	0	0	0	0	0	0	0	0	0	0	0	0	0	0
UTPLA1	0	0	0	0	0	0	0	0	0	0	0	0	0	0	0	0	0	0	0	0	0	0	0	0	0	0	0	0	0	0	0	0	0	0	0	0	0	0	0	0	0	0	0	0	0	0	0	0	0	0	0	0	0	0	0	0	0	0	0	0	0.05	0	0.03	0	0	0	0	0	0	0	0	0	0	0	0	0	0	0	0	0	0
UBA1845	0	0	0	0	0	0	0	0	0	0	0	0	0	0	0	0	0	0	0	0	0	0	0	0	0	0	0	0	0	0	0	0	0	0	0	0	0	0	0	0	0	0	0	0	0	0	0	0	0	0	0	0	0	0	0	0	0	0	0	0	0.04	0.02	0	0	0	0	0	0	0	0	0	0	0	0	0	0	0	0	0	0	0
J058	0	0	0	0	0	0	0	0	0	0	0	0	0	0	0	0	0	0	0	0	0	0	0	0	0	0	0	0	0	0	0	0	0	0	0	0	0	0	0	0	0	0	0	0	0	0	0	0	0	0	0	0	0	0	0	0	0	0	0	0	0.03	0.02	0	0	0	0	0	0	0	0	0	0	0	0	0	0	0	0	0	0	0
UBA2392	0	0	0	0	0	0	0	0	0	0	0	0	0	0	0	0	0	0	0	0	0	0	0	0	0	0	0	0	0	0	0	0	0	0	0	0	0	0	0	0	0	0	0	0	0	0	0	0	0	0	0	0	0	0	0	0	0	0	0	0	0.07	0	0	0	0	0	0	0	0	0	0	0	0	0	0	0	0	0	0	0	0
B15-G4	0	0	0	0	0	0	0	0	0	0	0	0	0	0	0	0	0	0	0	0	0	0	0	0	0	0	0	0	0	0	0	0	0	0	0	0	0	0	0	0	0	0	0	0	0	0	0	0	0	0	0	0	0	0	0	0	0	0	0	0	0.14	0	0.04	0	0	0	0	0	0	0	0	0	0	0	0	0	0	0	0	0	0
GCA-002687715	0	0	0	0	0	0	0	0	0	0	0	0	0	0	0	0	0	0	0	0	0	0	0	0	0	0	0	0	0	0	0	0	0	0	0	0	0	0	0	0	0	0	0	0	0	0	0	0	0	0	0	0	0	0	0	0	0	0	0	0	0.01	0	0	0	0	0	0	0	0	0	0	0	0	0	0	0	0	0	0	0	0
JAJVHW01	0	0	0	0	0	0	0	0	0	0	0	0	0	0	0	0	0	0	0	0	0	0	0	0	0	0	0	0	0	0	0	0	0	0	0	0	0	0	0	0	0	0	0	0	0	0	0	0	0	0	0	0	0	0	0	0	0	0	0	0	0.02	0.05	0.05	0	0	0	0	0	0	0	0	0	0	0	0	0	0	0	0	0.04	0
UBA6065	0	0	0	0	0	0	0	0	0	0	0	0	0	0	0	0	0	0	0	0	0	0	0	0	0	0	0	0	0	0	0	0	0	0	0	0	0	0	0	0	0	0	0	0	0	0	0	0	0	0	0	0	0	0	0	0	0	0	0	0	0.01	0	0	0	0	0	0	0	0	0	0	0.09	0	0	0	0	0	0.02	0	0	0
J137	0	0	0	0	0	0	0	0	0	0	0	0	0	0	0	0	0	0	0	0	0	0	0	0	0	0	0	0	0	0	0	0	0	0	0	0	0	0	0	0	0	0	0	0	0	0	0	0	0	0	0	0	0	0	0	0	0	0	0	0	0.04	0	0	0	0	0	0	0	0	0	0	0	0	0	0	0	0	0	0	0	0
OLB20	0	0	0	0	0	0	0	0	0	0	0	0	0	0	0	0	0	0	0	0	0	0	0	0	0	0	0	0	0	0	0	0	0	0	0	0	0	0	0	0	0	0	0	0	0	0	0	0	0	0	0	0	0	0	0	0	0	0	0	0	0.01	0	0	0	0	0	0	0	0	0	0	0	0	0	0	0	0	0	0	0	0
UBA2995	0	0	0	0	0	0	0	0	0	0	0	0	0	0	0	0	0	0	0	0	0	0	0	0	0	0	0	0	0	0	0	0	0	0	0	0	0	0	0	0	0	0	0	0	0	0	0	0	0	0	0	0	0	0	0	0	0	0	0	0	0.01	0	0	0	0	0	0	0	0	0	0	0	0	0	0	0	0	0	0	0	0
JANLHA01	0	0	0	0	0	0	0	0	0	0	0	0	0	0	0	0	0	0	0	0	0	0	0	0	0	0	0	0	0	0	0	0	0	0	0	0	0	0	0	0	0	0	0	0	0	0	0	0	0	0	0	0	0	0	0	0	0	0	0	0	0.01	0	0	0	0	0	0	0	0	0	0	0	0	0	0	0	0	0	0	0.02	0
Zapsychraceae	0	0	0	0	0	0	0	0	0	0	0	0	0	0	0	0	0	0	0	0	0	0	0	0	0	0	0	0	0	0	0	0	0	0	0	0	0	0	0	0	0	0	0	0	0	0	0	0	0	0	0	0	0	0	0	0	0	0	0	0	0.06	0.01	0	0	0	0	0	0	0	0	0	0	0	0	0	0	0	0	0	0.03	0
Aquincolibacteriaceae	0	0	0	0	0	0	0	0	0	0	0	0	0	0	0	0	0	0	0	0	0	0	0	0	0	0	0	0	0	0	0	0	0	0	0	0	0	0	0	0	0	0	0	0	0	0	0	0	0	0	0	0	0	0	0	0	0	0	0	0	0.02	0	0	0	0	0	0	0	0	0	0	0	0	0	0	0.14	0	0	0	0.08	0
WYBJ01	0	0	0	0	0	0	0	0	0	0	0	0	0	0	0	0	0	0	0	0	0	0	0	0	0	0	0	0	0	0	0	0	0	0	0	0	0	0	0	0	0	0	0	0	0	0	0	0	0	0	0	0	0	0	0	0	0	0	0	0	0.01	0	0	0	0	0	0	0	0	0	0	0	0	0	0	0	0	0	0	0	0
Nitrincolaceae	0	0	0	0	0	0	0	0	0	0	0	0	0	0	0	0	0	0	0	0	0	0	0	0	0	0	0	0	0	0	0	0	0	0	0	0	0	0	0	0	0	0	0	0	0	0	0	0	0	0	0	0	0	0	0	0	0	0	0	0	0.04	0.08	0	0	0	0	0	0	0	0	0	0	0	0	0	0	0	0	0	0	0
Ketobacteraceae	0	0	0	0	0	0	0	0	0	0	0	0	0	0	0	0	0	0	0	0	0	0	0	0	0	0	0	0	0	0	0	0	0	0	0	0	0	0	0	0	0	0	0	0	0	0	0	0	0	0	0	0	0	0	0	0	0	0	0	0	0.01	0	0	0	0	0	0	0	0	0	0	0	0	0	0	0	0	0	0	0	0
GM7GCV1	0	0	0	0	0	0	0	0	0	0	0	0	0	0	0	0	0	0	0	0	0	0	0	0	0	0	0	0	0	0	0	0	0	0	0	0	0	0	0	0	0	0	0	0	0	0	0	0	0	0	0	0	0	0	0	0	0	0	0	0	0.01	0	0	0	0	0	0	0	0	0	0	0	0	0	0	0	0	0	0	0	0
Spongiibacteraceae	0	0	0	0	0	0	0	0	0	0	0	0	0	0	0	0	0	0	0	0	0	0	0	0	0	0	0	0	0	0	0	0	0	0	0	0	0	0	0	0	0	0	0	0	0	0	0	0	0	0	0	0	0	0	0	0	0	0	0	0	0.04	0.06	0	0	0	0	0	0	0	0	0	0	0	0	0	0	0	0	0	0	0
UBA7434	0	0	0	0	0	0	0	0	0	0	0	0	0	0	0	0	0	0	0	0	0	0	0	0	0	0	0	0	0	0	0	0	0	0	0	0	0	0	0	0	0	0	0	0	0	0	0	0	0	0	0	0	0	0	0	0	0	0	0	0	0.03	0.08	0	0	0	0	0	0	0	0	0	0	0	0	0	0	0	0	0	0	0
Marinomonadaceae	0	0	0	0	0	0	0	0	0	0	0	0	0	0	0	0	0	0	0	0	0	0	0	0	0	0	0	0	0	0	0	0	0	0	0	0	0	0	0	0	0	0	0	0	0	0	0	0	0	0	0	0	0	0	0	0	0	0	0	0	0.01	0	0	0	0	0	0	0	0	0	0	0	0	0	0	0	0	0	0	0	0
Wenzhouxiangellaceae	0	0	0	0	0	0	0	0	0	0	0	0	0	0	0	0	0	0	0	0	0	0	0	0	0	0	0	0	0	0	0	0	0	0	0	0	0	0	0	0	0	0	0	0	0	0	0	0	0	0	0	0	0	0	0	0	0	0	0	0	0.04	0.02	0	0	0	0	0	0	0	0	0	0	0	0	0	0	0	0	0	0	0
Shewanellaceae	0	0	0	0	0	0	0	0	0	0	0	0	0	0	0	0	0	0	0	0	0	0	0	0	0	0	0	0	0	0	0	0	0	0	0	0	0	0	0	0	0	0	0	0	0	0	0	0	0	0	0	0	0	0	0	0	0	0	0	0	0.01	0	0	0	0	0	0	0	0	0	0	0	0	0	0	0	0	0	0	0	0
Poriferihabitantaceae	0	0	0	0	0	0	0	0	0	0	0	0	0	0	0	0	0	0	0	0	0	0	0	0	0	0	0	0	0	0	0	0	0	0	0	0	0	0	0	0	0	0	0	0	0	0	0	0	0	0	0	0	0	0	0	0	0	0	0	0	0.11	0.06	0	0	0	0	0	0	0	0	0	0	0	0	0	0	0	0	0	0	0
Arenicellaceae	0	0	0	0	0	0	0	0	0	0	0	0	0	0	0	0	0	0	0	0	0	0	0	0	0	0	0	0	0	0	0	0	0	0	0	0	0	0	0	0	0	0	0	0	0	0	0	0	0	0	0	0	0	0	0	0	0	0	0	0	0.01	0.13	0	0	0	0	0	0	0	0	0	0	0	0	0	0	0	0	0	0	0
Rariloculaceae	0	0	0	0	0	0	0	0	0	0	0	0	0	0	0	0	0	0	0	0	0	0	0	0	0	0	0	0	0	0	0	0	0	0	0	0	0	0	0	0	0	0	0	0	0	0	0	0	0	0	0	0	0	0	0	0	0	0	0	0	0.28	0.22	0.04	0	0	0	0	0	0	0	0	0	0	0	0	0	0	0	0	0	0
Amorphaceae	0	0	0	0	0	0	0	0	0	0	0	0	0	0	0	0	0	0	0	0	0	0	0	0	0	0	0	0	0	0	0	0	0	0	0	0	0	0	0	0	0	0	0	0	0	0	0	0	0	0	0	0	0	0	0	0	0	0	0	0	0.04	0	0	0	0	0	0	0	0	0	0	0	0	0	0	0	0	0	0	0	0
JAJFHB01	0	0	0	0	0	0	0	0	0	0	0	0	0	0	0	0	0	0	0	0	0	0	0	0	0	0	0	0	0	0	0	0	0	0	0	0	0	0	0	0	0	0	0	0	0	0	0	0	0	0	0	0	0	0	0	0	0	0	0	0	0.01	0.01	0	0	0	0	0	0	0	0	0	0	0	0	0	0	0	0	0	0	0
Stappiaceae	0	0	0	0	0	0	0	0	0	0	0	0	0	0	0	0	0	0	0	0	0	0	0	0	0	0	0	0	0	0	0	0	0	0	0	0	0	0	0	0	0	0	0	0	0	0	0	0	0	0	0	0	0	0	0	0	0	0	0	0	0.02	0.03	0	0	0	0	0	0	0	0	0	0	0	0	0	0	0	0	0	0	0
Tepidamorphaceae	0	0	0	0	0	0	0	0	0	0	0	0	0	0	0	0	0	0	0	0	0	0	0	0	0	0	0	0	0	0	0	0	0	0	0	0	0	0	0	0	0	0	0	0	0	0	0	0	0	0	0	0	0	0	0	0	0	0	0	0	0.04	0	0	0	0	0	0	0	0	0	0	0	0	0	0	0	0	0	0	0	0
Parvularculaceae	0	0	0	0	0	0	0	0	0	0	0	0	0	0	0	0	0	0	0	0	0	0	0	0	0	0	0	0	0	0	0	0	0	0	0	0	0	0	0	0	0	0	0	0	0	0	0	0	0	0	0	0	0	0	0	0	0	0	0	0	0.25	0.01	0	0	0	0	0	0	0	0	0	0	0	0	0	0	0	0	0	0	0
Emcibacteraceae	0	0	0	0	0	0	0	0	0	0	0	0	0	0	0	0	0	0	0	0	0	0	0	0	0	0	0	0	0	0	0	0	0	0	0	0	0	0	0	0	0	0	0	0	0	0	0	0	0	0	0	0	0	0	0	0	0	0	0	0	0.02	0	0	0	0	0	0	0	0	0	0	0	0	0	0	0	0	0	0	0	0
Magnetospirillaceae	0	0	0	0	0	0	0	0	0	0	0	0	0	0	0	0	0	0	0	0	0	0	0	0	0	0	0	0	0	0	0	0	0	0	0	0	0	0	0	0	0	0	0	0	0	0	0	0	0	0	0	0	0	0	0	0	0	0	0	0	0.02	0	0.03	0	0	0	0	0	0	0	0	0	0	0	0	0	0	0	0.02	0	0
UBA2020	0	0	0	0	0	0	0	0	0	0	0	0	0	0	0	0	0	0	0	0	0	0	0	0	0	0	0	0	0	0	0	0	0	0	0	0	0	0	0	0	0	0	0	0	0	0	0	0	0	0	0	0	0	0	0	0	0	0	0	0	0.04	0	0	0	0	0	0	0	0	0	0	0	0	0	0	0	0	0	0.09	0.07	0
Casp-alpha2	0	0	0	0	0	0	0	0	0	0	0	0	0	0	0	0	0	0	0	0	0	0	0	0	0	0	0	0	0	0	0	0	0	0	0	0	0	0	0	0	0	0	0	0	0	0	0	0	0	0	0	0	0	0	0	0	0	0	0	0	0.02	0.04	0	0	0	0	0	0	0	0	0	0	0	0	0	0	0	0	0	0	0
GCA-2717185	0	0	0	0	0	0	0	0	0	0	0	0	0	0	0	0	0	0	0	0	0	0	0	0	0	0	0	0	0	0	0	0	0	0	0	0	0	0	0	0	0	0	0	0	0	0	0	0	0	0	0	0	0	0	0	0	0	0	0	0	0.01	0.02	0	0	0	0	0	0	0	0	0	0	0	0	0	0	0	0	0	0	0
UBA8366	0	0	0	0	0	0	0	0	0	0	0	0	0	0	0	0	0	0	0	0	0	0	0	0	0	0	0	0	0	0	0	0	0	0	0	0	0	0	0	0	0	0	0	0	0	0	0	0	0	0	0	0	0	0	0	0	0	0	0	0	0.03	0.05	0	0	0	0	0	0	0	0	0	0	0	0	0	0	0	0	0	0	0
UBA6187	0	0	0	0	0	0	0	0	0	0	0	0	0	0	0	0	0	0	0	0	0	0	0	0	0	0	0	0	0	0	0	0	0	0	0	0	0	0	0	0	0	0	0	0	0	0	0	0	0	0	0	0	0	0	0	0	0	0	0	0	0.01	0	0	0	0	0	0	0	0	0	0	0	0	0	0	0.15	0	0	0	0	0
Kiloniellaceae	0	0	0	0	0	0	0	0	0	0	0	0	0	0	0	0	0	0	0	0	0	0	0	0	0	0	0	0	0	0	0	0	0	0	0	0	0	0	0	0	0	0	0	0	0	0	0	0	0	0	0	0	0	0	0	0	0	0	0	0	0.02	0.03	0	0	0	0	0	0	0	0	0	0	0	0	0	0	0	0	0	0	0
Parvibaculaceae	0	0	0	0	0	0	0	0	0	0	0	0	0	0	0	0	0	0	0	0	0	0	0	0	0	0	0	0	0	0	0	0	0	0	0	0	0	0	0	0	0	0	0	0	0	0	0	0	0	0	0	0	0	0	0	0	0	0	0	0	0.04	0	0	0	0	0	0	0	0	0	0	0	0	0	0	0	0	0	0	0	0.05
SMXQ01	0	0	0	0	0	0	0	0	0	0	0	0	0	0	0	0	0	0	0	0	0	0	0	0	0	0	0	0	0	0	0	0	0	0	0	0	0	0	0	0	0	0	0	0	0	0	0	0	0	0	0	0	0	0	0	0	0	0	0	0	0.05	0.02	0	0	0	0	0	0	0	0	0	0	0	0	0	0	0	0	0	0	0
Bin95	0	0	0	0	0	0	0	0	0	0	0	0	0	0	0	0	0	0	0	0	0	0	0	0	0	0	0	0	0	0	0	0	0	0	0	0	0	0	0	0	0	0	0	0	0	0	0	0	0	0	0	0	0	0	0	0	0	0	0	0	0.07	0	0	0	0	0	0	0	0	0	0	0	0	0	0	0	0	0	0	0	0
Thalassobaculaceae	0	0	0	0	0	0	0	0	0	0	0	0	0	0	0	0	0	0	0	0	0	0	0	0	0	0	0	0	0	0	0	0	0	0	0	0	0	0	0	0	0	0	0	0	0	0	0	0	0	0	0	0	0	0	0	0	0	0	0	0	0.02	0	0	0	0	0	0	0	0	0	0	0	0	0	0	0	0	0	0	0	0
SP197	0	0	0	0	0	0	0	0	0	0	0	0	0	0	0	0	0	0	0	0	0	0	0	0	0	0	0	0	0	0	0	0	0	0	0	0	0	0	0	0	0	0	0	0	0	0	0	0	0	0	0	0	0	0	0	0	0	0	0	0	0.03	0	0	0	0	0	0	0	0	0	0	0	0	0	0	0	0	0	0	0	0
Sneathiellaceae	0	0	0	0	0	0	0	0	0	0	0	0	0	0	0	0	0	0	0	0	0	0	0	0	0	0	0	0	0	0	0	0	0	0	0	0	0	0	0	0	0	0	0	0	0	0	0	0	0	0	0	0	0	0	0	0	0	0	0	0	0.03	0	0	0	0	0	0	0	0	0	0	0	0	0	0	0	0	0	0	0	0
CALKHQ01	0	0	0	0	0	0	0	0	0	0	0	0	0	0	0	0	0	0	0	0	0	0	0	0	0	0	0	0	0	0	0	0	0	0	0	0	0	0	0	0	0	0	0	0	0	0	0	0	0	0	0	0	0	0	0	0	0	0	0	0	0.01	0.02	0	0	0	0	0	0	0	0	0	0	0	0	0	0	0	0	0	0	0
JAGDMS01	0	0	0	0	0	0	0	0	0	0	0	0	0	0	0	0	0	0	0	0	0	0	0	0	0	0	0	0	0	0	0	0	0	0	0	0	0	0	0	0	0	0	0	0	0	0	0	0	0	0	0	0	0	0	0	0	0	0	0	0	0.03	0	0.3	0	0	0	0	0	0	0	0	0	0	0	0	0	0	0.12	0	0.03	0
PR03	0	0	0	0	0	0	0	0	0	0	0	0	0	0	0	0	0	0	0	0	0	0	0	0	0	0	0	0	0	0	0	0	0	0	0	0	0	0	0	0	0	0	0	0	0	0	0	0	0	0	0	0	0	0	0	0	0	0	0	0	0.17	0	0.03	0	0	0	0	0	0	0	0	0	0	0	0	0	0	0	0	0	0
CAIMUX01	0	0	0	0	0	0	0	0	0	0	0	0	0	0	0	0	0	0	0	0	0	0	0	0	0	0	0	0	0	0	0	0	0	0	0	0	0	0	0	0	0	0	0	0	0	0	0	0	0	0	0	0	0	0	0	0	0	0	0	0	0.02	0.01	0	0	0	0	0	0	0	0	0	0	0	0	0	0	0	0	0	0	0
JACQKK01	0	0	0	0	0	0	0	0	0	0	0	0	0	0	0	0	0	0	0	0	0	0	0	0	0	0	0	0	0	0	0	0	0	0	0	0	0	0	0	0	0	0	0	0	0	0	0	0	0	0	0	0	0	0	0	0	0	0	0	0	0.01	0	0	0	0	0	0	0	0	0	0	0	0	0	0	0	0	0	0	0	0
GCA-2746185	0	0	0	0	0	0	0	0	0	0	0	0	0	0	0	0	0	0	0	0	0	0	0	0	0	0	0	0	0	0	0	0	0	0	0	0	0	0	0	0	0	0	0	0	0	0	0	0	0	0	0	0	0	0	0	0	0	0	0	0	0.06	0	0	0	0	0	0	0	0	0	0	0	0	0	0	0	0	0	0	0.03	0
JAEUWI01	0	0	0	0	0	0	0	0	0	0	0	0	0	0	0	0	0	0	0	0	0	0	0	0	0	0	0	0	0	0	0	0	0	0	0	0	0	0	0	0	0	0	0	0	0	0	0	0	0	0	0	0	0	0	0	0	0	0	0	0	0.07	0	0	0	0	0	0	0	0	0	0	0	0	0	0	0.04	0	0	0	0	0
SLHB01	0	0	0	0	0	0	0	0	0	0	0	0	0	0	0	0	0	0	0	0	0	0	0	0	0	0	0	0	0	0	0	0	0	0	0	0	0	0	0	0	0	0	0	0	0	0	0	0	0	0	0	0	0	0	0	0	0	0	0	0	0.03	0	0	0	0	0	0	0	0	0	0	0	0	0	0	0	0	0	0	0	0
ARS69	0	0	0	0	0	0	0	0	0	0	0	0	0	0	0	0	0	0	0	0	0	0	0	0	0	0	0	0	0	0	0	0	0	0	0	0	0	0	0	0	0	0	0	0	0	0	0	0	0	0	0	0	0.06	0	0	0	0	0	0	0	0.08	0.01	0	0	0	0	0	0	0	0	0	0	0	0	0	0	0	0	0	0	0
JAAEMS01	0	0	0	0	0	0	0	0	0	0	0	0	0	0	0	0	0	0	0	0	0	0	0	0	0	0	0	0	0	0	0	0	0	0	0	0	0	0	0	0	0	0	0	0	0	0	0	0	0	0	0	0	0	0	0	0	0	0	0	0	0	0.02	0	0	0	0	0	0	0	0	0	0	0	0	0	0	0	0	0	0	0
UBA4744	0	0	0	0	0	0	0	0	0	0	0	0	0	0	0	0	0	0	0	0	0	0	0	0	0	0	0	0	0	0	0	0	0	0	0	0	0	0	0	0	0	0	0	0	0	0	0	0	0	0	0	0	0	0	0	0	0	0	0	0	0	0.3	0	0	0	0	0	0	0	0	0	0	0	0	0	0	0	0	0	0	0
Spongiisociaceae	0	0	0	0	0	0	0	0	0	0	0	0	0	0	0	0	0	0	0	0	0	0	0	0	0	0	0	0	0	0	0	0	0	0	0	0	0	0	0	0	0	0	0	0	0	0	0	0	0	0	0	0	0	0	0	0	0	0	0	0	0	0.08	0	0	0	0	0	0	0	0	0	0	0	0	0	0	0	0	0	0	0
SHLN01	0	0	0	0	0	0	0	0	0	0	0	0	0	0	0	0	0	0	0	0	0	0	0	0	0	0	0	0	0	0	0	0	0	0	0	0	0	0	0	0	0	0	0	0	0	0	0	0	0	0	0	0	0	0	0	0	0	0	0	0	0	0.06	0	0	0	0	0	0	0	0	0	0	0	0	0	0	0	0	0	0	0
JAHEDJ01	0	0	0	0	0	0	0	0	0	0	0	0	0	0	0	0	0	0	0	0	0	0	0	0	0	0	0	0	0	0	0	0	0	0	0	0	0	0	0	0	0	0	0	0	0	0	0	0	0	0	0	0	0	0	0	0	0	0	0	0	0	0.06	0	0	0	0	0	0	0	0	0	0	0	0	0	0	0	0	0	0	0
JAHWKY01	0	0	0	0	0	0	0	0	0	0	0	0	0	0	0	0	0	0	0	0	0	0	0	0	0	0	0	0	0	0	0	0	0	0	0	0	0	0	0	0	0	0	0	0	0	0	0	0	0	0	0	0	0	0	0	0	0	0	0	0	0	0.04	0	0	0	0	0	0	0	0	0	0	0	0	0	0	0	0	0	0	0
SG8-40	0	0	0	0	0	0	0	0	0	0	0	0	0	0	0	0	0	0	0	0	0	0	0	0	0	0	0	0	0	0	0	0	0	0	0	0	0	0	0	0	0	0	0	0	0	0	0	0	0	0	0	0	0	0	0	0	0	0	0	0	0	0.07	0	0	0	0	0	0	0	0	0	0	0	0	0	0	0	0	0	0	0
Aeromonadaceae	0	0	0	0	0	0	0	0	0	0	0	0	0	0	0	0	0	0	0	0	0	0	0	0	0	0	0	0	0	0	0	0	0	0	0	0	0	0	0	0	0	0	0	0	0	0	0	0	0	0	0	0	0	0	0	0	0	0	0	0	0	0.19	0	0.15	0	0	2.69	0	0	0	0	0	0	0	0	0	0	0	0	0	0.02
Psychromonadaceae	0	0	0	0	0	0	0	0	0	0	0	0	0	0	0	0	0	0	0	0	0	0	0	0	0	0	0	0	0	0	0	0	0	0	0	0	0	0	0	0	0	0	0	0	0	0	0	0	0	0	0	0	0	0	0	0	0	0	0	0	0	0.01	0	0.02	0	0	1.31	0	0	0	0	0	0	0	0	0	0	0	0	0	0
IMCC2047	0	0	0	0	0	0	0	0	0	0	0	0	0	0	0	0	0	0	0	0	0	0	0	0	0	0	0	0	0	0	0	0	0	0	0	0	0	0	0	0	0	0	0	0	0	0	0	0	0	0	0	0	0	0	0	0	0	0	0	0	0	0.03	0	0	0	0	0	0	0	0	0	0	0	0	0	0	0	0	0	0	0
DSM-6294	0	0	0	0	0	0	0	0	0	0	0	0	0	0	0	0	0	0	0	0	0	0	0	0	0	0	0	0	0	0	0	0	0	0	0	0	0	0	0	0	0	0	0	0	0	0	0	0	0	0	0	0	0	0	0	0	0	0	0	0	0	0.02	0	0	0	0	0	0	0	0	0	0	0	0	0	0	0	0	0	0	0
Natronospirillaceae	0	0	0	0	0	0	0	0	0	0	0	0	0	0	0	0	0	0	0	0	0	0	0	0	0	0	0	0	0	0	0	0	0	0	0	0	0	0	0	0	0	0	0	0	0	0	0	0	0	0	0	0	0	0	0	0	0	0	0	0	0	0.05	0	0	0	0	0	0	0	0	0	0	0	0	0	0	0	0	0	0	0
JAUIET01	0	0	0	0	0	0	0	0	0	0	0	0	0	0	0	0	0	0	0	0	0	0	0	0	0	0	0	0	0	0	0	0	0	0	0	0	0	0	0	0	0	0	0	0	0	0	0	0	0	0	0	0	0	0	0	0	0	0	0	0	0	0.03	0	0	0	0	0	0	0	0	0	0	0	0	0	0	0	0	0	0	0
JAHZLQ01	0	0	0	0	0	0	0	0	0	0	0	0	0	0	0	0	0	0	0	0	0	0	0	0	0	0	0	0	0	0	0	0	0	0	0	0	0	0	0	0	0	0	0	0	0	0	0	0	0	0	0	0	0	0	0	0	0	0	0	0	0	0.01	0	0	0	0	0	0	0	0	0	0	0	0	0	0	0	0	0	0	0
SZUA-38	0	0	0	0	0	0	0	0	0	0	0	0	0	0	0	0	0	0	0	0	0	0	0	0	0	0	0	0	0	0	0	0	0	0	0	0	0	0	0	0	0	0	0	0	0	0	0	0	0	0	0	0	0	0	0	0	0	0	0	0	0	0.02	0	0	0	0	0	0	0	0	0	0	0	0	0	0	0	0	0	0	0
Competibacteraceae	0	0	0	0	0	0	0	0	0	0	0	0	0	0	0	0	0	0	0	0	0	0	0	0	0	0	0	0	0	0	0	0	0	0	0	0	0	0	0	0	0	0	0	0	0	0	0	0	0	0	0	0	0	0	0	0	0	0	0	0	0	0.05	0	0	0	0	0	0	0	0	0	0	0	0	0	0	0	0.03	0	0	0
JAHEDQ01	0	0	0	0	0	0	0	0	0	0	0	0	0	0	0	0	0	0	0	0	0	0	0	0	0	0	0	0	0	0	0	0	0	0	0	0	0	0	0	0	0	0	0	0	0	0	0	0	0	0	0	0	0	0	0	0	0	0	0	0	0	0.01	0	0	0	0	0	0	0	0	0	0	0	0	0	0	0	0	0	0	0
Chromatiaceae	0	0	0	0	0	0	0	0	0	0	0	0	0	0	0	0	0	0	0	0	0	0	0	0	0	0	0	0	0	0	0	0	0	0	0	0	0	0	0	0	0	0	0	0	0	0	0	0	0	0	0	0	0	0	0	0	0	0	0	0	0	0.03	0	0	0	0	0	0	0	0	0	0	0	0	0	0	0	0	0	0	0
Sulfurifustaceae	0	0	0	0	0	0	0	0	0	0	0	0	0	0	0	0	0	0	0	0	0	0	0	0	0	0	0	0	0	0	0	0	0	0	0	0	0	0	0	0	0	0	0	0	0	0	0	0	0	0	0	0	0	0	0	0	0	0	0	0	0	0.03	0.17	0	0	0	0	0	0	0.05	0	0	0	0	0	0	0	0.14	0	0	0
JABDKV01	0	0	0	0	0	0	0	0	0	0	0	0	0	0	0	0	0	0	0	0	0	0	0	0	0	0	0	0	0	0	0	0	0	0	0	0	0	0	0	0	0	0	0	0	0	0	0	0	0	0	0	0	0	0	0	0	0	0	0	0	0	0.38	0	0	0	0	0	0	0	0	0	0	0	0	0	0	0	0	0	0	0
UBA4575	0	0	0	0	0	0	0	0	0	0	0	0	0	0	0	0	0	0	0	0	0	0	0	0	0	0	0	0	0	0	0	0	0	0	0	0	0	0	0	0	0	0	0	0	0	0	0	0	0	0	0	0	0	0	0	0	0	0	0	0	0	0.04	0	0	0	0	0	0	0	0	0	0	0	0	0	0	0	0	0	0	0
Ectothiorhodospiraceae	0	0	0	0	0	0	0	0	0	0	0	0	0	0	0	0	0	0	0	0	0	0	0	0	0	0	0	0	0	0	0	0	0	0	0	0	0	0	0	0	0	0	0	0	0	0	0	0	0	0	0	0	0	0	0	0	0	0	0	0	0	0.02	0	0	0	0	0	0	0	0	0	0	0	0	0	0	0	0	0	0	0
Acidihalobacteraceae	0	0	0	0	0	0	0	0	0	0	0	0	0	0	0	0	0	0	0	0	0	0	0	0	0	0	0	0	0	0	0	0	0	0	0	0	0	0	0	0	0	0	0	0	0	0	0	0	0	0	0	0	0	0	0	0	0	0	0	0	0	0.01	0	0	0	0	0	0	0	0	0	0	0	0	0	0	0	0	0	0	0
XN24	0	0	0	0	0	0	0	0	0	0	0	0	0	0	0	0	0	0	0	0	0	0	0	0	0	0	0	0	0	0	0	0	0	0	0	0	0	0	0	0	0	0	0	0	0	0	0	0	0	0	0	0	0	0	0	0	0	0	0	0	0	0.02	0	0	0	0	0	0	0	0	0	0	0	0	0	0	0	0	0	0	0
Berkiellaceae	0	0	0	0	0	0	0	0	0	0	0	0	0	0	0	0	0	0	0	0	0	0	0	0	0	0	0	0	0	0	0	0	0	0	0	0	0	0	0	0	0	0	0	0	0	0	0	0	0	0	0	0	0	0	0	0	0	0	0	0	0	0.01	0	0	0	0	0	0	0	0	0	0	0	0.04	0	0	0	0.02	0.06	0.13	0
SZUA-146	0	0	0	0	0	0	0	0	0	0	0	0	0	0	0	0	0	0	0	0	0	0	0	0	0	0	0	0	0	0	0	0	0	0	0	0	0	0	0	0	0	0	0	0	0	0	0	0	0	0	0	0	0	0	0	0	0	0	0	0	0	0.17	0	0	0	0	0	0	0	0	0	0	0	0	0	0	0	0	0	0	0
JABDLF01	0	0	0	0	0	0	0	0	0	0	0	0	0	0	0	0	0	0	0	0	0	0	0	0	0	0	0	0	0	0	0	0	0	0	0	0	0	0	0	0	0	0	0	0	0	0	0	0	0	0	0	0	0	0	0	0	0	0	0	0	0	0.29	0	0	0	0	0	0	0	0	0	0	0	0	0	0	0	0	0	0	0
CAJXQU01	0	0	0	0	0	0	0	0	0	0	0	0	0	0	0	0	0	0	0	0	0	0	0	0	0	0	0	0	0	0	0	0	0	0	0	0	0	0	0	0	0	0	0	0	0	0	0	0	0	0	0	0	0	0	0	0	0	0	0	0	0	0.18	0	0	0	0	0	0	0	0	0	0	0	0	0	0	0	0	0	0	0
JAHEKG01	0	0	0	0	0	0	0	0	0	0	0	0	0	0	0	0	0	0	0	0	0	0	0	0	0	0	0	0	0	0	0	0	0	0	0	0	0	0	0	0	0	0	0	0	0	0	0	0	0	0	0	0	0	0	0	0	0	0	0	0	0	0.02	0	0	0	0	0	0	0	0	0	0	0	0	0	0	0	0	0	0	0
JABDMI01	0	0	0	0	0	0	0	0	0	0	0	0	0	0	0	0	0	0	0	0	0	0	0	0	0	0	0	0	0	0	0	0	0	0	0	0	0	0	0	0	0	0	0	0	0	0	0	0	0	0	0	0	0	0	0	0	0	0	0	0	0	0.18	0	0	0	0	0	0	0	0	0	0	0	0	0	0	0	0	0	0	0
JANQQB01	0	0	0	0	0	0	0	0	0	0	0	0	0	0	0	0	0	0	0	0	0	0	0	0	0	0	0	0	0	0	0	0	0	0	0	0	0	0	0	0	0	0	0	0	0	0	0	0	0	0	0	0	0	0	0	0	0	0	0	0	0	0.07	0	0	0	0	0	0	0	0	0	0	0	0	0	0	0	0	0	0	0
GCA-2746425	0	0	0	0	0	0	0	0	0	0	0	0	0	0	0	0	0	0	0	0	0	0	0	0	0	0	0	0	0	0	0	0	0	0	0	0	0	0	0	0	0	0	0	0	0	0	0	0	0	0	0	0	0	0	0	0	0	0	0	0	0	0.01	0	0	0	0	0	0	0	0	0	0	0	0	0	0	0	0	0	0	0
J153	0	0	0	0	0	0	0	0	0	0	0	0	0	0	0	0	0	0	0	0	0	0	0	0	0	0	0	0	0	0	0	0	0	0	0	0	0	0	0	0	0	0	0	0	0	0	0	0	0	0	0	0	0	0	0	0	0	0	0	0	0	0.05	0	0	0	0	0	0	0	0	0	0	0	0	0	0	0	0	0	0	0
JADFVY01	0	0	0	0	0	0	0	0	0	0	0	0	0	0	0	0	0	0	0	0	0	0	0	0	0	0	0	0	0	0	0	0	0	0	0	0	0	0	0	0	0	0	0	0	0	0	0	0	0	0	0	0	0	0	0	0	0	0	0	0	0	0.03	0	0	0	0	0	0	0	0	0	0	0	0	0	0	0	0	0	0	0
UBA2964	0	0	0	0	0	0	0	0	0	0	0	0	0	0	0	0	0	0	0	0	0	0	0	0	0	0	0	0	0	0	0	0	0	0	0	0	0	0	0	0	0	0	0	0	0	0	0	0	0	0	0	0	0	0	0	0	0	0	0	0	0	0.08	0	0	0	0	0	0	0	0	0	0	0	0	0	0	0	0	0	0	0
UBA830	0	0	0	0	0	0	0	0	0	0	0	0	0	0	0	0	0	0	0	0	0	0	0	0	0	0	0	0	0	0	0	0	0	0	0	0	0	0	0	0	0	0	0	0	0	0	0	0	0	0	0	0	0	0	0	0	0	0	0	0	0	0.01	0	0	0	0	0	0	0	0	0	0	0	0	0	0	0	0	0	0	0
UBA2165	0	0	0	0	0	0	0	0	0	0	0	0	0	0	0	0	0	0	0	0	0	0	0	0	0	0	0	0	0	0	0	0	0	0	0	0	0	0	0	0	0	0	0	0	0	0	0	0	0	0	0	0	0	0	0	0	0	0	0	0	0	0.01	0	0	0	0	0	0	0	0	0	0	0	0	0	0	0	0	0	0	0
UBA6615	0	0	0	0	0	0	0	0	0	0	0	0	0	0	0	0	0	0	0	0	0	0	0	0	0	0	0	0	0	0	0	0	0	0	0	0	0	0	0	0	0	0	0	0	0	0	0	0	0	0	0	0	0	0	0	0	0	0	0	0	0	0.02	0	0	0	0	0	0	0	0	0	0	0	0	0	0	0	0	0	0	0
GCA-2731375	0	0	0	0	0	0	0	0	0	0	0	0	0	0	0	0	0	0	0	0	0	0	0	0	0	0	0	0	0	0	0	0	0	0	0	0	0	0	0	0	0	0	0	0	0	0	0	0	0	0	0	0	0	0	0	0	0	0	0	0	0	0.01	0	0	0	0	0	0	0	0	0	0	0	0	0	0	0	0	0	0	0
Inquilinaceae	0	0	0	0	0	0	0	0	0	0	0	0	0	0	0	0	0	0	0	0	0	0	0	0	0	0	0	0	0	0	0	0	0	0	0	0	0	0	0	0	0	0	0	0	0	0	0	0	0	0	0	0	0	0	0	0	0	0	0	0	0	0.03	0	0	0	0	0	0	0	0	0	0	0	0	0	0	0	0	0	0	0
SMYC01	0	0	0	0	0	0	0	0	0	0	0	0	0	0	0	0	0	0	0	0	0	0	0	0	0	0	0	0	0	0	0	0	0	0	0	0	0	0	0	0	0	0	0	0	0	0	0	0	0	0	0	0	0	0	0	0	0	0	0	0	0	0.07	0	0	0	0	0	0	0	0	0	0	0	0	0	0	0	0	0	0	0
Polarisedimenticolaceae	0	0	0	0	0	0	0	0	0	0	0	0	0	0	0	0	0	0	0	0	0	0	0	0	0	0	0	0	0	0	0	0	0	0	0	0	0	0	0	0	0	0	0	0	0	0	0	0	0	0	0	0	0	0	0	0	0	0	0	0	0	0.19	0.01	0	0	0	0	0	0	0	0	0	0	0	0	0	0	0	0	0	0
JAIQFR01	0	0	0	0	0	0	0	0	0	0	0	0	0	0	0	0	0	0	0	0	0	0	0	0	0	0	0	0	0	0	0	0	0	0	0	0	0	0	0	0	0	0	0	0	0	0	0	0	0	0	0	0	0	0	0	0	0	0	0	0	0	0.02	0.1	0	0	0	0	0	0	0	0	0	0	0	0	0	0	0	0	0	0
JABDKJ01	0	0	0	0	0	0	0	0	0	0	0	0	0	0	0	0	0	0	0	0	0	0	0	0	0	0	0	0	0	0	0	0	0	0	0	0	0	0	0	0	0	0	0	0	0	0	0	0	0	0	0	0	0	0	0	0	0	0	0	0	0	0.05	0	0	0	0	0	0	0	0	0	0	0	0	0	0	0	0	0	0	0
J057	0	0	0	0	0	0	0	0	0	0	0	0	0	0	0	0	0	0	0	0	0	0	0	0	0	0	0	0	0	0	0	0	0	0	0	0	0	0	0	0	0	0	0	0	0	0	0	0	0	0	0	0	0	0	0	0	0	0	0	0	0	0.02	0	0	0	0	0	0	0	0	0	0	0	0	0	0.04	0	0	0	0	0
UBA6906	0	0	0	0	0	0	0	0	0	0	0	0	0	0	0	0	0	0	0	0	0	0	0	0	0	0	0	0	0	0	0	0	0	0	0	0	0	0	0	0	0	0	0	0	0	0	0	0	0	0	0	0	0	0	0	0	0	0	0	0	0	0.13	0.07	0	0	0	0	0	0	0	0	0	0	0	0	0.05	0	0.1	0	0.05	0
JABDBI01	0	0	0	0	0	0	0	0	0	0	0	0	0	0	0	0	0	0	0	0	0	0	0	0	0	0	0	0	0	0	0	0	0	0	0	0	0	0	0	0	0	0	0	0	0	0	0	0	0	0	0	0	0	0	0	0	0	0	0	0	0	0.02	0	0	0	0	0	0	0	0.08	0	0	0	0	0	0	0	0.05	0.02	0	0
UBA1146	0	0	0	0	0	0	0	0	0	0	0	0	0	0	0	0	0	0	0	0	0	0	0	0	0	0	0	0	0	0	0	0	0	0	0	0	0	0	0	0	0	0	0	0	0	0	0	0	0	0	0	0	0	0	0	0	0	0	0	0	0	0.03	0	0	0	0	0	0	0	0	0	0	0	0	0	0	0	0	0	0	0
RI-55	0	0	0	0	0	0	0	0	0	0	0	0	0	0	0	0	0	0	0	0	0	0	0	0	0	0	0	0	0	0	0	0	0	0	0	0	0	0	0	0	0	0	0	0	0	0	0	0	0	0	0	0	0	0	0	0	0	0	0	0	0	0.02	0	0	0	0	0	0	0	0	0	0	0	0	0	0	0	0	0	0	0
JAFMIX01	0	0	0	0	0	0	0	0	0	0	0	0	0	0	0	0	0	0	0	0	0	0	0	0	0	0	0	0	0	0	0	0	0	0	0	0	0	0	0	0	0	0	0	0	0	0	0	0	0	0	0	0	0	0	0	0	0	0	0	0	0	0.01	0	0	0	0	0	0	0	0	0	0	0	0	0	0	0	0	0	0	0
SLCJ01	0	0	0	0	0	0	0	0	0	0	0	0	0	0	0	0	0	0	0	0	0	0	0	0	0	0	0	0	0	0	0	0	0	0	0	0	0	0	0	0	0	0	0	0	0	0	0	0	0	0	0	0	0	0	0	0	0	0	0	0	0	0.01	0	0	0	0	0	0	0	0	0	0	0	0	0	0	0	0	0	0	0
CAIVKH01	0	0	0	0	0	0	0	0	0	0	0	0	0	0	0	0	0	0	0	0	0	0	0	0	0	0	0	0	0	0	0	0	0	0	0	0	0	0	0	0	0	0	0	0	0	0	0	0	0	0	0	0	0	0	0	0	0	0	0	0	0	0.01	0	0	0	0	0	0	0	0	0	0	0	0	0	0	0	0	0	0	0
JAJFLO01	0	0	0	0	0	0	0	0	0	0	0	0	0	0	0	0	0	0	0	0	0	0	0	0	0	0	0	0	0	0	0	0	0	0	0	0	0	0	0	0	0	0	0	0	0	0	0	0	0	0	0	0	0	0	0	0	0	0	0	0	0	0.01	0	0	0	0	0	0	0	0	0	0	0	0	0	0	0	0	0	0	0
Geopsychrobacteraceae	0	0	0	0	0	0	0	0	0	0	0	0	0	0	0	0	0	0	0	0	0	0	0	0	0	0	0	0	0	0	0	0	0	0	0	0	0	0	0	0	0	0	0	0	0	0	0	0	0	0	0	0	0	0	0	0	0	0	0	0	0	0.13	0	0	0	0	0	0	0	0	0	0	0	0	0	0	0	0	0	0	0
BM103	0	0	0	0	0	0	0	0	0	0	0	0	0	0	0	0	0	0	0	0	0	0	0	0	0	0	0	0	0	0	0	0	0	0	0	0	0	0	0	0	0	0	0	0	0	0	0	0	0	0	0	0	0	0	0	0	0	0	0	0	0	0.01	0	0	0	0	0	0	0	0	0	0	0	0	0	0	0	0	0	0	0
JAFDCJ01	0	0	0	0	0	0	0	0	0	0	0	0	0	0	0	0	0	0	0	0	0	0	0	0	0	0	0	0	0	0	0	0	0	0	0	0	0	0	0	0	0	0	0	0	0	0	0	0	0	0	0	0	0	0	0	0	0	0	0	0	0	0.01	0	0	0	0	0	0	0	0	0	0	0	0	0	0	0	0	0	0	0
JAJCYX01	0	0	0	0	0	0	0	0	0	0	0	0	0	0	0	0	0	0	0	0	0	0	0	0	0	0	0	0	0	0	0	0	0	0	0	0	0	0	0	0	0	0	0	0	0	0	0	0	0	0	0	0	0	0	0	0	0	0	0	0	0	0.05	0	0	0	0	0	0	0	0	0	0	0	0	0	0	0	0	0	0	0
VXPC01	0	0	0	0	0	0	0	0	0	0	0	0	0	0	0	0	0	0	0	0	0	0	0	0	0	0	0	0	0	0	0	0	0	0	0	0	0	0	0	0	0	0	0	0	0	0	0	0	0	0	0	0	0	0	0	0	0	0	0	0	0	0.02	0	0	0	0	0	0	0	0	0	0	0	0	0	0	0	0	0	0	0
VA-1	0	0	0	0	0	0	0	0	0	0	0	0	0	0	0	0	0	0	0	0	0	0	0	0	0	0	0	0	0	0	0	0	0	0	0	0	0	0	0	0	0	0	0	0	0	0	0	0	0	0	0	0	0	0	0	0	0	0	0	0	0	0.02	0	0	0	0	0	0	0	0	0	0	0	0	0	0	0	0	0	0	0
JABDJR01	0	0	0	0	0	0	0	0	0	0	0	0	0	0	0	0	0	0	0	0	0	0	0	0	0	0	0	0	0	0	0	0	0	0	0	0	0	0	0	0	0	0	0	0	0	0	0	0	0	0	0	0	0	0	0	0	0	0	0	0	0	0.02	0	0	0	0	0	0	0	0	0	0	0	0	0	0	0	0	0	0	0
JAJCZL01	0	0	0	0	0	0	0	0	0	0	0	0	0	0	0	0	0	0	0	0	0	0	0	0	0	0	0	0	0	0	0	0	0	0	0	0	0	0	0	0	0	0	0	0	0	0	0	0	0	0	0	0	0	0	0	0	0	0	0	0	0	0.01	0	0	0	0	0	0	0	0	0	0	0	0	0	0	0	0	0	0	0
G020349025	0	0	0	0	0	0	0	0	0	0	0	0	0	0	0	0	0	0	0	0	0	0	0	0	0	0	0	0	0	0	0	0	0	0	0	0	0	0	0	0	0	0	0	0	0	0	0	0	0	0	0	0	0	0	0	0	0	0	0	0	0	0.01	0	0	0	0	0	0	0	0	0	0	0.1	0	0	0	0	0	0	0	0
FEB-12	0	0	0	0	0	0	0	0	0	0	0	0	0	0	0	0	0	0	0	0	0	0	0	0	0	0	0	0	0	0	0	0	0	0	0	0	0	0	0	0	0	0	0	0	0	0	0	0	0	0	0	0	0	0	0	0	0	0	0	0	0	0.02	0	0	0	0	0	0	0	0	0	0	0	0	0	0	0	0	0	0	0
JAFDET01	0	0	0	0	0	0	0	0	0	0	0	0	0	0	0	0	0	0	0	0	0	0	0	0	0	0	0	0	0	0	0	0	0	0	0	0	0	0	0	0	0	0	0	0	0	0	0	0	0	0	0	0	0	0	0	0	0	0	0	0	0	0.01	0	0	0	0	0	0	0	0	0	0	0	0	0	0	0	0	0	0	0
JAFDDA01	0	0	0	0	0	0	0	0	0	0	0	0	0	0	0	0	0	0	0	0	0	0	0	0	0	0	0	0	0	0	0	0	0	0	0	0	0	0	0	0	0	0	0	0	0	0	0	0	0	0	0	0	0	0	0	0	0	0	0	0	0	0.02	0	0	0	0	0	0	0	0	0	0	0	0	0	0	0	0	0	0	0
JAGQJR01	0	0	0	0	0	0	0	0	0	0	0	0	0	0	0	0	0	0	0	0	0	0	0	0	0	0	0	0	0	0	0	0	0	0	0	0	0	0	0	0	0	0	0	0	0	0	0	0	0	0	0	0	0	0	0	0	0	0	0	0	0	0.05	0	0	0	0	0	0	0	0	0	0	0	0	0	0	0	0	0	0	0
SZUA-336	0	0	0	0	0	0	0	0	0	0	0	0	0	0	0	0	0	0	0	0	0	0	0	0	0	0	0	0	0	0	0	0	0	0	0	0	0	0	0	0	0	0	0	0	0	0	0	0	0	0	0	0	0	0	0	0	0	0	0	0	0	0.02	0.23	0	0	0	0	0	0	0	0	0	0	0	0	0	0	0	0	0	0
CABMGC01	0	0	0	0	0	0	0	0	0	0	0	0	0	0	0	0	0	0	0	0	0	0	0	0	0	0	0	0	0	0	0	0	0	0	0	0	0	0	0	0	0	0	0	0	0	0	0	0	0	0	0	0	0	0	0	0	0	0	0	0	0	0	0.03	0	0	0	0	0	0	0	0	0	0	0	0	0	0	0	0	0	0
Pleomorphomonadaceae	0	0	0	0	0	0	0	0	0	0	0	0	0	0	0	0	0	0	0	0	0	0	0	0	0	0	0	0	0	0	0	0	0	0	0	0	0	0	0	0	0	0	0	0	0	0	0	0	0	0	0	0	0	0	0	0	0	0	0	0	0	0	0.01	0	0	0	0	0	0	0	0	0	0	0	0	0	0	0	0	0	0
JAHFRG01	0	0	0	0	0	0	0	0	0	0	0	0	0	0	0	0	0	0	0	0	0	0	0	0	0	0	0	0	0	0	0	0	0	0	0	0	0	0	0	0	0	0	0	0	0	0	0	0	0	0	0	0	0	0	0	0	0	0	0	0	0	0	0.02	0	0	0	0	0	0	0	0	0	0	0	0	0	0	0	0	0	0
Ga0077523	0	0	0	0	0	0	0	0	0	0	0	0	0	0	0	0	0	0	0	0	0	0	0	0	0	0	0	0	0	0	0	0	0	0	0	0	0	0	0	0	0	0	0	0	0	0	0	0	0	0	0	0	0	0	0	0	0	0	0	0	0	0	0.02	0	0	0	0	0	0	0	0	0	0	0	0	0.03	0	0	0	0	0
2-12-FULL-54-10	0	0	0	0	0	0	0	0	0	0	0	0	0	0	0	0	0	0	0	0	0	0	0	0	0	0	0	0	0	0	0	0	0	0	0	0	0	0	0	0	0	0	0	0	0	0	0	0	0	0	0	0	0	0	0	0	0	0	0	0	0	0	0.12	0	0	0	0	0	0	0	0	0	0	0	0	0	0	0	0	0	0
Gp22-AA2	0	0	0	0	0	0	0	0	0	0	0	0	0	0	0	0	0	0	0	0	0	0	0	0	0	0	0	0	0	0	0	0	0	0	0	0	0	0	0	0	0	0	0	0	0	0	0	0	0	0	0	0	0	0	0	0	0	0	0	0	0	0	0.03	0	0	0	0	0	0	0	0	0	0	0	0	0	0	0	0	0	0
VGOW01	0	0	0	0	0	0	0	0	0	0	0	0	0	0	0	0	0	0	0	0	0	0	0	0	0	0	0	0	0	0	0	0	0	0	0	0	0	0	0	0	0	0	0	0	0	0	0	0	0	0	0	0	0	0	0	0	0	0	0	0	0	0	0.02	0	0	0	0	0	0	0	0	0	0	0	0	0	0	0	0	0.26	0
SHYK01	0	0	0	0	0	0	0	0	0	0	0	0	0	0	0	0	0	0	0	0	0	0	0	0	0	0	0	0	0	0	0	0	0	0	0	0	0	0	0	0	0	0	0	0	0	0	0	0	0	0	0	0	0	0	0	0	0	0	0	0	0	0	0.07	0	0	0	0	0	0	0	0	0	0	0	0	0	0	0	0	0	0
2-01-FULL-66-17	0	0	0	0	0	0	0	0	0	0	0	0	0	0	0	0	0	0	0	0	0	0	0	0	0	0	0	0	0	0	0	0	0	0	0	0	0	0	0	0	0	0	0	0	0	0	0	0	0	0	0	0	0	0	0	0	0	0	0	0	0	0	0.02	0	0	0	0	0	0	0	0	0	0	0	0	0	0	0	0	0	0
JADLDD01	0	0	0	0	0	0	0	0	0	0	0	0	0	0	0	0	0	0	0	0	0	0	0	0	0	0	0	0	0	0	0	0	0	0	0	0	0	0	0	0	0	0	0	0	0	0	0	0	0	0	0	0	0	0	0	0	0	0	0	0	0	0	0.02	0	0	0	0	0	0	0	0	0	0	0	0	0	0	0	0	0	0
Chersky-534	0	0	0	0	0	0	0	0	0	0	0	0	0	0	0	0	0	0	0	0	0	0	0	0	0	0	0	0	0	0	0	0	0	0	0	0	0	0	0	0	0	0	0	0	0	0	0	0	0	0	0	0	0	0	0	0	0	0	0	0	0	0	0.02	0	0	0	0	0	0	0	0	0	0	0	0	0	0	0	0	0	0
SZUA-254	0	0	0	0	0	0	0	0	0	0	0	0	0	0	0	0	0	0	0	0	0	0	0	0	0	0	0	0	0	0	0	0	0	0	0	0	0	0	0	0	0	0	0	0	0	0	0	0	0	0	0	0	0	0	0	0	0	0	0	0	0	0	0.06	0	0	0	0	0	0	0	0	0	0	0	0	0	0	0	0	0	0
Fen-1342	0	0	0	0	0	0	0	0	0	0	0	0	0	0	0	0	0	0	0	0	0	0	0	0	0	0	0	0	0	0	0	0	0	0	0	0	0	0	0	0	0	0	0	0	0	0	0	0	0	0	0	0	0	0	0	0	0	0	0	0	0	0	0.01	0	0	0	0	0	0	0	0	0	0	0	0	0	0	0	0	0	0
PWPN01	0	0	0	0	0	0	0	0	0	0	0	0	0	0	0	0	0	0	0	0	0	0	0	0	0	0	0	0	0	0	0	0	0	0	0	0	0	0	0	0	0	0	0	0	0	0	0	0	0	0	0	0	0	0	0	0	0	0	0	0	0	0	0.02	0	0	0	0	0	0	0	0	0	0	0	0	0	0	0	0	0	0
JAKLKS01	0	0	0	0	0	0	0	0	0	0	0	0	0	0	0	0	0	0	0	0	0	0	0	0	0	0	0	0	0	0	0	0	0	0	0	0	0	0	0	0	0	0	0	0	0	0	0	0	0	0	0	0	0	0	0	0	0	0	0	0	0	0	0.03	0	0	0	0	0	0	0	0	0	0	0	0	0	0	0	0	0.04	0
SIAN01	0	0	0	0	0	0	0	0	0	0	0	0	0	0	0	0	0	0	0	0	0	0	0	0	0	0	0	0	0	0	0	0	0	0	0	0	0	0	0	0	0	0	0	0	0	0	0	0	0	0	0	0	0	0	0	0	0	0	0	0	0	0	0.09	0	0	0	0	0	0	0	0	0	0	0	0	0	0	0	0	0	0
SXIK01	0	0	0	0	0	0	0	0	0	0	0	0	0	0	0	0	0	0	0	0	0	0	0	0	0	0	0	0	0	0	0	0	0	0	0	0	0	0	0	0	0	0	0	0	0	0	0	0	0	0	0	0	0	0	0	0	0	0	0	0	0	0	0.08	0	0	0	0	0	0	0	0	0	0	0	0	0	0	0	0	0	0
W02-35-19	0	0	0	0	0	0	0	0	0	0	0	0	0	0	0	0	0	0	0	0	0	0	0	0	0	0	0	0	0	0	0	0	0	0	0	0	0	0	0	0	0	0	0	0	0	0	0	0	0	0	0	0	0	0	0	0	0	0	0	0	0	0	0.01	0	0	0	0	0	0	0	0	0	0	0	0	0	0	0	0	0	0
Staskawiczbacteraceae	0	0	0	0	0	0	0	0	0	0	0	0	0	0	0	0	0	0	0	0	0	0	0	0	0	0	0	0	0	0	0	0	0	0	0	0	0	0	0	0	0	0	0	0	0	0	0	0	0	0	0	0	0	0	0	0	0	0	0	0	0	0	0.03	0	0	0	0	0	0	0	0	0	0	0	0	0	0	0	0	0	0
AQU-01	0	0	0	0	0	0	0	0	0	0	0	0	0	0	0	0	0	0	0	0	0	0	0	0	0	0	0	0	0	0	0	0	0	0	0	0	0	0	0	0	0	0	0	0	0	0	0	0	0	0	0	0	0	0	0	0	0	0	0	0	0	0	0.01	0	0	0	0	0	0	0	0	0	0	0	0	0	0	0.02	0	0	0
Amesbacteraceae	0	0	0	0	0	0	0	0	0	0	0	0	0	0	0	0	0	0	0	0	0	0	0	0	0	0	0	0	0	0	0	0	0	0	0	0	0	0	0	0	0	0	0	0	0	0	0	0	0	0	0	0	0	0	0	0	0	0	0	0	0	0	0.02	0	0	0	0	0	0	0	0	0	0	0	0	0	0.04	0.02	0	0.02	0
PALSA-1396	0	0	0	0	0	0	0	0	0	0	0	0	0	0	0	0	0	0	0	0	0	0	0	0	0	0	0	0	0	0	0	0	0	0	0	0	0	0	0	0	0	0	0	0	0	0	0	0	0	0	0	0	0	0	0	0	0	0	0	0	0	0	0.14	0	0	0	0	0	0	0	0	0	0.06	0.09	0	0	0	0.67	0	0.04	0
JAKEEH01	0	0	0	0	0	0	0	0	0	0	0	0	0	0	0	0	0	0	0	0	0	0	0	0	0	0	0	0	0	0	0	0	0	0	0	0	0	0	0	0	0	0	0	0	0	0	0	0	0	0	0	0	0	0	0	0	0	0	0	0	0	0	0.01	0	0	0	0	0	0	0	0	0	0	0	0	0	0	0	0	0	0
JACPZS01	0	0	0	0	0	0	0	0	0	0	0	0	0	0	0	0	0	0	0	0	0	0	0	0	0	0	0	0	0	0	0	0	0	0	0	0	0	0	0	0	0	0	0	0	0	0	0	0	0	0	0	0	0	0	0	0	0	0	0	0	0	0	0.05	0	0	0	0	0	0	0	0	0	0	0	0	0	0	0	0	0.02	0
UBA11320	0	0	0	0	0	0	0	0	0	0	0	0	0	0	0	0	0	0	0	0	0	0	0	0	0	0	0	0	0	0	0	0	0	0	0	0	0	0	0	0	0	0	0	0	0	0	0	0	0	0	0	0	0	0	0	0	0	0	0	0	0	0	0.01	0	0	0	0	0	0	0	0	0	0	0	0	0	0.05	0	0	0.01	0
JABWAM01	0	0	0	0	0	0	0	0	0	0	0	0	0	0	0	0	0	0	0	0	0	0	0	0	0	0	0	0	0	0	0	0	0	0	0	0	0	0	0	0	0	0	0	0	0	0	0	0	0	0	0	0	0	0	0	0	0	0	0	0	0	0	0.01	0	0	0	0	0	0	0	0	0	0	0	0	0	0.11	0	0	0.06	0
2-02-FULL-51-18	0	0	0	0	0	0	0	0	0	0	0	0	0	0	0	0	0	0	0	0	0	0	0	0	0	0	0	0	0	0	0	0	0	0	0	0	0	0	0	0	0	0	0	0	0	0	0	0	0	0	0	0	0	0	0	0	0	0	0	0	0	0	0.01	0	0	0	0	0	0	0	0	0	0	0	0	0.06	0	0	0	0.14	0
JACQEN01	0	0	0	0	0	0	0	0	0	0	0	0	0	0	0	0	0	0	0	0	0	0	0	0	0	0	0	0	0	0	0	0	0	0	0	0	0	0	0	0	0	0	0	0	0	0	0	0	0	0	0	0	0	0	0	0	0	0	0	0	0	0	0.06	0	0	0	0	0	0	0	0	0	0	0	0	0	0	0.02	0	0	0
JACQVA1	0	0	0	0	0	0	0	0	0	0	0	0	0	0	0	0	0	0	0	0	0	0	0	0	0	0	0	0	0	0	0	0	0	0	0	0	0	0	0	0	0	0	0	0	0	0	0	0	0	0	0	0	0	0	0	0	0	0	0	0	0	0	0.19	0	0	0	0	0	0	0	0	0	0	0	0	0	0	0.02	0	0	0
HRBIN30	0	0	0	0	0	0	0	0	0	0	0	0	0	0	0	0	0	0	0	0	0	0	0	0	0	0	0	0	0	0	0	0	0	0	0	0	0	0	0	0	0	0	0	0	0	0	0	0	0	0	0	0	0	0	0	0	0	0	0	0	0	0	0.01	0	0	0	0	0	0	0	0	0	0	0	0	0	0	0	0	0	0
UBA12015	0	0	0	0	0	0	0	0	0	0	0	0	0	0	0	0	0	0	0	0	0	0	0	0	0	0	0	0	0	0	0	0	0	0	0	0	0	0	0	0	0	0	0	0	0	0	0	0	0	0	0	0	0	0	0	0	0	0	0	0	0	0	0.09	0	0	0	0	0	0	0	0	0	0	0	0	0	0	0	0	0.02	0
JACORV01	0	0	0	0	0	0	0	0	0	0	0	0	0	0	0	0	0	0	0	0	0	0	0	0	0	0	0	0	0	0	0	0	0	0	0	0	0	0	0	0	0	0	0	0	0	0	0	0	0	0	0	0	0	0	0	0	0	0	0	0	0	0	0.04	0	0	0	0	0	0	0	0	0	0	0	0	0	0	0.09	0	0.06	0
SZUA-252	0	0	0	0	0	0	0	0	0	0	0	0	0	0	0	0	0	0	0	0	0	0	0	0	0	0	0	0	0	0	0	0	0	0	0	0	0	0	0	0	0	0	0	0	0	0	0	0	0	0	0	0	0	0	0	0	0	0	0	0	0	0	0.45	0	0	0	0	0	0	0	0	0	0	0	0	0	0	0	0	0	0
UBA9160	0	0	0	0	0	0	0	0	0	0	0	0	0	0	0	0	0	0	0	0	0	0	0	0	0	0	0	0	0	0	0	0	0	0	0	0	0	0	0	0	0	0	0	0	0	0	0	0	0	0	0	0	0	0	0	0	0	0	0	0	0	0	0.04	0	0	0	0	0	0	0	0	0	0	0.48	0	0	0	0	0	0	0
CSP1-3	0	0	0	0	0	0	0	0	0	0	0	0	0	0	0	0	0	0	0	0	0	0	0	0	0	0	0	0	0	0	0	0	0	0	0	0	0	0	0	0	0	0	0	0	0	0	0	0	0	0	0	0	0	0	0	0	0	0	0	0	0	0	0.02	0	0	0	0	0	0	0	0	0	0	0	0	0	0	0	0	0	0
WHTO01	0	0	0	0	0	0	0	0	0	0	0	0	0	0	0	0	0	0	0	0	0	0	0	0	0	0	0	0	0	0	0	0	0	0	0	0	0	0	0	0	0	0	0	0	0	0	0	0	0	0	0	0	0.06	0	0	0	0	0	0	0	0	0	0	0	0	0	0	0	0	0	0	0	0	0	0	0	0	0	0	0	0
UBA8438	0	0	0	0	0	0	0	0	0	0	0	0	0	0	0	0	0	0	0	0	0	0	0	0	0	0	0	0	0	0	0	0	0	0	0	0	0	0	0	0	0	0	0	0	0	0	0	0	0	0	0	0	0.02	0	0	0	0	0	0	0	0	0	0	0	0	0	0	0	0	0	0	0	0	0	0	0	0	0	0	0.02	0
JAJYGY01	0	0	0	0	0	0	0	0	0	0	0	0	0	0	0	0	0	0	0	0	0	0	0	0	0	0	0	0	0	0	0	0	0	0	0	0	0	0	0	0	0	0	0	0	0	0	0	0	0	0	0	0	0.03	0	0	0	0	0	0	0	0	0	0	0	0	0	0	0	0	0	0	0	0	0	0	0.04	0.19	0	0.08	0.03	0
UBA7239	0	0	0	0	0	0	0	0	0	0	0	0	0	0	0	0	0	0	0	0	0	0	0	0	0	0	0	0	0	0	0	0	0	0	0	0	0	0	0	0	0	0	0	0	0	0	0	0	0	0	0	0	0	0	0	0	0	0	0	0	0	0	0	0	0.21	0	0	0	0	0	0	0	0	0	0	0	0	0	0	0	0
Bacteroidaceae	0	0	0	0	0	0	0	0	0	0	0	0	0	0	0	0	0	0	0	0	0	0	0	0	0	0	0	0	0	0	0	0	0	0	0	0	0	0	0	0	0	0	0	0	0	0	0	0	0	0	0	0	0	0	0	0	0	0	0	0	0	0	0	0.06	0.38	0	0	0	0	0	0	0	0	0	0	0	0	0	0	0	0
WCHB1-69	0	0	0	0	0	0	0	0	0	0	0	0	0	0	0	0	0	0	0	0	0	0	0	0	0	0	0	0	0	0	0	0	0	0	0	0	0	0	0	0	0	0	0	0	0	0	0	0	0	0	0	0	0	0	0	0	0	0	0	0	0	0	0	0	0.52	0	0	0	0	0	0	0	0	0	0	0	0	0	0	0	0
Tannerellaceae	0	0	0	0	0	0	0	0	0	0	0	0	0	0	0	0	0	0	0	0	0	0	0	0	0	0	0	0	0	0	0	0	0	0	0	0	0	0	0	0	0	0	0	0	0	0	0	0	0	0	0	0	0	0	0	0	0	0	0	0	0	0	0	0	0.08	0	0	0	0	0	0	0	0	0	0	0	0	0	0	0	0
Tenuifilaceae	0	0	0	0	0	0	0	0	0	0	0	0	0	0	0	0	0	0	0	0	0	0	0	0	0	0	0	0	0	0	0	0	0	0	0	0	0	0	0	0	0	0	0	0	0	0	0	0	0	0	0	0	0	0	0	0	0	0	0	0	0	0	0	0.08	0.3	0	0	0	0	0	0	0	0	0	0	0	0	0	0	0	0
P3	0	0	0	0	0	0	0	0	0	0	0	0	0	0	0	0	0	0	0	0	0	0	0	0	0	0	0	0	0	0	0	0	0	0	0	0	0	0	0	0	0	0	0	0	0	0	0	0	0	0	0	0	0	0	0	0	0	0	0	0	0	0	0	0.02	0.26	0	0	0	0	0	0	0	0	0	0	0	0	0	0	0	0
ML635J-15	0	0	0	0	0	0	0	0	0	0	0	0	0	0	0	0	0	0	0	0	0	0	0	0	0	0	0	0	0	0	0	0	0	0	0	0	0	0	0	0	0	0	0	0	0	0	0	0	0	0	0	0	0	0	0	0	0	0	0	0	0	0	0	0	0.17	0	0	0	0	0	0	0	0	0	0	0	0	0	0	0	0
DTU049	0	0	0	0	0	0	0	0	0	0	0	0	0	0	0	0	0	0	0	0	0	0	0	0	0	0	0	0	0	0	0	0	0	0	0	0	0	0	0	0	0	0	0	0	0	0	0	0	0	0	0	0	0	0	0	0	0	0	0	0	0	0	0	0	0.07	0	0	0	0	0	0	0	0	0	0	0	0	0	0	0	0
TC1	0	0	0	0	0	0	0	0	0	0	0	0	0	0	0	0	0	0	0	0	0	0	0	0	0	0	0	0	0	0	0	0	0	0	0	0	0	0	0	0	0	0	0	0	0	0	0	0	0	0	0	0	0	0	0	0	0	0	0	0	0	0	0	0	0.19	0	0	0	0	0	0	0	0	0	0	0	0	0	0	0	0
UBA3636	0	0	0	0	0	0	0	0	0	0	0	0	0	0	0	0	0	0	0	0	0	0	0	0	0	0	0	0	0	0	0	0	0	0	0	0	0	0	0	0	0	0	0	0	0	0	0	0	0	0	0	0	0	0	0	0	0	0	0	0	0	0	0	0.57	0.13	0	0	0	0	0	0	0	0	0	0.03	0	0	0	0	0	0
Victivallaceae	0	0	0	0	0	0	0	0	0	0	0	0	0	0	0	0	0	0	0	0	0	0	0	0	0	0	0	0	0	0	0	0	0	0	0	0	0	0	0	0	0	0	0	0	0	0	0	0	0	0	0	0	0	0	0	0	0	0	0	0	0	0	0	0	0.12	0	0	0	0	0	0	0	0	0	0	0	0	0	0	0	0
Fastidiosipilaceae	0	0	0	0	0	0	0	0	0	0	0	0	0	0	0	0	0	0	0	0	0	0	0	0	0	0	0	0	0	0	0	0	0	0	0	0	0	0	0	0	0	0	0	0	0	0	0	0	0	0	0	0	0	0	0	0	0	0	0	0	0	0	0	0	0.07	0	0	0	0	0	0	0	0	0	0	0	0	0	0	0	0
Acutalibacteraceae	0	0	0	0	0	0	0	0	0	0	0	0	0	0	0	0	0	0	0	0	0	0	0	0	0	0	0	0	0	0	0	0	0	0	0	0	0	0	0	0	0	0	0	0	0	0	0	0	0	0	0	0	0	0	0	0	0	0	0	0	0	0	0	0.12	0.22	0	0	0	0	0	0	0	0	0	0	0	0	0	0	0	0
Ruminococcaceae	0	0	0	0	0	0	0	0	0	0	0	0	0	0	0	0	0	0	0	0	0	0	0	0	0	0	0	0	0	0	0	0	0	0	0	0	0	0	0	0	0	0	0	0	0	0	0	0	0	0	0	0	0	0	0	0	0	0	0	0	0	0	0	0	0.08	0	0.1	0	0	0	0	0	0	0	0	0	0	0	0	0	0
CAG-138	0	0	0	0	0	0	0	0	0	0	0	0	0	0	0	0	0	0	0	0	0	0	0	0	0	0	0	0	0	0	0	0	0	0	0	0	0	0	0	0	0	0	0	0	0	0	0	0	0	0	0	0	0	0	0	0	0	0	0	0	0	0	0	0	0.08	0	0	0	0	0	0	0	0	0	0	0	0	0	0	0	0
CAG-508	0	0	0	0	0	0	0	0	0	0	0	0	0	0	0	0	0	0	0	0	0	0	0	0	0	0	0	0	0	0	0	0	0	0	0	0	0	0	0	0	0	0	0	0	0	0	0	0	0	0	0	0	0	0	0	0	0	0	0	0	0	0	0	0	0.13	0	0	0	0	0	0	0	0	0	0	0	0	0	0	0	0
UBA1444	0	0	0	0	0	0	0	0	0	0	0	0	0	0	0	0	0	0	0	0	0	0	0	0	0	0	0	0	0	0	0	0	0	0	0	0	0	0	0	0	0	0	0	0	0	0	0	0	0	0	0	0	0	0	0	0	0	0	0	0	0	0	0	0	0.09	0	0	0	0	0	0	0	0	0	0	0	0	0	0	0	0
CAG-826	0	0	0	0	0	0	0	0	0	0	0	0	0	0	0	0	0	0	0	0	0	0	0	0	0	0	0	0	0	0	0	0	0	0	0	0	0	0	0	0	0	0	0	0	0	0	0	0	0	0	0	0	0	0	0	0	0	0	0	0	0	0	0	0	0.06	0	0	0	0	0	0	0	0	0	0	0	0	0	0	0	0
UBA660	0	0	0	0	0	0	0	0	0	0	0	0	0	0	0	0	0	0	0	0	0	0	0	0	0	0	0	0	0	0	0	0	0	0	0	0	0	0	0	0	0	0	0	0	0	0	0	0	0	0	0	0	0	0	0	0	0	0	0	0	0	0	0	0.3	0.53	0	0.07	0	0	0	0	0	0	0	0.03	0	0	0	0	0	0
Synergistaceae	0	0	0	0	0	0	0	0	0	0	0	0	0	0	0	0	0	0	0	0	0	0	0	0	0	0	0	0	0	0	0	0	0	0	0	0	0	0	0	0	0	0	0	0	0	0	0	0	0	0	0	0	0	0	0	0	0	0	0	0	0	0	0	0.04	0.08	0	0	0	0	0	0	0	0	0	0	0	0	0	0	0	0
Cloacimonadaceae	0	0	0	0	0	0	0	0	0	0	0	0	0	0	0	0	0	0	0	0	0	0	0	0	0	0	0	0	0	0	0	0	0	0	0	0	0	0	0	0	0	0	0	0	0	0	0	0	0	0	0	0	0	0	0	0	0	0	0	0	0	0	0	1.4	0.42	0	0	0	0	0	0	0	0	0	0	0	0	0	0	0	0
Pasteurellaceae	0	0	0	0	0	0	0	0	0	0	0	0	0	0	0	0	0	0	0	0	0	0	0	0	0	0	0	0	0	0	0	0	0	0	0	0	0	0	0	0	0	0	0	0	0	0	0	0	0	0	0	0	0	0	0	0	0	0	0	0	0	0	0	0	0	0	0.27	0	0	0	0	0	0	0	0	0	0	0	0	0	0
Peptostreptococcaceae	0	0	0	0	0	0	0	0	0	0	0	0	0	0	0	0	0	0	0	0	0	0	0	0	0	0	0	0	0	0	0	0	0	0	0	0	0	0	0	0	0	0	0	0	0	0	0	0	0	0	0	0	0	0	0	0	0	0	0	0	0	0	0	0	0	0	0.31	0	0	0	0	0	0	0	0	0	0	0	0	0	0
Cellulosilyticaceae	0	0	0	0	0	0	0	0	0	0	0	0	0	0	0	0	0	0	0	0	0	0	0	0	0	0	0	0	0	0	0	0	0	0	0	0	0	0	0	0	0	0	0	0	0	0	0	0	0	0	0	0	0	0	0	0	0	0	0	0	0	0	0	0	0	0	0.27	0	0	0	0	0	0	0	0	0	0	0	0	0	0
Metamycoplasmataceae	0	0	0	0	0	0	0	0	0	0	0	0	0	0	0	0	0	0	0	0	0	0	0	0	0	0	0	0	0	0	0	0	0	0	0	0	0	0	0	0	0	0	0	0	0	0	0	0	0	0	0	0	0	0	0	0	0	0	0	0	0	0	0	0	0	0	0.18	0	0	0	0	0	0	0	0	0	0	0	0	0	0
Fusobacteriaceae	0	0	0	0	0	0	0	0	0	0	0	0	0	0	0	0	0	0	0	0	0	0	0	0	0	0	0	0	0	0	0	0	0	0	0	0	0	0	0	0	0	0	0	0	0	0	0	0	0	0	0	0	0	0	0	0	0	0	0	0	0	0	0	0	0	0	2.39	0	0	0	0	0	0	0	0	0	0	0	0	0	0
Helicobacteraceae	0	0	0	0	0	0	0	0	0	0	0	0	0	0	0	0	0	0	0	0	0	0	0	0	0	0	0	0	0	0	0	0	0	0	0	0	0	0	0	0	0	0	0	0	0	0	0	0	0	0	0	0	0	0	0	0	0	0	0	0	0	0	0	0	0	0	1.17	0	0	0	0	0	0	0	0	0	0	0	0	0	0
JAGQZY01	0	0	0	0	0	0	0	0	0	0	0	0	0	0	0	0	0	0	0	0	0	0	0	0	0	0	0	0	0	0	0	0	0	0	0	0	0	0	0	0	0	0	0	0	0	0	0	0	0	0	0	0	0	0	0	0	0	0	0	0	0	0	0	0	0	0	0	0.01	0	0	0	0	0	0	0	0	0	0	0	0	0
CAIRYW01	0	0	0	0	0	0	0	0	0	0	0	0	0	0	0	0	0	0	0	0	0	0	0	0	0	0	0	0	0	0	0	0	0	0	0	0	0	0	0	0	0	0	0	0	0	0	0	0	0	0	0	0	0	0	0	0	0	0	0	0	0	0	0	0	0	0	0	0	0	0	0.04	0	0	0.03	0	0	0	0	0.02	0	0.02
VMFF01	0	0	0	0	0	0	0	0	0	0	0	0	0	0	0	0	0	0	0	0	0	0	0	0	0	0	0	0	0	0	0	0	0	0	0	0	0	0	0	0	0	0	0	0	0	0	0	0	0	0	0	0	0	0	0	0	0	0	0	0	0	0	0	0	0	0	0	0	0	0	0.04	0	0	0	0	0	0	0.07	0.11	0	0
QHBQ01	0	0	0	0	0	0	0	0	0	0	0	0	0	0	0	0	0	0	0	0	0	0	0	0	0	0	0	0	0	0	0	0	0	0	0	0	0	0	0	0	0	0	0	0	0	0	0	0	0	0	0	0	0	0	0	0	0	0	0	0	0	0	0	0	0	0	0	0	0	0	0.07	0	0	0	0	0	0	0.02	0.04	0	0
UBA5177	0	0	0	0	0	0	0	0	0	0	0	0	0	0	0	0	0	0	0	0	0	0	0	0	0	0	0	0	0	0	0	0	0	0	0	0	0	0	0	0	0	0	0	0	0	0	0	0	0	0	0	0	0	0	0	0	0	0	0	0	0	0	0	0	0	0	0	0	0	0	0.64	0	0	0	0.02	0	0	0	0.05	0	0
JAJPGV01	0	0	0	0	0	0	0	0	0	0	0	0	0	0	0	0	0	0	0	0	0	0	0	0	0	0	0	0	0	0	0	0	0	0	0	0	0	0	0	0	0	0	0	0	0	0	0	0	0	0	0	0	0	0	0	0	0	0	0	0	0	0	0	0	0	0	0	0	0	0	0.09	0	0	0	0	0	0	0	0	0	0
UBA4733	0	0	0	0	0	0	0	0	0	0	0	0	0	0	0	0	0	0	0	0	0	0	0	0	0	0	0	0	0	0	0	0	0	0	0	0	0	0	0	0	0	0	0	0	0	0	0	0	0	0	0	0	0	0	0	0	0	0	0	0	0	0	0	0	0	0	0	0	0	0	0.09	0	0	0	0	0	0	0	0	0	0
UBA5272	0	0	0	0	0	0	0	0	0	0	0	0	0	0	0	0	0	0	0	0	0	0	0	0	0	0	0	0	0	0	0	0	0	0	0	0	0	0	0	0	0	0	0	0	0	0	0	0	0	0	0	0	0	0	0	0	0	0	0	0	0	0	0	0	0	0	0	0	0	0	0	0.75	0	0	0.03	0.17	0	0.02	0	0.02	0.28
GWA1-40-21	0	0	0	0	0	0	0	0	0	0	0	0	0	0	0	0	0	0	0	0	0	0	0	0	0	0	0	0	0	0	0	0	0	0	0	0	0	0	0	0	0	0	0	0	0	0	0	0	0	0	0	0	0	0	0	0	0	0	0	0	0	0	0	0	0	0	0	0	0	0	0	0.03	0	0	0	0.05	0.05	0	0	0.08	0
JAVEEJ01	0	0	0	0	0	0	0	0	0	0	0	0	0	0	0	0	0	0	0	0	0	0	0	0	0	0	0	0	0	0	0	0	0	0	0	0	0	0	0	0	0	0	0	0	0	0	0	0	0	0	0	0	0	0	0	0	0	0	0	0	0	0	0	0	0	0	0	0	0	0	0	0.03	0	0	0	0	0	0	0	0	0
CAINMV01	0	0	0	0	0	0	0	0	0	0	0	0	0	0	0	0	0	0	0	0	0	0	0	0	0	0	0	0	0	0	0	0	0	0	0	0	0	0	0	0	0	0	0	0	0	0	0	0	0	0	0	0	0	0	0	0	0	0	0	0	0	0	0	0	0	0	0	0	0	0	0	0.07	0	0	0	0.07	0	0.02	0	0	0
JABDFU01	0	0	0	0	0	0	0	0	0	0	0	0	0	0	0	0	0	0	0	0	0	0	0	0	0	0	0	0	0	0	0	0	0	0	0	0	0	0	0	0	0	0	0	0	0	0	0	0	0	0	0	0	0	0	0	0	0	0	0	0	0	0	0	0	0	0	0	0	0	0	0	0.14	0	0	0	0.09	0.09	0.11	0	0.02	0
SXHM01	0	0	0	0	0	0	0	0	0	0	0	0	0	0	0	0	0	0	0	0	0	0	0	0	0	0	0	0	0	0	0	0	0	0	0	0	0	0	0	0	0	0	0	0	0	0	0	0	0	0	0	0	0	0	0	0	0	0	0	0	0	0	0	0	0	0	0	0	0	0	0	0.15	0	0	0	0.08	0	0	0	0	0
CANJSG01	0	0	0	0	0	0	0	0	0	0	0	0	0	0	0	0	0	0	0	0	0	0	0	0	0	0	0	0	0	0	0	0	0	0	0	0	0	0	0	0	0	0	0	0	0	0	0	0	0	0	0	0	0	0	0	0	0	0	0	0	0	0	0	0	0	0	0	0	0	0	0	0.04	0	0	0	0	0	0	0	0	0
Immundisolibacteraceae	0	0	0	0	0	0	0	0	0	0	0	0	0	0	0	0	0	0	0	0	0	0	0	0	0	0	0	0	0	0	0	0	0	0	0	0	0	0	0	0	0	0	0	0	0	0	0	0	0	0	0	0	0	0	0	0	0	0	0	0	0	0	0	0	0	0	0	0	0	0	0	0.05	0	0	0	0.25	0	0.03	0	0	0
JAIEPX01	0	0	0	0	0	0	0	0	0	0	0	0	0	0	0	0	0	0	0	0	0	0	0	0	0	0	0	0	0	0	0	0	0	0	0	0	0	0	0	0	0	0	0	0	0	0	0	0	0	0	0	0	0	0	0	0	0	0	0	0	0	0	0	0	0	0	0	0	0	0	0	0	0	0.12	0	0	0	0.09	0	0.03	0
PLA5	0	0	0	0	0	0	0	0	0	0	0	0	0	0	0	0	0	0	0	0	0	0	0	0	0	0	0	0	0	0	0	0	0	0	0	0	0	0	0	0	0	0	0	0	0	0	0	0	0	0	0	0	0	0	0	0	0	0	0	0	0	0	0	0	0	0	0	0	0	0	0	0	0	0.04	0	0	0	0	0	0	0
J093	0	0	0	0	0	0	0	0	0	0	0	0	0	0	0	0	0	0	0	0	0	0	0	0	0	0	0	0	0	0	0	0	0	0	0	0	0	0	0	0	0	0	0	0	0	0	0	0	0	0	0	0	0	0	0	0	0	0	0	0	0	0	0	0	0	0	0	0	0	0	0	0	0	0.05	0	0	0	0	0	0.01	0
Waddliaceae	0	0	0	0	0	0	0	0	0	0	0	0	0	0	0	0	0	0	0	0	0	0	0	0	0	0	0	0	0	0	0	0	0	0	0	0	0	0	0	0	0	0	0	0	0	0	0	0	0	0	0	0	0	0	0	0	0	0	0	0	0	0	0	0	0	0	0	0	0	0	0	0	0	0.04	0	0	0	0	0	0	0
Methanosarcinaceae	0	0	0	0	0	0	0	0	0	0	0	0	0	0	0	0	0	0	0	0	0	0	0	0	0	0	0	0	0	0	0	0	0	0	0	0	0	0	0	0	0	0	0	0	0	0	0	0	0	0	0	0	0	0	0	0	0	0	0	0	0	0	0	0.07	0	0	0	0	0	0	0	0	0	0	0	0	0	0	0	0	0
Methanomicrobiaceae	0	0	0	0	0	0	0	0	0	0	0	0	0	0	0	0	0	0	0	0	0	0	0	0	0	0	0	0	0	0	0	0	0	0	0	0	0	0	0	0	0	0	0	0	0	0	0	0	0	0	0	0	0	0	0	0	0	0	0	0	0	0	0	0.03	0	0	0	0	0	0	0	0	0	0	0	0	0	0	0	0	0
Methanomethylophilaceae	0	0	0	0	0	0	0	0	0	0	0	0	0	0	0	0	0	0	0	0	0	0	0	0	0	0	0	0	0	0	0	0	0	0	0	0	0	0	0	0	0	0	0	0	0	0	0	0	0	0	0	0	0	0	0	0	0	0	0	0	0	0	0	0.17	0	0	0	0	0	0	0	0	0	0	0	0	0	0	0	0	0
F082	0	0	0	0	0	0	0	0	0	0	0	0	0	0	0	0	0	0	0	0	0	0	0	0	0	0	0	0	0	0	0	0	0	0	0	0	0	0	0	0	0	0	0	0	0	0	0	0	0	0	0	0	0	0	0	0	0	0	0	0	0	0	0	0.11	0	0	0	0	0	0	0	0	0	0	0	0	0	0	0	0	0
4484-276	0	0	0	0	0	0	0	0	0	0	0	0	0	0	0	0	0	0	0	0	0	0	0	0	0	0	0	0	0	0	0	0	0	0	0	0	0	0	0	0	0	0	0	0	0	0	0	0	0	0	0	0	0	0	0	0	0	0	0	0	0	0	0	0.52	0	0	0	0	0	0	0	0	0	0	0	0	0	0	0	0	0
Marinifilaceae	0	0	0	0	0	0	0	0	0	0	0	0	0	0	0	0	0	0	0	0	0	0	0	0	0	0	0	0	0	0	0	0	0	0	0	0	0	0	0	0	0	0	0	0	0	0	0	0	0	0	0	0	0	0	0	0	0	0	0	0	0	0	0	0.02	0	0	0	0	0	0	0	0	0	0	0	0	0	0	0	0	0
Muribaculaceae	0	0	0	0	0	0	0	0	0	0	0	0	0	0	0	0	0	0	0	0	0	0	0	0	0	0	0	0	0	0	0	0	0	0	0	0	0	0	0	0	0	0	0	0	0	0	0	0	0	0	0	0	0	0	0	0	0	0	0	0	0	0	0	0.02	0	0	0	0	0	0	0	0	0	0	0	0	0	0	0	0	0
SM23-62	0	0	0	0	0	0	0	0	0	0	0	0	0	0	0	0	0	0	0	0	0	0	0	0	0	0	0	0	0	0	0	0	0	0	0	0	0	0	0	0	0	0	0	0	0	0	0	0	0	0	0	0	0	0	0	0	0	0	0	0	0	0	0	0.01	0	0	0	0	0	0	0	0	0	0	0	0	0	0	0	0	0
UBA12077	0	0	0	0	0	0	0	0	0	0	0	0	0	0	0	0	0	0	0	0	0	0	0	0	0	0	0	0	0	0	0	0	0	0	0	0	0	0	0	0	0	0	0	0	0	0	0	0	0	0	0	0	0	0	0	0	0	0	0	0	0	0	0	0.02	0	0	0	0	0	0	0	0	0	0	0	0	0	0	0	0	0
PUMT01	0	0	0	0	0	0	0	0	0	0	0	0	0	0	0	0	0	0	0	0	0	0	0	0	0	0	0	0	0	0	0	0	0	0	0	0	0	0	0	0	0	0	0	0	0	0	0	0	0	0	0	0	0	0	0	0	0	0	0	0	0	0	0	0.02	0	0	0	0	0	0	0	0	0	0	0	0	0	0	0	0	0
Thiomicrospiraceae	0	0	0	0	0	0	0	0	0	0	0	0	0	0	0	0	0	0	0	0	0	0	0	0	0	0	0	0	0	0	0	0	0	0	0	0	0	0	0	0	0	0	0	0	0	0	0	0	0	0	0	0	0	0	0	0	0	0	0	0	0	0	0	0.06	0	0	0	0	0	0	0	0	0	0	0	0	0	0	0	0	0
HK-STAS-PATE-42	0	0	0	0	0	0	0	0	0	0	0	0	0	0	0	0	0	0	0	0	0	0	0	0	0	0	0	0	0	0	0	0	0	0	0	0	0	0	0	0	0	0	0	0	0	0	0	0	0	0	0	0	0	0	0	0	0	0	0	0	0	0	0	0.02	0	0	0	0	0	0	0	0	0	0	0	0	0	0	0	0	0
LOWO2-01-FULL-3	0	0	0	0	0	0	0	0	0	0	0	0	0	0	0	0	0	0	0	0	0	0	0	0	0	0	0	0	0	0	0	0	0	0	0	0	0	0	0	0	0	0	0	0	0	0	0	0	0	0	0	0	0	0	0	0	0	0	0	0	0	0	0	0.02	0	0	0	0	0	0	0	0	0	0	0	0	0	0	0	0	0
UBA12465	0	0	0	0	0	0	0	0	0	0	0	0	0	0	0	0	0	0	0	0	0	0	0	0	0	0	0	0	0	0	0	0	0	0	0	0	0	0	0	0	0	0	0	0	0	0	0	0	0	0	0	0	0	0	0	0	0	0	0	0	0	0	0	0.15	0	0	0	0	0	0	0	0	0	0	0	0	0	0	0	0	0
SG8-4	0	0	0	0	0	0	0	0	0	0	0	0	0	0	0	0	0	0	0	0	0	0	0	0	0	0	0	0	0	0	0	0	0	0	0	0	0	0	0	0	0	0	0	0	0	0	0	0	0	0	0	0	0	0	0	0	0	0	0	0	0	0	0	0.03	0	0	0	0	0	0	0	0	0	0	0	0	0	0	0	0	0
Trichloromonadaceae	0	0	0	0	0	0	0	0	0	0	0	0	0	0	0	0	0	0	0	0	0	0	0	0	0	0	0	0	0	0	0	0	0	0	0	0	0	0	0	0	0	0	0	0	0	0	0	0	0	0	0	0	0	0	0	0	0	0	0	0	0	0	0	0.05	0	0	0	0	0	0	0	0	0	0	0	0	0	0	0	0	0
Desulfobacteraceae	0	0	0	0	0	0	0	0	0	0	0	0	0	0	0	0	0	0	0	0	0	0	0	0	0	0	0	0	0	0	0	0	0	0	0	0	0	0	0	0	0	0	0	0	0	0	0	0	0	0	0	0	0	0	0	0	0	0	0	0	0	0	0	0.16	0	0	0	0	0	0	0	0	0	0	0	0	0	0	0	0	0
Proteiniboraceae	0	0	0	0	0	0	0	0	0	0	0	0	0	0	0	0	0	0	0	0	0	0	0	0	0	0	0	0	0	0	0	0	0	0	0	0	0	0	0	0	0	0	0	0	0	0	0	0	0	0	0	0	0	0	0	0	0	0	0	0	0	0	0	0.03	0	0	0	0	0	0	0	0	0	0	0	0	0	0	0	0	0
UBA3941	0	0	0	0	0	0	0	0	0	0	0	0	0	0	0	0	0	0	0	0	0	0	0	0	0	0	0	0	0	0	0	0	0	0	0	0	0	0	0	0	0	0	0	0	0	0	0	0	0	0	0	0	0	0	0	0	0	0	0	0	0	0	0	0.02	0	0	0	0	0	0	0	0	0	0	0	0	0	0	0	0	0
CAG-272	0	0	0	0	0	0	0	0	0	0	0	0	0	0	0	0	0	0	0	0	0	0	0	0	0	0	0	0	0	0	0	0	0	0	0	0	0	0	0	0	0	0	0	0	0	0	0	0	0	0	0	0	0	0	0	0	0	0	0	0	0	0	0	0.02	0	0	0	0	0	0	0	0	0	0	0	0	0	0	0	0	0
DUPQ01	0	0	0	0	0	0	0	0	0	0	0	0	0	0	0	0	0	0	0	0	0	0	0	0	0	0	0	0	0	0	0	0	0	0	0	0	0	0	0	0	0	0	0	0	0	0	0	0	0	0	0	0	0	0	0	0	0	0	0	0	0	0	0	0.02	0	0	0	0	0	0	0	0	0	0	0	0	0	0	0	0	0
JAAYNR01	0	0	0	0	0	0	0	0	0	0	0	0	0	0	0	0	0	0	0	0	0	0	0	0	0	0	0	0	0	0	0	0	0	0	0	0	0	0	0	0	0	0	0	0	0	0	0	0	0	0	0	0	0	0	0	0	0	0	0	0	0	0	0	0.02	0	0	0	0	0	0	0	0	0	0	0	0	0	0	0	0	0
UBA1067	0	0	0	0	0	0	0	0	0	0	0	0	0	0	0	0	0	0	0	0	0	0	0	0	0	0	0	0	0	0	0	0	0	0	0	0	0	0	0	0	0	0	0	0	0	0	0	0	0	0	0	0	0	0	0	0	0	0	0	0	0	0	0	0.14	0	0	0	0	0	0	0	0	0	0	0	0	0	0	0	0	0
JAAYLN01	0	0	0	0	0	0	0	0	0	0	0	0	0	0	0	0	0	0	0	0	0	0	0	0	0	0	0	0	0	0	0	0	0	0	0	0	0	0	0	0	0	0	0	0	0	0	0	0	0	0	0	0	0	0	0	0	0	0	0	0	0	0	0	0.05	0	0	0	0	0	0	0	0	0	0	0	0	0	0	0	0	0
Tepidibacillaceae	0	0	0	0	0	0	0	0	0	0	0	0	0	0	0	0	0	0	0	0	0	0	0	0	0	0	0	0	0	0	0	0	0	0	0	0	0	0	0	0	0	0	0	0	0	0	0	0	0	0	0	0	0	0	0	0	0	0	0	0	0	0	0	0.05	0	0	0	0	0	0	0	0	0	0	0	0	0	0	0	0	0
JAFGVF01	0	0	0	0	0	0	0	0	0	0	0	0	0	0	0	0	0	0	0	0	0	0	0	0	0	0	0	0	0	0	0	0	0	0	0	0	0	0	0	0	0	0	0	0	0	0	0	0	0	0	0	0	0	0	0	0	0	0	0	0	0	0	0	0.05	0	0	0	0	0	0	0	0	0	0	0	0	0	0	0	0	0
Sulfurovaceae	0	0	0	0	0	0	0	0	0	0	0	0	0	0	0	0	0	0	0	0	0	0	0	0	0	0	0	0	0	0	0	0	0	0	0	0	0	0	0	0	0	0	0	0	0	0	0	0	0	0	0	0	0	0	0	0	0	0	0	0	0	0	0	0.07	0	0	0	0	0	0	0	0	0	0	0	0	0	0	0	0	0
Sulfurimonadaceae	0	0	0	0	0	0	0	0	0	0	0	0	0	0	0	0	0	0	0	0	0	0	0	0	0	0	0	0	0	0	0	0	0	0	0	0	0	0	0	0	0	0	0	0	0	0	0	0	0	0	0	0	0	0	0	0	0	0	0	0	0	0	0	0.02	0	0	0	0	0	0	0	0	0	0	0	0	0	0	0	0	0
JAAYKD01	0	0	0	0	0	0	0	0	0	0	0	0	0	0	0	0	0	0	0	0	0	0	0	0	0	0	0	0	0	0	0	0	0	0	0	0	0	0	0	0	0	0	0	0	0	0	0	0	0	0	0	0	0	0	0	0	0	0	0	0	0	0	0	0.02	0	0	0	0	0	0	0	0	0	0	0	0	0	0	0	0	0
JADKCL01	0	0	0	0	0	0	0	0	0	0	0	0	0	0	0	0	0	0	0	0	0	0	0	0	0	0	0	0	0	0	0	0	0	0	0	0	0	0	0	0	0	0	0	0	0	0	0	0	0	0	0	0	0	0	0	0	0	0	0	0	0	0	0	0	0	0	0	0	0	0	0	0	0	0	0	0.03	0	0	0	0	0
Flexibacteraceae	0	0	0	0	0	0	0	0	0	0	0	0	0	0	0	0	0	0	0	0	0	0	0	0	0	0	0	0	0	0	0	0	0	0	0	0	0	0	0	0	0	0	0	0	0	0	0	0	0	0	0	0	0	0	0	0	0	0	0	0	0	0	0	0	0	0	0	0	0	0	0	0	0	0	0	0.03	0	0	0	0	0
Palsa-948	0	0	0	0	0	0	0	0	0	0	0	0	0	0	0	0	0	0	0	0	0	0	0	0	0	0	0	0	0	0	0	0	0	0	0	0	0	0	0	0	0	0	0	0	0	0	0	0	0	0	0	0	0	0	0	0	0	0	0	0	0	0	0	0	0	0	0	0	0	0	0	0	0	0	0	0.42	0.14	0.16	0.06	0.11	0
RBG-16-64-13	0	0	0	0	0	0	0	0	0	0	0	0	0	0	0	0	0	0	0	0	0	0	0	0	0	0	0	0	0	0	0	0	0	0	0	0	0	0	0	0	0	0	0	0	0	0	0	0	0	0	0	0	0	0	0	0	0	0	0	0	0	0	0	0	0	0	0	0	0	0	0	0	0	0	0	0.2	0	0.03	0	0	0
UBA1550	0	0	0	0	0	0	0	0	0	0	0	0	0	0	0	0	0	0	0	0	0	0	0	0	0	0	0	0	0	0	0	0	0	0	0	0	0	0	0	0	0	0	0	0	0	0	0	0	0	0	0	0	0	0	0	0	0	0	0	0	0	0	0	0	0	0	0	0	0	0	0	0	0	0	0	0.17	0	0.02	0	0	0
UBA11359	0	0	0	0	0	0	0	0	0	0	0	0	0	0	0	0	0	0	0	0	0	0	0	0	0	0	0	0	0	0	0	0	0	0	0	0	0	0	0	0	0	0	0	0	0	0	0	0	0	0	0	0	0	0	0	0	0	0	0	0	0	0	0	0	0	0	0	0	0	0	0	0	0	0	0	0.03	0	0.01	0.04	0	0.03
SG8-24	0	0	0	0	0	0	0	0	0	0	0	0	0	0	0	0	0	0	0	0	0	0	0	0	0	0	0	0	0	0	0	0	0	0	0	0	0	0	0	0	0	0	0	0	0	0	0	0	0	0	0	0	0	0	0	0	0	0	0	0	0	0	0	0	0	0	0	0	0	0	0	0	0	0	0	0.05	0	0	0	0	0
JADFDG01	0	0	0	0	0	0	0	0	0	0	0	0	0	0	0	0	0	0	0	0	0	0	0	0	0	0	0	0	0	0	0	0	0	0	0	0	0	0	0	0	0	0	0	0	0	0	0	0	0	0	0	0	0	0	0	0	0	0	0	0	0	0	0	0	0	0	0	0	0	0	0	0	0	0	0	0.19	0	0	0	0	0
UBA5335	0	0	0	0	0	0	0	0	0	0	0	0	0	0	0	0	0	0	0	0	0	0	0	0	0	0	0	0	0	0	0	0	0	0	0	0	0	0	0	0	0	0	0	0	0	0	0	0	0	0	0	0	0	0	0	0	0	0	0	0	0	0	0	0	0	0	0	0	0	0	0	0	0	0	0	0.07	0	0.04	0	0	0
UBA11222	0	0	0	0	0	0	0	0	0	0	0	0	0	0	0	0	0	0	0	0	0	0	0	0	0	0	0	0	0	0	0	0	0	0	0	0	0	0	0	0	0	0	0	0	0	0	0	0	0	0	0	0	0	0	0	0	0	0	0	0	0	0	0	0	0	0	0	0	0	0	0	0	0	0	0	0.26	0	0	0	0	0
GCA-2746535	0	0	0	0	0	0	0	0	0	0	0	0	0	0	0	0	0	0	0	0	0	0	0	0	0	0	0	0	0	0	0	0	0	0	0	0	0	0	0	0	0	0	0	0	0	0	0	0	0	0	0	0	0	0	0	0	0	0	0	0	0	0	0	0	0	0	0	0	0	0	0	0	0	0	0	0.04	0	0.09	0	0.02	0
Chromulinivoraceae	0	0	0	0	0	0	0	0	0	0	0	0	0	0	0	0	0	0	0	0	0	0	0	0	0	0	0	0	0	0	0	0	0	0	0	0	0	0	0	0	0	0	0	0	0	0	0	0	0	0	0	0	0	0	0	0	0	0	0	0	0	0	0	0	0	0	0	0	0	0	0	0	0	0	0	0.08	0.05	0.04	0.03	0.06	0
SIBH01	0	0	0	0	0	0	0	0	0	0	0	0	0	0	0	0	0	0	0	0	0	0	0	0	0	0	0	0	0	0	0	0	0	0	0	0	0	0	0	0	0	0	0	0	0	0	0	0	0	0	0	0	0	0	0	0	0	0	0	0	0	0	0	0	0	0	0	0	0	0	0	0	0	0	0	0	0.05	0	0	0.02	0
AV2	0	0	0	0	0	0	0	0	0	0	0	0	0	0	0	0	0	0	0	0	0	0	0	0	0	0	0	0	0	0	0	0	0	0	0	0	0	0	0	0	0	0	0	0	0	0	0	0	0	0	0	0	0	0	0	0	0	0	0	0	0	0	0	0	0	0	0	0	0	0	0	0	0	0	0	0	0.03	0	0	0	0
JADGOU01	0	0	0	0	0	0	0	0	0	0	0	0	0	0	0	0	0	0	0	0	0	0	0	0	0	0	0	0	0	0	0	0	0	0	0	0	0	0	0	0	0	0	0	0	0	0	0	0	0	0	0	0	0	0	0	0	0	0	0	0	0	0	0	0	0	0	0	0	0	0	0	0	0	0	0	0	0.04	0	0	0	0
SIBU01	0	0	0	0	0	0	0	0	0	0	0	0	0	0	0	0	0	0	0	0	0	0	0	0	0	0	0	0	0	0	0	0	0	0	0	0	0	0	0	0	0	0	0	0	0	0	0	0	0	0	0	0	0	0	0	0	0	0	0	0	0	0	0	0	0	0	0	0	0	0	0	0	0	0	0	0	0.03	0	0	0	0
Methanotrichaceae	0	0	0	0	0	0	0	0	0	0	0	0	0	0	0	0	0	0	0	0	0	0	0	0	0	0	0	0	0	0	0	0	0	0	0	0	0	0	0	0	0	0	0	0	0	0	0	0	0	0	0	0	0	0	0	0	0	0	0	0	0	0	0	0	0	0	0	0	0	0	0	0	0	0	0	0	0	0.05	0	0	0
UBA472	0	0	0	0	0	0	0	0	0	0	0	0	0	0	0	0	0	0	0	0	0	0	0	0	0	0	0	0	0	0	0	0	0	0	0	0	0	0	0	0	0	0	0	0	0	0	0	0	0	0	0	0	0	0	0	0	0	0	0	0	0	0	0	0	0	0	0	0	0	0	0	0	0	0	0	0	0	0.01	0	0	0
DSPA01	0	0	0	0	0	0	0	0	0	0	0	0	0	0	0	0	0	0	0	0	0	0	0	0	0	0	0	0	0	0	0	0	0	0	0	0	0	0	0	0	0	0	0	0	0	0	0	0	0	0	0	0	0	0	0	0	0	0	0	0	0	0	0	0	0	0	0	0	0	0	0	0	0	0	0	0	0	0.16	0.04	0.02	0
JAKQTR01	0	0	0	0	0	0	0	0	0	0	0	0	0	0	0	0	0	0	0	0	0	0	0	0	0	0	0	0	0	0	0	0	0	0	0	0	0	0	0	0	0	0	0	0	0	0	0	0	0	0	0	0	0	0	0	0	0	0	0	0	0	0	0	0	0	0	0	0	0	0	0	0	0	0	0	0	0	0.07	0	0	0
UBA4085	0	0	0	0	0	0	0	0	0	0	0	0	0	0	0	0	0	0	0	0	0	0	0	0	0	0	0	0	0	0	0	0	0	0	0	0	0	0	0	0	0	0	0	0	0	0	0	0	0	0	0	0	0	0	0	0	0	0	0	0	0	0	0	0	0	0	0	0	0	0	0	0	0	0	0	0	0	0.05	0	0	0
UBA2199	0	0	0	0	0	0	0	0	0	0	0	0	0	0	0	0	0	0	0	0	0	0	0	0	0	0	0	0	0	0	0	0	0	0	0	0	0	0	0	0	0	0	0	0	0	0	0	0	0	0	0	0	0	0	0	0	0	0	0	0	0	0	0	0	0	0	0	0	0	0	0	0	0	0	0	0	0	0.11	0	0	0
BJGX01	0	0	0	0	0	0	0	0	0	0	0	0	0	0	0	0	0	0	0	0	0	0	0	0	0	0	0	0	0	0	0	0	0	0	0	0	0	0	0	0	0	0	0	0	0	0	0	0	0	0	0	0	0	0	0	0	0	0	0	0	0	0	0	0	0	0	0	0	0	0	0	0	0	0	0	0	0	0.08	0	0	0
CAJBRS01	0	0	0	0	0	0	0	0	0	0	0	0	0	0	0	0	0	0	0	0	0	0	0	0	0	0	0	0	0	0	0	0	0	0	0	0	0	0	0	0	0	0	0	0	0	0	0	0	0	0	0	0	0	0	0	0	0	0	0	0	0	0	0	0	0	0	0	0	0	0	0	0	0	0	0	0	0	0.02	0.1	0	0
UBA2206	0	0	0	0	0	0	0	0	0	0	0	0	0	0	0	0	0	0	0	0	0	0	0	0	0	0	0	0	0	0	0	0	0	0	0	0	0	0	0	0	0	0	0	0	0	0	0	0	0	0	0	0	0	0	0	0	0	0	0	0	0	0	0	0	0	0	0	0	0	0	0	0	0	0	0	0	0	0.09	0	0	0
UBA11712	0	0	0	0	0	0	0	0	0	0	0	0	0	0	0	0	0	0	0	0	0	0	0	0	0	0	0	0	0	0	0	0	0	0	0	0	0	0	0	0	0	0	0	0	0	0	0	0	0	0	0	0	0	0	0	0	0	0	0	0	0	0	0	0	0	0	0	0	0	0	0	0	0	0	0	0	0	0.34	0	0	0
RBG-16-39-9b	0	0	0	0	0	0	0	0	0	0	0	0	0	0	0	0	0	0	0	0	0	0	0	0	0	0	0	0	0	0	0	0	0	0	0	0	0	0	0	0	0	0	0	0	0	0	0	0	0	0	0	0	0	0	0	0	0	0	0	0	0	0	0	0	0	0	0	0	0	0	0	0	0	0	0	0	0	0.36	0	0.04	0
GWA2-41-24	0	0	0	0	0	0	0	0	0	0	0	0	0	0	0	0	0	0	0	0	0	0	0	0	0	0	0	0	0	0	0	0	0	0	0	0	0	0	0	0	0	0	0	0	0	0	0	0	0	0	0	0	0	0	0	0	0	0	0	0	0	0	0	0	0	0	0	0	0	0	0	0	0	0	0	0	0	0.03	0	0.02	0
2-12-FULL-50-11	0	0	0	0	0	0	0	0	0	0	0	0	0	0	0	0	0	0	0	0	0	0	0	0	0	0	0	0	0	0	0	0	0	0	0	0	0	0	0	0	0	0	0	0	0	0	0	0	0	0	0	0	0	0	0	0	0	0	0	0	0	0	0	0	0	0	0	0	0	0	0	0	0	0	0	0	0	0.03	0	0	0
Sulfuriferulaceae	0	0	0	0	0	0	0	0	0	0	0	0	0	0	0	0	0	0	0	0	0	0	0	0	0	0	0	0	0	0	0	0	0	0	0	0	0	0	0	0	0	0	0	0	0	0	0	0	0	0	0	0	0	0	0	0	0	0	0	0	0	0	0	0	0	0	0	0	0	0	0	0	0	0	0	0	0	0.08	0	0	0
Midichloriaceae	0	0	0	0	0	0	0	0	0	0	0	0	0	0	0	0	0	0	0	0	0	0	0	0	0	0	0	0	0	0	0	0	0	0	0	0	0	0	0	0	0	0	0	0	0	0	0	0	0	0	0	0	0	0	0	0	0	0	0	0	0	0	0	0	0	0	0	0	0	0	0	0	0	0	0	0	0	0.02	0	0	0
UBA6184	0	0	0	0	0	0	0	0	0	0	0	0	0	0	0	0	0	0	0	0	0	0	0	0	0	0	0	0	0	0	0	0	0	0	0	0	0	0	0	0	0	0	0	0	0	0	0	0	0	0	0	0	0	0	0	0	0	0	0	0	0	0	0	0	0	0	0	0	0	0	0	0	0	0	0	0	0	0.02	0	0	0
SM23-35	0	0	0	0	0	0	0	0	0	0	0	0	0	0	0	0	0	0	0	0	0	0	0	0	0	0	0	0	0	0	0	0	0	0	0	0	0	0	0	0	0	0	0	0	0	0	0	0	0	0	0	0	0	0	0	0	0	0	0	0	0	0	0	0	0	0	0	0	0	0	0	0	0	0	0	0	0	0.02	0	0	0
UBA4142	0	0	0	0	0	0	0	0	0	0	0	0	0	0	0	0	0	0	0	0	0	0	0	0	0	0	0	0	0	0	0	0	0	0	0	0	0	0	0	0	0	0	0	0	0	0	0	0	0	0	0	0	0	0	0	0	0	0	0	0	0	0	0	0	0	0	0	0	0	0	0	0	0	0	0	0	0	0.05	0	0	0
Fen-1058	0	0	0	0	0	0	0	0	0	0	0	0	0	0	0	0	0	0	0	0	0	0	0	0	0	0	0	0	0	0	0	0	0	0	0	0	0	0	0	0	0	0	0	0	0	0	0	0	0	0	0	0	0	0	0	0	0	0	0	0	0	0	0	0	0	0	0	0	0	0	0	0	0	0	0	0	0	0.15	0	0	0
Anoxymicrobiaceae	0	0	0	0	0	0	0	0	0	0	0	0	0	0	0	0	0	0	0	0	0	0	0	0	0	0	0	0	0	0	0	0	0	0	0	0	0	0	0	0	0	0	0	0	0	0	0	0	0	0	0	0	0	0	0	0	0	0	0	0	0	0	0	0	0	0	0	0	0	0	0	0	0	0	0	0	0	0.05	0	0	0
Humimicrobiaceae	0	0	0	0	0	0	0	0	0	0	0	0	0	0	0	0	0	0	0	0	0	0	0	0	0	0	0	0	0	0	0	0	0	0	0	0	0	0	0	0	0	0	0	0	0	0	0	0	0	0	0	0	0	0	0	0	0	0	0	0	0	0	0	0	0	0	0	0	0	0	0	0	0	0	0	0	0	0.08	0	0	0
UBA2174_A	0	0	0	0	0	0	0	0	0	0	0	0	0	0	0	0	0	0	0	0	0	0	0	0	0	0	0	0	0	0	0	0	0	0	0	0	0	0	0	0	0	0	0	0	0	0	0	0	0	0	0	0	0	0	0	0	0	0	0	0	0	0	0	0	0	0	0	0	0	0	0	0	0	0	0	0	0	0.09	0	0	0
Desulfatirhabdiaceae	0	0	0	0	0	0	0	0	0	0	0	0	0	0	0	0	0	0	0	0	0	0	0	0	0	0	0	0	0	0	0	0	0	0	0	0	0	0	0	0	0	0	0	0	0	0	0	0	0	0	0	0	0	0	0	0	0	0	0	0	0	0	0	0	0	0	0	0	0	0	0	0	0	0	0	0	0	0.02	0	0	0
0-14-0-80-60-11	0	0	0	0	0	0	0	0	0	0	0	0	0	0	0	0	0	0	0	0	0	0	0	0	0	0	0	0	0	0	0	0	0	0	0	0	0	0	0	0	0	0	0	0	0	0	0	0	0	0	0	0	0	0	0	0	0	0	0	0	0	0	0	0	0	0	0	0	0	0	0	0	0	0	0	0	0	0.12	0	0	0
UBA2192	0	0	0	0	0	0	0	0	0	0	0	0	0	0	0	0	0	0	0	0	0	0	0	0	0	0	0	0	0	0	0	0	0	0	0	0	0	0	0	0	0	0	0	0	0	0	0	0	0	0	0	0	0	0	0	0	0	0	0	0	0	0	0	0	0	0	0	0	0	0	0	0	0	0	0	0	0	0.03	0	0	0
RBG-13-43-22	0	0	0	0	0	0	0	0	0	0	0	0	0	0	0	0	0	0	0	0	0	0	0	0	0	0	0	0	0	0	0	0	0	0	0	0	0	0	0	0	0	0	0	0	0	0	0	0	0	0	0	0	0	0	0	0	0	0	0	0	0	0	0	0	0	0	0	0	0	0	0	0	0	0	0	0	0	0.28	0	0	0
JACRLI01	0	0	0	0	0	0	0	0	0	0	0	0	0	0	0	0	0	0	0	0	0	0	0	0	0	0	0	0	0	0	0	0	0	0	0	0	0	0	0	0	0	0	0	0	0	0	0	0	0	0	0	0	0	0	0	0	0	0	0	0	0	0	0	0	0	0	0	0	0	0	0	0	0	0	0	0	0	0.08	0	0	0
Syntrophorhabdaceae	0	0	0	0	0	0	0	0	0	0	0	0	0	0	0	0	0	0	0	0	0	0	0	0	0	0	0	0	0	0	0	0	0	0	0	0	0	0	0	0	0	0	0	0	0	0	0	0	0	0	0	0	0	0	0	0	0	0	0	0	0	0	0	0	0	0	0	0	0	0	0	0	0	0	0	0	0	0.05	0	0	0
34-128	0	0	0	0	0	0	0	0	0	0	0	0	0	0	0	0	0	0	0	0	0	0	0	0	0	0	0	0	0	0	0	0	0	0	0	0	0	0	0	0	0	0	0	0	0	0	0	0	0	0	0	0	0	0	0	0	0	0	0	0	0	0	0	0	0	0	0	0	0	0	0	0	0	0	0	0	0	0.06	0	0	0
Deferrimicrobiaceae	0	0	0	0	0	0	0	0	0	0	0	0	0	0	0	0	0	0	0	0	0	0	0	0	0	0	0	0	0	0	0	0	0	0	0	0	0	0	0	0	0	0	0	0	0	0	0	0	0	0	0	0	0	0	0	0	0	0	0	0	0	0	0	0	0	0	0	0	0	0	0	0	0	0	0	0	0	0.02	0	0	0
Diplorickettsiaceae	0	0	0	0	0	0	0	0	0	0	0	0	0	0	0	0	0	0	0	0	0	0	0	0	0	0	0	0	0	0	0	0	0	0	0	0	0	0	0	0	0	0	0	0	0	0	0	0	0	0	0	0	0	0	0	0	0	0	0	0	0	0	0	0	0	0	0	0	0	0	0	0	0	0	0	0	0	0	0.03	0	0
JAIQGF01	0	0	0	0	0	0	0	0	0	0	0	0	0	0	0	0	0	0	0	0	0	0	0	0	0	0	0	0	0	0	0	0	0	0	0	0	0	0	0	0	0	0	0	0	0	0	0	0	0	0	0	0	0	0	0	0	0	0	0	0	0	0	0	0	0	0	0	0	0	0	0	0	0	0	0	0	0	0	0.01	0	0
JAKAPS01	0	0	0	0	0	0	0	0	0	0	0	0	0	0	0	0	0	0	0	0	0	0	0	0	0	0	0	0	0	0	0	0	0	0	0	0	0	0	0	0	0	0	0	0	0	0	0	0	0	0	0	0	0	0	0	0	0	0	0	0	0	0	0	0	0	0	0	0	0	0	0	0	0	0	0	0	0	0	0.02	0	0
JACQFS01	0	0	0	0	0	0	0	0	0	0	0	0	0	0	0	0	0	0	0	0	0	0	0	0	0	0	0	0	0	0	0	0	0	0	0	0	0	0	0	0	0	0	0	0	0	0	0	0	0	0	0	0	0	0	0	0	0	0	0	0	0	0	0	0	0	0	0	0	0	0	0	0	0	0	0	0	0	0	0	0.01	0
SXTU01	0	0	0	0	0	0	0	0	0	0	0	0	0	0	0	0	0	0	0	0	0	0	0	0	0	0	0	0	0	0	0	0	0	0	0	0	0	0	0	0	0	0	0	0	0	0	0	0	0	0	0	0	0	0	0	0	0	0	0	0	0	0	0	0	0	0	0	0	0	0	0	0	0	0	0	0	0	0	0	0.02	0
F1-80-MAGS106	0	0	0	0	0	0	0	0	0	0	0	0	0	0	0	0	0	0	0	0	0	0	0	0	0	0	0	0	0	0	0	0	0	0	0	0	0	0	0	0	0	0	0	0	0	0	0	0	0	0	0	0	0	0	0	0	0	0	0	0	0	0	0	0	0	0	0	0	0	0	0	0	0	0	0	0	0	0	0	0.02	0
JAIOPI01	0	0	0	0	0	0	0	0	0	0	0	0	0	0	0	0	0	0	0	0	0	0	0	0	0	0	0	0	0	0	0	0	0	0	0	0	0	0	0	0	0	0	0	0	0	0	0	0	0	0	0	0	0	0	0	0	0	0	0	0	0	0	0	0	0	0	0	0	0	0	0	0	0	0	0	0	0	0	0	0.02	0
JAURND01	0	0	0	0	0	0	0	0	0	0	0	0	0	0	0	0	0	0	0	0	0	0	0	0	0	0	0	0	0	0	0	0	0	0	0	0	0	0	0	0	0	0	0	0	0	0	0	0	0	0	0	0	0	0	0	0	0	0	0	0	0	0	0	0	0	0	0	0	0	0	0	0	0	0	0	0	0	0	0	0.02	0
CAIRYL01	0	0	0	0	0	0	0	0	0	0	0	0	0	0	0	0	0	0	0	0	0	0	0	0	0	0	0	0	0	0	0	0	0	0	0	0	0	0	0	0	0	0	0	0	0	0	0	0	0	0	0	0	0	0	0	0	0	0	0	0	0	0	0	0	0	0	0	0	0	0	0	0	0	0	0	0	0	0	0	0.02	0
UBA12108	0	0	0	0	0	0	0	0	0	0	0	0	0	0	0	0	0	0	0	0	0	0	0	0	0	0	0	0	0	0	0	0	0	0	0	0	0	0	0	0	0	0	0	0	0	0	0	0	0	0	0	0	0	0	0	0	0	0	0	0	0	0	0	0	0	0	0	0	0	0	0	0	0	0	0	0	0	0	0	0.04	0
2-02-FULL-39-11	0	0	0	0	0	0	0	0	0	0	0	0	0	0	0	0	0	0	0	0	0	0	0	0	0	0	0	0	0	0	0	0	0	0	0	0	0	0	0	0	0	0	0	0	0	0	0	0	0	0	0	0	0	0	0	0	0	0	0	0	0	0	0	0	0	0	0	0	0	0	0	0	0	0	0	0	0	0	0	0.02	0
UBA2798	0	0	0	0	0	0	0	0	0	0	0	0	0	0	0	0	0	0	0	0	0	0	0	0	0	0	0	0	0	0	0	0	0	0	0	0	0	0	0	0	0	0	0	0	0	0	0	0	0	0	0	0	0	0	0	0	0	0	0	0	0	0	0	0	0	0	0	0	0	0	0	0	0	0	0	0	0	0	0	0.02	0
JABDAW01	0	0	0	0	0	0	0	0	0	0	0	0	0	0	0	0	0	0	0	0	0	0	0	0	0	0	0	0	0	0	0	0	0	0	0	0	0	0	0	0	0	0	0	0	0	0	0	0	0	0	0	0	0	0	0	0	0	0	0	0	0	0	0	0	0	0	0	0	0	0	0	0	0	0	0	0	0	0	0	0.02	0
CAIKAF01	0	0	0	0	0	0	0	0	0	0	0	0	0	0	0	0	0	0	0	0	0	0	0	0	0	0	0	0	0	0	0	0	0	0	0	0	0	0	0	0	0	0	0	0	0	0	0	0	0	0	0	0	0	0	0	0	0	0	0	0	0	0	0	0	0	0	0	0	0	0	0	0	0	0	0	0	0	0	0	0.01	0
WSZJ01	0	0	0	0	0	0	0	0	0	0	0	0	0	0	0	0	0	0	0	0	0	0	0	0	0	0	0	0	0	0	0	0	0	0	0	0	0	0	0	0	0	0	0	0	0	0	0	0	0	0	0	0	0	0	0	0	0	0	0	0	0	0	0	0	0	0	0	0	0	0	0	0	0	0	0	0	0	0	0	0.06	0
UBA1565	0	0	0	0	0	0	0	0	0	0	0	0	0	0	0	0	0	0	0	0	0	0	0	0	0	0	0	0	0	0	0	0	0	0	0	0	0	0	0	0	0	0	0	0	0	0	0	0	0	0	0	0	0	0	0	0	0	0	0	0	0	0	0	0	0	0	0	0	0	0	0	0	0	0	0	0	0	0	0	0.05	0
CAIPTA01	0	0	0	0	0	0	0	0	0	0	0	0	0	0	0	0	0	0	0	0	0	0	0	0	0	0	0	0	0	0	0	0	0	0	0	0	0	0	0	0	0	0	0	0	0	0	0	0	0	0	0	0	0	0	0	0	0	0	0	0	0	0	0	0	0	0	0	0	0	0	0	0	0	0	0	0	0	0	0	0.03	0
JAJVIF01	0	0	0	0	0	0	0	0	0	0	0	0	0	0	0	0	0	0	0	0	0	0	0	0	0	0	0	0	0	0	0	0	0	0	0	0	0	0	0	0	0	0	0	0	0	0	0	0	0	0	0	0	0	0	0	0	0	0	0	0	0	0	0	0	0	0	0	0	0	0	0	0	0	0	0	0	0	0	0	0.02	0
CAJCIY01	0	0	0	0	0	0	0	0	0	0	0	0	0	0	0	0	0	0	0	0	0	0	0	0	0	0	0	0	0	0	0	0	0	0	0	0	0	0	0	0	0	0	0	0	0	0	0	0	0	0	0	0	0	0	0	0	0	0	0	0	0	0	0	0	0	0	0	0	0	0	0	0	0	0	0.12	0	0	0	0	0	0
CG2-30-43-20	0	0	0	0	0	0	0	0	0	0	0	0	0	0	0	0	0	0	0	0	0	0	0	0	0	0	0	0	0	0	0	0	0	0	0	0	0	0	0	0	0	0	0	0	0	0	0	0	0	0	0	0	0	0	0	0	0	0	0	0	0	0	0	0	0	0	0	0	0	0	0	0	0	0	0.02	0	0	0	0	0	0
JAEYZS01	0	0	0	0	0	0	0	0	0	0	0	0	0	0	0	0	0	0	0	0	0	0	0	0	0	0	0	0	0	0	0	0	0	0	0	0	0	0	0	0	0	0	0	0	0	0	0	0	0	0	0	0	0	0	0	0	0	0	0	0	0	0	0	0	0	0	0	0	0	0	0	0	0	0	0	0	0	0	0	0	0.03
