>ERR4182668_contigs.fasta~NODE_13422_length_5725_cov_13.481834
1	275	-	3	1.316935	I:	D:
279	4844	-	3	1.295727	I:1488,	D:1170,
5142	5725	+	3	1.315107	I:	D:
>ERR4182668_contigs.fasta~NODE_141397_length_1052_cov_1.544634
1	1052	-	2	1.351940	I:	D:143,
>ERR4182668_contigs.fasta~NODE_22706_length_3968_cov_17.141068
1	767	+	3	1.310561	I:	D:
872	1597	+	2	1.294565	I:	D:
1627	1777	-	1	1.326147	I:1706,	D:
1924	2157	+	1	1.327807	I:	D:
2245	3120	-	1	1.284513	I:	D:
3472	3968	-	1	1.333054	I:	D:
>ERR4182668_contigs.fasta~NODE_2894_length_14681_cov_3.609326
1	433	-	2	1.358389	I:	D:
778	1157	+	1	1.339105	I:892,	D:851,966,
1189	1866	+	1	1.317945	I:	D:
1967	3097	+	2	1.298247	I:	D:
3253	5655	+	1	1.282712	I:	D:
5775	6215	+	3	1.320567	I:	D:
6270	6515	-	3	1.253937	I:	D:
6523	6621	+	1	1.207171	I:	D:
6686	7579	-	2	1.275662	I:	D:
7591	10282	-	1	1.289036	I:8344,8415,	D:9337,
10441	11091	+	1	1.319285	I:	D:
11427	14681	+	3	1.308831	I:	D:
>ERR4182668_contigs.fasta~NODE_3426_length_13437_cov_13.945823
1	2673	+	2	1.279880	I:	D:1189,
2678	3493	-	2	1.336597	I:	D:
3525	6893	+	3	1.286041	I:	D:
6924	8793	+	3	1.277510	I:8107,8137,	D:7218,
8811	9633	+	3	1.327714	I:9628,	D:
9671	10519	-	2	1.294894	I:	D:
10619	11131	-	2	1.322353	I:	D:
11228	12125	-	2	1.339014	I:11639,	D:
12216	12845	-	3	1.281160	I:	D:
12957	13203	-	3	1.351413	I:13114,	D:
>ERR4182668_contigs.fasta~NODE_35628_length_2865_cov_1.976157
1	164	+	3	1.265931	I:	D:
195	497	+	3	1.254289	I:	D:
553	1407	+	1	1.292678	I:	D:
1562	1995	+	2	1.285403	I:	D:1708,
2036	2764	+	2	1.273251	I:	D:
2788	2865	+	1	1.329453	I:	D:
>ERR4182668_contigs.fasta~NODE_3932_length_12423_cov_5.864893
53	2206	-	2	1.324366	I:	D:
2433	2954	+	3	1.317093	I:	D:
2977	3918	+	1	1.335255	I:	D:
3964	4542	+	1	1.335168	I:	D:
5079	6009	+	3	1.318225	I:5866,	D:
6147	6954	-	3	1.312754	I:6225,	D:
7100	10591	-	2	1.320504	I:10102,	D:8644,
10874	12423	-	2	1.333478	I:	D:
>ERR4182668_contigs.fasta~NODE_40052_length_2628_cov_4.285270
1	1427	+	1	1.276099	I:	D:479,
1433	2628	+	2	1.285751	I:2238,	D:
>ERR4182668_contigs.fasta~NODE_4118_length_12110_cov_4.663625
1	1975	-	2	1.284266	I:	D:
2603	3421	+	2	1.316327	I:	D:
3526	4213	-	1	1.344215	I:4078,4162,	D:3766,
4253	4815	-	2	1.281745	I:	D:4580,
4870	6016	-	1	1.316980	I:5224,	D:
6065	9816	-	2	1.328306	I:9067,	D:7609,9674,
10561	12110	-	1	1.332777	I:	D:
>ERR4182668_contigs.fasta~NODE_5063_length_10788_cov_4.010528
1	253	+	2	1.322595	I:	D:
397	1281	+	1	1.340019	I:	D:
1337	1933	-	2	1.281111	I:	D:
1985	2702	-	2	1.289110	I:2051,	D:
2890	3609	-	1	1.312338	I:	D:
3781	4371	-	1	1.270610	I:	D:
4442	4573	+	2	1.382397	I:	D:
4619	5032	+	2	1.340562	I:	D:
5147	5853	+	2	1.356969	I:5525,5604,	D:
5910	6483	-	3	1.345293	I:6443,	D:
6519	7208	-	3	1.330243	I:	D:
7288	9546	-	1	1.328083	I:	D:
9737	10157	-	2	1.318531	I:10079,	D:
10568	10788	+	2	1.375048	I:	D:
>ERR4182668_contigs.fasta~NODE_57481_length_2017_cov_1.974006
1	240	-	1	1.341668	I:	D:
256	1074	-	1	1.321699	I:	D:
1080	1964	-	3	1.298476	I:	D:
>ERR4182668_contigs.fasta~NODE_9836_length_7075_cov_6.375214
1	546	+	1	1.302137	I:	D:
738	1681	+	3	1.319965	I:	D:1525,
1926	2651	-	3	1.326335	I:	D:
2908	6399	-	1	1.324333	I:5911,	D:4452,
6871	7075	-	1	1.391878	I:	D:
>CS1_contigs.fasta~NODE_24529_length_1403_cov_2.422107
1	794	+	3	1.281451	I:	D:
1221	1403	-	3	1.407454	I:	D:
>CS1_contigs.fasta~NODE_31327_length_1188_cov_2.278906
1	82	+	2	1.314062	I:	D:
103	1002	+	1	1.268065	I:	D:
>CS1_contigs.fasta~NODE_3163_length_5318_cov_3.116283
321	1648	+	3	1.326428	I:1214,1266,	D:
1888	2130	-	1	1.290311	I:	D:
2766	3026	+	3	1.446830	I:	D:
3092	3652	-	2	1.321286	I:	D:
3981	5318	+	3	1.347733	I:	D:4296,
>CS1_contigs.fasta~NODE_48796_length_872_cov_1.133415
1	795	+	1	1.338872	I:	D:
>CS1_contigs.fasta~NODE_569_length_16790_cov_6.108933
1	1315	-	2	1.391671	I:208,	D:565,
1522	1770	-	1	1.386181	I:	D:
1909	2952	+	1	1.280813	I:	D:
3057	3470	+	3	1.281172	I:	D:
3630	5397	+	3	1.257227	I:4355,	D:
5456	7647	+	2	1.252182	I:	D:6072,
7753	8804	+	1	1.286956	I:7939,8198,	D:
8882	10696	+	2	1.237875	I:	D:
10893	11642	+	3	1.242112	I:	D:
11678	12922	+	2	1.218277	I:	D:
13066	14201	+	1	1.262610	I:	D:13767,
14300	15811	-	2	1.229374	I:	D:
15882	16679	-	3	1.224420	I:	D:
>CS1_contigs.fasta~NODE_7630_length_2973_cov_2.692255
1	2973	+	1	1.283039	I:440,1201,2071,2119,	D:2915,
>ERR4182669_contigs.fasta~NODE_1351_length_19027_cov_7.107105
1	1088	-	3	1.301157	I:	D:
1419	1883	-	3	1.325286	I:	D:
2125	3105	+	1	1.336289	I:	D:
3467	4792	+	2	1.336549	I:	D:
4954	6216	-	1	1.323691	I:	D:
6237	6596	-	3	1.303675	I:	D:
6629	7028	-	2	1.316634	I:6688,	D:
7109	7669	-	2	1.320221	I:	D:
7704	8123	-	3	1.286843	I:	D:
8157	8311	+	3	1.390391	I:	D:8163,
8333	8680	+	2	1.376664	I:	D:
8777	9835	-	2	1.327087	I:	D:
9993	10610	+	3	1.341135	I:	D:
10691	11614	+	2	1.347570	I:	D:
11775	12572	+	3	1.331732	I:	D:
12729	13429	+	3	1.364744	I:	D:13174,
13607	13874	-	2	1.366448	I:13844,	D:
14142	14693	+	3	1.346312	I:	D:
14767	15474	+	1	1.342441	I:	D:
15613	16059	+	1	1.336228	I:	D:
16173	16928	+	3	1.318713	I:	D:
17087	17239	+	2	1.364059	I:	D:
17358	18206	-	3	1.332358	I:	D:
18337	19027	+	1	1.308749	I:	D:
>ERR4182669_contigs.fasta~NODE_150_length_45075_cov_9.942381
146	3052	+	2	1.300421	I:	D:
3164	3497	+	2	1.369171	I:3370,	D:
3631	4179	+	1	1.350885	I:	D:
4264	5403	-	1	1.261370	I:	D:
5596	6660	-	1	1.260232	I:	D:
6758	7732	+	2	1.272870	I:	D:
7776	7898	+	3	1.319562	I:	D:
7902	8480	-	3	1.301765	I:	D:
8522	9085	+	2	1.293716	I:	D:
9164	11254	-	2	1.276481	I:9264,	D:9232,
11427	13357	+	3	1.268587	I:	D:12105,
13439	17260	+	2	1.268886	I:16690,16800,	D:15834,16777,
17296	17980	-	1	1.311935	I:17774,	D:
17982	18881	+	3	1.271785	I:	D:
18946	19719	+	1	1.290199	I:	D:
19787	21343	+	2	1.259605	I:	D:
21423	22064	+	3	1.263209	I:	D:
22099	22590	+	1	1.237455	I:	D:
22700	24361	+	2	1.255730	I:	D:
24468	25151	+	3	1.265969	I:	D:
25237	27311	-	1	1.280833	I:27063,27242,	D:
27335	27712	+	2	1.249758	I:	D:
27854	28633	+	2	1.325157	I:	D:
28664	29513	+	2	1.284907	I:29432,	D:
29559	30203	+	3	1.243477	I:	D:
30216	30797	-	3	1.295268	I:	D:
30918	33956	-	3	1.290305	I:	D:
33982	35965	+	1	1.328012	I:	D:34142,35201,
36018	36515	+	3	1.315103	I:	D:
36602	36783	+	2	1.363650	I:	D:36744,
36895	37323	+	1	1.360606	I:	D:
37544	37739	-	2	1.310623	I:37583,	D:
37744	38385	+	1	1.312295	I:	D:
38405	38722	+	2	1.296843	I:	D:
38872	38949	+	1	1.201676	I:	D:
39282	39707	+	3	1.268214	I:	D:
39817	40357	+	1	1.309033	I:39859,	D:
40457	41178	+	2	1.292432	I:40511,40559,41058,	D:41056,
41282	42070	+	2	1.256663	I:	D:
42095	44776	-	2	1.293239	I:43183,	D:43135,
44835	45075	-	3	1.364150	I:44890,	D:
>ERR4182669_contigs.fasta~NODE_207809_length_819_cov_1.678010
1	770	-	3	1.320082	I:	D:
>ERR4182669_contigs.fasta~NODE_208100_length_818_cov_2.179554
1	818	+	3	1.324000	I:	D:653,782,
>ERR4182669_contigs.fasta~NODE_2896_length_12482_cov_4.985596
1	4423	+	3	1.188461	I:553,2304,2349,2957,	D:617,2524,
4480	4860	+	1	1.208497	I:	D:
4879	5238	+	1	1.200597	I:	D:
5322	7076	+	3	1.231636	I:6578,	D:6813,
7229	7579	+	2	1.267754	I:	D:
7598	8137	+	2	1.265449	I:	D:
8493	12370	+	3	1.238811	I:	D:10979,
12405	12482	+	3	1.251614	I:	D:
>ERR4182669_contigs.fasta~NODE_29528_length_2770_cov_2.088766
1	1876	+	2	1.251924	I:	D:
1971	2770	+	3	1.187998	I:2034,	D:
>ERR4182669_contigs.fasta~NODE_48120_length_2030_cov_4.770633
414	1371	+	3	1.292164	I:462,	D:
1494	1665	+	3	1.353192	I:1537,	D:
1822	2030	-	1	1.240770	I:	D:
>ERR4182669_contigs.fasta~NODE_53282_length_1908_cov_2.925526
1	971	-	1	1.310059	I:	D:106,
1057	1908	-	1	1.269499	I:1201,	D:
>ERR4182669_contigs.fasta~NODE_533_length_28357_cov_21.384496
1	293	+	1	1.370567	I:	D:17,
486	2903	-	3	1.326568	I:	D:
2907	3937	+	3	1.328385	I:3019,3279,	D:
4121	4910	-	2	1.348092	I:4165,	D:
5173	5559	+	1	1.332225	I:	D:
5577	5703	+	3	1.391120	I:5641,	D:
5754	6212	+	3	1.274685	I:	D:
6311	7148	+	2	1.284352	I:6900,	D:
7306	7491	+	1	1.299301	I:	D:
7860	7973	+	3	1.301736	I:	D:
8086	8193	-	1	1.295136	I:	D:
8366	9682	+	2	1.320174	I:	D:
9688	10170	-	1	1.294784	I:	D:
10606	11187	+	1	1.289482	I:	D:
11298	11399	+	3	1.334629	I:	D:
11573	12756	-	2	1.332721	I:	D:11713,
12785	12871	+	2	1.205803	I:	D:
13262	13429	+	2	1.265560	I:	D:
13519	14643	+	1	1.313008	I:	D:
14667	14777	-	3	1.322349	I:	D:
14779	15498	+	1	1.323352	I:	D:
15746	16405	+	2	1.273479	I:	D:
16635	17902	+	3	1.311538	I:	D:17314,
18006	19750	+	3	1.340573	I:18472,	D:18500,18544,
19788	20309	+	3	1.284760	I:	D:
20321	26415	-	2	1.321483	I:22500,25148,	D:22378,25211,25269,
26654	27310	+	2	1.274585	I:	D:
27362	27986	-	2	1.345077	I:27440,	D:
28225	28357	+	1	1.308004	I:	D:
>ERR4182669_contigs.fasta~NODE_5434_length_8282_cov_5.791054
1	758	+	3	1.244809	I:	D:
801	4008	+	3	1.296497	I:	D:1845,3045,
4220	7108	+	2	1.269319	I:	D:
7162	8282	+	1	1.252276	I:	D:
>ERR4182669_contigs.fasta~NODE_8100_length_6371_cov_3.514566
1	576	-	2	1.294828	I:	D:509,
716	5540	-	2	1.300745	I:3778,	D:1691,2847,3961,
5591	5770	+	2	1.357483	I:	D:
5946	6371	-	3	1.295433	I:6332,	D:
>ERR4182670_contigs.fasta~NODE_123537_length_1447_cov_1.395115
78	953	-	3	1.341043	I:	D:
986	1093	+	2	1.236909	I:	D:
1156	1447	+	1	1.321584	I:	D:
>ERR4182670_contigs.fasta~NODE_12539_length_6378_cov_3.514155
1	330	-	1	1.234581	I:	D:
377	4655	-	2	1.287766	I:1139,2007,2063,2932,3696,	D:1223,
4759	5923	+	1	1.279359	I:5464,	D:
6046	6330	+	1	1.230215	I:	D:
>ERR4182670_contigs.fasta~NODE_143452_length_1302_cov_6.158781
211	1020	+	1	1.307193	I:	D:
1236	1302	-	3	1.233123	I:	D:
>ERR4182670_contigs.fasta~NODE_150541_length_1259_cov_2.147841
121	1026	+	1	1.284359	I:	D:
>ERR4182670_contigs.fasta~NODE_159174_length_1209_cov_4.886482
108	1013	+	3	1.294062	I:	D:
1143	1209	-	3	1.225830	I:	D:
>ERR4182670_contigs.fasta~NODE_174007_length_1136_cov_2.814061
1	545	+	3	1.378866	I:	D:
564	938	+	3	1.349265	I:	D:
1016	1136	+	2	1.317208	I:	D:
>ERR4182670_contigs.fasta~NODE_176893_length_1123_cov_4.640449
1	85	-	2	1.292724	I:	D:
172	1035	+	1	1.349411	I:	D:
>ERR4182670_contigs.fasta~NODE_211821_length_989_cov_2.217345
1	989	-	3	1.277001	I:	D:143,
>ERR4182670_contigs.fasta~NODE_28541_length_3838_cov_3.645519
1	79	+	2	1.239575	I:	D:
88	972	+	1	1.302184	I:	D:
1046	1795	+	2	1.280476	I:	D:
1806	3838	+	3	1.309252	I:2795,	D:2672,
>ERR4182670_contigs.fasta~NODE_35239_length_3354_cov_3.743559
354	1103	-	3	1.290890	I:	D:
1212	2123	-	3	1.312033	I:	D:
2173	2823	-	1	1.325274	I:	D:
2833	2958	+	1	1.294490	I:	D:
3064	3354	+	1	1.409039	I:3143,3259,	D:
>ERR4182670_contigs.fasta~NODE_45634_length_2841_cov_10.206748
1	1359	+	1	1.269976	I:	D:
1608	2841	+	3	1.314046	I:	D:2524,
>ERR4182670_contigs.fasta~NODE_45635_length_2841_cov_9.360373
1	1359	+	1	1.274134	I:	D:
1608	2841	+	3	1.314920	I:	D:2524,
>ERR4182670_contigs.fasta~NODE_49115_length_2708_cov_12.000754
169	2676	-	1	1.363170	I:1409,	D:1519,
>ERR4182670_contigs.fasta~NODE_52430_length_2591_cov_4.142744
1	333	+	1	1.339075	I:	D:
379	950	+	1	1.348305	I:	D:903,
1152	1379	-	3	1.325976	I:	D:
1493	2423	+	2	1.318159	I:2288,	D:
>ERR4182670_contigs.fasta~NODE_74815_length_2042_cov_4.224962
1	439	-	2	1.286899	I:	D:
451	2042	-	1	1.298243	I:1204,1300,	D:
>ERR4182673_contigs.fasta~NODE_1370_length_5373_cov_6.481948
572	1495	+	2	1.290501	I:	D:
1540	1932	-	1	1.244327	I:	D:
2091	2448	+	3	1.314516	I:2442,	D:
2476	3303	+	1	1.234801	I:	D:
3382	3666	+	1	1.180847	I:	D:
3766	4236	+	1	1.196837	I:	D:
4257	4787	+	3	1.207204	I:	D:
4852	5373	+	1	1.200741	I:	D:
>ERR4182673_contigs.fasta~NODE_221_length_10807_cov_6.104353
150	420	-	3	1.390049	I:346,	D:
473	1103	+	2	1.294431	I:684,	D:
1299	1493	+	3	1.354090	I:	D:
1526	1636	+	2	1.329240	I:	D:
1779	2666	+	3	1.334094	I:	D:
2742	4158	+	3	1.335046	I:4104,	D:
4219	4305	+	1	1.263253	I:	D:
4339	5775	+	1	1.335817	I:	D:
5802	7513	-	3	1.321271	I:	D:6585,
7628	7828	-	2	1.315911	I:	D:
8180	10292	-	2	1.355353	I:8450,8615,	D:8409,
10351	10807	-	1	1.320748	I:	D:
>ERR4182673_contigs.fasta~NODE_71266_length_1016_cov_1.580645
1	261	-	1	1.290180	I:	D:
286	1016	-	1	1.294312	I:	D:
>ERR4183043_contigs.fasta~NODE_11060_length_3894_cov_4.919771
1	78	+	1	1.353460	I:	D:
93	1162	+	3	1.338854	I:	D:993,
1185	2095	+	3	1.426386	I:1271,1394,1709,1733,1977,	D:
2253	3113	-	3	1.350054	I:	D:
3235	3462	+	1	1.384509	I:	D:
3692	3894	-	2	1.362044	I:	D:
>ERR4183043_contigs.fasta~NODE_19445_length_2915_cov_11.191608
1	1098	+	1	1.297836	I:	D:
1123	2460	-	1	1.326191	I:	D:
2568	2915	+	3	1.296750	I:	D:
>ERR4183043_contigs.fasta~NODE_21255_length_2783_cov_1.952346
1	632	+	3	1.307202	I:	D:
777	1823	+	3	1.336614	I:1026,	D:947,
1918	2783	+	1	1.318137	I:	D:
>ERR4183043_contigs.fasta~NODE_234718_length_768_cov_1.833100
1	756	+	1	1.297458	I:	D:
>ERR4183043_contigs.fasta~NODE_26657_length_2473_cov_1.827130
1	904	-	2	1.265887	I:	D:
1047	1791	+	3	1.281657	I:1785,	D:
1850	2473	-	2	1.266599	I:	D:1942,
>ERR4183043_contigs.fasta~NODE_4043_length_6348_cov_3.275544
1	1077	+	1	1.296232	I:	D:
1179	2552	+	3	1.308136	I:	D:
2599	3468	+	1	1.310370	I:	D:
3512	4642	+	2	1.316888	I:	D:
4686	6037	+	3	1.350136	I:5173,5268,	D:
6183	6348	+	3	1.365537	I:	D:
>ERR4183043_contigs.fasta~NODE_7995_length_4572_cov_3.238875
1	1414	+	3	1.257407	I:1072,1096,	D:
1435	2984	+	1	1.265779	I:	D:2288,
3010	3824	-	1	1.297879	I:	D:3209,
3920	4572	-	2	1.313128	I:4460,	D:
>ERR4183043_contigs.fasta~NODE_84868_length_1329_cov_2.489011
1	97	+	2	1.321597	I:	D:
99	194	+	3	1.294607	I:	D:
352	1239	+	1	1.333453	I:	D:
>ERR4183044_contigs.fasta~NODE_116087_length_1057_cov_2.646707
1	801	+	1	1.299313	I:	D:
807	1057	+	3	1.283529	I:	D:
>ERR4183044_contigs.fasta~NODE_25806_length_2296_cov_1.707720
1	220	-	2	1.194269	I:	D:
374	2296	+	2	1.341128	I:533,693,1609,1742,2114,	D:
>ERR4183044_contigs.fasta~NODE_46422_length_1695_cov_1.964024
1	632	+	3	1.210849	I:	D:
655	1606	-	1	1.273168	I:1565,	D:
>ERR4183116_contigs.fasta~NODE_113997_length_1350_cov_5.608494
1	1050	+	2	1.294364	I:	D:95,
1268	1350	-	2	1.256724	I:	D:
>ERR4183116_contigs.fasta~NODE_15669_length_4406_cov_3.057918
1	180	+	1	1.264230	I:	D:
542	2131	+	2	1.320047	I:	D:
2266	3066	+	1	1.311505	I:	D:
3457	4098	+	1	1.331574	I:	D:
4168	4406	+	1	1.335703	I:	D:
>ERR4183116_contigs.fasta~NODE_187476_length_971_cov_10.073144
1	897	+	3	1.290765	I:88,	D:
>ERR4183116_contigs.fasta~NODE_19605_length_3894_cov_14.990362
1	332	+	1	1.415065	I:	D:194,
352	822	+	1	1.417263	I:706,	D:405,
1043	1948	-	2	1.314436	I:	D:
1966	2188	+	1	1.378851	I:1990,	D:
2305	2421	+	1	1.365828	I:	D:
2515	2691	+	1	1.369072	I:	D:
2767	3627	+	1	1.349184	I:	D:
3785	3894	-	2	1.297099	I:	D:
>ERR4183116_contigs.fasta~NODE_2532_length_11823_cov_12.911625
1	1409	-	3	1.260863	I:	D:
1522	2739	-	1	1.263541	I:	D:
2792	5680	-	2	1.264039	I:	D:
5892	9030	-	3	1.302581	I:	D:6867,8044,
9180	11823	-	3	1.269580	I:	D:10554,
>ERR4183116_contigs.fasta~NODE_257100_length_785_cov_1.842466
1	785	+	2	1.259858	I:	D:
>ERR4183116_contigs.fasta~NODE_40075_length_2580_cov_6.965941
1	1454	-	1	1.225637	I:	D:998,
1615	2490	-	1	1.247041	I:	D:
>ERR4183116_contigs.fasta~NODE_60616_length_2010_cov_2.953964
1	70	+	2	1.312702	I:	D:
185	1090	+	2	1.305398	I:	D:
1208	1645	+	2	1.326353	I:	D:
1673	2010	+	2	1.297729	I:	D:
>ERR4183116_contigs.fasta~NODE_64556_length_1932_cov_26.440597
1	1932	-	3	1.300115	I:999,1505,	D:1548,1670,
>ERR4183116_contigs.fasta~NODE_76957_length_1733_cov_7.090584
1	1572	-	2	1.334970	I:707,777,830,	D:852,
1632	1733	-	3	1.205297	I:	D:
>ERR4183117_contigs.fasta~NODE_117369_length_1074_cov_1.558391
1	1074	-	2	1.273894	I:759,835,	D:
>ERR4183117_contigs.fasta~NODE_13240_length_3894_cov_13.838500
1	156	+	1	1.392839	I:	D:
179	1089	+	2	1.425057	I:265,388,703,727,971,	D:
1247	2107	-	2	1.350054	I:	D:
2229	2456	+	3	1.384509	I:	D:
2686	2881	-	1	1.373594	I:2850,	D:
2926	3894	+	1	1.330318	I:3801,	D:
>ERR4183117_contigs.fasta~NODE_1368_length_15152_cov_6.818904
100	638	-	1	1.385536	I:430,573,	D:
652	2546	+	1	1.303069	I:	D:1383,
2676	4247	+	3	1.320594	I:	D:
4683	6169	-	3	1.345833	I:	D:5274,
6210	6757	+	3	1.352839	I:6246,6363,	D:
6790	9873	-	1	1.320977	I:	D:
9875	11068	-	2	1.324468	I:	D:
11095	12533	-	1	1.316954	I:	D:12410,
12627	14057	+	3	1.327074	I:	D:
14108	15152	+	2	1.298778	I:	D:
>ERR4183117_contigs.fasta~NODE_148148_length_936_cov_8.903519
1	936	-	1	1.304380	I:860,	D:
>ERR4183117_contigs.fasta~NODE_15056_length_3609_cov_3.431064
1	1898	-	1	1.304014	I:834,975,	D:
2063	2917	+	2	1.288426	I:	D:
3018	3609	+	3	1.232688	I:3064,	D:
>ERR4183117_contigs.fasta~NODE_1728_length_13368_cov_6.128746
1	1062	+	1	1.226159	I:	D:
1210	2854	-	1	1.298345	I:	D:1810,2222,
2954	4734	+	2	1.223174	I:	D:3242,
4768	5262	-	1	1.239552	I:	D:
5285	6017	+	2	1.292427	I:5432,	D:
6096	6576	+	3	1.276025	I:6506,	D:
6687	7352	-	3	1.246919	I:	D:
7360	7692	+	1	1.222722	I:	D:
7743	9599	+	3	1.242423	I:	D:
9650	10612	+	2	1.262316	I:	D:
10647	10978	+	3	1.346296	I:	D:10757,
11129	12298	+	2	1.333310	I:	D:
12428	12568	-	2	1.294798	I:	D:
12602	12862	-	2	1.277531	I:	D:
13185	13368	-	3	1.358672	I:13223,13339,	D:
>ERR4183117_contigs.fasta~NODE_1806_length_13035_cov_5.818259
1	163	-	2	1.257335	I:	D:
207	1511	-	3	1.316113	I:	D:
1567	2561	+	1	1.347912	I:1873,2306,	D:
2590	3288	-	1	1.324379	I:	D:
3534	4454	+	3	1.364116	I:	D:
4524	6917	+	3	1.319398	I:	D:
6961	8151	-	1	1.340393	I:	D:
8214	8726	+	3	1.330824	I:	D:
8758	9243	-	1	1.319306	I:	D:
9437	11444	+	2	1.334600	I:	D:10751,10950,
11490	11984	-	3	1.314531	I:	D:
11995	12426	-	1	1.360163	I:	D:
12525	13013	-	3	1.330254	I:	D:
>ERR4183117_contigs.fasta~NODE_18110_length_3222_cov_8.961793
1	712	-	2	1.335079	I:	D:
793	1665	-	1	1.329272	I:	D:
1771	1920	+	1	1.321447	I:	D:
1927	2172	+	1	1.348743	I:	D:
2200	3021	-	1	1.326552	I:	D:
3059	3222	-	2	1.335173	I:	D:
>ERR4183117_contigs.fasta~NODE_23949_length_2730_cov_5.183551
1	1159	-	2	1.305220	I:	D:
1195	2730	+	1	1.250990	I:1459,	D:
>ERR4183117_contigs.fasta~NODE_44383_length_1897_cov_8.621607
1	1772	-	2	1.330604	I:	D:102,1273,
>ERR4183117_contigs.fasta~NODE_50615_length_1759_cov_3.325704
1	304	-	2	1.265911	I:	D:
384	1280	-	3	1.288995	I:	D:
1424	1759	-	2	1.298543	I:	D:
>ERR4183117_contigs.fasta~NODE_54894_length_1677_cov_4.504316
215	1402	+	2	1.315376	I:	D:
1474	1677	+	1	1.343800	I:	D:
>ERR4183124_contigs.fasta~NODE_1319_length_17012_cov_9.953058
1	879	+	1	1.265302	I:	D:
911	2825	+	2	1.293200	I:2601,	D:
2827	3939	+	1	1.281183	I:	D:
3961	4564	+	1	1.289340	I:3981,	D:
4653	5156	+	3	1.227648	I:	D:
5159	10499	+	2	1.286178	I:5471,	D:5726,7522,9014,
10528	11343	+	1	1.296351	I:	D:
11350	11967	-	1	1.316906	I:	D:
12246	15623	+	3	1.290814	I:	D:
15628	15930	+	1	1.305441	I:	D:
15945	16811	+	3	1.299395	I:	D:
16815	17012	+	3	1.311259	I:	D:
>ERR4183124_contigs.fasta~NODE_136288_length_1137_cov_1.773567
97	957	-	1	1.349277	I:	D:
1033	1137	-	1	1.381814	I:	D:
>ERR4183124_contigs.fasta~NODE_153682_length_1053_cov_25.290581
1	686	-	3	1.329682	I:	D:
894	1053	+	3	1.255251	I:	D:
>ERR4183124_contigs.fasta~NODE_184245_length_940_cov_2.795480
1	940	+	2	1.329743	I:102,884,	D:
>ERR4183124_contigs.fasta~NODE_209676_length_867_cov_3.325123
1	781	-	2	1.286359	I:	D:
788	867	-	2	1.273079	I:	D:
>ERR4183124_contigs.fasta~NODE_24344_length_3261_cov_2.730193
1	682	-	2	1.310993	I:	D:
865	1651	-	1	1.329469	I:909,	D:
1664	2722	-	2	1.349235	I:	D:
2817	3261	-	3	1.333254	I:	D:
>ERR4183124_contigs.fasta~NODE_245395_length_785_cov_1.912329
1	785	-	1	1.308784	I:	D:
>ERR4183124_contigs.fasta~NODE_37432_length_2518_cov_2.726756
1	1241	+	3	1.301109	I:	D:
1291	2314	+	1	1.330707	I:1328,	D:
>ERR4183124_contigs.fasta~NODE_37501_length_2515_cov_25.039024
1	549	+	3	1.312347	I:387,	D:
633	1814	-	3	1.304154	I:	D:
1850	2515	+	2	1.295218	I:2114,	D:
>ERR4183124_contigs.fasta~NODE_39337_length_2445_cov_22.508368
1	623	+	1	1.292701	I:	D:85,
973	1117	-	1	1.383033	I:1092,	D:
1328	2086	+	2	1.272036	I:	D:
2210	2339	+	2	1.305017	I:2299,	D:
2349	2445	+	3	1.342719	I:	D:
>ERR4183124_contigs.fasta~NODE_39587_length_2437_cov_1.999160
1	1184	-	1	1.331733	I:	D:289,
1225	1773	+	1	1.338868	I:	D:
1806	2437	-	3	1.345966	I:	D:
>ERR4183124_contigs.fasta~NODE_402_length_30525_cov_31.605546
148	1601	-	1	1.322164	I:	D:349,
1729	3748	+	1	1.343716	I:2263,3030,	D:2941,
3759	4781	-	3	1.332915	I:	D:
4802	6175	+	2	1.323382	I:	D:
6230	6991	-	2	1.334567	I:	D:
7082	10006	-	2	1.355214	I:	D:
10030	10688	+	1	1.365354	I:10063,10117,	D:
10717	11790	-	1	1.325450	I:	D:
11950	12917	+	1	1.320810	I:	D:12780,
12944	14230	+	2	1.311843	I:	D:
14251	15231	+	1	1.346580	I:14946,	D:15043,
15256	15465	-	1	1.326651	I:	D:
15672	16370	+	3	1.359716	I:	D:
16448	17035	-	2	1.315712	I:	D:
17282	17905	+	2	1.327642	I:	D:
18087	18374	+	3	1.325527	I:	D:
18445	24752	-	1	1.337906	I:20019,20073,21459,23011,	D:21339,23952,
24875	25723	-	2	1.366620	I:	D:
25729	29974	-	1	1.324594	I:	D:27526,29083,
29983	30525	-	1	1.382062	I:	D:
>ERR4183124_contigs.fasta~NODE_408_length_30371_cov_31.143588
136	1589	-	1	1.322164	I:	D:337,
1717	3736	+	1	1.343716	I:2251,3018,	D:2929,
3747	4769	-	3	1.332915	I:	D:
4790	6163	+	2	1.323382	I:	D:
6218	6979	-	2	1.334567	I:	D:
7070	9994	-	2	1.355214	I:	D:
10018	10676	+	1	1.365354	I:10051,10105,	D:
10705	11778	-	1	1.325450	I:	D:
11938	12905	+	1	1.320810	I:	D:12768,
12932	14218	+	2	1.311843	I:	D:
14239	15219	+	1	1.346580	I:14934,	D:15031,
15244	15453	-	1	1.326651	I:	D:
15660	16358	+	3	1.359716	I:	D:
16436	17023	-	2	1.315712	I:	D:
17270	17893	+	2	1.327642	I:	D:
18075	18362	+	3	1.325527	I:	D:
18433	24740	-	1	1.337906	I:20007,20061,21447,22999,	D:21327,23940,
24863	25711	-	2	1.366620	I:	D:
25717	29962	-	1	1.324594	I:	D:27514,29071,
29971	30371	-	1	1.378604	I:	D:
>ERR4183124_contigs.fasta~NODE_572_length_25421_cov_5.812860
1	1443	+	1	1.227931	I:	D:
1508	4263	+	2	1.235051	I:3799,3857,	D:
4336	6958	+	1	1.258131	I:6464,6747,	D:6312,
7166	8638	+	2	1.302353	I:7749,8358,8507,8536,	D:7636,
8687	9862	+	2	1.269784	I:	D:
10016	10978	+	2	1.242849	I:	D:
11146	11292	-	1	1.249758	I:	D:
11308	13317	+	1	1.233923	I:	D:
13391	13801	+	2	1.288145	I:	D:
13990	14856	+	1	1.180773	I:	D:
14963	15394	+	2	1.216794	I:	D:
15513	16243	+	3	1.251449	I:	D:15821,
16312	16716	+	1	1.288714	I:	D:
17006	17851	-	2	1.385513	I:17600,	D:17673,
18169	18330	+	1	1.302201	I:	D:
18398	20026	-	2	1.242528	I:	D:
20115	20388	+	3	1.246426	I:20329,	D:
20517	21299	-	3	1.289528	I:	D:
21479	21998	-	2	1.253275	I:21762,	D:
22136	23071	-	2	1.255487	I:	D:
23114	23450	-	2	1.341525	I:23379,	D:
23601	24938	-	3	1.260224	I:	D:
25186	25421	-	1	1.221605	I:	D:
>ERR4183124_contigs.fasta~NODE_6079_length_7457_cov_20.128073
95	970	-	2	1.317654	I:	D:
992	1903	-	2	1.313107	I:	D:
1928	2044	-	2	1.265410	I:	D:
2202	2606	+	3	1.274506	I:	D:
2650	3051	+	1	1.362148	I:	D:
3103	3189	-	1	1.238627	I:	D:
3191	3847	+	2	1.308431	I:	D:
4006	6344	+	1	1.315923	I:4103,6197,	D:
6460	7457	-	1	1.310015	I:	D:
>ERR4183124_contigs.fasta~NODE_76145_length_1637_cov_1.961441
1	592	+	2	1.303102	I:	D:
644	1393	+	2	1.291488	I:	D:
1562	1637	+	2	1.332386	I:	D:
>ERR4183125_contigs.fasta~NODE_108717_length_1102_cov_15.200573
1	1102	-	3	1.305448	I:	D:321,
>ERR4183125_contigs.fasta~NODE_114725_length_1062_cov_36.192651
231	962	-	3	1.288989	I:	D:
>ERR4183125_contigs.fasta~NODE_116523_length_1051_cov_7.533133
275	1051	-	2	1.290930	I:	D:
>ERR4183125_contigs.fasta~NODE_1414_length_17043_cov_25.401695
1	208	-	2	1.197542	I:	D:
337	2609	+	1	1.271916	I:1239,	D:1187,2475,
2632	4611	+	1	1.242967	I:	D:
4791	5556	+	3	1.272709	I:5444,	D:
5695	6414	+	1	1.239457	I:	D:
6617	8178	+	2	1.219696	I:	D:7458,
8275	9431	+	1	1.264244	I:	D:8995,
9472	9819	+	1	1.233439	I:	D:
9829	9903	+	1	1.333842	I:	D:
9915	10004	-	3	1.296886	I:	D:
10052	11239	-	2	1.245450	I:	D:
11465	12208	+	2	1.253457	I:	D:
12233	13476	-	2	1.277428	I:	D:12417,
13717	13878	+	1	1.324363	I:	D:
13949	15916	+	2	1.255307	I:	D:
16090	16278	-	1	1.234001	I:	D:
16677	17043	+	3	1.322030	I:	D:
>ERR4183125_contigs.fasta~NODE_18814_length_3632_cov_3.697512
1	375	-	3	1.282111	I:288,	D:
435	1193	+	3	1.280041	I:	D:
1224	1428	+	3	1.300037	I:1360,	D:
1460	2982	+	2	1.323613	I:	D:1589,
3334	3632	+	1	1.358990	I:	D:
>ERR4183125_contigs.fasta~NODE_3733_length_10094_cov_46.418468
1	760	+	2	1.292792	I:	D:
777	1784	-	3	1.290963	I:	D:
1825	3813	-	1	1.311900	I:	D:
3911	5335	+	2	1.333558	I:	D:
5421	6716	+	3	1.312217	I:	D:
6832	7464	-	1	1.299556	I:	D:
7526	8023	-	2	1.305557	I:	D:
8103	8267	+	3	1.314829	I:	D:
8322	9434	+	3	1.329629	I:	D:
9452	9937	+	2	1.314685	I:	D:
>ERR4183125_contigs.fasta~NODE_418_length_29391_cov_5.761181
1	398	+	1	1.383728	I:	D:321,
503	588	+	2	1.280852	I:	D:569,
601	2457	-	1	1.261299	I:	D:
2632	5328	-	1	1.249896	I:	D:
5343	5687	-	3	1.292320	I:	D:
5893	6432	-	1	1.310773	I:	D:
6944	7849	+	2	1.305956	I:	D:
7967	8404	+	2	1.359919	I:	D:
8474	9075	+	2	1.317388	I:	D:8821,
9171	10907	-	3	1.275119	I:	D:
10965	12667	-	3	1.264974	I:	D:11979,
12700	13726	-	1	1.300234	I:13246,	D:
13753	14070	+	1	1.321855	I:	D:
14126	14863	-	2	1.248835	I:	D:
15060	18333	-	3	1.301115	I:15130,17426,	D:17619,
18582	20504	+	3	1.300654	I:	D:
20683	21168	-	1	1.290791	I:	D:
21197	22414	-	2	1.283094	I:	D:
22632	24293	-	3	1.279773	I:	D:
24342	25877	-	3	1.267228	I:	D:
25993	27471	-	1	1.276232	I:	D:
28038	28997	-	3	1.269079	I:	D:
29206	29391	-	1	1.243896	I:	D:
>ERR4183125_contigs.fasta~NODE_46466_length_1976_cov_19.504945
1	101	+	1	1.459660	I:	D:48,
178	975	+	1	1.267501	I:	D:
1216	1893	+	1	1.237343	I:	D:
>ERR4183125_contigs.fasta~NODE_46510_length_1975_cov_29.020833
1	515	+	3	1.287496	I:	D:
586	1452	-	1	1.272666	I:	D:
1526	1975	-	2	1.246973	I:	D:
>ERR4183125_contigs.fasta~NODE_52814_length_1810_cov_5.323077
136	246	+	1	1.193108	I:	D:
377	736	+	2	1.303891	I:	D:
919	1810	+	1	1.274558	I:	D:
>ERR4183125_contigs.fasta~NODE_53686_length_1790_cov_15.040346
1	153	+	1	1.443507	I:47,	D:75,
156	956	+	3	1.268769	I:	D:
1112	1714	+	2	1.281599	I:	D:
>ERR4183125_contigs.fasta~NODE_86358_length_1292_cov_9.304770
120	912	-	3	1.299336	I:175,	D:
1024	1292	-	1	1.328948	I:	D:
>ERR4183125_contigs.fasta~NODE_95782_length_1203_cov_9.625436
1	1203	+	1	1.312843	I:	D:877,
>ERR4183125_contigs.fasta~NODE_97968_length_1185_cov_11.398230
328	1086	+	1	1.253613	I:	D:
>ERR5891194_contigs.fasta~NODE_2403_length_6153_cov_3.463431
1	1234	-	1	1.245996	I:1118,	D:
1363	2226	+	1	1.269840	I:	D:
2288	2461	-	2	1.300616	I:	D:
2584	4062	-	1	1.259772	I:	D:
4181	5077	+	2	1.248355	I:	D:
5142	5828	-	3	1.232316	I:	D:
5938	6012	+	1	1.174952	I:	D:
>ERR5891194_contigs.fasta~NODE_27318_length_1297_cov_1.392110
1	433	+	1	1.334215	I:85,	D:
619	1297	-	1	1.300055	I:	D:
>ERR5891194_contigs.fasta~NODE_4071_length_4212_cov_3.297089
1	96	+	1	1.293231	I:	D:
176	1089	+	2	1.317787	I:996,	D:333,876,
1135	1596	+	1	1.286671	I:	D:
1599	1703	+	3	1.316741	I:	D:
1920	2854	+	3	1.300534	I:	D:2652,
2866	3675	+	1	1.341171	I:	D:
3678	4087	+	3	1.415288	I:3815,	D:3713,3853,
>ERR5891194_contigs.fasta~NODE_8342_length_2614_cov_1.960922
1	1778	-	3	1.250655	I:422,1704,	D:622,1586,
1807	2517	-	1	1.224296	I:	D:
2520	2614	-	3	1.298539	I:	D:
>ERR5891194_contigs.fasta~NODE_8635_length_2563_cov_2.231260
1	1126	+	1	1.285367	I:978,	D:
1220	2389	+	2	1.302810	I:	D:
2494	2563	-	1	1.322246	I:	D:
>HTP3_contigs.fasta~NODE_1970_length_2405_cov_2.698723
1	267	-	1	1.309539	I:	D:
303	1256	+	3	1.321669	I:	D:
1258	2405	+	1	1.320629	I:	D:1642,
>IA6_contigs.fasta~NODE_15781_length_1251_cov_5.459030
1	107	+	3	1.389301	I:	D:
339	1199	+	3	1.348180	I:	D:
>IA6_contigs.fasta~NODE_6239_length_2125_cov_2.284058
1	92	-	3	1.226800	I:	D:
104	922	-	2	1.256963	I:	D:
927	1190	-	3	1.315256	I:	D:
1221	2125	-	3	1.306868	I:1815,	D:
>RDP_CKDN230001569-1A_HT3KTDSX5_L3_contigs.fasta~NODE_131098_length_1218_cov_2.564058
1	468	+	1	1.300443	I:	D:
473	1218	+	2	1.314650	I:	D:
>RDP_CKDN230001569-1A_HT3KTDSX5_L3_contigs.fasta~NODE_14120_length_4964_cov_13.406193
1	1296	-	3	1.288843	I:182,	D:
1348	1880	-	1	1.349344	I:	D:1471,
1999	2673	-	1	1.306445	I:2061,	D:2476,
2862	4058	+	3	1.322655	I:	D:
4145	4964	+	2	1.306357	I:4245,	D:
>RDP_CKDN230001569-1A_HT3KTDSX5_L3_contigs.fasta~NODE_14218_length_4946_cov_3.468207
1	816	+	1	1.346419	I:	D:
819	1872	+	3	1.342356	I:934,	D:
1971	2183	+	3	1.349298	I:	D:
2193	3092	+	3	1.335115	I:	D:
3135	4783	-	3	1.355562	I:	D:4216,
>RDP_CKDN230001569-1A_HT3KTDSX5_L3_contigs.fasta~NODE_170480_length_1023_cov_28.827479
1	95	-	3	1.276308	I:	D:
102	932	+	3	1.323206	I:	D:
>RDP_CKDN230001569-1A_HT3KTDSX5_L3_contigs.fasta~NODE_178398_length_993_cov_3.113006
155	993	+	2	1.351415	I:	D:
>RDP_CKDN230001569-1A_HT3KTDSX5_L3_contigs.fasta~NODE_1787_length_15610_cov_8.555127
1	257	-	3	1.282132	I:	D:
332	2667	-	2	1.237403	I:1281,1433,	D:
2896	4268	+	1	1.244671	I:	D:3317,
4693	5283	-	1	1.272228	I:	D:
5423	5842	+	2	1.231279	I:	D:
5908	6693	-	1	1.219314	I:	D:
6922	8595	-	1	1.244806	I:	D:
8824	10161	+	1	1.202576	I:	D:
10180	11181	-	1	1.260380	I:	D:
11211	11657	-	3	1.245977	I:	D:
11803	12261	+	1	1.223647	I:	D:
12493	13972	-	1	1.261931	I:13281,	D:
13979	14446	+	2	1.203447	I:	D:
14603	15610	-	2	1.218913	I:	D:
>RDP_CKDN230001569-1A_HT3KTDSX5_L3_contigs.fasta~NODE_273429_length_743_cov_3.039244
1	743	+	1	1.341862	I:	D:
>RDP_CKDN230001569-1A_HT3KTDSX5_L3_contigs.fasta~NODE_5101_length_8966_cov_8.281225
1	458	+	3	1.222344	I:	D:
474	2126	+	3	1.211609	I:	D:
2437	3135	+	1	1.221340	I:	D:
3150	5967	+	3	1.257650	I:	D:3632,5647,
6511	8966	-	1	1.238299	I:8291,	D:7405,
>RDP_CKDN230001569-1A_HT3KTDSX5_L3_contigs.fasta~NODE_55789_length_2119_cov_19.198643
1	303	+	1	1.235071	I:	D:
434	2119	+	2	1.229076	I:1109,	D:2034,
>RDP_CKDN230001569-1A_HT3KTDSX5_L3_contigs.fasta~NODE_6334_length_7909_cov_4.680672
1	429	-	1	1.326672	I:	D:
548	2199	-	2	1.316070	I:1150,1221,	D:
2328	3155	-	3	1.341690	I:	D:
3243	4832	-	3	1.332719	I:	D:
5023	5967	-	1	1.338874	I:	D:
6033	7058	+	3	1.354885	I:	D:
7099	7909	-	1	1.317625	I:	D:
>RDP_CKDN230001569-1A_HT3KTDSX5_L3_contigs.fasta~NODE_66761_length_1888_cov_36.793781
1	274	-	2	1.259255	I:	D:
423	1888	-	3	1.249465	I:1316,	D:
>RDP_CKDN230001569-1A_HT3KTDSX5_L3_contigs.fasta~NODE_75642_length_1741_cov_4.334520
1	482	-	3	1.302795	I:	D:
614	1573	+	2	1.327708	I:	D:
1592	1741	+	2	1.318728	I:	D:
>RDP_CKDN230001569-1A_HT3KTDSX5_L3_contigs.fasta~NODE_77215_length_1718_cov_4.587492
1	248	+	1	1.265746	I:	D:89,
361	1233	+	1	1.260173	I:	D:
1271	1547	-	2	1.322105	I:1486,	D:
1598	1718	+	2	1.164964	I:	D:
>RUP_CKDN230001570-1A_HT3KTDSX5_L3_contigs.fasta~NODE_10415_length_5572_cov_15.102592
1	1028	+	2	1.326330	I:84,	D:
1091	1483	+	2	1.321713	I:	D:
1530	2394	-	3	1.325652	I:2022,	D:
2424	2750	-	3	1.329840	I:	D:
2756	3522	-	2	1.371643	I:2839,2920,3064,	D:3017,
3584	4594	-	2	1.330942	I:3911,4016,4090,	D:
4632	5572	-	3	1.328629	I:	D:
>RUP_CKDN230001570-1A_HT3KTDSX5_L3_contigs.fasta~NODE_108784_length_1571_cov_24.424802
148	1113	-	1	1.338339	I:	D:
1487	1571	-	2	1.361772	I:	D:
>RUP_CKDN230001570-1A_HT3KTDSX5_L3_contigs.fasta~NODE_109579_length_1565_cov_6.425166
1	462	-	1	1.341475	I:	D:
548	1357	-	2	1.283225	I:	D:
>RUP_CKDN230001570-1A_HT3KTDSX5_L3_contigs.fasta~NODE_14855_length_4600_cov_6.912651
1	2554	-	2	1.320902	I:	D:
2844	3891	-	3	1.320835	I:3756,	D:
3968	4600	+	2	1.335335	I:	D:
>RUP_CKDN230001570-1A_HT3KTDSX5_L3_contigs.fasta~NODE_14_length_230764_cov_18.695478
1	125	+	3	1.314505	I:	D:
243	803	+	3	1.351303	I:	D:
1043	1269	-	2	1.339157	I:	D:1111,
1364	1543	+	2	1.293921	I:	D:
1780	2261	-	1	1.358692	I:	D:2108,
2708	3373	+	2	1.318115	I:	D:
3423	3962	-	3	1.357327	I:	D:
3985	4068	-	1	1.325753	I:	D:
4293	4441	+	3	1.353225	I:	D:4345,
4571	5104	+	2	1.332724	I:	D:
5106	5177	+	3	1.310410	I:	D:
5238	6326	+	3	1.335230	I:	D:
6358	7801	+	1	1.357528	I:7662,	D:
7828	8583	+	1	1.356564	I:	D:
8732	9904	-	2	1.349405	I:	D:
9929	11511	-	2	1.330509	I:	D:10130,
11599	12021	+	1	1.317692	I:	D:
12057	12341	+	3	1.357583	I:	D:
12434	17743	-	2	1.368996	I:	D:
18087	23375	-	3	1.365504	I:	D:
23461	23910	-	1	1.334823	I:	D:
24191	26443	-	2	1.369117	I:	D:
26515	26730	+	1	1.328068	I:	D:
26737	27240	-	1	1.318906	I:	D:
27291	28622	-	3	1.328838	I:	D:
28682	31446	-	2	1.345718	I:30281,	D:30161,30257,
31497	32577	-	3	1.351160	I:32032,	D:
32633	33469	-	2	1.322580	I:	D:
33638	35134	-	2	1.343640	I:	D:
35277	35804	-	3	1.318955	I:	D:
35906	36784	-	2	1.316708	I:	D:
36891	38881	-	3	1.345006	I:38086,38158,	D:
38906	39841	-	2	1.330326	I:	D:
39847	40962	-	1	1.334250	I:	D:
41021	41704	-	2	1.339547	I:	D:
41708	42919	-	2	1.335713	I:	D:
43049	46429	-	2	1.346898	I:43932,	D:44765,
46431	49437	-	3	1.355809	I:47579,	D:
49438	51403	-	1	1.350173	I:50457,	D:
51457	52758	-	1	1.335948	I:	D:
52920	55024	-	3	1.344781	I:	D:54106,
55158	57252	-	3	1.343599	I:	D:55263,56233,
57331	60666	-	1	1.335785	I:59655,	D:58481,
60787	61356	-	1	1.338180	I:	D:
61393	62781	-	1	1.344746	I:62122,	D:62187,
62811	64748	-	3	1.350025	I:	D:
64865	64939	-	2	1.278136	I:	D:
64979	66238	-	2	1.349193	I:	D:
66267	68386	-	3	1.351326	I:	D:67505,
68387	71118	-	2	1.348677	I:69316,70338,	D:
71135	72022	-	2	1.346509	I:	D:
72115	77311	-	1	1.352424	I:73206,74494,76175,	D:75462,76279,
77392	79474	-	1	1.350316	I:78185,	D:
79547	80416	-	2	1.331639	I:	D:
80425	83740	-	1	1.331968	I:	D:80579,82987,
84194	84319	-	2	1.307550	I:	D:
84380	85552	+	2	1.367010	I:	D:
85668	87065	-	3	1.347024	I:	D:
87092	87805	-	2	1.334483	I:	D:
87924	89387	-	3	1.348109	I:	D:
89511	90590	-	3	1.344894	I:	D:
90672	91280	-	3	1.344838	I:	D:
91371	91805	+	3	1.344394	I:	D:
91856	93133	+	2	1.350763	I:	D:
93144	93692	-	3	1.327915	I:	D:
93725	93820	+	2	1.326633	I:	D:
93881	94453	+	2	1.329771	I:	D:
94463	94840	+	2	1.358093	I:	D:
94886	95101	+	2	1.296961	I:	D:
95299	95490	+	1	1.321062	I:	D:
95544	97162	-	3	1.349284	I:	D:96348,
97356	98464	-	3	1.346490	I:	D:97870,
98541	101924	-	3	1.344297	I:	D:
102100	104166	+	1	1.355723	I:	D:
104236	105324	+	1	1.335376	I:	D:
105392	105994	-	2	1.344544	I:	D:
106231	106722	+	1	1.328730	I:	D:
106816	108204	+	1	1.346927	I:	D:
108219	110962	+	3	1.352534	I:109288,109366,	D:
111008	111823	+	2	1.340692	I:	D:
111848	113484	+	2	1.318807	I:	D:112839,
113548	115524	+	1	1.362471	I:	D:
115569	115763	+	3	1.314658	I:	D:
115812	116458	-	3	1.336424	I:	D:115872,
116516	118162	-	2	1.356506	I:	D:
118393	119539	+	1	1.351341	I:118453,	D:
119717	120754	-	2	1.332516	I:	D:
120821	121771	+	2	1.343593	I:	D:
121800	123406	+	3	1.349564	I:	D:122625,
123473	124234	-	2	1.320500	I:	D:
124334	125050	+	2	1.330637	I:	D:
125183	127211	+	2	1.352251	I:127068,	D:
127564	128116	-	1	1.317382	I:128072,	D:
128130	129436	-	3	1.350538	I:	D:129345,
129593	130303	-	2	1.307791	I:	D:
130340	131320	-	2	1.323615	I:	D:
131429	131914	-	2	1.335672	I:	D:
132025	133592	-	1	1.339739	I:	D:133021,
133780	135027	+	1	1.352135	I:133982,	D:133890,
135066	136145	-	3	1.334779	I:	D:
136207	137202	-	1	1.339888	I:	D:
137221	139530	-	1	1.347824	I:	D:
139543	141037	-	1	1.341497	I:140451,	D:
141209	142612	-	2	1.354288	I:	D:
142684	143224	+	1	1.328418	I:143145,	D:
143480	143569	+	2	1.319792	I:	D:
143591	144055	-	2	1.362979	I:	D:
144086	145546	-	2	1.337762	I:	D:
145563	148667	-	3	1.351313	I:	D:
149088	149693	+	3	1.302732	I:	D:
149788	150396	+	1	1.329410	I:	D:
150468	150929	-	3	1.310351	I:	D:
150983	153331	+	2	1.326755	I:	D:
153378	155537	-	3	1.344062	I:	D:
155597	157420	-	2	1.341800	I:	D:
157506	159100	+	3	1.321910	I:	D:157874,
159233	160066	-	2	1.326403	I:	D:
160280	161416	+	2	1.333221	I:	D:
161543	162106	+	2	1.312165	I:	D:
162128	162895	+	2	1.311467	I:	D:
162965	163744	+	2	1.337718	I:	D:
163783	164281	-	1	1.375197	I:	D:163964,164053,
164285	166210	-	2	1.348770	I:	D:
166446	167495	+	3	1.318403	I:	D:
167520	168254	+	3	1.311383	I:	D:
168292	169575	+	1	1.332089	I:	D:
169680	171312	-	3	1.344477	I:170560,	D:
171664	175104	+	1	1.341356	I:	D:
175109	176048	+	2	1.322639	I:175963,	D:
176114	176539	+	2	1.343305	I:	D:
176546	176782	-	2	1.361656	I:	D:
176863	177627	-	1	1.340875	I:	D:
177752	178804	+	2	1.360759	I:	D:
178909	179823	-	1	1.337014	I:	D:
179901	180308	+	3	1.353868	I:	D:
180332	182149	-	2	1.332129	I:	D:
182196	182535	-	3	1.345584	I:182314,	D:
182700	183404	+	3	1.340531	I:	D:
183481	185461	+	1	1.349809	I:183994,	D:
185470	186363	-	1	1.352584	I:	D:
186437	187444	-	2	1.345770	I:	D:
187532	189259	-	2	1.340216	I:	D:
189623	190612	+	2	1.347501	I:	D:
190648	191984	-	1	1.331067	I:191374,191436,	D:
192052	194193	-	1	1.344623	I:	D:
194202	194297	-	3	1.279087	I:	D:
194300	195055	+	2	1.325569	I:	D:
195101	195211	+	2	1.297293	I:	D:
195266	198256	+	2	1.340062	I:	D:
198274	199902	+	1	1.349579	I:	D:
199987	203352	+	1	1.327257	I:	D:
203490	206843	+	3	1.325069	I:	D:
206942	207892	-	2	1.330586	I:	D:
207912	208517	-	3	1.321434	I:	D:
208578	208667	+	3	1.246153	I:	D:
208794	209237	+	3	1.337647	I:	D:
209274	209663	+	3	1.290609	I:	D:
209746	210697	+	1	1.311517	I:210630,	D:
210709	211566	+	1	1.306829	I:	D:
211644	212357	+	3	1.336865	I:	D:
212438	213079	+	2	1.335172	I:	D:
213223	213342	-	1	1.341629	I:	D:
213471	213740	-	3	1.262687	I:	D:
213752	213947	-	2	1.332086	I:213882,	D:
214028	218005	-	2	1.349310	I:214373,215586,216575,	D:
218067	218840	-	3	1.339761	I:	D:
218960	220316	+	2	1.335245	I:219653,	D:
220352	221119	+	2	1.340096	I:	D:
221141	223858	-	2	1.318437	I:	D:
223990	225027	-	1	1.331907	I:	D:
225171	225275	+	3	1.314537	I:	D:
225340	225960	-	1	1.329930	I:	D:
225995	226831	-	2	1.347028	I:	D:
227035	228450	+	1	1.347505	I:	D:
228504	230447	+	3	1.343085	I:229531,	D:229635,
230530	230764	-	1	1.364640	I:230737,	D:
>RUP_CKDN230001570-1A_HT3KTDSX5_L3_contigs.fasta~NODE_15044_length_4571_cov_8.149469
1	755	-	3	1.314562	I:465,	D:655,
950	2554	+	2	1.340080	I:	D:
2570	3529	+	2	1.315205	I:	D:
3703	4494	-	1	1.342040	I:3772,	D:4465,
>RUP_CKDN230001570-1A_HT3KTDSX5_L3_contigs.fasta~NODE_154258_length_1303_cov_8.250000
1	168	+	3	1.320571	I:12,	D:
216	1243	+	3	1.330903	I:308,1191,	D:
>RUP_CKDN230001570-1A_HT3KTDSX5_L3_contigs.fasta~NODE_167_length_66909_cov_18.639737
1	896	+	3	1.303926	I:	D:
974	1357	-	2	1.263611	I:	D:
1424	4896	+	2	1.329692	I:	D:1553,
4919	5176	+	2	1.379003	I:	D:
5201	6895	-	2	1.309546	I:	D:
7233	7715	+	3	1.315452	I:	D:
7808	8836	-	2	1.315270	I:	D:
8874	8957	-	3	1.342850	I:	D:
8973	10277	+	3	1.329353	I:	D:
10321	13518	+	1	1.346670	I:10837,10977,11078,	D:
13534	13752	+	1	1.332222	I:	D:
13761	14501	-	3	1.339247	I:	D:
14599	15924	-	1	1.299738	I:	D:
15939	18632	-	3	1.307741	I:	D:
18683	20217	-	2	1.305096	I:19929,20123,	D:
20486	20956	-	2	1.388748	I:	D:
21159	21254	-	3	1.328954	I:	D:
21389	22270	+	2	1.344628	I:	D:
22502	23782	+	2	1.337261	I:	D:
23785	24340	-	1	1.336243	I:23806,	D:
24350	27117	-	2	1.324450	I:	D:25662,
27136	27573	-	1	1.281228	I:	D:
27605	27859	-	2	1.302209	I:	D:
27940	29016	-	1	1.315845	I:	D:
29112	29831	-	3	1.320005	I:	D:
30003	30186	-	3	1.412559	I:30058,	D:
30202	30928	-	1	1.336683	I:30778,	D:
31372	32298	+	1	1.385420	I:	D:
32636	33070	+	2	1.349038	I:	D:
33110	33334	-	2	1.311999	I:	D:
33428	33601	+	2	1.375151	I:	D:
33782	34273	-	2	1.357251	I:	D:
34305	36085	-	3	1.405393	I:35130,35485,	D:
36218	36301	+	2	1.335296	I:	D:
36347	37132	-	2	1.278248	I:	D:
37193	38543	-	2	1.303682	I:37670,	D:
38739	39893	+	3	1.293834	I:	D:
39899	39982	-	2	1.335132	I:	D:
40080	40996	-	3	1.360504	I:	D:40465,
41112	41549	-	3	1.296985	I:	D:
41684	42220	+	2	1.287949	I:	D:
42370	43254	+	1	1.312157	I:	D:
43445	43972	+	2	1.357988	I:	D:
44084	46184	+	2	1.307988	I:45747,45944,	D:44960,
46236	46448	+	3	1.290242	I:	D:
46576	47157	-	1	1.302080	I:	D:
47235	47642	-	3	1.311767	I:	D:
47707	48006	-	1	1.294914	I:	D:
48034	49065	-	1	1.310359	I:	D:
49225	49852	-	1	1.360612	I:49645,	D:
49936	50718	-	1	1.416617	I:	D:
50999	51775	-	2	1.303538	I:	D:
51813	53132	-	3	1.305424	I:	D:
53150	54688	-	2	1.308813	I:	D:
54698	55546	-	2	1.303218	I:	D:
55572	56703	-	3	1.322376	I:55694,	D:
56715	57470	-	3	1.300986	I:	D:
57590	58414	-	2	1.328707	I:	D:
58576	59849	+	1	1.317752	I:	D:59539,
59955	61460	-	3	1.306151	I:	D:
61664	62665	+	2	1.314310	I:	D:
62696	64908	+	2	1.347365	I:	D:63637,
64921	66909	-	1	1.349958	I:	D:
>RUP_CKDN230001570-1A_HT3KTDSX5_L3_contigs.fasta~NODE_172172_length_1228_cov_3.463768
1	215	+	1	1.345330	I:55,97,	D:
228	1228	+	3	1.344668	I:1135,	D:1106,
>RUP_CKDN230001570-1A_HT3KTDSX5_L3_contigs.fasta~NODE_18736_length_4050_cov_6.414518
20	1004	-	2	1.328475	I:996,	D:
1093	1613	+	1	1.336967	I:	D:1504,
1642	1710	+	1	1.251031	I:	D:
1802	2899	+	2	1.246035	I:	D:
2965	3831	+	1	1.300062	I:	D:
3968	4050	+	2	1.241719	I:	D:
>RUP_CKDN230001570-1A_HT3KTDSX5_L3_contigs.fasta~NODE_19921_length_3909_cov_7.801245
15	751	-	3	1.240707	I:	D:360,
793	3209	-	1	1.236121	I:1303,2146,2179,	D:1235,
3269	3909	+	2	1.214814	I:	D:
>RUP_CKDN230001570-1A_HT3KTDSX5_L3_contigs.fasta~NODE_22012_length_3700_cov_27.307545
1	685	+	2	1.332148	I:	D:
691	1680	+	1	1.329622	I:	D:
1714	2721	+	1	1.298429	I:	D:
2774	2866	-	2	1.249286	I:	D:
3085	3700	+	1	1.344400	I:	D:
>RUP_CKDN230001570-1A_HT3KTDSX5_L3_contigs.fasta~NODE_220413_length_1072_cov_2.809243
217	1072	+	1	1.256998	I:	D:
>RUP_CKDN230001570-1A_HT3KTDSX5_L3_contigs.fasta~NODE_222_length_57335_cov_12.314211
1	182	+	3	1.399608	I:	D:
340	2298	+	1	1.337764	I:600,	D:1620,
2343	2744	-	3	1.318261	I:	D:
2991	6824	+	3	1.341139	I:6641,	D:6279,
6966	8507	+	3	1.349815	I:7395,7443,7766,	D:
8514	9893	-	3	1.353118	I:	D:
9996	11210	-	3	1.341385	I:	D:
11322	12764	+	3	1.324632	I:	D:
12783	13478	-	3	1.329875	I:	D:
13650	14054	+	3	1.330419	I:	D:
14111	15502	-	2	1.335588	I:	D:
15601	17324	-	1	1.321040	I:	D:15649,
17399	18681	-	2	1.328475	I:	D:17525,
18700	19992	-	1	1.339007	I:	D:
19996	21150	+	1	1.342434	I:	D:
21230	21556	-	2	1.325487	I:	D:
21636	22274	-	3	1.308023	I:	D:
22280	23293	-	2	1.300903	I:	D:
23415	25217	-	3	1.357584	I:	D:
25272	27820	-	3	1.325877	I:	D:25443,
27952	28446	-	1	1.318109	I:	D:
28511	29527	-	2	1.335221	I:	D:
29689	32334	-	1	1.331412	I:	D:
32419	33276	-	1	1.324528	I:	D:
33346	36594	-	1	1.334665	I:	D:
36658	39690	-	1	1.335269	I:37734,	D:37795,
39792	39935	-	3	1.367196	I:	D:
39987	42092	+	3	1.307166	I:	D:
42217	42444	+	1	1.266222	I:	D:
42461	43414	+	2	1.321543	I:	D:
43490	45558	-	2	1.330967	I:	D:44525,
45773	46999	+	2	1.345088	I:	D:
47325	50069	+	3	1.313557	I:	D:
50096	50374	+	2	1.301799	I:	D:
50491	50976	+	1	1.328082	I:	D:
51033	51473	-	3	1.349520	I:	D:
51522	53939	-	3	1.337658	I:	D:
53976	55796	-	3	1.322636	I:	D:
55862	57316	+	2	1.302217	I:	D:
>RUP_CKDN230001570-1A_HT3KTDSX5_L3_contigs.fasta~NODE_24560_length_3489_cov_8.068433
1	274	+	3	1.290836	I:215,235,	D:
331	1317	+	1	1.226292	I:	D:
1336	2217	-	1	1.198658	I:	D:
2340	3181	+	3	1.205561	I:	D:2354,
3185	3489	-	2	1.215453	I:	D:
>RUP_CKDN230001570-1A_HT3KTDSX5_L3_contigs.fasta~NODE_254282_length_990_cov_32.703743
1	206	+	3	1.251337	I:	D:
225	959	-	3	1.328888	I:	D:
>RUP_CKDN230001570-1A_HT3KTDSX5_L3_contigs.fasta~NODE_259416_length_980_cov_2.112432
1	819	-	1	1.331200	I:	D:
828	980	+	3	1.351756	I:923,	D:
>RUP_CKDN230001570-1A_HT3KTDSX5_L3_contigs.fasta~NODE_261368_length_975_cov_13.496739
1	69	+	1	1.331557	I:	D:
95	975	-	2	1.321054	I:	D:
>RUP_CKDN230001570-1A_HT3KTDSX5_L3_contigs.fasta~NODE_26307_length_3368_cov_7.860851
1	1770	+	2	1.265444	I:941,1766,	D:
1775	2932	-	2	1.249822	I:	D:
2976	3368	-	3	1.228699	I:	D:
>RUP_CKDN230001570-1A_HT3KTDSX5_L3_contigs.fasta~NODE_3462_length_10298_cov_6.264961
1	235	-	2	1.332399	I:	D:
240	2233	-	3	1.308131	I:	D:818,
2731	4369	+	1	1.342448	I:2876,	D:
4493	6484	-	2	1.352640	I:	D:
6662	8322	-	2	1.296216	I:	D:7346,
8590	9381	-	1	1.322394	I:	D:
9519	10173	+	3	1.282872	I:10030,	D:
>RUP_CKDN230001570-1A_HT3KTDSX5_L3_contigs.fasta~NODE_392217_length_778_cov_9.160443
77	778	+	2	1.296378	I:	D:
>RUP_CKDN230001570-1A_HT3KTDSX5_L3_contigs.fasta~NODE_39442_length_2709_cov_6.920874
1	2145	-	1	1.328228	I:161,	D:1173,
2296	2709	+	1	1.333403	I:	D:
>RUP_CKDN230001570-1A_HT3KTDSX5_L3_contigs.fasta~NODE_407194_length_762_cov_4.543140
1	762	-	1	1.320016	I:	D:
>RUP_CKDN230001570-1A_HT3KTDSX5_L3_contigs.fasta~NODE_42348_length_2612_cov_7.511146
1	73	+	2	1.347792	I:	D:
173	1450	-	2	1.355015	I:1182,	D:1259,
1494	1565	-	3	1.312660	I:	D:
1689	2612	+	3	1.290992	I:	D:
>RUP_CKDN230001570-1A_HT3KTDSX5_L3_contigs.fasta~NODE_47445_length_2459_cov_3.242928
1	209	+	3	1.317368	I:	D:
215	1351	+	2	1.332421	I:	D:
1395	2354	-	3	1.330473	I:	D:
>RUP_CKDN230001570-1A_HT3KTDSX5_L3_contigs.fasta~NODE_5445_length_7944_cov_26.366333
1	1002	+	1	1.306609	I:	D:
1025	2080	+	2	1.306511	I:	D:
2085	3198	+	3	1.312991	I:2944,	D:
3209	4714	+	2	1.309664	I:	D:
4754	5965	-	2	1.329891	I:	D:
6038	6532	-	2	1.313231	I:	D:
6600	6677	+	3	1.276661	I:	D:
6693	7944	-	3	1.296876	I:	D:
>RUP_CKDN230001570-1A_HT3KTDSX5_L3_contigs.fasta~NODE_86741_length_1774_cov_4.951134
1	857	-	3	1.286910	I:	D:
862	1774	-	1	1.298208	I:	D:
>RUP_CKDN230001570-1A_HT3KTDSX5_L3_contigs.fasta~NODE_8_length_331222_cov_11.817572
1	552	+	1	1.347032	I:	D:
587	692	+	2	1.421691	I:636,	D:
767	1657	+	2	1.345310	I:	D:
1906	2268	+	1	1.344064	I:	D:
2310	3251	+	3	1.363888	I:	D:
3267	3818	-	3	1.342538	I:	D:
3900	6216	+	3	1.354896	I:4591,	D:
6280	6951	+	1	1.336180	I:	D:
7060	7164	+	1	1.311448	I:	D:
7188	8248	+	3	1.352887	I:	D:8139,
8343	10850	+	3	1.345762	I:	D:
10878	12059	+	3	1.303434	I:	D:
12303	14144	+	3	1.344933	I:	D:
14157	15660	-	3	1.349828	I:15485,	D:
16255	17150	+	1	1.339435	I:	D:16369,
17202	18245	+	3	1.350521	I:	D:
18265	18813	+	1	1.324243	I:	D:
18840	21427	+	3	1.340798	I:	D:20137,
21439	21684	-	1	1.407452	I:21517,	D:21564,
21697	22089	-	1	1.380965	I:21961,	D:21844,
22196	23584	-	2	1.327010	I:	D:
23818	24915	-	1	1.330809	I:	D:
24941	26452	-	2	1.333090	I:	D:
26616	27215	-	3	1.355797	I:	D:
27365	27805	-	2	1.332210	I:	D:
27902	28162	+	2	1.356600	I:	D:
28171	36912	-	1	1.357069	I:	D:
37018	37353	-	1	1.332418	I:	D:
37358	37438	+	2	1.270269	I:	D:
37494	43665	-	3	1.341479	I:37546,	D:
43851	44804	-	3	1.342909	I:	D:
44810	44993	+	2	1.362568	I:44856,	D:
45046	46431	-	1	1.352806	I:	D:
46591	47442	-	1	1.343765	I:	D:
47528	48022	-	2	1.316472	I:	D:
48025	50551	-	1	1.348481	I:49943,	D:
50657	51454	+	2	1.343500	I:	D:
51479	53649	-	2	1.335247	I:	D:52303,
53825	55405	+	2	1.346217	I:	D:
55466	56251	+	2	1.362244	I:	D:
56279	56590	-	2	1.305570	I:	D:
56736	57473	+	3	1.343615	I:	D:
57503	59055	+	2	1.327770	I:	D:58449,
59132	60506	+	2	1.363103	I:59814,	D:
60556	63220	+	1	1.340596	I:63079,	D:
63223	65157	+	1	1.341788	I:	D:
65179	65800	+	1	1.355341	I:	D:65195,65217,
65818	66012	+	1	1.314235	I:	D:
66087	66431	+	3	1.347936	I:	D:
66625	72171	+	1	1.346871	I:70922,	D:69775,
72253	79133	+	1	1.364189	I:	D:79106,
79137	81050	-	3	1.339799	I:	D:
81057	82418	-	3	1.323350	I:	D:
82598	83056	+	2	1.309605	I:	D:
83121	83684	+	3	1.361779	I:	D:
83687	84709	+	2	1.333265	I:	D:
84884	87922	+	2	1.331327	I:	D:
87933	89642	+	3	1.342910	I:	D:
89761	90558	+	1	1.358436	I:	D:
90633	91526	+	3	1.331616	I:	D:
91596	93541	+	3	1.350012	I:	D:92882,
93626	95950	+	2	1.347534	I:	D:
96079	96534	+	1	1.308626	I:	D:
96570	97217	+	3	1.346859	I:	D:
97224	97515	-	3	1.381752	I:97230,	D:
97699	97973	+	1	1.328759	I:	D:97894,
98260	98448	-	1	1.330090	I:	D:
98728	98955	+	1	1.340560	I:	D:
98976	100247	+	3	1.359924	I:	D:
100318	101965	+	1	1.352034	I:101083,	D:
102167	103984	+	2	1.360608	I:102915,	D:102972,
103993	105168	-	1	1.337841	I:	D:
105215	107317	-	2	1.353639	I:	D:
107360	107557	-	2	1.349390	I:	D:
107578	108903	+	1	1.347324	I:	D:
109059	112142	-	3	1.337852	I:111105,	D:111215,
112155	119738	-	3	1.357323	I:118251,118334,118489,	D:
120087	123022	+	3	1.343799	I:	D:120403,
123111	125720	+	3	1.341666	I:	D:
125835	127001	-	3	1.337030	I:	D:
127016	129517	-	2	1.357985	I:	D:
129811	130032	+	1	1.362025	I:	D:
130049	131245	-	2	1.346259	I:	D:
131303	131800	-	2	1.332482	I:	D:
132146	132871	+	2	1.354410	I:	D:
132962	133970	+	2	1.328070	I:133907,	D:
133980	134813	+	3	1.347467	I:	D:
134815	137621	+	1	1.358154	I:	D:135569,
137653	138255	+	1	1.347255	I:	D:
138371	139015	+	2	1.324305	I:	D:
139081	140367	-	1	1.330238	I:	D:
140475	142657	-	3	1.348262	I:	D:141107,
142660	143349	-	1	1.341580	I:	D:
143472	143819	-	3	1.335445	I:	D:
143864	144440	+	2	1.328812	I:143884,	D:
144451	144678	-	1	1.352377	I:	D:
144691	145012	-	1	1.380484	I:144905,	D:
145152	146048	+	3	1.344590	I:	D:
146101	148203	+	1	1.327533	I:	D:
148325	151414	+	2	1.342494	I:	D:
151480	154214	+	1	1.349401	I:	D:153028,
154225	157309	+	1	1.355376	I:154963,	D:
157381	158580	-	1	1.328875	I:	D:
158651	160813	+	2	1.344979	I:160626,	D:159302,
160885	161733	+	1	1.320749	I:	D:
161788	162393	+	1	1.332254	I:	D:
162448	162963	-	1	1.364887	I:	D:
163149	164445	-	3	1.346414	I:164347,	D:
164593	167907	+	1	1.360966	I:	D:
167917	169654	-	1	1.344566	I:169025,	D:
170069	171319	+	2	1.352336	I:	D:
171332	171666	-	2	1.375870	I:	D:171360,
171786	171916	+	3	1.356999	I:	D:171875,
171919	172455	-	1	1.377908	I:	D:
172535	173044	-	2	1.337694	I:	D:
173056	173424	-	1	1.335366	I:	D:
173635	173733	-	1	1.317397	I:	D:
174087	174224	+	3	1.322469	I:	D:
174385	177170	-	1	1.368304	I:176784,	D:177016,177136,
177187	177339	-	1	1.319410	I:	D:
177354	178562	+	3	1.346361	I:	D:
178585	179169	-	1	1.351342	I:	D:
179452	179853	+	1	1.349694	I:	D:
179893	181394	-	1	1.339410	I:	D:179987,
181413	182765	+	3	1.328897	I:	D:
182852	183028	+	2	1.294983	I:	D:
183079	183972	-	1	1.340193	I:	D:
183982	184485	-	1	1.336016	I:	D:
184502	186514	-	2	1.329457	I:	D:
186539	189366	-	2	1.352358	I:188461,188965,	D:
189401	189940	-	2	1.319113	I:	D:
190079	191158	-	2	1.356061	I:	D:
191479	193371	-	1	1.327534	I:	D:
193449	193915	-	3	1.371207	I:	D:193530,
193937	194488	-	2	1.356183	I:	D:
194513	197850	-	2	1.346779	I:	D:196792,
197946	199289	-	3	1.357545	I:	D:
199433	200023	+	2	1.335232	I:	D:
200084	200944	+	2	1.341729	I:	D:
201029	201376	+	2	1.322597	I:	D:
201410	204808	-	2	1.355237	I:	D:
204856	206496	-	1	1.316212	I:	D:
206533	208294	+	1	1.349793	I:206650,	D:
208345	209948	+	1	1.355079	I:	D:208971,
210108	210755	+	3	1.342054	I:	D:
210766	212106	+	1	1.335638	I:	D:
212124	213236	+	3	1.332421	I:	D:
213263	217269	+	2	1.338337	I:	D:216376,
217285	217713	-	1	1.327672	I:	D:
217751	218981	-	2	1.356864	I:	D:218021,218580,
219088	220074	+	1	1.330009	I:	D:
220093	220632	-	1	1.330061	I:	D:
220740	222113	-	3	1.355704	I:	D:
222167	223675	-	2	1.349091	I:	D:
223685	224041	+	2	1.331991	I:	D:
224079	224999	-	3	1.339310	I:	D:
225463	225627	-	1	1.349953	I:	D:
225732	227906	-	3	1.344135	I:	D:
227925	228932	-	3	1.305308	I:	D:
228993	230926	-	3	1.333807	I:	D:230269,
231100	231846	-	1	1.300924	I:	D:
231857	235105	-	2	1.343534	I:232630,	D:234136,
235150	236299	+	1	1.351451	I:	D:235190,236172,
236339	238169	-	2	1.336034	I:237403,	D:
238182	238384	+	3	1.372288	I:	D:238219,
238567	238701	-	1	1.346905	I:	D:
238744	239532	-	1	1.359812	I:	D:
239554	240005	-	1	1.345713	I:	D:239799,
240154	241626	+	1	1.335991	I:	D:
241634	242053	+	2	1.334296	I:	D:
242141	244006	+	2	1.334415	I:	D:
244023	244634	+	3	1.360701	I:	D:
244656	245237	-	3	1.344749	I:	D:
245251	246954	-	1	1.347479	I:	D:
247067	248938	-	2	1.322747	I:	D:
249074	250189	+	2	1.327088	I:	D:
250237	252804	-	1	1.352990	I:	D:
252827	253522	-	2	1.352214	I:	D:
253603	254217	+	1	1.335059	I:	D:
254236	254952	+	1	1.328666	I:	D:
255076	257791	+	1	1.360666	I:	D:255814,257192,
257854	258681	-	1	1.353422	I:	D:
258688	259937	-	1	1.357025	I:	D:258750,
260156	260963	+	2	1.354242	I:260705,	D:
260984	261634	+	2	1.341463	I:	D:
261766	262917	+	1	1.332629	I:	D:
262921	263691	-	1	1.348018	I:	D:
263693	265141	-	2	1.350949	I:	D:
265206	267355	-	3	1.347240	I:	D:266612,
267446	268601	-	2	1.358907	I:267512,	D:
268669	270531	-	1	1.330644	I:	D:
270640	272250	-	1	1.339489	I:	D:
272417	273133	+	2	1.332815	I:	D:
273220	278456	+	1	1.353494	I:273296,273575,	D:
278495	282873	+	2	1.348089	I:279399,282704,	D:
282969	285868	+	3	1.336103	I:285400,285514,	D:
285869	289372	-	2	1.363305	I:286452,	D:286546,
289438	289809	-	1	1.332305	I:	D:
289835	290889	-	2	1.341792	I:	D:290013,
291019	291639	+	1	1.341263	I:	D:
291725	291931	-	2	1.319703	I:	D:
292098	292398	+	3	1.367852	I:292145,	D:
292557	294336	-	3	1.349530	I:	D:293327,293485,
294559	295695	+	1	1.346223	I:	D:
295699	296956	+	1	1.365046	I:296303,	D:
297155	297778	+	2	1.318931	I:	D:
297838	298878	-	1	1.350670	I:	D:
298954	303576	-	1	1.346320	I:302358,	D:302324,
303743	305002	+	2	1.334535	I:	D:
305004	305606	-	3	1.355348	I:	D:
305612	308645	-	2	1.353103	I:307614,	D:
308816	309922	+	2	1.323974	I:	D:
309926	312215	+	2	1.331001	I:310695,	D:
312291	312817	-	3	1.357562	I:	D:312385,
312884	314528	+	2	1.357652	I:313306,	D:
314553	317100	+	3	1.355034	I:316279,	D:
317118	318337	+	3	1.359871	I:	D:318198,
318452	318850	+	2	1.346872	I:	D:
318852	319601	-	3	1.336891	I:	D:
319756	320268	+	1	1.330438	I:	D:
320336	322604	+	2	1.324182	I:	D:321331,321981,
322617	325165	+	3	1.340850	I:	D:323793,
325253	326209	+	2	1.345970	I:	D:
326220	328389	+	3	1.350333	I:326593,327583,	D:326655,
328400	329120	-	2	1.356078	I:328414,	D:
329131	331222	+	1	1.347568	I:	D:
>RUP_CKDN230001570-1A_HT3KTDSX5_L3_contigs.fasta~NODE_96530_length_1673_cov_12.466625
1	454	-	2	1.310270	I:	D:
578	1432	-	2	1.284227	I:	D:
1561	1673	-	1	1.283764	I:	D:
>RUP_CKDN230001570-1A_HT3KTDSX5_L3_contigs.fasta~NODE_9_length_317490_cov_13.053976
1	163	+	2	1.398770	I:	D:
269	541	+	2	1.332956	I:	D:
613	1640	-	1	1.359419	I:	D:939,
1654	1722	+	1	1.354689	I:	D:
1793	3019	-	2	1.348465	I:	D:
3144	3605	+	3	1.356912	I:	D:
3631	5394	+	1	1.338066	I:	D:
5469	8007	+	3	1.338936	I:5652,	D:
8031	9097	-	3	1.350970	I:	D:8527,
9101	10779	-	2	1.358004	I:10187,	D:9924,10390,
10816	11523	-	1	1.338630	I:	D:
11646	14774	-	3	1.348017	I:14443,	D:11899,
14811	14942	+	3	1.325178	I:	D:
14986	17306	+	1	1.350842	I:	D:16228,
17362	18672	-	1	1.336225	I:	D:
18684	21476	+	3	1.339935	I:21330,	D:18819,
21797	21895	+	2	1.370576	I:	D:
21990	23944	-	3	1.323805	I:	D:22671,
24066	26261	+	3	1.344267	I:	D:
26286	26933	+	3	1.324169	I:	D:
27032	27271	+	2	1.345543	I:	D:
27286	27468	+	1	1.342918	I:	D:
27472	27627	+	1	1.301561	I:	D:
27697	28656	+	1	1.315519	I:	D:
28683	30088	-	3	1.368261	I:28689,29347,	D:
30258	31583	+	3	1.344668	I:	D:
31658	33226	+	2	1.339591	I:	D:
33236	33782	+	2	1.369809	I:33764,	D:
33805	34887	-	1	1.342579	I:	D:
34933	35814	-	1	1.347112	I:	D:
35981	42005	-	2	1.340548	I:37496,	D:
42276	43435	-	3	1.353262	I:	D:42979,
43441	44832	-	1	1.322403	I:	D:
44866	49039	+	1	1.370170	I:46858,47107,	D:46772,
49047	49388	+	3	1.354588	I:	D:
49568	50308	+	2	1.344159	I:	D:
50327	51586	-	2	1.358804	I:	D:
51611	52582	-	2	1.326999	I:	D:
52661	53386	+	2	1.319725	I:	D:
53402	54070	-	2	1.349140	I:	D:
54109	57169	-	1	1.348142	I:56942,57017,	D:56353,
57194	58216	+	2	1.335015	I:	D:
58276	59550	-	1	1.338103	I:	D:
59557	61371	-	1	1.345739	I:	D:
61425	63808	-	3	1.344617	I:62789,	D:61535,61958,
64020	65546	-	3	1.326777	I:	D:
65618	66445	-	2	1.341035	I:	D:
66516	68204	-	3	1.360790	I:67634,	D:67660,
68314	68730	-	1	1.342009	I:	D:
68767	69285	-	1	1.347863	I:	D:
69348	70103	-	3	1.312834	I:	D:
70301	71923	+	2	1.340266	I:	D:
71932	72390	+	1	1.337913	I:	D:
72421	73911	-	1	1.360599	I:72457,	D:73019,
74055	74960	-	3	1.348054	I:	D:
75012	76394	-	3	1.342535	I:76044,	D:76059,
76453	77298	-	1	1.327846	I:	D:
77420	79712	+	2	1.344534	I:78188,	D:
79725	81560	+	3	1.328070	I:	D:
81674	82244	-	2	1.390205	I:	D:81745,81962,
82419	83621	-	3	1.351948	I:	D:
83643	87654	+	3	1.343657	I:85664,	D:
87696	88223	-	3	1.332443	I:	D:
88226	91585	-	2	1.323493	I:	D:
91690	92719	-	1	1.348635	I:92492,	D:
92915	99423	-	2	1.350656	I:95867,95917,	D:
99620	100951	-	2	1.352436	I:	D:
100952	101929	-	2	1.343519	I:	D:
101953	103155	-	1	1.345782	I:	D:
103165	103932	-	1	1.319220	I:	D:
103948	107121	-	1	1.350052	I:104949,	D:105887,
107164	108122	+	1	1.341023	I:	D:107858,
108218	110525	+	2	1.341192	I:109848,110408,	D:109054,
110594	111033	-	2	1.405918	I:	D:110598,
111093	111278	-	3	1.305091	I:	D:
111353	112660	-	2	1.340611	I:	D:
112718	113230	-	2	1.355805	I:	D:
113282	114331	+	2	1.358808	I:	D:
114334	115506	-	1	1.350918	I:	D:
115665	115807	+	3	1.413016	I:	D:115708,
115893	125103	+	3	1.363136	I:121035,124940,	D:120946,
125227	131843	+	1	1.359387	I:	D:131680,
131935	132573	-	1	1.342588	I:	D:
132693	133991	+	3	1.357427	I:	D:
134287	137625	+	1	1.337381	I:	D:
137631	139697	+	3	1.349091	I:	D:
139820	141019	-	2	1.353573	I:	D:
141418	141655	+	1	1.372928	I:141618,	D:
141697	141948	-	1	1.333974	I:	D:
141982	143187	-	1	1.362298	I:142654,	D:142626,
143289	144752	+	3	1.362325	I:	D:
144771	145132	-	3	1.353270	I:	D:144854,
145330	146783	+	1	1.356056	I:146449,	D:145380,146391,
146795	148949	+	2	1.354888	I:147986,	D:
149005	149502	-	1	1.335663	I:	D:
149732	151156	-	2	1.342186	I:	D:
151169	154225	-	2	1.336743	I:	D:
154315	154389	+	1	1.335796	I:	D:
154511	155203	-	2	1.358606	I:	D:
155252	155725	+	2	1.347471	I:	D:
155754	156461	+	3	1.387142	I:155822,155907,	D:156050,156275,
156529	161397	-	1	1.348469	I:158311,	D:156991,
161421	164077	-	3	1.354888	I:162530,163143,	D:
164151	165095	-	3	1.334997	I:164528,	D:164567,
165122	166610	-	2	1.321178	I:	D:165429,165508,
166878	168659	+	3	1.340551	I:	D:
168662	169396	-	2	1.345161	I:	D:
169464	171236	-	3	1.345078	I:	D:
171243	172019	-	3	1.358121	I:	D:
172117	172566	+	1	1.351581	I:	D:
172772	174676	+	2	1.320143	I:	D:
174767	175612	+	2	1.347727	I:	D:
175619	176578	+	2	1.336810	I:	D:
176643	178868	-	3	1.336573	I:	D:
178954	181182	-	1	1.336815	I:	D:
181196	181789	-	2	1.356011	I:	D:
181867	182469	+	1	1.332702	I:	D:
182472	183503	+	3	1.354045	I:	D:
183547	185187	+	1	1.336827	I:184310,	D:184262,
185329	186525	+	1	1.338491	I:	D:
186549	187736	+	3	1.342041	I:	D:
187742	189057	-	2	1.356084	I:	D:187911,
189131	189724	+	2	1.325523	I:	D:
189755	190559	-	2	1.336782	I:189952,	D:
190730	191125	+	2	1.317206	I:	D:
191276	194128	+	2	1.345272	I:	D:
194166	195143	-	3	1.319345	I:	D:
195152	197326	-	2	1.328271	I:	D:
197339	198285	-	2	1.353488	I:	D:197570,
198405	198809	-	3	1.329300	I:	D:
198827	199579	-	2	1.326615	I:	D:
199580	200401	-	2	1.338859	I:	D:
200547	201005	+	3	1.333475	I:	D:
201060	203795	-	3	1.333819	I:	D:
203806	204288	-	1	1.335758	I:	D:
204294	204451	+	3	1.358015	I:	D:204357,
204467	205146	-	2	1.353094	I:	D:204545,
205191	205691	+	3	1.343411	I:	D:
205703	208151	-	2	1.351348	I:	D:206693,207122,
208285	209560	+	1	1.356160	I:208880,	D:
209666	212212	+	2	1.313570	I:	D:
212382	216577	-	3	1.353464	I:214413,	D:214519,215788,
216596	216776	-	2	1.336421	I:216733,	D:
216783	218120	+	3	1.359308	I:	D:
218122	219329	-	1	1.361157	I:	D:219071,
219364	220866	+	1	1.329517	I:	D:
220872	221654	-	3	1.358547	I:	D:
221762	224388	+	2	1.340478	I:	D:224132,
224398	225075	-	1	1.334553	I:	D:
225130	225669	-	1	1.309206	I:	D:
225772	225873	-	1	1.314172	I:	D:
225900	226634	+	3	1.341514	I:	D:
226636	227742	-	1	1.338445	I:	D:
227769	227923	+	3	1.373211	I:	D:227820,
227936	229045	+	2	1.313940	I:	D:
229149	231675	+	3	1.347994	I:231670,	D:
231680	232429	-	2	1.345358	I:	D:
232442	232639	-	2	1.335019	I:	D:
232657	233136	-	1	1.335026	I:	D:
233192	233674	-	2	1.325512	I:	D:
233694	235108	-	3	1.350697	I:234982,	D:233756,234620,
235136	237266	+	2	1.353552	I:236653,	D:
237268	239061	+	1	1.344044	I:	D:
239110	239517	+	1	1.386363	I:	D:
239524	239691	-	1	1.339666	I:	D:
239738	240664	+	2	1.334826	I:	D:
240665	241936	-	2	1.327731	I:	D:
241997	242509	-	2	1.354785	I:	D:
242511	246042	-	3	1.356389	I:243671,243718,	D:245839,
246113	248548	-	2	1.341592	I:	D:
248552	248893	-	2	1.354183	I:	D:
249042	249404	+	3	1.349683	I:	D:
249416	250156	-	2	1.322647	I:	D:
250169	251894	+	2	1.358035	I:250222,	D:
251895	252449	-	3	1.342782	I:	D:
252520	252835	+	1	1.375868	I:252741,	D:
252959	254191	+	2	1.343021	I:	D:
254195	254668	-	2	1.334395	I:	D:
254690	255903	+	2	1.362107	I:	D:254747,
255967	257214	+	1	1.345799	I:	D:
257254	258123	-	1	1.363571	I:	D:
258196	259302	+	1	1.361846	I:	D:
259334	260008	+	2	1.339961	I:	D:
260090	260644	+	2	1.308335	I:	D:
260875	261828	+	1	1.328290	I:	D:
261845	262732	+	2	1.349788	I:	D:
262749	263369	+	3	1.330492	I:	D:
263386	264532	-	1	1.358937	I:264326,	D:
264589	265299	+	1	1.351748	I:	D:
265399	266655	+	1	1.326752	I:	D:
266775	268833	+	3	1.356849	I:266810,	D:
268937	269923	-	2	1.347372	I:	D:
269940	270071	-	3	1.320911	I:	D:
270104	271962	+	2	1.343956	I:271635,271770,	D:
272041	272814	+	1	1.324305	I:	D:
272923	274140	+	1	1.344037	I:	D:
274320	275033	-	3	1.313086	I:	D:
275049	275487	+	3	1.353167	I:275123,	D:
275540	276034	-	2	1.322536	I:	D:
276042	276179	-	3	1.315474	I:	D:
276429	276542	-	3	1.338765	I:	D:
276630	277511	+	3	1.337223	I:	D:
277619	279832	+	2	1.318847	I:	D:
279843	280373	+	3	1.333268	I:	D:
280382	281192	+	2	1.341755	I:280812,	D:
281207	283956	+	2	1.340351	I:	D:282223,
283959	284567	+	3	1.329500	I:	D:
284572	286272	+	1	1.329497	I:	D:
286279	287284	+	1	1.343925	I:287119,	D:
287554	287934	-	1	1.341855	I:	D:
288003	288665	+	3	1.337947	I:	D:
288752	290359	+	2	1.362419	I:	D:
290471	291647	+	2	1.339601	I:290884,	D:
291740	293602	+	2	1.339215	I:	D:
293617	294972	+	1	1.336498	I:	D:
294989	295978	-	2	1.319753	I:	D:
296040	296360	-	3	1.380810	I:	D:
296514	297860	+	3	1.335993	I:	D:
297882	299240	-	3	1.357145	I:	D:
299241	301312	-	3	1.344387	I:	D:300055,
301323	303130	-	3	1.364986	I:	D:302646,
303161	305383	-	2	1.345120	I:303292,	D:303307,
305523	305804	+	3	1.320200	I:	D:
305830	306780	-	1	1.355245	I:	D:
306863	307570	+	2	1.352060	I:306918,	D:306968,
307582	308242	+	1	1.358508	I:308160,	D:
308321	308692	+	2	1.337690	I:	D:
308764	309043	+	1	1.343703	I:308845,	D:
309138	314542	-	3	1.335478	I:310975,312155,	D:
314600	315055	-	2	1.328343	I:	D:
315093	317460	+	3	1.354216	I:	D:315198,317337,
>SRR13165308_contigs.fasta~NODE_10850_length_7278_cov_3.414648
1	336	+	1	1.064651	I:	D:
359	1243	+	2	1.091639	I:	D:
1365	1460	+	3	1.153630	I:	D:
1473	3454	+	3	1.069160	I:	D:1752,
3493	4320	+	1	1.146020	I:	D:
4334	5402	+	2	1.112520	I:5393,	D:
5466	7091	-	3	1.134458	I:	D:
>SRR13165308_contigs.fasta~NODE_109182_length_2121_cov_2.762827
1	424	-	2	1.325360	I:	D:
520	1371	-	1	1.337665	I:	D:
1577	2121	-	2	1.325851	I:	D:
>SRR13165308_contigs.fasta~NODE_123827_length_1976_cov_3.893805
1	143	+	3	1.205877	I:	D:
178	1089	-	1	1.266977	I:	D:
1195	1976	+	1	1.267109	I:	D:
>SRR13165308_contigs.fasta~NODE_190379_length_1552_cov_4.036072
1	1552	-	2	1.284506	I:1254,	D:401,
>SRR13165308_contigs.fasta~NODE_276595_length_1253_cov_5.946578
1	1253	-	2	1.269765	I:	D:403,
>SRR13165308_contigs.fasta~NODE_280415_length_1244_cov_2.736754
1	321	-	1	1.266548	I:	D:
497	1244	+	2	1.246694	I:	D:
>SRR13165308_contigs.fasta~NODE_286712_length_1228_cov_2.782609
1	1228	-	1	1.311640	I:834,943,	D:
>SRR13165308_contigs.fasta~NODE_30273_length_4261_cov_12.586543
1	1835	+	1	1.292718	I:1427,1468,	D:
2104	3237	-	1	1.293761	I:	D:
3264	4130	+	3	1.322265	I:	D:
>SRR13165308_contigs.fasta~NODE_33556_length_4035_cov_6.452010
1	550	+	2	1.270585	I:	D:
826	1221	-	1	1.326105	I:	D:
1395	2438	-	3	1.241266	I:	D:
2522	3389	+	2	1.290155	I:3379,	D:
3398	3769	-	2	1.307979	I:	D:
3787	4035	-	1	1.252569	I:	D:
>SRR13165308_contigs.fasta~NODE_383834_length_1038_cov_8.509664
43	903	-	1	1.349366	I:	D:
>SRR13165308_contigs.fasta~NODE_463450_length_932_cov_1.785633
1	724	+	2	1.309201	I:	D:
769	932	-	1	1.320386	I:	D:
>SRR13165308_contigs.fasta~NODE_530547_length_862_cov_1.961586
1	862	-	1	1.232428	I:759,	D:
>SRR13165308_contigs.fasta~NODE_58644_length_2980_cov_4.836581
1	1025	-	3	1.191056	I:	D:
1092	2036	-	3	1.246899	I:	D:
2224	2980	-	1	1.212344	I:	D:2860,
>SRR13165308_contigs.fasta~NODE_69806_length_2712_cov_4.635303
81	1902	-	3	1.316185	I:558,727,1047,1074,	D:
1921	2712	-	1	1.262056	I:	D:
>SRR13165308_contigs.fasta~NODE_72507_length_2657_cov_3.741353
1	188	+	3	1.350397	I:	D:
279	473	+	3	1.335298	I:	D:
477	557	+	3	1.287868	I:	D:
651	1640	-	3	1.321934	I:	D:
1666	2266	+	1	1.372274	I:2059,	D:
2288	2657	+	2	1.372863	I:	D:
>SRR13165308_contigs.fasta~NODE_94765_length_2293_cov_9.833333
1	1687	-	3	1.315786	I:788,917,	D:
1689	1924	+	3	1.343004	I:	D:1708,
2095	2293	+	1	1.319425	I:	D:
>SRR17689980_contigs.fasta~NODE_11717_length_2612_cov_3.216660
1	1274	+	3	1.298857	I:	D:
1345	1793	+	1	1.300256	I:1686,	D:1580,1790,
1812	2612	-	3	1.247491	I:	D:
>SRR17689980_contigs.fasta~NODE_1643_length_6138_cov_4.652310
1	216	-	1	1.270688	I:	D:
226	2174	-	1	1.272838	I:	D:1656,
2389	5750	+	1	1.333311	I:3297,3377,	D:3203,3439,5469,
6010	6138	-	1	1.282848	I:	D:
>SRR17689980_contigs.fasta~NODE_43151_length_1378_cov_2.728647
1	181	+	2	1.290455	I:	D:
191	1378	-	2	1.297879	I:1018,1091,	D:
>SRR17689980_contigs.fasta~NODE_44318_length_1360_cov_1.810728
1	1360	+	1	1.253733	I:532,	D:
>SRR17689980_contigs.fasta~NODE_5582_length_3645_cov_3.213649
1	1816	+	2	1.269807	I:95,893,909,	D:
1894	2100	+	1	1.151031	I:	D:
2123	3469	+	2	1.252942	I:	D:
3486	3645	+	3	1.232959	I:	D:
>SRR17689995_contigs.fasta~NODE_13354_length_2432_cov_2.880101
1	2392	-	2	1.243499	I:1701,	D:780,
>SRR17689995_contigs.fasta~NODE_16640_length_2134_cov_4.728235
1	2052	+	1	1.256769	I:331,885,1114,1145,	D:858,
>SRR17689995_contigs.fasta~NODE_21752_length_1832_cov_3.186269
1	1646	-	3	1.235034	I:958,	D:57,
1679	1832	-	2	1.239132	I:	D:
>SRR17689995_contigs.fasta~NODE_23854_length_1742_cov_1.941316
1	854	-	3	1.242529	I:	D:
961	1742	+	1	1.265964	I:	D:
>SRR17689995_contigs.fasta~NODE_3469_length_5859_cov_3.961923
1	605	+	1	1.215620	I:	D:602,
609	2972	-	3	1.273467	I:2197,	D:1306,
3085	3795	-	1	1.210836	I:	D:
3980	4306	+	2	1.231993	I:	D:
4313	4699	+	2	1.229874	I:	D:
4702	5859	+	1	1.236356	I:	D:
>SRR17689995_contigs.fasta~NODE_35764_length_1393_cov_4.210762
1	892	-	2	1.320227	I:	D:
971	1393	-	2	1.305543	I:	D:
>SRR17689995_contigs.fasta~NODE_59445_length_1065_cov_3.659406
1	905	-	3	1.212319	I:	D:
>SRR17689995_contigs.fasta~NODE_6086_length_3998_cov_9.555415
1	182	+	3	1.132563	I:	D:
220	2706	+	1	1.210968	I:910,	D:1818,
2831	3772	-	2	1.349593	I:	D:
>SRR17689995_contigs.fasta~NODE_7003_length_3646_cov_4.152604
1	865	-	2	1.267051	I:	D:
978	2756	-	3	1.206519	I:989,	D:1861,
2758	3459	-	1	1.238861	I:	D:
3580	3646	-	1	1.308276	I:	D:
>SRR17689995_contigs.fasta~NODE_8796_length_3164_cov_10.587970
1	2940	-	3	1.243890	I:	D:780,1984,
2944	3164	-	1	1.198869	I:	D:
>SRR17689998_contigs.fasta~NODE_1540_length_8023_cov_7.797816
1	261	+	1	1.276738	I:	D:
363	1154	+	3	1.253925	I:	D:
1309	2505	+	1	1.261417	I:1724,	D:1483,
2600	3616	+	2	1.285607	I:	D:
3677	4424	+	2	1.292490	I:4419,	D:
4456	4983	-	1	1.269031	I:	D:
5103	5993	+	3	1.247455	I:	D:
6011	6853	+	2	1.247038	I:	D:
6913	8016	+	1	1.280585	I:	D:
>SRR17689998_contigs.fasta~NODE_15438_length_2523_cov_2.866694
228	1397	-	3	1.352443	I:371,	D:1103,
1432	1824	+	1	1.353569	I:	D:
2002	2220	-	1	1.283400	I:	D:
2245	2431	-	1	1.374326	I:2321,	D:
>SRR17689998_contigs.fasta~NODE_164607_length_682_cov_6.629984
1	682	+	1	1.293324	I:	D:
>SRR17689998_contigs.fasta~NODE_27400_length_1855_cov_3.305556
1	1855	+	2	1.234263	I:596,	D:1516,
>SRR17689998_contigs.fasta~NODE_27881_length_1837_cov_3.848485
1	1837	-	1	1.250968	I:1538,	D:647,
>SRR17689998_contigs.fasta~NODE_27909_length_1836_cov_3.138125
1	1836	+	2	1.262193	I:668,	D:1571,
>SRR17689998_contigs.fasta~NODE_32_length_98029_cov_11.696756
1	334	-	1	1.319127	I:194,	D:
495	1253	-	3	1.279107	I:	D:
1310	2040	-	2	1.341014	I:1439,1528,	D:
2195	2346	+	2	1.382410	I:	D:2228,
2434	5913	-	1	1.323474	I:	D:
5956	7434	-	1	1.332198	I:	D:
7700	16229	-	2	1.365020	I:7977,	D:7803,7900,8025,
16419	20197	-	3	1.340852	I:	D:20096,
20324	20404	-	2	1.270650	I:	D:
20481	22977	+	3	1.347736	I:22387,	D:
23288	24098	-	2	1.288977	I:23608,	D:
24190	24602	+	1	1.393044	I:	D:24459,
24692	25081	-	2	1.323687	I:	D:
25336	26391	-	1	1.327940	I:	D:
26571	32708	-	3	1.305691	I:	D:
32981	36563	-	2	1.306773	I:36533,	D:
36828	36991	+	3	1.408891	I:	D:36905,
37012	37788	-	1	1.335213	I:37173,37354,37696,	D:
37816	40024	-	1	1.303290	I:38770,38946,	D:38171,
40122	40325	-	3	1.324149	I:	D:
40429	40563	-	1	1.319555	I:	D:
40799	41410	-	2	1.313386	I:	D:
41830	43496	-	1	1.315096	I:42422,43359,	D:
43683	45140	+	3	1.348950	I:44460,	D:44491,
45146	45643	-	2	1.342775	I:	D:
45702	45942	+	3	1.394013	I:45854,	D:
45954	46520	+	3	1.328073	I:	D:
46563	49763	-	3	1.318262	I:	D:
50020	50427	-	1	1.360289	I:	D:50178,50294,50385,
50486	52191	-	2	1.306206	I:	D:51700,
52204	52782	-	1	1.314873	I:	D:
52829	52963	+	2	1.354731	I:	D:
53094	57406	-	3	1.319778	I:54231,54293,	D:
57456	57827	-	3	1.314687	I:	D:
57882	59409	-	3	1.304118	I:57933,	D:
59428	59652	-	1	1.307683	I:	D:
59710	60207	-	1	1.344222	I:	D:
60352	62858	-	1	1.320910	I:	D:60516,
62964	63710	-	3	1.302727	I:	D:
63722	65539	-	2	1.307382	I:65205,65485,	D:64926,65457,
65563	65709	-	1	1.291178	I:	D:
65719	66870	-	1	1.299299	I:	D:
67024	67140	+	1	1.240466	I:	D:
67189	67575	-	1	1.275435	I:	D:
67766	70081	-	2	1.302457	I:	D:
70171	70488	-	1	1.288918	I:	D:
70504	72035	-	1	1.340413	I:71810,	D:71557,71680,
72092	72892	-	2	1.352582	I:	D:
72979	73185	-	1	1.308426	I:	D:
73254	73487	-	3	1.317020	I:	D:
73836	73946	-	3	1.356617	I:	D:
74123	74793	-	2	1.243919	I:	D:74255,
74862	76846	-	3	1.337707	I:	D:76541,
77244	80013	-	3	1.328010	I:78559,	D:
80066	81354	-	2	1.298459	I:	D:80162,
81410	83353	-	2	1.314511	I:	D:
83356	84645	-	1	1.310825	I:	D:
84738	85340	-	3	1.300979	I:	D:
85380	87016	-	3	1.347513	I:86547,	D:85964,86642,
87179	87289	+	2	1.294247	I:	D:
87556	87742	-	1	1.308988	I:87691,	D:
87764	92804	-	2	1.337444	I:92336,	D:88276,91213,91674,
92820	93050	+	3	1.338635	I:	D:
93092	93459	+	2	1.351523	I:	D:93268,
93494	93706	-	2	1.307806	I:	D:
93737	93949	-	2	1.421070	I:	D:
94023	96482	-	3	1.310407	I:	D:
96625	96981	-	1	1.325866	I:	D:
97160	97732	-	2	1.318947	I:	D:
97794	98029	+	3	1.401947	I:	D:
>SRR17689998_contigs.fasta~NODE_35774_length_1600_cov_6.214887
1	1600	-	3	1.267839	I:338,352,1159,	D:
>SRR17689998_contigs.fasta~NODE_4196_length_4831_cov_5.843384
1	1448	-	2	1.245879	I:	D:738,1130,
1678	3018	+	1	1.200339	I:	D:
3131	3835	+	2	1.210940	I:	D:
3867	4831	+	3	1.243830	I:	D:4726,
>SRR17689998_contigs.fasta~NODE_5070_length_4407_cov_3.233226
1	2598	+	2	1.240283	I:799,	D:70,1702,
2631	4407	-	3	1.251553	I:	D:2635,
>SRR17689998_contigs.fasta~NODE_56_length_73276_cov_12.823234
1	169	+	1	1.369955	I:96,	D:
503	1324	+	2	1.319822	I:	D:
1569	1770	+	3	1.333868	I:1690,	D:
1825	1908	+	1	1.215571	I:	D:
2011	2412	+	1	1.309160	I:	D:
2657	4016	+	2	1.346759	I:	D:3531,3745,
4320	6362	-	3	1.308281	I:	D:
6544	7761	+	1	1.299374	I:	D:
7771	8520	+	1	1.299164	I:	D:
8572	9849	-	1	1.263315	I:	D:
9874	12444	-	1	1.289790	I:	D:
12704	15250	+	2	1.288428	I:	D:
15335	15703	+	2	1.288630	I:	D:
15984	17495	-	3	1.327399	I:	D:
17508	18628	+	3	1.283439	I:	D:17568,
18680	20254	-	2	1.316146	I:	D:
20413	20511	+	1	1.330355	I:	D:
20587	23031	+	1	1.302138	I:	D:
23106	24096	+	3	1.318054	I:23154,	D:
24157	26631	+	1	1.313336	I:24509,26365,	D:24427,25855,
26669	27356	-	2	1.313687	I:26946,	D:
27437	29071	-	2	1.301498	I:	D:
29082	29267	-	3	1.290690	I:	D:
29305	30387	+	1	1.299986	I:	D:
30391	31305	+	1	1.324391	I:	D:
31330	32160	+	1	1.347916	I:	D:
32387	32677	+	2	1.308943	I:	D:
32737	35831	+	1	1.310312	I:	D:34757,
35954	36676	+	2	1.312235	I:	D:
36945	38321	+	3	1.302258	I:	D:
38420	39142	+	2	1.304319	I:	D:
39144	41325	+	3	1.313962	I:39662,	D:
41478	41627	-	3	1.236241	I:	D:
41658	43277	-	3	1.288203	I:42274,	D:42711,
43522	44640	+	1	1.304650	I:	D:
44658	45072	-	3	1.293322	I:44753,	D:
45139	48726	-	1	1.317177	I:47386,	D:47446,
48747	49824	-	3	1.304187	I:48841,	D:
49891	51159	-	1	1.305502	I:	D:
51290	54351	-	2	1.315100	I:52006,52057,	D:
54352	59548	-	1	1.320298	I:	D:56040,58090,
59561	62719	-	2	1.319887	I:	D:
62956	65724	-	1	1.295503	I:	D:
65764	67413	-	1	1.310001	I:	D:
67437	68279	-	3	1.306401	I:	D:
68422	69321	-	1	1.290223	I:	D:
69470	69598	+	2	1.287576	I:	D:
69673	69798	+	1	1.234064	I:	D:
69816	70703	-	3	1.302180	I:	D:
70778	71075	-	2	1.265902	I:70994,	D:
71109	72890	-	3	1.294292	I:	D:
73194	73276	+	3	1.256109	I:	D:
>SRR17689999_contigs.fasta~NODE_1336_length_8138_cov_6.630830
1	1355	+	3	1.239381	I:1348,	D:1093,
1631	1783	-	2	1.284407	I:	D:
1828	2196	-	1	1.325038	I:	D:
2443	3333	-	1	1.222791	I:	D:
3422	4988	-	2	1.235392	I:4300,	D:
5095	6438	-	1	1.232911	I:	D:
6672	7411	+	3	1.264277	I:	D:6914,
7412	8138	+	2	1.234647	I:	D:
>SRR17689999_contigs.fasta~NODE_14462_length_2080_cov_6.047407
1	1885	-	2	1.247680	I:1201,	D:278,
1923	2072	-	3	1.192193	I:	D:
>SRR17689999_contigs.fasta~NODE_18072_length_1835_cov_13.167416
1	501	-	1	1.174091	I:	D:
638	1835	-	2	1.257338	I:1561,	D:
>SRR17689999_contigs.fasta~NODE_18958_length_1785_cov_12.602312
1	1231	+	1	1.217978	I:328,	D:
1377	1785	+	3	1.286076	I:	D:
>SRR17689999_contigs.fasta~NODE_232_length_27174_cov_7.232899
1	420	-	1	1.299689	I:	D:
481	3151	+	1	1.271044	I:1116,1520,	D:1945,
3183	4532	+	3	1.239937	I:	D:
4579	5049	+	1	1.275459	I:	D:
5091	6033	+	3	1.276179	I:5618,5652,	D:5567,
6237	6965	+	3	1.256946	I:	D:
7022	9743	+	2	1.262984	I:8263,	D:
9750	11867	-	3	1.283004	I:	D:
11930	16109	-	2	1.242554	I:15384,	D:
16135	16638	-	1	1.268841	I:	D:
16714	18582	+	1	1.267644	I:17718,	D:17829,
18592	19452	-	1	1.242950	I:	D:
19494	23745	-	3	1.277060	I:20959,23020,23037,	D:21214,23421,
23972	25327	+	2	1.229719	I:	D:
25366	26974	+	1	1.231010	I:26059,	D:
26983	27174	+	1	1.232402	I:	D:
>SRR17689999_contigs.fasta~NODE_2479_length_5578_cov_3.600579
1	2374	+	2	1.204021	I:824,	D:1704,
2436	2609	+	3	1.309923	I:	D:
2631	2834	+	3	1.351731	I:	D:
2838	3080	-	3	1.219448	I:	D:
3437	4982	-	2	1.236992	I:3458,	D:
5018	5578	-	2	1.231484	I:	D:
>SRR17689999_contigs.fasta~NODE_26400_length_1491_cov_4.126741
48	1491	+	3	1.197608	I:303,	D:1198,
>SRR17689999_contigs.fasta~NODE_27654_length_1451_cov_2.729943
1	1416	+	3	1.215172	I:513,	D:
>SRR17689999_contigs.fasta~NODE_3430_length_4626_cov_14.372129
1	1406	+	3	1.194240	I:	D:
1442	1747	-	2	1.393600	I:	D:
1805	2695	-	2	1.187103	I:	D:
2742	4350	-	3	1.216249	I:3653,	D:
4454	4626	-	2	1.162867	I:	D:
>SRR17689999_contigs.fasta~NODE_4060_length_4213_cov_7.742665
1	113	+	3	1.233393	I:	D:
146	2609	+	2	1.238830	I:854,2599,	D:1768,
2664	3134	-	3	1.264254	I:	D:
3645	4213	-	3	1.222842	I:	D:
>SRR17689999_contigs.fasta~NODE_64644_length_921_cov_1.946882
1	921	-	1	1.246472	I:166,	D:
>SRR17690002_contigs.fasta~NODE_3218_length_3319_cov_2.394301
1	1814	+	3	1.270770	I:	D:
1824	3319	-	3	1.289121	I:	D:2709,
>SRR20770298_contigs.fasta~NODE_116_length_5010_cov_8.674874
1	399	+	2	1.381457	I:	D:277,
475	1014	+	1	1.293817	I:	D:
1141	1662	+	1	1.233224	I:	D:
1680	1769	+	3	1.327354	I:	D:
1791	2397	+	3	1.304916	I:2385,	D:
2408	3843	-	2	1.281904	I:	D:2467,
3888	4781	-	3	1.277376	I:	D:
4857	5010	+	3	1.256469	I:	D:
>SRR20770299_contigs.fasta~NODE_102979_length_1172_cov_4.883617
1	369	+	1	1.303135	I:	D:
439	1172	+	1	1.321689	I:	D:
>SRR20770299_contigs.fasta~NODE_111822_length_1123_cov_6.210674
1	300	+	3	1.367464	I:251,	D:
340	1123	+	1	1.312248	I:	D:
>SRR20770299_contigs.fasta~NODE_154614_length_945_cov_3.602247
1	945	-	3	1.275388	I:773,912,	D:
>SRR20770299_contigs.fasta~NODE_19413_length_2934_cov_2.940604
1	308	-	3	1.300662	I:	D:
359	1231	+	2	1.318702	I:	D:
1271	1948	-	2	1.314175	I:	D:
1963	2934	-	1	1.294337	I:	D:2072,
>SRR20770299_contigs.fasta~NODE_20122_length_2878_cov_2.974141
1	505	-	2	1.352146	I:	D:
547	690	-	1	1.347945	I:	D:
849	1998	+	3	1.299204	I:920,1469,	D:1498,
2048	2878	-	2	1.331528	I:	D:
>SRR20770299_contigs.fasta~NODE_31946_length_2227_cov_13.755525
1	176	+	3	1.232930	I:	D:
352	1405	-	1	1.310492	I:1398,	D:
1415	2176	-	2	1.318375	I:	D:
>SRR20770299_contigs.fasta~NODE_4022_length_7158_cov_7.757286
1	323	-	2	1.391312	I:89,	D:
465	2309	-	3	1.286280	I:	D:
2338	3417	-	1	1.268945	I:	D:
3431	5009	-	2	1.290965	I:	D:4408,4964,
5011	5850	-	1	1.298914	I:	D:
5875	7158	-	1	1.277583	I:	D:
>SRR20770299_contigs.fasta~NODE_45230_length_1836_cov_2.549691
1	100	+	2	1.316998	I:	D:
112	990	+	1	1.310303	I:	D:
1062	1836	+	3	1.334533	I:	D:
>SRR20770299_contigs.fasta~NODE_6001_length_5703_cov_13.924398
1	69	+	1	1.308508	I:	D:
316	1191	-	1	1.326533	I:	D:
1319	2260	-	2	1.316636	I:	D:
2712	3116	+	3	1.271384	I:	D:
3159	4357	+	3	1.322404	I:3550,3750,	D:
4577	4865	-	2	1.340642	I:4643,	D:
4899	5703	-	3	1.297406	I:4993,5078,	D:
>SRR24605825_contigs.fasta~NODE_13115_length_4162_cov_11.572924
1	1272	+	2	1.360492	I:	D:61,
1498	2091	+	1	1.280618	I:	D:
2281	2781	-	1	1.207449	I:	D:
2819	3220	-	2	1.373273	I:	D:
3310	4162	+	1	1.156524	I:	D:
>SRR24605825_contigs.fasta~NODE_133525_length_1286_cov_3.288383
28	1286	+	1	1.274660	I:	D:910,
>SRR24605825_contigs.fasta~NODE_134578_length_1281_cov_2.432300
1	378	-	3	1.371502	I:195,	D:
407	1207	+	2	1.321668	I:	D:
>SRR24605825_contigs.fasta~NODE_16197_length_3740_cov_7.251289
1	424	-	2	1.270481	I:	D:
479	1411	-	2	1.285963	I:	D:
1413	2513	-	3	1.279634	I:	D:
2639	3740	+	2	1.290663	I:	D:
>SRR24605825_contigs.fasta~NODE_205371_length_1033_cov_3.701431
1	1033	-	2	1.299926	I:68,979,	D:
>SRR24605825_contigs.fasta~NODE_24951_length_3003_cov_8.045115
1	444	-	1	1.237717	I:	D:
546	1448	-	3	1.201355	I:	D:
1477	3003	-	1	1.186601	I:	D:1715,
>SRR24605825_contigs.fasta~NODE_2918_length_8889_cov_18.819561
120	962	-	3	1.277711	I:	D:
1089	2238	-	3	1.268679	I:2168,	D:
2320	4557	+	1	1.276767	I:	D:
4586	5059	-	2	1.298585	I:	D:
5180	5359	-	2	1.287096	I:	D:
5361	7271	+	3	1.287679	I:6220,	D:6188,
7283	8077	+	2	1.283936	I:	D:
8098	8889	-	1	1.249555	I:	D:
>SRR24605825_contigs.fasta~NODE_37165_length_2465_cov_4.412033
57	884	-	3	1.324037	I:	D:
982	1074	+	1	1.230506	I:	D:
1130	2465	-	2	1.300706	I:	D:1876,
>SRR24605825_contigs.fasta~NODE_44068_length_2258_cov_6.603722
1	452	+	3	1.182631	I:	D:
692	1594	-	2	1.278119	I:	D:
1641	2072	-	3	1.298427	I:	D:
>SRR24605825_contigs.fasta~NODE_657_length_16862_cov_18.504135
1	2013	+	3	1.288078	I:	D:177,1032,
2138	3067	-	2	1.298293	I:	D:
3101	3247	+	2	1.331178	I:	D:
3288	4891	-	3	1.282236	I:4697,4853,	D:
4985	7874	+	2	1.290440	I:6269,6302,	D:7661,
7942	10956	+	1	1.309427	I:8814,	D:9987,
11041	14058	+	1	1.273352	I:	D:
14112	15320	+	3	1.261368	I:	D:
15438	16862	+	3	1.257784	I:	D:
>SRR24605825_contigs.fasta~NODE_67003_length_1826_cov_8.505364
1	361	-	2	1.301294	I:	D:
467	1267	-	2	1.278068	I:	D:
1483	1826	-	1	1.297423	I:	D:
>SRR24605827_contigs.fasta~NODE_139255_length_1732_cov_4.282648
1	227	-	3	1.318815	I:	D:
305	488	-	2	1.410578	I:389,	D:
501	1235	-	3	1.333442	I:	D:
1308	1551	+	3	1.363047	I:1443,	D:
1657	1732	+	1	1.333933	I:	D:
>SRR24605827_contigs.fasta~NODE_1613_length_26254_cov_12.913394
133	704	-	1	1.368673	I:	D:550,
842	1355	-	2	1.345202	I:930,	D:
1472	2671	-	2	1.315760	I:	D:
2704	4854	-	1	1.290661	I:	D:
4875	7016	-	3	1.304983	I:	D:
7207	10482	-	1	1.323534	I:8707,8762,9653,	D:
10538	11749	-	2	1.294010	I:	D:
11758	12309	-	1	1.291008	I:	D:
12425	15015	-	2	1.317868	I:13502,	D:13984,14732,
15034	16026	-	1	1.295738	I:	D:
16103	17463	-	2	1.322562	I:	D:16556,
17597	19645	+	2	1.303972	I:	D:
19656	20042	-	3	1.322934	I:	D:
20168	20635	-	2	1.311199	I:	D:
20797	24325	+	1	1.310122	I:24246,	D:
24352	26055	+	1	1.314553	I:	D:
26103	26207	+	3	1.284662	I:	D:
>SRR24605827_contigs.fasta~NODE_191447_length_1420_cov_4.164835
1	1057	+	3	1.333574	I:	D:131,
1066	1420	-	1	1.347877	I:1074,	D:
>SRR24605827_contigs.fasta~NODE_20115_length_5750_cov_8.303248
1	123	-	1	1.299463	I:	D:
164	235	-	2	1.244338	I:	D:
238	1212	+	1	1.339684	I:	D:
1240	2355	-	1	1.311918	I:	D:
2462	2893	-	2	1.264835	I:	D:
2936	3490	-	2	1.311893	I:	D:
3527	4432	+	2	1.317893	I:	D:
4789	5750	-	1	1.272593	I:	D:
>SRR24605827_contigs.fasta~NODE_205426_length_1359_cov_2.582055
1	738	-	1	1.321479	I:	D:
807	1292	-	3	1.285734	I:	D:
>SRR24605827_contigs.fasta~NODE_21799_length_5478_cov_5.851374
1	1666	-	1	1.334859	I:877,1056,	D:1103,
1711	2715	-	1	1.311371	I:	D:
2790	3722	-	3	1.315946	I:	D:
3890	5077	-	2	1.336341	I:	D:
5330	5478	+	2	1.291336	I:	D:
>SRR24605827_contigs.fasta~NODE_33733_length_4167_cov_5.467899
1	290	+	1	1.343458	I:105,153,	D:
382	891	+	1	1.379393	I:	D:
1110	2583	+	3	1.314624	I:2438,	D:
2624	3470	+	2	1.325372	I:3343,	D:
3657	4167	+	3	1.314322	I:	D:
>SRR24605827_contigs.fasta~NODE_40696_length_3716_cov_9.193117
1	103	-	2	1.288398	I:	D:
230	301	+	2	1.338534	I:	D:
398	566	-	2	1.366956	I:479,	D:
581	1672	-	2	1.342813	I:	D:
1728	2543	-	3	1.317183	I:	D:
2693	3601	+	2	1.352518	I:	D:
3643	3716	-	1	1.251575	I:	D:
>SRR24605827_contigs.fasta~NODE_4114_length_15330_cov_7.087791
1	639	-	1	1.296359	I:	D:
664	1970	-	1	1.308944	I:1453,1491,	D:
1998	3440	+	3	1.328064	I:3359,	D:2966,
3443	3838	+	2	1.298115	I:	D:
3912	4613	+	3	1.303293	I:	D:
4681	4987	+	1	1.330295	I:4968,	D:
5079	5942	-	3	1.302918	I:	D:
6039	7026	+	3	1.315383	I:6672,	D:
7082	7630	+	2	1.337213	I:	D:
7665	9464	-	3	1.290324	I:	D:
9468	10252	-	3	1.317890	I:	D:9862,
10405	11751	+	1	1.302181	I:	D:
11802	14297	+	3	1.264651	I:12482,	D:13404,
14435	14929	+	2	1.380413	I:	D:
15099	15330	-	3	1.338145	I:15187,15224,	D:
>SRR24605827_contigs.fasta~NODE_42599_length_3612_cov_4.695530
1	124	-	2	1.237158	I:	D:
217	995	-	1	1.312284	I:743,820,	D:
1077	1223	+	3	1.222333	I:	D:
1261	2469	+	1	1.329671	I:	D:
2819	3612	+	2	1.300235	I:	D:
>SRR24605827_contigs.fasta~NODE_443942_length_845_cov_14.494937
1	845	-	3	1.294800	I:	D:
>SRR24605827_contigs.fasta~NODE_455172_length_833_cov_2.192802
1	833	+	3	1.309200	I:	D:
>SRR24605827_contigs.fasta~NODE_46255_length_3431_cov_5.604562
1	295	+	2	1.210847	I:	D:
574	921	+	1	1.388055	I:	D:
962	1229	+	2	1.377986	I:1176,	D:
1234	2175	-	1	1.283719	I:	D:
2258	3136	+	2	1.280587	I:	D:
>SRR24605827_contigs.fasta~NODE_58527_length_2968_cov_6.102987
1	475	+	2	1.342451	I:	D:
647	2113	+	2	1.336349	I:1524,	D:1579,
2141	2968	+	2	1.327472	I:	D:
>SRR24605827_contigs.fasta~NODE_9749_length_9080_cov_10.279335
1	290	+	1	1.379108	I:	D:184,
387	1080	-	3	1.373613	I:977,	D:
1099	1308	+	1	1.354337	I:	D:
1380	1607	-	3	1.346292	I:	D:
1627	3678	+	1	1.313221	I:	D:
3691	4596	+	1	1.332894	I:	D:
4634	4780	+	2	1.344722	I:	D:
5036	5872	-	2	1.336816	I:	D:
6028	9080	+	1	1.329013	I:8769,	D:6970,8240,8713,
>SRR24605828_contigs.fasta~NODE_28445_length_2198_cov_4.707886
1	175	+	2	1.170077	I:	D:
275	547	+	2	1.235416	I:	D:
586	1155	-	1	1.223797	I:	D:
1339	2190	+	1	1.222574	I:	D:
>SRR24605828_contigs.fasta~NODE_28752_length_2187_cov_7.093340
1	1894	+	2	1.232630	I:107,1000,1045,	D:
1985	2187	+	2	1.186236	I:	D:
>SRR24605828_contigs.fasta~NODE_4303_length_5036_cov_13.629994
1	2300	-	3	1.207839	I:1618,	D:699,
2435	3778	-	2	1.236351	I:	D:
3912	5036	+	3	1.259893	I:4284,4307,	D:4669,
>SRR24605834_contigs.fasta~NODE_2494_length_5304_cov_18.757097
1	224	+	3	1.309799	I:	D:
305	3006	-	2	1.301287	I:	D:1688,
3103	5045	-	1	1.318254	I:4965,	D:4057,4937,
5054	5304	+	2	1.287550	I:	D:
>SRR24605834_contigs.fasta~NODE_38823_length_947_cov_12.922646
18	881	+	3	1.351008	I:	D:
>SRR24605834_contigs.fasta~NODE_3938_length_3930_cov_29.252387
1	2983	+	1	1.320530	I:491,1286,2136,2228,	D:
3013	3828	+	1	1.344463	I:	D:
>SRR24605834_contigs.fasta~NODE_4223_length_3748_cov_10.811265
81	839	-	3	1.244120	I:	D:
1029	2888	-	3	1.324284	I:2285,	D:1252,
2900	3394	-	2	1.364531	I:	D:
>SRR24605834_contigs.fasta~NODE_53367_length_798_cov_5.059219
1	798	-	1	1.306569	I:	D:
>SRR24605834_contigs.fasta~NODE_552_length_12646_cov_10.703121
119	640	-	2	1.301163	I:	D:
676	879	-	1	1.257696	I:	D:
923	2947	+	2	1.314585	I:	D:
2964	3110	+	3	1.367487	I:	D:
3192	3980	+	3	1.302921	I:	D:
4028	4639	-	2	1.279817	I:	D:
4791	4957	+	3	1.271639	I:	D:4908,
4990	5877	-	1	1.291175	I:	D:
6132	6339	-	3	1.335720	I:6304,	D:
6389	6661	-	2	1.318550	I:	D:
6687	11042	+	3	1.304740	I:	D:
11052	12173	+	3	1.266856	I:	D:
12262	12646	+	1	1.327798	I:	D:
>SRR24605835_contigs.fasta~NODE_149249_length_1018_cov_1.557632
11	913	-	2	1.302670	I:	D:
938	1018	-	2	1.206251	I:	D:
>SRR24605835_contigs.fasta~NODE_16341_length_2714_cov_7.116585
1	1529	+	1	1.242679	I:	D:1263,
1621	2439	+	1	1.207807	I:	D:
2526	2714	+	3	1.206147	I:	D:
>SRR24605835_contigs.fasta~NODE_175986_length_945_cov_6.385393
1	914	+	3	1.259085	I:	D:
>SRR24605835_contigs.fasta~NODE_2210_length_7743_cov_8.143861
1	228	+	1	1.283580	I:	D:
384	1001	+	3	1.315320	I:	D:
1211	1615	-	2	1.302464	I:	D:
1899	3314	-	3	1.318285	I:	D:
3352	4736	-	1	1.332141	I:	D:3485,
4882	6098	-	1	1.318209	I:5851,5930,	D:
6111	6986	+	3	1.309884	I:	D:
7205	7625	-	2	1.334784	I:7364,	D:
7627	7743	+	1	1.266686	I:	D:
>SRR24605835_contigs.fasta~NODE_7463_length_3979_cov_5.692661
1	72	+	1	1.344651	I:	D:
120	1247	+	3	1.320395	I:	D:
1282	2106	-	1	1.364274	I:	D:
2155	3485	-	1	1.321787	I:	D:2617,
3570	3713	+	3	1.367869	I:	D:
>SRR24605838_contigs.fasta~NODE_108804_length_1532_cov_7.494922
1	1110	-	3	1.258746	I:234,	D:
1112	1532	-	2	1.256566	I:	D:
>SRR24605838_contigs.fasta~NODE_109256_length_1529_cov_3.444369
1	549	+	1	1.241106	I:	D:
642	1380	-	3	1.295875	I:649,	D:
1452	1529	+	3	1.262640	I:	D:
>SRR24605838_contigs.fasta~NODE_119345_length_1454_cov_4.892066
1	427	+	2	1.265983	I:	D:
498	1439	-	3	1.251673	I:	D:
>SRR24605838_contigs.fasta~NODE_1344_length_21775_cov_21.588950
1	421	-	2	1.322402	I:	D:
443	1208	-	2	1.324534	I:1083,	D:
1247	2030	-	2	1.323129	I:1383,	D:
2044	2442	-	1	1.328759	I:	D:
2448	5214	-	3	1.340998	I:3865,	D:
5408	6400	-	2	1.311158	I:	D:
6417	7014	-	3	1.330044	I:6483,	D:
7094	9993	-	2	1.310487	I:	D:7137,
10259	11260	-	2	1.328310	I:	D:
11375	11443	-	2	1.269569	I:	D:
11535	13334	+	3	1.313803	I:	D:
13608	16943	+	3	1.331757	I:	D:
17051	17617	-	2	1.285056	I:	D:
17639	18442	-	2	1.301594	I:	D:
18462	19057	-	3	1.311470	I:	D:18861,
19119	20300	-	3	1.284464	I:	D:
20387	21481	+	2	1.322006	I:	D:
21508	21673	+	1	1.345874	I:21557,	D:
>SRR24605838_contigs.fasta~NODE_15241_length_4923_cov_9.125514
1	1340	+	1	1.229759	I:	D:1074,
1535	3395	+	2	1.241959	I:	D:2352,2812,
3517	4506	-	1	1.249069	I:	D:
4647	4923	-	3	1.225119	I:	D:
>SRR24605838_contigs.fasta~NODE_177116_length_1165_cov_3.431532
173	1165	+	2	1.259816	I:1061,	D:
>SRR24605838_contigs.fasta~NODE_186989_length_1130_cov_3.508837
263	1130	+	2	1.328031	I:	D:
>SRR24605838_contigs.fasta~NODE_194521_length_1105_cov_4.260952
1	1105	+	1	1.256776	I:214,	D:
>SRR24605838_contigs.fasta~NODE_237879_length_988_cov_2.115756
28	988	-	1	1.234054	I:	D:
>SRR24605838_contigs.fasta~NODE_25316_length_3592_cov_15.267741
54	488	-	3	1.321724	I:	D:
624	1361	+	3	1.325782	I:	D:
1481	2721	+	2	1.337410	I:	D:2597,
2735	2840	+	2	1.374021	I:2785,	D:
2889	3083	+	3	1.380430	I:	D:
3196	3592	+	1	1.315246	I:3243,	D:
>SRR24605838_contigs.fasta~NODE_261377_length_937_cov_3.806122
96	893	+	3	1.268703	I:	D:
>SRR24605838_contigs.fasta~NODE_322776_length_834_cov_2.267009
125	834	+	2	1.245212	I:	D:
>SRR24605838_contigs.fasta~NODE_345475_length_802_cov_7.512718
1	802	+	3	1.335763	I:	D:
>SRR24605838_contigs.fasta~NODE_3951_length_11281_cov_8.547123
1	1983	+	3	1.283578	I:	D:764,1468,
2031	6219	+	3	1.275112	I:4029,	D:
6223	8730	-	1	1.261887	I:8020,	D:7102,
8780	10069	-	2	1.232819	I:	D:
10377	11281	+	3	1.300206	I:	D:10642,11034,
>SRR24605838_contigs.fasta~NODE_42946_length_2620_cov_4.767641
1	417	-	1	1.327453	I:	D:
485	1300	-	2	1.328679	I:	D:
1385	2620	-	2	1.335104	I:	D:
>SRR24605838_contigs.fasta~NODE_55207_length_2257_cov_4.034060
1	835	+	2	1.334787	I:	D:
884	1718	-	2	1.352347	I:1328,	D:
2028	2216	+	3	1.372643	I:	D:
>SRR24605838_contigs.fasta~NODE_5670_length_9010_cov_59.292797
12	6640	-	3	1.268339	I:1872,1916,	D:702,1568,5343,
6891	7478	+	3	1.288655	I:	D:
7755	9010	-	3	1.261159	I:	D:
>SRR24605838_contigs.fasta~NODE_66361_length_2029_cov_4.210233
1	457	-	2	1.255512	I:	D:
482	2029	-	2	1.350158	I:601,798,853,	D:
>SRR24605838_contigs.fasta~NODE_85142_length_1761_cov_4.191676
1	170	-	3	1.199319	I:	D:
188	973	-	2	1.230920	I:	D:
1012	1761	-	1	1.269898	I:	D:
>SRR24605838_contigs.fasta~NODE_93827_length_1666_cov_8.937306
1	621	-	1	1.241218	I:	D:
722	1615	+	2	1.279177	I:	D:
>SRR24605838_contigs.fasta~NODE_94866_length_1656_cov_20.251093
1	540	+	1	1.345344	I:	D:
848	1656	+	2	1.335450	I:	D:
>SRR24605839_contigs.fasta~NODE_104_length_24496_cov_11.204697
1	494	-	3	1.301340	I:	D:
807	992	+	3	1.389020	I:	D:
1057	1269	-	1	1.353153	I:	D:
1420	3628	-	1	1.360375	I:2735,2893,	D:2986,
3722	5533	+	2	1.357771	I:	D:
5550	7602	+	3	1.360295	I:	D:6532,7232,
7613	8446	-	2	1.319211	I:	D:
8571	9281	+	3	1.345090	I:	D:
9386	10606	+	2	1.325643	I:	D:
10628	11725	+	2	1.346578	I:	D:
11794	13823	+	1	1.329336	I:	D:12626,
13890	14480	-	3	1.324287	I:	D:
14532	15665	+	3	1.333944	I:	D:
15790	16320	+	1	1.302762	I:	D:
16328	16525	+	2	1.363064	I:	D:
16757	17758	+	2	1.334937	I:	D:
17787	18278	+	3	1.342136	I:	D:
18368	19720	+	2	1.344285	I:	D:
19757	19909	+	2	1.367125	I:	D:
19950	20639	+	3	1.327850	I:	D:
20855	21400	+	2	1.296593	I:	D:
21513	21797	+	3	1.308025	I:	D:
21873	22712	+	3	1.325550	I:	D:
22758	23882	+	3	1.321237	I:	D:
24114	24496	+	3	1.327496	I:24296,	D:
>SRR24605839_contigs.fasta~NODE_11786_length_3533_cov_28.159574
52	963	-	1	1.260789	I:	D:
1120	3533	+	1	1.226081	I:	D:
>SRR24605839_contigs.fasta~NODE_122004_length_1148_cov_2.865508
132	959	-	3	1.319688	I:	D:
>SRR24605839_contigs.fasta~NODE_1301_length_9743_cov_6.861272
1	1249	+	2	1.333461	I:	D:
1268	2014	-	2	1.347503	I:	D:
2147	3289	+	2	1.356488	I:2173,	D:2277,
3568	4503	-	1	1.328346	I:	D:
4612	6831	+	1	1.339123	I:	D:
7015	9556	-	1	1.351406	I:7254,	D:
9606	9743	+	3	1.337014	I:	D:
>SRR24605839_contigs.fasta~NODE_317905_length_747_cov_2.592486
1	747	+	1	1.342875	I:	D:41,
>SRR24605839_contigs.fasta~NODE_44098_length_1859_cov_5.768293
33	782	+	3	1.332446	I:	D:
795	1859	+	3	1.352975	I:	D:
>SRR24605839_contigs.fasta~NODE_45580_length_1830_cov_6.665352
1	701	+	3	1.335621	I:	D:
736	1611	-	1	1.338883	I:	D:
1708	1812	-	1	1.274351	I:	D:
>SRR24605841_contigs.fasta~NODE_120966_length_1992_cov_6.534331
1	625	+	2	1.230645	I:	D:
657	1449	-	3	1.226893	I:663,	D:
1556	1933	+	2	1.314035	I:	D:
>SRR24605841_contigs.fasta~NODE_1304_length_19539_cov_10.187025
36	1289	-	3	1.247834	I:	D:
1333	3041	-	1	1.264540	I:	D:1707,
3231	4005	+	3	1.282206	I:4001,	D:
4010	6691	-	2	1.270802	I:5443,	D:4680,
7069	8180	+	1	1.257761	I:	D:7996,
8194	9039	-	1	1.301645	I:	D:
9270	10211	+	3	1.247361	I:	D:
10224	12048	-	3	1.274081	I:	D:10959,11965,
12150	12881	+	3	1.277186	I:	D:
12959	13264	-	2	1.300625	I:	D:
13474	14826	+	1	1.256277	I:	D:
14831	17391	+	2	1.248859	I:	D:16184,
17392	19539	+	1	1.244827	I:18221,	D:
>SRR24605841_contigs.fasta~NODE_139152_length_1847_cov_11.518415
1	488	+	3	1.272060	I:	D:
494	1442	-	2	1.327091	I:1400,	D:
1607	1847	+	2	1.377404	I:	D:
>SRR24605841_contigs.fasta~NODE_18709_length_5313_cov_9.423925
1	1032	+	2	1.329337	I:	D:110,
1048	1203	-	1	1.348565	I:	D:
1413	2099	+	3	1.337147	I:	D:
2461	4821	-	1	1.337257	I:3660,3863,4771,	D:
4853	5313	+	2	1.400316	I:4942,	D:
>SRR24605841_contigs.fasta~NODE_225551_length_1419_cov_3.998534
1	397	+	2	1.242238	I:	D:
484	1362	+	1	1.304784	I:	D:
>SRR24605841_contigs.fasta~NODE_27109_length_4386_cov_6.279843
1	1332	+	1	1.311949	I:	D:
1333	1905	-	1	1.305344	I:	D:
2095	3024	+	1	1.337872	I:	D:
3056	4386	-	2	1.302060	I:	D:4208,
>SRR24605841_contigs.fasta~NODE_271287_length_1280_cov_4.484898
1	340	+	2	1.266729	I:	D:
394	1280	-	1	1.250816	I:	D:
>SRR24605841_contigs.fasta~NODE_284666_length_1246_cov_3.457599
1	1246	-	2	1.322566	I:33,	D:951,
>SRR24605841_contigs.fasta~NODE_293828_length_1224_cov_3.376390
1	934	-	1	1.333725	I:896,	D:
1071	1224	+	3	1.377310	I:1169,	D:
>SRR24605841_contigs.fasta~NODE_336507_length_1134_cov_4.265060
1	182	+	3	1.367953	I:	D:
343	1134	+	1	1.306934	I:	D:
>SRR24605841_contigs.fasta~NODE_3700_length_11993_cov_9.362288
1	680	-	3	1.296338	I:	D:
1062	1316	+	3	1.334201	I:	D:
1417	2553	+	1	1.353008	I:1614,	D:1669,
2901	6341	+	3	1.330508	I:	D:
6535	7428	-	1	1.320029	I:	D:
7554	8861	+	3	1.304788	I:	D:
8894	9880	-	2	1.311536	I:	D:
10523	11993	+	2	1.290519	I:	D:
>SRR24605841_contigs.fasta~NODE_430718_length_985_cov_4.341935
1	178	+	2	1.381377	I:	D:
227	985	-	2	1.288918	I:	D:
>SRR24605841_contigs.fasta~NODE_465710_length_942_cov_3.493799
1	121	+	2	1.251151	I:	D:
131	942	+	2	1.323123	I:	D:
>SRR24605841_contigs.fasta~NODE_52238_length_3119_cov_5.687010
1	1219	-	2	1.358052	I:	D:
1335	2006	+	3	1.346003	I:	D:
2155	3119	-	1	1.327079	I:	D:3062,
>SRR24605841_contigs.fasta~NODE_549732_length_857_cov_2.241895
1	66	+	1	1.305712	I:	D:
103	857	-	1	1.312496	I:	D:
>SRR24605841_contigs.fasta~NODE_576368_length_834_cov_3.080873
7	810	-	1	1.348384	I:	D:
>SRR24605841_contigs.fasta~NODE_707263_length_741_cov_1.829446
1	741	+	3	1.301778	I:	D:
>SRR24605841_contigs.fasta~NODE_98_length_53927_cov_14.434604
1	1484	-	2	1.324894	I:	D:93,248,
1633	3270	-	1	1.311475	I:	D:
3310	3636	-	1	1.263280	I:	D:
3815	4951	-	2	1.312036	I:	D:
4964	5719	-	2	1.339065	I:	D:
5872	6009	-	1	1.346430	I:	D:
6067	6675	-	1	1.339925	I:	D:
6777	8087	+	3	1.276181	I:	D:
8126	8524	+	2	1.344026	I:	D:
8542	9045	+	1	1.320721	I:	D:
9134	10984	-	2	1.303350	I:	D:
11163	11660	+	3	1.308834	I:	D:
11729	11830	+	2	1.352122	I:	D:
11877	12092	+	3	1.321532	I:	D:
12218	14015	-	2	1.275777	I:13989,	D:
14494	14775	+	1	1.317514	I:	D:
14782	15039	+	1	1.330365	I:	D:
15259	15729	+	1	1.359919	I:	D:
15832	16800	+	1	1.317151	I:	D:
17207	18973	-	2	1.298656	I:	D:
18979	21408	-	1	1.298096	I:	D:
21441	23164	-	3	1.322444	I:22935,23067,	D:
23311	23997	+	1	1.316671	I:	D:
24125	24860	+	2	1.327825	I:24193,	D:
24864	25961	+	3	1.297921	I:	D:
25965	28062	+	3	1.313804	I:26945,	D:
28140	33570	+	3	1.331688	I:30405,31130,	D:30467,
33756	34628	+	3	1.333217	I:	D:
34644	35834	-	3	1.322838	I:	D:
36050	37691	+	2	1.350530	I:36336,	D:
37729	39284	+	1	1.327661	I:	D:38505,
39456	41934	+	3	1.329172	I:39659,	D:
42023	42681	-	2	1.361559	I:	D:42612,
43170	44504	+	3	1.348775	I:	D:
44550	45056	+	3	1.353312	I:	D:
45194	46351	+	2	1.341013	I:	D:
46420	46969	-	1	1.375643	I:46933,	D:
47184	49622	+	3	1.333872	I:	D:
49697	50197	-	2	1.321159	I:	D:
50279	51334	-	2	1.274311	I:	D:
51400	52023	-	1	1.290718	I:	D:
52322	53506	+	2	1.383188	I:	D:
53675	53927	+	2	1.327445	I:	D:
>SRR24605842_contigs.fasta~NODE_101796_length_1622_cov_6.970006
1	122	+	3	1.320235	I:	D:
134	989	+	2	1.340698	I:985,	D:
1009	1622	-	1	1.346213	I:1158,	D:
>SRR24605842_contigs.fasta~NODE_108914_length_1557_cov_3.610519
132	869	-	3	1.327910	I:	D:
1005	1439	+	3	1.332997	I:	D:
1465	1557	+	1	1.282577	I:	D:
>SRR24605842_contigs.fasta~NODE_119188_length_1473_cov_8.311707
1	177	+	3	1.378141	I:127,	D:
208	1077	-	1	1.332270	I:	D:
1181	1399	+	2	1.367581	I:	D:
>SRR24605842_contigs.fasta~NODE_12640_length_5754_cov_12.757150
1	683	+	3	1.161103	I:	D:
892	1023	+	1	1.213899	I:	D:
1045	1587	+	1	1.124456	I:	D:
1821	2711	+	3	1.159115	I:	D:
2757	3713	-	3	1.205539	I:	D:
3786	5754	-	3	1.198475	I:	D:4538,
>SRR24605842_contigs.fasta~NODE_1390_length_20368_cov_10.564860
78	905	-	3	1.236241	I:	D:
953	1555	+	2	1.260085	I:	D:
1594	3062	+	1	1.293241	I:2827,3043,	D:
3170	3875	-	2	1.340501	I:3275,	D:
3942	5053	-	3	1.363433	I:4088,4773,4795,4847,4894,	D:
5113	5667	-	1	1.247463	I:	D:
5808	5888	+	3	1.278803	I:	D:
5987	7651	+	2	1.250052	I:	D:
8001	8213	-	3	1.317036	I:	D:
8346	10391	+	3	1.302498	I:	D:
10917	12665	-	3	1.293680	I:11655,11742,12328,	D:
12702	13275	-	3	1.307522	I:13142,13257,	D:13064,
13364	14040	-	2	1.332296	I:13789,13882,	D:
14106	15753	-	3	1.269957	I:15583,	D:
15824	17275	+	2	1.274573	I:	D:
17356	19415	-	1	1.252389	I:	D:18523,
19554	20368	-	3	1.242720	I:	D:
>SRR24605842_contigs.fasta~NODE_144792_length_1307_cov_5.384185
145	1307	+	1	1.290526	I:	D:969,
>SRR24605842_contigs.fasta~NODE_15064_length_5168_cov_7.752005
1	2634	-	3	1.274115	I:1173,1723,	D:265,
2885	3595	-	2	1.239456	I:	D:
3704	4084	+	2	1.244617	I:	D:
4087	5168	+	1	1.217683	I:	D:4458,
>SRR24605842_contigs.fasta~NODE_1717_length_18176_cov_14.783069
1	1960	+	2	1.228402	I:70,1495,1539,	D:
2204	3555	-	2	1.243383	I:	D:2721,
3587	3769	+	2	1.376053	I:	D:
3825	4376	+	3	1.260595	I:	D:
4470	5033	-	3	1.202852	I:	D:
5246	5770	-	2	1.227500	I:	D:
5935	6429	+	1	1.189666	I:	D:
6572	9186	+	2	1.223959	I:	D:7802,
9306	10091	+	3	1.220207	I:	D:
10173	12152	-	3	1.242812	I:	D:
12303	14210	-	3	1.198948	I:	D:
14434	14718	+	1	1.287258	I:	D:
14783	16711	+	2	1.221888	I:14970,	D:14859,
16827	18176	+	3	1.222997	I:17657,	D:
>SRR24605842_contigs.fasta~NODE_173_length_50357_cov_10.371277
1	775	+	3	1.320992	I:	D:77,
913	1288	+	1	1.363507	I:1180,	D:
1298	4891	+	2	1.346856	I:2010,	D:1316,
5013	5963	+	3	1.353373	I:	D:
5978	6295	+	2	1.320419	I:	D:
6362	9221	+	2	1.362883	I:7286,7388,	D:8319,
9392	9544	+	2	1.332590	I:	D:
9894	10145	+	3	1.252092	I:	D:
10173	10547	+	3	1.323758	I:	D:
10860	11060	-	3	1.316376	I:	D:
11113	12246	-	1	1.347978	I:11547,	D:11418,
12451	13320	+	1	1.331715	I:	D:
13515	14339	+	3	1.357628	I:	D:
14377	14827	-	1	1.356076	I:14563,14768,	D:14699,
14868	15575	+	3	1.306300	I:	D:
15689	16357	+	2	1.330449	I:	D:
16435	16920	+	1	1.330531	I:	D:
16986	17108	+	3	1.302380	I:	D:
17149	18045	+	1	1.331745	I:	D:
18047	18456	+	2	1.333190	I:	D:18332,
18530	19562	+	2	1.318478	I:18961,	D:
19605	19715	+	3	1.338502	I:	D:
19856	20929	+	2	1.324982	I:20838,	D:20369,
20962	21390	+	1	1.330478	I:	D:
21545	21889	+	2	1.332073	I:	D:
21950	22327	+	2	1.310100	I:	D:
22368	22484	+	3	1.338757	I:	D:
22502	23855	+	2	1.325489	I:23014,	D:
23993	24601	+	2	1.352121	I:	D:
24656	25717	+	2	1.333215	I:	D:
25958	26866	+	2	1.300151	I:	D:
26947	27141	+	1	1.328151	I:	D:
27179	27505	+	2	1.312637	I:	D:
27520	29135	+	1	1.327330	I:28968,	D:27945,28923,
29149	30648	-	1	1.341559	I:	D:
30818	31448	+	2	1.329436	I:31245,	D:
31557	34838	-	3	1.341239	I:	D:
34936	35284	+	1	1.330497	I:35067,	D:
35340	35675	-	3	1.298465	I:	D:
36028	37608	+	1	1.307582	I:	D:
37703	38458	-	2	1.317498	I:	D:
38684	39178	+	2	1.313155	I:	D:
39181	39630	+	1	1.341693	I:	D:
39676	41201	+	1	1.324194	I:	D:41191,
41207	42700	-	2	1.335364	I:	D:
42812	44359	+	2	1.331199	I:43709,	D:43328,
44433	44944	-	3	1.357443	I:44531,44767,	D:
45236	45926	+	2	1.333244	I:45587,	D:
45983	46231	-	2	1.293243	I:	D:
46278	46918	-	3	1.327646	I:46458,46576,	D:
47008	47940	+	1	1.338734	I:	D:
48038	49020	-	2	1.343339	I:48999,	D:48838,48881,
50122	50357	-	1	1.289021	I:	D:
>SRR24605842_contigs.fasta~NODE_20697_length_4249_cov_8.684072
1	436	+	2	1.321746	I:	D:
509	1299	+	2	1.315935	I:	D:680,
1344	1865	-	3	1.306639	I:	D:
1999	2883	+	1	1.350856	I:	D:
2942	3451	-	2	1.294721	I:	D:
3631	4249	-	1	1.301573	I:4028,	D:
>SRR24605842_contigs.fasta~NODE_20927_length_4222_cov_5.484281
1	101	+	3	1.297717	I:	D:
139	1450	+	1	1.294584	I:348,	D:
1451	2692	-	2	1.258811	I:	D:
2755	3093	+	1	1.268479	I:	D:
3128	3458	-	2	1.325673	I:3134,	D:
3596	4021	+	2	1.295372	I:	D:
4054	4222	+	1	1.237837	I:	D:
>SRR24605842_contigs.fasta~NODE_212_length_46105_cov_9.747079
1	246	-	1	1.333988	I:	D:
249	1526	-	3	1.317222	I:	D:
1735	2008	-	1	1.353659	I:1835,	D:
2032	2396	+	1	1.367562	I:	D:2228,
2492	3269	+	2	1.364257	I:3015,3263,	D:3077,
3287	4132	-	2	1.339924	I:	D:
4235	8248	+	2	1.309518	I:	D:
8265	9395	+	3	1.308791	I:	D:
9396	11593	-	3	1.331414	I:	D:10205,
11609	14820	-	2	1.335459	I:14351,14395,	D:
14968	16326	+	1	1.320700	I:	D:
16401	17777	+	3	1.315673	I:	D:
17802	20240	+	3	1.327609	I:	D:
20245	23980	+	1	1.322144	I:21550,	D:
24103	28032	+	1	1.315732	I:26982,	D:26954,
28205	29889	+	2	1.312024	I:29093,29601,	D:
29895	30929	-	3	1.345978	I:	D:
30932	31537	+	2	1.337355	I:	D:
31614	34121	+	3	1.350373	I:32159,	D:33704,
34280	37762	+	2	1.332757	I:	D:
37765	45658	-	1	1.332934	I:41714,	D:38806,39790,40557,42569,43765,44648,
45829	46105	-	1	1.322943	I:	D:
>SRR24605842_contigs.fasta~NODE_227769_length_987_cov_3.006438
1	709	+	2	1.281891	I:	D:
735	987	-	3	1.339855	I:940,	D:
>SRR24605842_contigs.fasta~NODE_27868_length_3556_cov_6.890888
1	113	+	3	1.236428	I:	D:
156	2099	+	3	1.300373	I:	D:
2130	3323	-	3	1.309031	I:2442,	D:2412,
3394	3556	+	1	1.352062	I:	D:
>SRR24605842_contigs.fasta~NODE_2872_length_13899_cov_9.083574
1	416	-	3	1.289194	I:	D:
533	952	-	2	1.271074	I:	D:
981	1454	+	3	1.327289	I:	D:
1482	2651	+	3	1.290841	I:	D:
2673	3187	-	3	1.341031	I:	D:3136,
3282	3451	+	3	1.295611	I:	D:3295,
3567	4145	+	3	1.291420	I:	D:
4147	4767	-	1	1.318965	I:	D:
4909	5550	+	1	1.332889	I:	D:
5604	5711	+	3	1.322337	I:	D:
5740	6983	+	1	1.331168	I:5923,6261,6364,	D:6605,
7029	7712	-	3	1.259513	I:	D:
7801	9039	+	1	1.276517	I:	D:
9081	9401	+	3	1.314517	I:	D:
9405	9764	+	3	1.293655	I:	D:
9768	10649	+	3	1.293703	I:	D:
10653	11780	+	3	1.278715	I:	D:
11826	12191	+	3	1.329751	I:	D:
12228	13479	-	3	1.292176	I:12881,	D:
13545	13899	+	3	1.277142	I:	D:
>SRR24605842_contigs.fasta~NODE_308242_length_816_cov_3.721419
1	752	-	3	1.311323	I:	D:
>SRR24605842_contigs.fasta~NODE_331_length_38543_cov_14.625286
1	1570	+	2	1.346078	I:	D:
1794	2767	+	3	1.362307	I:	D:1805,
2825	3349	-	2	1.285498	I:	D:
3833	4037	-	2	1.291341	I:3966,	D:
4111	5080	-	1	1.343682	I:4202,	D:
5197	5514	-	1	1.378430	I:5359,	D:5447,
5825	8002	+	2	1.328160	I:	D:
8220	8315	+	3	1.259283	I:	D:
8614	9900	-	1	1.296306	I:	D:
9989	11924	-	2	1.325275	I:11710,11746,	D:11546,
12103	13281	+	1	1.321803	I:	D:
13443	14415	+	3	1.319081	I:13914,	D:
14432	15256	+	2	1.306459	I:	D:
15324	16634	+	3	1.308396	I:	D:
16674	17795	-	3	1.306357	I:	D:
17954	18319	+	2	1.327190	I:	D:
18344	19714	+	2	1.317692	I:	D:
19765	20565	-	1	1.283532	I:	D:
20591	21661	-	2	1.314722	I:	D:
21719	24187	-	2	1.331719	I:21913,21949,21974,	D:
24292	25452	-	1	1.291439	I:	D:
25548	26075	-	3	1.321407	I:	D:
26136	26663	-	3	1.330220	I:	D:
26684	27520	-	2	1.302002	I:	D:
27564	29057	-	3	1.313243	I:	D:
29124	29651	-	3	1.304913	I:	D:
29764	30642	-	1	1.301088	I:	D:
30743	33723	-	2	1.310044	I:	D:31897,
33807	35189	-	3	1.334461	I:	D:
35246	36226	-	2	1.305627	I:	D:
36339	37412	-	3	1.325814	I:37315,	D:37290,
37594	38543	-	1	1.332173	I:37811,	D:
>SRR24605842_contigs.fasta~NODE_33912_length_3157_cov_5.583172
1	2902	+	1	1.242828	I:250,1162,	D:2200,
2950	3157	-	1	1.199392	I:	D:
>SRR24605842_contigs.fasta~NODE_4092_length_11348_cov_6.741344
1	199	-	1	1.357913	I:155,	D:
283	1451	+	1	1.344762	I:	D:666,
1505	2619	+	2	1.321392	I:	D:2427,
2622	2774	-	3	1.398234	I:	D:
2839	3054	-	1	1.353369	I:	D:
3123	4124	+	3	1.324208	I:	D:
4214	6231	+	2	1.340807	I:5947,6048,	D:
6588	7460	+	3	1.322832	I:	D:
7491	9236	-	3	1.339964	I:	D:
9350	11348	+	2	1.323872	I:	D:
>SRR24605842_contigs.fasta~NODE_48827_length_2535_cov_4.326210
1	178	+	2	1.184828	I:	D:
196	1724	+	1	1.253536	I:	D:1043,
2024	2535	-	2	1.250524	I:	D:
>SRR24605842_contigs.fasta~NODE_6247_length_8755_cov_5.504483
1	2186	-	3	1.295883	I:	D:
2329	3078	+	1	1.304465	I:	D:
3183	3856	+	3	1.386132	I:3697,	D:3479,3779,
3938	4909	-	2	1.294967	I:	D:
4915	8755	-	1	1.306680	I:	D:
>SRR24605842_contigs.fasta~NODE_7508_length_7866_cov_6.209960
1	678	+	3	1.293998	I:569,	D:
690	1562	-	3	1.255972	I:	D:
1613	2417	-	2	1.315461	I:2372,	D:
2427	3305	-	3	1.241502	I:	D:
3309	3611	-	3	1.260989	I:	D:
3642	6998	-	3	1.280838	I:6854,	D:6859,
7066	7866	-	1	1.286306	I:	D:
>SRR24605842_contigs.fasta~NODE_9155_length_6968_cov_14.878779
1	2847	+	1	1.323608	I:	D:
2919	3713	-	3	1.304751	I:	D:
3722	3922	-	2	1.270146	I:	D:
3987	5168	-	3	1.277447	I:	D:
5385	6488	+	3	1.328750	I:	D:
6565	6666	-	1	1.285488	I:	D:
6815	6968	-	2	1.312401	I:	D:
>SRR5830676_contigs.fasta~NODE_19939_length_2647_cov_2.515818
1	98	+	3	1.156334	I:	D:
102	2647	+	3	1.252044	I:	D:1057,2258,
>SRR5830676_contigs.fasta~NODE_23402_length_2402_cov_5.705582
1	346	+	2	1.276568	I:	D:
416	2402	-	2	1.220207	I:434,2155,	D:1257,
>SRR5830676_contigs.fasta~NODE_3109_length_7524_cov_11.551881
1	590	-	3	1.180642	I:	D:
687	3585	-	3	1.176901	I:3557,	D:
3676	6691	-	1	1.222787	I:	D:4582,5826,
6734	7524	-	2	1.217058	I:	D:
>SRR5830676_contigs.fasta~NODE_38754_length_1763_cov_2.109485
1	115	-	2	1.226542	I:	D:
169	1763	-	1	1.257957	I:1080,	D:
>SRR5830676_contigs.fasta~NODE_9070_length_4246_cov_4.612264
1	1144	-	2	1.294064	I:226,	D:190,
1167	1244	+	3	1.294764	I:	D:
1322	2221	+	2	1.205065	I:	D:
2758	4246	-	1	1.265963	I:4043,	D:2994,
>SRR5881985_contigs.fasta~NODE_10100_length_8875_cov_13.648639
62	983	-	2	1.331279	I:524,	D:
1123	1584	-	1	1.264486	I:	D:
1828	2067	+	1	1.315051	I:	D:
2139	3011	+	3	1.302259	I:	D:
3123	5101	+	3	1.320196	I:4036,4081,	D:
5176	5602	+	1	1.383811	I:5302,5430,	D:5494,
5668	6486	-	1	1.316448	I:	D:
6512	6776	-	2	1.342554	I:6657,	D:
6929	8875	+	2	1.309505	I:8594,	D:
>SRR5881985_contigs.fasta~NODE_119899_length_2156_cov_3.005236
1	178	+	2	1.171937	I:	D:
260	1868	+	2	1.213947	I:962,	D:
1883	2156	+	2	1.216121	I:	D:
>SRR5881985_contigs.fasta~NODE_120899_length_2145_cov_6.006220
1	1339	+	3	1.338956	I:	D:444,
1406	1771	+	2	1.309569	I:	D:
1846	2145	+	1	1.317575	I:	D:
>SRR5881985_contigs.fasta~NODE_125791_length_2095_cov_2.324020
1	817	+	2	1.318015	I:	D:
902	2095	-	2	1.332436	I:1935,	D:
>SRR5881985_contigs.fasta~NODE_155_length_50457_cov_6.283977
1	873	-	2	1.228061	I:	D:338,
1075	2877	+	1	1.219055	I:	D:
2916	3772	+	3	1.231914	I:	D:3748,
3796	5007	-	1	1.155735	I:	D:
5092	6521	-	1	1.204125	I:	D:6510,
6615	7748	+	3	1.207977	I:	D:
7758	8846	-	3	1.203689	I:	D:
8882	9334	+	2	1.236775	I:	D:
9347	11256	+	2	1.211950	I:	D:10182,
11320	12288	-	1	1.189125	I:11946,	D:12043,
12453	12886	-	3	1.223939	I:	D:12468,
12948	14919	-	3	1.213552	I:	D:13432,14273,
14993	15700	+	2	1.208431	I:	D:
15731	17386	+	2	1.167116	I:	D:
17444	18832	+	2	1.243904	I:	D:
18845	20551	-	2	1.193819	I:	D:
20624	22788	+	2	1.194756	I:	D:21537,
23062	24274	-	1	1.257386	I:23201,	D:
24311	24814	+	2	1.238265	I:	D:
24899	25891	-	2	1.246402	I:	D:
26049	27383	+	3	1.221732	I:	D:
27429	28687	+	3	1.206361	I:	D:27654,
28715	29337	-	2	1.240616	I:	D:29021,
29373	31879	+	3	1.250075	I:29391,	D:29425,31087,
31934	33516	+	2	1.187775	I:32490,32532,32677,	D:32598,
33521	35155	+	2	1.207083	I:	D:
35230	35550	-	1	1.167051	I:	D:
35709	36395	+	3	1.208581	I:	D:
36405	39307	+	3	1.195100	I:	D:36863,
39388	39651	+	1	1.226238	I:	D:
39682	40739	+	1	1.209188	I:	D:39933,
40772	41176	+	2	1.202606	I:	D:
41196	42864	+	3	1.235755	I:	D:41584,41641,
42924	47178	+	3	1.195580	I:44588,	D:44302,45495,46305,
47179	48927	-	1	1.234125	I:	D:
48928	50025	-	1	1.216432	I:	D:
50029	50457	-	1	1.186910	I:	D:
>SRR5881985_contigs.fasta~NODE_156286_length_1839_cov_8.979260
1	281	+	3	1.323010	I:	D:
354	1839	+	3	1.322191	I:1326,	D:1747,
>SRR5881985_contigs.fasta~NODE_173183_length_1729_cov_5.042413
1	249	+	1	1.324971	I:	D:
660	1568	+	3	1.314270	I:	D:
1639	1722	+	1	1.289962	I:	D:
>SRR5881985_contigs.fasta~NODE_17374_length_6579_cov_4.134733
1	206	-	3	1.294188	I:	D:
346	1296	+	1	1.321833	I:	D:
1298	3705	+	2	1.323754	I:	D:1682,
3782	4177	-	2	1.308920	I:	D:
4202	4543	-	2	1.295091	I:	D:
4719	5237	-	3	1.317492	I:	D:
5258	6579	-	2	1.313244	I:	D:
>SRR5881985_contigs.fasta~NODE_253050_length_1377_cov_1.918306
115	450	+	1	1.286118	I:	D:
459	1326	-	3	1.288563	I:468,	D:
>SRR5881985_contigs.fasta~NODE_258418_length_1359_cov_8.796779
1	277	-	2	1.314680	I:	D:
388	1347	+	1	1.327727	I:	D:
>SRR5881985_contigs.fasta~NODE_26834_length_5144_cov_3.952053
1	218	-	3	1.265840	I:	D:
297	1160	-	3	1.286746	I:	D:
1514	4000	+	2	1.222818	I:	D:
4023	4955	-	3	1.237252	I:	D:
4956	5144	-	3	1.328327	I:	D:
>SRR5881985_contigs.fasta~NODE_307742_length_1224_cov_1.327630
1	1224	-	1	1.237303	I:	D:493,
>SRR5881985_contigs.fasta~NODE_40095_length_4097_cov_2.180851
1	119	+	3	1.259984	I:	D:
193	765	-	1	1.276259	I:	D:
790	1200	-	1	1.273085	I:	D:
1213	1628	-	1	1.362477	I:	D:1333,
1629	2598	-	3	1.276043	I:2541,	D:
2724	4097	+	3	1.289816	I:	D:
>SRR5881985_contigs.fasta~NODE_43852_length_3889_cov_3.014867
1	1936	-	2	1.189089	I:41,177,	D:124,1066,
2165	3358	+	2	1.237332	I:2234,2996,3170,3242,	D:3026,
3412	3798	+	1	1.290517	I:3419,3462,	D:3619,3708,
>SRR5881985_contigs.fasta~NODE_444736_length_981_cov_7.750540
1	245	+	3	1.249279	I:	D:
264	981	-	3	1.327959	I:	D:
>SRR5881985_contigs.fasta~NODE_45924_length_3784_cov_2.218289
105	902	-	3	1.329036	I:	D:
941	2357	-	2	1.336265	I:1432,	D:
2411	2941	-	2	1.300146	I:	D:
2944	3456	-	1	1.341754	I:	D:
3496	3784	+	1	1.359601	I:3567,	D:
>SRR5881985_contigs.fasta~NODE_470382_length_950_cov_1.486034
1	950	-	1	1.315263	I:	D:97,
>SRR5881985_contigs.fasta~NODE_52059_length_3521_cov_7.168494
44	349	-	2	1.151243	I:	D:
493	2279	-	1	1.167877	I:	D:1396,
2386	3330	+	1	1.152210	I:2530,	D:2447,
3444	3521	+	3	1.207583	I:	D:
>SRR5881985_contigs.fasta~NODE_573831_length_845_cov_1.368354
1	755	+	3	1.344900	I:	D:
>SRR5881985_contigs.fasta~NODE_61119_length_3206_cov_4.543320
1	898	+	2	1.319263	I:	D:
946	3206	+	1	1.311702	I:1795,1928,	D:2521,2979,
>SRR5881985_contigs.fasta~NODE_63455_length_3138_cov_2.543626
1	247	-	2	1.322938	I:	D:
302	424	+	2	1.372401	I:	D:
451	1452	+	1	1.307286	I:	D:
1483	3138	+	1	1.355690	I:	D:2424,
>SRR5881985_contigs.fasta~NODE_641419_length_791_cov_1.614130
1	791	+	2	1.322836	I:	D:
>SRR5881985_contigs.fasta~NODE_73518_length_2877_cov_3.875620
1	870	-	2	1.320934	I:	D:492,
888	1847	-	3	1.328632	I:	D:
1874	2797	-	2	1.314138	I:	D:
2801	2877	-	2	1.282691	I:	D:
>SRR5881985_contigs.fasta~NODE_831107_length_680_cov_5.123200
1	672	+	1	1.318434	I:	D:
>SRR5881985_contigs.fasta~NODE_85415_length_2638_cov_3.020519
1	1343	+	2	1.246714	I:413,	D:
1433	2141	+	2	1.189088	I:2133,	D:
2166	2638	-	3	1.290913	I:	D:
>SRR5881985_contigs.fasta~NODE_95556_length_2471_cov_7.850993
1	1145	-	3	1.315392	I:	D:
1283	2230	+	2	1.326937	I:	D:
2246	2471	+	2	1.327537	I:	D:
>SRR5882551_contigs.fasta~NODE_56542_length_2018_cov_3.477331
1	613	+	2	1.326115	I:	D:
650	1501	+	2	1.323878	I:	D:
1568	1933	+	2	1.308207	I:	D:
>SRR6263202_contigs.fasta~NODE_17789_length_3508_cov_13.491167
1	326	+	3	1.290196	I:	D:
386	2374	+	2	1.383727	I:	D:
2499	3508	-	3	1.277134	I:3406,	D:
>SRR6263206_contigs.fasta~NODE_105460_length_1522_cov_1.961145
1	589	+	2	1.321997	I:	D:
683	1522	+	2	1.310988	I:777,	D:
>SRR6263206_contigs.fasta~NODE_10660_length_5109_cov_4.400673
1	1940	-	3	1.338669	I:	D:1117,1199,1784,
1953	3400	+	3	1.341478	I:2063,2092,	D:
3460	4296	+	1	1.321666	I:	D:
4339	5109	-	1	1.326970	I:	D:
>SRR6263206_contigs.fasta~NODE_110398_length_1485_cov_1.618182
1	87	-	1	1.201547	I:	D:
316	1485	+	1	1.239404	I:385,1147,1310,1393,1421,	D:1177,
>SRR6263206_contigs.fasta~NODE_142871_length_1290_cov_3.271255
1	130	+	2	1.275676	I:	D:
264	1175	+	3	1.321961	I:	D:
>SRR6263206_contigs.fasta~NODE_321935_length_816_cov_1.725361
69	816	+	3	1.320421	I:	D:
>SRR6263206_contigs.fasta~NODE_36976_length_2676_cov_2.792064
1	1885	-	2	1.319052	I:1024,	D:369,
1924	2676	-	1	1.300490	I:	D:
>SRR6263206_contigs.fasta~NODE_400509_length_719_cov_1.831325
1	719	-	2	1.379092	I:619,	D:
>SRR6263206_contigs.fasta~NODE_4243_length_7989_cov_3.362491
1	904	+	2	1.201540	I:	D:
907	2841	+	1	1.225163	I:	D:
3253	5416	+	1	1.288038	I:	D:4551,5412,
5446	5826	-	1	1.267299	I:	D:
5830	6549	-	1	1.310309	I:6249,	D:6402,
6764	7675	+	2	1.257207	I:	D:
7746	7989	+	3	1.332623	I:	D:
>SRR6263206_contigs.fasta~NODE_44110_length_2439_cov_7.854446
1	819	+	1	1.325627	I:	D:
879	1730	+	3	1.337278	I:	D:
1767	2439	+	3	1.331168	I:	D:
>SRR6263206_contigs.fasta~NODE_94688_length_1613_cov_3.721438
1	135	-	1	1.331516	I:	D:
280	570	+	1	1.317887	I:	D:
640	1613	-	1	1.329399	I:	D:795,
>SRR6263248_contigs.fasta~NODE_104730_length_1763_cov_24.493560
35	946	-	2	1.294014	I:	D:
1069	1763	+	1	1.221941	I:	D:
>SRR6263248_contigs.fasta~NODE_124965_length_1578_cov_25.815496
1	695	-	3	1.233505	I:	D:
818	1578	+	2	1.287572	I:	D:
>SRR6263248_contigs.fasta~NODE_140897_length_1463_cov_5.503551
1	1463	+	2	1.250517	I:269,	D:1194,
>SRR6263248_contigs.fasta~NODE_184901_length_1226_cov_3.867635
1	923	-	3	1.265512	I:73,82,859,	D:
986	1226	-	2	1.233447	I:	D:
>SRR6263248_contigs.fasta~NODE_195803_length_1180_cov_6.484444
1	1180	+	2	1.268615	I:290,	D:
>SRR6263248_contigs.fasta~NODE_29641_length_3758_cov_9.377802
97	999	-	1	1.299073	I:	D:
1224	2249	+	3	1.271019	I:	D:
2432	2878	+	2	1.335084	I:	D:
2938	3758	-	1	1.281059	I:3175,	D:
>SRR6263248_contigs.fasta~NODE_42948_length_3028_cov_8.048436
1	98	-	3	1.346265	I:	D:
261	1121	+	3	1.246705	I:	D:
1274	1426	-	2	1.301069	I:	D:
1465	2157	-	1	1.300883	I:	D:
2172	3028	-	3	1.281154	I:	D:
>SRR6263248_contigs.fasta~NODE_53315_length_2662_cov_8.056770
1	126	+	1	1.183150	I:	D:
224	1793	+	2	1.245395	I:898,	D:
1942	2662	+	1	1.253955	I:	D:
>SRR6263248_contigs.fasta~NODE_6216_length_9093_cov_10.172826
1	129	+	1	1.315734	I:	D:
162	1544	-	3	1.324931	I:	D:
1724	2863	+	2	1.315240	I:	D:
2878	3561	+	1	1.317518	I:	D:
3581	4066	+	2	1.304596	I:	D:
4088	4603	-	2	1.327938	I:	D:
4690	6015	+	1	1.312204	I:	D:
6029	7084	+	2	1.304807	I:	D:
7089	7970	+	3	1.304600	I:	D:
8052	8291	+	3	1.323614	I:	D:
8302	9093	+	1	1.317117	I:	D:
>SRR6263258_contigs.fasta~NODE_103063_length_2026_cov_6.748351
95	460	-	2	1.311298	I:	D:
527	1985	-	2	1.331810	I:1446,	D:
>SRR6263258_contigs.fasta~NODE_122731_length_1837_cov_19.358586
1	899	-	3	1.156023	I:	D:
1212	1717	+	3	1.204201	I:	D:1255,
>SRR6263258_contigs.fasta~NODE_1500_length_15408_cov_6.895135
1	597	+	3	1.331330	I:16,	D:
694	1086	-	1	1.304921	I:	D:
1182	1949	+	3	1.299692	I:	D:
1959	2585	+	3	1.333148	I:	D:
2618	3718	+	2	1.299785	I:	D:
3722	4048	+	2	1.312082	I:	D:
4091	7298	-	2	1.316674	I:4630,4689,5391,7174,	D:
7307	9250	-	2	1.289868	I:	D:
9432	11147	+	3	1.267123	I:	D:
11160	11669	+	3	1.320901	I:	D:
11731	12154	+	1	1.312947	I:11976,	D:
12182	13547	-	2	1.281431	I:12983,	D:
13597	14472	-	1	1.294921	I:	D:
14582	15142	-	2	1.283812	I:	D:
>SRR6263258_contigs.fasta~NODE_1617_length_14913_cov_6.680240
463	1239	-	1	1.303304	I:	D:
1277	2596	-	2	1.303460	I:	D:
2614	4152	-	1	1.307662	I:	D:
4162	5010	-	1	1.303323	I:	D:
5036	6167	-	2	1.323281	I:5158,	D:
6179	6934	-	2	1.300023	I:	D:
7054	7887	-	1	1.328049	I:	D:
8047	9320	+	1	1.321829	I:	D:9009,
9426	10931	-	3	1.304770	I:	D:
11135	12136	+	2	1.305344	I:	D:
12170	14379	+	2	1.351200	I:	D:13108,
14392	14913	-	1	1.340526	I:	D:
>SRR6263258_contigs.fasta~NODE_168381_length_1534_cov_4.064909
1	68	+	3	1.305896	I:	D:
130	981	-	1	1.331582	I:	D:
1411	1534	+	1	1.341685	I:	D:
>SRR6263258_contigs.fasta~NODE_183512_length_1460_cov_4.675445
1	1460	-	1	1.324750	I:104,504,	D:
>SRR6263258_contigs.fasta~NODE_195715_length_1407_cov_1.916420
1	94	+	2	1.286019	I:	D:
167	1407	+	2	1.325136	I:1139,	D:
>SRR6263258_contigs.fasta~NODE_257933_length_1198_cov_2.993001
147	881	+	3	1.336007	I:	D:
900	1198	-	3	1.284065	I:	D:
>SRR6263258_contigs.fasta~NODE_2620_length_12409_cov_6.250040
98	1936	+	2	1.218915	I:	D:
1943	2843	+	2	1.259468	I:2785,	D:
2854	4232	-	1	1.168499	I:	D:4138,
4281	7465	-	3	1.227349	I:	D:6132,
7682	8815	+	2	1.161268	I:	D:
8855	9896	-	2	1.228726	I:8862,	D:
10015	10389	+	1	1.200257	I:	D:
10400	12309	+	2	1.221840	I:	D:11268,
>SRR6263258_contigs.fasta~NODE_344487_length_1006_cov_3.332282
78	1006	-	3	1.146979	I:880,	D:
>SRR6263258_contigs.fasta~NODE_397_length_24295_cov_8.042285
44	1594	-	2	1.218411	I:	D:
1637	3657	+	2	1.262324	I:	D:2118,
3677	4444	+	2	1.206339	I:	D:
4550	4947	-	2	1.276101	I:	D:4554,
5526	6371	-	3	1.243309	I:	D:
6570	8699	+	3	1.218224	I:	D:
8760	9251	+	3	1.239848	I:	D:
9291	9950	-	3	1.212936	I:	D:
10067	10390	+	2	1.218036	I:	D:
10415	10777	+	2	1.221535	I:	D:
10806	11235	-	3	1.256811	I:11219,	D:
11365	13005	+	1	1.200146	I:	D:
13055	14183	+	2	1.246046	I:13408,13471,13478,13502,	D:
14265	15764	-	3	1.240459	I:	D:
15886	16449	+	1	1.196779	I:	D:
16525	17208	-	1	1.234427	I:	D:
17404	18805	-	1	1.267454	I:17962,	D:
18920	19507	-	2	1.265905	I:	D:
19654	19944	+	1	1.172094	I:	D:
19965	20870	-	3	1.247460	I:	D:
20914	23088	-	1	1.216759	I:22703,	D:21980,
23252	24295	+	2	1.256900	I:23634,	D:23514,
>SRR6263258_contigs.fasta~NODE_54399_length_2877_cov_10.991141
1	353	+	2	1.386258	I:53,181,	D:245,
419	1237	-	2	1.315429	I:	D:
1263	1527	-	3	1.334499	I:1408,	D:
1680	2877	+	3	1.315617	I:	D:
>SRR6263258_contigs.fasta~NODE_66015_length_2591_cov_8.208596
1	115	-	3	1.372711	I:	D:33,
222	1237	+	3	1.323079	I:	D:256,
1287	2165	+	3	1.305161	I:	D:
2292	2591	+	3	1.296191	I:	D:
>SRR6263259_contigs.fasta~NODE_114598_length_1219_cov_2.647766
1	384	+	1	1.254269	I:	D:
387	1219	-	3	1.307447	I:	D:391,
>SRR6263259_contigs.fasta~NODE_121067_length_1180_cov_2.329778
176	1114	+	2	1.142778	I:	D:
>SRR6263259_contigs.fasta~NODE_122933_length_1169_cov_2.938061
1	170	+	3	1.287590	I:	D:
201	1151	+	3	1.354948	I:	D:
>SRR6263259_contigs.fasta~NODE_214893_length_831_cov_1.998711
1	831	+	3	1.344494	I:	D:
>SRR6263259_contigs.fasta~NODE_36754_length_2363_cov_3.377383
1	331	+	1	1.361361	I:177,	D:
357	1175	+	3	1.314256	I:	D:
1179	1283	+	3	1.349007	I:	D:
1342	1667	-	1	1.376156	I:1416,1540,	D:
1742	2363	-	2	1.326748	I:	D:
>SRR6263259_contigs.fasta~NODE_54824_length_1878_cov_13.356555
1	269	-	3	1.307503	I:	D:
344	709	-	2	1.315701	I:	D:
776	1878	-	2	1.331536	I:	D:1672,
>SRR6263259_contigs.fasta~NODE_64392_length_1712_cov_3.391672
433	1403	-	1	1.337068	I:	D:616,
1584	1712	+	3	1.303377	I:	D:
>SRR6263322_contigs.fasta~NODE_122308_length_1156_cov_1.712988
1	102	-	1	1.315258	I:	D:
116	1103	-	2	1.319210	I:1015,	D:
>SRR6263322_contigs.fasta~NODE_137303_length_1084_cov_2.946550
1	342	+	3	1.387537	I:42,170,	D:234,
408	1084	-	3	1.310465	I:	D:
>SRR6263322_contigs.fasta~NODE_189062_length_908_cov_2.147714
1	784	-	2	1.328177	I:	D:
>SRR6263322_contigs.fasta~NODE_35286_length_2297_cov_7.310437
1	455	+	3	1.344154	I:	D:
492	1343	+	3	1.328316	I:	D:
1410	1775	+	3	1.315714	I:	D:
1850	2239	+	2	1.312111	I:	D:
>SRR6263322_contigs.fasta~NODE_63607_length_1659_cov_2.782419
1	404	-	3	1.350668	I:	D:
605	1462	+	2	1.324149	I:	D:
>SRR6263322_contigs.fasta~NODE_78438_length_1478_cov_3.829234
1	1370	+	2	1.343287	I:	D:694,757,
>SRR6263322_contigs.fasta~NODE_88023_length_1387_cov_2.954955
1	126	+	1	1.286355	I:	D:
157	1387	+	1	1.355751	I:	D:1095,
>SRR6263654_contigs.fasta~NODE_103971_length_1141_cov_2.097606
18	866	-	3	1.293010	I:	D:
966	1141	-	3	1.366833	I:	D:
>SRR6263654_contigs.fasta~NODE_13620_length_3460_cov_5.156828
1	1788	-	2	1.318370	I:	D:1418,
1828	2876	-	1	1.318415	I:2712,2864,	D:
2917	3460	+	1	1.310109	I:	D:
>SRR6263654_contigs.fasta~NODE_142169_length_961_cov_1.555188
1	961	-	1	1.325639	I:915,	D:
>SRR6263654_contigs.fasta~NODE_15191_length_3266_cov_4.399875
1	3039	-	1	1.334954	I:1005,	D:3011,
3169	3266	+	1	1.362037	I:	D:
>SRR6263654_contigs.fasta~NODE_268_length_19389_cov_5.807541
85	459	+	1	1.327693	I:	D:
553	696	+	1	1.287358	I:	D:
714	809	+	3	1.276026	I:	D:
814	1278	+	1	1.331304	I:	D:
1327	1542	+	1	1.310121	I:	D:
1593	4370	+	3	1.320608	I:	D:
4386	4760	+	3	1.319474	I:	D:
4761	6658	-	3	1.350686	I:4976,5103,	D:
7060	7770	+	1	1.330715	I:	D:
7790	8479	+	2	1.341311	I:	D:
8647	9397	+	1	1.343669	I:	D:8705,9333,
9404	9661	+	2	1.359546	I:	D:
9721	10233	+	1	1.341194	I:	D:
10236	10739	+	3	1.307156	I:	D:
10828	11763	+	1	1.332546	I:	D:
11774	12244	+	2	1.334782	I:	D:
12290	13847	+	2	1.339976	I:13544,13574,	D:13383,
13886	14683	+	2	1.332530	I:	D:
14763	15332	+	3	1.316684	I:	D:
15335	15670	+	2	1.343719	I:	D:
15748	15933	+	1	1.318796	I:	D:
15943	16014	+	1	1.275362	I:	D:
16130	16609	+	2	1.339834	I:	D:
16693	17646	+	1	1.327390	I:	D:
17789	18617	+	2	1.336626	I:18119,	D:
18752	19111	+	2	1.339178	I:	D:
19271	19389	+	2	1.365015	I:	D:
>SRR6263654_contigs.fasta~NODE_37528_length_1991_cov_2.399277
116	1024	-	2	1.315757	I:	D:
1435	1991	-	1	1.328590	I:	D:
>SRR6263654_contigs.fasta~NODE_73292_length_1383_cov_7.740211
1	406	+	2	1.352088	I:9,	D:292,
443	1294	-	2	1.319603	I:	D:
>SRR6263655_contigs.fasta~NODE_107324_length_1034_cov_2.342186
1	724	-	2	1.325452	I:	D:
906	1034	+	3	1.303052	I:	D:
>SRR6263655_contigs.fasta~NODE_3811_length_5910_cov_3.375918
1	106	+	2	1.338982	I:	D:
233	1360	+	2	1.344772	I:	D:
1517	2368	+	2	1.329377	I:	D:
2427	4168	+	3	1.335315	I:	D:3273,
4235	4600	+	2	1.309569	I:	D:
4675	5064	+	1	1.316621	I:	D:
5115	5522	+	3	1.369203	I:	D:
5630	5910	+	2	1.372486	I:	D:5756,
>SRR6263655_contigs.fasta~NODE_60338_length_1412_cov_2.366249
1	1412	+	2	1.256233	I:275,828,1058,1089,	D:799,
>SRR6263655_contigs.fasta~NODE_92549_length_1120_cov_1.651643
1	1120	-	1	1.247277	I:60,227,1100,	D:196,
>SRR6263737_contigs.fasta~NODE_63807_length_1645_cov_2.564151
1	106	-	2	1.269975	I:	D:
119	471	-	2	1.339515	I:	D:217,
698	1645	-	2	1.318439	I:1563,	D:
>SRR6265795_contigs.fasta~NODE_143257_length_755_cov_2.004286
1	755	+	3	1.329737	I:	D:644,
>SRR6265866_contigs.fasta~NODE_120031_length_1095_cov_1.820192
1	955	-	2	1.305543	I:	D:
>SRR6265866_contigs.fasta~NODE_158374_length_939_cov_1.306561
1	939	-	2	1.282892	I:115,129,	D:
>SRR6265866_contigs.fasta~NODE_76014_length_1408_cov_2.039911
1	492	-	1	1.299892	I:	D:
628	1408	+	1	1.321521	I:	D:
>SRR6265866_contigs.fasta~NODE_95714_length_1241_cov_2.413153
1	286	-	2	1.295175	I:	D:
326	1241	-	2	1.303693	I:	D:
>SRR6266047_contigs.fasta~NODE_62673_length_1210_cov_2.328139
1	165	+	1	1.304105	I:	D:
177	1210	-	3	1.326215	I:1065,	D:
>SRR6266047_contigs.fasta~NODE_9184_length_3731_cov_3.444233
1	544	-	3	1.410112	I:69,215,282,	D:300,
842	1573	-	2	1.286552	I:	D:
1859	2938	-	2	1.270263	I:	D:
3002	3731	-	2	1.292359	I:	D:
>SRR6266108_contigs.fasta~NODE_34013_length_1821_cov_4.675538
1	245	-	3	1.309285	I:	D:
320	685	-	2	1.316502	I:	D:
752	1821	-	2	1.331342	I:	D:1648,
>SRR6266108_contigs.fasta~NODE_7619_length_4146_cov_2.778783
1	344	+	3	1.303254	I:	D:
434	864	+	2	1.345542	I:473,	D:559,741,
1009	2024	+	1	1.325172	I:	D:1043,
2072	4146	+	2	1.313354	I:2921,	D:3580,4038,
>SRR6266133_contigs.fasta~NODE_25891_length_1986_cov_3.582600
1	888	+	1	1.220302	I:	D:
895	1795	+	1	1.265779	I:1737,	D:
1806	1986	-	3	1.072570	I:	D:
>SRR6266134_contigs.fasta~NODE_35055_length_2192_cov_2.250351
1	723	-	1	1.298295	I:	D:
762	1601	-	3	1.317416	I:	D:
1603	1838	+	1	1.348738	I:	D:1622,
1922	2192	-	2	1.306441	I:	D:2046,
>SRR6266134_contigs.fasta~NODE_89177_length_1332_cov_3.026625
1	869	+	3	1.324178	I:	D:
936	1301	+	3	1.311604	I:	D:
>SRR6266221_contigs.fasta~NODE_2763_length_12661_cov_9.501428
1	1293	-	2	1.202755	I:	D:909,
1397	2545	+	2	1.192301	I:	D:
2586	3608	+	3	1.216128	I:	D:
3699	4250	+	3	1.202449	I:	D:
4335	4814	+	3	1.328563	I:4560,4616,4772,	D:
5087	5161	+	2	1.321491	I:	D:
5261	7455	-	2	1.211229	I:	D:7080,
7467	7847	-	3	1.211048	I:	D:
7942	8649	+	1	1.189899	I:	D:
8657	11175	+	2	1.217955	I:9539,10434,	D:
11189	11701	-	2	1.274074	I:	D:
11736	12661	-	3	1.228654	I:	D:
>SRR6266221_contigs.fasta~NODE_8053_length_5807_cov_5.359179
1	757	+	3	1.321281	I:	D:25,
1204	2091	-	1	1.171482	I:	D:
2141	3761	-	2	1.227331	I:3061,	D:
3846	5135	-	3	1.166113	I:	D:
5392	5807	+	1	1.229580	I:	D:5706,
>SRR6266221_contigs.fasta~NODE_9126_length_5316_cov_3.602927
1	880	+	2	1.228868	I:	D:
942	1868	+	3	1.265551	I:	D:
2305	2955	+	1	1.303926	I:	D:
3092	3428	-	2	1.351425	I:3156,	D:
3719	4531	-	2	1.259649	I:	D:
4700	5316	+	2	1.321567	I:	D:
>SRR6266221_contigs.fasta~NODE_97671_length_1108_cov_1.926876
1	212	+	3	1.300372	I:	D:
243	1108	+	3	1.244323	I:281,1075,	D:
>SRR6266334_contigs.fasta~NODE_114314_length_979_cov_1.975108
1	979	+	3	1.343840	I:647,	D:
>SRR6266334_contigs.fasta~NODE_12809_length_2496_cov_4.067595
1	1105	-	2	1.363715	I:	D:
1527	1713	+	3	1.334175	I:1641,	D:
1875	2496	-	3	1.285144	I:	D:
>SRR6266334_contigs.fasta~NODE_13580_length_2432_cov_2.646193
1	288	+	3	1.359235	I:96,	D:
358	1299	-	1	1.297553	I:	D:
1364	2432	-	2	1.321509	I:	D:
>SRR6266334_contigs.fasta~NODE_15479_length_2296_cov_4.116466
1	844	+	2	1.318453	I:	D:
846	2296	+	3	1.324617	I:	D:1230,
>SRR6266334_contigs.fasta~NODE_156526_length_857_cov_1.415212
1	712	+	1	1.307472	I:87,	D:
775	857	-	1	1.358037	I:	D:
>SRR6266334_contigs.fasta~NODE_159_length_28336_cov_5.450903
1	278	-	3	1.239984	I:	D:
367	1089	-	1	1.298753	I:	D:
1105	1533	-	1	1.284386	I:	D:
1589	1690	+	2	1.328457	I:	D:
1750	2356	+	1	1.363901	I:1836,1930,2064,2101,	D:
2403	3452	-	3	1.285379	I:	D:
3507	4337	+	3	1.304989	I:	D:
4545	5417	+	3	1.280986	I:	D:
5425	7700	+	1	1.263150	I:	D:6084,
7784	8800	+	2	1.265608	I:	D:
8902	9555	+	1	1.285286	I:	D:
9706	10205	-	1	1.310894	I:	D:9923,
10207	10522	+	1	1.312935	I:10296,	D:
10556	10957	-	2	1.363809	I:	D:
11072	12754	+	2	1.286535	I:12398,12729,	D:11704,12648,
12777	13850	-	3	1.262874	I:	D:
13961	14029	-	2	1.301802	I:	D:
14048	14166	-	2	1.308535	I:	D:14083,
14260	15847	+	1	1.343566	I:14510,15810,	D:14364,
15870	15995	-	3	1.315790	I:	D:
16204	18095	-	1	1.326705	I:17367,17725,17930,	D:17231,
18291	18539	-	3	1.353554	I:	D:
18981	19061	+	3	1.253247	I:	D:
19126	19841	+	1	1.325880	I:	D:19419,
20176	20484	-	1	1.369269	I:	D:
20691	23404	-	3	1.329012	I:21652,22133,	D:
23651	24994	+	2	1.262101	I:	D:
25059	26054	-	3	1.271205	I:	D:
26345	27877	+	2	1.301236	I:	D:
28211	28336	-	2	1.336360	I:	D:
>SRR6266334_contigs.fasta~NODE_268608_length_683_cov_1.490446
75	683	-	3	1.341177	I:	D:144,
>SRR6266334_contigs.fasta~NODE_27399_length_1791_cov_3.664171
1	1662	+	1	1.320772	I:81,1012,1198,	D:
1719	1791	+	3	1.307849	I:	D:
>SRR6266334_contigs.fasta~NODE_51273_length_1374_cov_2.699773
1	1374	-	3	1.353170	I:179,290,1315,	D:
>SRR6266334_contigs.fasta~NODE_55920_length_1324_cov_6.983452
1	1324	+	1	1.285464	I:	D:810,
>SRR6266336_contigs.fasta~NODE_117357_length_892_cov_1.811231
1	106	+	2	1.200274	I:	D:
111	892	+	3	1.253968	I:	D:
>SRR6266336_contigs.fasta~NODE_33691_length_1527_cov_2.595788
1	157	-	2	1.272546	I:	D:
190	1047	-	1	1.320039	I:	D:
1066	1233	-	1	1.328787	I:	D:
1307	1527	-	2	1.309906	I:	D:
>SRR6266336_contigs.fasta~NODE_348_length_12063_cov_3.040473
1	2287	-	2	1.249943	I:	D:
2349	3170	+	3	1.246977	I:	D:
3280	4263	+	1	1.215379	I:	D:
4311	5222	+	3	1.221348	I:	D:
5225	7505	+	2	1.243319	I:	D:5430,5947,
7556	10519	+	2	1.250274	I:	D:
10532	12063	-	2	1.257877	I:	D:
>SRR6266338_contigs.fasta~NODE_11371_length_5568_cov_4.142935
1	301	+	2	1.331046	I:	D:
325	989	+	1	1.355400	I:	D:839,
1020	1283	+	3	1.321214	I:	D:
1550	2410	-	2	1.345282	I:	D:
2431	3243	-	1	1.326498	I:	D:
3266	3337	+	2	1.335912	I:	D:
3357	3509	+	3	1.394970	I:	D:
3643	4008	-	1	1.382551	I:3842,	D:3828,
4168	5568	-	1	1.313973	I:5224,	D:5151,5339,
>SRR6266338_contigs.fasta~NODE_123573_length_1169_cov_7.563734
1	133	-	2	1.379058	I:	D:
157	1169	-	1	1.254570	I:	D:
>SRR6266338_contigs.fasta~NODE_13530_length_4915_cov_5.804527
1	669	-	1	1.281816	I:	D:
843	1028	-	3	1.279419	I:	D:
1062	1598	-	3	1.278245	I:	D:
2240	4639	-	2	1.336651	I:	D:
4705	4915	+	1	1.403272	I:4805,4852,	D:
>SRR6266338_contigs.fasta~NODE_135876_length_1104_cov_2.634890
12	866	-	3	1.315239	I:	D:
901	1104	-	1	1.306494	I:	D:
>SRR6266338_contigs.fasta~NODE_144945_length_1062_cov_4.121152
1	702	-	1	1.248966	I:	D:
891	1062	-	3	1.286372	I:	D:
>SRR6266338_contigs.fasta~NODE_174034_length_953_cov_1.800668
91	953	-	1	1.276586	I:	D:
>SRR6266338_contigs.fasta~NODE_17702_length_4080_cov_7.613416
1	1191	+	1	1.335387	I:	D:
1254	1412	-	3	1.323730	I:	D:
1477	3208	+	1	1.339183	I:	D:2164,3177,
3214	3741	-	1	1.308306	I:	D:
3832	4080	-	1	1.380532	I:	D:4013,
>SRR6266338_contigs.fasta~NODE_195_length_43980_cov_8.641662
1	3531	+	2	1.293747	I:	D:811,
3546	4004	+	3	1.280663	I:	D:
4067	4146	+	2	1.318595	I:	D:4096,
4159	4965	+	1	1.325422	I:	D:
5075	5806	+	2	1.321575	I:	D:
5897	6250	+	2	1.313380	I:	D:
6282	7055	+	3	1.306011	I:	D:
7273	7623	+	1	1.301796	I:	D:
7642	8162	-	1	1.294059	I:	D:7646,
8172	9804	+	3	1.289420	I:8193,	D:
9818	10387	+	2	1.343402	I:10088,	D:10133,
10426	11915	+	1	1.279012	I:	D:11558,
11931	13327	+	3	1.297797	I:	D:12210,
13344	13559	-	3	1.294031	I:	D:
13563	13985	-	3	1.344460	I:	D:
14113	14979	+	1	1.284195	I:	D:
15057	17167	+	3	1.303789	I:15807,15873,	D:
17190	18593	+	3	1.276007	I:	D:
18697	19128	+	1	1.294841	I:	D:
19153	19885	-	1	1.314128	I:19712,	D:
19959	21182	-	3	1.312994	I:	D:
21317	22105	+	2	1.299287	I:	D:
22199	24472	-	2	1.299917	I:	D:
24476	25235	+	2	1.396854	I:24488,24858,	D:25187,
25356	26150	-	3	1.283562	I:	D:
26163	27299	-	3	1.273806	I:	D:
27302	28643	-	2	1.310155	I:28510,	D:
28673	30088	+	2	1.313759	I:	D:
30121	33568	+	1	1.295801	I:	D:31400,32487,
33614	34375	+	2	1.295220	I:	D:
34384	36356	+	1	1.297036	I:	D:35118,
36580	37482	-	1	1.298953	I:	D:
37485	39148	-	3	1.293834	I:	D:37981,
39184	40107	-	1	1.336644	I:	D:
40233	41212	+	3	1.315581	I:	D:40249,
41259	42090	+	3	1.316007	I:42086,	D:
42092	42361	-	2	1.341954	I:	D:
42364	42564	-	1	1.304282	I:	D:
42574	43476	-	1	1.286001	I:	D:
43595	43980	-	2	1.294091	I:	D:
>SRR6266338_contigs.fasta~NODE_38212_length_2412_cov_5.747560
1	301	+	1	1.316149	I:201,	D:
313	1728	-	1	1.320167	I:829,	D:591,
1844	2085	+	2	1.326115	I:	D:1919,
2158	2412	-	1	1.346764	I:	D:
>SRR6266338_contigs.fasta~NODE_49464_length_2042_cov_2.516356
1	431	-	2	1.365725	I:241,	D:
645	1550	+	3	1.322873	I:	D:
1577	2042	+	2	1.372811	I:1812,	D:1789,
>SRR6266338_contigs.fasta~NODE_5661_length_8950_cov_7.107251
140	1226	+	2	1.294931	I:1098,	D:
1300	2181	+	1	1.267386	I:	D:
2268	3002	+	3	1.316311	I:	D:
3050	3940	+	2	1.272718	I:	D:
3989	5308	+	2	1.311450	I:	D:
5343	5585	+	3	1.235194	I:	D:
5645	6043	-	2	1.330480	I:	D:
6157	8556	-	1	1.293049	I:	D:
8785	8950	-	1	1.284595	I:	D:
>SRR6266338_contigs.fasta~NODE_93401_length_1382_cov_2.756594
1	85	+	2	1.336166	I:	D:
220	1029	-	1	1.302707	I:	D:
1087	1382	-	1	1.360676	I:	D:
>SRR6266338_contigs.fasta~NODE_9346_length_6380_cov_4.608063
1	3396	-	1	1.326808	I:	D:
3741	3842	+	3	1.216464	I:	D:
4435	5256	+	1	1.230320	I:	D:
5563	6260	+	1	1.317262	I:	D:5907,
>SRR6266338_contigs.fasta~NODE_99861_length_1328_cov_5.770621
1	1260	-	1	1.288459	I:460,	D:262,
>SRR6266341_contigs.fasta~NODE_22091_length_2015_cov_11.255102
1	1071	+	2	1.331677	I:	D:176,
1138	1503	+	1	1.320489	I:	D:
1578	1967	+	3	1.309873	I:	D:
>SRR6266341_contigs.fasta~NODE_35039_length_1590_cov_4.063192
88	945	-	1	1.323977	I:	D:
1022	1428	-	2	1.367549	I:	D:1322,
>SRR6266341_contigs.fasta~NODE_9394_length_3100_cov_5.010837
1	2968	-	2	1.316198	I:2014,	D:1616,
>SRR6266357_contigs.fasta~NODE_112199_length_1008_cov_7.441763
1	146	-	3	1.366083	I:	D:
195	1008	-	3	1.322923	I:	D:
>SRR6266357_contigs.fasta~NODE_137836_length_897_cov_2.967933
1	897	-	1	1.328851	I:	D:
>SRR6266357_contigs.fasta~NODE_15866_length_2998_cov_3.845736
1	236	+	1	1.361183	I:	D:136,
313	1152	+	1	1.321268	I:	D:
1212	2956	+	3	1.340512	I:	D:2058,
>SRR6266357_contigs.fasta~NODE_1891_length_8919_cov_5.074571
1	790	+	2	1.320793	I:	D:
808	1653	+	1	1.325417	I:	D:
1663	3189	+	1	1.301425	I:	D:
3326	3820	+	2	1.307149	I:	D:
4020	5231	+	3	1.333319	I:	D:
5271	6776	-	3	1.317275	I:	D:
6804	7589	-	3	1.307367	I:	D:
7661	8530	-	2	1.299752	I:	D:
8534	8919	-	2	1.298938	I:	D:
>SRR6266357_contigs.fasta~NODE_42520_length_1740_cov_6.554303
1	129	-	1	1.301405	I:	D:
311	1162	+	2	1.320319	I:	D:
1199	1634	-	2	1.357779	I:	D:1314,1592,
>SRR6266357_contigs.fasta~NODE_57252_length_1475_cov_3.023944
1	124	+	2	1.308612	I:	D:
257	1165	+	2	1.289886	I:	D:
1217	1402	-	2	1.351929	I:1292,	D:1328,
>SRR6266357_contigs.fasta~NODE_66992_length_1349_cov_3.641422
1	170	-	3	1.311514	I:	D:
266	1274	-	2	1.337817	I:1096,	D:
>SRR6266358_contigs.fasta~NODE_145764_length_969_cov_1.670678
1	969	+	2	1.252775	I:164,	D:
>SRR6266358_contigs.fasta~NODE_181113_length_874_cov_1.868132
1	874	+	1	1.287104	I:480,684,715,	D:428,
>SRR6266358_contigs.fasta~NODE_287_length_14544_cov_32.400097
1	818	-	3	1.358282	I:	D:
906	1307	-	3	1.332818	I:	D:
1715	1807	+	2	1.350113	I:	D:
1981	3096	+	1	1.371240	I:	D:
3113	3304	+	2	1.315406	I:	D:
3310	4794	-	1	1.350010	I:	D:
4920	6627	-	3	1.370365	I:5534,	D:
6649	6951	+	1	1.385674	I:	D:
7129	9055	-	1	1.378964	I:7623,8198,	D:7659,
9127	9231	+	1	1.360767	I:	D:
9318	9437	-	3	1.351919	I:	D:
9613	9921	+	1	1.340849	I:	D:
9923	11278	-	2	1.334913	I:	D:
11580	12203	+	3	1.360038	I:	D:
12336	13229	-	3	1.354922	I:	D:
13342	13434	-	1	1.328385	I:	D:
13506	13730	+	3	1.336648	I:	D:
13754	13861	+	2	1.350531	I:	D:
13893	14490	-	3	1.360312	I:13989,	D:
>SRR6266358_contigs.fasta~NODE_57864_length_1497_cov_5.733703
1	127	-	2	1.286500	I:	D:
192	1119	-	3	1.317937	I:238,	D:
1266	1497	-	3	1.314749	I:	D:
>SRR6266358_contigs.fasta~NODE_64187_length_1426_cov_7.385850
1	456	-	1	1.305739	I:	D:
492	1426	+	3	1.315346	I:	D:
>SRR6266358_contigs.fasta~NODE_91841_length_1206_cov_1.767159
1	1011	+	1	1.327329	I:	D:
1132	1206	-	1	1.232133	I:	D:
>SRR6266358_contigs.fasta~NODE_93904_length_1193_cov_3.598418
1	194	+	3	1.280399	I:	D:
245	1186	-	2	1.249608	I:	D:
>SRR6429832_contigs.fasta~NODE_1160_length_2574_cov_2.570067
1	118	+	2	1.334320	I:	D:
297	515	+	3	1.308886	I:	D:
728	1594	+	2	1.313727	I:	D:
1709	2440	+	2	1.294891	I:	D:
>SRR6429832_contigs.fasta~NODE_31511_length_822_cov_1.195567
1	822	-	1	1.257865	I:744,	D:
>shotgun_illumina_1st_ARH_ECA53_contigs.fasta~NODE_16525_length_1211_cov_1.418685
1	122	+	3	1.338318	I:	D:
145	1009	+	1	1.364629	I:250,	D:
1050	1211	-	3	1.370519	I:1128,	D:
>shotgun_illumina_1st_ARH_ECA53_contigs.fasta~NODE_78_length_25384_cov_3.281417
1	378	-	1	1.244213	I:	D:
523	786	+	1	1.252548	I:	D:
787	1212	+	1	1.197175	I:	D:
1438	3157	+	1	1.220522	I:1607,	D:
3160	4059	-	1	1.283971	I:	D:
4062	4493	+	3	1.218390	I:	D:
4605	5395	-	3	1.255650	I:	D:5272,
5411	8789	-	2	1.238358	I:7967,8113,	D:7187,
8843	9963	-	2	1.239395	I:	D:9558,
10136	10564	-	2	1.247900	I:	D:
10579	10869	-	1	1.216513	I:	D:
11027	12397	-	2	1.243368	I:	D:
12473	14843	-	2	1.244978	I:	D:12942,13997,
15025	17360	-	1	1.236692	I:	D:16130,
17420	18346	-	2	1.264452	I:	D:
18634	19782	+	1	1.242451	I:	D:
19994	20473	+	2	1.247467	I:	D:
20476	21873	-	1	1.225880	I:	D:
21951	23262	-	3	1.265426	I:23247,	D:
23393	23863	-	2	1.298616	I:	D:
23986	25377	-	1	1.225455	I:	D:
>shotgun_illumina_1st_ARH_ECA53_contigs.fasta~NODE_8364_length_1610_cov_1.965273
1	136	+	2	1.247948	I:	D:
221	1036	-	2	1.288102	I:	D:
1045	1308	-	1	1.258742	I:	D:
1339	1610	-	1	1.280400	I:	D:
>shotgun_illumina_1st_ARH_ECA53_contigs.fasta~NODE_978_length_6120_cov_3.075680
142	813	+	1	1.327357	I:	D:
876	950	-	3	1.235628	I:	D:
952	1689	+	1	1.325415	I:	D:
1781	2263	-	2	1.304674	I:	D:
2389	3386	-	1	1.336040	I:2503,2562,	D:
3492	6120	-	3	1.306057	I:	D:
>shotgun_illumina_1st_COP_ECA53_contigs.fasta~NODE_105239_length_810_cov_2.170861
38	810	-	2	1.209709	I:	D:
>shotgun_illumina_1st_COP_ECA53_contigs.fasta~NODE_21023_length_2096_cov_1.620774
1	616	+	2	1.300352	I:	D:
686	2043	+	2	1.340981	I:	D:1230,
>shotgun_illumina_1st_COP_ECA53_contigs.fasta~NODE_452_length_17631_cov_5.414372
37	916	-	1	1.335128	I:382,460,	D:300,
1176	3515	-	3	1.358986	I:	D:
3627	3974	+	3	1.390870	I:3681,	D:3883,
4065	4712	-	3	1.299151	I:	D:
4816	6471	+	1	1.286194	I:	D:
6609	7784	-	3	1.309761	I:	D:
7815	9865	-	3	1.307706	I:	D:8514,
9937	11554	+	1	1.319127	I:9960,	D:
11618	13675	+	2	1.314026	I:12455,	D:12524,
13683	14159	+	3	1.339782	I:	D:
14244	15080	-	3	1.304999	I:	D:
15164	15739	+	2	1.311449	I:	D:
15831	16297	+	3	1.333469	I:	D:16033,
16303	17382	+	1	1.321157	I:	D:
17417	17631	-	2	1.317639	I:	D:
>shotgun_illumina_1st_COP_ECA53_contigs.fasta~NODE_47622_length_1311_cov_1.292197
1	1185	-	1	1.245233	I:353,	D:242,
1233	1311	-	3	1.085481	I:	D:
>shotgun_illumina_1st_COP_ECA53_contigs.fasta~NODE_94313_length_866_cov_2.170160
54	812	-	3	1.286965	I:	D:
>shotgun_illumina_1st_DEH_ECA53_contigs.fasta~NODE_10894_length_3867_cov_2.524397
1	2131	+	2	1.313582	I:	D:
2247	2642	+	3	1.328303	I:	D:
2646	3383	-	3	1.322087	I:	D:
3403	3867	-	1	1.293848	I:	D:
>shotgun_illumina_1st_DEH_ECA53_contigs.fasta~NODE_11772_length_3650_cov_2.322670
1	1286	+	3	1.345727	I:	D:
1508	2386	-	2	1.329964	I:	D:
2424	2507	-	3	1.299586	I:	D:
2673	3650	+	3	1.324313	I:	D:
>shotgun_illumina_1st_DEH_ECA53_contigs.fasta~NODE_139263_length_647_cov_1.709459
1	647	-	1	1.290505	I:554,	D:
>shotgun_illumina_1st_DEH_ECA53_contigs.fasta~NODE_2494_length_10473_cov_7.204742
1	937	-	2	1.347931	I:	D:
953	1730	-	2	1.340336	I:1017,	D:
1753	2407	-	1	1.334236	I:1798,	D:
2541	4483	-	3	1.284998	I:	D:3468,
4742	4816	-	2	1.273921	I:	D:
5276	8554	+	2	1.336928	I:	D:
8871	9587	+	3	1.311258	I:	D:
9737	9901	-	2	1.351750	I:	D:
9965	10057	+	2	1.335067	I:	D:
10232	10473	+	2	1.293223	I:	D:
>shotgun_illumina_1st_DEH_ECA53_contigs.fasta~NODE_286_length_38462_cov_3.376676
1	2517	-	1	1.316260	I:	D:
2645	3997	+	2	1.336128	I:	D:
4132	5037	+	1	1.307545	I:	D:
5166	7916	-	3	1.348704	I:7806,	D:7880,
7968	9072	+	3	1.333214	I:8776,8885,	D:8998,
9099	11989	-	3	1.339208	I:	D:9942,
12168	12879	-	3	1.348993	I:12212,	D:
13094	14098	+	2	1.322092	I:	D:
14118	14525	+	3	1.294458	I:	D:
14558	14845	+	2	1.306846	I:	D:
14858	15508	-	2	1.332543	I:	D:
15551	15643	-	2	1.246137	I:	D:
15707	16669	+	2	1.329063	I:	D:
16675	17453	-	1	1.332195	I:	D:16889,
17586	18773	+	3	1.307879	I:	D:
18929	19356	+	2	1.338676	I:19059,19241,	D:
19431	20675	-	3	1.343882	I:	D:
20786	21397	-	2	1.344530	I:	D:
21687	23471	-	3	1.318018	I:	D:
23528	23737	+	2	1.342205	I:	D:
23832	24300	-	3	1.363548	I:24042,	D:
24568	25836	-	1	1.313827	I:	D:
25893	26086	-	3	1.341268	I:	D:25982,
26226	26454	-	3	1.329688	I:26333,	D:
26515	27360	-	1	1.329999	I:	D:
27558	28943	-	3	1.308418	I:	D:
28950	29075	-	3	1.348969	I:	D:
29124	31169	+	3	1.330181	I:	D:
31206	32948	-	3	1.350325	I:32892,	D:31276,
33228	34932	+	3	1.331716	I:33406,	D:
35092	35516	-	1	1.335664	I:35336,	D:35162,35277,
35623	37083	+	1	1.327281	I:	D:
37174	38462	+	1	1.323674	I:	D:
>shotgun_illumina_1st_DEH_ECA53_contigs.fasta~NODE_32869_length_1752_cov_2.066588
1	757	+	2	1.208830	I:	D:
800	1656	-	2	1.258658	I:1615,	D:805,1649,
>shotgun_illumina_1st_DEH_ECA53_contigs.fasta~NODE_3751_length_7952_cov_3.331645
1	1386	+	2	1.126335	I:971,1371,	D:
1427	2410	-	2	1.163201	I:	D:
2545	3462	+	1	1.160858	I:	D:
3491	3720	+	2	1.223282	I:	D:3673,
3728	4520	-	2	1.189207	I:3736,	D:
4627	5499	+	1	1.193267	I:	D:
5503	5685	-	1	1.330214	I:	D:
5718	5858	-	3	1.180580	I:	D:
5932	7149	-	1	1.133190	I:	D:
7296	7952	-	3	1.131554	I:	D:
>shotgun_illumina_1st_DEH_ECA53_contigs.fasta~NODE_44178_length_1421_cov_1.543924
1	472	-	2	1.286439	I:	D:
482	1360	-	2	1.252024	I:	D:
>shotgun_illumina_1st_DEH_ECA53_contigs.fasta~NODE_85039_length_896_cov_1.516052
5	896	-	2	1.316000	I:802,	D:97,784,
>shotgun_illumina_1st_DEP_ECA53_contigs.fasta~NODE_10946_length_1564_cov_2.412856
1	92	+	3	1.389872	I:	D:
139	888	-	1	1.331839	I:	D:
1098	1564	-	3	1.294329	I:	D:
>shotgun_illumina_1st_DEP_ECA53_contigs.fasta~NODE_11351_length_1537_cov_1.485155
1	1186	+	3	1.333667	I:46,304,	D:
1221	1537	-	3	1.291993	I:	D:
>shotgun_illumina_1st_DEP_ECA53_contigs.fasta~NODE_8220_length_1797_cov_1.996556
1	1797	-	1	1.192958	I:1352,	D:439,
>shotgun_illumina_2nd_BARR2_ECA53_contigs.fasta~NODE_1986_length_5029_cov_3.327503
1	1219	-	3	1.361221	I:	D:319,
1383	2632	+	3	1.354153	I:1543,2593,	D:
2634	2708	+	3	1.361956	I:	D:
2721	3683	-	3	1.301660	I:	D:
3871	5029	-	1	1.330334	I:	D:
>shotgun_illumina_2nd_BARR2_ECA53_contigs.fasta~NODE_20644_length_1312_cov_1.037391
32	892	+	2	1.302806	I:	D:
929	1312	+	2	1.296792	I:	D:
>shotgun_illumina_2nd_BARR2_ECA53_contigs.fasta~NODE_522_length_10124_cov_3.315424
1	91	+	2	1.328972	I:	D:
103	339	+	1	1.331561	I:	D:
371	930	+	2	1.359929	I:377,720,	D:
1068	3069	-	3	1.322293	I:2414,	D:
3170	5842	+	2	1.318778	I:	D:
5895	8015	+	3	1.336680	I:	D:
8054	8575	-	2	1.334122	I:	D:
8582	9156	-	2	1.345369	I:	D:9082,
9390	9896	+	3	1.375917	I:9483,	D:9658,
9901	9978	+	1	1.286956	I:	D:
9996	10124	-	3	1.274916	I:	D:
>shotgun_illumina_2nd_PRH_ECA55_contigs.fasta~NODE_24517_length_1197_cov_1.598074
1	429	+	1	1.313251	I:	D:
446	1197	-	2	1.304770	I:	D:
>shotgun_illumina_2nd_PRH_ECA55_contigs.fasta~NODE_411_length_8805_cov_6.237486
1	1683	+	2	1.240401	I:	D:798,
1761	3333	+	3	1.252236	I:1964,	D:
3350	4357	+	2	1.242959	I:	D:
4359	5450	-	3	1.242393	I:4371,5383,5436,	D:
5490	6513	-	3	1.275983	I:5596,	D:
6793	7107	+	1	1.283293	I:	D:
7195	8805	+	1	1.275753	I:	D:
>shotgun_illumina_2nd_PRP_ECA55_contigs.fasta~NODE_15579_length_2611_cov_17.796948
1	678	+	1	1.290642	I:	D:
703	2040	-	1	1.330325	I:	D:
2149	2571	+	1	1.288238	I:	D:
>shotgun_illumina_2nd_PRP_ECA55_contigs.fasta~NODE_50040_length_1244_cov_2.558452
111	1244	-	3	1.303390	I:	D:
>shotgun_illumina_3rd_ARH_ECA55_contigs.fasta~NODE_147404_length_1273_cov_1.986043
1	906	+	1	1.326671	I:	D:
922	1273	-	1	1.357589	I:	D:
>shotgun_illumina_3rd_ARH_ECA55_contigs.fasta~NODE_14916_length_5401_cov_2.736064
1	704	+	3	1.317537	I:	D:
784	1275	+	1	1.273474	I:	D:
1288	2079	-	1	1.293901	I:	D:
2183	2554	+	2	1.292121	I:	D:
2635	3363	-	1	1.268188	I:	D:
3425	3703	+	2	1.208731	I:	D:
3986	4843	-	2	1.290949	I:	D:
4899	5201	-	3	1.280646	I:	D:
5232	5401	-	3	1.258929	I:	D:
>shotgun_illumina_3rd_ARH_ECA55_contigs.fasta~NODE_153429_length_1241_cov_4.176223
1	126	-	1	1.304679	I:	D:
242	1241	-	2	1.328786	I:	D:
>shotgun_illumina_3rd_ARH_ECA55_contigs.fasta~NODE_156338_length_1227_cov_2.472696
1	117	-	1	1.256265	I:	D:
150	954	-	3	1.274973	I:938,	D:
>shotgun_illumina_3rd_ARH_ECA55_contigs.fasta~NODE_17574_length_4891_cov_2.879446
1	510	-	1	1.258472	I:	D:
617	2992	-	2	1.237906	I:	D:
3053	3979	-	2	1.273617	I:	D:
4198	4891	+	1	1.231687	I:	D:
>shotgun_illumina_3rd_ARH_ECA55_contigs.fasta~NODE_20205_length_4491_cov_5.730162
1	1153	+	2	1.254336	I:	D:
1157	2020	+	2	1.268456	I:	D:
2036	3175	+	2	1.265022	I:	D:
3183	4489	+	3	1.290300	I:	D:3650,
>shotgun_illumina_3rd_ARH_ECA55_contigs.fasta~NODE_224495_length_984_cov_1.534984
1	984	-	1	1.270504	I:	D:
>shotgun_illumina_3rd_ARH_ECA55_contigs.fasta~NODE_243868_length_936_cov_2.553916
1	814	-	2	1.327196	I:	D:
>shotgun_illumina_3rd_ARH_ECA55_contigs.fasta~NODE_366552_length_738_cov_1.777452
1	693	-	1	1.332038	I:	D:
>shotgun_illumina_3rd_COP_ECA55_contigs.fasta~NODE_100988_length_1428_cov_1.422433
1	762	-	1	1.265820	I:	D:
951	1428	+	3	1.294598	I:1395,	D:
>shotgun_illumina_3rd_COP_ECA55_contigs.fasta~NODE_11966_length_4372_cov_3.469539
1	2624	-	2	1.262935	I:2580,	D:
3278	4174	+	2	1.284645	I:	D:
4219	4372	+	1	1.286623	I:	D:
>shotgun_illumina_3rd_COP_ECA55_contigs.fasta~NODE_12211_length_4326_cov_7.165301
1	2751	+	1	1.304606	I:1055,1078,	D:237,1683,
2769	2993	+	3	1.353596	I:	D:
3111	4251	+	3	1.323399	I:3152,	D:
>shotgun_illumina_3rd_COP_ECA55_contigs.fasta~NODE_174187_length_1071_cov_1.693898
11	925	-	2	1.303546	I:	D:
962	1071	-	2	1.361660	I:	D:
>shotgun_illumina_3rd_COP_ECA55_contigs.fasta~NODE_18058_length_3537_cov_2.385123
1	359	+	3	1.278558	I:	D:
361	1425	+	1	1.227455	I:	D:
1511	2544	-	2	1.309825	I:2428,2506,	D:
2595	3426	+	3	1.306891	I:2937,	D:
3442	3537	+	1	1.280755	I:	D:
>shotgun_illumina_3rd_COP_ECA55_contigs.fasta~NODE_23162_length_3092_cov_3.827132
1	686	+	3	1.356183	I:52,	D:245,
749	2133	+	2	1.324309	I:	D:1252,
2244	3092	+	3	1.321875	I:	D:
>shotgun_illumina_3rd_COP_ECA55_contigs.fasta~NODE_27587_length_2819_cov_2.543054
1	82	+	2	1.202817	I:	D:
139	1026	+	1	1.326999	I:	D:
1102	2475	+	1	1.323079	I:	D:
2485	2819	-	1	1.371257	I:	D:2584,2728,
>shotgun_illumina_3rd_COP_ECA55_contigs.fasta~NODE_28230_length_2785_cov_3.343956
1	1314	+	1	1.296535	I:	D:
1345	1647	+	1	1.254973	I:	D:
1649	2005	-	2	1.316916	I:	D:
2021	2785	+	2	1.338745	I:2545,	D:2530,
>shotgun_illumina_3rd_COP_ECA55_contigs.fasta~NODE_330417_length_765_cov_1.318310
1	721	+	2	1.285604	I:	D:
>shotgun_illumina_3rd_COP_ECA55_contigs.fasta~NODE_4968_length_6769_cov_4.334823
180	1544	-	3	1.204113	I:	D:
1727	2701	+	2	1.213784	I:	D:
2773	3666	+	1	1.207229	I:	D:
3886	4557	-	1	1.221889	I:	D:
4587	5962	+	3	1.197836	I:4627,4645,	D:
6030	6769	-	3	1.216192	I:6741,	D:
>shotgun_illumina_3rd_COP_ECA55_contigs.fasta~NODE_62073_length_1846_cov_4.044109
1	163	-	2	1.287239	I:	D:
202	1846	-	1	1.290136	I:1511,	D:1045,
>shotgun_illumina_3rd_COP_ECA55_contigs.fasta~NODE_65030_length_1802_cov_1.738981
205	1080	-	1	1.317521	I:	D:
1217	1309	+	2	1.299139	I:	D:
1460	1802	+	2	1.322463	I:	D:
>shotgun_illumina_3rd_COP_ECA55_contigs.fasta~NODE_6932_length_5778_cov_3.155513
1	224	+	1	1.402118	I:	D:88,
316	2707	+	1	1.336724	I:952,	D:
2773	4823	+	1	1.313256	I:2809,2971,3557,	D:2961,
4991	5511	+	2	1.325464	I:	D:5452,
5635	5778	-	1	1.274581	I:	D:
>shotgun_illumina_3rd_COP_ECA55_contigs.fasta~NODE_86485_length_1550_cov_2.614716
1	1364	+	1	1.304070	I:682,719,	D:
1443	1550	+	3	1.272821	I:	D:
>shotgun_illumina_3rd_COP_ECA55_contigs.fasta~NODE_9679_length_4870_cov_3.304465
1	406	-	2	1.302458	I:	D:
413	3005	-	2	1.335676	I:528,1716,2364,	D:924,2334,
3046	3264	+	1	1.360284	I:	D:
3433	3747	+	1	1.340247	I:	D:
3852	4870	-	3	1.286859	I:	D:
>shotgun_illumina_3rd_DEP_ECA55_contigs.fasta~NODE_10110_length_3462_cov_2.840622
1	178	+	2	1.181305	I:	D:
313	1921	+	1	1.173344	I:1007,	D:
1936	2798	+	1	1.206331	I:	D:2760,
2827	3462	-	1	1.244540	I:2833,	D:
>shotgun_illumina_3rd_DEP_ECA55_contigs.fasta~NODE_1142_length_13973_cov_4.355439
1	1043	-	3	1.213011	I:	D:
1250	3079	-	2	1.211827	I:	D:
3202	4026	+	1	1.259080	I:	D:
4065	5837	+	3	1.224047	I:	D:
5846	6766	+	2	1.245343	I:	D:
7016	7594	+	2	1.247539	I:	D:
7598	8051	+	2	1.264446	I:8002,	D:
8190	8495	+	3	1.253663	I:	D:
8711	9058	+	2	1.241411	I:	D:
9220	12929	+	1	1.224323	I:	D:11080,
12988	13973	+	1	1.218411	I:	D:
>shotgun_illumina_3rd_DEP_ECA55_contigs.fasta~NODE_122061_length_1030_cov_2.761026
33	1030	-	3	1.261879	I:	D:933,
>shotgun_illumina_3rd_DEP_ECA55_contigs.fasta~NODE_145240_length_954_cov_1.359288
1	128	-	3	1.302427	I:	D:
138	954	-	3	1.320701	I:	D:
>shotgun_illumina_3rd_DEP_ECA55_contigs.fasta~NODE_254624_length_746_cov_1.972504
1	746	-	3	1.272716	I:75,	D:
>shotgun_illumina_3rd_DEP_ECA55_contigs.fasta~NODE_318_length_29877_cov_4.812923
50	1081	-	2	1.307882	I:	D:
1107	3362	+	3	1.291325	I:1215,	D:2580,
3418	5313	+	1	1.299835	I:	D:
5395	5609	+	1	1.340178	I:	D:5480,
5752	6042	+	1	1.270950	I:	D:
6053	6843	+	2	1.308931	I:	D:6474,
6901	8007	+	1	1.293424	I:	D:
8116	9267	+	1	1.265338	I:	D:
9294	11552	-	3	1.322699	I:	D:
11686	12273	-	1	1.361313	I:	D:
12692	14476	-	2	1.302827	I:	D:
14670	15251	+	3	1.298225	I:	D:
15265	15583	+	1	1.309426	I:15385,	D:
15670	16110	-	1	1.293175	I:	D:
16154	16285	+	2	1.299480	I:	D:
16294	18163	-	1	1.301256	I:16953,16985,	D:17870,
18192	22950	-	3	1.287271	I:21640,	D:
23054	23729	+	2	1.326725	I:23092,	D:
23835	28563	-	3	1.278152	I:	D:25293,26771,
28776	29096	-	3	1.269867	I:	D:
29100	29603	-	3	1.218725	I:	D:
29771	29877	-	2	1.254152	I:	D:
>shotgun_illumina_3rd_DEP_ECA55_contigs.fasta~NODE_385_length_26743_cov_5.753784
39	1990	-	3	1.304048	I:1384,1453,	D:
2200	2385	-	1	1.313405	I:	D:
2410	3204	+	1	1.280369	I:	D:
3216	3875	+	3	1.276527	I:	D:
3884	4795	+	2	1.260357	I:	D:
4860	7442	-	3	1.339197	I:	D:
7761	8684	-	3	1.261718	I:	D:
8807	11002	-	2	1.243389	I:	D:
11216	11731	+	2	1.214447	I:	D:
11944	12440	-	1	1.379354	I:12008,12015,	D:
12807	13052	+	3	1.347491	I:	D:
13158	13790	+	3	1.309662	I:	D:
13976	15235	+	2	1.310814	I:	D:
15579	17104	+	3	1.228136	I:	D:16250,
17261	19678	+	2	1.214398	I:	D:
19723	20585	-	1	1.324187	I:	D:20254,
21001	23278	-	1	1.299237	I:21237,21434,	D:22113,
23461	25121	+	1	1.251143	I:	D:24017,
25160	26743	+	2	1.231343	I:	D:
>shotgun_illumina_3rd_DEP_ECA55_contigs.fasta~NODE_98060_length_1138_cov_1.637119
1	1067	-	1	1.267956	I:	D:204,
