IQ-TREE multicore version 2.2.5 COVID-edition for Linux 64-bit built Sep 15 2023
Developed by Bui Quang Minh, James Barbetti, Nguyen Lam Tung,
Olga Chernomor, Heiko Schmidt, Dominik Schrempf, Michael Woodhams, Ly Trong Nhan.

Host:    Ada (AVX512, FMA3, 92 GB RAM)
Command: iqtree -s all_PBP-like_final_informative.aln --prefix all_PBP-like_tree --seed 139808 -v -T AUTO -B 1000 -bnni -m MFP --allnni
Seed:    139808 (Using SPRNG - Scalable Parallel Random Number Generator)
Time:    Wed Apr 17 17:02:38 2024
Kernel:  AVX+FMA - auto-detect threads (20 CPU cores detected)

Reading alignment file all_PBP-like_final_informative.aln ... Fasta format detected
Reading fasta file: done in 0.0250819 secs using 94.54% CPU
Name shortening took 0.000583 seconds.
Duplicate sequence name check took 0.000499 seconds.
Sequence Type detection took 0.044753 seconds.
Alignment most likely contains protein sequences
Constructing alignment: done in 0.0108916 secs using 866.9% CPU
Time to read input file was 0.111741 sec.
Time to count constant sites was 0.000010 sec.
Alignment has 721 sequences with 724 columns, 723 distinct patterns
724 parsimony-informative, 0 singleton sites, 0 constant sites
Alignment state count time was 0.036159 seconds.
Empirical state frequencies: 0.1066187927 0.0530326804 0.0442300243 0.0535491512 0.0072978305 0.0430792911 0.0502238040 0.0702257220 0.0145057697 0.0546817626 0.1001855597 0.0572641167 0.0258590668 0.0368408673 0.0440578674 0.0605849334 0.0662751733 0.0171243674 0.0298821026 0.0644811168 
                                                                           Gap/Ambiguity  Composition  p-value
Analyzing sequences: done in 0.0319817 secs using 1112% CPU
   1  1004749_len_397_MetaAn_23                                                   51.80%    passed      5.25%
   2  10172010_len_291_MetaAn_26                                                  60.64%    failed      0.00%
   3  10237409_len_298_MetaAn_62                                                  59.53%    failed      0.00%
   4  10355361_len_375_MetaAn_82                                                  50.83%    passed     98.00%
   5  10553088_len_458_MetaAn_1                                                   43.37%    failed      0.15%
   6  10655903_len_319_MetaAn_25                                                  56.63%    passed     19.81%
   7  10777742_len_280_MetaAn_30                                                  62.15%    passed      8.47%
   8  1090871_len_328_MetaAn_9                                                    58.15%    failed      1.60%
   9  1090872_len_332_MetaAn_9                                                    58.15%    failed      3.23%
  10  10957333_len_328_MetaAn_9                                                   58.15%    failed      2.70%
  11  11017060_len_273_MetaAn_74                                                  62.98%    failed      0.57%
  12  11158066_len_350_MetaAn_17                                                  56.91%    failed      0.00%
  13  11395053_len_260_MetaAn_24                                                  64.78%    failed      0.66%
  14  11671458_len_355_MetaAn_23                                                  56.35%    failed      0.00%
  15  11707485_len_304_MetaAn_9                                                   58.84%    passed     13.54%
  16  12084204_len_260_MetaAn_24                                                  64.78%    failed      0.42%
  17  1209968_len_333_MetaAn_17                                                   54.83%    passed     42.79%
  18  1238127_len_290_MetaAn_69                                                   62.15%    passed     37.99%
  19  12415869_len_285_MetaAn_30                                                  61.33%    failed      4.14%
  20  12646027_len_304_MetaAn_24                                                  58.84%    failed      0.21%
  21  127081_len_320_MetaAn_9                                                     58.43%    failed      4.04%
  22  12841857_len_260_MetaAn_24                                                  64.78%    failed      0.43%
  23  12883219_len_391_MetaAn_8                                                   46.96%    failed      0.03%
  24  12936306_len_305_MetaAn_23                                                  58.70%    failed      0.06%
  25  13437618_len_328_MetaAn_9                                                   58.15%    failed      2.53%
  26  13727570_len_285_MetaAn_26                                                  61.33%    failed      4.95%
  27  1375690_len_285_MetaAn_34                                                   61.33%    failed      0.31%
  28  13764836_len_295_MetaAn_50                                                  59.94%    failed      1.91%
  29  13848530_len_298_MetaAn_62                                                  59.53%    failed      0.00%
  30  14199458_len_320_MetaAn_9                                                   58.43%    failed      3.73%
  31  14251248_len_285_MetaAn_34                                                  61.33%    failed      1.62%
  32  14386612_len_276_MetaAn_30                                                  62.57%    passed     28.03%
  33  14432592_len_273_MetaAn_74                                                  63.12%    passed     41.68%
  34  14482245_len_325_MetaAn_31                                                  55.80%    passed     33.02%
  35  14940432_len_285_MetaAn_74                                                  61.33%    failed      0.77%
  36  15257530_len_296_MetaAn_3                                                   59.81%    failed      0.00%
  37  15259815_len_313_MetaAn_7                                                   57.60%    failed      0.00%
  38  1530065_len_302_MetaAn_8                                                    58.98%    failed      4.36%
  39  15861298_len_309_MetaAn_3                                                   58.15%    failed      0.00%
  40  15904097_len_328_MetaAn_9                                                   58.15%    failed      3.71%
  41  15932021_len_320_MetaAn_9                                                   58.43%    failed      4.22%
  42  16118144_len_297_MetaAn_1                                                   59.67%    failed      0.97%
  43  16305125_len_385_MetaAn_39                                                  49.31%    passed     67.50%
  44  16610782_len_304_MetaAn_62                                                  58.84%    failed      0.41%
  45  16674098_len_309_MetaAn_74                                                  58.15%    failed      0.01%
  46  17438276_len_328_MetaAn_9                                                   58.70%    failed      1.85%
  47  18520708_len_337_MetaAn_74                                                  56.63%    failed      0.01%
  48  18639803_len_304_MetaAn_65                                                  58.84%    failed      0.01%
  49  1904630_len_260_MetaAn_24                                                   64.78%    failed      0.43%
  50  19371791_len_295_MetaAn_23                                                  59.94%    failed      0.00%
  51  19824293_len_273_MetaAn_74                                                  62.98%    failed      1.92%
  52  20136534_len_292_MetaAn_74                                                  60.50%    failed      0.00%
  53  20721894_len_304_MetaAn_62                                                  58.84%    failed      0.02%
  54  21243713_len_452_MetaAn_63                                                  44.34%    passed     25.87%
  55  21647449_len_310_MetaAn_18                                                  58.70%    failed      0.03%
  56  22060248_len_300_MetaAn_30                                                  60.77%    failed      3.69%
  57  2308737_len_328_MetaAn_9                                                    58.15%    failed      4.05%
  58  23181725_len_292_MetaAn_17                                                  61.74%    failed      0.28%
  59  23210609_len_410_MetaAn_74                                                  46.41%    passed     15.15%
  60  24145618_len_337_MetaAn_74                                                  56.63%    failed      0.00%
  61  24258644_len_286_MetaAn_74                                                  61.60%    failed      0.86%
  62  24402399_len_277_MetaAn_73                                                  62.71%    failed      1.28%
  63  24411754_len_287_MetaAn_32                                                  61.05%    failed      0.51%
  64  2454026_len_302_MetaAn_8                                                    58.98%    failed      1.21%
  65  24650641_len_391_MetaAn_62                                                  46.96%    passed     59.99%
  66  25051558_len_313_MetaAn_7                                                   57.60%    failed      0.00%
  67  2519631_len_309_MetaAn_74                                                   58.15%    failed      0.06%
  68  2548281_len_286_MetaAn_74                                                   61.60%    failed      0.30%
  69  2583675_len_296_MetaAn_74                                                   60.50%    failed      1.32%
  70  25967795_len_291_MetaAn_62                                                  61.05%    passed     18.79%
  71  2627828_len_385_MetaAn_30                                                   49.31%    passed     61.60%
  72  2640755_len_308_MetaAn_24                                                   58.29%    failed      0.26%
  73  2648013_len_324_MetaAn_9                                                    58.43%    failed      3.97%
  74  2688882_len_281_MetaAn_67                                                   61.88%    failed      0.06%
  75  2689997_len_285_MetaAn_26                                                   61.33%    failed      2.15%
  76  27087722_len_285_MetaAn_31                                                  61.33%    failed      0.94%
  77  27256405_len_310_MetaAn_74                                                  58.01%    failed      0.03%
  78  27337055_len_304_MetaAn_74                                                  58.84%    failed      0.60%
  79  28238185_len_285_MetaAn_30                                                  61.33%    failed      0.63%
  80  29162537_len_298_MetaAn_62                                                  59.53%    failed      0.00%
  81  29365863_len_285_MetaAn_74                                                  61.33%    failed      1.61%
  82  2945927_len_328_MetaAn_9                                                    58.70%    failed      3.36%
  83  29612927_len_309_MetaAn_3                                                   58.15%    failed      0.00%
  84  29862503_len_298_MetaAn_62                                                  59.53%    passed     91.33%
  85  29874149_len_304_MetaAn_74                                                  58.84%    failed      1.71%
  86  315337_len_290_MetaAn_69                                                    62.15%    passed     52.42%
  87  31928617_len_295_MetaAn_3                                                   59.94%    failed      0.00%
  88  3203058_len_299_MetaAn_8                                                    59.39%    failed      0.16%
  89  3215490_len_260_MetaAn_24                                                   64.78%    failed      0.20%
  90  32665362_len_337_MetaAn_74                                                  56.63%    failed      0.01%
  91  3426613_len_303_MetaAn_34                                                   58.98%    failed      0.34%
  92  3431841_len_260_MetaAn_24                                                   64.78%    failed      0.59%
  93  3449722_len_285_MetaAn_26                                                   61.33%    failed      3.23%
  94  3468961_len_294_MetaAn_61                                                   60.08%    failed      0.19%
  95  3477474_len_320_MetaAn_9                                                    58.43%    failed      4.07%
  96  35500004_len_286_MetaAn_74                                                  61.60%    failed      0.74%
  97  3566358_len_260_MetaAn_24                                                   64.78%    failed      0.05%
  98  36394978_len_267_MetaAn_74                                                  63.81%    passed      5.51%
  99  37023528_len_285_MetaAn_74                                                  61.33%    passed      6.07%
 100  37229888_len_289_MetaAn_74                                                  61.19%    failed      3.42%
 101  3786681_len_260_MetaAn_24                                                   64.78%    failed      0.11%
 102  39384327_len_286_MetaAn_74                                                  61.60%    failed      0.19%
 103  39657678_len_328_MetaAn_74                                                  55.39%    failed      3.36%
 104  4021289_len_288_MetaAn_74                                                   61.74%    failed      1.56%
 105  40437718_len_289_MetaAn_74                                                  61.19%    failed      3.94%
 106  409792_len_304_MetaAn_62                                                    58.84%    failed      0.51%
 107  4199755_len_290_MetaAn_69                                                   62.15%    passed     12.33%
 108  4322023_len_379_MetaAn_41                                                   50.14%    passed      5.70%
 109  4416266_len_285_MetaAn_26                                                   61.33%    failed      1.54%
 110  4754110_len_319_MetaAn_65                                                   57.87%    failed      0.29%
 111  47829876_len_317_MetaAn_17                                                  56.91%    passed     23.08%
 112  47895815_len_318_MetaAn_17                                                  56.77%    passed     25.38%
 113  49391112_len_316_MetaAn_68                                                  57.46%    passed     47.49%
 114  5252231_len_285_MetaAn_74                                                   61.33%    failed      0.46%
 115  5253281_len_260_MetaAn_24                                                   64.78%    failed      0.10%
 116  52995589_len_288_MetaAn_50                                                  60.91%    passed     52.59%
 117  53559555_len_283_MetaAn_61                                                  61.60%    failed      2.84%
 118  5390210_len_269_MetaAn_65                                                   63.54%    failed      0.00%
 119  5582974_len_303_MetaAn_21                                                   58.98%    failed      0.01%
 120  5611959_len_297_MetaAn_66                                                   59.67%    failed      0.02%
 121  5852343_len_296_MetaAn_66                                                   59.81%    failed      0.00%
 122  5862689_len_310_MetaAn_66                                                   58.01%    failed      0.00%
 123  639371_len_299_MetaAn_25                                                    60.36%    passed      8.33%
 124  6548509_len_401_MetaAn_66                                                   45.99%    passed     32.01%
 125  7002553_len_285_MetaAn_74                                                   61.33%    failed      2.24%
 126  7123749_len_296_MetaAn_74                                                   60.50%    failed      0.80%
 127  7387031_len_323_MetaAn_74                                                   56.35%    passed     16.61%
 128  740031_len_285_MetaAn_74                                                    61.33%    failed      0.53%
 129  7439657_len_305_MetaAn_23                                                   58.70%    failed      0.00%
 130  7463345_len_285_MetaAn_34                                                   61.33%    failed      2.50%
 131  7647303_len_285_MetaAn_74                                                   61.33%    failed      4.67%
 132  7912919_len_319_MetaAn_65                                                   57.87%    failed      0.19%
 133  7940051_len_285_MetaAn_26                                                   61.33%    failed      0.26%
 134  8673833_len_278_MetaAn_9                                                    62.43%    passed     10.49%
 135  891403_len_299_MetaAn_83                                                    59.39%    failed      0.67%
 136  8937109_len_304_MetaAn_9                                                    58.84%    passed      5.60%
 137  8951843_len_320_MetaAn_9                                                    58.43%    failed      4.73%
 138  8951844_len_328_MetaAn_9                                                    58.70%    failed      2.16%
 139  8988217_len_292_MetaAn_8                                                    60.36%    failed      0.00%
 140  9169180_len_273_MetaAn_74                                                   62.98%    failed      1.82%
 141  9631591_len_303_MetaAn_10                                                   58.98%    failed      0.00%
 142  ACC-1b                                                                      46.82%    failed      0.44%
 143  ACC-P3                                                                      48.62%    failed      0.40%
 144  ACI-1                                                                       61.19%    failed      0.10%
 145  ACT-106                                                                     48.07%    failed      3.98%
 146  ACT-107                                                                     48.07%    passed     15.75%
 147  ACT-119                                                                     48.07%    passed      6.47%
 148  ACT-120                                                                     48.07%    passed     17.56%
 149  ACT-124                                                                     48.07%    failed      4.48%
 150  ACT-13                                                                      48.20%    passed     13.15%
 151  ACT-17                                                                      48.07%    failed      4.20%
 152  ACT-22                                                                      48.07%    failed      3.69%
 153  ACT-53                                                                      48.07%    passed      7.98%
 154  ACT-C190                                                                    47.79%    failed      4.57%
 155  ACT-C198                                                                    48.07%    passed     20.92%
 156  ADC-100                                                                     47.79%    failed      0.00%
 157  ADC-225                                                                     47.79%    failed      0.00%
 158  ADC-234                                                                     47.93%    failed      0.00%
 159  ADC-235                                                                     47.79%    failed      0.00%
 160  ADC-264                                                                     47.79%    failed      0.00%
 161  ADC-335                                                                     47.79%    failed      0.00%
 162  ADC-340                                                                     47.65%    failed      0.00%
 163  ADC-8                                                                       45.86%    failed      0.00%
 164  AER-1                                                                       58.56%    passed     52.82%
 165  AFA-1                                                                       61.33%    failed      4.97%
 166  AFD-1                                                                       62.57%    passed     17.15%
 167  AMZ-1                                                                       46.13%    failed      4.70%
 168  AQU-1                                                                       48.20%    failed      1.71%
 169  AQU-10                                                                      47.51%    failed      1.54%
 170  AQU-15                                                                      48.20%    failed      1.66%
 171  AQU-18                                                                      48.07%    failed      0.83%
 172  AQU-3                                                                       48.20%    failed      0.96%
 173  ARL-1                                                                       61.60%    failed      0.21%
 174  ASA3-14                                                                     47.93%    failed      1.48%
 175  ASA3-26                                                                     47.79%    failed      1.64%
 176  AST-1                                                                       57.60%    failed      0.00%
 177  ASU1-1                                                                      56.91%    passed     71.48%
 178  AXC-3                                                                       59.25%    failed      0.36%
 179  AXC-6                                                                       59.25%    failed      1.28%
 180  AmpH_Endopeptidase_carboxipeptidase_Escherichia_coli_PBP-like_superfamily   51.38%    passed     32.67%
 181  AsbA1                                                                       47.93%    failed      3.92%
 182  BAD-1                                                                       63.54%    failed      0.62%
 183  BAT-1                                                                       63.40%    failed      3.12%
 184  BBI-1                                                                       58.56%    passed     16.53%
 185  BCL-1                                                                       58.84%    failed      0.00%
 186  BED-1                                                                       62.98%    failed      2.35%
 187  BEL-3                                                                       61.33%    passed     95.72%
 188  BEN-1                                                                       63.54%    failed      0.65%
 189  BES-1                                                                       60.22%    passed     20.89%
 190  BIC-2                                                                       59.94%    passed     98.43%
 191  BKC-1                                                                       59.12%    failed      0.03%
 192  BOC-1                                                                       63.40%    failed      0.99%
 193  BOR-1                                                                       58.43%    failed      0.00%
 194  BPS-1b                                                                      59.67%    failed      0.01%
 195  BPS-6                                                                       59.67%    failed      0.03%
 196  BPU-1                                                                       64.36%    failed      0.25%
 197  BRO-2                                                                       58.29%    failed      0.00%
 198  BSD-1                                                                       63.54%    failed      4.42%
 199  BSU-1                                                                       63.54%    failed      2.43%
 200  BUT-1                                                                       47.79%    passed      8.03%
 201  BcI-2                                                                       57.87%    passed     27.30%
 202  BcI-4                                                                       57.87%    passed     28.02%
 203  BcIII                                                                       56.77%    failed      1.96%
 204  BlaA-1                                                                      59.81%    passed     83.11%
 205  BlaA-3                                                                      59.81%    passed     52.49%
 206  BlaC                                                                        58.15%    failed      0.09%
 207  BlaP-1                                                                      58.01%    passed     15.06%
 208  BlaP-P1                                                                     63.81%    passed      8.32%
 209  BlaS                                                                        59.94%    failed      0.27%
 210  CAD-1                                                                       58.43%    failed      0.14%
 211  CAE-1                                                                       58.70%    failed      0.01%
 212  CARB-2                                                                      59.12%    passed     90.59%
 213  CARB-23                                                                     61.05%    passed     16.23%
 214  CARB-4                                                                      60.64%    passed     49.44%
 215  CARB-56                                                                     61.33%    passed     39.85%
 216  CARB-7                                                                      60.64%    passed     22.94%
 217  CBP-1                                                                       57.87%    failed      0.00%
 218  CDA-3                                                                       47.79%    passed     13.09%
 219  CDD-1                                                                       58.98%    failed      0.00%
 220  CEMC18-1                                                                    65.06%    failed      2.68%
 221  CFE-2                                                                       48.07%    passed     37.08%
 222  CGA-1                                                                       60.08%    failed      0.06%
 223  CHR-1                                                                       47.24%    failed      0.69%
 224  CIA-1                                                                       60.08%    failed      0.03%
 225  CKA-1                                                                       57.60%    passed      5.17%
 226  CM1-1                                                                       58.01%    failed      0.00%
 227  CME-2                                                                       59.39%    failed      0.01%
 228  CME-3                                                                       59.12%    failed      0.00%
 229  CMH-12                                                                      48.07%    failed      2.49%
 230  CMH-9                                                                       48.07%    failed      3.96%
 231  CMY-182                                                                     48.07%    passed     13.79%
 232  CMY-26                                                                      48.07%    passed     29.85%
 233  CMY-37                                                                      48.07%    passed     24.34%
 234  CMY-54                                                                      47.79%    passed     24.74%
 235  CPA-1                                                                       59.67%    passed     85.66%
 236  CPD-1                                                                       63.67%    failed      0.29%
 237  CRH-1                                                                       60.36%    passed     15.75%
 238  CRH-4                                                                       60.36%    passed     44.32%
 239  CRP-2                                                                       59.94%    passed     45.85%
 240  CSA-1                                                                       48.90%    passed     50.39%
 241  CSP-1                                                                       59.94%    failed      0.00%
 242  CST-2                                                                       57.18%    failed      0.08%
 243  CTX-M-102                                                                   60.22%    passed     14.36%
 244  CTX-M-110                                                                   60.08%    passed     12.66%
 245  CTX-M-151                                                                   58.56%    passed     37.22%
 246  CTX-M-211                                                                   59.81%    passed     76.70%
 247  CTX-M-229                                                                   60.36%    passed     58.72%
 248  CTX-M-4                                                                     60.22%    passed     66.78%
 249  CTX-M-45                                                                    61.19%    passed     21.48%
 250  CTX-M-49                                                                    60.22%    passed     13.15%
 251  CblA                                                                        59.53%    passed      5.15%
 252  CdiA-2                                                                      59.81%    passed     59.47%
 253  CepA-2                                                                      58.98%    failed      0.01%
 254  CepH                                                                        47.93%    failed      0.39%
 255  CepS                                                                        47.93%    failed      1.98%
 256  CfxA-4                                                                      56.22%    failed      0.05%
 257  CfxA-E-1                                                                    56.35%    failed      0.01%
 258  CfxA-P4                                                                     62.02%    failed      0.46%
 259  CumA-1                                                                      59.12%    passed     22.25%
 260  CzoA-1                                                                      58.84%    failed      0.12%
 261  DBA-1                                                                       59.39%    failed      0.00%
 262  DES-1                                                                       57.32%    failed      0.32%
 263  DHA-12                                                                      48.34%    passed      8.64%
 264  EC-1850                                                                     48.76%    passed      8.98%
 265  EC-241                                                                      48.20%    passed     23.29%
 266  EC-270                                                                      49.03%    passed     14.03%
 267  EC-68                                                                       48.07%    passed     17.71%
 268  EC-P67                                                                      47.65%    passed     14.99%
 269  EDC-1                                                                       47.38%    failed      0.00%
 270  ERH-1                                                                       48.34%    failed      0.98%
 271  ERP-1                                                                       59.94%    failed      0.78%
 272  Ear-1                                                                       48.07%    failed      0.28%
 273  EstU1_Carboxylesterasa_Metagenome_PBP-like_superfamily                      45.99%    failed      1.69%
 274  FAR-1                                                                       57.60%    failed      0.00%
 275  FLC-1                                                                       59.39%    passed     77.24%
 276  FONA-2                                                                      59.67%    passed     70.60%
 277  FOX-9                                                                       47.93%    failed      2.73%
 278  FPH-1                                                                       60.64%    failed      0.00%
 279  FRI-1                                                                       59.94%    passed     86.66%
 280  FRI-12                                                                      59.53%    passed     69.33%
 281  FTU-2                                                                       60.77%    failed      0.00%
 282  GES-42                                                                      60.36%    passed     80.87%
 283  GES-47                                                                      60.77%    passed     84.34%
 284  GIL-1                                                                       60.91%    passed     11.41%
 285  GMA-1                                                                       61.46%    passed     26.06%
 286  GPA-1                                                                       59.94%    failed      4.57%
 287  GPC-1                                                                       59.53%    failed      0.09%
 288  GRI-1                                                                       59.81%    passed     77.22%
 289  HBL-1                                                                       58.43%    failed      0.00%
 290  HER-1                                                                       60.36%    passed     26.92%
 291  HMS-2                                                                       60.77%    failed      4.66%
 292  HugA                                                                        59.25%    passed     51.43%
 293  IDC-1                                                                       46.41%    failed      3.77%
 294  IMI-14                                                                      60.36%    passed     52.22%
 295  IMI-23                                                                      60.36%    passed     32.51%
 296  IMI-24                                                                      60.36%    passed     47.74%
 297  IMI-5                                                                       60.36%    passed     23.47%
 298  KBL-1                                                                       60.91%    failed      0.00%
 299  KLUC-3                                                                      60.22%    passed     67.90%
 300  KLUC-7                                                                      60.22%    passed     64.80%
 301  KLUG-5                                                                      60.22%    passed     31.66%
 302  KLUS-1                                                                      60.22%    passed     23.26%
 303  KPC-107                                                                     59.67%    passed     32.17%
 304  KPC-108                                                                     59.67%    passed     32.91%
 305  KPC-112                                                                     60.50%    passed     34.88%
 306  KPC-114                                                                     59.81%    passed     32.40%
 307  KPC-13                                                                      59.94%    passed     22.77%
 308  KPC-135                                                                     60.08%    passed     32.33%
 309  KPC-140                                                                     59.81%    passed     34.31%
 310  KPC-141                                                                     59.94%    passed     31.35%
 311  KPC-151                                                                     60.22%    passed     34.01%
 312  KPC-153                                                                     59.81%    passed     23.57%
 313  KPC-155                                                                     60.08%    passed     31.78%
 314  KPC-159                                                                     60.22%    passed     36.25%
 315  KPC-186                                                                     60.22%    passed     32.45%
 316  KPC-191                                                                     60.08%    passed     31.34%
 317  KPC-52                                                                      59.81%    passed     31.30%
 318  KPC-65                                                                      59.81%    passed     25.48%
 319  KPC-69                                                                      59.81%    passed     24.85%
 320  KPC-74                                                                      60.22%    passed     35.24%
 321  KPC-81                                                                      60.08%    passed     27.91%
 322  KPC-94                                                                      60.08%    passed     31.23%
 323  L2-1                                                                        58.56%    failed      0.00%
 324  L2-28                                                                       58.56%    failed      0.00%
 325  L2-47                                                                       58.56%    failed      0.00%
 326  L2-80                                                                       58.43%    failed      0.00%
 327  L2-82                                                                       58.43%    failed      0.01%
 328  L2-C-5                                                                      58.56%    failed      0.00%
 329  L2-E-13                                                                     58.43%    failed      0.00%
 330  L2-E-9                                                                      58.84%    failed      0.00%
 331  LAP-1                                                                       61.05%    passed      7.43%
 332  LAQ-1                                                                       48.20%    passed     34.97%
 333  LCR-1                                                                       64.50%    passed     83.50%
 334  LEN-47                                                                      60.91%    failed      4.18%
 335  LEN-58                                                                      60.91%    failed      4.09%
 336  LHK-3                                                                       47.10%    failed      1.77%
 337  LRA10-1                                                                     48.90%    passed     30.18%
 338  LRA18-1                                                                     47.38%    failed      0.00%
 339  LUS-1                                                                       58.56%    passed     30.22%
 340  LUT-1                                                                       59.53%    passed     38.96%
 341  LUT-5                                                                       59.53%    passed     40.46%
 342  LYL-1                                                                       47.51%    failed      3.46%
 343  MAB-1                                                                       60.50%    failed      2.13%
 344  MAL-1                                                                       58.98%    passed     37.80%
 345  MCA-1                                                                       47.24%    failed      0.00%
 346  MFO-1                                                                       59.94%    failed      0.38%
 347  MIA-1                                                                       57.46%    failed      0.00%
 348  MIN-1                                                                       59.12%    passed     27.56%
 349  MM3-1                                                                       58.56%    failed      0.01%
 350  MOM-1                                                                       60.77%    passed      7.22%
 351  MOX-1                                                                       47.93%    failed      0.61%
 352  MOX-5                                                                       47.79%    failed      1.18%
 353  MOX-8                                                                       47.79%    failed      0.14%
 354  MOX-9                                                                       47.79%    passed     15.04%
 355  MYCC1-1                                                                     48.20%    failed      2.44%
 356  NLA-1                                                                       59.25%    failed      0.00%
 357  NOD-1                                                                       61.88%    failed      0.45%
 358  OCH-1                                                                       46.82%    passed     23.51%
 359  OCH-11                                                                      47.65%    passed     15.07%
 360  OHIO-1                                                                      60.91%    failed      4.16%
 361  OIH-1                                                                       58.43%    failed      0.00%
 362  OKP-A-15                                                                    61.60%    passed     10.20%
 363  OKP-B-15                                                                    60.91%    passed      7.13%
 364  OKP-D-1                                                                     60.91%    passed      6.52%
 365  ORF6-1                                                                      57.87%    passed     49.00%
 366  ORN-2                                                                       60.22%    failed      4.27%
 367  OXA-1006                                                                    62.43%    failed      0.53%
 368  OXA-1007                                                                    62.71%    passed     29.84%
 369  OXA-1011                                                                    63.67%    failed      0.78%
 370  OXA-1036                                                                    61.88%    failed      0.01%
 371  OXA-1037                                                                    64.09%    failed      3.92%
 372  OXA-1043                                                                    63.81%    failed      0.12%
 373  OXA-1056                                                                    64.78%    passed     20.40%
 374  OXA-1081                                                                    62.43%    failed      1.15%
 375  OXA-1089                                                                    61.05%    passed     29.97%
 376  OXA-1090                                                                    63.12%    failed      4.91%
 377  OXA-1091                                                                    62.98%    passed     67.23%
 378  OXA-1103                                                                    63.81%    failed      0.00%
 379  OXA-1116                                                                    62.29%    failed      0.27%
 380  OXA-1147                                                                    63.40%    failed      3.69%
 381  OXA-1149                                                                    60.08%    passed     21.92%
 382  OXA-114d                                                                    62.71%    failed      0.07%
 383  OXA-1153                                                                    64.09%    passed     14.82%
 384  OXA-1168                                                                    63.67%    failed      2.60%
 385  OXA-1175                                                                    62.71%    failed      1.31%
 386  OXA-1182                                                                    62.43%    failed      2.10%
 387  OXA-1189                                                                    62.71%    passed     16.22%
 388  OXA-1206                                                                    62.29%    failed      1.99%
 389  OXA-1208                                                                    62.57%    failed      0.38%
 390  OXA-134                                                                     62.71%    failed      0.00%
 391  OXA-145                                                                     63.81%    failed      2.19%
 392  OXA-151                                                                     61.05%    passed      5.29%
 393  OXA-153                                                                     60.50%    passed     18.17%
 394  OXA-156                                                                     61.33%    passed     45.72%
 395  OXA-157                                                                     61.05%    failed      2.88%
 396  OXA-158                                                                     61.33%    passed     28.67%
 397  OXA-18                                                                      62.71%    passed     44.64%
 398  OXA-191                                                                     62.43%    failed      0.00%
 399  OXA-198                                                                     64.78%    passed     45.03%
 400  OXA-20                                                                      63.67%    passed     22.53%
 401  OXA-209                                                                     62.57%    failed      0.00%
 402  OXA-256                                                                     63.67%    failed      4.85%
 403  OXA-257                                                                     62.71%    passed     26.50%
 404  OXA-258                                                                     62.85%    failed      0.98%
 405  OXA-265                                                                     62.57%    passed     53.09%
 406  OXA-269                                                                     62.71%    passed     24.83%
 407  OXA-274                                                                     62.02%    passed     49.42%
 408  OXA-279                                                                     62.15%    failed      3.77%
 409  OXA-280                                                                     62.43%    failed      0.47%
 410  OXA-29                                                                      63.67%    failed      0.02%
 411  OXA-291                                                                     62.15%    failed      0.44%
 412  OXA-294                                                                     62.15%    failed      1.39%
 413  OXA-296                                                                     61.46%    failed      0.68%
 414  OXA-297                                                                     61.33%    failed      1.54%
 415  OXA-299                                                                     62.15%    passed     10.80%
 416  OXA-302                                                                     62.02%    failed      0.08%
 417  OXA-306                                                                     62.15%    passed      9.70%
 418  OXA-307                                                                     62.15%    failed      0.60%
 419  OXA-347                                                                     62.57%    failed      0.00%
 420  OXA-409                                                                     62.43%    passed     45.15%
 421  OXA-427                                                                     64.09%    failed      0.39%
 422  OXA-43                                                                      63.54%    passed     48.14%
 423  OXA-443                                                                     62.98%    passed      6.95%
 424  OXA-45                                                                      64.23%    passed     14.06%
 425  OXA-470                                                                     63.81%    failed      0.00%
 426  OXA-491                                                                     65.47%    failed      0.00%
 427  OXA-5                                                                       63.54%    failed      4.71%
 428  OXA-515                                                                     63.81%    passed     15.87%
 429  OXA-527                                                                     62.57%    passed     35.77%
 430  OXA-539                                                                     63.26%    failed      0.35%
 431  OXA-540                                                                     63.40%    failed      0.47%
 432  OXA-542                                                                     62.43%    failed      0.18%
 433  OXA-548                                                                     62.02%    passed     32.45%
 434  OXA-551                                                                     62.02%    passed     34.82%
 435  OXA-567                                                                     63.95%    passed     11.25%
 436  OXA-568                                                                     62.29%    failed      0.01%
 437  OXA-569                                                                     62.71%    failed      1.03%
 438  OXA-570                                                                     62.98%    passed     12.63%
 439  OXA-576                                                                     66.30%    failed      0.00%
 440  OXA-58                                                                      61.74%    passed     73.98%
 441  OXA-598                                                                     65.61%    failed      0.00%
 442  OXA-614                                                                     65.47%    failed      0.00%
 443  OXA-63                                                                      63.95%    failed      0.00%
 444  OXA-634                                                                     66.44%    failed      0.00%
 445  OXA-636                                                                     66.16%    failed      0.00%
 446  OXA-641                                                                     64.92%    passed     44.73%
 447  OXA-646                                                                     62.15%    failed      0.00%
 448  OXA-659                                                                     63.67%    failed      0.00%
 449  OXA-661                                                                     62.29%    passed      5.45%
 450  OXA-665                                                                     62.71%    failed      1.93%
 451  OXA-666                                                                     61.46%    failed      0.49%
 452  OXA-673                                                                     62.02%    failed      0.20%
 453  OXA-675                                                                     62.57%    failed      0.00%
 454  OXA-724                                                                     64.09%    failed      4.05%
 455  OXA-727                                                                     61.60%    passed     10.05%
 456  OXA-786                                                                     66.71%    failed      0.00%
 457  OXA-830                                                                     63.81%    passed     11.14%
 458  OXA-837                                                                     59.67%    failed      0.17%
 459  OXA-85                                                                      64.64%    failed      0.00%
 460  OXA-898                                                                     62.98%    passed     12.30%
 461  OXA-899                                                                     62.98%    failed      0.71%
 462  OXA-9                                                                       62.71%    passed     51.89%
 463  OXA-900                                                                     63.12%    passed      6.19%
 464  OXA-902                                                                     64.23%    passed     32.16%
 465  OXA-911                                                                     62.71%    failed      2.98%
 466  OXA-915                                                                     62.29%    failed      0.00%
 467  OXA-919                                                                     62.43%    passed     24.38%
 468  OXA-926                                                                     63.54%    passed      8.62%
 469  OXA-948                                                                     62.29%    passed      6.73%
 470  OXA-956                                                                     64.09%    failed      2.52%
 471  OXA-957                                                                     64.23%    failed      0.00%
 472  OXA-960                                                                     60.64%    failed      1.98%
 473  OXA-979                                                                     62.71%    passed     14.21%
 474  OXA-992                                                                     62.71%    passed     10.11%
 475  OXA-999                                                                     61.88%    passed      5.43%
 476  OXY-1-11                                                                    60.22%    passed     69.49%
 477  OXY-10-1                                                                    60.36%    passed     89.41%
 478  OXY-11-1                                                                    60.22%    passed     52.99%
 479  OXY-12-1                                                                    60.36%    passed     82.05%
 480  OXY-2-25                                                                    60.36%    passed     77.92%
 481  OXY-2-30                                                                    60.50%    passed     89.45%
 482  OXY-8-1                                                                     60.36%    passed     87.20%
 483  OXY-9-1                                                                     60.22%    passed     65.59%
 484  PAC-1                                                                       48.07%    failed      2.15%
 485  PAD-1                                                                       59.53%    passed      8.34%
 486  PAL-7                                                                       61.05%    passed     27.66%
 487  PAL-8                                                                       60.50%    passed      8.92%
 488  PAU-1                                                                       59.94%    passed     54.37%
 489  PBP-5_Carboxylesterasa_Escherichia_coli_PBP-like_superfamily                47.51%    passed     67.96%
 490  PBP-A_Carboxylesterasa_Pseudomonas_aeruginosa_PBP-like_superfamily          57.73%    failed      4.36%
 491  PC1-1                                                                       61.74%    failed      0.00%
 492  PC2-1                                                                       61.46%    failed      0.00%
 493  PC2-2                                                                       61.46%    failed      0.00%
 494  PDC-243                                                                     45.44%    failed      0.11%
 495  PDC-250                                                                     45.86%    failed      1.02%
 496  PDC-320                                                                     45.86%    failed      0.13%
 497  PDC-418                                                                     48.48%    failed      1.00%
 498  PDC-541                                                                     46.13%    failed      0.20%
 499  PDC-75                                                                      49.45%    failed      0.08%
 500  PDC-76                                                                      49.45%    failed      0.07%
 501  PDC-81                                                                      49.45%    failed      0.09%
 502  PDC-85                                                                      49.45%    failed      0.10%
 503  PDC-89                                                                      49.86%    failed      0.04%
 504  PDC-91                                                                      50.00%    failed      0.05%
 505  PEC-1                                                                       60.91%    passed     55.10%
 506  PER-14                                                                      57.87%    failed      0.13%
 507  PER-16                                                                      57.87%    passed     17.47%
 508  PER-3                                                                       57.87%    passed      9.75%
 509  PER-6                                                                       57.87%    failed      1.01%
 510  PFL-1                                                                       47.65%    failed      2.26%
 511  PLES-1                                                                      59.39%    passed     61.44%
 512  PLES-4                                                                      59.39%    passed     45.08%
 513  PLES-8                                                                      59.39%    passed     46.75%
 514  PLY-1                                                                       48.48%    passed     12.17%
 515  PME-1                                                                       57.87%    failed      0.00%
 516  PRC-1                                                                       48.34%    failed      0.03%
 517  PSV-1                                                                       59.67%    passed     14.19%
 518  PSZ-1                                                                       48.34%    failed      0.11%
 519  PbbA-1                                                                      62.57%    failed      0.00%
 520  PbbA-2                                                                      59.53%    failed      0.00%
 521  PenA-12                                                                     58.70%    failed      0.00%
 522  PenA-2A                                                                     57.87%    failed      0.00%
 523  PenA-34                                                                     58.70%    failed      0.00%
 524  PenB-1                                                                      57.32%    failed      0.00%
 525  PenBcc-1                                                                    57.32%    failed      0.00%
 526  PenE-1                                                                      59.39%    failed      0.00%
 527  PenF-1                                                                      59.39%    failed      0.11%
 528  PenG-1                                                                      59.39%    failed      0.00%
 529  PenH-1                                                                      59.39%    failed      0.00%
 530  PenJ-1                                                                      59.67%    failed      0.04%
 531  PenL-2                                                                      59.81%    failed      0.00%
 532  PenL-3                                                                      59.81%    failed      0.00%
 533  PenN-1                                                                      58.43%    failed      0.00%
 534  R39-1                                                                       58.43%    failed      0.00%
 535  RAA-1                                                                       60.36%    failed      0.00%
 536  RAD-1                                                                       64.92%    failed      0.00%
 537  RAHN-1                                                                      59.67%    passed     39.56%
 538  RASA-1                                                                      59.67%    failed      0.00%
 539  RATA-1                                                                      58.56%    failed      0.10%
 540  RCP-1                                                                       60.08%    failed      0.15%
 541  REUT                                                                        59.39%    failed      0.02%
 542  RHO-1                                                                       48.34%    failed      0.41%
 543  RIC-1                                                                       59.67%    passed     51.65%
 544  RIC-2                                                                       59.67%    passed     35.07%
 545  ROB-12                                                                      57.60%    passed     11.29%
 546  RSA1-1                                                                      61.05%    passed     30.28%
 547  RSA2-1                                                                      58.43%    failed      1.04%
 548  RSC1-1                                                                      45.99%    failed      3.71%
 549  RSD1-1                                                                      63.12%    failed      0.03%
 550  RSD2-1                                                                      64.92%    passed     47.86%
 551  RSD2-2                                                                      65.61%    passed     65.80%
 552  RUB-1                                                                       61.19%    passed     20.09%
 553  SCO-1                                                                       60.64%    passed     24.52%
 554  SDA-A-1                                                                     57.04%    failed      0.00%
 555  SDA-D-1                                                                     57.04%    failed      0.30%
 556  SDA-D-3                                                                     57.04%    failed      1.16%
 557  SDA-E-1                                                                     57.60%    failed      0.00%
 558  SDA-F-1                                                                     58.15%    failed      0.00%
 559  SDA-G-1                                                                     54.56%    failed      0.00%
 560  SDA-L-1                                                                     58.29%    failed      0.00%
 561  SED-1                                                                       59.67%    passed     69.50%
 562  SFC-1                                                                       57.87%    passed     99.23%
 563  SFDC-1                                                                      47.93%    failed      1.10%
 564  SGC-1                                                                       48.48%    failed      4.00%
 565  SGM-1                                                                       58.98%    failed      0.53%
 566  SGM-2                                                                       59.67%    failed      0.42%
 567  SGM-4                                                                       59.67%    failed      1.68%
 568  SGM-5                                                                       58.29%    failed      1.05%
 569  SHV-100                                                                     60.77%    passed      9.87%
 570  SHV-122b                                                                    60.77%    passed     12.59%
 571  SHV-128                                                                     60.91%    passed     12.60%
 572  SHV-129                                                                     60.91%    passed     12.69%
 573  SHV-137                                                                     60.91%    passed      7.00%
 574  SHV-16                                                                      60.91%    passed      8.00%
 575  SHV-183                                                                     60.91%    passed     13.75%
 576  SHV-187                                                                     60.64%    passed     13.97%
 577  SHV-204                                                                     60.91%    passed     12.25%
 578  SHV-224                                                                     60.91%    passed      9.08%
 579  SHV-228                                                                     60.91%    passed      9.69%
 580  SHV-25                                                                      60.91%    passed     10.47%
 581  SHV-59                                                                      60.91%    passed      9.49%
 582  SHV-78                                                                      60.91%    passed     10.22%
 583  SHV-79                                                                      60.91%    passed     11.48%
 584  SHV-81                                                                      60.91%    passed     10.51%
 585  SHV-P35                                                                     66.99%    passed     27.00%
 586  SHV-P9                                                                      64.50%    passed     17.09%
 587  SLC-2                                                                       48.48%    failed      3.47%
 588  SME-3                                                                       59.94%    passed     37.34%
 589  SMO-1                                                                       59.67%    passed     79.56%
 590  SPA_MetaAn_10_l301_st22305_e23207_se1_ID_255_22                             58.98%    passed     11.26%
 591  SPA_MetaAn_16_l390_st1220_e2389_se1_ID_8635_3                               46.96%    passed     17.35%
 592  SPA_MetaAn_17_l285_st714_e1568_se1_ID_173183_2                              61.33%    failed      0.07%
 593  SPA_MetaAn_17_l296_st2112_e2999_se1_ID_43852_3                              59.67%    failed      0.00%
 594  SPA_MetaAn_17_l315_st2386_e3330_se1_ID_52059_4                              57.73%    failed      0.00%
 595  SPA_MetaAn_17_l320_st888_e1847_se-1_ID_73518_3                              56.35%    passed     51.98%
 596  SPA_MetaAn_17_l337_st902_e1912_se-1_ID_125791_2                             54.28%    passed     69.88%
 597  SPA_MetaAn_1_l295_st1080_e1964_se-1_ID_57481_3                              59.81%    failed      0.00%
 598  SPA_MetaAn_1_l295_st279_e1163_se-1_ID_13422_2                               59.81%    failed      1.98%
 599  SPA_MetaAn_1_l298_st8406_e9299_se-1_ID_2894_10                              59.39%    failed      0.00%
 600  SPA_MetaAn_1_l302_st502_e1407_se1_ID_35628_3                                59.81%    passed      8.93%
 601  SPA_MetaAn_20_l300_st1322_e2221_se1_ID_9070_2                               59.12%    failed      1.05%
 602  SPA_MetaAn_21_l305_st122_e1036_se1_ID_27399_2                               58.56%    failed      0.01%
 603  SPA_MetaAn_21_l314_st358_e1299_se-1_ID_13580_3                              57.18%    passed     69.99%
 604  SPA_MetaAn_21_l344_st272_e1303_se-1_ID_51273_2                              54.01%    passed     80.89%
 605  SPA_MetaAn_21_l392_st14638_e15813_se1_ID_159_17                             46.69%    passed     47.51%
 606  SPA_MetaAn_22_l274_st2349_e3170_se1_ID_348_2                                62.71%    failed      0.00%
 607  SPA_MetaAn_22_l286_st190_e1047_se-1_ID_33691_2                              61.19%    passed     19.78%
 608  SPA_MetaAn_23_l274_st4435_e5256_se1_ID_9346_2                               62.71%    failed      0.00%
 609  SPA_MetaAn_23_l302_st645_e1550_se1_ID_49464_2                               58.98%    failed      1.47%
 610  SPA_MetaAn_23_l302_st823_e1728_se-1_ID_38212_3                              58.98%    failed      0.81%
 611  SPA_MetaAn_23_l308_st39184_e40107_se-1_ID_195_42                            58.15%    passed     30.69%
 612  SPA_MetaAn_23_l322_st4168_e5133_se-1_ID_11371_6                             57.46%    failed      0.01%
 613  SPA_MetaAn_24_l322_st2003_e2968_se-1_ID_9394_3                              56.08%    passed     58.16%
 614  SPA_MetaAn_26_l284_st266_e1117_se-1_ID_66992_2                              61.33%    failed      0.66%
 615  SPA_MetaAn_28_l287_st261_e1121_se1_ID_42948_1                               60.91%    failed      0.00%
 616  SPA_MetaAn_28_l294_st7089_e7970_se1_ID_6216_8                               60.08%    failed      0.00%
 617  SPA_MetaAn_28_l308_st97_e1020_se-1_ID_29641_1                               58.15%    passed      5.28%
 618  SPA_MetaAn_2_l266_st11775_e12572_se1_ID_1351_14                             63.81%    passed     72.63%
 619  SPA_MetaAn_2_l390_st11201_e12370_se1_ID_2896_12                             46.96%    failed      2.04%
 620  SPA_MetaAn_30_l304_st264_e1175_se1_ID_142871_2                              58.56%    passed     11.32%
 621  SPA_MetaAn_31_l282_st5526_e6371_se-1_ID_397_7                               62.29%    failed      0.00%
 622  SPA_MetaAn_31_l292_st13597_e14472_se-1_ID_1500_17                           60.22%    failed      0.46%
 623  SPA_MetaAn_32_l313_st176_e1114_se1_ID_121067_1                              57.87%    failed      0.00%
 624  SPA_MetaAn_33_l296_st220_e1107_se1_ID_88023_2                               59.67%    passed     26.25%
 625  SPA_MetaAn_34_l272_st18_e833_se-1_ID_103971_1                               63.12%    failed      1.38%
 626  SPA_MetaAn_34_l303_st116_e1024_se-1_ID_37528_1                              58.84%    failed      0.08%
 627  SPA_MetaAn_3_l288_st172_e1035_se1_ID_176893_2                               60.77%    passed     69.94%
 628  SPA_MetaAn_3_l295_st2044_e2928_se-1_ID_12539_4                              59.81%    failed      0.00%
 629  SPA_MetaAn_3_l295_st88_e972_se1_ID_28541_1                                  59.81%    failed      0.00%
 630  SPA_MetaAn_3_l302_st121_e1026_se1_ID_150541_1                               58.98%    failed      0.00%
 631  SPA_MetaAn_3_l302_st8914_e9819_se-1_ID_619_9                                58.84%    passed     13.91%
 632  SPA_MetaAn_3_l335_st4547_e5551_se1_ID_502_4                                 57.60%    passed     25.96%
 633  SPA_MetaAn_50_l276_st3493_e4320_se1_ID_10850_6                              62.71%    failed      0.08%
 634  SPA_MetaAn_50_l284_st520_e1371_se-1_ID_109182_2                             61.33%    failed      0.49%
 635  SPA_MetaAn_59_l318_st352_e1305_se-1_ID_31946_2                              56.77%    failed      0.29%
 636  SPA_MetaAn_5_l282_st5192_e6037_se1_ID_4043_6                                61.60%    passed     33.26%
 637  SPA_MetaAn_5_l297_st1414_e2304_se1_ID_7995_3                                59.53%    failed      1.07%
 638  SPA_MetaAn_5_l306_st1047_e1964_se1_ID_26657_2                               58.43%    failed      0.00%
 639  SPA_MetaAn_61_l268_st7_e810_se-1_ID_576368_1                                63.54%    passed     64.63%
 640  SPA_MetaAn_61_l276_st622_e1449_se-1_ID_120966_2                             62.43%    passed     49.86%
 641  SPA_MetaAn_61_l394_st2461_e3642_se-1_ID_18709_3                             46.41%    passed      7.94%
 642  SPA_MetaAn_61_l428_st383_e1666_se1_ID_88190_1                               45.99%    passed      7.28%
 643  SPA_MetaAn_62_l265_st2919_e3713_se-1_ID_9155_2                              63.95%    failed      0.00%
 644  SPA_MetaAn_62_l283_st602_e1450_se1_ID_20927_3                               61.46%    passed     22.61%
 645  SPA_MetaAn_62_l291_st178_e1050_se1_ID_48827_2                               60.36%    failed      0.55%
 646  SPA_MetaAn_62_l297_st134_e1024_se1_ID_101796_1                              59.53%    passed     93.94%
 647  SPA_MetaAn_63_l307_st287_e1207_se1_ID_134578_2                              58.15%    failed      2.20%
 648  SPA_MetaAn_64_l291_st1318_e2190_se1_ID_28445_4                              60.36%    passed     14.36%
 649  SPA_MetaAn_64_l392_st2214_e3389_se-1_ID_9446_5                              49.45%    passed     90.87%
 650  SPA_MetaAn_66_l299_st3103_e3999_se-1_ID_2494_4                              59.25%    failed      0.48%
 651  SPA_MetaAn_67_l263_st132_e920_se-1_ID_122004_1                              65.47%    failed      0.83%
 652  SPA_MetaAn_67_l377_st5731_e6861_se1_ID_839_8                                50.41%    failed      0.30%
 653  SPA_MetaAn_67_l403_st152_e1360_se-1_ID_9178_1                               47.65%    passed     72.24%
 654  SPA_MetaAn_69_l419_st878_e2134_se1_ID_20997_2                               46.27%    failed      4.94%
 655  SPA_MetaAn_69_l427_st429_e1709_se1_ID_44437_2                               46.13%    passed     21.01%
 656  SPA_MetaAn_69_l428_st1231_e2514_se-1_ID_18388_2                             45.86%    passed      8.57%
 657  SPA_MetaAn_70_l267_st515_e1315_se-1_ID_569_1                                63.67%    failed      1.37%
 658  SPA_MetaAn_70_l299_st321_e1217_se1_ID_3163_1                                59.39%    passed     41.82%
 659  SPA_MetaAn_70_l300_st103_e1002_se1_ID_31327_2                               59.25%    failed      0.00%
 660  SPA_MetaAn_70_l307_st1183_e2103_se1_ID_2532_2                               58.29%    passed     14.29%
 661  SPA_MetaAn_70_l307_st17835_e18755_se-1_ID_125_19                            58.29%    passed     17.84%
 662  SPA_MetaAn_70_l310_st362606_e363535_se1_ID_1_306                            58.84%    passed     16.32%
 663  SPA_MetaAn_72_l307_st323_e1243_se-1_ID_5256_2                               58.29%    passed     25.69%
 664  SPA_MetaAn_73_l299_st2196_e3092_se1_ID_14218_4                              59.25%    failed      0.64%
 665  SPA_MetaAn_73_l320_st614_e1573_se1_ID_75642_2                               56.35%    passed     39.35%
 666  SPA_MetaAn_74_l270_st548_e1357_se-1_ID_109579_2                             63.26%    failed      1.15%
 667  SPA_MetaAn_74_l284_st2844_e3695_se-1_ID_14855_2                             61.33%    failed      0.43%
 668  SPA_MetaAn_74_l285_st578_e1432_se-1_ID_96530_2                              61.60%    failed      0.41%
 669  SPA_MetaAn_74_l286_st173_e1030_se-1_ID_42348_1                              61.74%    passed     92.92%
 670  SPA_MetaAn_74_l294_st1336_e2217_se-1_ID_24560_3                             59.94%    failed      1.33%
 671  SPA_MetaAn_74_l303_st120_e1028_se1_ID_10415_2                               58.84%    failed      0.29%
 672  SPA_MetaAn_74_l303_st316_e1224_se1_ID_154258_1                              58.84%    failed      0.36%
 673  SPA_MetaAn_74_l320_st2570_e3529_se1_ID_15044_3                              57.46%    failed      0.01%
 674  SPA_MetaAn_74_l344_st43490_e44521_se-1_ID_222_34                            54.28%    passed     14.10%
 675  SPA_MetaAn_74_l376_st224_e1351_se1_ID_47445_2                               52.07%    passed     50.78%
 676  SPA_MetaAn_75_l267_st209_e1009_se1_ID_16525_2                               63.67%    failed      0.35%
 677  SPA_MetaAn_75_l272_st221_e1036_se-1_ID_8364_2                               62.98%    passed     29.12%
 678  SPA_MetaAn_76_l305_st322_e1236_se-1_ID_47622_2                              58.43%    failed      0.01%
 679  SPA_MetaAn_77_l291_st4627_e5499_se1_ID_3751_7                               60.36%    failed      0.00%
 680  SPA_MetaAn_77_l293_st482_e1360_se-1_ID_44178_2                              60.08%    failed      0.00%
 681  SPA_MetaAn_77_l302_st4132_e5037_se1_ID_286_3                                58.98%    passed     24.36%
 682  SPA_MetaAn_77_l328_st754_e1737_se-1_ID_32869_2                              58.84%    failed      0.01%
 683  SPA_MetaAn_79_l264_st101_e892_se1_ID_20644_1                                64.09%    passed     43.15%
 684  SPA_MetaAn_7_l302_st145_e1050_se1_ID_113997_2                               58.98%    failed      0.00%
 685  SPA_MetaAn_7_l417_st452_e1702_se-1_ID_64270_2                               47.10%    passed      8.55%
 686  SPA_MetaAn_82_l279_st3653_e4489_se1_ID_20205_5                              62.02%    passed      6.19%
 687  SPA_MetaAn_82_l378_st28_e1161_se-1_ID_130992_1                              50.14%    passed     73.55%
 688  SPA_MetaAn_83_l241_st1817_e2539_se1_ID_28230_3                              67.27%    passed     13.08%
 689  SPA_MetaAn_83_l280_st202_e1041_se-1_ID_62073_2                              61.88%    passed     49.25%
 690  SPA_MetaAn_83_l435_st3519_e4823_se1_ID_6932_4                               45.03%    passed     57.93%
 691  SPA_MetaAn_84_l295_st16977_e17861_se-1_ID_318_18                            59.81%    failed      0.02%
 692  SPA_MetaAn_84_l297_st33_e923_se-1_ID_122061_1                               59.53%    passed     15.89%
 693  SPA_MetaAn_8_l299_st384_e1280_se-1_ID_50615_2                               59.25%    failed      0.01%
 694  SPA_MetaAn_8_l300_st2018_e2917_se1_ID_15056_3                               59.12%    failed      0.00%
 695  SPA_MetaAn_8_l396_st215_e1402_se1_ID_54894_1                                46.55%    failed      2.41%
 696  SPA_MetaAn_9_l327_st14239_e15219_se1_ID_408_13                              58.15%    failed      2.87%
 697  SPA_MetaAn_9_l384_st38809_e39960_se1_ID_13_38                               49.45%    passed     78.06%
 698  SPC-1                                                                       48.48%    failed      4.15%
 699  SRT-1                                                                       48.48%    failed      0.63%
 700  SRT-C3                                                                      48.76%    passed      6.62%
 701  STD-1                                                                       63.95%    failed      0.00%
 702  SUC-1                                                                       47.24%    failed      2.59%
 703  TEM-P14                                                                     65.75%    passed     68.84%
 704  TER-1                                                                       61.19%    passed     13.14%
 705  TER-2                                                                       61.19%    passed     10.19%
 706  TLA-1                                                                       58.84%    failed      0.00%
 707  TLA-3                                                                       57.73%    failed      0.00%
 708  TLA2-1                                                                      58.70%    failed      0.01%
 709  TRU-1                                                                       47.93%    failed      2.37%
 710  UCB-1                                                                       48.20%    passed      5.54%
 711  VBR-1                                                                       59.94%    passed     75.13%
 712  VDA-A-1                                                                     61.33%    failed      0.08%
 713  VDA-B-1                                                                     61.33%    passed     51.85%
 714  VDA-H-1                                                                     61.33%    passed     22.30%
 715  VDA-H-2                                                                     60.77%    passed     30.28%
 716  XCC-1                                                                       59.67%    failed      0.36%
 717  XCC-10                                                                      59.53%    passed      9.43%
 718  YEC-1                                                                       47.38%    failed      2.45%
 719  YOC-1                                                                       47.51%    failed      0.14%
 720  YRC-1                                                                       48.07%    passed      9.87%
 721  blaR1_Transpeptidase_Staphylococcus_aureus_PBP-like_superfamily             55.25%    failed      0.00%
WARNING: 600 sequences contain more than 50% gaps/ambiguity
****  TOTAL                                                                       58.28%  421 sequences failed composition chi2 test (p-value<5%; df=19)
Hashing sequences took 0.015 wall-clock seconds
Checking for duplicate sequences took 0.004 wall-clock seconds
Checking for duplicate sequences: done in 0.018829 secs using 1243% CPU
Printing alignment to phylip file  took 0.050 sec

Printing alignment to phylip file  took 0.035 sec

Create initial parsimony tree by phylogenetic likelihood library (PLL)... 2.020 seconds
Parsimony of PLL Parsimony tree was 42746
Measuring multi-threading efficiency up to 20 CPU cores
5 trees examined
Threads: 1 / Time: 23.950 sec / Speedup: 1.000 / Efficiency: 100% / LogL: -480397
Threads: 2 / Time: 14.969 sec / Speedup: 1.600 / Efficiency: 80% / LogL: -480397
Threads: 3 / Time: 10.788 sec / Speedup: 2.220 / Efficiency: 74% / LogL: -480397
Threads: 4 / Time: 8.157 sec / Speedup: 2.936 / Efficiency: 73% / LogL: -480397
Threads: 5 / Time: 7.535 sec / Speedup: 3.178 / Efficiency: 64% / LogL: -480397
Threads: 6 / Time: 5.387 sec / Speedup: 4.446 / Efficiency: 74% / LogL: -480397
Threads: 7 / Time: 19.970 sec / Speedup: 1.199 / Efficiency: 17% / LogL: -480397
Determining AUTO threadcount: done in 91.0894 secs using 317% CPU
BEST NUMBER OF THREADS: 6

Perform fast likelihood tree search using LG+G model...
Estimate model parameters (epsilon = 5.000)
1. Initial log-likelihood: -214826.297 (took 0.226 wall-clock sec)
Gamma shape alpha: 1.218
Gamma shape alpha: 1.836
Gamma shape alpha: 1.827
Gamma shape alpha: 1.825
Optimal log-likelihood: -207373.431
Perform nearest neighbor interchange...
Optimizing NNI: done in 89.4355 secs using 550.4% CPU
Estimate model parameters (epsilon = 1.000)
1. Initial log-likelihood: -206864.698 (took 0.000 wall-clock sec)
Gamma shape alpha: 1.819
Optimal log-likelihood: -206864.686
Parameters optimization took 1 rounds (2.308 sec)
Time for fast ML tree search: 105.175 seconds

NOTE: ModelFinder requires 831 MB RAM!
ModelFinder will test up to 616 protein models (sample size: 724) ...
 No. Model         -LnL         df  AIC          AICc         BIC
Optimizing model LG
1. Initial log-likelihood: -213873.764 (took 0.058 wall-clock sec)
Optimal log-likelihood: -213380.686
  1  LG            213380.686   1439 429639.372   4573959.372  436236.887
Optimizing model LG+G4
1. Initial log-likelihood: -207077.707 (took 0.224 wall-clock sec)
Gamma shape alpha: 1.834
Gamma shape alpha: 1.820
Gamma shape alpha: 1.818
Optimal log-likelihood: -206864.685
  2  LG+G4         206864.685   1440 416609.370   4566689.370  423211.470
Optimizing model LG+R2
1. Initial log-likelihood: -209508.482 (took 0.111 wall-clock sec)
Optimizing +R2 model parameters by 2-BFGS,EM algorithm...
Site proportion and rates:  (0.344,0.471) (0.656,1.462)
Optimizing +R2 model parameters by 2-BFGS,EM algorithm...
Site proportion and rates:  (0.349,0.476) (0.651,1.455)
Optimizing +R2 model parameters by 2-BFGS,EM algorithm...
Site proportion and rates:  (0.350,0.477) (0.650,1.455)
Optimal log-likelihood: -208143.664
  3  LG+R2         208143.664   1441 419169.328   4575013.328  425776.013
Optimizing model LG+R3
1. Initial log-likelihood: -207986.941 (took 0.196 wall-clock sec)
Optimizing +R3 model parameters by 2-BFGS,EM algorithm...
Site proportion and rates:  (0.129,0.324) (0.334,0.776) (0.537,1.807)
Optimizing +R3 model parameters by 2-BFGS,EM algorithm...
Site proportion and rates:  (0.190,0.362) (0.305,0.835) (0.506,1.773)
Optimizing +R3 model parameters by 2-BFGS,EM algorithm...
Site proportion and rates:  (0.223,0.373) (0.291,0.859) (0.485,1.747)
Optimizing +R3 model parameters by 2-BFGS,EM algorithm...
Site proportion and rates:  (0.237,0.377) (0.287,0.874) (0.476,1.742)
Optimizing +R3 model parameters by 2-BFGS,EM algorithm...
Site proportion and rates:  (0.250,0.377) (0.301,0.898) (0.449,1.767)
Optimizing +R3 model parameters by 2-BFGS,EM algorithm...
Site proportion and rates:  (0.256,0.372) (0.317,0.904) (0.427,1.783)
Optimizing +R3 model parameters by 2-BFGS,EM algorithm...
Site proportion and rates:  (0.256,0.372) (0.320,0.905) (0.424,1.785)
Optimal log-likelihood: -207223.209
  4  LG+R3         207223.209   1443 417332.418   4584716.418  423948.272
Optimizing model LG+R4
1. Initial log-likelihood: -207152.135 (took 0.206 wall-clock sec)
Optimizing +R4 model parameters by 2-BFGS,EM algorithm...
Site proportion and rates:  (0.064,0.218) (0.254,0.515) (0.300,1.071) (0.382,1.991)
Optimizing +R4 model parameters by 2-BFGS,EM algorithm...
Site proportion and rates:  (0.103,0.248) (0.246,0.538) (0.290,1.068) (0.361,1.923)
Optimizing +R4 model parameters by 2-BFGS,EM algorithm...
Site proportion and rates:  (0.108,0.253) (0.242,0.542) (0.287,1.065) (0.363,1.914)
Optimizing +R4 model parameters by 2-BFGS,EM algorithm...
Site proportion and rates:  (0.109,0.254) (0.241,0.542) (0.287,1.065) (0.363,1.914)
Optimal log-likelihood: -206769.648
  5  LG+R4         206769.648   1445 416429.296   4595369.296  423054.320
Optimizing model LG+R5
1. Initial log-likelihood: -206848.029 (took 0.269 wall-clock sec)
Optimizing +R5 model parameters by 2-BFGS,EM algorithm...
Site proportion and rates:  (0.045,0.148) (0.212,0.375) (0.220,0.710) (0.282,1.191) (0.241,2.036)
Optimizing +R5 model parameters by 2-BFGS,EM algorithm...
Site proportion and rates:  (0.045,0.151) (0.209,0.378) (0.210,0.703) (0.285,1.181) (0.251,2.026)
Optimizing +R5 model parameters by 2-BFGS,EM algorithm...
Site proportion and rates:  (0.045,0.151) (0.208,0.378) (0.208,0.701) (0.287,1.178) (0.252,2.026)
Optimal log-likelihood: -206620.966
  6  LG+R5         206620.966   1447 416135.932   4606647.932  422770.125
Optimizing model LG+R6
1. Initial log-likelihood: -206682.492 (took 0.385 wall-clock sec)
Optimizing +R6 model parameters by 2-BFGS,EM algorithm...
Site proportion and rates:  (0.018,0.088) (0.141,0.282) (0.195,0.494) (0.234,0.869) (0.223,1.325) (0.189,2.046)
Optimizing +R6 model parameters by 2-BFGS,EM algorithm...
Site proportion and rates:  (0.017,0.088) (0.122,0.282) (0.207,0.496) (0.194,0.854) (0.231,1.271) (0.229,2.045)
Optimizing +R6 model parameters by 2-BFGS,EM algorithm...
Site proportion and rates:  (0.016,0.088) (0.117,0.282) (0.207,0.497) (0.183,0.848) (0.242,1.272) (0.235,2.070)
Optimizing +R6 model parameters by 2-BFGS,EM algorithm...
Site proportion and rates:  (0.016,0.088) (0.115,0.282) (0.207,0.499) (0.183,0.852) (0.243,1.281) (0.236,2.086)
Optimizing +R6 model parameters by 2-BFGS,EM algorithm...
Site proportion and rates:  (0.016,0.088) (0.114,0.282) (0.208,0.501) (0.183,0.856) (0.243,1.287) (0.236,2.098)
Optimizing +R6 model parameters by 2-BFGS,EM algorithm...
Site proportion and rates:  (0.016,0.088) (0.113,0.282) (0.208,0.503) (0.183,0.859) (0.243,1.293) (0.236,2.109)
Optimizing +R6 model parameters by 2-BFGS,EM algorithm...
Site proportion and rates:  (0.015,0.088) (0.113,0.282) (0.209,0.504) (0.183,0.863) (0.243,1.299) (0.236,2.120)
Optimizing +R6 model parameters by 2-BFGS,EM algorithm...
Site proportion and rates:  (0.015,0.088) (0.112,0.282) (0.209,0.505) (0.183,0.865) (0.244,1.304) (0.236,2.127)
Optimizing +R6 model parameters by 2-BFGS,EM algorithm...
Site proportion and rates:  (0.015,0.088) (0.112,0.282) (0.209,0.507) (0.184,0.867) (0.244,1.307) (0.236,2.133)
Optimizing +R6 model parameters by 2-BFGS,EM algorithm...
Site proportion and rates:  (0.015,0.088) (0.111,0.282) (0.209,0.507) (0.184,0.869) (0.244,1.309) (0.237,2.137)
Optimizing +R6 model parameters by 2-BFGS,EM algorithm...
Site proportion and rates:  (0.015,0.088) (0.111,0.282) (0.210,0.508) (0.184,0.871) (0.244,1.313) (0.236,2.143)
Optimal log-likelihood: -206469.599
  7  LG+R6         206469.599   1449 415837.198   4617937.198  422480.561
Optimizing model LG+R7
1. Initial log-likelihood: -206567.956 (took 0.459 wall-clock sec)
Optimizing +R7 model parameters by 2-BFGS,EM algorithm...
Site proportion and rates:  (0.014,0.075) (0.103,0.253) (0.176,0.432) (0.154,0.689) (0.197,1.007) (0.197,1.439) (0.159,2.142)
Optimizing +R7 model parameters by 2-BFGS,EM algorithm...
Site proportion and rates:  (0.014,0.075) (0.098,0.254) (0.168,0.436) (0.149,0.682) (0.183,0.997) (0.182,1.394) (0.207,2.089)
Optimizing +R7 model parameters by 2-BFGS,EM algorithm...
Site proportion and rates:  (0.014,0.075) (0.097,0.255) (0.166,0.436) (0.149,0.680) (0.183,0.997) (0.179,1.392) (0.214,2.091)
Optimizing +R7 model parameters by 2-BFGS,EM algorithm...
Site proportion and rates:  (0.014,0.075) (0.097,0.256) (0.165,0.436) (0.149,0.680) (0.182,0.997) (0.179,1.392) (0.214,2.093)
Optimal log-likelihood: -206405.745
  8  LG+R7         206405.745   1451 415713.490   4629417.490  422366.022
Optimizing model LG+R8
1. Initial log-likelihood: -206515.570 (took 0.427 wall-clock sec)
Optimizing +R8 model parameters by 2-BFGS,EM algorithm...
Site proportion and rates:  (0.014,0.065) (0.092,0.226) (0.156,0.382) (0.144,0.586) (0.179,0.865) (0.185,1.214) (0.156,1.731) (0.074,2.377)
Optimizing +R8 model parameters by 2-BFGS,EM algorithm...
Site proportion and rates:  (0.014,0.065) (0.095,0.226) (0.161,0.384) (0.149,0.597) (0.181,0.879) (0.177,1.223) (0.150,1.722) (0.074,2.335)
Optimizing +R8 model parameters by 2-BFGS,EM algorithm...
Site proportion and rates:  (0.014,0.065) (0.095,0.227) (0.162,0.386) (0.149,0.600) (0.181,0.882) (0.175,1.226) (0.148,1.721) (0.076,2.326)
Optimal log-likelihood: -206394.505
  9  LG+R8         206394.505   1453 415695.010   4641019.010  422356.712
Optimizing model LG+R9
1. Initial log-likelihood: -206479.805 (took 0.488 wall-clock sec)
Optimizing +R9 model parameters by 2-BFGS,EM algorithm...
Site proportion and rates:  (0.013,0.059) (0.082,0.219) (0.124,0.353) (0.128,0.501) (0.121,0.714) (0.151,0.941) (0.162,1.255) (0.154,1.754) (0.066,2.414)
Optimizing +R9 model parameters by 2-BFGS,EM algorithm...
Site proportion and rates:  (0.013,0.059) (0.086,0.221) (0.129,0.359) (0.121,0.506) (0.121,0.716) (0.150,0.940) (0.161,1.251) (0.149,1.739) (0.071,2.364)
Optimizing +R9 model parameters by 2-BFGS,EM algorithm...
Site proportion and rates:  (0.013,0.059) (0.086,0.221) (0.129,0.359) (0.120,0.506) (0.121,0.716) (0.150,0.940) (0.161,1.251) (0.147,1.735) (0.073,2.346)
Optimal log-likelihood: -206364.908
 10  LG+R9         206364.908   1455 415639.817   4652599.817  422310.688
Optimizing model LG+R10
1. Initial log-likelihood: -206477.714 (took 0.668 wall-clock sec)
Optimizing +R10 model parameters by 2-BFGS,EM algorithm...
Site proportion and rates:  (0.009,0.052) (0.033,0.181) (0.078,0.270) (0.132,0.400) (0.104,0.553) (0.132,0.769) (0.142,1.009) (0.153,1.321) (0.152,1.833) (0.066,2.516)
Optimizing +R10 model parameters by 2-BFGS,EM algorithm...
Site proportion and rates:  (0.009,0.052) (0.031,0.181) (0.075,0.269) (0.126,0.398) (0.110,0.548) (0.122,0.764) (0.147,1.001) (0.160,1.327) (0.148,1.839) (0.072,2.491)
Optimizing +R10 model parameters by 2-BFGS,EM algorithm...
Site proportion and rates:  (0.009,0.052) (0.031,0.181) (0.075,0.269) (0.125,0.398) (0.110,0.548) (0.121,0.764) (0.148,1.001) (0.160,1.328) (0.145,1.839) (0.075,2.481)
Optimal log-likelihood: -206353.504
 11  LG+R10        206353.504   1457 415621.007   4664233.007  422301.048
Alignment state count time was 0.001 seconds.
Empirical state frequencies: 0.1066187927 0.0530326804 0.0442300243 0.0535491512 0.0072978305 0.0430792911 0.0502238040 0.0702257220 0.0145057697 0.0546817626 0.1001855597 0.0572641167 0.0258590668 0.0368408673 0.0440578674 0.0605849334 0.0662751733 0.0171243674 0.0298821026 0.0644811168 
Optimizing model LG+F+R9
1. Initial log-likelihood: -206184.3408908357 (took 0.4905423560 wall-clock sec)
Optimizing +R9 model parameters by 2-BFGS,EM algorithm...
Site proportion and rates:  (0.0126157059,0.0600749247) (0.0847752427,0.2248402029) (0.1311337313,0.3651155002) (0.1194388376,0.5154127670) (0.1231394624,0.7279386859) (0.1490698525,0.9632587171) (0.1580283565,1.2839368192) (0.1368976552,1.7564469128) (0.0849011559,2.3797270615)
Optimizing +R9 model parameters by 2-BFGS,EM algorithm...
Site proportion and rates:  (0.0126034745,0.0600749247) (0.0846490556,0.2248402029) (0.1309724660,0.3651155002) (0.1196479978,0.5154127670) (0.1233705715,0.7287103785) (0.1490752612,0.9642219759) (0.1579839078,1.2852255774) (0.1341646231,1.7546904658) (0.0875326425,2.3749699869)
Optimal log-likelihood: -206175.7285947841
 21  LG+F+R9       206175.729   1474 415299.457   4763599.457  422057.440
Alignment state count time was 0.001 seconds.
Empirical state frequencies: 0.1066187927 0.0530326804 0.0442300243 0.0535491512 0.0072978305 0.0430792911 0.0502238040 0.0702257220 0.0145057697 0.0546817626 0.1001855597 0.0572641167 0.0258590668 0.0368408673 0.0440578674 0.0605849334 0.0662751733 0.0171243674 0.0298821026 0.0644811168 
Optimizing model LG+F+R10
1. Initial log-likelihood: -206160.6833100377 (took 0.4337326151 wall-clock sec)
Optimizing +R10 model parameters by 2-BFGS,EM algorithm...
Site proportion and rates:  (0.0090807013,0.0496277091) (0.0317108540,0.1736674215) (0.0770224017,0.2610772058) (0.1252380612,0.3830835275) (0.1069765501,0.5248242906) (0.1233481761,0.7292380854) (0.1474934388,0.9624925641) (0.1573071738,1.2793495340) (0.1362447550,1.7482795719) (0.0855778879,2.3699290577)
Optimizing +R10 model parameters by 2-BFGS,EM algorithm...
Site proportion and rates:  (0.0090570965,0.0496277091) (0.0316493272,0.1736674215) (0.0770460095,0.2613382831) (0.1251728406,0.3834916493) (0.1068815765,0.5253502160) (0.1230347482,0.7292380854) (0.1479730685,0.9634550567) (0.1573207486,1.2809613575) (0.1338879191,1.7482795719) (0.0879766653,2.3651915693)
Optimal log-likelihood: -206159.9711851968
 22  LG+F+R10      206159.971   1476 415271.942   4775375.942  422039.094
Optimizing model WAG+R9
1. Initial log-likelihood: -206475.396 (took 0.590 wall-clock sec)
Optimizing +R9 model parameters by 2-BFGS,EM algorithm...
Site proportion and rates:  (0.014,0.061) (0.081,0.223) (0.125,0.369) (0.149,0.522) (0.131,0.706) (0.186,0.927) (0.106,1.216) (0.148,1.619) (0.060,2.230)
Optimizing +R9 model parameters by 2-BFGS,EM algorithm...
Site proportion and rates:  (0.014,0.061) (0.075,0.223) (0.118,0.365) (0.140,0.511) (0.131,0.685) (0.177,0.908) (0.112,1.154) (0.168,1.603) (0.064,2.255)
Optimizing +R9 model parameters by 2-BFGS,EM algorithm...
Site proportion and rates:  (0.013,0.061) (0.070,0.223) (0.103,0.357) (0.130,0.489) (0.141,0.664) (0.168,0.891) (0.132,1.134) (0.176,1.616) (0.067,2.289)
Optimizing +R9 model parameters by 2-BFGS,EM algorithm...
Site proportion and rates:  (0.012,0.061) (0.065,0.223) (0.084,0.344) (0.136,0.473) (0.146,0.656) (0.163,0.885) (0.146,1.133) (0.180,1.637) (0.068,2.329)
Optimizing +R9 model parameters by 2-BFGS,EM algorithm...
Site proportion and rates:  (0.012,0.061) (0.063,0.223) (0.074,0.337) (0.144,0.469) (0.146,0.658) (0.158,0.887) (0.153,1.136) (0.181,1.651) (0.069,2.355)
Optimizing +R9 model parameters by 2-BFGS,EM algorithm...
Site proportion and rates:  (0.012,0.061) (0.061,0.223) (0.071,0.335) (0.146,0.470) (0.147,0.661) (0.157,0.891) (0.155,1.142) (0.182,1.663) (0.069,2.373)
Optimizing +R9 model parameters by 2-BFGS,EM algorithm...
Site proportion and rates:  (0.012,0.061) (0.061,0.223) (0.070,0.335) (0.147,0.471) (0.147,0.664) (0.157,0.895) (0.155,1.147) (0.182,1.672) (0.069,2.387)
Optimizing +R9 model parameters by 2-BFGS,EM algorithm...
Site proportion and rates:  (0.012,0.061) (0.060,0.223) (0.070,0.336) (0.148,0.473) (0.147,0.667) (0.157,0.899) (0.155,1.152) (0.182,1.680) (0.069,2.396)
Optimizing +R9 model parameters by 2-BFGS,EM algorithm...
Site proportion and rates:  (0.011,0.061) (0.060,0.223) (0.070,0.336) (0.148,0.474) (0.147,0.669) (0.157,0.902) (0.155,1.156) (0.182,1.684) (0.069,2.403)
Optimizing +R9 model parameters by 2-BFGS,EM algorithm...
Site proportion and rates:  (0.011,0.061) (0.060,0.223) (0.070,0.336) (0.148,0.475) (0.147,0.670) (0.157,0.904) (0.155,1.159) (0.182,1.689) (0.069,2.410)
Optimizing +R9 model parameters by 2-BFGS,EM algorithm...
Site proportion and rates:  (0.011,0.061) (0.060,0.223) (0.070,0.337) (0.148,0.476) (0.147,0.672) (0.157,0.907) (0.155,1.162) (0.182,1.694) (0.069,2.416)
Optimizing +R9 model parameters by 2-BFGS,EM algorithm...
Site proportion and rates:  (0.011,0.061) (0.059,0.223) (0.070,0.337) (0.149,0.477) (0.147,0.673) (0.158,0.909) (0.155,1.166) (0.182,1.698) (0.069,2.423)
Optimizing +R9 model parameters by 2-BFGS,EM algorithm...
Site proportion and rates:  (0.011,0.061) (0.059,0.223) (0.070,0.337) (0.149,0.478) (0.147,0.675) (0.157,0.911) (0.155,1.167) (0.182,1.700) (0.069,2.427)
Optimizing +R9 model parameters by 2-BFGS,EM algorithm...
Site proportion and rates:  (0.011,0.061) (0.059,0.223) (0.071,0.338) (0.149,0.479) (0.147,0.677) (0.157,0.914) (0.155,1.171) (0.182,1.705) (0.069,2.433)
Optimizing +R9 model parameters by 2-BFGS,EM algorithm...
Site proportion and rates:  (0.011,0.061) (0.059,0.223) (0.070,0.338) (0.149,0.480) (0.147,0.677) (0.158,0.915) (0.155,1.173) (0.182,1.710) (0.069,2.440)
Optimal log-likelihood: -206398.939
 32  WAG+R9        206398.939   1455 415707.878   4652667.878  422378.749
Optimizing model WAG+R10
1. Initial log-likelihood: -206455.128 (took 0.689 wall-clock sec)
Optimizing +R10 model parameters by 2-BFGS,EM algorithm...
Site proportion and rates:  (0.010,0.049) (0.043,0.176) (0.067,0.268) (0.138,0.401) (0.136,0.553) (0.131,0.735) (0.175,0.943) (0.098,1.231) (0.145,1.609) (0.059,2.210)
Optimizing +R10 model parameters by 2-BFGS,EM algorithm...
Site proportion and rates:  (0.010,0.049) (0.049,0.180) (0.068,0.278) (0.150,0.411) (0.134,0.574) (0.128,0.754) (0.164,0.952) (0.086,1.218) (0.151,1.586) (0.059,2.191)
Optimizing +R10 model parameters by 2-BFGS,EM algorithm...
Site proportion and rates:  (0.010,0.049) (0.051,0.181) (0.070,0.283) (0.153,0.415) (0.139,0.583) (0.134,0.772) (0.156,0.969) (0.078,1.236) (0.150,1.581) (0.059,2.180)
Optimizing +R10 model parameters by 2-BFGS,EM algorithm...
Site proportion and rates:  (0.010,0.049) (0.052,0.182) (0.071,0.284) (0.153,0.415) (0.143,0.586) (0.140,0.781) (0.153,0.983) (0.073,1.261) (0.147,1.584) (0.058,2.175)
Optimizing +R10 model parameters by 2-BFGS,EM algorithm...
Site proportion and rates:  (0.010,0.049) (0.052,0.182) (0.071,0.284) (0.153,0.415) (0.144,0.587) (0.144,0.784) (0.152,0.989) (0.071,1.277) (0.144,1.587) (0.058,2.175)
Optimizing +R10 model parameters by 2-BFGS,EM algorithm...
Site proportion and rates:  (0.010,0.049) (0.052,0.182) (0.071,0.284) (0.153,0.415) (0.144,0.587) (0.145,0.784) (0.152,0.990) (0.071,1.279) (0.143,1.587) (0.058,2.175)
Optimal log-likelihood: -206393.142
 33  WAG+R10       206393.142   1457 415700.284   4664312.284  422380.325
Alignment state count time was 0.014 seconds.
Empirical state frequencies: 0.1066187927 0.0530326804 0.0442300243 0.0535491512 0.0072978305 0.0430792911 0.0502238040 0.0702257220 0.0145057697 0.0546817626 0.1001855597 0.0572641167 0.0258590668 0.0368408673 0.0440578674 0.0605849334 0.0662751733 0.0171243674 0.0298821026 0.0644811168 
Optimizing model WAG+F+R9
1. Initial log-likelihood: -206186.9064980320 (took 0.6639927151 wall-clock sec)
Optimizing +R9 model parameters by 2-BFGS,EM algorithm...
Site proportion and rates:  (0.0136073801,0.0599166657) (0.0794338402,0.2227749348) (0.1245102521,0.3680930606) (0.1413697439,0.5154246158) (0.1297675069,0.7009951741) (0.1791408150,0.9229026097) (0.1117472156,1.1953177110) (0.1574052043,1.6466042657) (0.0630180419,2.2942206648)
Optimizing +R9 model parameters by 2-BFGS,EM algorithm...
Site proportion and rates:  (0.0133651117,0.0602168742) (0.0755137409,0.2227749348) (0.1169313653,0.3642330352) (0.1359669418,0.5047014105) (0.1300956247,0.6843866291) (0.1746172006,0.9080050296) (0.1197030971,1.1649237702) (0.1698736824,1.6445676685) (0.0639332354,2.3163123564)
Optimizing +R9 model parameters by 2-BFGS,EM algorithm...
Site proportion and rates:  (0.0131443487,0.0602168742) (0.0722584849,0.2227749348) (0.1073399712,0.3586662267) (0.1325984532,0.4920221667) (0.1327758922,0.6692436576) (0.1723074479,0.8962270862) (0.1300752025,1.1527171259) (0.1743720357,1.6492632621) (0.0651281637,2.3335428594)
Optimizing +R9 model parameters by 2-BFGS,EM algorithm...
Site proportion and rates:  (0.0128493539,0.0602168742) (0.0683993664,0.2227749348) (0.0932881023,0.3493515331) (0.1319188848,0.4756111462) (0.1371560566,0.6532207567) (0.1712655909,0.8855375968) (0.1401960163,1.1427653282) (0.1781932120,1.6570331248) (0.0667334167,2.3537602729)
Optimizing +R9 model parameters by 2-BFGS,EM algorithm...
Site proportion and rates:  (0.0125078771,0.0602168742) (0.0640830268,0.2227749348) (0.0783356307,0.3365784396) (0.1397431805,0.4637499706) (0.1399703728,0.6475692281) (0.1684784938,0.8828827565) (0.1481690209,1.1416225628) (0.1806417916,1.6675804953) (0.0680706056,2.3740938013)
Optimizing +R9 model parameters by 2-BFGS,EM algorithm...
Site proportion and rates:  (0.0122803051,0.0602168742) (0.0614058617,0.2227749348) (0.0715167464,0.3291796910) (0.1458429804,0.4605134426) (0.1405319977,0.6482167974) (0.1656149833,0.8838980138) (0.1521869085,1.1416225628) (0.1820100778,1.6768257838) (0.0686101392,2.3904179221)
Optimizing +R9 model parameters by 2-BFGS,EM algorithm...
Site proportion and rates:  (0.0122120678,0.0602168742) (0.0606650955,0.2227749348) (0.0700092607,0.3276020503) (0.1473241614,0.4605134426) (0.1403661731,0.6482167974) (0.1649934239,0.8838980138) (0.1535742147,1.1428167285) (0.1824062127,1.6811535291) (0.0684493903,2.3991775328)
Optimizing +R9 model parameters by 2-BFGS,EM algorithm...
Site proportion and rates:  (0.0121303286,0.0602168742) (0.0603059435,0.2227749348) (0.0695775353,0.3272744482) (0.1476036941,0.4605134426) (0.1404162914,0.6489551724) (0.1645552003,0.8847819119) (0.1540878869,1.1441495754) (0.1826782092,1.6833689944) (0.0686449107,2.4019581017)
Optimal log-likelihood: -206132.5200150952
 43  WAG+F+R9      206132.520   1474 415213.040   4763513.040  421971.023
Alignment state count time was 0.001 seconds.
Empirical state frequencies: 0.1066187927 0.0530326804 0.0442300243 0.0535491512 0.0072978305 0.0430792911 0.0502238040 0.0702257220 0.0145057697 0.0546817626 0.1001855597 0.0572641167 0.0258590668 0.0368408673 0.0440578674 0.0605849334 0.0662751733 0.0171243674 0.0298821026 0.0644811168 
Optimizing model WAG+F+R10
1. Initial log-likelihood: -206136.3152092665 (took 0.6413022501 wall-clock sec)
Optimizing +R10 model parameters by 2-BFGS,EM algorithm...
Site proportion and rates:  (0.0090647973,0.0493220105) (0.0270396165,0.1746911128) (0.0709001357,0.2716197201) (0.1032457358,0.4045436191) (0.1202187866,0.5302075312) (0.1300557390,0.7078905169) (0.1717930651,0.9436884910) (0.1316607997,1.2153670424) (0.1675174017,1.7347942922) (0.0685039226,2.4311233593)
Optimizing +R10 model parameters by 2-BFGS,EM algorithm...
Site proportion and rates:  (0.0090813530,0.0493220105) (0.0292002055,0.1777966214) (0.0721554064,0.2759639306) (0.1054499228,0.4101494455) (0.1128254033,0.5323340754) (0.1265393775,0.7022471733) (0.1696713727,0.9349242588) (0.1344444307,1.2011169395) (0.1749291735,1.7278655164) (0.0657033545,2.4470855636)
Optimizing +R10 model parameters by 2-BFGS,EM algorithm...
Site proportion and rates:  (0.0090881546,0.0493220105) (0.0300242773,0.1790449384) (0.0721420407,0.2771988555) (0.1063668234,0.4119203474) (0.1094827976,0.5323340754) (0.1252590471,0.6994423949) (0.1683323675,0.9302589769) (0.1369207496,1.1951233534) (0.1765683751,1.7244115131) (0.0658153671,2.4470855636)
Optimal log-likelihood: -206124.5020276245
 44  WAG+F+R10     206124.502   1476 415201.004   4775305.004  421968.156
Optimizing model JTT+R9
1. Initial log-likelihood: -207897.590 (took 0.483 wall-clock sec)
Optimizing +R9 model parameters by 2-BFGS,EM algorithm...
Site proportion and rates:  (0.014,0.066) (0.066,0.225) (0.083,0.340) (0.138,0.475) (0.148,0.679) (0.161,0.948) (0.161,1.259) (0.161,1.774) (0.068,2.384)
Optimizing +R9 model parameters by 2-BFGS,EM algorithm...
Site proportion and rates:  (0.014,0.066) (0.068,0.225) (0.090,0.346) (0.137,0.484) (0.146,0.687) (0.165,0.957) (0.154,1.267) (0.162,1.777) (0.064,2.395)
Optimizing +R9 model parameters by 2-BFGS,EM algorithm...
Site proportion and rates:  (0.014,0.066) (0.068,0.225) (0.092,0.348) (0.137,0.487) (0.144,0.690) (0.166,0.960) (0.153,1.271) (0.162,1.782) (0.063,2.405)
Optimizing +R9 model parameters by 2-BFGS,EM algorithm...
Site proportion and rates:  (0.014,0.066) (0.068,0.225) (0.093,0.348) (0.137,0.488) (0.144,0.691) (0.166,0.962) (0.153,1.274) (0.163,1.787) (0.063,2.411)
Optimizing +R9 model parameters by 2-BFGS,EM algorithm...
Site proportion and rates:  (0.014,0.066) (0.068,0.225) (0.093,0.349) (0.137,0.489) (0.144,0.693) (0.166,0.964) (0.153,1.276) (0.163,1.789) (0.063,2.417)
Optimal log-likelihood: -207819.638
 54  JTT+R9        207819.638   1455 418549.275   4655509.275  425220.147
Optimizing model JTT+R10
1. Initial log-likelihood: -207881.720 (took 0.553 wall-clock sec)
Optimizing +R10 model parameters by 2-BFGS,EM algorithm...
Site proportion and rates:  (0.013,0.063) (0.039,0.191) (0.067,0.282) (0.112,0.406) (0.107,0.537) (0.124,0.711) (0.161,0.961) (0.152,1.265) (0.162,1.774) (0.063,2.394)
Optimizing +R10 model parameters by 2-BFGS,EM algorithm...
Site proportion and rates:  (0.013,0.064) (0.044,0.195) (0.065,0.288) (0.112,0.408) (0.106,0.539) (0.122,0.711) (0.163,0.960) (0.150,1.265) (0.163,1.771) (0.062,2.391)
Optimizing +R10 model parameters by 2-BFGS,EM algorithm...
Site proportion and rates:  (0.013,0.064) (0.045,0.196) (0.065,0.290) (0.112,0.410) (0.105,0.540) (0.122,0.711) (0.163,0.960) (0.150,1.265) (0.163,1.771) (0.062,2.391)
Optimal log-likelihood: -207810.011
 55  JTT+R10       207810.011   1457 418534.023   4667146.023  425214.064
Alignment state count time was 0.001 seconds.
Empirical state frequencies: 0.1066187927 0.0530326804 0.0442300243 0.0535491512 0.0072978305 0.0430792911 0.0502238040 0.0702257220 0.0145057697 0.0546817626 0.1001855597 0.0572641167 0.0258590668 0.0368408673 0.0440578674 0.0605849334 0.0662751733 0.0171243674 0.0298821026 0.0644811168 
Optimizing model JTT+F+R9
1. Initial log-likelihood: -207659.7584425090 (took 0.5986319270 wall-clock sec)
Optimizing +R9 model parameters by 2-BFGS,EM algorithm...
Site proportion and rates:  (0.0142180527,0.0647619333) (0.0598482316,0.2249512244) (0.0797522157,0.3333193973) (0.1481511806,0.4779924182) (0.1422355790,0.6968652340) (0.1512777951,0.9646292734) (0.1615053913,1.2854568415) (0.1498260757,1.7998140835) (0.0931854781,2.3781928235)
Optimizing +R9 model parameters by 2-BFGS,EM algorithm...
Site proportion and rates:  (0.0143162053,0.0647619333) (0.0631630924,0.2249512244) (0.0860915261,0.3389121775) (0.1480862707,0.4840331497) (0.1412484420,0.7033139329) (0.1603536480,0.9743117296) (0.1614614587,1.3046440960) (0.1425946093,1.8378565946) (0.0826847475,2.3813895135)
Optimizing +R9 model parameters by 2-BFGS,EM algorithm...
Site proportion and rates:  (0.0142947953,0.0647619333) (0.0633942003,0.2249512244) (0.0877205101,0.3406240002) (0.1474756081,0.4859721888) (0.1404558637,0.7056361491) (0.1607522048,0.9762939905) (0.1612259499,1.3077190908) (0.1447140551,1.8441693267) (0.0799668127,2.3895258356)
Optimizing +R9 model parameters by 2-BFGS,EM algorithm...
Site proportion and rates:  (0.0142752180,0.0647619333) (0.0631462885,0.2249512244) (0.0879310460,0.3409646243) (0.1476692825,0.4869795851) (0.1404908780,0.7070481272) (0.1608860907,0.9784466923) (0.1610193958,1.3105983716) (0.1453667422,1.8485693902) (0.0792150582,2.3959417060)
Optimal log-likelihood: -207581.9110078334
 65  JTT+F+R9      207581.911   1474 418111.822   4766411.822  424869.805
Alignment state count time was 0.001 seconds.
Empirical state frequencies: 0.1066187927 0.0530326804 0.0442300243 0.0535491512 0.0072978305 0.0430792911 0.0502238040 0.0702257220 0.0145057697 0.0546817626 0.1001855597 0.0572641167 0.0258590668 0.0368408673 0.0440578674 0.0605849334 0.0662751733 0.0171243674 0.0298821026 0.0644811168 
Optimizing model JTT+F+R10
1. Initial log-likelihood: -207644.7972056610 (took 0.5268053131 wall-clock sec)
Optimizing +R10 model parameters by 2-BFGS,EM algorithm...
Site proportion and rates:  (0.0131012956,0.0624302355) (0.0324530851,0.1874222608) (0.0734512776,0.2794529564) (0.1100226182,0.4088290252) (0.1061914319,0.5377893239) (0.1234914933,0.7234794630) (0.1555099592,0.9746541679) (0.1584601508,1.2980172137) (0.1460596076,1.8246909272) (0.0812590806,2.3729019862)
Optimizing +R10 model parameters by 2-BFGS,EM algorithm...
Site proportion and rates:  (0.0131777717,0.0624302355) (0.0341098446,0.1883612487) (0.0731820414,0.2802921542) (0.1117882829,0.4092378543) (0.1048960475,0.5388654405) (0.1230457972,0.7234794630) (0.1574033235,0.9746541679) (0.1580646293,1.2980172137) (0.1455487556,1.8265156183) (0.0787835064,2.3679608808)
Optimizing +R10 model parameters by 2-BFGS,EM algorithm...
Site proportion and rates:  (0.0131814200,0.0624302355) (0.0342236147,0.1883612487) (0.0731603328,0.2802921542) (0.1119049152,0.4092378543) (0.1048856028,0.5388654405) (0.1230706611,0.7234794630) (0.1575193676,0.9746541679) (0.1579455435,1.2980172137) (0.1455747744,1.8265156183) (0.0785337681,2.3679608808)
Optimal log-likelihood: -207570.4620051530
 66  JTT+F+R10     207570.462   1476 418092.924   4778196.924  424860.076
WARNING: Normalizing state frequencies so that sum of them equals to 1
Optimizing model Q.pfam+R9
1. Initial log-likelihood: -206033.059 (took 0.496 wall-clock sec)
Optimizing +R9 model parameters by 2-BFGS,EM algorithm...
Site proportion and rates:  (0.012,0.061) (0.070,0.228) (0.094,0.346) (0.119,0.472) (0.107,0.647) (0.143,0.889) (0.172,1.193) (0.156,1.599) (0.126,2.240)
Optimizing +R9 model parameters by 2-BFGS,EM algorithm...
Site proportion and rates:  (0.012,0.061) (0.074,0.233) (0.098,0.357) (0.108,0.479) (0.095,0.633) (0.135,0.859) (0.159,1.141) (0.156,1.506) (0.164,2.174)
Optimizing +R9 model parameters by 2-BFGS,EM algorithm...
Site proportion and rates:  (0.012,0.062) (0.073,0.238) (0.090,0.359) (0.092,0.464) (0.096,0.598) (0.134,0.833) (0.149,1.103) (0.171,1.466) (0.184,2.154)
Optimizing +R9 model parameters by 2-BFGS,EM algorithm...
Site proportion and rates:  (0.012,0.063) (0.071,0.239) (0.078,0.353) (0.092,0.449) (0.106,0.590) (0.129,0.830) (0.148,1.095) (0.175,1.462) (0.190,2.157)
Optimizing +R9 model parameters by 2-BFGS,EM algorithm...
Site proportion and rates:  (0.012,0.063) (0.068,0.239) (0.068,0.342) (0.101,0.439) (0.110,0.589) (0.128,0.830) (0.148,1.095) (0.175,1.462) (0.191,2.157)
Optimizing +R9 model parameters by 2-BFGS,EM algorithm...
Site proportion and rates:  (0.012,0.063) (0.064,0.239) (0.058,0.327) (0.111,0.431) (0.112,0.587) (0.128,0.830) (0.148,1.095) (0.176,1.463) (0.192,2.159)
Optimizing +R9 model parameters by 2-BFGS,EM algorithm...
Site proportion and rates:  (0.012,0.064) (0.059,0.239) (0.053,0.313) (0.119,0.426) (0.114,0.587) (0.127,0.831) (0.148,1.096) (0.176,1.465) (0.192,2.163)
Optimizing +R9 model parameters by 2-BFGS,EM algorithm...
Site proportion and rates:  (0.012,0.064) (0.056,0.239) (0.052,0.308) (0.122,0.424) (0.115,0.587) (0.127,0.832) (0.148,1.098) (0.176,1.468) (0.192,2.169)
Optimizing +R9 model parameters by 2-BFGS,EM algorithm...
Site proportion and rates:  (0.012,0.064) (0.055,0.239) (0.052,0.307) (0.122,0.424) (0.115,0.587) (0.127,0.834) (0.148,1.100) (0.176,1.471) (0.192,2.174)
Optimal log-likelihood: -205970.175
 76  Q.pfam+R9     205970.175   1455 414850.350   4651810.350  421521.221
WARNING: Normalizing state frequencies so that sum of them equals to 1
Optimizing model Q.pfam+R10
1. Initial log-likelihood: -205982.391 (took 0.518 wall-clock sec)
Optimizing +R10 model parameters by 2-BFGS,EM algorithm...
Site proportion and rates:  (0.009,0.049) (0.032,0.179) (0.075,0.260) (0.125,0.381) (0.114,0.528) (0.117,0.741) (0.149,0.970) (0.165,1.286) (0.141,1.760) (0.074,2.351)
Optimizing +R10 model parameters by 2-BFGS,EM algorithm...
Site proportion and rates:  (0.009,0.049) (0.031,0.179) (0.075,0.259) (0.125,0.380) (0.116,0.527) (0.124,0.747) (0.145,0.980) (0.163,1.291) (0.135,1.760) (0.077,2.337)
Optimizing +R10 model parameters by 2-BFGS,EM algorithm...
Site proportion and rates:  (0.009,0.049) (0.031,0.179) (0.075,0.259) (0.125,0.380) (0.116,0.527) (0.125,0.747) (0.145,0.981) (0.163,1.292) (0.134,1.760) (0.078,2.334)
Optimal log-likelihood: -205957.029
 77  Q.pfam+R10    205957.029   1457 414828.057   4663440.057  421508.098
WARNING: Normalizing state frequencies so that sum of them equals to 1
Alignment state count time was 0.001 seconds.
Empirical state frequencies: 0.1066187927 0.0530326804 0.0442300243 0.0535491512 0.0072978305 0.0430792911 0.0502238040 0.0702257220 0.0145057697 0.0546817626 0.1001855597 0.0572641167 0.0258590668 0.0368408673 0.0440578674 0.0605849334 0.0662751733 0.0171243674 0.0298821026 0.0644811168 
Optimizing model Q.pfam+F+R9
1. Initial log-likelihood: -205944.5988235353 (took 0.5065136880 wall-clock sec)
Optimizing +R9 model parameters by 2-BFGS,EM algorithm...
Site proportion and rates:  (0.0119215975,0.0582692743) (0.0556544873,0.2180316825) (0.0533913877,0.2805009866) (0.1220932022,0.3854540580) (0.1135525213,0.5348604690) (0.1317226700,0.7661976421) (0.1470481818,1.0189715076) (0.1814670057,1.3641486835) (0.1831489465,2.0210882304)
Optimizing +R9 model parameters by 2-BFGS,EM algorithm...
Site proportion and rates:  (0.0119047658,0.0582692743) (0.0552471847,0.2180316825) (0.0534288457,0.2805009866) (0.1220192815,0.3854540580) (0.1138768608,0.5353953296) (0.1326385614,0.7677925934) (0.1477048185,1.0220856834) (0.1820921232,1.3705709560) (0.1810875584,2.0299085790)
Optimizing +R9 model parameters by 2-BFGS,EM algorithm...
Site proportion and rates:  (0.0118839697,0.0582692743) (0.0547098313,0.2180316825) (0.0536772178,0.2805009866) (0.1219617748,0.3858395122) (0.1141571847,0.5359307250) (0.1327647916,0.7694588350) (0.1477458295,1.0241592606) (0.1822475436,1.3736685564) (0.1808518569,2.0353537937)
Optimal log-likelihood: -205939.1991167200
 87  Q.pfam+F+R9   205939.199   1474 414826.398   4763126.398  421584.381
WARNING: Normalizing state frequencies so that sum of them equals to 1
Alignment state count time was 0.001 seconds.
Empirical state frequencies: 0.1066187927 0.0530326804 0.0442300243 0.0535491512 0.0072978305 0.0430792911 0.0502238040 0.0702257220 0.0145057697 0.0546817626 0.1001855597 0.0572641167 0.0258590668 0.0368408673 0.0440578674 0.0605849334 0.0662751733 0.0171243674 0.0298821026 0.0644811168 
Optimizing model Q.pfam+F+R10
1. Initial log-likelihood: -205931.5805942605 (took 0.5409853340 wall-clock sec)
Optimizing +R10 model parameters by 2-BFGS,EM algorithm...
Site proportion and rates:  (0.0093188661,0.0494000334) (0.0300255805,0.1793281711) (0.0761442726,0.2600866124) (0.1256181937,0.3795783063) (0.1146771959,0.5293482702) (0.1288309468,0.7577970168) (0.1399730631,0.9986325752) (0.1639448860,1.3083761203) (0.1268088537,1.7624189217) (0.0846581417,2.3395562684)
Optimizing +R10 model parameters by 2-BFGS,EM algorithm...
Site proportion and rates:  (0.0093118217,0.0494000334) (0.0299529782,0.1793281711) (0.0761002348,0.2600866124) (0.1257258375,0.3795783063) (0.1147593357,0.5298776185) (0.1293965788,0.7585548139) (0.1396195905,0.9996312078) (0.1639133198,1.3097019557) (0.1249657214,1.7624189217) (0.0862545815,2.3348794952)
Optimal log-likelihood: -205926.3213095489
 88  Q.pfam+F+R10  205926.321   1476 414804.643   4774908.643  421571.795
WARNING: Normalizing state frequencies so that sum of them equals to 1
Optimizing model Q.bird+R9
1. Initial log-likelihood: -212951.044 (took 0.633 wall-clock sec)
Optimizing +R9 model parameters by 2-BFGS,EM algorithm...
Site proportion and rates:  (0.016,0.066) (0.064,0.218) (0.061,0.297) (0.101,0.381) (0.109,0.531) (0.130,0.759) (0.166,1.054) (0.178,1.516) (0.174,2.297)
Optimizing +R9 model parameters by 2-BFGS,EM algorithm...
Site proportion and rates:  (0.016,0.066) (0.066,0.218) (0.067,0.302) (0.094,0.386) (0.109,0.534) (0.133,0.763) (0.163,1.061) (0.180,1.521) (0.172,2.319)
Optimizing +R9 model parameters by 2-BFGS,EM algorithm...
Site proportion and rates:  (0.016,0.066) (0.066,0.218) (0.072,0.306) (0.091,0.391) (0.108,0.537) (0.134,0.767) (0.162,1.065) (0.180,1.526) (0.172,2.325)
Optimizing +R9 model parameters by 2-BFGS,EM algorithm...
Site proportion and rates:  (0.016,0.066) (0.066,0.218) (0.076,0.309) (0.088,0.395) (0.107,0.539) (0.133,0.770) (0.161,1.068) (0.180,1.529) (0.172,2.329)
Optimizing +R9 model parameters by 2-BFGS,EM algorithm...
Site proportion and rates:  (0.016,0.066) (0.066,0.218) (0.079,0.311) (0.086,0.398) (0.106,0.543) (0.133,0.772) (0.161,1.072) (0.180,1.531) (0.172,2.333)
Optimizing +R9 model parameters by 2-BFGS,EM algorithm...
Site proportion and rates:  (0.016,0.066) (0.066,0.218) (0.081,0.312) (0.085,0.401) (0.106,0.544) (0.133,0.774) (0.161,1.073) (0.180,1.534) (0.172,2.338)
Optimizing +R9 model parameters by 2-BFGS,EM algorithm...
Site proportion and rates:  (0.016,0.066) (0.066,0.218) (0.082,0.313) (0.085,0.403) (0.105,0.545) (0.133,0.775) (0.161,1.075) (0.180,1.538) (0.172,2.344)
Optimal log-likelihood: -212732.868
 98  Q.bird+R9     212732.868   1455 428375.736   4665335.736  435046.608
WARNING: Normalizing state frequencies so that sum of them equals to 1
Optimizing model Q.bird+R10
1. Initial log-likelihood: -212913.879 (took 0.704 wall-clock sec)
Optimizing +R10 model parameters by 2-BFGS,EM algorithm...
Site proportion and rates:  (0.012,0.060) (0.032,0.180) (0.072,0.270) (0.112,0.379) (0.109,0.535) (0.102,0.739) (0.105,0.954) (0.122,1.197) (0.168,1.625) (0.166,2.442)
Optimizing +R10 model parameters by 2-BFGS,EM algorithm...
Site proportion and rates:  (0.012,0.060) (0.032,0.180) (0.073,0.271) (0.111,0.380) (0.108,0.536) (0.098,0.736) (0.097,0.938) (0.129,1.183) (0.172,1.622) (0.170,2.453)
Optimizing +R10 model parameters by 2-BFGS,EM algorithm...
Site proportion and rates:  (0.012,0.060) (0.032,0.180) (0.073,0.271) (0.111,0.380) (0.108,0.536) (0.097,0.736) (0.096,0.937) (0.130,1.181) (0.172,1.622) (0.170,2.453)
Optimal log-likelihood: -212717.343
 99  Q.bird+R10    212717.343   1457 428348.687   4676960.687  435028.728
WARNING: Normalizing state frequencies so that sum of them equals to 1
Alignment state count time was 0.001 seconds.
Empirical state frequencies: 0.1066187927 0.0530326804 0.0442300243 0.0535491512 0.0072978305 0.0430792911 0.0502238040 0.0702257220 0.0145057697 0.0546817626 0.1001855597 0.0572641167 0.0258590668 0.0368408673 0.0440578674 0.0605849334 0.0662751733 0.0171243674 0.0298821026 0.0644811168 
Optimizing model Q.bird+F+R9
1. Initial log-likelihood: -212658.7440685271 (took 0.4780022830 wall-clock sec)
Optimizing +R9 model parameters by 2-BFGS,EM algorithm...
Site proportion and rates:  (0.0133964166,0.0582692743) (0.0585813297,0.2180316825) (0.0655393780,0.2925126561) (0.1009425568,0.3848886175) (0.1007705739,0.5336538977) (0.1213455776,0.7839706484) (0.1514183788,1.0853866863) (0.1992277409,1.5923585989) (0.1887780478,2.5142412684)
Optimizing +R9 model parameters by 2-BFGS,EM algorithm...
Site proportion and rates:  (0.0138235847,0.0582692743) (0.0659969912,0.2180316825) (0.0773938050,0.3009191085) (0.0962001047,0.3978765980) (0.0940433541,0.5472750551) (0.1479175213,0.8091573198) (0.1506862092,1.1451989515) (0.1854958130,1.6196383796) (0.1684426168,2.5203561023)
Optimizing +R9 model parameters by 2-BFGS,EM algorithm...
Site proportion and rates:  (0.0137540512,0.0582692743) (0.0672556183,0.2180316825) (0.0878773203,0.3080087937) (0.0958627161,0.4137374501) (0.0886722735,0.5667594648) (0.1469637438,0.8208074475) (0.1488788086,1.1557635765) (0.1828911432,1.6263052470) (0.1678443250,2.5269594879)
Optimizing +R9 model parameters by 2-BFGS,EM algorithm...
Site proportion and rates:  (0.0136729633,0.0582692743) (0.0681386133,0.2180316825) (0.0949778778,0.3130616224) (0.0952561722,0.4252216503) (0.0853631144,0.5804302863) (0.1447688508,0.8279830997) (0.1476849718,1.1613779961) (0.1822926916,1.6311259905) (0.1678447449,2.5333797493)
Optimizing +R9 model parameters by 2-BFGS,EM algorithm...
Site proportion and rates:  (0.0135551047,0.0582692743) (0.0680573030,0.2180316825) (0.0987908171,0.3160939038) (0.0953849441,0.4325175632) (0.0837827536,0.5896397677) (0.1433664311,0.8346440125) (0.1471264995,1.1688584471) (0.1821354889,1.6394356946) (0.1678006580,2.5442947952)
Optimizing +R9 model parameters by 2-BFGS,EM algorithm...
Site proportion and rates:  (0.0134540044,0.0582692743) (0.0675992643,0.2180316825) (0.1008404370,0.3178339197) (0.0959844888,0.4372452310) (0.0831724327,0.5965331087) (0.1425744814,0.8409008682) (0.1466968277,1.1757276641) (0.1818996546,1.6476974244) (0.1677784090,2.5564772617)
Optimizing +R9 model parameters by 2-BFGS,EM algorithm...
Site proportion and rates:  (0.0133573073,0.0582692743) (0.0668807924,0.2180316825) (0.1018823344,0.3189623572) (0.0966256528,0.4401475140) (0.0830904730,0.6014519006) (0.1421835989,0.8460000985) (0.1464435823,1.1812588536) (0.1817586129,1.6559727629) (0.1677776460,2.5688635589)
Optimizing +R9 model parameters by 2-BFGS,EM algorithm...
Site proportion and rates:  (0.0132750973,0.0582692743) (0.0661793388,0.2180316825) (0.1025845474,0.3200871661) (0.0970077023,0.4424001519) (0.0830114653,0.6042594251) (0.1419845735,0.8500985590) (0.1462413473,1.1872253221) (0.1818172267,1.6638194830) (0.1678987016,2.5809162802)
Optimizing +R9 model parameters by 2-BFGS,EM algorithm...
Site proportion and rates:  (0.0131961200,0.0582692743) (0.0652906405,0.2180316825) (0.1028538709,0.3204816139) (0.0973804685,0.4432853948) (0.0832138436,0.6070151271) (0.1420068512,0.8542382512) (0.1462484977,1.1928176881) (0.1818941830,1.6698677487) (0.1679155247,2.5927793960)
Optimizing +R9 model parameters by 2-BFGS,EM algorithm...
Site proportion and rates:  (0.0131554342,0.0582692743) (0.0648204298,0.2180316825) (0.1030293633,0.3208283412) (0.0976895602,0.4441785108) (0.0833139000,0.6082418848) (0.1420394800,0.8561534541) (0.1464217913,1.1958156477) (0.1817341676,1.6753843181) (0.1677958736,2.6000560727)
Optimizing +R9 model parameters by 2-BFGS,EM algorithm...
Site proportion and rates:  (0.0130864261,0.0582692743) (0.0641409045,0.2180316825) (0.1033106855,0.3215776842) (0.0978044426,0.4455123796) (0.0833935601,0.6101947894) (0.1421410490,0.8592875003) (0.1463601591,1.2000145817) (0.1818596537,1.6815046525) (0.1679031195,2.6107274568)
Optimizing +R9 model parameters by 2-BFGS,EM algorithm...
Site proportion and rates:  (0.0130513562,0.0582692743) (0.0637143813,0.2180316825) (0.1033622839,0.3218992620) (0.0978763782,0.4459578921) (0.0835517955,0.6108049843) (0.1423909778,0.8612638721) (0.1465477568,1.2038004041) (0.1817155412,1.6865491979) (0.1677895291,2.6174320323)
Optimizing +R9 model parameters by 2-BFGS,EM algorithm...
Site proportion and rates:  (0.0130148839,0.0582692743) (0.0631436997,0.2180316825) (0.1031601702,0.3218992620) (0.0979692313,0.4459578921) (0.0836734038,0.6108049843) (0.1425112666,0.8623794492) (0.1466052315,1.2054243970) (0.1819587959,1.6896007151) (0.1679633170,2.6241912472)
Optimizing +R9 model parameters by 2-BFGS,EM algorithm...
Site proportion and rates:  (0.0129813211,0.0582692743) (0.0627284066,0.2180316825) (0.1033662327,0.3222211613) (0.0982699596,0.4468502540) (0.0839412720,0.6127844067) (0.1426162111,0.8653408960) (0.1465494384,1.2091566411) (0.1817367335,1.6946601948) (0.1678104251,2.6302173664)
Optimizing +R9 model parameters by 2-BFGS,EM algorithm...
Site proportion and rates:  (0.0129468885,0.0582692743) (0.0622944009,0.2180316825) (0.1035340898,0.3225450633) (0.0984688613,0.4477444016) (0.0839527918,0.6140105885) (0.1425557358,0.8671165252) (0.1464393326,1.2116073635) (0.1818723510,1.6975687381) (0.1679355483,2.6366720364)
Optimizing +R9 model parameters by 2-BFGS,EM algorithm...
Site proportion and rates:  (0.0129146946,0.0582692743) (0.0619285353,0.2180316825) (0.1034133228,0.3228851715) (0.0983787365,0.4477444016) (0.0840299443,0.6140105885) (0.1428275543,0.8680469696) (0.1467709084,1.2140317901) (0.1818847636,1.7027016527) (0.1678515401,2.6418495885)
Optimizing +R9 model parameters by 2-BFGS,EM algorithm...
Site proportion and rates:  (0.0128859095,0.0582692743) (0.0614158009,0.2180316825) (0.1034294486,0.3228851715) (0.0986841734,0.4481921461) (0.0841935472,0.6152750100) (0.1428795203,0.8701224846) (0.1466703349,1.2165165834) (0.1819233495,1.7051796056) (0.1679179158,2.6484814612)
Optimizing +R9 model parameters by 2-BFGS,EM algorithm...
Site proportion and rates:  (0.0128569469,0.0582692743) (0.0610610338,0.2180316825) (0.1036014944,0.3232080568) (0.0988980469,0.4490948965) (0.0842828275,0.6165061755) (0.1428179963,0.8720070656) (0.1467634106,1.2189718079) (0.1818929573,1.7100930690) (0.1678252863,2.6533644880)
Optimal log-likelihood: -212362.5098797996
109  Q.bird+F+R9   212362.510   1474 427673.020   4775973.020  434431.002
WARNING: Normalizing state frequencies so that sum of them equals to 1
Alignment state count time was 0.001 seconds.
Empirical state frequencies: 0.1066187927 0.0530326804 0.0442300243 0.0535491512 0.0072978305 0.0430792911 0.0502238040 0.0702257220 0.0145057697 0.0546817626 0.1001855597 0.0572641167 0.0258590668 0.0368408673 0.0440578674 0.0605849334 0.0662751733 0.0171243674 0.0298821026 0.0644811168 
Optimizing model Q.bird+F+R10
1. Initial log-likelihood: -212586.1049369835 (took 0.5150994470 wall-clock sec)
Optimizing +R10 model parameters by 2-BFGS,EM algorithm...
Site proportion and rates:  (0.0116321729,0.0537821050) (0.0291937953,0.1793281711) (0.0803649405,0.2661247504) (0.1095278289,0.3745958335) (0.1026911643,0.5277623403) (0.0961074282,0.7543860042) (0.1112761337,0.9628649153) (0.1301370758,1.2653561532) (0.1659931136,1.7045629460) (0.1630763468,2.5956329590)
Optimizing +R10 model parameters by 2-BFGS,EM algorithm...
Site proportion and rates:  (0.0115517101,0.0538358872) (0.0288787230,0.1793281711) (0.0804457756,0.2663913172) (0.1083772560,0.3749704294) (0.1015453997,0.5277623403) (0.0917217510,0.7498709882) (0.1091221004,0.9539208986) (0.1297785715,1.2533662730) (0.1717099981,1.7011555244) (0.1668687145,2.6145648711)
Optimizing +R10 model parameters by 2-BFGS,EM algorithm...
Site proportion and rates:  (0.0115335418,0.0538897232) (0.0287443644,0.1793281711) (0.0804043276,0.2666577087) (0.1081311014,0.3753453999) (0.1013896967,0.5277623403) (0.0902815838,0.7491211172) (0.1094290617,0.9520140105) (0.1299283333,1.2521129067) (0.1729410425,1.7011555244) (0.1672169467,2.6194605032)
Optimizing +R10 model parameters by 2-BFGS,EM algorithm...
Site proportion and rates:  (0.0115253337,0.0539975567) (0.0286441397,0.1793281711) (0.0803790530,0.2669243665) (0.1079180419,0.3757207454) (0.1014435613,0.5277623403) (0.0898392709,0.7491211172) (0.1095390885,0.9520140105) (0.1300922948,1.2521129067) (0.1734061482,1.7034232617) (0.1672130681,2.6233367199)
Optimal log-likelihood: -212346.7315555183
110  Q.bird+F+R10  212346.732   1476 427645.463   4787749.463  434412.615
WARNING: Normalizing state frequencies so that sum of them equals to 1
Optimizing model Q.mammal+R9
1. Initial log-likelihood: -211257.863 (took 0.606 wall-clock sec)
Optimizing +R9 model parameters by 2-BFGS,EM algorithm...
Site proportion and rates:  (0.018,0.069) (0.070,0.218) (0.072,0.303) (0.097,0.387) (0.104,0.524) (0.127,0.734) (0.165,1.007) (0.178,1.447) (0.169,2.174)
Optimizing +R9 model parameters by 2-BFGS,EM algorithm...
Site proportion and rates:  (0.018,0.069) (0.071,0.218) (0.082,0.309) (0.086,0.395) (0.102,0.524) (0.127,0.733) (0.167,1.008) (0.179,1.453) (0.169,2.190)
Optimizing +R9 model parameters by 2-BFGS,EM algorithm...
Site proportion and rates:  (0.018,0.069) (0.071,0.218) (0.088,0.313) (0.083,0.403) (0.099,0.528) (0.126,0.735) (0.167,1.011) (0.179,1.455) (0.169,2.194)
Optimizing +R9 model parameters by 2-BFGS,EM algorithm...
Site proportion and rates:  (0.018,0.069) (0.071,0.218) (0.093,0.315) (0.081,0.408) (0.097,0.532) (0.126,0.737) (0.167,1.013) (0.179,1.458) (0.169,2.198)
Optimizing +R9 model parameters by 2-BFGS,EM algorithm...
Site proportion and rates:  (0.017,0.069) (0.071,0.218) (0.095,0.317) (0.081,0.412) (0.095,0.535) (0.125,0.739) (0.166,1.014) (0.179,1.460) (0.169,2.201)
Optimizing +R9 model parameters by 2-BFGS,EM algorithm...
Site proportion and rates:  (0.017,0.069) (0.071,0.218) (0.096,0.318) (0.081,0.415) (0.094,0.537) (0.125,0.741) (0.166,1.016) (0.179,1.462) (0.169,2.205)
Optimal log-likelihood: -211123.813
120  Q.mammal+R9   211123.813   1455 425157.626   4662117.626  431828.497
WARNING: Normalizing state frequencies so that sum of them equals to 1
Optimizing model Q.mammal+R10
1. Initial log-likelihood: -211243.496 (took 0.531 wall-clock sec)
Optimizing +R10 model parameters by 2-BFGS,EM algorithm...
Site proportion and rates:  (0.014,0.062) (0.037,0.183) (0.073,0.267) (0.115,0.370) (0.116,0.524) (0.127,0.749) (0.163,1.031) (0.111,1.420) (0.094,1.643) (0.149,2.303)
Optimizing +R10 model parameters by 2-BFGS,EM algorithm...
Site proportion and rates:  (0.014,0.062) (0.037,0.183) (0.073,0.267) (0.114,0.370) (0.116,0.523) (0.128,0.749) (0.165,1.032) (0.108,1.427) (0.085,1.614) (0.160,2.285)
Optimizing +R10 model parameters by 2-BFGS,EM algorithm...
Site proportion and rates:  (0.014,0.062) (0.037,0.183) (0.073,0.267) (0.114,0.370) (0.116,0.523) (0.128,0.749) (0.165,1.032) (0.107,1.427) (0.085,1.611) (0.161,2.283)
Optimal log-likelihood: -211120.601
121  Q.mammal+R10  211120.601   1457 425155.203   4673767.203  431835.244
WARNING: Normalizing state frequencies so that sum of them equals to 1
Alignment state count time was 0.001 seconds.
Empirical state frequencies: 0.1066187927 0.0530326804 0.0442300243 0.0535491512 0.0072978305 0.0430792911 0.0502238040 0.0702257220 0.0145057697 0.0546817626 0.1001855597 0.0572641167 0.0258590668 0.0368408673 0.0440578674 0.0605849334 0.0662751733 0.0171243674 0.0298821026 0.0644811168 
Optimizing model Q.mammal+F+R9
1. Initial log-likelihood: -210779.9364046735 (took 0.6628526121 wall-clock sec)
Optimizing +R9 model parameters by 2-BFGS,EM algorithm...
Site proportion and rates:  (0.0139989190,0.0586528363) (0.0615000471,0.2180316825) (0.0671964100,0.2946783635) (0.1107293375,0.3882537886) (0.1068140290,0.5477860660) (0.1363242183,0.8058438533) (0.1527165897,1.1139967927) (0.1837949380,1.5752909105) (0.1669255114,2.4071059223)
Optimizing +R9 model parameters by 2-BFGS,EM algorithm...
Site proportion and rates:  (0.0139661614,0.0586528363) (0.0663648949,0.2180316825) (0.0830682872,0.3070388937) (0.1006952201,0.4061004365) (0.0984256810,0.5593693695) (0.1393286482,0.8092131324) (0.1528230262,1.1210388355) (0.1797504485,1.5768662016) (0.1655776325,2.4115240459)
Optimizing +R9 model parameters by 2-BFGS,EM algorithm...
Site proportion and rates:  (0.0139123032,0.0586528363) (0.0692384531,0.2180316825) (0.0952709366,0.3156823784) (0.0943373249,0.4220768992) (0.0923341757,0.5699085412) (0.1375955423,0.8125269553) (0.1521852823,1.1221598744) (0.1795112467,1.5768662016) (0.1656147353,2.4115240459)
Optimizing +R9 model parameters by 2-BFGS,EM algorithm...
Site proportion and rates:  (0.0138762726,0.0586528363) (0.0706648520,0.2180316825) (0.1001611467,0.3193004827) (0.0927040651,0.4296745114) (0.0894348426,0.5757608517) (0.1364274901,0.8149669748) (0.1518481307,1.1232820344) (0.1792836079,1.5784743273) (0.1655995922,2.4115240459)
Optimizing +R9 model parameters by 2-BFGS,EM algorithm...
Site proportion and rates:  (0.0138577026,0.0586528363) (0.0706874787,0.2180316825) (0.1011845464,0.3199850336) (0.0925068550,0.4309750684) (0.0887501167,0.5769129494) (0.1362857613,0.8157819419) (0.1518904045,1.1244053166) (0.1793539851,1.5801399437) (0.1654831497,2.4147985828)
Optimal log-likelihood: -210592.6260408972
131  Q.mammal+F+R9 210592.626   1474 424133.252   4772433.252  430891.235
WARNING: Normalizing state frequencies so that sum of them equals to 1
Alignment state count time was 0.002 seconds.
Empirical state frequencies: 0.1066187927 0.0530326804 0.0442300243 0.0535491512 0.0072978305 0.0430792911 0.0502238040 0.0702257220 0.0145057697 0.0546817626 0.1001855597 0.0572641167 0.0258590668 0.0368408673 0.0440578674 0.0605849334 0.0662751733 0.0171243674 0.0298821026 0.0644811168 
Optimizing model Q.mammal+F+R10
1. Initial log-likelihood: -210720.3832111397 (took 0.5349126520 wall-clock sec)
Optimizing +R10 model parameters by 2-BFGS,EM algorithm...
Site proportion and rates:  (0.0124629855,0.0582315724) (0.0264463471,0.1793281711) (0.0781249969,0.2636998069) (0.1215075267,0.3752543337) (0.1105799507,0.5373250265) (0.0916024905,0.7625924046) (0.1096202498,0.9576405608) (0.1256708852,1.2322625658) (0.1624798152,1.6517657168) (0.1615047523,2.4771258579)
Optimizing +R10 model parameters by 2-BFGS,EM algorithm...
Site proportion and rates:  (0.0123918183,0.0583480940) (0.0262289562,0.1793281711) (0.0783196294,0.2644920702) (0.1209161423,0.3764542771) (0.1088463342,0.5384148063) (0.0833526500,0.7535482277) (0.1053223495,0.9370834299) (0.1292174291,1.2092535115) (0.1706745894,1.6451685575) (0.1647301016,2.4921870500)
Optimizing +R10 model parameters by 2-BFGS,EM algorithm...
Site proportion and rates:  (0.0123741942,0.0584064422) (0.0261293758,0.1793281711) (0.0783333963,0.2647565623) (0.1203995279,0.3768307315) (0.1076463137,0.5368011763) (0.0769080165,0.7434486419) (0.1070611509,0.9239244714) (0.1334345013,1.2008140882) (0.1728182242,1.6435233889) (0.1648952991,2.4959910921)
Optimizing +R10 model parameters by 2-BFGS,EM algorithm...
Site proportion and rates:  (0.0123622653,0.0584648488) (0.0259914902,0.1793281711) (0.0781414204,0.2647565623) (0.1198433038,0.3768307315) (0.1068213615,0.5357281106) (0.0729395184,0.7351726718) (0.1093716157,0.9165588930) (0.1358487753,1.1972152469) (0.1737759651,1.6451669124) (0.1649042843,2.4991394932)
Optimizing +R10 model parameters by 2-BFGS,EM algorithm...
Site proportion and rates:  (0.0123498738,0.0585233137) (0.0259390120,0.1793281711) (0.0779026008,0.2650213190) (0.1192122799,0.3764539007) (0.1064642397,0.5346571899) (0.0706612286,0.7307726480) (0.1110000086,0.9128981528) (0.1370787368,1.1960180316) (0.1743685861,1.6451669124) (0.1650234337,2.5023545065)
Optimal log-likelihood: -210584.8833047205
132  Q.mammal+F+R10 210584.883   1476 424121.767   4784225.767  430888.919
Optimizing model Q.insect+R9
1. Initial log-likelihood: -208154.573 (took 0.666 wall-clock sec)
Optimizing +R9 model parameters by 2-BFGS,EM algorithm...
Site proportion and rates:  (0.014,0.062) (0.070,0.218) (0.050,0.293) (0.119,0.386) (0.115,0.537) (0.123,0.752) (0.159,1.033) (0.180,1.421) (0.172,2.122)
Optimizing +R9 model parameters by 2-BFGS,EM algorithm...
Site proportion and rates:  (0.013,0.062) (0.072,0.218) (0.053,0.299) (0.115,0.389) (0.114,0.539) (0.123,0.754) (0.161,1.038) (0.185,1.435) (0.165,2.157)
Optimizing +R9 model parameters by 2-BFGS,EM algorithm...
Site proportion and rates:  (0.013,0.062) (0.071,0.218) (0.057,0.303) (0.113,0.393) (0.113,0.543) (0.123,0.757) (0.161,1.042) (0.186,1.441) (0.163,2.169)
Optimizing +R9 model parameters by 2-BFGS,EM algorithm...
Site proportion and rates:  (0.013,0.062) (0.072,0.218) (0.060,0.306) (0.110,0.396) (0.112,0.545) (0.123,0.759) (0.161,1.044) (0.186,1.444) (0.163,2.175)
Optimizing +R9 model parameters by 2-BFGS,EM algorithm...
Site proportion and rates:  (0.013,0.062) (0.072,0.218) (0.062,0.308) (0.109,0.399) (0.111,0.547) (0.123,0.760) (0.161,1.046) (0.186,1.448) (0.163,2.180)
Optimizing +R9 model parameters by 2-BFGS,EM algorithm...
Site proportion and rates:  (0.013,0.062) (0.071,0.218) (0.064,0.310) (0.108,0.401) (0.111,0.548) (0.123,0.762) (0.161,1.049) (0.186,1.451) (0.163,2.185)
Optimizing +R9 model parameters by 2-BFGS,EM algorithm...
Site proportion and rates:  (0.013,0.062) (0.071,0.218) (0.065,0.310) (0.107,0.402) (0.111,0.550) (0.123,0.764) (0.161,1.051) (0.186,1.453) (0.163,2.188)
Optimal log-likelihood: -208096.218
142  Q.insect+R9   208096.218   1455 419102.435   4656062.435  425773.307
Optimizing model Q.insect+R10
1. Initial log-likelihood: -208144.202 (took 0.462 wall-clock sec)
Optimizing +R10 model parameters by 2-BFGS,EM algorithm...
Site proportion and rates:  (0.012,0.060) (0.037,0.180) (0.070,0.263) (0.125,0.378) (0.120,0.534) (0.122,0.753) (0.155,1.032) (0.155,1.389) (0.095,1.802) (0.109,2.324)
Optimizing +R10 model parameters by 2-BFGS,EM algorithm...
Site proportion and rates:  (0.012,0.060) (0.038,0.180) (0.070,0.263) (0.125,0.378) (0.119,0.534) (0.123,0.753) (0.156,1.032) (0.164,1.397) (0.083,1.838) (0.109,2.322)
Optimizing +R10 model parameters by 2-BFGS,EM algorithm...
Site proportion and rates:  (0.012,0.060) (0.038,0.180) (0.071,0.263) (0.125,0.378) (0.119,0.534) (0.123,0.753) (0.156,1.033) (0.166,1.398) (0.083,1.853) (0.107,2.333)
Optimal log-likelihood: -208086.016
143  Q.insect+R10  208086.016   1457 419086.031   4667698.031  425766.072
Alignment state count time was 0.001 seconds.
Empirical state frequencies: 0.1066187927 0.0530326804 0.0442300243 0.0535491512 0.0072978305 0.0430792911 0.0502238040 0.0702257220 0.0145057697 0.0546817626 0.1001855597 0.0572641167 0.0258590668 0.0368408673 0.0440578674 0.0605849334 0.0662751733 0.0171243674 0.0298821026 0.0644811168 
Optimizing model Q.insect+F+R9
1. Initial log-likelihood: -207765.4327394326 (took 0.4639782769 wall-clock sec)
Optimizing +R9 model parameters by 2-BFGS,EM algorithm...
Site proportion and rates:  (0.0132646171,0.0595362223) (0.0663071527,0.2180316825) (0.0568842738,0.2919479248) (0.1138464429,0.3914987287) (0.1205662060,0.5387636267) (0.1225574309,0.7567547505) (0.1612661936,1.0494711666) (0.1781131801,1.4515516877) (0.1671945030,2.1593028709)
Optimizing +R9 model parameters by 2-BFGS,EM algorithm...
Site proportion and rates:  (0.0131331942,0.0595362223) (0.0667388050,0.2180316825) (0.0597368079,0.2958351700) (0.1119172072,0.3952047475) (0.1192982069,0.5422493299) (0.1232565578,0.7612835918) (0.1658642456,1.0580160585) (0.1839983837,1.4763317672) (0.1560565917,2.2131987566)
Optimizing +R9 model parameters by 2-BFGS,EM algorithm...
Site proportion and rates:  (0.0129495651,0.0595362223) (0.0649450719,0.2180316825) (0.0615152311,0.2964271363) (0.1120504179,0.3981570632) (0.1193476641,0.5464142128) (0.1233830398,0.7669512412) (0.1661366339,1.0674491742) (0.1857202748,1.4911537267) (0.1539521014,2.2385505122)
Optimizing +R9 model parameters by 2-BFGS,EM algorithm...
Site proportion and rates:  (0.0128234986,0.0598058481) (0.0628934958,0.2180316825) (0.0628043818,0.2967235636) (0.1127183369,0.4009458910) (0.1196158255,0.5512827321) (0.1234915434,0.7739985492) (0.1662217828,1.0764981794) (0.1860018636,1.5036948809) (0.1534292715,2.2591786877)
Optimizing +R9 model parameters by 2-BFGS,EM algorithm...
Site proportion and rates:  (0.0127030816,0.0600857320) (0.0609141969,0.2180316825) (0.0638902626,0.2970202872) (0.1133844316,0.4038325142) (0.1198497951,0.5552660770) (0.1235213776,0.7797729537) (0.1662523594,1.0855776485) (0.1860128955,1.5164274157) (0.1534715996,2.2784860518)
Optimizing +R9 model parameters by 2-BFGS,EM algorithm...
Site proportion and rates:  (0.0126086356,0.0602819915) (0.0594774371,0.2180316825) (0.0648298789,0.2976146250) (0.1137786764,0.4060285280) (0.1199691631,0.5585488795) (0.1235328068,0.7852489860) (0.1662326852,1.0923485590) (0.1862651542,1.5256269577) (0.1533055626,2.2931483663)
Optimizing +R9 model parameters by 2-BFGS,EM algorithm...
Site proportion and rates:  (0.0125248717,0.0605122868) (0.0581767395,0.2180316825) (0.0657988134,0.2982101521) (0.1142198682,0.4082301216) (0.1199993007,0.5620885193) (0.1235180561,0.7902399850) (0.1662002169,1.0992316498) (0.1862752350,1.5352157342) (0.1532868986,2.3076445309)
Optimizing +R9 model parameters by 2-BFGS,EM algorithm...
Site proportion and rates:  (0.0124448275,0.0607508158) (0.0569325295,0.2180316825) (0.0665361072,0.2988068708) (0.1143624793,0.4100459362) (0.1201785986,0.5649154277) (0.1236544731,0.7943446519) (0.1663174481,1.1060116766) (0.1862603372,1.5447142439) (0.1533131994,2.3219670299)
Optimizing +R9 model parameters by 2-BFGS,EM algorithm...
Site proportion and rates:  (0.0123751231,0.0609881298) (0.0558743522,0.2180316825) (0.0673653001,0.2997041884) (0.1148419061,0.4123242244) (0.1202800581,0.5688770690) (0.1235611379,0.7995958854) (0.1662336077,1.1124579228) (0.1862858989,1.5541984725) (0.1531826161,2.3353780341)
Optimizing +R9 model parameters by 2-BFGS,EM algorithm...
Site proportion and rates:  (0.0123031943,0.0612292772) (0.0547734072,0.2180316825) (0.0680305094,0.3003057930) (0.1151198297,0.4142878130) (0.1203539465,0.5718562885) (0.1236000004,0.8036978746) (0.1663203137,1.1190768888) (0.1862584027,1.5633621536) (0.1532403960,2.3480830443)
Optimizing +R9 model parameters by 2-BFGS,EM algorithm...
Site proportion and rates:  (0.0122368433,0.0614684387) (0.0537641930,0.2180316825) (0.0686499532,0.3009067051) (0.1153708708,0.4162473046) (0.1205058513,0.5748514384) (0.1236424670,0.8080945697) (0.1663563732,1.1253339815) (0.1862624387,1.5721483806) (0.1532110096,2.3613045319)
Optimizing +R9 model parameters by 2-BFGS,EM algorithm...
Site proportion and rates:  (0.0121753921,0.0617040792) (0.0529004641,0.2180316825) (0.0692825208,0.3018295282) (0.1155428818,0.4186539876) (0.1206113608,0.5778334922) (0.1236822426,0.8124564225) (0.1663734979,1.1314874409) (0.1862752349,1.5807463648) (0.1531564050,2.3743232839)
Optimizing +R9 model parameters by 2-BFGS,EM algorithm...
Site proportion and rates:  (0.0121165140,0.0619376556) (0.0520751292,0.2180316825) (0.0699627338,0.3027825639) (0.1157224593,0.4204155702) (0.1206398720,0.5809388706) (0.1237103368,0.8167992796) (0.1662526430,1.1375662090) (0.1863041099,1.5880621534) (0.1532162020,2.3871576056)
Optimizing +R9 model parameters by 2-BFGS,EM algorithm...
Site proportion and rates:  (0.0120579237,0.0621641616) (0.0512582292,0.2180316825) (0.0705038493,0.3033922533) (0.1158606756,0.4223093105) (0.1207426190,0.5832888829) (0.1237997432,0.8210012580) (0.1662765595,1.1433826509) (0.1862663838,1.5961720987) (0.1532340166,2.3997325073)
Optimizing +R9 model parameters by 2-BFGS,EM algorithm...
Site proportion and rates:  (0.0120069964,0.0623864411) (0.0505670010,0.2180316825) (0.0709947678,0.3043608689) (0.1160827244,0.4241290382) (0.1208419002,0.5865136999) (0.1236095377,0.8249867276) (0.1662211328,1.1479417059) (0.1863576028,1.6039295646) (0.1533183371,2.4095307063)
Optimizing +R9 model parameters by 2-BFGS,EM algorithm...
Site proportion and rates:  (0.0119547756,0.0625983459) (0.0498882696,0.2180316825) (0.0713641360,0.3049698952) (0.1160156314,0.4256310170) (0.1209411330,0.5882750014) (0.1237363524,0.8280286408) (0.1663990404,1.1530828170) (0.1864346855,1.6111977944) (0.1532659761,2.4220645358)
Optimizing +R9 model parameters by 2-BFGS,EM algorithm...
Site proportion and rates:  (0.0119270145,0.0627236054) (0.0495523730,0.2180316825) (0.0717693468,0.3055801401) (0.1161756955,0.4269528775) (0.1209050182,0.5900977847) (0.1238190406,0.8307878024) (0.1662733277,1.1571297319) (0.1863875765,1.6153974026) (0.1531906073,2.4282256307)
Optimizing +R9 model parameters by 2-BFGS,EM algorithm...
Site proportion and rates:  (0.0118809808,0.0629272860) (0.0489694297,0.2180316825) (0.0722057156,0.3065284684) (0.1163309606,0.4287541121) (0.1210077400,0.5933012269) (0.1237535597,0.8347244258) (0.1662572534,1.1615740766) (0.1863753439,1.6230902702) (0.1532190162,2.4381066661)
Optimizing +R9 model parameters by 2-BFGS,EM algorithm...
Site proportion and rates:  (0.0118508177,0.0630532037) (0.0485893247,0.2180316825) (0.0724213783,0.3068349970) (0.1165002934,0.4296689025) (0.1209841244,0.5945195890) (0.1236824678,0.8365389072) (0.1663220691,1.1645512642) (0.1863971648,1.6273718399) (0.1532523596,2.4446154020)
Optimizing +R9 model parameters by 2-BFGS,EM algorithm...
Site proportion and rates:  (0.0118256158,0.0631793734) (0.0482839903,0.2180316825) (0.0725984560,0.3074489740) (0.1164345656,0.4305633621) (0.1211001605,0.5958184928) (0.1237345290,0.8385323152) (0.1663483191,1.1674736749) (0.1863887024,1.6316132722) (0.1532856612,2.4510558943)
Optimizing +R9 model parameters by 2-BFGS,EM algorithm...
Site proportion and rates:  (0.0117910344,0.0632425528) (0.0479351795,0.2180316825) (0.0728132243,0.3077564231) (0.1165188730,0.4314924676) (0.1211518062,0.5971745968) (0.1237381457,0.8405720950) (0.1663882984,1.1703997338) (0.1864350802,1.6357713457) (0.1532283583,2.4573780042)
Optimizing +R9 model parameters by 2-BFGS,EM algorithm...
Site proportion and rates:  (0.0117676904,0.0633691014) (0.0476651712,0.2180316825) (0.0730127927,0.3083722439) (0.1164886533,0.4324003385) (0.1211926431,0.5983695434) (0.1237771445,0.8424214518) (0.1664207936,1.1732997365) (0.1864401077,1.6396703056) (0.1532350034,2.4636561860)
Optimizing +R9 model parameters by 2-BFGS,EM algorithm...
Site proportion and rates:  (0.0117438753,0.0634959032) (0.0473384246,0.2180316825) (0.0732132792,0.3086806162) (0.1165374647,0.4333572340) (0.1212259778,0.5995668811) (0.1238237980,0.8443245469) (0.1664561466,1.1761009636) (0.1864552982,1.6436160192) (0.1532057356,2.4697146875)
Optimizing +R9 model parameters by 2-BFGS,EM algorithm...
Site proportion and rates:  (0.0117229139,0.0636229587) (0.0470117862,0.2180316825) (0.0733923855,0.3089892970) (0.1168213966,0.4342263033) (0.1213199117,0.6014084757) (0.1237843673,0.8470757815) (0.1663716103,1.1789544848) (0.1864293655,1.6475175854) (0.1531462629,2.4762774469)
Optimizing +R9 model parameters by 2-BFGS,EM algorithm...
Site proportion and rates:  (0.0116993538,0.0637502684) (0.0467786695,0.2180316825) (0.0735892579,0.3096246002) (0.1167758020,0.4351562938) (0.1213629116,0.6026118943) (0.1238415651,0.8487707803) (0.1663778395,1.1818538716) (0.1864551748,1.6514906889) (0.1531194257,2.4823556135)
Optimizing +R9 model parameters by 2-BFGS,EM algorithm...
Site proportion and rates:  (0.0116715010,0.0638140188) (0.0464733731,0.2180316825) (0.0737735427,0.3099426505) (0.1168343660,0.4360901019) (0.1213761505,0.6038177209) (0.1238857236,0.8505111515) (0.1664282626,1.1846581066) (0.1864749192,1.6554182485) (0.1530821612,2.4882862254)
Optimizing +R9 model parameters by 2-BFGS,EM algorithm...
Site proportion and rates:  (0.0116513154,0.0639417108) (0.0462587906,0.2180316825) (0.0739650200,0.3105719813) (0.1168016500,0.4369826172) (0.1214165430,0.6050509382) (0.1239062565,0.8523348714) (0.1664680186,1.1873362002) (0.1864947369,1.6592913561) (0.1530376690,2.4941104948)
Optimizing +R9 model parameters by 2-BFGS,EM algorithm...
Site proportion and rates:  (0.0116303443,0.0640696584) (0.0459715828,0.2180316825) (0.0741527214,0.3108825534) (0.1168684444,0.4379016269) (0.1214275066,0.6062643275) (0.1239412690,0.8541799122) (0.1664999860,1.1899812564) (0.1865148421,1.6630951216) (0.1529933035,2.4998296934)
Optimizing +R9 model parameters by 2-BFGS,EM algorithm...
Site proportion and rates:  (0.0116062989,0.0641337281) (0.0457734613,0.2180316825) (0.0743052697,0.3115046296) (0.1168853063,0.4387778682) (0.1214908381,0.6075210194) (0.1239057396,0.8560182510) (0.1663030134,1.1926031791) (0.1864059619,1.6651703888) (0.1533241107,2.5027189387)
Optimal log-likelihood: -207710.9710421861
153  Q.insect+F+R9 207710.971   1474 418369.942   4766669.942  425127.925
Alignment state count time was 0.001 seconds.
Empirical state frequencies: 0.1066187927 0.0530326804 0.0442300243 0.0535491512 0.0072978305 0.0430792911 0.0502238040 0.0702257220 0.0145057697 0.0546817626 0.1001855597 0.0572641167 0.0258590668 0.0368408673 0.0440578674 0.0605849334 0.0662751733 0.0171243674 0.0298821026 0.0644811168 
Optimizing model Q.insect+F+R10
1. Initial log-likelihood: -207747.5866663571 (took 0.5747382450 wall-clock sec)
Optimizing +R10 model parameters by 2-BFGS,EM algorithm...
Site proportion and rates:  (0.0105983509,0.0554373342) (0.0387296056,0.1793281711) (0.0772211595,0.2708254661) (0.1173253662,0.3875629463) (0.1242895857,0.5389840843) (0.1204093953,0.7590033138) (0.1456037348,1.0399916874) (0.1398747652,1.3743959996) (0.0987173845,1.6939566730) (0.1272306523,2.3073417100)
Optimizing +R10 model parameters by 2-BFGS,EM algorithm...
Site proportion and rates:  (0.0106560175,0.0554373342) (0.0389853286,0.1793281711) (0.0786146236,0.2710962916) (0.1181385626,0.3883617534) (0.1225315966,0.5395230685) (0.1221748829,0.7597623172) (0.1550297967,1.0483742436) (0.1379942241,1.3985088495) (0.0821778513,1.7017421284) (0.1336971161,2.2918147410)
Optimizing +R10 model parameters by 2-BFGS,EM algorithm...
Site proportion and rates:  (0.0106574468,0.0554373342) (0.0389788812,0.1793281711) (0.0787202383,0.2713673880) (0.1183623572,0.3887501152) (0.1224789198,0.5400625917) (0.1223570283,0.7605220796) (0.1568292754,1.0505689099) (0.1425326272,1.4063317636) (0.0753153016,1.7181582621) (0.1337679243,2.2918147410)
Optimizing +R10 model parameters by 2-BFGS,EM algorithm...
Site proportion and rates:  (0.0106508670,0.0554373342) (0.0389956521,0.1793281711) (0.0787885275,0.2713673880) (0.1182385530,0.3887501152) (0.1223878255,0.5400625917) (0.1224657393,0.7605220796) (0.1572897896,1.0516194789) (0.1452311874,1.4106145775) (0.0721396781,1.7252800749) (0.1338121806,2.2918147410)
Optimal log-likelihood: -207704.2649077470
154  Q.insect+F+R10 207704.265   1476 418360.530   4778464.530  425127.682
WARNING: Normalizing state frequencies so that sum of them equals to 1
Optimizing model Q.plant+R9
1. Initial log-likelihood: -209113.836 (took 0.462 wall-clock sec)
Optimizing +R9 model parameters by 2-BFGS,EM algorithm...
Site proportion and rates:  (0.012,0.058) (0.068,0.218) (0.048,0.291) (0.109,0.380) (0.113,0.526) (0.118,0.744) (0.168,1.028) (0.188,1.471) (0.175,2.213)
Optimizing +R9 model parameters by 2-BFGS,EM algorithm...
Site proportion and rates:  (0.012,0.058) (0.068,0.218) (0.048,0.291) (0.108,0.380) (0.114,0.528) (0.119,0.749) (0.169,1.034) (0.189,1.485) (0.172,2.240)
Optimizing +R9 model parameters by 2-BFGS,EM algorithm...
Site proportion and rates:  (0.012,0.058) (0.067,0.218) (0.049,0.292) (0.109,0.382) (0.114,0.531) (0.119,0.752) (0.170,1.039) (0.190,1.492) (0.172,2.252)
Optimizing +R9 model parameters by 2-BFGS,EM algorithm...
Site proportion and rates:  (0.012,0.058) (0.066,0.218) (0.050,0.292) (0.109,0.384) (0.114,0.533) (0.119,0.756) (0.170,1.044) (0.190,1.499) (0.172,2.263)
Optimizing +R9 model parameters by 2-BFGS,EM algorithm...
Site proportion and rates:  (0.012,0.058) (0.064,0.218) (0.051,0.292) (0.109,0.386) (0.114,0.535) (0.119,0.759) (0.170,1.049) (0.190,1.506) (0.172,2.275)
Optimizing +R9 model parameters by 2-BFGS,EM algorithm...
Site proportion and rates:  (0.012,0.058) (0.063,0.218) (0.051,0.292) (0.110,0.387) (0.114,0.538) (0.119,0.763) (0.170,1.054) (0.190,1.513) (0.172,2.286)
Optimizing +R9 model parameters by 2-BFGS,EM algorithm...
Site proportion and rates:  (0.012,0.058) (0.062,0.218) (0.052,0.293) (0.110,0.388) (0.114,0.540) (0.119,0.766) (0.170,1.059) (0.190,1.520) (0.172,2.296)
Optimizing +R9 model parameters by 2-BFGS,EM algorithm...
Site proportion and rates:  (0.012,0.058) (0.061,0.218) (0.053,0.293) (0.110,0.390) (0.114,0.543) (0.119,0.770) (0.170,1.064) (0.190,1.527) (0.172,2.306)
Optimizing +R9 model parameters by 2-BFGS,EM algorithm...
Site proportion and rates:  (0.012,0.058) (0.061,0.218) (0.053,0.293) (0.110,0.391) (0.114,0.545) (0.119,0.773) (0.170,1.068) (0.190,1.534) (0.172,2.316)
Optimizing +R9 model parameters by 2-BFGS,EM algorithm...
Site proportion and rates:  (0.012,0.059) (0.060,0.218) (0.054,0.293) (0.110,0.392) (0.114,0.546) (0.119,0.775) (0.170,1.071) (0.190,1.537) (0.172,2.320)
Optimizing +R9 model parameters by 2-BFGS,EM algorithm...
Site proportion and rates:  (0.012,0.059) (0.059,0.218) (0.054,0.294) (0.111,0.393) (0.114,0.547) (0.119,0.777) (0.170,1.073) (0.190,1.541) (0.172,2.326)
Optimizing +R9 model parameters by 2-BFGS,EM algorithm...
Site proportion and rates:  (0.012,0.059) (0.059,0.218) (0.054,0.294) (0.111,0.394) (0.114,0.549) (0.119,0.779) (0.170,1.076) (0.190,1.545) (0.172,2.332)
Optimizing +R9 model parameters by 2-BFGS,EM algorithm...
Site proportion and rates:  (0.012,0.059) (0.058,0.218) (0.055,0.294) (0.111,0.395) (0.114,0.550) (0.119,0.781) (0.170,1.079) (0.190,1.549) (0.172,2.339)
Optimizing +R9 model parameters by 2-BFGS,EM algorithm...
Site proportion and rates:  (0.012,0.059) (0.058,0.218) (0.055,0.294) (0.111,0.396) (0.114,0.552) (0.119,0.782) (0.170,1.082) (0.190,1.553) (0.172,2.343)
Optimizing +R9 model parameters by 2-BFGS,EM algorithm...
Site proportion and rates:  (0.012,0.059) (0.057,0.218) (0.056,0.295) (0.111,0.397) (0.114,0.553) (0.119,0.784) (0.170,1.084) (0.190,1.557) (0.172,2.349)
Optimizing +R9 model parameters by 2-BFGS,EM algorithm...
Site proportion and rates:  (0.012,0.059) (0.057,0.218) (0.056,0.295) (0.111,0.398) (0.114,0.554) (0.119,0.786) (0.170,1.087) (0.190,1.560) (0.172,2.356)
Optimizing +R9 model parameters by 2-BFGS,EM algorithm...
Site proportion and rates:  (0.012,0.060) (0.056,0.218) (0.056,0.295) (0.111,0.399) (0.114,0.555) (0.119,0.788) (0.170,1.089) (0.190,1.564) (0.172,2.360)
Optimizing +R9 model parameters by 2-BFGS,EM algorithm...
Site proportion and rates:  (0.012,0.060) (0.056,0.218) (0.057,0.295) (0.111,0.400) (0.114,0.557) (0.119,0.790) (0.170,1.092) (0.190,1.568) (0.172,2.366)
Optimizing +R9 model parameters by 2-BFGS,EM algorithm...
Site proportion and rates:  (0.012,0.060) (0.056,0.218) (0.057,0.296) (0.112,0.400) (0.114,0.558) (0.119,0.792) (0.170,1.094) (0.189,1.571) (0.172,2.370)
Optimizing +R9 model parameters by 2-BFGS,EM algorithm...
Site proportion and rates:  (0.012,0.060) (0.055,0.218) (0.057,0.296) (0.112,0.401) (0.114,0.559) (0.119,0.794) (0.170,1.097) (0.189,1.575) (0.172,2.376)
Optimizing +R9 model parameters by 2-BFGS,EM algorithm...
Site proportion and rates:  (0.012,0.060) (0.055,0.218) (0.058,0.296) (0.112,0.402) (0.114,0.560) (0.119,0.795) (0.170,1.098) (0.190,1.577) (0.172,2.381)
Optimal log-likelihood: -208977.949
164  Q.plant+R9    208977.949   1455 420865.897   4657825.897  427536.769
WARNING: Normalizing state frequencies so that sum of them equals to 1
Optimizing model Q.plant+R10
1. Initial log-likelihood: -209088.584 (took 0.543 wall-clock sec)
Optimizing +R10 model parameters by 2-BFGS,EM algorithm...
Site proportion and rates:  (0.011,0.057) (0.034,0.181) (0.073,0.265) (0.117,0.381) (0.116,0.536) (0.115,0.757) (0.155,1.033) (0.117,1.394) (0.116,1.666) (0.147,2.358)
Optimizing +R10 model parameters by 2-BFGS,EM algorithm...
Site proportion and rates:  (0.011,0.057) (0.034,0.181) (0.073,0.265) (0.117,0.381) (0.115,0.535) (0.116,0.757) (0.158,1.036) (0.119,1.404) (0.106,1.666) (0.152,2.347)
Optimizing +R10 model parameters by 2-BFGS,EM algorithm...
Site proportion and rates:  (0.011,0.057) (0.034,0.181) (0.073,0.265) (0.117,0.381) (0.115,0.535) (0.116,0.757) (0.159,1.036) (0.122,1.410) (0.101,1.673) (0.152,2.347)
Optimal log-likelihood: -208971.382
165  Q.plant+R10   208971.382   1457 420856.764   4669468.764  427536.806
WARNING: Normalizing state frequencies so that sum of them equals to 1
Alignment state count time was 0.001 seconds.
Empirical state frequencies: 0.1066187927 0.0530326804 0.0442300243 0.0535491512 0.0072978305 0.0430792911 0.0502238040 0.0702257220 0.0145057697 0.0546817626 0.1001855597 0.0572641167 0.0258590668 0.0368408673 0.0440578674 0.0605849334 0.0662751733 0.0171243674 0.0298821026 0.0644811168 
Optimizing model Q.plant+F+R9
1. Initial log-likelihood: -208571.1565256644 (took 0.3997626380 wall-clock sec)
Optimizing +R9 model parameters by 2-BFGS,EM algorithm...
Site proportion and rates:  (0.0121510586,0.0582692743) (0.0633268884,0.2180316825) (0.0464969675,0.2822648595) (0.1155905784,0.3788315276) (0.1145016949,0.5287463313) (0.1184068272,0.7535346695) (0.1536035343,1.0234386471) (0.1975419606,1.4562172218) (0.1783804901,2.2228738159)
Optimizing +R9 model parameters by 2-BFGS,EM algorithm...
Site proportion and rates:  (0.0120410821,0.0582692743) (0.0625848202,0.2180316825) (0.0458326076,0.2822648595) (0.1154032462,0.3793216519) (0.1151059068,0.5299471598) (0.1192414284,0.7581128191) (0.1546828584,1.0313818386) (0.2033209775,1.4737267061) (0.1717870728,2.2678552980)
Optimizing +R9 model parameters by 2-BFGS,EM algorithm...
Site proportion and rates:  (0.0119730122,0.0582692743) (0.0609094701,0.2180316825) (0.0469968764,0.2822648595) (0.1159173713,0.3814838141) (0.1152330943,0.5333865652) (0.1194534115,0.7636919259) (0.1545527178,1.0387365900) (0.2040694730,1.4841906307) (0.1708945733,2.2853791658)
Optimizing +R9 model parameters by 2-BFGS,EM algorithm...
Site proportion and rates:  (0.0119073565,0.0582692743) (0.0592312199,0.2180316825) (0.0482931070,0.2825471245) (0.1162658514,0.3836997212) (0.1152767211,0.5368791490) (0.1192481487,0.7681566052) (0.1546881884,1.0447632123) (0.2042377160,1.4943292219) (0.1708516910,2.2996792877)
Optimizing +R9 model parameters by 2-BFGS,EM algorithm...
Site proportion and rates:  (0.0118438867,0.0582692743) (0.0576559923,0.2180316825) (0.0495970234,0.2828296717) (0.1165541251,0.3859228427) (0.1153034203,0.5401504675) (0.1192125779,0.7727371569) (0.1546025354,1.0511820676) (0.2042958140,1.5026103032) (0.1709346249,2.3144425395)
Optimizing +R9 model parameters by 2-BFGS,EM algorithm...
Site proportion and rates:  (0.0117839297,0.0582692743) (0.0562781102,0.2180316825) (0.0508322424,0.2833956141) (0.1167513435,0.3880875660) (0.1153175521,0.5432706894) (0.1192301409,0.7773494347) (0.1546014609,1.0573243965) (0.2042873021,1.5113574121) (0.1709179183,2.3279748343)
Optimizing +R9 model parameters by 2-BFGS,EM algorithm...
Site proportion and rates:  (0.0117250001,0.0582692743) (0.0550668112,0.2180316825) (0.0520123542,0.2842466517) (0.1168586592,0.3902462766) (0.1153103392,0.5463494574) (0.1192585965,0.7817682944) (0.1545953641,1.0633538922) (0.2042823477,1.5199494889) (0.1708905277,2.3412000347)
Optimizing +R9 model parameters by 2-BFGS,EM algorithm...
Site proportion and rates:  (0.0116658030,0.0582692743) (0.0538502566,0.2180316825) (0.0531165328,0.2848154294) (0.1170428564,0.3923618214) (0.1153061415,0.5493719660) (0.1192846105,0.7860874821) (0.1545931097,1.0692534651) (0.2042785707,1.5283580947) (0.1708621188,2.3541458401)
Optimizing +R9 model parameters by 2-BFGS,EM algorithm...
Site proportion and rates:  (0.0116087732,0.0582692743) (0.0526883680,0.2180316825) (0.0540165902,0.2853853453) (0.1170723574,0.3940559197) (0.1155073321,0.5517972957) (0.1193929321,0.7903217399) (0.1546016218,1.0750552054) (0.2042753034,1.5365987137) (0.1708367217,2.3668306163)
Optimizing +R9 model parameters by 2-BFGS,EM algorithm...
Site proportion and rates:  (0.0115555742,0.0582692743) (0.0517057626,0.2180316825) (0.0550344486,0.2862423581) (0.1172600119,0.3962342544) (0.1154255736,0.5549973122) (0.1194019884,0.7943810794) (0.1545822566,1.0806404859) (0.2042485708,1.5444945038) (0.1707858132,2.3789718869)
Optimizing +R9 model parameters by 2-BFGS,EM algorithm...
Site proportion and rates:  (0.0114987181,0.0582692743) (0.0506838409,0.2180316825) (0.0559629990,0.2868151292) (0.1173264476,0.3982973578) (0.1154575915,0.5579427257) (0.1195020365,0.7984766787) (0.1545371013,1.0861667911) (0.2042770380,1.5523437157) (0.1707542271,2.3910516189)
Optimizing +R9 model parameters by 2-BFGS,EM algorithm...
Site proportion and rates:  (0.0114430245,0.0582692743) (0.0496696720,0.2180316825) (0.0568009036,0.2874148498) (0.1175164888,0.3999541172) (0.1154999319,0.5602223378) (0.1195046338,0.8025351622) (0.1545553178,1.0916492444) (0.2042849605,1.5601165123) (0.1707250670,2.4030396229)
Optimizing +R9 model parameters by 2-BFGS,EM algorithm...
Site proportion and rates:  (0.0113897683,0.0582692743) (0.0487966833,0.2180316825) (0.0574912130,0.2880207426) (0.1176287340,0.4016122167) (0.1155295829,0.5627484016) (0.1192630483,0.8055966454) (0.1546970283,1.0958524776) (0.2043642437,1.5676756720) (0.1708396982,2.4130996334)
Optimizing +R9 model parameters by 2-BFGS,EM algorithm...
Site proportion and rates:  (0.0113411791,0.0582692743) (0.0480957550,0.2180316825) (0.0583184717,0.2889149157) (0.1176648009,0.4036853193) (0.1154923626,0.5657283241) (0.1194354347,0.8096986135) (0.1546621754,1.1015119643) (0.2042300914,1.5744397726) (0.1707597292,2.4236250386)
Optimizing +R9 model parameters by 2-BFGS,EM algorithm...
Site proportion and rates:  (0.0112883376,0.0582692743) (0.0472668444,0.2180316825) (0.0589914791,0.2895221051) (0.1178552010,0.4052335656) (0.1154950103,0.5679827091) (0.1192723573,0.8129061653) (0.1546790807,1.1056790181) (0.2043199084,1.5816304861) (0.1708317814,2.4345114583)
Optimizing +R9 model parameters by 2-BFGS,EM algorithm...
Site proportion and rates:  (0.0112408749,0.0582692743) (0.0465365878,0.2180316825) (0.0596125831,0.2901287975) (0.1179571543,0.4068218838) (0.1155060167,0.5702222507) (0.1192296242,0.8160895665) (0.1547234815,1.1101527568) (0.2043930759,1.5882634918) (0.1708006017,2.4449511172)
Optimizing +R9 model parameters by 2-BFGS,EM algorithm...
Site proportion and rates:  (0.0112107695,0.0582692743) (0.0461440254,0.2180316825) (0.0600107422,0.2907093454) (0.1179220180,0.4077861698) (0.1155013151,0.5715657255) (0.1192158273,0.8180331779) (0.1547513301,1.1129550861) (0.2044609907,1.5922813020) (0.1707829817,2.4517842580)
Optimizing +R9 model parameters by 2-BFGS,EM algorithm...
Site proportion and rates:  (0.0111812815,0.0582692743) (0.0456622604,0.2180316825) (0.0604344624,0.2910000548) (0.1179985018,0.4088481066) (0.1155741860,0.5729507728) (0.1195128104,0.8208822416) (0.1546259345,1.1168698496) (0.2043290039,1.5963877749) (0.1706815592,2.4588434991)
Optimizing +R9 model parameters by 2-BFGS,EM algorithm...
Site proportion and rates:  (0.0111500696,0.0582692743) (0.0452935804,0.2180316825) (0.0607698979,0.2915824222) (0.1180012119,0.4098043157) (0.1156103853,0.5744540338) (0.1194086560,0.8228183233) (0.1546572657,1.1192511661) (0.2043842182,1.6008255277) (0.1707247151,2.4655223341)
Optimizing +R9 model parameters by 2-BFGS,EM algorithm...
Site proportion and rates:  (0.0111203118,0.0582692743) (0.0448448958,0.2180316825) (0.0611266713,0.2918740047) (0.1181006356,0.4108130945) (0.1155932529,0.5759081871) (0.1193265176,0.8246322470) (0.1547139667,1.1218964590) (0.2044649023,1.6049365517) (0.1707088459,2.4720043511)
Optimizing +R9 model parameters by 2-BFGS,EM algorithm...
Site proportion and rates:  (0.0110914973,0.0582692743) (0.0445099109,0.2180316825) (0.0614784364,0.2924580448) (0.1181052785,0.4117954622) (0.1155865492,0.5773385450) (0.1192847277,0.8265519336) (0.1547539520,1.1245848749) (0.2045018363,1.6089365833) (0.1706878117,2.4782596550)
Optimizing +R9 model parameters by 2-BFGS,EM algorithm...
Site proportion and rates:  (0.0110634192,0.0582692743) (0.0441050727,0.2180316825) (0.0618344108,0.2927505029) (0.1182139026,0.4128587601) (0.1155568766,0.5787433762) (0.1192678789,0.8285124727) (0.1547708192,1.1272831524) (0.2045188244,1.6128672592) (0.1706687957,2.4843567503)
Optimizing +R9 model parameters by 2-BFGS,EM algorithm...
Site proportion and rates:  (0.0110359356,0.0582692743) (0.0437906955,0.2180316825) (0.0621710194,0.2933374463) (0.1182211810,0.4137899237) (0.1155552612,0.5801613464) (0.1192680944,0.8304853017) (0.1547800492,1.1299785374) (0.2045266703,1.6167657275) (0.1706510933,2.4903572419)
Optimizing +R9 model parameters by 2-BFGS,EM algorithm...
Site proportion and rates:  (0.0110086694,0.0582692743) (0.0434102042,0.2180316825) (0.0624955293,0.2936307838) (0.1183261227,0.4148007160) (0.1155440081,0.5815412885) (0.1192715256,0.8324599436) (0.1547813871,1.1326626270) (0.2045293095,1.6206274362) (0.1706332441,2.4962903238)
Optimizing +R9 model parameters by 2-BFGS,EM algorithm...
Site proportion and rates:  (0.0109825803,0.0582692743) (0.0431132783,0.2180316825) (0.0628125265,0.2942183392) (0.1183430903,0.4157359773) (0.1155432661,0.5829273482) (0.1192787987,0.8344257533) (0.1547805462,1.1353322357) (0.2045294203,1.6244560980) (0.1706164932,2.5021656747)
Optimizing +R9 model parameters by 2-BFGS,EM algorithm...
Site proportion and rates:  (0.0109552474,0.0582692743) (0.0427551899,0.2180316825) (0.0631188120,0.2945125576) (0.1184321142,0.4167033838) (0.1155391845,0.5842881849) (0.1192915742,0.8363823181) (0.1547786911,1.1379844649) (0.2045288095,1.6282537929) (0.1706003772,2.5079914034)
Optimizing +R9 model parameters by 2-BFGS,EM algorithm...
Site proportion and rates:  (0.0109309073,0.0582692743) (0.0424705957,0.2180316825) (0.0633900939,0.2951018775) (0.1184669617,0.4176157125) (0.1155651965,0.5856457831) (0.1192705640,0.8383248612) (0.1545541347,1.1406276812) (0.2043856192,1.6303900742) (0.1709659271,2.5112381939)
Optimizing +R9 model parameters by 2-BFGS,EM algorithm...
Site proportion and rates:  (0.0109050166,0.0582692743) (0.0421761664,0.2180316825) (0.0636889693,0.2953969795) (0.1185061744,0.4185296939) (0.1155813191,0.5869525934) (0.1193421305,0.8403041002) (0.1546458426,1.1430303126) (0.2043886095,1.6349070347) (0.1707657716,2.5180802012)
Optimizing +R9 model parameters by 2-BFGS,EM algorithm...
Site proportion and rates:  (0.0108806436,0.0582692743) (0.0418350089,0.2180316825) (0.0639602624,0.2956923765) (0.1186142705,0.4194183239) (0.1155718153,0.5882560145) (0.1193633034,0.8421810119) (0.1546844372,1.1456470034) (0.2044850427,1.6388434042) (0.1706052159,2.5242125914)
Optimizing +R9 model parameters by 2-BFGS,EM algorithm...
Site proportion and rates:  (0.0108576763,0.0582692743) (0.0415659226,0.2180316825) (0.0642348023,0.2963055610) (0.1186365108,0.4202962095) (0.1155782026,0.5895560449) (0.1193889351,0.8440590624) (0.1546918640,1.1482575878) (0.2044603818,1.6426631463) (0.1705857044,2.5300627166)
Optimizing +R9 model parameters by 2-BFGS,EM algorithm...
Site proportion and rates:  (0.0108355893,0.0583275437) (0.0412648588,0.2180316825) (0.0644983215,0.2966018666) (0.1186784625,0.4212148288) (0.1155854311,0.5908468052) (0.1194052664,0.8459382837) (0.1544724353,1.1508591606) (0.2043172915,1.6447530449) (0.1709423436,2.5332722665)
Optimizing +R9 model parameters by 2-BFGS,EM algorithm...
Site proportion and rates:  (0.0108242765,0.0584442573) (0.0409526797,0.2180316825) (0.0647579523,0.2968984686) (0.1187808675,0.4220807875) (0.1155729665,0.5921105064) (0.1194238760,0.8477311658) (0.1546174798,1.1532127669) (0.2043919414,1.6491900794) (0.1706779603,2.5399990656)
Optimal log-likelihood: -208422.5903784011
175  Q.plant+F+R9  208422.590   1474 419793.181   4768093.181  426551.163
WARNING: Normalizing state frequencies so that sum of them equals to 1
Alignment state count time was 0.016 seconds.
Empirical state frequencies: 0.1066187927 0.0530326804 0.0442300243 0.0535491512 0.0072978305 0.0430792911 0.0502238040 0.0702257220 0.0145057697 0.0546817626 0.1001855597 0.0572641167 0.0258590668 0.0368408673 0.0440578674 0.0605849334 0.0662751733 0.0171243674 0.0298821026 0.0644811168 
Optimizing model Q.plant+F+R10
1. Initial log-likelihood: -208538.5362226873 (took 0.7027823239 wall-clock sec)
Optimizing +R10 model parameters by 2-BFGS,EM algorithm...
Site proportion and rates:  (0.0102766006,0.0523009158) (0.0314055611,0.1793281711) (0.0728780812,0.2627383073) (0.1202917386,0.3817580046) (0.1162889300,0.5365046272) (0.1143664646,0.7638628734) (0.1424399236,1.0253529159) (0.1312027026,1.3779041131) (0.1178057117,1.6857806880) (0.1430442860,2.3824909696)
Optimizing +R10 model parameters by 2-BFGS,EM algorithm...
Site proportion and rates:  (0.0102276327,0.0523009158) (0.0314437885,0.1793281711) (0.0730029755,0.2627383073) (0.1200848483,0.3817580046) (0.1155393310,0.5365046272) (0.1159687691,0.7646267364) (0.1439680800,1.0286399679) (0.1320711509,1.3862110832) (0.1089434717,1.6857806880) (0.1487499524,2.3753506415)
Optimizing +R10 model parameters by 2-BFGS,EM algorithm...
Site proportion and rates:  (0.0102232897,0.0523009158) (0.0313729635,0.1793281711) (0.0729445215,0.2627383073) (0.1200003392,0.3817580046) (0.1156166544,0.5365046272) (0.1157963467,0.7646267364) (0.1441343438,1.0286399679) (0.1332619266,1.3875972944) (0.1069490423,1.6857806880) (0.1497005723,2.3753506415)
Optimal log-likelihood: -208413.2646453314
176  Q.plant+F+R10 208413.265   1476 419778.529   4779882.529  426545.681
WARNING: Normalizing state frequencies so that sum of them equals to 1
Optimizing model Q.yeast+R9
1. Initial log-likelihood: -207742.090 (took 0.492 wall-clock sec)
Optimizing +R9 model parameters by 2-BFGS,EM algorithm...
Site proportion and rates:  (0.013,0.061) (0.066,0.218) (0.054,0.300) (0.103,0.390) (0.121,0.531) (0.118,0.743) (0.152,1.006) (0.191,1.363) (0.183,2.095)
Optimizing +R9 model parameters by 2-BFGS,EM algorithm...
Site proportion and rates:  (0.013,0.061) (0.067,0.218) (0.060,0.308) (0.096,0.396) (0.119,0.533) (0.117,0.742) (0.153,1.007) (0.192,1.368) (0.183,2.109)
Optimizing +R9 model parameters by 2-BFGS,EM algorithm...
Site proportion and rates:  (0.013,0.061) (0.068,0.218) (0.065,0.313) (0.093,0.402) (0.117,0.535) (0.117,0.743) (0.153,1.009) (0.192,1.370) (0.183,2.113)
Optimizing +R9 model parameters by 2-BFGS,EM algorithm...
Site proportion and rates:  (0.013,0.061) (0.069,0.218) (0.069,0.316) (0.091,0.407) (0.115,0.538) (0.116,0.746) (0.153,1.011) (0.192,1.373) (0.183,2.116)
Optimizing +R9 model parameters by 2-BFGS,EM algorithm...
Site proportion and rates:  (0.013,0.061) (0.069,0.218) (0.072,0.318) (0.090,0.411) (0.114,0.541) (0.116,0.747) (0.153,1.013) (0.192,1.376) (0.183,2.120)
Optimizing +R9 model parameters by 2-BFGS,EM algorithm...
Site proportion and rates:  (0.013,0.061) (0.069,0.218) (0.074,0.320) (0.089,0.413) (0.113,0.543) (0.116,0.750) (0.152,1.015) (0.192,1.377) (0.183,2.123)
Optimal log-likelihood: -207690.765
186  Q.yeast+R9    207690.765   1455 418291.530   4655251.530  424962.401
WARNING: Normalizing state frequencies so that sum of them equals to 1
Optimizing model Q.yeast+R10
1. Initial log-likelihood: -207735.459 (took 0.754 wall-clock sec)
Optimizing +R10 model parameters by 2-BFGS,EM algorithm...
Site proportion and rates:  (0.012,0.059) (0.035,0.179) (0.069,0.262) (0.112,0.373) (0.127,0.520) (0.119,0.732) (0.152,0.994) (0.187,1.342) (0.124,1.908) (0.065,2.616)
Optimizing +R10 model parameters by 2-BFGS,EM algorithm...
Site proportion and rates:  (0.012,0.059) (0.035,0.179) (0.067,0.262) (0.109,0.370) (0.128,0.516) (0.119,0.729) (0.153,0.993) (0.188,1.343) (0.129,1.921) (0.059,2.653)
Optimizing +R10 model parameters by 2-BFGS,EM algorithm...
Site proportion and rates:  (0.012,0.059) (0.035,0.179) (0.067,0.262) (0.109,0.369) (0.129,0.516) (0.119,0.729) (0.153,0.993) (0.188,1.343) (0.130,1.923) (0.059,2.660)
Optimal log-likelihood: -207677.337
187  Q.yeast+R10   207677.337   1457 418268.674   4666880.674  424948.715
WARNING: Normalizing state frequencies so that sum of them equals to 1
Alignment state count time was 0.001 seconds.
Empirical state frequencies: 0.1066187927 0.0530326804 0.0442300243 0.0535491512 0.0072978305 0.0430792911 0.0502238040 0.0702257220 0.0145057697 0.0546817626 0.1001855597 0.0572641167 0.0258590668 0.0368408673 0.0440578674 0.0605849334 0.0662751733 0.0171243674 0.0298821026 0.0644811168 
Optimizing model Q.yeast+F+R9
1. Initial log-likelihood: -207032.7880097877 (took 0.4873664200 wall-clock sec)
Optimizing +R9 model parameters by 2-BFGS,EM algorithm...
Site proportion and rates:  (0.0119049126,0.0582692743) (0.0620519833,0.2180316825) (0.0575098841,0.2962202605) (0.1061921208,0.3952235478) (0.1214698488,0.5361177156) (0.1194322749,0.7505193736) (0.1449053216,1.0126775557) (0.1897406439,1.3700805929) (0.1867930099,2.0772277030)
Optimizing +R9 model parameters by 2-BFGS,EM algorithm...
Site proportion and rates:  (0.0117715595,0.0582692743) (0.0619082096,0.2180316825) (0.0619591986,0.3009716726) (0.1031456948,0.4010437610) (0.1196147751,0.5404651495) (0.1191172069,0.7537476763) (0.1453723038,1.0180549449) (0.1905624399,1.3801557300) (0.1865486119,2.0942113215)
Optimizing +R9 model parameters by 2-BFGS,EM algorithm...
Site proportion and rates:  (0.0116877757,0.0582692743) (0.0609607669,0.2180316825) (0.0643264323,0.3027937802) (0.1029992341,0.4045149124) (0.1187073083,0.5441291571) (0.1188657274,0.7583176504) (0.1451909962,1.0239366135) (0.1907456044,1.3871601510) (0.1865161546,2.1079097634)
Optimizing +R9 model parameters by 2-BFGS,EM algorithm...
Site proportion and rates:  (0.0116403292,0.0584892989) (0.0596342544,0.2180316825) (0.0654784314,0.3030965741) (0.1033840494,0.4067828306) (0.1185863436,0.5478208444) (0.1188544580,0.7627550013) (0.1451089426,1.0296338816) (0.1907779426,1.3949060769) (0.1865352487,2.1199097496)
Optimizing +R9 model parameters by 2-BFGS,EM algorithm...
Site proportion and rates:  (0.0115963361,0.0587443653) (0.0582418208,0.2180316825) (0.0662151839,0.3030965741) (0.1040707703,0.4086233615) (0.1187348783,0.5506294372) (0.1189380135,0.7672155243) (0.1452735293,1.0364918671) (0.1906096723,1.4041023554) (0.1863197953,2.1317584319)
Optimizing +R9 model parameters by 2-BFGS,EM algorithm...
Site proportion and rates:  (0.0115543390,0.0590176797) (0.0568363430,0.2180316825) (0.0666502350,0.3030965741) (0.1044411520,0.4100286346) (0.1191496902,0.5531149992) (0.1190143489,0.7717215180) (0.1452619252,1.0418335710) (0.1906898460,1.4114406610) (0.1864021206,2.1443582419)
Optimizing +R9 model parameters by 2-BFGS,EM algorithm...
Site proportion and rates:  (0.0115155108,0.0592859110) (0.0556073282,0.2180316825) (0.0672796246,0.3033996707) (0.1049509448,0.4118541719) (0.1193246336,0.5562451955) (0.1190018002,0.7758067569) (0.1451510704,1.0474324727) (0.1906913498,1.4188930563) (0.1864777376,2.1561417871)
Optimizing +R9 model parameters by 2-BFGS,EM algorithm...
Site proportion and rates:  (0.0114794769,0.0595470347) (0.0545325629,0.2180316825) (0.0678919722,0.3040067737) (0.1053083627,0.4141083577) (0.1194712123,0.5592196263) (0.1190116575,0.7799798859) (0.1451577746,1.0530351639) (0.1906873007,1.4264378489) (0.1864596802,2.1676413933)
Optimizing +R9 model parameters by 2-BFGS,EM algorithm...
Site proportion and rates:  (0.0114403052,0.0598046479) (0.0534248884,0.2180316825) (0.0684601039,0.3043107806) (0.1055893598,0.4153740108) (0.1196667941,0.5616487688) (0.1191123061,0.7841528695) (0.1451662629,1.0586165788) (0.1906566161,1.4339829381) (0.1864833635,2.1790756568)
Optimizing +R9 model parameters by 2-BFGS,EM algorithm...
Site proportion and rates:  (0.0114067552,0.0600573248) (0.0524586139,0.2180316825) (0.0689627698,0.3049197066) (0.1058172135,0.4171421670) (0.1196893813,0.5641058654) (0.1191912006,0.7873333060) (0.1453816743,1.0640755500) (0.1906696792,1.4415956726) (0.1864227122,2.1902889468)
Optimizing +R9 model parameters by 2-BFGS,EM algorithm...
Site proportion and rates:  (0.0113694701,0.0603044137) (0.0515088004,0.2180316825) (0.0693334180,0.3052246264) (0.1060475200,0.4185031372) (0.1200789560,0.5667062699) (0.1192183856,0.7917549735) (0.1453442153,1.0692938900) (0.1905521157,1.4488411048) (0.1865471189,2.1991339557)
Optimizing +R9 model parameters by 2-BFGS,EM algorithm...
Site proportion and rates:  (0.0113378374,0.0605412575) (0.0507652547,0.2180316825) (0.0698620570,0.3061457491) (0.1061875725,0.4203438678) (0.1200954112,0.5691416919) (0.1192921410,0.7949354651) (0.1454284863,1.0745754919) (0.1905696669,1.4557327944) (0.1864615731,2.2115696291)
Optimizing +R9 model parameters by 2-BFGS,EM algorithm...
Site proportion and rates:  (0.0113028280,0.0607763106) (0.0498956345,0.2180316825) (0.0702133701,0.3064518950) (0.1064602717,0.4217506945) (0.1204006085,0.5717697690) (0.1193232611,0.7992513213) (0.1453759951,1.0795992274) (0.1905066750,1.4627156216) (0.1865213560,2.2201244374)
Optimizing +R9 model parameters by 2-BFGS,EM algorithm...
Site proportion and rates:  (0.0112718717,0.0610046929) (0.0492456598,0.2180316825) (0.0707524575,0.3073928765) (0.1067283240,0.4240302575) (0.1203378254,0.5747833309) (0.1192881908,0.8024531257) (0.1454099648,1.0847472206) (0.1904437669,1.4693715893) (0.1865219391,2.2300133783)
Optimizing +R9 model parameters by 2-BFGS,EM algorithm...
Site proportion and rates:  (0.0112422149,0.0612277143) (0.0485350093,0.2180316825) (0.0711545143,0.3080422739) (0.1069247979,0.4253068694) (0.1204207454,0.5771120371) (0.1191945670,0.8059774281) (0.1453671874,1.0886011620) (0.1906217709,1.4759946826) (0.1865391929,2.2399765426)
Optimizing +R9 model parameters by 2-BFGS,EM algorithm...
Site proportion and rates:  (0.0112203026,0.0613502311) (0.0481387962,0.2180316825) (0.0713697899,0.3083503163) (0.1069855321,0.4261867842) (0.1204022085,0.5783405658) (0.1191765446,0.8076691326) (0.1454586228,1.0912591003) (0.1907468506,1.4797834120) (0.1865013528,2.2469020724)
Optimizing +R9 model parameters by 2-BFGS,EM algorithm...
Site proportion and rates:  (0.0112000391,0.0614729931) (0.0478038412,0.2180316825) (0.0717348656,0.3089673255) (0.1069673555,0.4274788051) (0.1202768325,0.5796030303) (0.1191597514,0.8094623068) (0.1455333590,1.0939190314) (0.1907414276,1.4836138106) (0.1865825281,2.2518910825)
Optimizing +R9 model parameters by 2-BFGS,EM algorithm...
Site proportion and rates:  (0.0111820822,0.0615960008) (0.0474154182,0.2180316825) (0.0717630378,0.3092762929) (0.1069938689,0.4279208604) (0.1206530632,0.5808131368) (0.1194019956,0.8119343061) (0.1454797267,1.0976996268) (0.1906397575,1.4873848493) (0.1864710498,2.2585714898)
Optimizing +R9 model parameters by 2-BFGS,EM algorithm...
Site proportion and rates:  (0.0111633781,0.0617192546) (0.0470507042,0.2180316825) (0.0718780866,0.3095855693) (0.1070507516,0.4288301615) (0.1207121332,0.5819932314) (0.1193703243,0.8135589869) (0.1455092985,1.1000164589) (0.1906754461,1.4912783162) (0.1865898773,2.2634750102)
Optimizing +R9 model parameters by 2-BFGS,EM algorithm...
Site proportion and rates:  (0.0111455466,0.0618427550) (0.0467545419,0.2180316825) (0.0722604117,0.3102050502) (0.1072264527,0.4301179392) (0.1206514960,0.5837894244) (0.1192785303,0.8160313682) (0.1454519788,1.1025151293) (0.1907475529,1.4949032768) (0.1864834891,2.2700305529)
Optimizing +R9 model parameters by 2-BFGS,EM algorithm...
Site proportion and rates:  (0.0111282613,0.0619665026) (0.0463840231,0.2180316825) (0.0724554540,0.3105152554) (0.1074885821,0.4310249452) (0.1206350667,0.5855651960) (0.1191961042,0.8179407163) (0.1454633086,1.1051718297) (0.1907028396,1.4986971848) (0.1865463604,2.2747554102)
Optimizing +R9 model parameters by 2-BFGS,EM algorithm...
Site proportion and rates:  (0.0111117014,0.0620904977) (0.0460620806,0.2180316825) (0.0724193647,0.3108370477) (0.1073762280,0.4314559702) (0.1208798805,0.5861960380) (0.1193586853,0.8197050507) (0.1455149968,1.1077959425) (0.1906899467,1.5022705210) (0.1865871160,2.2800448930)
Optimizing +R9 model parameters by 2-BFGS,EM algorithm...
Site proportion and rates:  (0.0110953094,0.0622147410) (0.0458206538,0.2180316825) (0.0727787811,0.3114590328) (0.1075262989,0.4327775417) (0.1207736907,0.5879578665) (0.1192575856,0.8216402213) (0.1455242884,1.1103779481) (0.1906720418,1.5057862573) (0.1865513503,2.2853232587)
Optimizing +R9 model parameters by 2-BFGS,EM algorithm...
Site proportion and rates:  (0.0110800817,0.0623392329) (0.0455028612,0.2180316825) (0.0729303105,0.3117704920) (0.1076537104,0.4336435298) (0.1207883509,0.5892494119) (0.1192753679,0.8234017880) (0.1455635634,1.1129562635) (0.1906595608,1.5092424763) (0.1865461931,2.2905912610)
Optimizing +R9 model parameters by 2-BFGS,EM algorithm...
Site proportion and rates:  (0.0110601400,0.0624015723) (0.0452813895,0.2180316825) (0.0731371672,0.3124184663) (0.1076320870,0.4345112507) (0.1209405617,0.5904349012) (0.1195154153,0.8258744647) (0.1454574497,1.1165992621) (0.1904680966,1.5126851933) (0.1865076929,2.2957883001)
Optimizing +R9 model parameters by 2-BFGS,EM algorithm...
Site proportion and rates:  (0.0110435839,0.0625264380) (0.0449905378,0.2180316825) (0.0732665441,0.3127308849) (0.1076819608,0.4353807079) (0.1209677932,0.5916295398) (0.1193290429,0.8275410994) (0.1452915260,1.1178045120) (0.1907126108,1.5148468886) (0.1867164005,2.3010300602)
Optimizing +R9 model parameters by 2-BFGS,EM algorithm...
Site proportion and rates:  (0.0110322444,0.0626515536) (0.0447827610,0.2180316825) (0.0734695431,0.3133566596) (0.1078514285,0.4362748457) (0.1209640637,0.5934288580) (0.1193049836,0.8292807655) (0.1453881066,1.1205218439) (0.1906174678,1.5188681305) (0.1865894015,2.3056417875)
Optimizing +R9 model parameters by 2-BFGS,EM algorithm...
Site proportion and rates:  (0.0110158673,0.0627769196) (0.0445166596,0.2180316825) (0.0736639732,0.3136700163) (0.1079593360,0.4371544655) (0.1209133085,0.5946163093) (0.1193174404,0.8309664205) (0.1454737026,1.1229893723) (0.1906061980,1.5225309597) (0.1865335145,2.3106854976)
Optimal log-likelihood: -206999.5674141300
197  Q.yeast+F+R9  206999.567   1474 416947.135   4765247.135  423705.117
WARNING: Normalizing state frequencies so that sum of them equals to 1
Alignment state count time was 0.001 seconds.
Empirical state frequencies: 0.1066187927 0.0530326804 0.0442300243 0.0535491512 0.0072978305 0.0430792911 0.0502238040 0.0702257220 0.0145057697 0.0546817626 0.1001855597 0.0572641167 0.0258590668 0.0368408673 0.0440578674 0.0605849334 0.0662751733 0.0171243674 0.0298821026 0.0644811168 
Optimizing model Q.yeast+F+R10
1. Initial log-likelihood: -207021.3656445554 (took 0.6576384020 wall-clock sec)
Optimizing +R10 model parameters by 2-BFGS,EM algorithm...
Site proportion and rates:  (0.0097055232,0.0521448092) (0.0383549731,0.1793281711) (0.0748857975,0.2723134525) (0.1105455079,0.3853353071) (0.1238360922,0.5282604112) (0.1196468203,0.7407809005) (0.1445870948,1.0010671704) (0.1842953203,1.3489253765) (0.1145264651,1.8777089473) (0.0796164056,2.4561639040)
Optimizing +R10 model parameters by 2-BFGS,EM algorithm...
Site proportion and rates:  (0.0097428801,0.0522491512) (0.0384759677,0.1793281711) (0.0764612713,0.2731481520) (0.1094363524,0.3861532498) (0.1229067705,0.5282604112) (0.1197787421,0.7407809005) (0.1446290404,1.0010671704) (0.1856416894,1.3502743019) (0.1166772655,1.8844240498) (0.0762500206,2.4749751981)
Optimizing +R10 model parameters by 2-BFGS,EM algorithm...
Site proportion and rates:  (0.0097218683,0.0522491512) (0.0384529920,0.1793281711) (0.0767557148,0.2734213002) (0.1094962201,0.3869259426) (0.1224879874,0.5287886717) (0.1195680619,0.7407809005) (0.1445516480,1.0010671704) (0.1858629483,1.3502743019) (0.1181008457,1.8887207856) (0.0750017135,2.4803045651)
Optimal log-likelihood: -206988.8672005754
198  Q.yeast+F+R10 206988.867   1476 416929.734   4777033.734  423696.886
Optimizing model JTTDCMut+R9
1. Initial log-likelihood: -207854.746 (took 0.489 wall-clock sec)
Optimizing +R9 model parameters by 2-BFGS,EM algorithm...
Site proportion and rates:  (0.014,0.066) (0.056,0.218) (0.052,0.303) (0.108,0.413) (0.112,0.546) (0.123,0.724) (0.168,0.984) (0.151,1.301) (0.218,1.912)
Optimizing +R9 model parameters by 2-BFGS,EM algorithm...
Site proportion and rates:  (0.014,0.066) (0.056,0.218) (0.057,0.310) (0.108,0.422) (0.105,0.552) (0.122,0.725) (0.167,0.984) (0.151,1.301) (0.220,1.917)
Optimizing +R9 model parameters by 2-BFGS,EM algorithm...
Site proportion and rates:  (0.014,0.066) (0.056,0.218) (0.059,0.312) (0.110,0.426) (0.103,0.556) (0.121,0.727) (0.167,0.986) (0.151,1.303) (0.220,1.919)
Optimizing +R9 model parameters by 2-BFGS,EM algorithm...
Site proportion and rates:  (0.014,0.067) (0.056,0.218) (0.059,0.313) (0.111,0.427) (0.102,0.558) (0.121,0.729) (0.167,0.987) (0.151,1.305) (0.220,1.922)
Optimal log-likelihood: -207793.668
208  JTTDCMut+R9   207793.668   1455 418497.337   4655457.337  425168.208
Optimizing model JTTDCMut+R10
1. Initial log-likelihood: -207833.449 (took 0.516 wall-clock sec)
Optimizing +R10 model parameters by 2-BFGS,EM algorithm...
Site proportion and rates:  (0.012,0.061) (0.036,0.185) (0.066,0.275) (0.112,0.402) (0.114,0.535) (0.123,0.712) (0.165,0.966) (0.148,1.269) (0.156,1.767) (0.068,2.369)
Optimizing +R10 model parameters by 2-BFGS,EM algorithm...
Site proportion and rates:  (0.013,0.064) (0.042,0.194) (0.064,0.285) (0.112,0.407) (0.108,0.538) (0.123,0.710) (0.166,0.964) (0.148,1.268) (0.161,1.769) (0.064,2.393)
Optimizing +R10 model parameters by 2-BFGS,EM algorithm...
Site proportion and rates:  (0.013,0.064) (0.045,0.196) (0.064,0.289) (0.113,0.410) (0.106,0.540) (0.122,0.710) (0.166,0.964) (0.147,1.268) (0.162,1.769) (0.062,2.398)
Optimizing +R10 model parameters by 2-BFGS,EM algorithm...
Site proportion and rates:  (0.013,0.064) (0.046,0.196) (0.064,0.290) (0.113,0.411) (0.105,0.541) (0.122,0.710) (0.166,0.964) (0.147,1.268) (0.162,1.769) (0.062,2.398)
Optimal log-likelihood: -207782.751
209  JTTDCMut+R10  207782.751   1457 418479.502   4667091.502  425159.543
Alignment state count time was 0.001 seconds.
Empirical state frequencies: 0.1066187927 0.0530326804 0.0442300243 0.0535491512 0.0072978305 0.0430792911 0.0502238040 0.0702257220 0.0145057697 0.0546817626 0.1001855597 0.0572641167 0.0258590668 0.0368408673 0.0440578674 0.0605849334 0.0662751733 0.0171243674 0.0298821026 0.0644811168 
Optimizing model JTTDCMut+F+R9
1. Initial log-likelihood: -207607.0035097179 (took 0.3935251491 wall-clock sec)
Optimizing +R9 model parameters by 2-BFGS,EM algorithm...
Site proportion and rates:  (0.0141940519,0.0637940445) (0.0527478609,0.2180316825) (0.0563165345,0.2993654739) (0.1083680598,0.4140929374) (0.1075453412,0.5431667133) (0.1228583060,0.7293252966) (0.1632280503,0.9894780835) (0.1568623799,1.3200878674) (0.2178794156,1.9755821995)
Optimizing +R9 model parameters by 2-BFGS,EM algorithm...
Site proportion and rates:  (0.0141228206,0.0639560243) (0.0536212887,0.2180316825) (0.0604933492,0.3052473891) (0.1098549504,0.4221689924) (0.1008277830,0.5493139771) (0.1216452887,0.7307846768) (0.1623460502,0.9894780835) (0.1582570660,1.3200878674) (0.2188314032,1.9800933703)
Optimizing +R9 model parameters by 2-BFGS,EM algorithm...
Site proportion and rates:  (0.0140976559,0.0640199804) (0.0537674478,0.2180316825) (0.0620040550,0.3068447695) (0.1116232538,0.4255864552) (0.0984609882,0.5529391124) (0.1208852323,0.7323384801) (0.1622551925,0.9916410749) (0.1580493096,1.3228391715) (0.2188568647,1.9820734638)
Optimizing +R9 model parameters by 2-BFGS,EM algorithm...
Site proportion and rates:  (0.0140865227,0.0641480846) (0.0535897943,0.2180316825) (0.0624181320,0.3074809641) (0.1122985276,0.4264850447) (0.0978283641,0.5546223600) (0.1206855035,0.7338816444) (0.1624841608,0.9936327367) (0.1579387033,1.3254861729) (0.2186702916,1.9867105310)
Optimal log-likelihood: -207557.3172543200
219  JTTDCMut+F+R9 207557.317   1474 418062.635   4766362.635  424820.617
Alignment state count time was 0.001 seconds.
Empirical state frequencies: 0.1066187927 0.0530326804 0.0442300243 0.0535491512 0.0072978305 0.0430792911 0.0502238040 0.0702257220 0.0145057697 0.0546817626 0.1001855597 0.0572641167 0.0258590668 0.0368408673 0.0440578674 0.0605849334 0.0662751733 0.0171243674 0.0298821026 0.0644811168 
Optimizing model JTTDCMut+F+R10
1. Initial log-likelihood: -207592.7399770052 (took 0.4431161780 wall-clock sec)
Optimizing +R10 model parameters by 2-BFGS,EM algorithm...
Site proportion and rates:  (0.0130764543,0.0614913253) (0.0310158902,0.1831114645) (0.0727728450,0.2723361745) (0.1132931527,0.4021931376) (0.1084927231,0.5322261733) (0.1228200150,0.7157902800) (0.1614607776,0.9690058557) (0.1542523991,1.2878008430) (0.1433350125,1.8063728754) (0.0794807305,2.3434352185)
Optimizing +R10 model parameters by 2-BFGS,EM algorithm...
Site proportion and rates:  (0.0131642415,0.0615528167) (0.0337523632,0.1860691612) (0.0726973817,0.2759218702) (0.1144633468,0.4057040409) (0.1043735615,0.5349207079) (0.1225395762,0.7150744896) (0.1617444226,0.9690058557) (0.1540189164,1.2865130421) (0.1456087943,1.8063728754) (0.0776373960,2.3484550414)
Optimizing +R10 model parameters by 2-BFGS,EM algorithm...
Site proportion and rates:  (0.0132039791,0.0616143696) (0.0349712798,0.1873755600) (0.0722903477,0.2774640492) (0.1149165620,0.4065158549) (0.1033321721,0.5354556287) (0.1221037991,0.7150744896) (0.1616697769,0.9680368497) (0.1544203239,1.2865130421) (0.1462852301,1.8081792483) (0.0768065292,2.3508443954)
Optimal log-likelihood: -207547.6102029595
220  JTTDCMut+F+R10 207547.610   1476 418047.220   4778151.220  424814.373
Optimizing model DCMut+R9
1. Initial log-likelihood: -209724.815 (took 0.409 wall-clock sec)
Optimizing +R9 model parameters by 2-BFGS,EM algorithm...
Site proportion and rates:  (0.014,0.066) (0.064,0.218) (0.028,0.305) (0.101,0.408) (0.127,0.533) (0.146,0.719) (0.175,0.994) (0.128,1.322) (0.218,1.941)
Optimizing +R9 model parameters by 2-BFGS,EM algorithm...
Site proportion and rates:  (0.014,0.066) (0.062,0.218) (0.029,0.309) (0.087,0.408) (0.127,0.527) (0.153,0.720) (0.174,1.004) (0.124,1.323) (0.230,1.966)
Optimizing +R9 model parameters by 2-BFGS,EM algorithm...
Site proportion and rates:  (0.013,0.066) (0.061,0.218) (0.028,0.309) (0.082,0.408) (0.130,0.528) (0.156,0.727) (0.175,1.016) (0.124,1.340) (0.231,1.992)
Optimizing +R9 model parameters by 2-BFGS,EM algorithm...
Site proportion and rates:  (0.013,0.066) (0.060,0.218) (0.028,0.310) (0.079,0.409) (0.133,0.531) (0.157,0.734) (0.175,1.028) (0.124,1.356) (0.231,2.017)
Optimizing +R9 model parameters by 2-BFGS,EM algorithm...
Site proportion and rates:  (0.012,0.066) (0.060,0.218) (0.028,0.311) (0.079,0.412) (0.134,0.536) (0.157,0.742) (0.175,1.038) (0.125,1.370) (0.231,2.039)
Optimizing +R9 model parameters by 2-BFGS,EM algorithm...
Site proportion and rates:  (0.012,0.066) (0.059,0.218) (0.028,0.312) (0.079,0.415) (0.134,0.542) (0.157,0.749) (0.175,1.048) (0.125,1.383) (0.231,2.058)
Optimizing +R9 model parameters by 2-BFGS,EM algorithm...
Site proportion and rates:  (0.012,0.066) (0.059,0.218) (0.028,0.314) (0.079,0.419) (0.134,0.546) (0.157,0.755) (0.175,1.058) (0.125,1.396) (0.231,2.076)
Optimizing +R9 model parameters by 2-BFGS,EM algorithm...
Site proportion and rates:  (0.011,0.066) (0.059,0.218) (0.029,0.314) (0.079,0.422) (0.134,0.551) (0.157,0.762) (0.175,1.067) (0.125,1.407) (0.231,2.094)
Optimizing +R9 model parameters by 2-BFGS,EM algorithm...
Site proportion and rates:  (0.011,0.066) (0.058,0.218) (0.029,0.315) (0.080,0.425) (0.134,0.554) (0.157,0.767) (0.175,1.074) (0.124,1.416) (0.231,2.108)
Optimizing +R9 model parameters by 2-BFGS,EM algorithm...
Site proportion and rates:  (0.011,0.066) (0.058,0.218) (0.029,0.316) (0.080,0.427) (0.134,0.558) (0.157,0.772) (0.175,1.081) (0.125,1.425) (0.231,2.121)
Optimizing +R9 model parameters by 2-BFGS,EM algorithm...
Site proportion and rates:  (0.011,0.066) (0.058,0.218) (0.030,0.316) (0.080,0.430) (0.134,0.561) (0.157,0.776) (0.175,1.086) (0.125,1.434) (0.231,2.134)
Optimizing +R9 model parameters by 2-BFGS,EM algorithm...
Site proportion and rates:  (0.011,0.066) (0.057,0.218) (0.030,0.316) (0.080,0.431) (0.134,0.564) (0.157,0.780) (0.176,1.092) (0.125,1.442) (0.231,2.145)
Optimizing +R9 model parameters by 2-BFGS,EM algorithm...
Site proportion and rates:  (0.010,0.066) (0.057,0.218) (0.030,0.316) (0.080,0.433) (0.135,0.566) (0.157,0.784) (0.176,1.098) (0.125,1.449) (0.231,2.156)
Optimizing +R9 model parameters by 2-BFGS,EM algorithm...
Site proportion and rates:  (0.010,0.066) (0.056,0.218) (0.030,0.316) (0.081,0.434) (0.135,0.569) (0.157,0.787) (0.176,1.103) (0.125,1.457) (0.230,2.167)
Optimizing +R9 model parameters by 2-BFGS,EM algorithm...
Site proportion and rates:  (0.010,0.066) (0.056,0.218) (0.031,0.316) (0.081,0.436) (0.135,0.572) (0.157,0.791) (0.176,1.109) (0.124,1.464) (0.230,2.177)
Optimizing +R9 model parameters by 2-BFGS,EM algorithm...
Site proportion and rates:  (0.010,0.066) (0.055,0.218) (0.031,0.316) (0.081,0.438) (0.135,0.574) (0.157,0.795) (0.176,1.113) (0.125,1.469) (0.231,2.187)
Optimizing +R9 model parameters by 2-BFGS,EM algorithm...
Site proportion and rates:  (0.010,0.066) (0.055,0.218) (0.031,0.315) (0.081,0.439) (0.135,0.575) (0.157,0.796) (0.175,1.116) (0.125,1.472) (0.231,2.191)
Optimizing +R9 model parameters by 2-BFGS,EM algorithm...
Site proportion and rates:  (0.010,0.066) (0.054,0.218) (0.031,0.315) (0.081,0.440) (0.135,0.577) (0.157,0.798) (0.175,1.118) (0.125,1.475) (0.231,2.196)
Optimizing +R9 model parameters by 2-BFGS,EM algorithm...
Site proportion and rates:  (0.010,0.066) (0.054,0.218) (0.032,0.315) (0.082,0.440) (0.135,0.578) (0.157,0.801) (0.176,1.122) (0.124,1.481) (0.230,2.203)
Optimizing +R9 model parameters by 2-BFGS,EM algorithm...
Site proportion and rates:  (0.010,0.066) (0.053,0.218) (0.032,0.315) (0.082,0.441) (0.135,0.580) (0.157,0.802) (0.176,1.124) (0.124,1.483) (0.231,2.207)
Optimizing +R9 model parameters by 2-BFGS,EM algorithm...
Site proportion and rates:  (0.010,0.066) (0.053,0.218) (0.032,0.315) (0.082,0.442) (0.135,0.581) (0.157,0.804) (0.176,1.127) (0.124,1.486) (0.231,2.212)
Optimizing +R9 model parameters by 2-BFGS,EM algorithm...
Site proportion and rates:  (0.010,0.066) (0.053,0.218) (0.032,0.314) (0.081,0.443) (0.135,0.582) (0.157,0.806) (0.175,1.129) (0.124,1.489) (0.231,2.216)
Optimizing +R9 model parameters by 2-BFGS,EM algorithm...
Site proportion and rates:  (0.010,0.066) (0.052,0.218) (0.033,0.314) (0.082,0.444) (0.135,0.583) (0.157,0.808) (0.176,1.132) (0.124,1.492) (0.231,2.221)
Optimizing +R9 model parameters by 2-BFGS,EM algorithm...
Site proportion and rates:  (0.010,0.066) (0.052,0.218) (0.033,0.314) (0.082,0.445) (0.135,0.584) (0.157,0.809) (0.176,1.134) (0.124,1.496) (0.231,2.226)
Optimizing +R9 model parameters by 2-BFGS,EM algorithm...
Site proportion and rates:  (0.010,0.066) (0.052,0.218) (0.033,0.314) (0.082,0.445) (0.136,0.586) (0.157,0.811) (0.176,1.136) (0.124,1.499) (0.231,2.230)
Optimal log-likelihood: -209630.655
230  DCMut+R9      209630.655   1455 422171.310   4659131.310  428842.181
Optimizing model DCMut+R10
1. Initial log-likelihood: -209685.290 (took 0.632 wall-clock sec)
Optimizing +R10 model parameters by 2-BFGS,EM algorithm...
Site proportion and rates:  (0.009,0.050) (0.047,0.179) (0.040,0.262) (0.102,0.391) (0.131,0.519) (0.147,0.704) (0.167,0.968) (0.113,1.242) (0.166,1.735) (0.079,2.515)
Optimizing +R10 model parameters by 2-BFGS,EM algorithm...
Site proportion and rates:  (0.009,0.050) (0.045,0.179) (0.039,0.260) (0.091,0.386) (0.132,0.509) (0.153,0.699) (0.169,0.970) (0.113,1.243) (0.171,1.747) (0.078,2.544)
Optimizing +R10 model parameters by 2-BFGS,EM algorithm...
Site proportion and rates:  (0.009,0.050) (0.045,0.179) (0.039,0.259) (0.086,0.383) (0.134,0.505) (0.155,0.697) (0.169,0.970) (0.113,1.244) (0.172,1.752) (0.077,2.554)
Optimizing +R10 model parameters by 2-BFGS,EM algorithm...
Site proportion and rates:  (0.009,0.050) (0.045,0.179) (0.039,0.259) (0.085,0.383) (0.135,0.505) (0.156,0.697) (0.169,0.971) (0.114,1.247) (0.172,1.755) (0.077,2.557)
Optimal log-likelihood: -209608.778
231  DCMut+R10     209608.778   1457 422131.556   4670743.556  428811.598
Alignment state count time was 0.001 seconds.
Empirical state frequencies: 0.1066187927 0.0530326804 0.0442300243 0.0535491512 0.0072978305 0.0430792911 0.0502238040 0.0702257220 0.0145057697 0.0546817626 0.1001855597 0.0572641167 0.0258590668 0.0368408673 0.0440578674 0.0605849334 0.0662751733 0.0171243674 0.0298821026 0.0644811168 
Optimizing model DCMut+F+R9
1. Initial log-likelihood: -209162.5381161584 (took 0.6306747730 wall-clock sec)
Optimizing +R9 model parameters by 2-BFGS,EM algorithm...
Site proportion and rates:  (0.0127145110,0.0625598894) (0.0631553872,0.2180316825) (0.0364763267,0.3113589596) (0.1090767081,0.4139239117) (0.1247648965,0.5469432095) (0.1350029758,0.7432637573) (0.1749492266,1.0228745973) (0.1284746648,1.3795918086) (0.2153853032,2.0185953246)
Optimizing +R9 model parameters by 2-BFGS,EM algorithm...
Site proportion and rates:  (0.0125118381,0.0627385039) (0.0628305865,0.2180316825) (0.0444755341,0.3213264861) (0.1095303620,0.4276011184) (0.1187463874,0.5595476534) (0.1334636086,0.7533555686) (0.1776302984,1.0360682860) (0.1252895212,1.3998020343) (0.2155218639,2.0417536066)
Optimizing +R9 model parameters by 2-BFGS,EM algorithm...
Site proportion and rates:  (0.0123643228,0.0630839689) (0.0624290185,0.2180316825) (0.0503374226,0.3282288049) (0.1125508662,0.4395471902) (0.1143146003,0.5733725132) (0.1310933553,0.7648455164) (0.1773518786,1.0482198131) (0.1247536438,1.4149720029) (0.2148048920,2.0629250650)
Optimizing +R9 model parameters by 2-BFGS,EM algorithm...
Site proportion and rates:  (0.0122207472,0.0633567301) (0.0620822467,0.2180316825) (0.0546929533,0.3336246459) (0.1160553355,0.4497682952) (0.1110374689,0.5866681362) (0.1285634430,0.7760655672) (0.1766332892,1.0587952618) (0.1243275952,1.4301473221) (0.2143869209,2.0824659128)
Optimizing +R9 model parameters by 2-BFGS,EM algorithm...
Site proportion and rates:  (0.0121066190,0.0634835071) (0.0619124086,0.2180316825) (0.0582500979,0.3379120240) (0.1196547978,0.4582661903) (0.1086835719,0.5988962746) (0.1257544079,0.7859632151) (0.1758505337,1.0677870052) (0.1240675385,1.4416572255) (0.2137200247,2.0954669685)
Optimizing +R9 model parameters by 2-BFGS,EM algorithm...
Site proportion and rates:  (0.0119943868,0.0636105378) (0.0617371284,0.2180316825) (0.0609502334,0.3414575147) (0.1227886510,0.4654232652) (0.1074004920,0.6100585195) (0.1231211694,0.7954979964) (0.1750798830,1.0763652686) (0.1236370678,1.4522100142) (0.2132909882,2.1090848320)
Optimizing +R9 model parameters by 2-BFGS,EM algorithm...
Site proportion and rates:  (0.0118769168,0.0636741484) (0.0615551193,0.2180316825) (0.0629885147,0.3440770080) (0.1255374490,0.4715058768) (0.1070176766,0.6203312827) (0.1204534545,0.8047044429) (0.1742427634,1.0849497160) (0.1232130942,1.4611371150) (0.2131150114,2.1223585662)
Optimizing +R9 model parameters by 2-BFGS,EM algorithm...
Site proportion and rates:  (0.0117495150,0.0636741484) (0.0613739375,0.2180316825) (0.0645617174,0.3468054513) (0.1279391734,0.4767890221) (0.1074206269,0.6298927525) (0.1179574113,0.8140340698) (0.1734479266,1.0929869701) (0.1228228744,1.4710362982) (0.2127268176,2.1347140865)
Optimizing +R9 model parameters by 2-BFGS,EM algorithm...
Site proportion and rates:  (0.0116244597,0.0636741484) (0.0612231956,0.2180316825) (0.0658943392,0.3490586513) (0.1300773146,0.4811718070) (0.1083476297,0.6389417365) (0.1154726210,0.8234087462) (0.1725036440,1.0996985098) (0.1224363052,1.4791231852) (0.2124204910,2.1442071738)
Optimizing +R9 model parameters by 2-BFGS,EM algorithm...
Site proportion and rates:  (0.0115597111,0.0636741484) (0.0612223080,0.2180316825) (0.0672495843,0.3508557595) (0.1322049619,0.4850210142) (0.1100228832,0.6472616098) (0.1124920083,0.8322273728) (0.1713827507,1.1063455765) (0.1220049266,1.4864411089) (0.2118608661,2.1510847756)
Optimizing +R9 model parameters by 2-BFGS,EM algorithm...
Site proportion and rates:  (0.0114903680,0.0636741484) (0.0611780470,0.2180316825) (0.0683079076,0.3523240244) (0.1340521024,0.4884007142) (0.1119156872,0.6547677283) (0.1099282789,0.8410273437) (0.1701908200,1.1111337817) (0.1214930123,1.4916184043) (0.2114437765,2.1579806216)
Optimizing +R9 model parameters by 2-BFGS,EM algorithm...
Site proportion and rates:  (0.0114204230,0.0636741484) (0.0611395406,0.2180316825) (0.0691910796,0.3534124343) (0.1354927317,0.4915797314) (0.1135317917,0.6611074163) (0.1078352868,0.8487464538) (0.1691360063,1.1162222899) (0.1211086152,1.4970233807) (0.2111445250,2.1641382082)
Optimizing +R9 model parameters by 2-BFGS,EM algorithm...
Site proportion and rates:  (0.0113495807,0.0636741484) (0.0610891190,0.2180316825) (0.0698600909,0.3545700282) (0.1363101006,0.4935712633) (0.1144057954,0.6648998566) (0.1065552162,0.8538720661) (0.1685818862,1.1201208700) (0.1209334840,1.5024346268) (0.2109147268,2.1702118065)
Optimizing +R9 model parameters by 2-BFGS,EM algorithm...
Site proportion and rates:  (0.0112800752,0.0636741484) (0.0610435977,0.2180316825) (0.0701358570,0.3556634517) (0.1367932731,0.4951067174) (0.1152031342,0.6685258562) (0.1059143635,0.8577614650) (0.1681464796,1.1240894349) (0.1207945239,1.5073582044) (0.2106886958,2.1762072835)
Optimizing +R9 model parameters by 2-BFGS,EM algorithm...
Site proportion and rates:  (0.0112083023,0.0636741484) (0.0609675148,0.2180316825) (0.0703702616,0.3563761938) (0.1373649618,0.4967861386) (0.1157267753,0.6712800975) (0.1051522247,0.8613518680) (0.1675167690,1.1267125220) (0.1206069876,1.5091231765) (0.2110862029,2.1799288782)
Optimizing +R9 model parameters by 2-BFGS,EM algorithm...
Site proportion and rates:  (0.0111380060,0.0636741484) (0.0609078591,0.2180316825) (0.0705184610,0.3570969178) (0.1373410944,0.4978704942) (0.1160719958,0.6726687364) (0.1052004559,0.8639805347) (0.1675546565,1.1305282807) (0.1205391360,1.5147090321) (0.2107283352,2.1861488093)
Optimizing +R9 model parameters by 2-BFGS,EM algorithm...
Site proportion and rates:  (0.0110683941,0.0636741484) (0.0608065139,0.2180316825) (0.0704694853,0.3574540148) (0.1376794479,0.4989359040) (0.1162994141,0.6746887616) (0.1049794698,0.8666599390) (0.1674457956,1.1329272081) (0.1204194669,1.5180717857) (0.2108320124,2.1899128896)
Optimizing +R9 model parameters by 2-BFGS,EM algorithm...
Site proportion and rates:  (0.0110013998,0.0636741484) (0.0607671478,0.2180316825) (0.0705428799,0.3581692805) (0.1376448547,0.4999342750) (0.1164006273,0.6760388140) (0.1050104277,0.8684495235) (0.1675011457,1.1354928109) (0.1204651521,1.5213492972) (0.2106663650,2.1964861009)
Optimal log-likelihood: -209090.6440459113
241  DCMut+F+R9    209090.644   1474 421129.288   4769429.288  427887.271
Alignment state count time was 0.001 seconds.
Empirical state frequencies: 0.1066187927 0.0530326804 0.0442300243 0.0535491512 0.0072978305 0.0430792911 0.0502238040 0.0702257220 0.0145057697 0.0546817626 0.1001855597 0.0572641167 0.0258590668 0.0368408673 0.0440578674 0.0605849334 0.0662751733 0.0171243674 0.0298821026 0.0644811168 
Optimizing model DCMut+F+R10
1. Initial log-likelihood: -209136.1753412409 (took 0.5841326760 wall-clock sec)
Optimizing +R10 model parameters by 2-BFGS,EM algorithm...
Site proportion and rates:  (0.0089020331,0.0494000334) (0.0447345137,0.1793281711) (0.0470981209,0.2687308098) (0.1141175655,0.3981214353) (0.1281626359,0.5338028579) (0.1341732607,0.7277940020) (0.1632717411,0.9935302326) (0.1166270353,1.2790277107) (0.1651207215,1.7959502105) (0.0777923724,2.5819769121)
Optimizing +R10 model parameters by 2-BFGS,EM algorithm...
Site proportion and rates:  (0.0088790256,0.0494000334) (0.0454357716,0.1793281711) (0.0480139743,0.2712789625) (0.1165053006,0.4010869711) (0.1247773142,0.5371294581) (0.1331704217,0.7277940020) (0.1655900734,0.9945237629) (0.1128332382,1.2816232225) (0.1704849054,1.7999108930) (0.0743099749,2.6093429987)
Optimizing +R10 model parameters by 2-BFGS,EM algorithm...
Site proportion and rates:  (0.0088725526,0.0494000334) (0.0455319659,0.1793281711) (0.0485148314,0.2718217919) (0.1181870434,0.4027357425) (0.1236138325,0.5392970321) (0.1323192747,0.7292503180) (0.1654807065,0.9955182868) (0.1124834884,1.2829048458) (0.1713066968,1.8017108040) (0.0736896077,2.6119523418)
Optimal log-likelihood: -209072.1798963772
242  DCMut+F+R10   209072.180   1476 421096.360   4781200.360  427863.512
Optimizing model VT+R9
1. Initial log-likelihood: -206997.468 (took 0.537 wall-clock sec)
Optimizing +R9 model parameters by 2-BFGS,EM algorithm...
Site proportion and rates:  (0.015,0.066) (0.052,0.218) (0.055,0.285) (0.121,0.400) (0.123,0.543) (0.140,0.731) (0.188,0.974) (0.136,1.301) (0.171,1.769)
Optimizing +R9 model parameters by 2-BFGS,EM algorithm...
Site proportion and rates:  (0.015,0.068) (0.048,0.218) (0.058,0.288) (0.116,0.406) (0.116,0.541) (0.128,0.717) (0.173,0.945) (0.134,1.214) (0.213,1.743)
Optimizing +R9 model parameters by 2-BFGS,EM algorithm...
Site proportion and rates:  (0.014,0.068) (0.046,0.218) (0.059,0.290) (0.113,0.408) (0.110,0.538) (0.123,0.706) (0.170,0.933) (0.147,1.208) (0.216,1.755)
Optimizing +R9 model parameters by 2-BFGS,EM algorithm...
Site proportion and rates:  (0.014,0.068) (0.046,0.218) (0.059,0.290) (0.112,0.408) (0.109,0.537) (0.122,0.704) (0.170,0.932) (0.150,1.208) (0.217,1.758)
Optimizing +R9 model parameters by 2-BFGS,EM algorithm...
Site proportion and rates:  (0.014,0.068) (0.045,0.218) (0.060,0.290) (0.112,0.408) (0.108,0.537) (0.122,0.703) (0.171,0.932) (0.151,1.210) (0.217,1.761)
Optimal log-likelihood: -206924.857
252  VT+R9         206924.857   1455 416759.713   4653719.713  423430.585
Optimizing model VT+R10
1. Initial log-likelihood: -206982.979 (took 0.538 wall-clock sec)
Optimizing +R10 model parameters by 2-BFGS,EM algorithm...
Site proportion and rates:  (0.010,0.052) (0.034,0.179) (0.073,0.270) (0.119,0.398) (0.119,0.535) (0.130,0.713) (0.167,0.935) (0.131,1.191) (0.160,1.630) (0.057,2.182)
Optimizing +R10 model parameters by 2-BFGS,EM algorithm...
Site proportion and rates:  (0.010,0.052) (0.033,0.179) (0.074,0.272) (0.116,0.400) (0.112,0.530) (0.123,0.696) (0.169,0.919) (0.145,1.185) (0.162,1.640) (0.057,2.196)
Optimizing +R10 model parameters by 2-BFGS,EM algorithm...
Site proportion and rates:  (0.010,0.052) (0.033,0.179) (0.074,0.272) (0.115,0.400) (0.109,0.528) (0.123,0.692) (0.170,0.916) (0.148,1.185) (0.163,1.642) (0.056,2.201)
Optimal log-likelihood: -206913.975
253  VT+R10        206913.975   1457 416741.951   4665353.951  423421.992
Alignment state count time was 0.001 seconds.
Empirical state frequencies: 0.1066187927 0.0530326804 0.0442300243 0.0535491512 0.0072978305 0.0430792911 0.0502238040 0.0702257220 0.0145057697 0.0546817626 0.1001855597 0.0572641167 0.0258590668 0.0368408673 0.0440578674 0.0605849334 0.0662751733 0.0171243674 0.0298821026 0.0644811168 
Optimizing model VT+F+R9
1. Initial log-likelihood: -206858.4543724032 (took 0.5781066191 wall-clock sec)
Optimizing +R9 model parameters by 2-BFGS,EM algorithm...
Site proportion and rates:  (0.0147643363,0.0650038571) (0.0497209291,0.2180316825) (0.0594242936,0.2855753954) (0.1196327237,0.4022473557) (0.1195542515,0.5397454384) (0.1393977059,0.7294974228) (0.1773499216,0.9659925791) (0.1291078958,1.2614707681) (0.1910479425,1.7576809971)
Optimizing +R9 model parameters by 2-BFGS,EM algorithm...
Site proportion and rates:  (0.0145895385,0.0663086353) (0.0456925003,0.2180316825) (0.0628131483,0.2893704546) (0.1145770910,0.4081994881) (0.1128953985,0.5386664871) (0.1278795350,0.7167730060) (0.1703364926,0.9445378987) (0.1356072476,1.2195225879) (0.2156090481,1.7645721974)
Optimizing +R9 model parameters by 2-BFGS,EM algorithm...
Site proportion and rates:  (0.0145334834,0.0665712703) (0.0448716819,0.2180316825) (0.0634113225,0.2900089960) (0.1133852792,0.4092539744) (0.1104499254,0.5381278205) (0.1248278730,0.7129985760) (0.1693576321,0.9398246446) (0.1424599782,1.2183030652) (0.2167028241,1.7731754457)
Optimizing +R9 model parameters by 2-BFGS,EM algorithm...
Site proportion and rates:  (0.0145062903,0.0666378417) (0.0445488025,0.2180316825) (0.0635985813,0.2902990051) (0.1129666261,0.4097548536) (0.1101756516,0.5381278205) (0.1243714159,0.7129985760) (0.1688359437,0.9398246446) (0.1440871091,1.2183030652) (0.2169095794,1.7769263482)
Optimal log-likelihood: -206788.9718210048
263  VT+F+R9       206788.972   1474 416525.944   4764825.944  423283.926
Alignment state count time was 0.001 seconds.
Empirical state frequencies: 0.1066187927 0.0530326804 0.0442300243 0.0535491512 0.0072978305 0.0430792911 0.0502238040 0.0702257220 0.0145057697 0.0546817626 0.1001855597 0.0572641167 0.0258590668 0.0368408673 0.0440578674 0.0605849334 0.0662751733 0.0171243674 0.0298821026 0.0644811168 
Optimizing model VT+F+R10
1. Initial log-likelihood: -206842.0291403701 (took 0.5245361900 wall-clock sec)
Optimizing +R10 model parameters by 2-BFGS,EM algorithm...
Site proportion and rates:  (0.0093498508,0.0506477506) (0.0332467297,0.1793281711) (0.0769159366,0.2739483023) (0.1162578370,0.4015509176) (0.1165979786,0.5340366044) (0.1305393720,0.7155698016) (0.1667025855,0.9408851701) (0.1312927352,1.2064904610) (0.1564702204,1.6539849633) (0.0626267544,2.1795298318)
Optimizing +R10 model parameters by 2-BFGS,EM algorithm...
Site proportion and rates:  (0.0093037332,0.0508152353) (0.0329281932,0.1793281711) (0.0774980120,0.2754591492) (0.1152148633,0.4037735297) (0.1117596965,0.5329690650) (0.1252571305,0.7068169072) (0.1682890092,0.9319062624) (0.1401618716,1.2028746076) (0.1565643102,1.6598056833) (0.0630231803,2.1849161337)
Optimizing +R10 model parameters by 2-BFGS,EM algorithm...
Site proportion and rates:  (0.0092961251,0.0508152353) (0.0328353529,0.1793281711) (0.0774599592,0.2754591492) (0.1149037062,0.4037735297) (0.1112062783,0.5324360959) (0.1248306733,0.7061100902) (0.1684133403,0.9309743560) (0.1415653750,1.2028746076) (0.1565254518,1.6614654891) (0.0629637377,2.1871010500)
Optimal log-likelihood: -206777.6126657221
264  VT+F+R10      206777.613   1476 416507.225   4776611.225  423274.377
Optimizing model PMB+R9
1. Initial log-likelihood: -208831.474 (took 0.655 wall-clock sec)
Optimizing +R9 model parameters by 2-BFGS,EM algorithm...
Site proportion and rates:  (0.016,0.065) (0.060,0.218) (0.065,0.289) (0.122,0.390) (0.133,0.556) (0.151,0.770) (0.173,0.991) (0.138,1.318) (0.142,1.783)
Optimizing +R9 model parameters by 2-BFGS,EM algorithm...
Site proportion and rates:  (0.016,0.065) (0.059,0.218) (0.069,0.292) (0.121,0.395) (0.132,0.560) (0.146,0.772) (0.168,0.983) (0.131,1.287) (0.158,1.753)
Optimizing +R9 model parameters by 2-BFGS,EM algorithm...
Site proportion and rates:  (0.016,0.065) (0.059,0.218) (0.070,0.293) (0.120,0.397) (0.131,0.560) (0.142,0.769) (0.165,0.974) (0.129,1.265) (0.168,1.737)
Optimizing +R9 model parameters by 2-BFGS,EM algorithm...
Site proportion and rates:  (0.016,0.065) (0.058,0.218) (0.071,0.293) (0.120,0.397) (0.128,0.559) (0.138,0.762) (0.165,0.964) (0.131,1.252) (0.174,1.730)
Optimizing +R9 model parameters by 2-BFGS,EM algorithm...
Site proportion and rates:  (0.016,0.065) (0.058,0.218) (0.071,0.293) (0.119,0.397) (0.125,0.555) (0.135,0.754) (0.166,0.955) (0.134,1.240) (0.178,1.727)
Optimizing +R9 model parameters by 2-BFGS,EM algorithm...
Site proportion and rates:  (0.015,0.066) (0.056,0.218) (0.070,0.292) (0.118,0.397) (0.119,0.550) (0.131,0.743) (0.169,0.945) (0.138,1.230) (0.182,1.726)
Optimizing +R9 model parameters by 2-BFGS,EM algorithm...
Site proportion and rates:  (0.015,0.066) (0.054,0.218) (0.070,0.291) (0.118,0.396) (0.115,0.545) (0.125,0.733) (0.173,0.935) (0.143,1.223) (0.186,1.728)
Optimizing +R9 model parameters by 2-BFGS,EM algorithm...
Site proportion and rates:  (0.015,0.066) (0.052,0.218) (0.070,0.290) (0.117,0.396) (0.113,0.543) (0.120,0.726) (0.177,0.929) (0.146,1.220) (0.189,1.730)
Optimizing +R9 model parameters by 2-BFGS,EM algorithm...
Site proportion and rates:  (0.015,0.066) (0.052,0.218) (0.070,0.290) (0.118,0.396) (0.112,0.543) (0.118,0.724) (0.179,0.927) (0.147,1.220) (0.190,1.730)
Optimal log-likelihood: -208727.301
274  PMB+R9        208727.301   1455 420364.602   4657324.602  427035.474
Optimizing model PMB+R10
1. Initial log-likelihood: -208819.319 (took 0.597 wall-clock sec)
Optimizing +R10 model parameters by 2-BFGS,EM algorithm...
Site proportion and rates:  (0.010,0.050) (0.033,0.179) (0.085,0.265) (0.127,0.382) (0.123,0.541) (0.140,0.740) (0.170,0.948) (0.128,1.224) (0.137,1.620) (0.046,2.108)
Optimizing +R10 model parameters by 2-BFGS,EM algorithm...
Site proportion and rates:  (0.010,0.051) (0.031,0.179) (0.085,0.267) (0.126,0.386) (0.117,0.539) (0.125,0.725) (0.169,0.924) (0.129,1.183) (0.145,1.574) (0.063,2.054)
Optimizing +R10 model parameters by 2-BFGS,EM algorithm...
Site proportion and rates:  (0.010,0.052) (0.030,0.179) (0.084,0.269) (0.125,0.387) (0.113,0.538) (0.113,0.715) (0.174,0.912) (0.130,1.168) (0.143,1.551) (0.077,2.016)
Optimizing +R10 model parameters by 2-BFGS,EM algorithm...
Site proportion and rates:  (0.010,0.052) (0.030,0.179) (0.084,0.269) (0.124,0.388) (0.111,0.537) (0.108,0.709) (0.176,0.907) (0.131,1.161) (0.139,1.537) (0.086,1.990)
Optimizing +R10 model parameters by 2-BFGS,EM algorithm...
Site proportion and rates:  (0.010,0.052) (0.030,0.179) (0.084,0.269) (0.124,0.388) (0.111,0.537) (0.106,0.707) (0.177,0.906) (0.132,1.160) (0.135,1.531) (0.091,1.975)
Optimizing +R10 model parameters by 2-BFGS,EM algorithm...
Site proportion and rates:  (0.010,0.052) (0.030,0.179) (0.084,0.269) (0.124,0.389) (0.110,0.537) (0.105,0.707) (0.177,0.906) (0.132,1.160) (0.132,1.527) (0.094,1.967)
Optimal log-likelihood: -208714.515
275  PMB+R10       208714.515   1457 420343.029   4668955.029  427023.070
Alignment state count time was 0.001 seconds.
Empirical state frequencies: 0.1066187927 0.0530326804 0.0442300243 0.0535491512 0.0072978305 0.0430792911 0.0502238040 0.0702257220 0.0145057697 0.0546817626 0.1001855597 0.0572641167 0.0258590668 0.0368408673 0.0440578674 0.0605849334 0.0662751733 0.0171243674 0.0298821026 0.0644811168 
Optimizing model PMB+F+R9
1. Initial log-likelihood: -208350.5518383402 (took 0.4904547340 wall-clock sec)
Optimizing +R9 model parameters by 2-BFGS,EM algorithm...
Site proportion and rates:  (0.0156228289,0.0649922078) (0.0518314427,0.2180316825) (0.0646447296,0.2858982603) (0.1233401605,0.3959571031) (0.1198100131,0.5480169840) (0.1401193393,0.7457204565) (0.1760602684,0.9672353083) (0.1383527904,1.2980775695) (0.1702184270,1.8135780436)
Optimizing +R9 model parameters by 2-BFGS,EM algorithm...
Site proportion and rates:  (0.0155117959,0.0656225721) (0.0484066453,0.2180316825) (0.0677819888,0.2871299273) (0.1206437602,0.3988440872) (0.1137743696,0.5438387319) (0.1312334180,0.7343235684) (0.1820452445,0.9537537988) (0.1361513987,1.2761887121) (0.1844513791,1.8027445393)
Optimizing +R9 model parameters by 2-BFGS,EM algorithm...
Site proportion and rates:  (0.0154005803,0.0659196508) (0.0463436186,0.2180316825) (0.0688018759,0.2874170574) (0.1195428503,0.4004285961) (0.1110552331,0.5432948931) (0.1228807011,0.7267036213) (0.1858442769,0.9446712889) (0.1368190361,1.2625256158) (0.1933118276,1.7973883225)
Optimizing +R9 model parameters by 2-BFGS,EM algorithm...
Site proportion and rates:  (0.0153675536,0.0660515562) (0.0457834617,0.2180316825) (0.0691003586,0.2877044745) (0.1188355442,0.4008290248) (0.1093669216,0.5422088464) (0.1172706431,0.7198501652) (0.1891726243,0.9380783943) (0.1377774511,1.2549693742) (0.1973254418,1.7937953431)
Optimizing +R9 model parameters by 2-BFGS,EM algorithm...
Site proportion and rates:  (0.0153299516,0.0661176079) (0.0452165334,0.2180316825) (0.0693022689,0.2877044745) (0.1186198109,0.4012298539) (0.1084121933,0.5416666374) (0.1139056241,0.7162581051) (0.1914607022,0.9352669721) (0.1383087557,1.2524606902) (0.1994441599,1.7937953431)
Optimizing +R9 model parameters by 2-BFGS,EM algorithm...
Site proportion and rates:  (0.0152965611,0.0661837256) (0.0447576364,0.2180316825) (0.0692902711,0.2877044745) (0.1183980826,0.4012298539) (0.1079569899,0.5416666374) (0.1122085950,0.7148263050) (0.1931323089,0.9343317050) (0.1387588202,1.2524606902) (0.2002007348,1.7955891385)
Optimal log-likelihood: -208263.7962307832
285  PMB+F+R9      208263.796   1474 419475.592   4767775.592  426233.575
Alignment state count time was 0.015 seconds.
Empirical state frequencies: 0.1066187927 0.0530326804 0.0442300243 0.0535491512 0.0072978305 0.0430792911 0.0502238040 0.0702257220 0.0145057697 0.0546817626 0.1001855597 0.0572641167 0.0258590668 0.0368408673 0.0440578674 0.0605849334 0.0662751733 0.0171243674 0.0298821026 0.0644811168 
Optimizing model PMB+F+R10
1. Initial log-likelihood: -208334.8650331493 (took 0.8022521740 wall-clock sec)
Optimizing +R10 model parameters by 2-BFGS,EM algorithm...
Site proportion and rates:  (0.0101450930,0.0499270250) (0.0302517505,0.1793281711) (0.0834846323,0.2666408959) (0.1249590876,0.3891323356) (0.1156864158,0.5356432620) (0.1330628361,0.7267674968) (0.1746946456,0.9399388887) (0.1225693979,1.2237461771) (0.1470895585,1.6370561834) (0.0580565827,2.1650193717)
Optimizing +R10 model parameters by 2-BFGS,EM algorithm...
Site proportion and rates:  (0.0100760928,0.0506550899) (0.0290608390,0.1793281711) (0.0838048169,0.2696326945) (0.1228291250,0.3932223339) (0.1107061581,0.5356427264) (0.1142583306,0.7103114711) (0.1799663708,0.9196729377) (0.1217133076,1.1850529637) (0.1540185166,1.6052559253) (0.0735664425,2.1269886382)
Optimizing +R10 model parameters by 2-BFGS,EM algorithm...
Site proportion and rates:  (0.0100427403,0.0508726648) (0.0287346276,0.1793281711) (0.0838318642,0.2706420801) (0.1217451722,0.3946142491) (0.1068911460,0.5340374043) (0.1052368444,0.6969714858) (0.1846289666,0.9094892968) (0.1281176838,1.1767824369) (0.1516741968,1.6028982614) (0.0790967582,2.1163749431)
Optimizing +R10 model parameters by 2-BFGS,EM algorithm...
Site proportion and rates:  (0.0100286694,0.0509235375) (0.0286263983,0.1793281711) (0.0836714885,0.2709249957) (0.1210228105,0.3946142491) (0.1049864426,0.5329698633) (0.1026899693,0.6906824067) (0.1861169525,0.9058567925) (0.1314518129,1.1744300486) (0.1507190186,1.6046004045) (0.0806864375,2.1163749431)
Optimizing +R10 model parameters by 2-BFGS,EM algorithm...
Site proportion and rates:  (0.0100262032,0.0510254357) (0.0284826337,0.1793281711) (0.0834815334,0.2709249957) (0.1207471087,0.3946142491) (0.1045547833,0.5324368933) (0.1023578342,0.6899917242) (0.1863414977,0.9058567925) (0.1322796377,1.1744300486) (0.1503902012,1.6046004045) (0.0813385669,2.1163749431)
Optimal log-likelihood: -208247.7116795774
286  PMB+F+R10     208247.712   1476 419447.423   4779551.423  426214.575
Optimizing model Blosum62+R9
1. Initial log-likelihood: -208703.543 (took 0.933 wall-clock sec)
Optimizing +R9 model parameters by 2-BFGS,EM algorithm...
Site proportion and rates:  (0.014,0.062) (0.054,0.218) (0.070,0.292) (0.117,0.393) (0.119,0.543) (0.153,0.750) (0.190,1.001) (0.143,1.354) (0.141,1.829)
Optimizing +R9 model parameters by 2-BFGS,EM algorithm...
Site proportion and rates:  (0.014,0.062) (0.054,0.218) (0.074,0.296) (0.114,0.397) (0.118,0.545) (0.152,0.750) (0.193,1.002) (0.139,1.354) (0.143,1.825)
Optimizing +R9 model parameters by 2-BFGS,EM algorithm...
Site proportion and rates:  (0.014,0.062) (0.054,0.218) (0.076,0.297) (0.113,0.398) (0.117,0.546) (0.152,0.751) (0.193,1.003) (0.138,1.354) (0.144,1.825)
Optimal log-likelihood: -208622.347
296  Blosum62+R9   208622.347   1455 420154.694   4657114.694  426825.566
Optimizing model Blosum62+R10
1. Initial log-likelihood: -208692.069 (took 0.536 wall-clock sec)
Optimizing +R10 model parameters by 2-BFGS,EM algorithm...
Site proportion and rates:  (0.009,0.049) (0.034,0.180) (0.084,0.272) (0.122,0.385) (0.117,0.534) (0.140,0.730) (0.164,0.949) (0.125,1.193) (0.156,1.595) (0.049,2.181)
Optimizing +R10 model parameters by 2-BFGS,EM algorithm...
Site proportion and rates:  (0.009,0.049) (0.034,0.183) (0.084,0.276) (0.120,0.390) (0.114,0.536) (0.125,0.722) (0.152,0.920) (0.138,1.159) (0.163,1.581) (0.062,2.115)
Optimizing +R10 model parameters by 2-BFGS,EM algorithm...
Site proportion and rates:  (0.009,0.049) (0.035,0.184) (0.084,0.278) (0.119,0.391) (0.112,0.536) (0.117,0.715) (0.151,0.908) (0.147,1.152) (0.159,1.575) (0.067,2.091)
Optimizing +R10 model parameters by 2-BFGS,EM algorithm...
Site proportion and rates:  (0.009,0.049) (0.035,0.184) (0.084,0.278) (0.119,0.391) (0.111,0.536) (0.115,0.713) (0.151,0.906) (0.149,1.151) (0.156,1.573) (0.070,2.076)
Optimal log-likelihood: -208603.806
297  Blosum62+R10  208603.806   1457 420121.612   4668733.612  426801.653
Alignment state count time was 0.001 seconds.
Empirical state frequencies: 0.1066187927 0.0530326804 0.0442300243 0.0535491512 0.0072978305 0.0430792911 0.0502238040 0.0702257220 0.0145057697 0.0546817626 0.1001855597 0.0572641167 0.0258590668 0.0368408673 0.0440578674 0.0605849334 0.0662751733 0.0171243674 0.0298821026 0.0644811168 
Optimizing model Blosum62+F+R9
1. Initial log-likelihood: -208277.8365924608 (took 0.6285553779 wall-clock sec)
Optimizing +R9 model parameters by 2-BFGS,EM algorithm...
Site proportion and rates:  (0.0134925154,0.0609247070) (0.0504014660,0.2180316825) (0.0703715985,0.2930254864) (0.1202039923,0.4031602434) (0.1135439023,0.5454736048) (0.1446511905,0.7377320104) (0.1802551614,0.9781904645) (0.1458601877,1.3323434639) (0.1612199857,1.8532485090)
Optimizing +R9 model parameters by 2-BFGS,EM algorithm...
Site proportion and rates:  (0.0133371254,0.0613508231) (0.0489545094,0.2180316825) (0.0745159639,0.2977117587) (0.1173766054,0.4090562252) (0.1077373247,0.5465656527) (0.1367679748,0.7316359130) (0.1741150510,0.9598932978) (0.1356582612,1.2673605526) (0.1915371842,1.7876343074)
Optimizing +R9 model parameters by 2-BFGS,EM algorithm...
Site proportion and rates:  (0.0128730522,0.0613508231) (0.0465177114,0.2180316825) (0.0757809135,0.3006249427) (0.1146412799,0.4138516696) (0.1042093421,0.5477948771) (0.1271593947,0.7272570568) (0.1656787214,0.9453655269) (0.1303794445,1.2164957922) (0.2227601402,1.7724097931)
Optimizing +R9 model parameters by 2-BFGS,EM algorithm...
Site proportion and rates:  (0.0127530621,0.0613508231) (0.0461002109,0.2180316825) (0.0762490056,0.3015808608) (0.1141522264,0.4152431683) (0.1030460601,0.5488910148) (0.1243806910,0.7258032698) (0.1649182334,0.9434757410) (0.1338134759,1.2152792963) (0.2245870347,1.7771234776)
Optimizing +R9 model parameters by 2-BFGS,EM algorithm...
Site proportion and rates:  (0.0126997353,0.0613508231) (0.0459458945,0.2180316825) (0.0763297150,0.3018824417) (0.1140499241,0.4156750372) (0.1027933390,0.5488910148) (0.1238044442,0.7258032698) (0.1648423565,0.9434757410) (0.1345805539,1.2152792963) (0.2249540375,1.7796858491)
Optimal log-likelihood: -208199.9550937182
307  Blosum62+F+R9 208199.955   1474 419347.910   4767647.910  426105.893
Alignment state count time was 0.001 seconds.
Empirical state frequencies: 0.1066187927 0.0530326804 0.0442300243 0.0535491512 0.0072978305 0.0430792911 0.0502238040 0.0702257220 0.0145057697 0.0546817626 0.1001855597 0.0572641167 0.0258590668 0.0368408673 0.0440578674 0.0605849334 0.0662751733 0.0171243674 0.0298821026 0.0644811168 
Optimizing model Blosum62+F+R10
1. Initial log-likelihood: -208262.5050658665 (took 0.4435374651 wall-clock sec)
Optimizing +R10 model parameters by 2-BFGS,EM algorithm...
Site proportion and rates:  (0.0090506243,0.0494000334) (0.0328522460,0.1793281711) (0.0842009155,0.2764174223) (0.1206180738,0.3967328115) (0.1112223769,0.5352996695) (0.1336219604,0.7185172616) (0.1602257535,0.9322756811) (0.1224221810,1.1851612354) (0.1610559608,1.6185731143) (0.0647299077,2.1976644140)
Optimizing +R10 model parameters by 2-BFGS,EM algorithm...
Site proportion and rates:  (0.0090329577,0.0494000334) (0.0335265175,0.1813106748) (0.0852846292,0.2797326031) (0.1189083107,0.4001527553) (0.1060067778,0.5347643697) (0.1251474401,0.7088918423) (0.1625935719,0.9204539712) (0.1304223043,1.1768899530) (0.1593065586,1.6192419594) (0.0697709322,2.1801445096)
Optimizing +R10 model parameters by 2-BFGS,EM algorithm...
Site proportion and rates:  (0.0090272240,0.0494000334) (0.0338420117,0.1816734776) (0.0851726148,0.2802923482) (0.1183606812,0.4005529081) (0.1048995850,0.5336953756) (0.1234314594,0.7067672924) (0.1633425181,0.9176953694) (0.1327144026,1.1757130630) (0.1580161223,1.6192419594) (0.0711933809,2.1779643649)
Optimal log-likelihood: -208184.0604837624
308  Blosum62+F+R10 208184.060   1476 419320.121   4779424.121  426087.273
Optimizing model Dayhoff+R9
1. Initial log-likelihood: -209725.316 (took 0.474 wall-clock sec)
Optimizing +R9 model parameters by 2-BFGS,EM algorithm...
Site proportion and rates:  (0.014,0.066) (0.064,0.218) (0.028,0.305) (0.101,0.408) (0.127,0.533) (0.146,0.719) (0.174,0.993) (0.127,1.320) (0.219,1.942)
Optimizing +R9 model parameters by 2-BFGS,EM algorithm...
Site proportion and rates:  (0.014,0.066) (0.062,0.218) (0.029,0.309) (0.087,0.408) (0.127,0.527) (0.153,0.720) (0.174,1.004) (0.124,1.323) (0.230,1.969)
Optimizing +R9 model parameters by 2-BFGS,EM algorithm...
Site proportion and rates:  (0.013,0.066) (0.061,0.218) (0.028,0.309) (0.081,0.407) (0.130,0.527) (0.156,0.726) (0.175,1.016) (0.125,1.339) (0.231,1.996)
Optimizing +R9 model parameters by 2-BFGS,EM algorithm...
Site proportion and rates:  (0.013,0.066) (0.060,0.218) (0.027,0.309) (0.079,0.408) (0.133,0.531) (0.157,0.734) (0.175,1.027) (0.125,1.356) (0.231,2.021)
Optimizing +R9 model parameters by 2-BFGS,EM algorithm...
Site proportion and rates:  (0.012,0.066) (0.060,0.218) (0.027,0.311) (0.078,0.411) (0.134,0.536) (0.157,0.741) (0.175,1.038) (0.125,1.370) (0.231,2.044)
Optimizing +R9 model parameters by 2-BFGS,EM algorithm...
Site proportion and rates:  (0.012,0.066) (0.060,0.218) (0.028,0.312) (0.078,0.415) (0.134,0.541) (0.157,0.749) (0.175,1.048) (0.125,1.384) (0.231,2.062)
Optimizing +R9 model parameters by 2-BFGS,EM algorithm...
Site proportion and rates:  (0.012,0.066) (0.059,0.218) (0.028,0.313) (0.078,0.418) (0.134,0.546) (0.157,0.755) (0.176,1.058) (0.125,1.396) (0.231,2.081)
Optimizing +R9 model parameters by 2-BFGS,EM algorithm...
Site proportion and rates:  (0.011,0.066) (0.059,0.218) (0.028,0.314) (0.079,0.422) (0.134,0.550) (0.157,0.761) (0.176,1.067) (0.125,1.408) (0.231,2.099)
Optimizing +R9 model parameters by 2-BFGS,EM algorithm...
Site proportion and rates:  (0.011,0.066) (0.058,0.218) (0.029,0.315) (0.079,0.425) (0.134,0.554) (0.157,0.766) (0.176,1.074) (0.125,1.417) (0.231,2.113)
Optimizing +R9 model parameters by 2-BFGS,EM algorithm...
Site proportion and rates:  (0.011,0.066) (0.058,0.218) (0.029,0.316) (0.080,0.427) (0.134,0.558) (0.157,0.772) (0.176,1.081) (0.124,1.426) (0.231,2.126)
Optimizing +R9 model parameters by 2-BFGS,EM algorithm...
Site proportion and rates:  (0.011,0.066) (0.058,0.218) (0.029,0.316) (0.080,0.429) (0.134,0.561) (0.157,0.776) (0.176,1.087) (0.125,1.435) (0.231,2.139)
Optimizing +R9 model parameters by 2-BFGS,EM algorithm...
Site proportion and rates:  (0.011,0.066) (0.057,0.218) (0.030,0.316) (0.080,0.431) (0.134,0.563) (0.157,0.780) (0.176,1.093) (0.125,1.443) (0.231,2.151)
Optimizing +R9 model parameters by 2-BFGS,EM algorithm...
Site proportion and rates:  (0.010,0.066) (0.057,0.218) (0.030,0.316) (0.080,0.433) (0.134,0.566) (0.157,0.784) (0.176,1.099) (0.125,1.451) (0.231,2.163)
Optimizing +R9 model parameters by 2-BFGS,EM algorithm...
Site proportion and rates:  (0.010,0.066) (0.056,0.218) (0.030,0.316) (0.080,0.434) (0.135,0.569) (0.158,0.788) (0.176,1.104) (0.125,1.458) (0.231,2.173)
Optimizing +R9 model parameters by 2-BFGS,EM algorithm...
Site proportion and rates:  (0.010,0.066) (0.056,0.218) (0.030,0.316) (0.080,0.436) (0.135,0.572) (0.158,0.792) (0.176,1.110) (0.125,1.465) (0.231,2.183)
Optimizing +R9 model parameters by 2-BFGS,EM algorithm...
Site proportion and rates:  (0.010,0.066) (0.055,0.218) (0.031,0.316) (0.081,0.438) (0.135,0.574) (0.157,0.795) (0.176,1.114) (0.125,1.471) (0.231,2.193)
Optimizing +R9 model parameters by 2-BFGS,EM algorithm...
Site proportion and rates:  (0.010,0.066) (0.055,0.218) (0.031,0.316) (0.081,0.439) (0.135,0.576) (0.157,0.797) (0.175,1.117) (0.125,1.474) (0.231,2.197)
Optimizing +R9 model parameters by 2-BFGS,EM algorithm...
Site proportion and rates:  (0.010,0.066) (0.054,0.218) (0.031,0.316) (0.081,0.440) (0.135,0.577) (0.157,0.799) (0.176,1.120) (0.125,1.477) (0.231,2.202)
Optimizing +R9 model parameters by 2-BFGS,EM algorithm...
Site proportion and rates:  (0.010,0.066) (0.054,0.218) (0.031,0.316) (0.081,0.441) (0.135,0.578) (0.157,0.801) (0.176,1.122) (0.125,1.482) (0.231,2.209)
Optimizing +R9 model parameters by 2-BFGS,EM algorithm...
Site proportion and rates:  (0.010,0.066) (0.054,0.218) (0.032,0.315) (0.081,0.442) (0.135,0.580) (0.157,0.803) (0.176,1.125) (0.125,1.486) (0.231,2.213)
Optimizing +R9 model parameters by 2-BFGS,EM algorithm...
Site proportion and rates:  (0.010,0.066) (0.053,0.218) (0.032,0.315) (0.081,0.442) (0.135,0.581) (0.157,0.805) (0.176,1.128) (0.125,1.489) (0.231,2.220)
Optimizing +R9 model parameters by 2-BFGS,EM algorithm...
Site proportion and rates:  (0.010,0.066) (0.053,0.218) (0.032,0.315) (0.081,0.443) (0.135,0.582) (0.158,0.807) (0.176,1.130) (0.125,1.493) (0.231,2.224)
Optimizing +R9 model parameters by 2-BFGS,EM algorithm...
Site proportion and rates:  (0.010,0.066) (0.052,0.218) (0.032,0.315) (0.081,0.444) (0.135,0.584) (0.157,0.808) (0.176,1.133) (0.125,1.496) (0.231,2.229)
Optimizing +R9 model parameters by 2-BFGS,EM algorithm...
Site proportion and rates:  (0.010,0.066) (0.052,0.218) (0.033,0.314) (0.081,0.444) (0.135,0.584) (0.158,0.810) (0.176,1.135) (0.125,1.499) (0.231,2.236)
Optimizing +R9 model parameters by 2-BFGS,EM algorithm...
Site proportion and rates:  (0.010,0.066) (0.052,0.218) (0.033,0.314) (0.081,0.445) (0.135,0.585) (0.158,0.811) (0.176,1.137) (0.125,1.501) (0.231,2.239)
Optimal log-likelihood: -209631.114
318  Dayhoff+R9    209631.114   1455 422172.228   4659132.228  428843.100
Optimizing model Dayhoff+R10
1. Initial log-likelihood: -209685.589 (took 0.523 wall-clock sec)
Optimizing +R10 model parameters by 2-BFGS,EM algorithm...
Site proportion and rates:  (0.009,0.050) (0.047,0.179) (0.039,0.262) (0.103,0.392) (0.130,0.519) (0.147,0.704) (0.167,0.968) (0.113,1.242) (0.165,1.739) (0.079,2.519)
Optimizing +R10 model parameters by 2-BFGS,EM algorithm...
Site proportion and rates:  (0.009,0.050) (0.046,0.179) (0.039,0.260) (0.091,0.386) (0.132,0.509) (0.154,0.698) (0.169,0.970) (0.113,1.244) (0.171,1.750) (0.078,2.551)
Optimizing +R10 model parameters by 2-BFGS,EM algorithm...
Site proportion and rates:  (0.009,0.050) (0.045,0.179) (0.039,0.259) (0.086,0.383) (0.134,0.505) (0.156,0.697) (0.169,0.970) (0.113,1.246) (0.172,1.756) (0.077,2.560)
Optimizing +R10 model parameters by 2-BFGS,EM algorithm...
Site proportion and rates:  (0.009,0.050) (0.045,0.179) (0.039,0.259) (0.084,0.382) (0.135,0.505) (0.156,0.697) (0.169,0.970) (0.114,1.246) (0.172,1.758) (0.077,2.563)
Optimal log-likelihood: -209609.217
319  Dayhoff+R10   209609.217   1457 422132.433   4670744.433  428812.474
Alignment state count time was 0.001 seconds.
Empirical state frequencies: 0.1066187927 0.0530326804 0.0442300243 0.0535491512 0.0072978305 0.0430792911 0.0502238040 0.0702257220 0.0145057697 0.0546817626 0.1001855597 0.0572641167 0.0258590668 0.0368408673 0.0440578674 0.0605849334 0.0662751733 0.0171243674 0.0298821026 0.0644811168 
Optimizing model Dayhoff+F+R9
1. Initial log-likelihood: -209166.4643516768 (took 0.4855743690 wall-clock sec)
Optimizing +R9 model parameters by 2-BFGS,EM algorithm...
Site proportion and rates:  (0.0126854955,0.0624683134) (0.0632195481,0.2180316825) (0.0363252387,0.3115251677) (0.1090185595,0.4139640559) (0.1246523614,0.5469836529) (0.1349055379,0.7433870439) (0.1747972902,1.0231663953) (0.1282499166,1.3793364573) (0.2161460521,2.0211819942)
Optimizing +R9 model parameters by 2-BFGS,EM algorithm...
Site proportion and rates:  (0.0124812263,0.0626456266) (0.0628797663,0.2180316825) (0.0444013523,0.3215514180) (0.1095045562,0.4277723022) (0.1185856792,0.5597290101) (0.1334940999,0.7537956046) (0.1775659744,1.0361955459) (0.1249765298,1.4004863958) (0.2161108155,2.0450514376)
Optimizing +R9 model parameters by 2-BFGS,EM algorithm...
Site proportion and rates:  (0.0123337859,0.0629894038) (0.0624826988,0.2180316825) (0.0503887364,0.3285462153) (0.1125912902,0.4399073817) (0.1140185184,0.5737591316) (0.1309983173,0.7652541165) (0.1773189702,1.0488913046) (0.1245921422,1.4157728699) (0.2152755406,2.0666809220)
Optimizing +R9 model parameters by 2-BFGS,EM algorithm...
Site proportion and rates:  (0.0121885626,0.0632638992) (0.0621313127,0.2180316825) (0.0548379485,0.3340260491) (0.1161445698,0.4503071305) (0.1106200430,0.5872518328) (0.1284656087,0.7765726900) (0.1765688430,1.0595485220) (0.1242403825,1.4311575059) (0.2148027292,2.0853058721)
Optimizing +R9 model parameters by 2-BFGS,EM algorithm...
Site proportion and rates:  (0.0120757718,0.0633904905) (0.0619687260,0.2180316825) (0.0584771337,0.3383587972) (0.1198216887,0.4589218928) (0.1082100383,0.5997120864) (0.1256593998,0.7865995128) (0.1758875164,1.0694272577) (0.1238683133,1.4424733352) (0.2140314121,2.0995483652)
Optimizing +R9 model parameters by 2-BFGS,EM algorithm...
Site proportion and rates:  (0.0119600259,0.0635173350) (0.0617805418,0.2180316825) (0.0611879255,0.3419392393) (0.1229854951,0.4661740363) (0.1069138876,0.6110595271) (0.1230056399,0.7963120329) (0.1750699743,1.0775365253) (0.1234811688,1.4539313135) (0.2136153412,2.1134769315)
Optimizing +R9 model parameters by 2-BFGS,EM algorithm...
Site proportion and rates:  (0.0118414191,0.0635808525) (0.0615965057,0.2180316825) (0.0632338762,0.3445721608) (0.1257669133,0.4722973680) (0.1066074112,0.6215095471) (0.1203899784,0.8058104192) (0.1742959608,1.0858873756) (0.1230455347,1.4642833398) (0.2132224006,2.1272180203)
Optimizing +R9 model parameters by 2-BFGS,EM algorithm...
Site proportion and rates:  (0.0117143168,0.0635808525) (0.0614152992,0.2180316825) (0.0648082721,0.3472965843) (0.1281754314,0.4775895665) (0.1070710381,0.6311768740) (0.1177280127,0.8151204247) (0.1734256274,1.0943462698) (0.1226812007,1.4730285003) (0.2129808015,2.1398050683)
Optimizing +R9 model parameters by 2-BFGS,EM algorithm...
Site proportion and rates:  (0.0115885150,0.0635808525) (0.0612654931,0.2180316825) (0.0660547035,0.3496085740) (0.1302620248,0.4823451220) (0.1081191154,0.6401719773) (0.1152576966,0.8245599233) (0.1724810791,1.1011535685) (0.1222826247,1.4812240766) (0.2126887478,2.1494496954)
Optimizing +R9 model parameters by 2-BFGS,EM algorithm...
Site proportion and rates:  (0.0115199075,0.0635808525) (0.0612414122,0.2180316825) (0.0673727411,0.3510230636) (0.1323531010,0.4859672092) (0.1099021947,0.6485369531) (0.1122465581,0.8335129420) (0.1713559224,1.1079086540) (0.1218278290,1.4886606599) (0.2121803340,2.1582859412)
Optimizing +R9 model parameters by 2-BFGS,EM algorithm...
Site proportion and rates:  (0.0113931270,0.0635808525) (0.0610892058,0.2180316825) (0.0681299228,0.3529587814) (0.1339175024,0.4893350975) (0.1114977142,0.6559919134) (0.1102276824,0.8425171966) (0.1704862531,1.1146796760) (0.1214408302,1.4968049719) (0.2118177622,2.1672081589)
Optimizing +R9 model parameters by 2-BFGS,EM algorithm...
Site proportion and rates:  (0.0113260436,0.0635808525) (0.0610637461,0.2180316825) (0.0690421682,0.3540496148) (0.1353887201,0.4925803045) (0.1133377411,0.6625674677) (0.1080605399,0.8506593366) (0.1693465110,1.1197062829) (0.1210094410,1.5021868885) (0.2114250891,2.1739170826)
Optimizing +R9 model parameters by 2-BFGS,EM algorithm...
Site proportion and rates:  (0.0112557593,0.0635808525) (0.0610268023,0.2180316825) (0.0697137820,0.3552293564) (0.1362285213,0.4946977159) (0.1144061572,0.6669784418) (0.1066587013,0.8556070498) (0.1687352733,1.1246913867) (0.1208267421,1.5076090099) (0.2111482612,2.1800419806)
Optimizing +R9 model parameters by 2-BFGS,EM algorithm...
Site proportion and rates:  (0.0111814676,0.0635808525) (0.0609917794,0.2180316825) (0.0701992398,0.3563668721) (0.1368078578,0.4967659218) (0.1150726736,0.6706157602) (0.1057259244,0.8602514697) (0.1681523671,1.1280810243) (0.1207857768,1.5112931757) (0.2110829135,2.1861610299)
Optimizing +R9 model parameters by 2-BFGS,EM algorithm...
Site proportion and rates:  (0.0111061672,0.0635808525) (0.0609029283,0.2180316825) (0.0704568652,0.3570799624) (0.1373822874,0.4982887538) (0.1155571458,0.6733832018) (0.1050821054,0.8638168367) (0.1676669118,1.1303953735) (0.1204596221,1.5145324743) (0.2113859667,2.1896122461)
Optimizing +R9 model parameters by 2-BFGS,EM algorithm...
Site proportion and rates:  (0.0110385160,0.0635808525) (0.0608048844,0.2180316825) (0.0702285346,0.3574415263) (0.1373249861,0.4987870427) (0.1158730537,0.6740820919) (0.1052030479,0.8656066453) (0.1677831954,1.1330883830) (0.1205384451,1.5184398106) (0.2112053368,2.1961818584)
Optimizing +R9 model parameters by 2-BFGS,EM algorithm...
Site proportion and rates:  (0.0109704631,0.0635808525) (0.0607690417,0.2180316825) (0.0702691908,0.3581567670) (0.1373097310,0.4997851158) (0.1158634223,0.6754557573) (0.1052910748,0.8674051152) (0.1677728359,1.1357409859) (0.1204443208,1.5214969010) (0.2113099196,2.1994053105)
Optimizing +R9 model parameters by 2-BFGS,EM algorithm...
Site proportion and rates:  (0.0109057578,0.0635808525) (0.0606824795,0.2180316825) (0.0703068303,0.3585149239) (0.1376821507,0.5008424141) (0.1160364936,0.6775080959) (0.1051003294,0.8700478189) (0.1676907131,1.1382429435) (0.1204334874,1.5253398171) (0.2111617583,2.2057416964)
Optimal log-likelihood: -209094.0114982928
329  Dayhoff+F+R9  209094.011   1474 421136.023   4769436.023  427894.006
Alignment state count time was 0.001 seconds.
Empirical state frequencies: 0.1066187927 0.0530326804 0.0442300243 0.0535491512 0.0072978305 0.0430792911 0.0502238040 0.0702257220 0.0145057697 0.0546817626 0.1001855597 0.0572641167 0.0258590668 0.0368408673 0.0440578674 0.0605849334 0.0662751733 0.0171243674 0.0298821026 0.0644811168 
Optimizing model Dayhoff+F+R10
1. Initial log-likelihood: -209140.0517476255 (took 0.5285455830 wall-clock sec)
Optimizing +R10 model parameters by 2-BFGS,EM algorithm...
Site proportion and rates:  (0.0088908652,0.0494000334) (0.0448788525,0.1793281711) (0.0467802907,0.2686420805) (0.1141813139,0.3980390989) (0.1280968615,0.5337964995) (0.1341600709,0.7278419531) (0.1632865878,0.9935957516) (0.1166467228,1.2802777254) (0.1650903584,1.8005763806) (0.0779880764,2.5875753786)
Optimizing +R10 model parameters by 2-BFGS,EM algorithm...
Site proportion and rates:  (0.0088664025,0.0494000334) (0.0455935865,0.1793281711) (0.0476725930,0.2712395141) (0.1165309097,0.4010235972) (0.1246699403,0.5371174120) (0.1330113637,0.7278419531) (0.1655260894,0.9945893475) (0.1129739727,1.2816756483) (0.1706601458,1.8023769571) (0.0744949965,2.6151196424)
Optimizing +R10 model parameters by 2-BFGS,EM algorithm...
Site proportion and rates:  (0.0088599664,0.0494000334) (0.0457659664,0.1793281711) (0.0481800398,0.2720706695) (0.1182545561,0.4030725111) (0.1234570742,0.5393113444) (0.1321965557,0.7292983650) (0.1656992500,0.9955839369) (0.1123798533,1.2830409368) (0.1714050291,1.8044015954) (0.0738017090,2.6181358533)
Optimal log-likelihood: -209075.5785600285
330  Dayhoff+F+R10 209075.579   1476 421103.157   4781207.157  427870.309
Optimizing model mtREV+R9
1. Initial log-likelihood: -218978.191 (took 0.631 wall-clock sec)
Optimizing +R9 model parameters by 2-BFGS,EM algorithm...
Site proportion and rates:  (0.011,0.058) (0.058,0.218) (0.059,0.286) (0.089,0.368) (0.091,0.501) (0.112,0.726) (0.126,1.044) (0.238,1.498) (0.217,2.351)
Optimizing +R9 model parameters by 2-BFGS,EM algorithm...
Site proportion and rates:  (0.011,0.058) (0.057,0.218) (0.056,0.284) (0.085,0.362) (0.096,0.496) (0.115,0.729) (0.142,1.077) (0.239,1.553) (0.199,2.462)
Optimizing +R9 model parameters by 2-BFGS,EM algorithm...
Site proportion and rates:  (0.011,0.058) (0.056,0.218) (0.054,0.283) (0.087,0.361) (0.098,0.497) (0.117,0.734) (0.153,1.098) (0.237,1.588) (0.188,2.531)
Optimizing +R9 model parameters by 2-BFGS,EM algorithm...
Site proportion and rates:  (0.011,0.058) (0.053,0.218) (0.054,0.282) (0.089,0.362) (0.099,0.501) (0.117,0.742) (0.155,1.112) (0.236,1.608) (0.186,2.563)
Optimizing +R9 model parameters by 2-BFGS,EM algorithm...
Site proportion and rates:  (0.011,0.058) (0.050,0.218) (0.055,0.282) (0.090,0.365) (0.099,0.506) (0.117,0.750) (0.155,1.123) (0.236,1.625) (0.186,2.589)
Optimizing +R9 model parameters by 2-BFGS,EM algorithm...
Site proportion and rates:  (0.011,0.058) (0.048,0.218) (0.056,0.282) (0.091,0.368) (0.099,0.511) (0.117,0.757) (0.156,1.134) (0.236,1.641) (0.186,2.614)
Optimizing +R9 model parameters by 2-BFGS,EM algorithm...
Site proportion and rates:  (0.011,0.058) (0.046,0.218) (0.057,0.283) (0.091,0.371) (0.100,0.515) (0.117,0.764) (0.155,1.145) (0.236,1.655) (0.186,2.639)
Optimizing +R9 model parameters by 2-BFGS,EM algorithm...
Site proportion and rates:  (0.011,0.058) (0.044,0.218) (0.059,0.285) (0.092,0.373) (0.100,0.520) (0.117,0.771) (0.156,1.155) (0.236,1.669) (0.186,2.662)
Optimizing +R9 model parameters by 2-BFGS,EM algorithm...
Site proportion and rates:  (0.011,0.058) (0.043,0.218) (0.060,0.286) (0.092,0.376) (0.100,0.524) (0.117,0.777) (0.156,1.164) (0.236,1.683) (0.186,2.683)
Optimizing +R9 model parameters by 2-BFGS,EM algorithm...
Site proportion and rates:  (0.011,0.058) (0.042,0.218) (0.061,0.287) (0.092,0.379) (0.100,0.528) (0.117,0.782) (0.156,1.172) (0.236,1.694) (0.186,2.701)
Optimizing +R9 model parameters by 2-BFGS,EM algorithm...
Site proportion and rates:  (0.011,0.058) (0.040,0.218) (0.062,0.288) (0.092,0.381) (0.100,0.530) (0.118,0.787) (0.156,1.179) (0.236,1.704) (0.186,2.718)
Optimizing +R9 model parameters by 2-BFGS,EM algorithm...
Site proportion and rates:  (0.011,0.058) (0.039,0.218) (0.062,0.289) (0.093,0.383) (0.100,0.534) (0.118,0.792) (0.156,1.187) (0.236,1.715) (0.186,2.735)
Optimizing +R9 model parameters by 2-BFGS,EM algorithm...
Site proportion and rates:  (0.011,0.058) (0.038,0.218) (0.063,0.290) (0.093,0.385) (0.100,0.537) (0.118,0.796) (0.156,1.194) (0.236,1.726) (0.186,2.751)
Optimizing +R9 model parameters by 2-BFGS,EM algorithm...
Site proportion and rates:  (0.011,0.058) (0.038,0.218) (0.064,0.291) (0.093,0.387) (0.100,0.540) (0.118,0.801) (0.156,1.200) (0.236,1.734) (0.186,2.764)
Optimizing +R9 model parameters by 2-BFGS,EM algorithm...
Site proportion and rates:  (0.011,0.058) (0.037,0.218) (0.064,0.291) (0.093,0.389) (0.100,0.543) (0.117,0.804) (0.156,1.206) (0.236,1.744) (0.186,2.780)
Optimizing +R9 model parameters by 2-BFGS,EM algorithm...
Site proportion and rates:  (0.011,0.058) (0.036,0.218) (0.065,0.292) (0.093,0.391) (0.100,0.545) (0.118,0.809) (0.156,1.212) (0.236,1.752) (0.186,2.794)
Optimizing +R9 model parameters by 2-BFGS,EM algorithm...
Site proportion and rates:  (0.011,0.058) (0.035,0.218) (0.065,0.293) (0.094,0.392) (0.100,0.548) (0.118,0.812) (0.156,1.218) (0.236,1.760) (0.186,2.806)
Optimizing +R9 model parameters by 2-BFGS,EM algorithm...
Site proportion and rates:  (0.011,0.058) (0.035,0.218) (0.065,0.294) (0.094,0.394) (0.100,0.550) (0.118,0.816) (0.156,1.223) (0.236,1.768) (0.186,2.819)
Optimizing +R9 model parameters by 2-BFGS,EM algorithm...
Site proportion and rates:  (0.011,0.058) (0.034,0.218) (0.066,0.294) (0.094,0.396) (0.100,0.553) (0.118,0.820) (0.156,1.229) (0.236,1.776) (0.186,2.831)
Optimizing +R9 model parameters by 2-BFGS,EM algorithm...
Site proportion and rates:  (0.010,0.058) (0.033,0.218) (0.066,0.295) (0.094,0.397) (0.100,0.555) (0.118,0.823) (0.156,1.234) (0.236,1.784) (0.186,2.843)
Optimizing +R9 model parameters by 2-BFGS,EM algorithm...
Site proportion and rates:  (0.010,0.058) (0.033,0.218) (0.066,0.295) (0.094,0.398) (0.100,0.556) (0.118,0.825) (0.156,1.237) (0.236,1.789) (0.186,2.851)
Optimizing +R9 model parameters by 2-BFGS,EM algorithm...
Site proportion and rates:  (0.010,0.058) (0.033,0.218) (0.066,0.296) (0.094,0.399) (0.100,0.557) (0.118,0.827) (0.156,1.240) (0.236,1.794) (0.186,2.860)
Optimizing +R9 model parameters by 2-BFGS,EM algorithm...
Site proportion and rates:  (0.010,0.058) (0.032,0.218) (0.067,0.296) (0.095,0.399) (0.100,0.559) (0.118,0.829) (0.156,1.244) (0.236,1.798) (0.186,2.868)
Optimizing +R9 model parameters by 2-BFGS,EM algorithm...
Site proportion and rates:  (0.010,0.058) (0.032,0.218) (0.067,0.297) (0.095,0.401) (0.100,0.560) (0.118,0.832) (0.156,1.247) (0.236,1.803) (0.186,2.876)
Optimizing +R9 model parameters by 2-BFGS,EM algorithm...
Site proportion and rates:  (0.010,0.058) (0.032,0.218) (0.067,0.297) (0.095,0.401) (0.100,0.562) (0.118,0.834) (0.156,1.250) (0.236,1.808) (0.186,2.883)
Optimizing +R9 model parameters by 2-BFGS,EM algorithm...
Site proportion and rates:  (0.010,0.058) (0.031,0.218) (0.067,0.297) (0.095,0.402) (0.100,0.563) (0.118,0.836) (0.156,1.254) (0.236,1.812) (0.186,2.890)
Optimizing +R9 model parameters by 2-BFGS,EM algorithm...
Site proportion and rates:  (0.010,0.058) (0.031,0.218) (0.067,0.298) (0.095,0.403) (0.100,0.564) (0.118,0.838) (0.156,1.256) (0.236,1.817) (0.186,2.897)
Optimizing +R9 model parameters by 2-BFGS,EM algorithm...
Site proportion and rates:  (0.010,0.058) (0.031,0.218) (0.068,0.298) (0.095,0.404) (0.100,0.565) (0.118,0.840) (0.156,1.258) (0.236,1.819) (0.186,2.901)
Optimizing +R9 model parameters by 2-BFGS,EM algorithm...
Site proportion and rates:  (0.010,0.058) (0.031,0.218) (0.068,0.298) (0.095,0.405) (0.100,0.567) (0.118,0.842) (0.156,1.262) (0.236,1.824) (0.186,2.910)
Optimizing +R9 model parameters by 2-BFGS,EM algorithm...
Site proportion and rates:  (0.010,0.058) (0.030,0.218) (0.068,0.299) (0.095,0.406) (0.100,0.568) (0.118,0.844) (0.156,1.265) (0.236,1.829) (0.186,2.917)
Optimizing +R9 model parameters by 2-BFGS,EM algorithm...
Site proportion and rates:  (0.010,0.058) (0.030,0.218) (0.068,0.299) (0.096,0.406) (0.101,0.569) (0.118,0.846) (0.156,1.267) (0.236,1.831) (0.186,2.921)
Optimizing +R9 model parameters by 2-BFGS,EM algorithm...
Site proportion and rates:  (0.010,0.058) (0.030,0.218) (0.068,0.300) (0.096,0.407) (0.101,0.570) (0.118,0.847) (0.156,1.271) (0.236,1.836) (0.186,2.929)
Optimizing +R9 model parameters by 2-BFGS,EM algorithm...
Site proportion and rates:  (0.010,0.058) (0.029,0.218) (0.068,0.300) (0.096,0.408) (0.101,0.571) (0.118,0.848) (0.156,1.272) (0.236,1.839) (0.186,2.933)
Optimal log-likelihood: -218549.696
340  mtREV+R9      218549.696   1455 440009.392   4676969.392  446680.263
Optimizing model mtREV+R10
1. Initial log-likelihood: -218882.205 (took 0.556 wall-clock sec)
Optimizing +R10 model parameters by 2-BFGS,EM algorithm...
Site proportion and rates:  (0.010,0.049) (0.022,0.179) (0.076,0.259) (0.099,0.361) (0.098,0.504) (0.110,0.737) (0.105,1.029) (0.170,1.394) (0.145,1.799) (0.166,2.640)
Optimizing +R10 model parameters by 2-BFGS,EM algorithm...
Site proportion and rates:  (0.010,0.049) (0.022,0.179) (0.073,0.256) (0.098,0.357) (0.100,0.502) (0.110,0.737) (0.105,1.030) (0.177,1.400) (0.138,1.814) (0.167,2.663)
Optimizing +R10 model parameters by 2-BFGS,EM algorithm...
Site proportion and rates:  (0.010,0.049) (0.021,0.179) (0.073,0.256) (0.098,0.357) (0.100,0.502) (0.110,0.737) (0.105,1.031) (0.179,1.404) (0.137,1.820) (0.167,2.666)
Optimal log-likelihood: -218520.062
341  mtREV+R10     218520.062   1457 439954.123   4688566.123  446634.165
Alignment state count time was 0.001 seconds.
Empirical state frequencies: 0.1066187927 0.0530326804 0.0442300243 0.0535491512 0.0072978305 0.0430792911 0.0502238040 0.0702257220 0.0145057697 0.0546817626 0.1001855597 0.0572641167 0.0258590668 0.0368408673 0.0440578674 0.0605849334 0.0662751733 0.0171243674 0.0298821026 0.0644811168 
Optimizing model mtREV+F+R9
1. Initial log-likelihood: -211117.4417571986 (took 0.5105543180 wall-clock sec)
Optimizing +R9 model parameters by 2-BFGS,EM algorithm...
Site proportion and rates:  (0.0116237645,0.0582692743) (0.0628313561,0.2180316825) (0.0488309674,0.2950651828) (0.1170892755,0.3988084723) (0.1043101494,0.5574660176) (0.0931903651,0.7367672280) (0.1464530827,0.9912723089) (0.2056525687,1.4016936974) (0.2100184706,2.1804845716)
Optimizing +R9 model parameters by 2-BFGS,EM algorithm...
Site proportion and rates:  (0.0112875760,0.0582692743) (0.0626573285,0.2180316825) (0.0553788675,0.3037937042) (0.1131784776,0.4088807763) (0.0996712166,0.5657875085) (0.0906765174,0.7395144041) (0.1482819832,0.9987526421) (0.2089895524,1.4188512394) (0.2098784809,2.2174819024)
Optimizing +R9 model parameters by 2-BFGS,EM algorithm...
Site proportion and rates:  (0.0110322562,0.0582692743) (0.0610462519,0.2180316825) (0.0598891275,0.3085448323) (0.1115420280,0.4168416762) (0.0973984838,0.5736551967) (0.0904201337,0.7465133677) (0.1488114119,1.0106962459) (0.2096687375,1.4376717003) (0.2101915696,2.2498375117)
Optimizing +R9 model parameters by 2-BFGS,EM algorithm...
Site proportion and rates:  (0.0108703809,0.0582692743) (0.0589732849,0.2180316825) (0.0623168114,0.3107352105) (0.1117890978,0.4226751710) (0.0968447704,0.5814930136) (0.0903048887,0.7558434382) (0.1489649391,1.0235350285) (0.2098747914,1.4565017320) (0.2100610354,2.2781464885)
Optimizing +R9 model parameters by 2-BFGS,EM algorithm...
Site proportion and rates:  (0.0107620845,0.0582692743) (0.0564805588,0.2180316825) (0.0631641882,0.3107353221) (0.1133182434,0.4262425711) (0.0973296304,0.5886162232) (0.0902132023,0.7655847244) (0.1489352590,1.0363167695) (0.2098280043,1.4745101428) (0.2099688291,2.3062162314)
Optimizing +R9 model parameters by 2-BFGS,EM algorithm...
Site proportion and rates:  (0.0106847305,0.0582692743) (0.0538556517,0.2180316825) (0.0630284629,0.3095813205) (0.1153135502,0.4288033100) (0.0981883553,0.5946691015) (0.0903509354,0.7747507766) (0.1488048988,1.0487752759) (0.2097295028,1.4923354398) (0.2100439124,2.3336994028)
Optimizing +R9 model parameters by 2-BFGS,EM algorithm...
Site proportion and rates:  (0.0106259136,0.0582692743) (0.0508005758,0.2180316825) (0.0623235125,0.3071665611) (0.1175013480,0.4304513417) (0.0988338980,0.5990413820) (0.0911144314,0.7822340773) (0.1490388919,1.0596109687) (0.2097585687,1.5096466235) (0.2100028600,2.3607759114)
Optimizing +R9 model parameters by 2-BFGS,EM algorithm...
Site proportion and rates:  (0.0105774322,0.0582692743) (0.0477045696,0.2180316825) (0.0616571566,0.3047125700) (0.1190921620,0.4316023652) (0.0991339184,0.6014724789) (0.0923815608,0.7881449330) (0.1494526422,1.0708302297) (0.2099352628,1.5251049843) (0.2100652953,2.3876923727)
Optimizing +R9 model parameters by 2-BFGS,EM algorithm...
Site proportion and rates:  (0.0105353104,0.0582692743) (0.0446845496,0.2180316825) (0.0612598382,0.3022939147) (0.1196816366,0.4327366912) (0.0986379157,0.6020739515) (0.0943911736,0.7905758836) (0.1502969150,1.0808579408) (0.2102781743,1.5414123686) (0.2102344868,2.4139575850)
Optimizing +R9 model parameters by 2-BFGS,EM algorithm...
Site proportion and rates:  (0.0104966837,0.0582692743) (0.0417989148,0.2180316825) (0.0611495694,0.3005117586) (0.1191797088,0.4337464532) (0.0976554476,0.6014718774) (0.0968379783,0.7922252525) (0.1514254028,1.0897775262) (0.2109520042,1.5575867942) (0.2105042902,2.4406297755)
Optimizing +R9 model parameters by 2-BFGS,EM algorithm...
Site proportion and rates:  (0.0104620649,0.0582692743) (0.0390655446,0.2180316825) (0.0611213205,0.2992499227) (0.1167162920,0.4338353003) (0.0973192504,0.5973640693) (0.1004275018,0.7922252525) (0.1524447512,1.0986702868) (0.2115572487,1.5736673043) (0.2108860259,2.4656288198)
Optimizing +R9 model parameters by 2-BFGS,EM algorithm...
Site proportion and rates:  (0.0104280483,0.0582692743) (0.0364275089,0.2180316825) (0.0609884164,0.2977566621) (0.1120967287,0.4323237122) (0.0983049904,0.5900929326) (0.1046110158,0.7914330272) (0.1533605730,1.1072058324) (0.2124351607,1.5896064616) (0.2113475578,2.4923689779)
Optimizing +R9 model parameters by 2-BFGS,EM algorithm...
Site proportion and rates:  (0.0103957049,0.0582692743) (0.0338779933,0.2180316825) (0.0607988685,0.2968642848) (0.1059833847,0.4293060799) (0.1006659369,0.5824941316) (0.1088392110,0.7914330272) (0.1542686339,1.1143412420) (0.2132762316,1.6039354868) (0.2118940353,2.5194117237)
Optimizing +R9 model parameters by 2-BFGS,EM algorithm...
Site proportion and rates:  (0.0103693518,0.0582692743) (0.0318637384,0.2180316825) (0.0608883684,0.2965674204) (0.1016615581,0.4284474684) (0.1029831972,0.5799626542) (0.1113405747,0.7930262283) (0.1547772319,1.1223928463) (0.2139111268,1.6199340037) (0.2122048528,2.5438828617)
Optimizing +R9 model parameters by 2-BFGS,EM algorithm...
Site proportion and rates:  (0.0103454453,0.0582692743) (0.0302941750,0.2180316825) (0.0612712080,0.2969667050) (0.0994423741,0.4288759159) (0.1044061475,0.5799626542) (0.1128502031,0.7974295084) (0.1551415194,1.1318622578) (0.2140743579,1.6327794499) (0.2121745698,2.5671912694)
Optimizing +R9 model parameters by 2-BFGS,EM algorithm...
Site proportion and rates:  (0.0103292120,0.0582692743) (0.0292574595,0.2180316825) (0.0616921170,0.2973288881) (0.0989099142,0.4301865047) (0.1051526170,0.5824325328) (0.1131177568,0.8017091934) (0.1551984521,1.1384547457) (0.2141098969,1.6427661999) (0.2122325744,2.5831141698)
Optimizing +R9 model parameters by 2-BFGS,EM algorithm...
Site proportion and rates:  (0.0103130916,0.0582692743) (0.0284040501,0.2180316825) (0.0622488847,0.2981213045) (0.0987981833,0.4320481001) (0.1054070836,0.5854462033) (0.1132870262,0.8064007881) (0.1552186381,1.1450923453) (0.2141128790,1.6524901042) (0.2122101635,2.5984447445)
Optimizing +R9 model parameters by 2-BFGS,EM algorithm...
Site proportion and rates:  (0.0102986517,0.0582692743) (0.0276953110,0.2180316825) (0.0627803678,0.2992364064) (0.0987473444,0.4344640310) (0.1055945603,0.5885342734) (0.1133644757,0.8109458042) (0.1552559980,1.1516944187) (0.2140917814,1.6620085537) (0.2121715097,2.6133244309)
Optimizing +R9 model parameters by 2-BFGS,EM algorithm...
Site proportion and rates:  (0.0102833050,0.0582692743) (0.0269474394,0.2180316825) (0.0633458488,0.3000253847) (0.0989211560,0.4363826285) (0.1056175803,0.5916232061) (0.1133533446,0.8160281298) (0.1553478963,1.1585480098) (0.2140975228,1.6720050138) (0.2120859068,2.6275240310)
Optimizing +R9 model parameters by 2-BFGS,EM algorithm...
Site proportion and rates:  (0.0102710976,0.0582692743) (0.0263012035,0.2180316825) (0.0638342092,0.3011575919) (0.0988959652,0.4388451059) (0.1057950248,0.5948476067) (0.1134142105,0.8204134045) (0.1554135773,1.1650192347) (0.2140594747,1.6813983978) (0.2120152373,2.6421545713)
Optimizing +R9 model parameters by 2-BFGS,EM algorithm...
Site proportion and rates:  (0.0102561430,0.0582692743) (0.0257128655,0.2180316825) (0.0643666243,0.3022723222) (0.0990138725,0.4407598523) (0.1057947716,0.5979414305) (0.1132900504,0.8246033025) (0.1553601018,1.1714440494) (0.2141229780,1.6902394522) (0.2120825929,2.6556435840)
Optimizing +R9 model parameters by 2-BFGS,EM algorithm...
Site proportion and rates:  (0.0102425678,0.0582692743) (0.0250712475,0.2180316825) (0.0647807245,0.3029893261) (0.0989516053,0.4427770631) (0.1058219273,0.6004262184) (0.1134545672,0.8279238948) (0.1554773617,1.1763573941) (0.2141297825,1.6990823007) (0.2120702162,2.6693953643)
Optimizing +R9 model parameters by 2-BFGS,EM algorithm...
Site proportion and rates:  (0.0102308624,0.0582692743) (0.0245685106,0.2180316825) (0.0652073734,0.3041269359) (0.0990370277,0.4447251131) (0.1059441140,0.6035810749) (0.1135212430,0.8322968460) (0.1554591565,1.1830088113) (0.2139848398,1.7072997744) (0.2120468725,2.6825815363)
Optimizing +R9 model parameters by 2-BFGS,EM algorithm...
Site proportion and rates:  (0.0102184479,0.0582692743) (0.0240105530,0.2180316825) (0.0655857426,0.3048528302) (0.0990386066,0.4467280067) (0.1059293931,0.6060331351) (0.1135419592,0.8358275248) (0.1553447450,1.1879261674) (0.2141125100,1.7143918963) (0.2122180426,2.6958223454)
Optimizing +R9 model parameters by 2-BFGS,EM algorithm...
Site proportion and rates:  (0.0102120627,0.0582692743) (0.0237732761,0.2180316825) (0.0658605772,0.3055560079) (0.0991493301,0.4480695317) (0.1059277369,0.6078895808) (0.1135011620,0.8383754971) (0.1555110344,1.1914974707) (0.2140741440,1.7207172222) (0.2119906766,2.7034765595)
Optimizing +R9 model parameters by 2-BFGS,EM algorithm...
Site proportion and rates:  (0.0102001880,0.0582692743) (0.0232563932,0.2180316825) (0.0661109879,0.3063549636) (0.0990630135,0.4495132153) (0.1062086535,0.6104310591) (0.1135860850,0.8427565607) (0.1552818223,1.1967287626) (0.2141133475,1.7272731654) (0.2121795090,2.7161340251)
Optimizing +R9 model parameters by 2-BFGS,EM algorithm...
Site proportion and rates:  (0.0101939784,0.0582692743) (0.0230330531,0.2180316825) (0.0663897914,0.3070154328) (0.0992098275,0.4509379790) (0.1060839539,0.6123374027) (0.1134108107,0.8445181390) (0.1552699734,1.1995249869) (0.2142317440,1.7316976036) (0.2121768676,2.7235067747)
Optimizing +R9 model parameters by 2-BFGS,EM algorithm...
Site proportion and rates:  (0.0101875896,0.0582692743) (0.0227273526,0.2180316825) (0.0665328807,0.3073578133) (0.0992382103,0.4518571550) (0.1062302531,0.6136558138) (0.1135635059,0.8471415419) (0.1554492447,1.2032510372) (0.2141023655,1.7378602296) (0.2119685976,2.7306155431)
Optimizing +R9 model parameters by 2-BFGS,EM algorithm...
Site proportion and rates:  (0.0101818674,0.0582692743) (0.0225217512,0.2180316825) (0.0667670911,0.3080829416) (0.0992747844,0.4532288437) (0.1063091033,0.6154986231) (0.1135718380,0.8498255039) (0.1553695346,1.2070892291) (0.2139733248,1.7417547160) (0.2120307050,2.7386121394)
Optimizing +R9 model parameters by 2-BFGS,EM algorithm...
Site proportion and rates:  (0.0101752058,0.0582692743) (0.0222418586,0.2180316825) (0.0668866562,0.3084602973) (0.0992179239,0.4541357548) (0.1063324534,0.6167414799) (0.1135937589,0.8515874216) (0.1553808113,1.2096578575) (0.2140904164,1.7461351545) (0.2120809155,2.7457117156)
Optimizing +R9 model parameters by 2-BFGS,EM algorithm...
Site proportion and rates:  (0.0101689449,0.0582692743) (0.0220330829,0.2180316825) (0.0671799297,0.3092051578) (0.0994877119,0.4555011576) (0.1063257175,0.6192379630) (0.1134628483,0.8542438706) (0.1555157632,1.2133167831) (0.2139975504,1.7521674195) (0.2118284512,2.7526954919)
Optimizing +R9 model parameters by 2-BFGS,EM algorithm...
Site proportion and rates:  (0.0101631982,0.0582692743) (0.0218182642,0.2180316825) (0.0673215781,0.3098899493) (0.0994015672,0.4564448422) (0.1063212061,0.6204770583) (0.1134449031,0.8560002818) (0.1554486758,1.2158696891) (0.2141141634,1.7558939760) (0.2119664436,2.7605540521)
Optimizing +R9 model parameters by 2-BFGS,EM algorithm...
Site proportion and rates:  (0.0101563784,0.0582692743) (0.0215472526,0.2180316825) (0.0674583605,0.3101998394) (0.0993934034,0.4574264039) (0.1064350910,0.6217393940) (0.1136269447,0.8586566841) (0.1553870524,1.2196872109) (0.2139975291,1.7600089542) (0.2119979879,2.7674334885)
Optimizing +R9 model parameters by 2-BFGS,EM algorithm...
Site proportion and rates:  (0.0101513045,0.0582692743) (0.0213637274,0.2180316825) (0.0676040774,0.3109068586) (0.0992810390,0.4583559898) (0.1064495603,0.6229892843) (0.1136573910,0.8604418809) (0.1554253119,1.2223749698) (0.2140578803,1.7643425820) (0.2120097080,2.7742442727)
Optimizing +R9 model parameters by 2-BFGS,EM algorithm...
Site proportion and rates:  (0.0101449561,0.0582692743) (0.0211097493,0.2180316825) (0.0677296134,0.3112177655) (0.0992881167,0.4593275246) (0.1064889806,0.6242662255) (0.1136595019,0.8622328742) (0.1554390942,1.2248209423) (0.2141290640,1.7687849595) (0.2120109236,2.7810626578)
Optimizing +R9 model parameters by 2-BFGS,EM algorithm...
Site proportion and rates:  (0.0101393672,0.0582692743) (0.0209551704,0.2180316825) (0.0679596773,0.3119282250) (0.0994300580,0.4607092596) (0.1065330659,0.6261408979) (0.1136431229,0.8649092120) (0.1553890658,1.2286449748) (0.2139906178,1.7729127338) (0.2119598547,2.7877201987)
Optimizing +R9 model parameters by 2-BFGS,EM algorithm...
Site proportion and rates:  (0.0101342993,0.0582692743) (0.0207278675,0.2180316825) (0.0680553463,0.3122883229) (0.0994053486,0.4616311390) (0.1065496977,0.6273938060) (0.1136818668,0.8666804087) (0.1554488115,1.2313103430) (0.2140331477,1.7772244316) (0.2119636145,2.7943808536)
Optimizing +R9 model parameters by 2-BFGS,EM algorithm...
Site proportion and rates:  (0.0101300776,0.0582692743) (0.0205559933,0.2180316825) (0.0682253801,0.3130354097) (0.0993770487,0.4626161156) (0.1063700603,0.6286569744) (0.1134903735,0.8675920619) (0.1552496854,1.2325416535) (0.2142094545,1.7796284966) (0.2123919266,2.7980645634)
Optimizing +R9 model parameters by 2-BFGS,EM algorithm...
Site proportion and rates:  (0.0101238652,0.0582692743) (0.0203860775,0.2180316825) (0.0683266190,0.3133484452) (0.0993597328,0.4635418107) (0.1064611159,0.6299149172) (0.1136000353,0.8695742970) (0.1553201392,1.2354596827) (0.2142604705,1.7839041956) (0.2121619446,2.8056363511)
Optimal log-likelihood: -210850.4943526925
351  mtREV+F+R9    210850.494   1474 424648.989   4772948.989  431406.971
Alignment state count time was 0.015 seconds.
Empirical state frequencies: 0.1066187927 0.0530326804 0.0442300243 0.0535491512 0.0072978305 0.0430792911 0.0502238040 0.0702257220 0.0145057697 0.0546817626 0.1001855597 0.0572641167 0.0258590668 0.0368408673 0.0440578674 0.0605849334 0.0662751733 0.0171243674 0.0298821026 0.0644811168 
Optimizing model mtREV+F+R10
1. Initial log-likelihood: -211076.5493697997 (took 0.7036479031 wall-clock sec)
Optimizing +R10 model parameters by 2-BFGS,EM algorithm...
Site proportion and rates:  (0.0102864420,0.0494000334) (0.0245076200,0.1793281711) (0.0692498323,0.2551877471) (0.1132711616,0.3821362946) (0.1015664834,0.5242785932) (0.1003099347,0.7016970139) (0.1371888482,0.9606749862) (0.1675912620,1.3125762319) (0.1244433972,1.7251955007) (0.1515850185,2.4137365348)
Optimizing +R10 model parameters by 2-BFGS,EM algorithm...
Site proportion and rates:  (0.0102164763,0.0494000334) (0.0222208632,0.1793281711) (0.0681874827,0.2556928259) (0.1024213977,0.3783387880) (0.1015616060,0.5121157714) (0.1061721459,0.6943904986) (0.1360947942,0.9617274486) (0.1575972022,1.3079305312) (0.1202702599,1.6782231759) (0.1752577719,2.3941108990)
Optimizing +R10 model parameters by 2-BFGS,EM algorithm...
Site proportion and rates:  (0.0101978872,0.0494000334) (0.0210098146,0.1793281711) (0.0677869301,0.2562375602) (0.0985129446,0.3779604491) (0.1026353935,0.5105809596) (0.1078348823,0.6943904986) (0.1355866200,0.9650964902) (0.1541104989,1.3093403365) (0.1237160273,1.6782231759) (0.1786090015,2.4088508910)
Optimizing +R10 model parameters by 2-BFGS,EM algorithm...
Site proportion and rates:  (0.0101854900,0.0494000334) (0.0205928882,0.1793281711) (0.0677502020,0.2569395192) (0.0973159455,0.3783384096) (0.1030203349,0.5105809596) (0.1084733369,0.6958973124) (0.1356068043,0.9685965084) (0.1536014086,1.3136456785) (0.1246235579,1.6838926859) (0.1788300317,2.4215745719)
Optimizing +R10 model parameters by 2-BFGS,EM algorithm...
Site proportion and rates:  (0.0101790864,0.0494000334) (0.0203451770,0.1793281711) (0.0677627511,0.2572008432) (0.0969870394,0.3787167481) (0.1032086957,0.5110915406) (0.1086842247,0.6973522439) (0.1355917041,0.9705346702) (0.1534937988,1.3164769463) (0.1247979835,1.6876910665) (0.1789495393,2.4258633621)
Optimizing +R10 model parameters by 2-BFGS,EM algorithm...
Site proportion and rates:  (0.0101749597,0.0494000334) (0.0201691923,0.1793281711) (0.0678923807,0.2577585007) (0.0968506645,0.3794745606) (0.1033169950,0.5121142350) (0.1086947018,0.6987476459) (0.1355864715,0.9725273066) (0.1534807804,1.3195455542) (0.1249196535,1.6914130877) (0.1789142007,2.4322489570)
Optimizing +R10 model parameters by 2-BFGS,EM algorithm...
Site proportion and rates:  (0.0101675855,0.0494000334) (0.0199662085,0.1793281711) (0.0680096398,0.2580162593) (0.0968452069,0.3802490630) (0.1032770752,0.5131782690) (0.1087155597,0.7001458402) (0.1355685428,0.9744733339) (0.1535117143,1.3222420033) (0.1249341826,1.6952179964) (0.1790042847,2.4370046480)
Optimizing +R10 model parameters by 2-BFGS,EM algorithm...
Site proportion and rates:  (0.0101641093,0.0494000334) (0.0198219866,0.1793281711) (0.0681310087,0.2586077470) (0.0968130857,0.3810099416) (0.1033158102,0.5142051389) (0.1087094085,0.7015790154) (0.1356095837,0.9765853585) (0.1535178671,1.3252810173) (0.1249934574,1.6989381049) (0.1789236828,2.4432939551)
Optimizing +R10 model parameters by 2-BFGS,EM algorithm...
Site proportion and rates:  (0.0101570390,0.0494000334) (0.0196388715,0.1793281711) (0.0682480158,0.2588663549) (0.0968312206,0.3817856742) (0.1032845506,0.5152796717) (0.1087674688,0.7030340192) (0.1355999142,0.9787071354) (0.1535200135,1.3280088200) (0.1249643635,1.7027271499) (0.1789885425,2.4478919784)
Optimizing +R10 model parameters by 2-BFGS,EM algorithm...
Site proportion and rates:  (0.0101527050,0.0494000334) (0.0195263299,0.1793281711) (0.0684509672,0.2594494104) (0.0970029203,0.3829321773) (0.1033777514,0.5168270573) (0.1087496222,0.7051851408) (0.1355114343,0.9816570048) (0.1533537129,1.3310287492) (0.1249590838,1.7063904060) (0.1789154728,2.4539785951)
Optimizing +R10 model parameters by 2-BFGS,EM algorithm...
Site proportion and rates:  (0.0101468364,0.0494000334) (0.0193353244,0.1793281711) (0.0684738554,0.2597421645) (0.0968727155,0.3833151096) (0.1034025364,0.5174039363) (0.1088932272,0.7066122881) (0.1355941664,0.9836213007) (0.1533847287,1.3340258349) (0.1249368476,1.7101474619) (0.1789597621,2.4585481043)
Optimal log-likelihood: -210833.0054969906
352  mtREV+F+R10   210833.005   1476 424618.011   4784722.011  431385.163
Optimizing model mtART+R9
1. Initial log-likelihood: -226391.987 (took 0.481 wall-clock sec)
Optimizing +R9 model parameters by 2-BFGS,EM algorithm...
Site proportion and rates:  (0.011,0.058) (0.107,0.218) (0.084,0.295) (0.074,0.407) (0.068,0.578) (0.086,0.800) (0.128,1.177) (0.172,1.611) (0.269,2.544)
Optimizing +R9 model parameters by 2-BFGS,EM algorithm...
Site proportion and rates:  (0.011,0.058) (0.102,0.218) (0.090,0.299) (0.073,0.416) (0.071,0.595) (0.091,0.833) (0.164,1.258) (0.161,1.818) (0.239,2.787)
Optimizing +R9 model parameters by 2-BFGS,EM algorithm...
Site proportion and rates:  (0.011,0.058) (0.096,0.218) (0.095,0.304) (0.074,0.427) (0.072,0.612) (0.092,0.861) (0.183,1.323) (0.169,1.964) (0.209,2.996)
Optimizing +R9 model parameters by 2-BFGS,EM algorithm...
Site proportion and rates:  (0.011,0.058) (0.091,0.218) (0.099,0.311) (0.074,0.439) (0.072,0.631) (0.092,0.889) (0.192,1.376) (0.172,2.076) (0.196,3.172)
Optimizing +R9 model parameters by 2-BFGS,EM algorithm...
Site proportion and rates:  (0.011,0.058) (0.088,0.218) (0.102,0.317) (0.075,0.449) (0.073,0.648) (0.093,0.914) (0.199,1.421) (0.177,2.174) (0.183,3.333)
Optimizing +R9 model parameters by 2-BFGS,EM algorithm...
Site proportion and rates:  (0.011,0.058) (0.085,0.218) (0.104,0.322) (0.076,0.458) (0.074,0.662) (0.092,0.936) (0.202,1.455) (0.178,2.232) (0.179,3.425)
Optimizing +R9 model parameters by 2-BFGS,EM algorithm...
Site proportion and rates:  (0.010,0.058) (0.083,0.218) (0.105,0.327) (0.076,0.466) (0.074,0.675) (0.092,0.954) (0.203,1.483) (0.178,2.277) (0.178,3.493)
Optimizing +R9 model parameters by 2-BFGS,EM algorithm...
Site proportion and rates:  (0.010,0.058) (0.081,0.218) (0.107,0.330) (0.077,0.473) (0.074,0.686) (0.092,0.969) (0.203,1.506) (0.178,2.313) (0.178,3.549)
Optimizing +R9 model parameters by 2-BFGS,EM algorithm...
Site proportion and rates:  (0.010,0.058) (0.080,0.218) (0.108,0.334) (0.077,0.478) (0.075,0.695) (0.092,0.982) (0.203,1.526) (0.178,2.343) (0.178,3.597)
Optimizing +R9 model parameters by 2-BFGS,EM algorithm...
Site proportion and rates:  (0.010,0.058) (0.078,0.218) (0.109,0.336) (0.078,0.483) (0.075,0.703) (0.092,0.993) (0.203,1.543) (0.178,2.370) (0.178,3.637)
Optimizing +R9 model parameters by 2-BFGS,EM algorithm...
Site proportion and rates:  (0.010,0.058) (0.077,0.218) (0.110,0.338) (0.078,0.488) (0.075,0.710) (0.092,1.004) (0.203,1.558) (0.178,2.392) (0.178,3.674)
Optimizing +R9 model parameters by 2-BFGS,EM algorithm...
Site proportion and rates:  (0.010,0.058) (0.076,0.218) (0.110,0.340) (0.078,0.491) (0.075,0.716) (0.092,1.012) (0.203,1.571) (0.178,2.413) (0.178,3.702)
Optimizing +R9 model parameters by 2-BFGS,EM algorithm...
Site proportion and rates:  (0.010,0.058) (0.075,0.218) (0.111,0.341) (0.079,0.494) (0.075,0.720) (0.092,1.018) (0.203,1.582) (0.178,2.428) (0.178,3.728)
Optimizing +R9 model parameters by 2-BFGS,EM algorithm...
Site proportion and rates:  (0.010,0.058) (0.074,0.218) (0.111,0.343) (0.079,0.497) (0.075,0.724) (0.091,1.025) (0.203,1.590) (0.178,2.442) (0.178,3.747)
Optimizing +R9 model parameters by 2-BFGS,EM algorithm...
Site proportion and rates:  (0.010,0.058) (0.074,0.218) (0.112,0.344) (0.079,0.499) (0.075,0.728) (0.092,1.029) (0.203,1.598) (0.178,2.455) (0.178,3.767)
Optimizing +R9 model parameters by 2-BFGS,EM algorithm...
Site proportion and rates:  (0.010,0.058) (0.073,0.218) (0.112,0.345) (0.079,0.501) (0.075,0.731) (0.092,1.034) (0.203,1.605) (0.178,2.464) (0.178,3.784)
Optimizing +R9 model parameters by 2-BFGS,EM algorithm...
Site proportion and rates:  (0.010,0.058) (0.073,0.218) (0.112,0.345) (0.079,0.502) (0.076,0.733) (0.092,1.037) (0.203,1.610) (0.178,2.471) (0.178,3.795)
Optimizing +R9 model parameters by 2-BFGS,EM algorithm...
Site proportion and rates:  (0.010,0.058) (0.072,0.218) (0.112,0.346) (0.079,0.503) (0.076,0.735) (0.092,1.040) (0.203,1.614) (0.178,2.477) (0.178,3.804)
Optimizing +R9 model parameters by 2-BFGS,EM algorithm...
Site proportion and rates:  (0.010,0.058) (0.072,0.218) (0.113,0.346) (0.080,0.504) (0.076,0.737) (0.091,1.042) (0.203,1.618) (0.178,2.483) (0.178,3.814)
Optimizing +R9 model parameters by 2-BFGS,EM algorithm...
Site proportion and rates:  (0.010,0.058) (0.072,0.218) (0.113,0.347) (0.080,0.505) (0.076,0.739) (0.091,1.045) (0.203,1.621) (0.178,2.489) (0.178,3.819)
Optimizing +R9 model parameters by 2-BFGS,EM algorithm...
Site proportion and rates:  (0.010,0.058) (0.071,0.218) (0.113,0.347) (0.080,0.505) (0.076,0.739) (0.091,1.046) (0.203,1.623) (0.178,2.494) (0.178,3.828)
Optimal log-likelihood: -224757.492
362  mtART+R9      224757.492   1455 452424.983   4689384.983  459095.855
Optimizing model mtART+R10
1. Initial log-likelihood: -225927.804 (took 0.528 wall-clock sec)
Optimizing +R10 model parameters by 2-BFGS,EM algorithm...
Site proportion and rates:  (0.010,0.049) (0.064,0.179) (0.093,0.280) (0.078,0.381) (0.071,0.535) (0.070,0.736) (0.065,0.975) (0.179,1.376) (0.162,2.010) (0.208,3.031)
Optimizing +R10 model parameters by 2-BFGS,EM algorithm...
Site proportion and rates:  (0.010,0.049) (0.071,0.179) (0.112,0.285) (0.079,0.413) (0.063,0.587) (0.068,0.777) (0.065,1.032) (0.186,1.389) (0.169,2.079) (0.176,3.155)
Optimizing +R10 model parameters by 2-BFGS,EM algorithm...
Site proportion and rates:  (0.010,0.049) (0.072,0.179) (0.113,0.285) (0.079,0.414) (0.067,0.592) (0.077,0.804) (0.073,1.108) (0.171,1.425) (0.167,2.099) (0.172,3.170)
Optimizing +R10 model parameters by 2-BFGS,EM algorithm...
Site proportion and rates:  (0.010,0.049) (0.072,0.179) (0.113,0.285) (0.079,0.414) (0.070,0.596) (0.086,0.827) (0.102,1.186) (0.142,1.504) (0.159,2.132) (0.168,3.192)
Optimizing +R10 model parameters by 2-BFGS,EM algorithm...
Site proportion and rates:  (0.010,0.049) (0.073,0.179) (0.113,0.285) (0.079,0.413) (0.071,0.597) (0.089,0.834) (0.136,1.229) (0.125,1.612) (0.145,2.200) (0.160,3.227)
Optimizing +R10 model parameters by 2-BFGS,EM algorithm...
Site proportion and rates:  (0.010,0.049) (0.073,0.179) (0.112,0.284) (0.079,0.413) (0.072,0.597) (0.089,0.836) (0.151,1.244) (0.126,1.672) (0.135,2.255) (0.154,3.251)
Optimizing +R10 model parameters by 2-BFGS,EM algorithm...
Site proportion and rates:  (0.010,0.049) (0.072,0.179) (0.112,0.285) (0.079,0.414) (0.072,0.599) (0.089,0.839) (0.152,1.250) (0.127,1.684) (0.133,2.269) (0.153,3.266)
Optimizing +R10 model parameters by 2-BFGS,EM algorithm...
Site proportion and rates:  (0.010,0.049) (0.072,0.179) (0.113,0.285) (0.079,0.414) (0.072,0.600) (0.089,0.841) (0.153,1.253) (0.127,1.687) (0.133,2.275) (0.153,3.271)
Optimizing +R10 model parameters by 2-BFGS,EM algorithm...
Site proportion and rates:  (0.010,0.049) (0.071,0.179) (0.113,0.285) (0.079,0.415) (0.072,0.601) (0.089,0.842) (0.153,1.256) (0.127,1.691) (0.133,2.280) (0.153,3.281)
Optimizing +R10 model parameters by 2-BFGS,EM algorithm...
Site proportion and rates:  (0.010,0.049) (0.071,0.179) (0.113,0.286) (0.079,0.416) (0.072,0.602) (0.089,0.843) (0.153,1.258) (0.127,1.695) (0.133,2.285) (0.153,3.286)
Optimal log-likelihood: -224733.003
363  mtART+R10     224733.003   1457 452380.006   4700992.006  459060.047
Alignment state count time was 0.001 seconds.
Empirical state frequencies: 0.1066187927 0.0530326804 0.0442300243 0.0535491512 0.0072978305 0.0430792911 0.0502238040 0.0702257220 0.0145057697 0.0546817626 0.1001855597 0.0572641167 0.0258590668 0.0368408673 0.0440578674 0.0605849334 0.0662751733 0.0171243674 0.0298821026 0.0644811168 
Optimizing model mtART+F+R9
1. Initial log-likelihood: -216242.1681861632 (took 0.4246342250 wall-clock sec)
Optimizing +R9 model parameters by 2-BFGS,EM algorithm...
Site proportion and rates:  (0.0142992939,0.0582692743) (0.0847285078,0.2180316825) (0.0816589428,0.3044365664) (0.0767170690,0.4028696020) (0.0612289612,0.5113490539) (0.1040573384,0.7256828892) (0.1585632076,1.0466926295) (0.2176268397,1.6565859457) (0.2011198394,2.8392496552)
Optimizing +R9 model parameters by 2-BFGS,EM algorithm...
Site proportion and rates:  (0.0142057839,0.0582692743) (0.0873414944,0.2180316825) (0.0911013154,0.3088858836) (0.0756028209,0.4198808147) (0.0513684473,0.5312404691) (0.1107223131,0.7395416560) (0.1529689425,1.0635825287) (0.2283970694,1.6775986476) (0.1882918132,2.9576771472)
Optimizing +R9 model parameters by 2-BFGS,EM algorithm...
Site proportion and rates:  (0.0141258879,0.0582692743) (0.0855473776,0.2180316825) (0.0947406981,0.3115345875) (0.0856835674,0.4329461618) (0.0468563953,0.5722358021) (0.1070503213,0.7608856420) (0.1498089623,1.0803839740) (0.2282806349,1.6960355862) (0.1879061551,2.9942721118)
Optimizing +R9 model parameters by 2-BFGS,EM algorithm...
Site proportion and rates:  (0.0140784423,0.0582692743) (0.0849314872,0.2180316825) (0.0978273636,0.3142196165) (0.0961188573,0.4455831202) (0.0568160579,0.6337710454) (0.0925052320,0.8045363189) (0.1430394628,1.0986678359) (0.2271710153,1.7088810251) (0.1875120815,3.0130800841)
Optimizing +R9 model parameters by 2-BFGS,EM algorithm...
Site proportion and rates:  (0.0140314222,0.0582692743) (0.0841730912,0.2180316825) (0.0991716813,0.3153273023) (0.0978944435,0.4496950032) (0.0752505755,0.6600772608) (0.0828621730,0.8548744781) (0.1334486839,1.1195360073) (0.2257591714,1.7200124001) (0.1874087581,3.0277479259)
Optimizing +R9 model parameters by 2-BFGS,EM algorithm...
Site proportion and rates:  (0.0139641877,0.0582692743) (0.0832206658,0.2180316825) (0.1000757619,0.3165448720) (0.0985990586,0.4522269570) (0.0851909291,0.6741922201) (0.0853980930,0.8949047134) (0.1224409961,1.1460319777) (0.2242323767,1.7323425290) (0.1868779312,3.0484314728)
Optimizing +R9 model parameters by 2-BFGS,EM algorithm...
Site proportion and rates:  (0.0138851031,0.0582692743) (0.0823348504,0.2180316825) (0.1008874891,0.3176408422) (0.0992131258,0.4549663256) (0.0911861728,0.6844217406) (0.0963247271,0.9317288566) (0.1085123049,1.1836536395) (0.2214048250,1.7492346936) (0.1862514017,3.0709272808)
Optimizing +R9 model parameters by 2-BFGS,EM algorithm...
Site proportion and rates:  (0.0137891950,0.0582692743) (0.0814104003,0.2180316825) (0.1015278107,0.3183946745) (0.0997014940,0.4571614758) (0.0943196069,0.6911446038) (0.1089609859,0.9569157477) (0.0983598241,1.2310566928) (0.2168794982,1.7699456956) (0.1850511850,3.0970309030)
Optimizing +R9 model parameters by 2-BFGS,EM algorithm...
Site proportion and rates:  (0.0136760859,0.0582692743) (0.0805851399,0.2180316825) (0.1021513177,0.3192066544) (0.1001454594,0.4592914778) (0.0960202363,0.6960849722) (0.1185036317,0.9750746000) (0.0964986240,1.2818299282) (0.2096009502,1.7991381657) (0.1828185549,3.1311333318)
Optimizing +R9 model parameters by 2-BFGS,EM algorithm...
Site proportion and rates:  (0.0135594159,0.0582692743) (0.0799372000,0.2180316825) (0.1027245916,0.3200219001) (0.1004890414,0.4612589841) (0.0975600592,0.7009618495) (0.1265595776,0.9923312693) (0.1017889952,1.3406251983) (0.1977047176,1.8385855621) (0.1796764017,3.1694427081)
Optimizing +R9 model parameters by 2-BFGS,EM algorithm...
Site proportion and rates:  (0.0135277431,0.0582692743) (0.0798121244,0.2180316825) (0.1029916512,0.3203419221) (0.1007327618,0.4621819635) (0.1003996670,0.7060790223) (0.1401571355,1.0180688199) (0.1139146431,1.4337618970) (0.1737179905,1.9057579571) (0.1747462834,3.1974228800)
Optimizing +R9 model parameters by 2-BFGS,EM algorithm...
Site proportion and rates:  (0.0135504628,0.0582692743) (0.0799566787,0.2180316825) (0.1029748342,0.3203419221) (0.1008902439,0.4621819635) (0.1032909903,0.7091514487) (0.1508507113,1.0347472918) (0.1294339888,1.5051235858) (0.1482567958,1.9667712452) (0.1707952942,3.2136855679)
Optimizing +R9 model parameters by 2-BFGS,EM algorithm...
Site proportion and rates:  (0.0134027468,0.0582692743) (0.0792766766,0.2180316825) (0.1035322788,0.3211352191) (0.1011836719,0.4641703676) (0.1037601198,0.7131215299) (0.1525429653,1.0424951911) (0.1380402778,1.5316310467) (0.1384633725,1.9991594432) (0.1697978905,3.2312732144)
Optimizing +R9 model parameters by 2-BFGS,EM algorithm...
Site proportion and rates:  (0.0131636944,0.0582692743) (0.0784122837,0.2180316825) (0.1042170146,0.3224397192) (0.1014748761,0.4670795235) (0.1038699723,0.7178091265) (0.1528468630,1.0494331548) (0.1406793149,1.5447717317) (0.1356445750,2.0172574409) (0.1696914060,3.2541183964)
Optimizing +R9 model parameters by 2-BFGS,EM algorithm...
Site proportion and rates:  (0.0128962756,0.0582692743) (0.0774872304,0.2180316825) (0.1051241787,0.3237444311) (0.1017937505,0.4699426912) (0.1039009294,0.7226645240) (0.1528546734,1.0567086796) (0.1414118865,1.5559055968) (0.1348841021,2.0320532475) (0.1696469734,3.2767127899)
Optimizing +R9 model parameters by 2-BFGS,EM algorithm...
Site proportion and rates:  (0.0126361399,0.0582692743) (0.0765385293,0.2180316825) (0.1059342612,0.3250509546) (0.1021318325,0.4728517902) (0.1039378390,0.7275850651) (0.1528785121,1.0640051699) (0.1414774605,1.5670208772) (0.1347354609,2.0465711426) (0.1697299647,3.2992938556)
Optimizing +R9 model parameters by 2-BFGS,EM algorithm...
Site proportion and rates:  (0.0124022695,0.0582692743) (0.0755600343,0.2180316825) (0.1066349881,0.3263577787) (0.1024109113,0.4752974829) (0.1038071596,0.7317224522) (0.1529324179,1.0702660263) (0.1415773967,1.5763922344) (0.1349293537,2.0587691904) (0.1697454690,3.3219981323)
Optimizing +R9 model parameters by 2-BFGS,EM algorithm...
Site proportion and rates:  (0.0122139868,0.0582692743) (0.0746506772,0.2180316825) (0.1074753673,0.3275534767) (0.1027475710,0.4782652161) (0.1039997092,0.7367690342) (0.1529423318,1.0779004297) (0.1414867820,1.5875286157) (0.1347467884,2.0734167161) (0.1697367863,3.3427029568)
Optimizing +R9 model parameters by 2-BFGS,EM algorithm...
Site proportion and rates:  (0.0120354011,0.0582692743) (0.0735592400,0.2180316825) (0.1081855073,0.3284651875) (0.1031365190,0.4807287022) (0.1038864995,0.7409063067) (0.1529853804,1.0839023408) (0.1417265713,1.5968549520) (0.1347816412,2.0855103531) (0.1697032402,3.3645660794)
Optimizing +R9 model parameters by 2-BFGS,EM algorithm...
Site proportion and rates:  (0.0118818931,0.0582692743) (0.0727819187,0.2180316825) (0.1088796007,0.3298059213) (0.1033082305,0.4831672885) (0.1039117062,0.7450593890) (0.1529931269,1.0900477279) (0.1416655489,1.6058592509) (0.1348481686,2.0972556042) (0.1697298065,3.3839515648)
Optimizing +R9 model parameters by 2-BFGS,EM algorithm...
Site proportion and rates:  (0.0117417726,0.0582692743) (0.0718546697,0.2180316825) (0.1095849373,0.3306539198) (0.1036408769,0.4856027165) (0.1039420963,0.7491303411) (0.1530152411,1.0960811904) (0.1417528815,1.6150109750) (0.1346506166,2.1092240627) (0.1698169078,3.3997088190)
Optimizing +R9 model parameters by 2-BFGS,EM algorithm...
Site proportion and rates:  (0.0116122995,0.0582692743) (0.0710290921,0.2180316825) (0.1102452079,0.3315857253) (0.1039080534,0.4878890017) (0.1039978541,0.7530287632) (0.1530489878,1.1018828602) (0.1418242357,1.6238223533) (0.1345383248,2.1206146497) (0.1697959447,3.4172664402)
Optimizing +R9 model parameters by 2-BFGS,EM algorithm...
Site proportion and rates:  (0.0114907207,0.0582692743) (0.0702541538,0.2180316825) (0.1108405940,0.3325410111) (0.1041522570,0.4899774189) (0.1040699748,0.7567564583) (0.1530855607,1.1075260798) (0.1416822705,1.6323176772) (0.1345646402,2.1300390351) (0.1698598283,3.4345879318)
Optimizing +R9 model parameters by 2-BFGS,EM algorithm...
Site proportion and rates:  (0.0113795616,0.0582692743) (0.0695171556,0.2180316825) (0.1114571331,0.3334756297) (0.1043612585,0.4921242913) (0.1041505941,0.7603683176) (0.1530993357,1.1131670600) (0.1416380049,1.6402436996) (0.1345303761,2.1401696735) (0.1698665803,3.4509845484)
Optimizing +R9 model parameters by 2-BFGS,EM algorithm...
Site proportion and rates:  (0.0112773500,0.0582692743) (0.0687985436,0.2180316825) (0.1120906073,0.3344038421) (0.1045452679,0.4943184017) (0.1041821245,0.7639351200) (0.1530931582,1.1183931013) (0.1416966125,1.6480407354) (0.1344527124,2.1502235979) (0.1698636237,3.4670739642)
Optimizing +R9 model parameters by 2-BFGS,EM algorithm...
Site proportion and rates:  (0.0111846639,0.0582692743) (0.0681170284,0.2180316825) (0.1126632426,0.3353272576) (0.1047533449,0.4963846469) (0.1041694720,0.7673788983) (0.1530068523,1.1234483408) (0.1414873583,1.6539952964) (0.1347468315,2.1600789520) (0.1698712062,3.4827516646)
Optimizing +R9 model parameters by 2-BFGS,EM algorithm...
Site proportion and rates:  (0.0111033652,0.0582692743) (0.0674543803,0.2180316825) (0.1132420291,0.3362317363) (0.1048869322,0.4983653758) (0.1042351659,0.7706982653) (0.1530668167,1.1282283138) (0.1416722075,1.6624487529) (0.1344908563,2.1690954156) (0.1698482468,3.4978679317)
Optimizing +R9 model parameters by 2-BFGS,EM algorithm...
Site proportion and rates:  (0.0110580119,0.0582692743) (0.0669882559,0.2180316825) (0.1135446305,0.3366532980) (0.1050541570,0.4994867323) (0.1042178678,0.7726048882) (0.1530299885,1.1312647530) (0.1416322270,1.6658584189) (0.1346274719,2.1754688871) (0.1698473895,3.5085725605)
Optimizing +R9 model parameters by 2-BFGS,EM algorithm...
Site proportion and rates:  (0.0110138891,0.0582692743) (0.0665327959,0.2180316825) (0.1138755978,0.3371199431) (0.1051735095,0.5006164457) (0.1042616051,0.7745811788) (0.1531097756,1.1341755480) (0.1417579080,1.6715988047) (0.1344885433,2.1811643045) (0.1697863757,3.5181441905)
Optimizing +R9 model parameters by 2-BFGS,EM algorithm...
Site proportion and rates:  (0.0109723419,0.0582692743) (0.0662394516,0.2180316825) (0.1141862200,0.3379433310) (0.1051802300,0.5017529227) (0.1042676346,0.7765462111) (0.1530675126,1.1370300374) (0.1417173890,1.6753493015) (0.1345760394,2.1868358786) (0.1697931809,3.5273314514)
Optimizing +R9 model parameters by 2-BFGS,EM algorithm...
Site proportion and rates:  (0.0109356487,0.0582692743) (0.0657817799,0.2180316825) (0.1145231333,0.3382812744) (0.1053404720,0.5029698232) (0.1042595981,0.7784681341) (0.1530495475,1.1399712326) (0.1416791144,1.6788865296) (0.1345836530,2.1925816843) (0.1698470530,3.5348494045)
Optimizing +R9 model parameters by 2-BFGS,EM algorithm...
Site proportion and rates:  (0.0109028684,0.0582692743) (0.0653726447,0.2180316825) (0.1148217988,0.3386863296) (0.1054802034,0.5040795828) (0.1042906486,0.7803727334) (0.1530240004,1.1426924971) (0.1416748492,1.6827620389) (0.1346248414,2.1978113232) (0.1698081451,3.5445325076)
Optimizing +R9 model parameters by 2-BFGS,EM algorithm...
Site proportion and rates:  (0.0108727908,0.0582692743) (0.0649892742,0.2180316825) (0.1151183400,0.3391279102) (0.1055919801,0.5051474522) (0.1043139991,0.7822257222) (0.1530073864,1.1453546380) (0.1416658979,1.6866798193) (0.1346139065,2.2029315015) (0.1698264251,3.5517278824)
Optimizing +R9 model parameters by 2-BFGS,EM algorithm...
Site proportion and rates:  (0.0108456563,0.0582692743) (0.0646297220,0.2180316825) (0.1152902253,0.3395780977) (0.1056267750,0.5056840850) (0.1041950542,0.7832371503) (0.1531524006,1.1467482512) (0.1419181610,1.6905655498) (0.1345641541,2.2079316439) (0.1697778515,3.5607611458)
Optimal log-likelihood: -215398.5147101437
373  mtART+F+R9    215398.515   1474 433745.029   4782045.029  440503.012
Alignment state count time was 0.001 seconds.
Empirical state frequencies: 0.1066187927 0.0530326804 0.0442300243 0.0535491512 0.0072978305 0.0430792911 0.0502238040 0.0702257220 0.0145057697 0.0546817626 0.1001855597 0.0572641167 0.0258590668 0.0368408673 0.0440578674 0.0605849334 0.0662751733 0.0171243674 0.0298821026 0.0644811168 
Optimizing model mtART+F+R10
1. Initial log-likelihood: -216103.1011787553 (took 0.5483942220 wall-clock sec)
Optimizing +R10 model parameters by 2-BFGS,EM algorithm...
Site proportion and rates:  (0.0105780798,0.0494000334) (0.0353059862,0.1793281711) (0.0712563517,0.2511616843) (0.0964492126,0.3438562530) (0.0886222244,0.4758985596) (0.0982014791,0.7079151869) (0.1351870285,1.0096264579) (0.1108049252,1.3964197255) (0.1802633134,1.8721969766) (0.1733313991,3.1248990148)
Optimizing +R10 model parameters by 2-BFGS,EM algorithm...
Site proportion and rates:  (0.0105183068,0.0494000334) (0.0381673192,0.1793281711) (0.0659636421,0.2511616843) (0.0904106560,0.3348048107) (0.0933959383,0.4658696728) (0.1023761669,0.7046253006) (0.1502451567,1.0257816378) (0.1279466246,1.4893827736) (0.1499081804,1.9460470822) (0.1710680090,3.1822839614)
Optimizing +R10 model parameters by 2-BFGS,EM algorithm...
Site proportion and rates:  (0.0105079633,0.0494000334) (0.0377204981,0.1793281711) (0.0653345935,0.2511616843) (0.0899167454,0.3344700058) (0.0946987591,0.4658696728) (0.1030339105,0.7070438359) (0.1524221600,1.0318793834) (0.1385105920,1.5162972047) (0.1380320488,1.9792969619) (0.1698227291,3.1998726455)
Optimizing +R10 model parameters by 2-BFGS,EM algorithm...
Site proportion and rates:  (0.0104967157,0.0494000334) (0.0366664697,0.1793281711) (0.0653226706,0.2511616843) (0.0902939690,0.3351392805) (0.0952710392,0.4675950874) (0.1030989497,0.7102203245) (0.1526161850,1.0373906408) (0.1411805377,1.5268312829) (0.1352592287,1.9937594325) (0.1697942348,3.2187323764)
Optimizing +R10 model parameters by 2-BFGS,EM algorithm...
Site proportion and rates:  (0.0104861029,0.0494000334) (0.0355310101,0.1793281711) (0.0658186161,0.2511616843) (0.0907570217,0.3362032409) (0.0953907710,0.4696238914) (0.1031167551,0.7137354415) (0.1526665154,1.0425322122) (0.1415681105,1.5353265499) (0.1347496246,2.0048936626) (0.1699154726,3.2323026350)
Optimizing +R10 model parameters by 2-BFGS,EM algorithm...
Site proportion and rates:  (0.0104766439,0.0494000334) (0.0344489029,0.1793281711) (0.0661758218,0.2511616843) (0.0912232661,0.3372856268) (0.0956130029,0.4716387286) (0.1031770952,0.7172172984) (0.1527347282,1.0477382110) (0.1418032612,1.5436530642) (0.1344897431,2.0156950533) (0.1698575346,3.2483372788)
Optimizing +R10 model parameters by 2-BFGS,EM algorithm...
Site proportion and rates:  (0.0104674125,0.0494000334) (0.0333876547,0.1793281711) (0.0665090899,0.2511616843) (0.0917138930,0.3383894160) (0.0958345802,0.4737391476) (0.1032493792,0.7207125484) (0.1527779063,1.0532262734) (0.1416729655,1.5516626555) (0.1344730854,2.0245957735) (0.1699140333,3.2644880223)
Optimizing +R10 model parameters by 2-BFGS,EM algorithm...
Site proportion and rates:  (0.0104588003,0.0494000334) (0.0323268804,0.1793281711) (0.0668654799,0.2511616843) (0.0922098162,0.3395184380) (0.0960183968,0.4758676303) (0.1032968698,0.7242458290) (0.1527752838,1.0584490209) (0.1419057332,1.5593190782) (0.1342889613,2.0359862270) (0.1698537781,3.2803821663)
Optimizing +R10 model parameters by 2-BFGS,EM algorithm...
Site proportion and rates:  (0.0104502152,0.0494000334) (0.0312950419,0.1793281711) (0.0671746488,0.2511616843) (0.0928285674,0.3406477171) (0.0962706762,0.4784089975) (0.1032903024,0.7284731474) (0.1526744380,1.0636561047) (0.1417488521,1.5672360145) (0.1343674486,2.0448170102) (0.1698998093,3.2967046219)
Optimizing +R10 model parameters by 2-BFGS,EM algorithm...
Site proportion and rates:  (0.0104419548,0.0494000334) (0.0302539832,0.1793281711) (0.0675045350,0.2511616843) (0.0932628298,0.3418460776) (0.0964110875,0.4803314101) (0.1033302075,0.7314975269) (0.1527704749,1.0690140439) (0.1416704772,1.5749054046) (0.1344290821,2.0547208322) (0.1699253679,3.3129482259)
Optimizing +R10 model parameters by 2-BFGS,EM algorithm...
Site proportion and rates:  (0.0104342095,0.0494000334) (0.0292654965,0.1793281711) (0.0678028109,0.2511616843) (0.0937309553,0.3429765600) (0.0965973056,0.4823935383) (0.1033516009,0.7349188488) (0.1527986112,1.0741387489) (0.1416715766,1.5825230762) (0.1344281415,2.0646360932) (0.1699192920,3.3289791504)
Optimizing +R10 model parameters by 2-BFGS,EM algorithm...
Site proportion and rates:  (0.0104268426,0.0494000334) (0.0283043958,0.1793281711) (0.0680818198,0.2511616843) (0.0942140050,0.3440887138) (0.0967730721,0.4844910385) (0.1033831683,0.7383679263) (0.1528002317,1.0792354154) (0.1417173098,1.5900934011) (0.1343845488,2.0745036788) (0.1699146062,3.3448459382)
Optimizing +R10 model parameters by 2-BFGS,EM algorithm...
Site proportion and rates:  (0.0104196221,0.0494000334) (0.0273768231,0.1793281711) (0.0683271583,0.2511616843) (0.0946992100,0.3451898859) (0.0969569715,0.4865892563) (0.1034043324,0.7418080321) (0.1528104452,1.0843068902) (0.1417423799,1.5976348213) (0.1343564746,2.0843306385) (0.1699065829,3.3605958548)
Optimizing +R10 model parameters by 2-BFGS,EM algorithm...
Site proportion and rates:  (0.0104125484,0.0494000334) (0.0264905991,0.1793281711) (0.0685234378,0.2511616843) (0.0952076249,0.3463058401) (0.0971519535,0.4887443895) (0.1034008192,0.7452280133) (0.1528191914,1.0893496721) (0.1417651283,1.6051332804) (0.1343303454,2.0941001812) (0.1698983521,3.3762632513)
Optimizing +R10 model parameters by 2-BFGS,EM algorithm...
Site proportion and rates:  (0.0104053055,0.0494000334) (0.0256398704,0.1793281711) (0.0685716440,0.2511616843) (0.0956491833,0.3470335770) (0.0975090532,0.4907803013) (0.1033960440,0.7486416765) (0.1527298904,1.0943721117) (0.1415207695,1.6109826545) (0.1346671791,2.1038217039) (0.1699110606,3.3918611732)
Optimizing +R10 model parameters by 2-BFGS,EM algorithm...
Site proportion and rates:  (0.0103989945,0.0494000334) (0.0247978787,0.1793281711) (0.0688026348,0.2511616843) (0.0961159683,0.3482081652) (0.0976090429,0.4927188358) (0.1034565252,0.7519810720) (0.1528087936,1.0992234546) (0.1416380644,1.6194076543) (0.1344859829,2.1128926932) (0.1698861147,3.4071767554)
Optimizing +R10 model parameters by 2-BFGS,EM algorithm...
Site proportion and rates:  (0.0103921532,0.0494000334) (0.0240263240,0.1793281711) (0.0688039257,0.2511616843) (0.0965308126,0.3489591743) (0.0979458621,0.4945923277) (0.1034640383,0.7552319336) (0.1527461933,1.1041304407) (0.1414911273,1.6253109608) (0.1347046875,2.1225428219) (0.1698948759,3.4222521857)
Optimizing +R10 model parameters by 2-BFGS,EM algorithm...
Site proportion and rates:  (0.0103862010,0.0494000334) (0.0232577304,0.1793281711) (0.0690051134,0.2511616843) (0.0970094681,0.3501256142) (0.0980135273,0.4965936202) (0.1035241158,0.7585057786) (0.1528117459,1.1088336825) (0.1416973275,1.6336535241) (0.1344228291,2.1314505207) (0.1698719416,3.4370586220)
Optimizing +R10 model parameters by 2-BFGS,EM algorithm...
Site proportion and rates:  (0.0103795246,0.0494000334) (0.0225604485,0.1793281711) (0.0689638640,0.2511616843) (0.0974592516,0.3508689748) (0.0983324733,0.4986153031) (0.1035042811,0.7617360595) (0.1527465489,1.1136184174) (0.1415529766,1.6394455040) (0.1346283745,2.1409225272) (0.1698722568,3.4516722673)
Optimizing +R10 model parameters by 2-BFGS,EM algorithm...
Site proportion and rates:  (0.0103759773,0.0494000334) (0.0221016858,0.1793281711) (0.0690742727,0.2511616843) (0.0977287821,0.3516221991) (0.0983340453,0.4997047028) (0.1035493143,0.7636137055) (0.1528399786,1.1164680436) (0.1418068510,1.6451532240) (0.1343678881,2.1465479963) (0.1698212048,3.4622014262)
Optimizing +R10 model parameters by 2-BFGS,EM algorithm...
Site proportion and rates:  (0.0103692794,0.0494000334) (0.0214529293,0.1793281711) (0.0690055978,0.2511616843) (0.0981725607,0.3523698405) (0.0986541051,0.5016876825) (0.1035417501,0.7668795368) (0.1527727268,1.1212282528) (0.1416242170,1.6508685140) (0.1345622776,2.1558140064) (0.1698445562,3.4755479448)
Optimizing +R10 model parameters by 2-BFGS,EM algorithm...
Site proportion and rates:  (0.0103658212,0.0494000334) (0.0210351333,0.1793281711) (0.0690921355,0.2511616843) (0.0984420535,0.3531134390) (0.0986554322,0.5027719325) (0.1035949172,0.7687384074) (0.1528431421,1.1240118244) (0.1418403141,1.6564592402) (0.1343458048,2.1612613489) (0.1697852460,3.4856471425)
Optimizing +R10 model parameters by 2-BFGS,EM algorithm...
Site proportion and rates:  (0.0103616312,0.0494000334) (0.0206432592,0.1793281711) (0.0689851572,0.2511616843) (0.0987124296,0.3534665525) (0.0988679951,0.5039411307) (0.1035762371,0.7706539281) (0.1528160456,1.1268406970) (0.1417755504,1.6601571474) (0.1344623314,2.1669098562) (0.1697993631,3.4948753609)
Optimizing +R10 model parameters by 2-BFGS,EM algorithm...
Site proportion and rates:  (0.0103575354,0.0494000334) (0.0202745123,0.1793281711) (0.0690137723,0.2511616843) (0.0989657263,0.3542137771) (0.0989521162,0.5050482957) (0.1035725861,0.7725674965) (0.1528012118,1.1297806345) (0.1417343098,1.6636672501) (0.1345134125,2.1726835679) (0.1698148173,3.5037927878)
Optimizing +R10 model parameters by 2-BFGS,EM algorithm...
Site proportion and rates:  (0.0103537294,0.0494000334) (0.0199092294,0.1793281711) (0.0689320803,0.2511616843) (0.0992268889,0.3545690402) (0.0991314614,0.5062475575) (0.1035882402,0.7744728622) (0.1527767550,1.1325581213) (0.1416859661,1.6675859591) (0.1345497437,2.1779752836) (0.1698459055,3.5112475588)
Optimizing +R10 model parameters by 2-BFGS,EM algorithm...
Site proportion and rates:  (0.0103501951,0.0494000334) (0.0195607319,0.1793281711) (0.0689669430,0.2511616843) (0.0994923677,0.3553061051) (0.0991730248,0.5073206287) (0.1036249900,0.7763653577) (0.1527569662,1.1352818408) (0.1417269628,1.6715416853) (0.1345508011,2.1831688266) (0.1697970174,3.5208395027)
Optimizing +R10 model parameters by 2-BFGS,EM algorithm...
Site proportion and rates:  (0.0103463367,0.0494000334) (0.0192304423,0.1793281711) (0.0688751320,0.2511616843) (0.0997468526,0.3556614113) (0.0993444648,0.5084650410) (0.1036267489,0.7782156511) (0.1527609191,1.1379806224) (0.1416816546,1.6755316601) (0.1345561191,2.1883671685) (0.1698313301,3.5280951222)
Optimizing +R10 model parameters by 2-BFGS,EM algorithm...
Site proportion and rates:  (0.0103427552,0.0494000334) (0.0189169681,0.1793281711) (0.0687695429,0.2511616843) (0.0999943068,0.3560197305) (0.0995136880,0.5095206489) (0.1036519445,0.7800446025) (0.1527627243,1.1406266988) (0.1417020324,1.6794521346) (0.1345516355,2.1934622415) (0.1697944024,3.5373570274)
Optimizing +R10 model parameters by 2-BFGS,EM algorithm...
Site proportion and rates:  (0.0103393042,0.0494000334) (0.0186124371,0.1793281711) (0.0686812671,0.2511616843) (0.1001088244,0.3564346848) (0.0996036896,0.5100301696) (0.1035294105,0.7810569812) (0.1529065726,1.1420341407) (0.1419296106,1.6833566761) (0.1344781674,2.1985120152) (0.1698107165,3.5443729671)
Optimizing +R10 model parameters by 2-BFGS,EM algorithm...
Site proportion and rates:  (0.0103359751,0.0494000334) (0.0183497837,0.1793281711) (0.0687415240,0.2511616843) (0.1003966336,0.3571593192) (0.0996151936,0.5112210129) (0.1036380795,0.7829760835) (0.1528561665,1.1450932927) (0.1418592427,1.6868947402) (0.1344242445,2.2032279221) (0.1697831568,3.5514550982)
Optimal log-likelihood: -215382.6416126535
374  mtART+F+R10   215382.642   1476 433717.283   4793821.283  440484.435
Optimizing model mtZOA+R9
1. Initial log-likelihood: -218504.823 (took 0.420 wall-clock sec)
Optimizing +R9 model parameters by 2-BFGS,EM algorithm...
Site proportion and rates:  (0.011,0.058) (0.086,0.218) (0.092,0.298) (0.080,0.410) (0.075,0.565) (0.074,0.760) (0.152,1.119) (0.185,1.606) (0.246,2.500)
Optimizing +R9 model parameters by 2-BFGS,EM algorithm...
Site proportion and rates:  (0.011,0.058) (0.088,0.218) (0.102,0.304) (0.082,0.431) (0.071,0.597) (0.068,0.792) (0.185,1.170) (0.193,1.768) (0.200,2.769)
Optimizing +R9 model parameters by 2-BFGS,EM algorithm...
Site proportion and rates:  (0.010,0.058) (0.087,0.218) (0.107,0.309) (0.084,0.445) (0.074,0.620) (0.071,0.840) (0.192,1.216) (0.204,1.857) (0.172,2.947)
Optimizing +R9 model parameters by 2-BFGS,EM algorithm...
Site proportion and rates:  (0.010,0.058) (0.083,0.218) (0.111,0.313) (0.086,0.455) (0.077,0.642) (0.074,0.885) (0.189,1.259) (0.203,1.910) (0.167,3.024)
Optimizing +R9 model parameters by 2-BFGS,EM algorithm...
Site proportion and rates:  (0.010,0.058) (0.080,0.218) (0.114,0.317) (0.088,0.465) (0.080,0.664) (0.077,0.928) (0.184,1.298) (0.200,1.954) (0.166,3.084)
Optimizing +R9 model parameters by 2-BFGS,EM algorithm...
Site proportion and rates:  (0.010,0.058) (0.077,0.218) (0.117,0.321) (0.091,0.475) (0.085,0.688) (0.080,0.977) (0.179,1.337) (0.196,1.994) (0.165,3.138)
Optimizing +R9 model parameters by 2-BFGS,EM algorithm...
Site proportion and rates:  (0.010,0.058) (0.075,0.218) (0.119,0.324) (0.093,0.484) (0.091,0.714) (0.087,1.041) (0.168,1.386) (0.192,2.031) (0.164,3.178)
Optimizing +R9 model parameters by 2-BFGS,EM algorithm...
Site proportion and rates:  (0.010,0.058) (0.074,0.218) (0.121,0.326) (0.095,0.492) (0.099,0.739) (0.106,1.115) (0.148,1.455) (0.183,2.066) (0.163,3.204)
Optimizing +R9 model parameters by 2-BFGS,EM algorithm...
Site proportion and rates:  (0.010,0.058) (0.074,0.218) (0.123,0.327) (0.096,0.495) (0.102,0.752) (0.129,1.161) (0.135,1.533) (0.171,2.108) (0.161,3.224)
Optimizing +R9 model parameters by 2-BFGS,EM algorithm...
Site proportion and rates:  (0.010,0.058) (0.072,0.218) (0.124,0.329) (0.097,0.500) (0.103,0.760) (0.136,1.183) (0.135,1.580) (0.162,2.148) (0.159,3.256)
Optimizing +R9 model parameters by 2-BFGS,EM algorithm...
Site proportion and rates:  (0.010,0.058) (0.071,0.218) (0.125,0.332) (0.097,0.505) (0.104,0.768) (0.139,1.198) (0.137,1.610) (0.158,2.180) (0.159,3.292)
Optimizing +R9 model parameters by 2-BFGS,EM algorithm...
Site proportion and rates:  (0.010,0.058) (0.070,0.218) (0.126,0.334) (0.098,0.508) (0.104,0.776) (0.140,1.210) (0.138,1.629) (0.156,2.206) (0.159,3.322)
Optimizing +R9 model parameters by 2-BFGS,EM algorithm...
Site proportion and rates:  (0.010,0.058) (0.069,0.218) (0.126,0.335) (0.098,0.512) (0.104,0.781) (0.141,1.220) (0.139,1.645) (0.155,2.225) (0.159,3.347)
Optimizing +R9 model parameters by 2-BFGS,EM algorithm...
Site proportion and rates:  (0.010,0.058) (0.068,0.218) (0.127,0.337) (0.098,0.515) (0.104,0.786) (0.141,1.228) (0.140,1.656) (0.154,2.240) (0.158,3.370)
Optimizing +R9 model parameters by 2-BFGS,EM algorithm...
Site proportion and rates:  (0.010,0.058) (0.068,0.218) (0.127,0.339) (0.098,0.517) (0.104,0.791) (0.141,1.235) (0.140,1.667) (0.154,2.255) (0.158,3.390)
Optimizing +R9 model parameters by 2-BFGS,EM algorithm...
Site proportion and rates:  (0.010,0.058) (0.067,0.218) (0.127,0.340) (0.098,0.519) (0.104,0.794) (0.141,1.242) (0.140,1.675) (0.154,2.265) (0.159,3.405)
Optimizing +R9 model parameters by 2-BFGS,EM algorithm...
Site proportion and rates:  (0.010,0.058) (0.067,0.218) (0.128,0.341) (0.099,0.521) (0.104,0.798) (0.141,1.248) (0.140,1.683) (0.153,2.275) (0.159,3.420)
Optimizing +R9 model parameters by 2-BFGS,EM algorithm...
Site proportion and rates:  (0.010,0.058) (0.066,0.218) (0.128,0.342) (0.099,0.523) (0.104,0.800) (0.141,1.250) (0.140,1.686) (0.153,2.281) (0.159,3.431)
Optimizing +R9 model parameters by 2-BFGS,EM algorithm...
Site proportion and rates:  (0.010,0.058) (0.066,0.218) (0.128,0.342) (0.099,0.524) (0.104,0.802) (0.141,1.253) (0.140,1.691) (0.153,2.287) (0.159,3.437)
Optimizing +R9 model parameters by 2-BFGS,EM algorithm...
Site proportion and rates:  (0.010,0.058) (0.066,0.218) (0.128,0.343) (0.099,0.525) (0.104,0.804) (0.141,1.256) (0.140,1.695) (0.153,2.292) (0.159,3.444)
Optimizing +R9 model parameters by 2-BFGS,EM algorithm...
Site proportion and rates:  (0.010,0.058) (0.066,0.218) (0.128,0.344) (0.099,0.527) (0.104,0.805) (0.142,1.259) (0.140,1.699) (0.153,2.297) (0.159,3.451)
Optimal log-likelihood: -217694.030
384  mtZOA+R9      217694.030   1455 438298.060   4675258.060  444968.931
Optimizing model mtZOA+R10
1. Initial log-likelihood: -218287.095 (took 0.529 wall-clock sec)
Optimizing +R10 model parameters by 2-BFGS,EM algorithm...
Site proportion and rates:  (0.010,0.049) (0.049,0.188) (0.063,0.270) (0.095,0.344) (0.089,0.497) (0.095,0.731) (0.092,1.075) (0.155,1.392) (0.182,2.001) (0.169,3.086)
Optimizing +R10 model parameters by 2-BFGS,EM algorithm...
Site proportion and rates:  (0.010,0.049) (0.058,0.189) (0.067,0.280) (0.081,0.342) (0.090,0.487) (0.101,0.726) (0.130,1.118) (0.135,1.478) (0.169,2.028) (0.161,3.098)
Optimizing +R10 model parameters by 2-BFGS,EM algorithm...
Site proportion and rates:  (0.010,0.049) (0.059,0.189) (0.077,0.284) (0.071,0.348) (0.089,0.487) (0.101,0.726) (0.139,1.127) (0.137,1.514) (0.158,2.050) (0.159,3.096)
Optimizing +R10 model parameters by 2-BFGS,EM algorithm...
Site proportion and rates:  (0.010,0.049) (0.060,0.189) (0.088,0.287) (0.063,0.358) (0.087,0.490) (0.101,0.727) (0.141,1.129) (0.139,1.522) (0.154,2.059) (0.158,3.096)
Optimizing +R10 model parameters by 2-BFGS,EM algorithm...
Site proportion and rates:  (0.010,0.049) (0.060,0.189) (0.097,0.290) (0.057,0.371) (0.083,0.495) (0.100,0.728) (0.142,1.129) (0.140,1.524) (0.152,2.059) (0.158,3.093)
Optimizing +R10 model parameters by 2-BFGS,EM algorithm...
Site proportion and rates:  (0.010,0.049) (0.060,0.189) (0.102,0.291) (0.057,0.380) (0.080,0.500) (0.099,0.729) (0.142,1.129) (0.140,1.524) (0.152,2.059) (0.158,3.093)
Optimizing +R10 model parameters by 2-BFGS,EM algorithm...
Site proportion and rates:  (0.010,0.049) (0.060,0.189) (0.104,0.292) (0.058,0.385) (0.078,0.504) (0.098,0.730) (0.142,1.129) (0.140,1.524) (0.152,2.059) (0.158,3.093)
Optimal log-likelihood: -217688.994
385  mtZOA+R10     217688.994   1457 438291.988   4686903.988  444972.029
Alignment state count time was 0.015 seconds.
Empirical state frequencies: 0.1066187927 0.0530326804 0.0442300243 0.0535491512 0.0072978305 0.0430792911 0.0502238040 0.0702257220 0.0145057697 0.0546817626 0.1001855597 0.0572641167 0.0258590668 0.0368408673 0.0440578674 0.0605849334 0.0662751733 0.0171243674 0.0298821026 0.0644811168 
Optimizing model mtZOA+F+R9
1. Initial log-likelihood: -211992.8214425299 (took 0.6323526920 wall-clock sec)
Optimizing +R9 model parameters by 2-BFGS,EM algorithm...
Site proportion and rates:  (0.0128715794,0.0582692743) (0.0790588519,0.2180316825) (0.0738237110,0.3142391572) (0.0916025034,0.4064704621) (0.0750942401,0.5372956612) (0.1246482384,0.7618395036) (0.1286391436,1.0461624838) (0.2369057247,1.5700874450) (0.1773560075,2.7297232896)
Optimizing +R9 model parameters by 2-BFGS,EM algorithm...
Site proportion and rates:  (0.0128500032,0.0582692743) (0.0797013345,0.2180316825) (0.0892169205,0.3209201428) (0.0867819316,0.4268328077) (0.0647918914,0.5558467479) (0.1265579777,0.7691920462) (0.1321327791,1.0690411581) (0.2321230008,1.5933891341) (0.1758441613,2.7750787489)
Optimizing +R9 model parameters by 2-BFGS,EM algorithm...
Site proportion and rates:  (0.0126740401,0.0582692743) (0.0788245489,0.2180316825) (0.0934012772,0.3249093571) (0.0894414647,0.4375841695) (0.0612763601,0.5721196085) (0.1254876060,0.7810365854) (0.1327607970,1.0836594599) (0.2303824488,1.6137423167) (0.1757514572,2.8044220564)
Optimizing +R9 model parameters by 2-BFGS,EM algorithm...
Site proportion and rates:  (0.0125143457,0.0582692743) (0.0778033613,0.2180316825) (0.0951921951,0.3280286444) (0.0919775644,0.4447247466) (0.0600391993,0.5850140403) (0.1243050668,0.7911150045) (0.1328333266,1.0976264722) (0.2297043518,1.6311547080) (0.1756305890,2.8338400154)
Optimizing +R9 model parameters by 2-BFGS,EM algorithm...
Site proportion and rates:  (0.0123612884,0.0582692743) (0.0769012982,0.2180316825) (0.0963903650,0.3303933131) (0.0937539879,0.4498822249) (0.0596292743,0.5952376793) (0.1234720608,0.8006403490) (0.1328928438,1.1094940422) (0.2290570530,1.6474048276) (0.1755418286,2.8602777832)
Optimizing +R9 model parameters by 2-BFGS,EM algorithm...
Site proportion and rates:  (0.0122358605,0.0582692743) (0.0763179778,0.2180316825) (0.0972516154,0.3320873136) (0.0950786670,0.4540383619) (0.0595716939,0.6035164714) (0.1227143067,0.8089102412) (0.1330860081,1.1183772987) (0.2282346005,1.6597329736) (0.1755092701,2.8797260336)
Optimizing +R9 model parameters by 2-BFGS,EM algorithm...
Site proportion and rates:  (0.0121045987,0.0582692743) (0.0756303735,0.2180316825) (0.0978774212,0.3334274272) (0.0961634605,0.4575228165) (0.0597061622,0.6102220472) (0.1221229938,0.8149400892) (0.1330716334,1.1264029598) (0.2278370973,1.6708112630) (0.1754862594,2.8986301054)
Optimizing +R9 model parameters by 2-BFGS,EM algorithm...
Site proportion and rates:  (0.0119779361,0.0582692743) (0.0750631427,0.2180316825) (0.0984069484,0.3348143193) (0.0968159922,0.4607242098) (0.0597842000,0.6152755178) (0.1217525409,0.8203752781) (0.1330304469,1.1335102226) (0.2277254940,1.6809542368) (0.1754432988,2.9156394807)
Optimizing +R9 model parameters by 2-BFGS,EM algorithm...
Site proportion and rates:  (0.0118554579,0.0582692743) (0.0745460820,0.2180316825) (0.0988689261,0.3361489528) (0.0972415027,0.4632031795) (0.0598994393,0.6195302294) (0.1214830587,0.8254446807) (0.1329196434,1.1403265851) (0.2276942572,1.6895311156) (0.1754916327,2.9315295070)
Optimizing +R9 model parameters by 2-BFGS,EM algorithm...
Site proportion and rates:  (0.0117437377,0.0582692743) (0.0739779839,0.2180316825) (0.0992436882,0.3370448517) (0.0976940957,0.4652064177) (0.0600090777,0.6229999939) (0.1212968499,0.8295050491) (0.1328837533,1.1449385852) (0.2276326778,1.6977312037) (0.1755181356,2.9460116957)
Optimizing +R9 model parameters by 2-BFGS,EM algorithm...
Site proportion and rates:  (0.0116842535,0.0582692743) (0.0737463902,0.2180316825) (0.0994474923,0.3378322535) (0.0979067005,0.4666243361) (0.0601470106,0.6249731488) (0.1211344689,0.8322710533) (0.1328966888,1.1482759449) (0.2275360487,1.7025874671) (0.1755009465,2.9550368222)
Optimizing +R9 model parameters by 2-BFGS,EM algorithm...
Site proportion and rates:  (0.0116237750,0.0582692743) (0.0733690209,0.2180316825) (0.0996825247,0.3382010840) (0.0983344543,0.4675580516) (0.0602403306,0.6274767941) (0.1209852802,0.8349634280) (0.1329116713,1.1520200811) (0.2273672103,1.7075933123) (0.1754857328,2.9631650839)
Optimizing +R9 model parameters by 2-BFGS,EM algorithm...
Site proportion and rates:  (0.0115677264,0.0582692743) (0.0731265551,0.2180316825) (0.0998469550,0.3389490945) (0.0983161145,0.4685694150) (0.0602771435,0.6287323754) (0.1210604301,0.8367946298) (0.1330132139,1.1549818162) (0.2273347114,1.7122488122) (0.1754571501,2.9709150353)
Optimizing +R9 model parameters by 2-BFGS,EM algorithm...
Site proportion and rates:  (0.0115133914,0.0582692743) (0.0728144177,0.2180316825) (0.0998859592,0.3392880437) (0.0982128089,0.4691282976) (0.0602169324,0.6287323754) (0.1211388049,0.8378276572) (0.1328876077,1.1566589801) (0.2277239390,1.7149967334) (0.1756061389,2.9783549171)
Optimizing +R9 model parameters by 2-BFGS,EM algorithm...
Site proportion and rates:  (0.0114677043,0.0582692743) (0.0725052467,0.2180316825) (0.1001118559,0.3396273318) (0.0983997158,0.4701343421) (0.0603670513,0.6307043763) (0.1212432118,0.8405668835) (0.1329259231,1.1598649000) (0.2274493066,1.7197606984) (0.1755299846,2.9840093310)
Optimizing +R9 model parameters by 2-BFGS,EM algorithm...
Site proportion and rates:  (0.0114244478,0.0582692743) (0.0722231750,0.2180316825) (0.1001232068,0.3399765686) (0.0983484363,0.4706599143) (0.0603644291,0.6307043763) (0.1212978895,0.8414074505) (0.1328485664,1.1615874074) (0.2277606365,1.7224036444) (0.1756092128,2.9913352815)
Optimal log-likelihood: -211548.9542299119
395  mtZOA+F+R9    211548.954   1474 426045.908   4774345.908  432803.891
Alignment state count time was 0.001 seconds.
Empirical state frequencies: 0.1066187927 0.0530326804 0.0442300243 0.0535491512 0.0072978305 0.0430792911 0.0502238040 0.0702257220 0.0145057697 0.0546817626 0.1001855597 0.0572641167 0.0258590668 0.0368408673 0.0440578674 0.0605849334 0.0662751733 0.0171243674 0.0298821026 0.0644811168 
Optimizing model mtZOA+F+R10
1. Initial log-likelihood: -211906.5333914738 (took 0.4314359981 wall-clock sec)
Optimizing +R10 model parameters by 2-BFGS,EM algorithm...
Site proportion and rates:  (0.0107939176,0.0494000334) (0.0302959495,0.1793281711) (0.0663378718,0.2513123157) (0.1119912999,0.3544989336) (0.1034162501,0.5020953131) (0.1235593774,0.7584939014) (0.1146312269,1.0218157742) (0.1097337730,1.3826518451) (0.1639237877,1.7358637752) (0.1653165462,2.8254122286)
Optimizing +R10 model parameters by 2-BFGS,EM algorithm...
Site proportion and rates:  (0.0107034780,0.0494000334) (0.0297109950,0.1793281711) (0.0621288655,0.2513123157) (0.1008282709,0.3459834037) (0.1128077476,0.4917395573) (0.1274143969,0.7577354074) (0.1152028962,1.0307573370) (0.1054352142,1.3965940657) (0.1657282335,1.7499885887) (0.1700399022,2.8728372061)
Optimizing +R10 model parameters by 2-BFGS,EM algorithm...
Site proportion and rates:  (0.0106797630,0.0494000334) (0.0282769979,0.1793281711) (0.0620550035,0.2513123157) (0.0998802659,0.3469560289) (0.1142192064,0.4933575074) (0.1274829694,0.7628459416) (0.1157433851,1.0384081649) (0.1045250967,1.4062790569) (0.1668474764,1.7641706044) (0.1702898356,2.9001926280)
Optimizing +R10 model parameters by 2-BFGS,EM algorithm...
Site proportion and rates:  (0.0106651696,0.0494000334) (0.0272384584,0.1793281711) (0.0623583021,0.2513123157) (0.1001157308,0.3484564005) (0.1144180948,0.4958861379) (0.1274245785,0.7666730629) (0.1158869618,1.0442962796) (0.1040858724,1.4140294756) (0.1673561341,1.7740419190) (0.1704506973,2.9184285934)
Optimizing +R10 model parameters by 2-BFGS,EM algorithm...
Site proportion and rates:  (0.0106530517,0.0494000334) (0.0262984536,0.1793281711) (0.0627641146,0.2513123157) (0.1007449912,0.3503428811) (0.1144657628,0.4988663706) (0.1275819243,0.7716066985) (0.1158287681,1.0512819417) (0.1043713205,1.4246003824) (0.1669523192,1.7856924830) (0.1703392941,2.9353491744)
Optimizing +R10 model parameters by 2-BFGS,EM algorithm...
Site proportion and rates:  (0.0106397619,0.0494000334) (0.0254243719,0.1793281711) (0.0629977819,0.2513123157) (0.1010179231,0.3518052023) (0.1146707750,0.5013686864) (0.1275519390,0.7755282411) (0.1159454228,1.0569571632) (0.1042386443,1.4311357387) (0.1671000458,1.7950772781) (0.1704133341,2.9526176633)
Optimizing +R10 model parameters by 2-BFGS,EM algorithm...
Site proportion and rates:  (0.0106281581,0.0494000334) (0.0246487688,0.1793281711) (0.0632487714,0.2513123157) (0.1014283446,0.3533433341) (0.1147519204,0.5038051838) (0.1275610907,0.7795717813) (0.1159264554,1.0622345453) (0.1042118555,1.4383477956) (0.1671574233,1.8042692050) (0.1704372117,2.9682192653)
Optimizing +R10 model parameters by 2-BFGS,EM algorithm...
Site proportion and rates:  (0.0106168919,0.0494000334) (0.0239567808,0.1793281711) (0.0634714025,0.2513123157) (0.1018377676,0.3548180220) (0.1148571141,0.5062392290) (0.1275830952,0.7836090426) (0.1159088806,1.0674940955) (0.1042354570,1.4454891459) (0.1671095958,1.8131945109) (0.1704230145,2.9828714807)
Optimizing +R10 model parameters by 2-BFGS,EM algorithm...
Site proportion and rates:  (0.0106061803,0.0494000334) (0.0233192134,0.1793281711) (0.0636666780,0.2513123157) (0.1022380111,0.3562396920) (0.1149322289,0.5086120579) (0.1276286428,0.7872434288) (0.1158808784,1.0726562129) (0.1044100404,1.4525735158) (0.1669307064,1.8221526875) (0.1703874203,2.9968605708)
Optimizing +R10 model parameters by 2-BFGS,EM algorithm...
Site proportion and rates:  (0.0105956331,0.0494000334) (0.0227332381,0.1793281711) (0.0638496386,0.2513123157) (0.1026096831,0.3576186178) (0.1150162741,0.5108830003) (0.1276813207,0.7909530266) (0.1158718280,1.0776431330) (0.1045408579,1.4594573263) (0.1667376412,1.8305606790) (0.1703638852,3.0102959575)
Optimizing +R10 model parameters by 2-BFGS,EM algorithm...
Site proportion and rates:  (0.0105895787,0.0494000334) (0.0223898645,0.1793281711) (0.0639622692,0.2513123157) (0.1027132492,0.3584693912) (0.1149947096,0.5119069246) (0.1276606731,0.7925920696) (0.1160058381,1.0800256159) (0.1049136010,1.4643004613) (0.1664654622,1.8361690687) (0.1703047544,3.0195900324)
Optimizing +R10 model parameters by 2-BFGS,EM algorithm...
Site proportion and rates:  (0.0105829163,0.0494000334) (0.0220520579,0.1793281711) (0.0640521251,0.2513123157) (0.1028478414,0.3592531888) (0.1149881153,0.5130268922) (0.1276302924,0.7942960667) (0.1161243079,1.0825232625) (0.1052513352,1.4687084428) (0.1661889951,1.8415481574) (0.1702820134,3.0277925513)
Optimizing +R10 model parameters by 2-BFGS,EM algorithm...
Site proportion and rates:  (0.0105766499,0.0494000334) (0.0217407540,0.1793281711) (0.0641199924,0.2513123157) (0.1031622564,0.3600055924) (0.1151374000,0.5146909571) (0.1277527444,0.7969196181) (0.1159609587,1.0864576543) (0.1051763383,1.4721376353) (0.1661245220,1.8467145070) (0.1702483840,3.0354871441)
Optimizing +R10 model parameters by 2-BFGS,EM algorithm...
Site proportion and rates:  (0.0105704970,0.0494000334) (0.0214318098,0.1793281711) (0.0642105950,0.2513123157) (0.1032767876,0.3608181229) (0.1151605370,0.5157208539) (0.1277543717,0.7988281731) (0.1160391424,1.0886316562) (0.1054014694,1.4768499195) (0.1659136059,1.8514884259) (0.1702411842,3.0432608695)
Optimizing +R10 model parameters by 2-BFGS,EM algorithm...
Site proportion and rates:  (0.0105642022,0.0494000334) (0.0211678147,0.1793281711) (0.0642471946,0.2513123157) (0.1033941179,0.3615601560) (0.1152193854,0.5168409754) (0.1276256992,0.8004953983) (0.1160218691,1.0910620038) (0.1051098967,1.4787083218) (0.1662608036,1.8544753530) (0.1703890167,3.0505949261)
Optimizing +R10 model parameters by 2-BFGS,EM algorithm...
Site proportion and rates:  (0.0105589327,0.0494000334) (0.0208928652,0.1793281711) (0.0642516040,0.2513123157) (0.1035368472,0.3619217162) (0.1153542063,0.5179549500) (0.1277034655,0.8022045899) (0.1160755370,1.0933332057) (0.1053482988,1.4833104048) (0.1659753513,1.8595869504) (0.1703028921,3.0562980341)
Optimizing +R10 model parameters by 2-BFGS,EM algorithm...
Site proportion and rates:  (0.0105539387,0.0494000334) (0.0206622271,0.1793281711) (0.0643408312,0.2513123157) (0.1036772659,0.3627604410) (0.1153875336,0.5190256897) (0.1277311651,0.8038977829) (0.1159522204,1.0957286151) (0.1050824824,1.4851133016) (0.1662162618,1.8624129703) (0.1703960738,3.0626717159)
Optimal log-likelihood: -211525.3747181862
396  mtZOA+F+R10   211525.375   1476 426002.749   4786106.749  432769.902
Optimizing model mtMet+R9
1. Initial log-likelihood: -220314.634 (took 0.492 wall-clock sec)
Optimizing +R9 model parameters by 2-BFGS,EM algorithm...
Site proportion and rates:  (0.010,0.058) (0.077,0.218) (0.094,0.305) (0.081,0.408) (0.090,0.564) (0.082,0.784) (0.132,1.091) (0.186,1.510) (0.248,2.332)
Optimizing +R9 model parameters by 2-BFGS,EM algorithm...
Site proportion and rates:  (0.010,0.058) (0.087,0.218) (0.103,0.301) (0.084,0.419) (0.085,0.579) (0.097,0.824) (0.193,1.181) (0.173,1.710) (0.167,2.619)
Optimizing +R9 model parameters by 2-BFGS,EM algorithm...
Site proportion and rates:  (0.010,0.058) (0.085,0.218) (0.105,0.303) (0.085,0.424) (0.086,0.588) (0.098,0.839) (0.197,1.201) (0.176,1.747) (0.159,2.689)
Optimizing +R9 model parameters by 2-BFGS,EM algorithm...
Site proportion and rates:  (0.010,0.058) (0.082,0.218) (0.108,0.307) (0.085,0.430) (0.086,0.597) (0.098,0.852) (0.197,1.220) (0.176,1.774) (0.158,2.733)
Optimizing +R9 model parameters by 2-BFGS,EM algorithm...
Site proportion and rates:  (0.010,0.058) (0.079,0.218) (0.110,0.309) (0.086,0.436) (0.086,0.606) (0.098,0.863) (0.197,1.235) (0.176,1.799) (0.158,2.771)
Optimizing +R9 model parameters by 2-BFGS,EM algorithm...
Site proportion and rates:  (0.010,0.058) (0.077,0.218) (0.111,0.312) (0.086,0.441) (0.086,0.612) (0.098,0.874) (0.197,1.250) (0.176,1.819) (0.158,2.803)
Optimizing +R9 model parameters by 2-BFGS,EM algorithm...
Site proportion and rates:  (0.010,0.058) (0.076,0.218) (0.112,0.314) (0.087,0.445) (0.086,0.619) (0.098,0.883) (0.197,1.264) (0.176,1.838) (0.158,2.833)
Optimizing +R9 model parameters by 2-BFGS,EM algorithm...
Site proportion and rates:  (0.010,0.058) (0.074,0.218) (0.113,0.316) (0.087,0.449) (0.086,0.624) (0.098,0.891) (0.197,1.275) (0.176,1.856) (0.158,2.860)
Optimizing +R9 model parameters by 2-BFGS,EM algorithm...
Site proportion and rates:  (0.010,0.058) (0.073,0.218) (0.114,0.318) (0.087,0.452) (0.086,0.629) (0.098,0.898) (0.197,1.285) (0.176,1.869) (0.158,2.881)
Optimizing +R9 model parameters by 2-BFGS,EM algorithm...
Site proportion and rates:  (0.010,0.058) (0.072,0.218) (0.115,0.320) (0.087,0.455) (0.086,0.633) (0.098,0.905) (0.197,1.294) (0.176,1.881) (0.158,2.900)
Optimizing +R9 model parameters by 2-BFGS,EM algorithm...
Site proportion and rates:  (0.010,0.058) (0.072,0.218) (0.115,0.321) (0.087,0.457) (0.086,0.637) (0.098,0.909) (0.197,1.301) (0.176,1.893) (0.158,2.918)
Optimizing +R9 model parameters by 2-BFGS,EM algorithm...
Site proportion and rates:  (0.010,0.058) (0.071,0.218) (0.116,0.322) (0.088,0.460) (0.086,0.640) (0.098,0.914) (0.197,1.308) (0.176,1.903) (0.158,2.934)
Optimizing +R9 model parameters by 2-BFGS,EM algorithm...
Site proportion and rates:  (0.010,0.058) (0.070,0.218) (0.117,0.324) (0.088,0.462) (0.086,0.644) (0.098,0.919) (0.197,1.314) (0.176,1.913) (0.158,2.946)
Optimizing +R9 model parameters by 2-BFGS,EM algorithm...
Site proportion and rates:  (0.010,0.058) (0.070,0.218) (0.117,0.325) (0.088,0.464) (0.086,0.646) (0.098,0.923) (0.197,1.320) (0.176,1.922) (0.158,2.959)
Optimizing +R9 model parameters by 2-BFGS,EM algorithm...
Site proportion and rates:  (0.010,0.058) (0.069,0.218) (0.117,0.326) (0.088,0.465) (0.087,0.649) (0.098,0.927) (0.197,1.326) (0.176,1.928) (0.158,2.972)
Optimizing +R9 model parameters by 2-BFGS,EM algorithm...
Site proportion and rates:  (0.010,0.058) (0.069,0.218) (0.117,0.326) (0.088,0.466) (0.087,0.650) (0.098,0.929) (0.197,1.329) (0.176,1.934) (0.158,2.981)
Optimizing +R9 model parameters by 2-BFGS,EM algorithm...
Site proportion and rates:  (0.010,0.058) (0.069,0.218) (0.118,0.327) (0.088,0.468) (0.086,0.652) (0.098,0.931) (0.197,1.331) (0.176,1.937) (0.159,2.986)
Optimizing +R9 model parameters by 2-BFGS,EM algorithm...
Site proportion and rates:  (0.010,0.058) (0.068,0.218) (0.118,0.327) (0.088,0.468) (0.086,0.653) (0.098,0.933) (0.197,1.335) (0.176,1.942) (0.158,2.994)
Optimizing +R9 model parameters by 2-BFGS,EM algorithm...
Site proportion and rates:  (0.010,0.058) (0.068,0.218) (0.118,0.328) (0.088,0.469) (0.087,0.654) (0.098,0.935) (0.197,1.338) (0.176,1.947) (0.158,2.998)
Optimal log-likelihood: -219855.185
406  mtMet+R9      219855.185   1455 442620.369   4679580.369  449291.241
Optimizing model mtMet+R10
1. Initial log-likelihood: -220195.621 (took 0.547 wall-clock sec)
Optimizing +R10 model parameters by 2-BFGS,EM algorithm...
Site proportion and rates:  (0.010,0.053) (0.033,0.186) (0.072,0.262) (0.113,0.357) (0.102,0.531) (0.084,0.754) (0.101,1.053) (0.165,1.379) (0.167,1.925) (0.154,2.918)
Optimizing +R10 model parameters by 2-BFGS,EM algorithm...
Site proportion and rates:  (0.010,0.053) (0.037,0.187) (0.073,0.264) (0.113,0.359) (0.104,0.540) (0.084,0.774) (0.114,1.086) (0.144,1.399) (0.164,1.910) (0.156,2.909)
Optimizing +R10 model parameters by 2-BFGS,EM algorithm...
Site proportion and rates:  (0.010,0.053) (0.041,0.190) (0.076,0.270) (0.110,0.365) (0.104,0.547) (0.083,0.781) (0.116,1.090) (0.141,1.402) (0.164,1.910) (0.156,2.909)
Optimizing +R10 model parameters by 2-BFGS,EM algorithm...
Site proportion and rates:  (0.010,0.053) (0.049,0.195) (0.083,0.283) (0.100,0.377) (0.101,0.554) (0.082,0.786) (0.116,1.091) (0.141,1.402) (0.163,1.908) (0.156,2.905)
Optimizing +R10 model parameters by 2-BFGS,EM algorithm...
Site proportion and rates:  (0.010,0.053) (0.059,0.200) (0.101,0.301) (0.085,0.407) (0.093,0.572) (0.079,0.796) (0.115,1.094) (0.140,1.402) (0.163,1.905) (0.156,2.900)
Optimizing +R10 model parameters by 2-BFGS,EM algorithm...
Site proportion and rates:  (0.010,0.053) (0.064,0.202) (0.118,0.310) (0.083,0.439) (0.082,0.601) (0.075,0.817) (0.112,1.096) (0.138,1.396) (0.162,1.894) (0.156,2.881)
Optimizing +R10 model parameters by 2-BFGS,EM algorithm...
Site proportion and rates:  (0.010,0.053) (0.064,0.202) (0.120,0.311) (0.086,0.445) (0.081,0.611) (0.075,0.832) (0.110,1.104) (0.136,1.396) (0.162,1.893) (0.155,2.878)
Optimizing +R10 model parameters by 2-BFGS,EM algorithm...
Site proportion and rates:  (0.010,0.053) (0.064,0.202) (0.120,0.311) (0.087,0.445) (0.081,0.612) (0.075,0.835) (0.109,1.106) (0.135,1.396) (0.162,1.891) (0.156,2.875)
Optimal log-likelihood: -219843.277
407  mtMet+R10     219843.277   1457 442600.554   4691212.554  449280.595
Alignment state count time was 0.016 seconds.
Empirical state frequencies: 0.1066187927 0.0530326804 0.0442300243 0.0535491512 0.0072978305 0.0430792911 0.0502238040 0.0702257220 0.0145057697 0.0546817626 0.1001855597 0.0572641167 0.0258590668 0.0368408673 0.0440578674 0.0605849334 0.0662751733 0.0171243674 0.0298821026 0.0644811168 
Optimizing model mtMet+F+R9
1. Initial log-likelihood: -211567.9243979439 (took 0.6027932800 wall-clock sec)
Optimizing +R9 model parameters by 2-BFGS,EM algorithm...
Site proportion and rates:  (0.0111383942,0.0582692743) (0.0765412947,0.2180316825) (0.0535091791,0.2996381564) (0.0981184353,0.3825917155) (0.0948719419,0.5163331321) (0.1279815327,0.7494537200) (0.1299016270,1.0578316618) (0.2351358292,1.5738349737) (0.1728017658,2.6327621105)
Optimizing +R9 model parameters by 2-BFGS,EM algorithm...
Site proportion and rates:  (0.0109834096,0.0582692743) (0.0768256971,0.2180316825) (0.0560868299,0.3044674033) (0.0905284401,0.3849305942) (0.0956672289,0.5163331321) (0.1299080788,0.7532037199) (0.1307758931,1.0698305297) (0.2392244641,1.5930759666) (0.1699999585,2.6920327950)
Optimizing +R9 model parameters by 2-BFGS,EM algorithm...
Site proportion and rates:  (0.0108803164,0.0582692743) (0.0741605533,0.2180316825) (0.0571147474,0.3047718708) (0.0895376942,0.3865257438) (0.0975467619,0.5196494975) (0.1304369604,0.7608147249) (0.1308345763,1.0818491694) (0.2394227913,1.6121630000) (0.1700655989,2.7239778465)
Optimizing +R9 model parameters by 2-BFGS,EM algorithm...
Site proportion and rates:  (0.0108130058,0.0582692743) (0.0714824454,0.2180316825) (0.0563833763,0.3035546103) (0.0908017587,0.3873321547) (0.0992646896,0.5231934921) (0.1308247039,0.7685101342) (0.1309111696,1.0934977223) (0.2394558559,1.6298022364) (0.1700629948,2.7540761763)
Optimizing +R9 model parameters by 2-BFGS,EM algorithm...
Site proportion and rates:  (0.0107630965,0.0582692743) (0.0683892129,0.2180316825) (0.0547936367,0.3005291141) (0.0934506067,0.3877194870) (0.1009314867,0.5267334899) (0.1311702093,0.7760358851) (0.1309758095,1.1045920493) (0.2395329842,1.6468114184) (0.1699929575,2.7839592895)
Optimizing +R9 model parameters by 2-BFGS,EM algorithm...
Site proportion and rates:  (0.0107231593,0.0582692743) (0.0650211176,0.2180316825) (0.0525221775,0.2960367669) (0.0965267772,0.3865574910) (0.1029865959,0.5295914890) (0.1316279673,0.7833887204) (0.1310574673,1.1156690048) (0.2395472043,1.6635769839) (0.1699875337,2.8124111237)
Optimizing +R9 model parameters by 2-BFGS,EM algorithm...
Site proportion and rates:  (0.0106901894,0.0582692743) (0.0613714224,0.2180316825) (0.0502762574,0.2908653820) (0.0996387266,0.3853989775) (0.1051411341,0.5317995545) (0.1321318851,0.7904644015) (0.1311661264,1.1265754724) (0.2395980807,1.6801136208) (0.1699861780,2.8404119585)
Optimizing +R9 model parameters by 2-BFGS,EM algorithm...
Site proportion and rates:  (0.0106612937,0.0582692743) (0.0579437382,0.2180316825) (0.0493982568,0.2871758263) (0.1019947242,0.3857843766) (0.1066873951,0.5350269809) (0.1323245007,0.7972879067) (0.1309999492,1.1371353004) (0.2398123228,1.6944686386) (0.1701778193,2.8676479131)
Optimizing +R9 model parameters by 2-BFGS,EM algorithm...
Site proportion and rates:  (0.0106376049,0.0582692743) (0.0556067552,0.2180316825) (0.0494236887,0.2855734292) (0.1028609750,0.3861701610) (0.1077900712,0.5376857772) (0.1326394495,0.8025513460) (0.1311241332,1.1450452807) (0.2396392397,1.7077500429) (0.1702780826,2.8872092347)
Optimizing +R9 model parameters by 2-BFGS,EM algorithm...
Site proportion and rates:  (0.0106157258,0.0582692743) (0.0536406099,0.2180316825) (0.0502788063,0.2850025677) (0.1035182348,0.3880025256) (0.1081429409,0.5408986155) (0.1326985813,0.8078398990) (0.1312078980,1.1530037234) (0.2396223202,1.7198184606) (0.1702748827,2.9075369868)
Optimizing +R9 model parameters by 2-BFGS,EM algorithm...
Site proportion and rates:  (0.0105946230,0.0582692743) (0.0519182950,0.2180316825) (0.0512892299,0.2850025677) (0.1038972412,0.3899157772) (0.1084314380,0.5441534776) (0.1327901877,0.8131369450) (0.1312843672,1.1609567309) (0.2395827482,1.7317655443) (0.1702118699,2.9270804426)
Optimizing +R9 model parameters by 2-BFGS,EM algorithm...
Site proportion and rates:  (0.0105755088,0.0582692743) (0.0502085618,0.2180316825) (0.0524517687,0.2850025677) (0.1043301987,0.3921974670) (0.1085403377,0.5475064291) (0.1328272992,0.8183784820) (0.1313211602,1.1685426168) (0.2395438064,1.7430691846) (0.1702013586,2.9462262972)
Optimizing +R9 model parameters by 2-BFGS,EM algorithm...
Site proportion and rates:  (0.0105564282,0.0582692743) (0.0487709129,0.2180316825) (0.0534399732,0.2855728581) (0.1045607448,0.3940504575) (0.1087639759,0.5508058349) (0.1328482493,0.8235807638) (0.1312981265,1.1757562804) (0.2395718162,1.7540479576) (0.1701897730,2.9648261957)
Optimizing +R9 model parameters by 2-BFGS,EM algorithm...
Site proportion and rates:  (0.0105379681,0.0582692743) (0.0474102235,0.2180316825) (0.0545849786,0.2861461365) (0.1048186248,0.3964210884) (0.1087404805,0.5540375048) (0.1328839671,0.8285590331) (0.1313599523,1.1831669323) (0.2395254699,1.7649463413) (0.1701383352,2.9831356926)
Optimizing +R9 model parameters by 2-BFGS,EM algorithm...
Site proportion and rates:  (0.0105185848,0.0582692743) (0.0461422639,0.2180316825) (0.0556308309,0.2867187151) (0.1050369286,0.3986797826) (0.1087671176,0.5573294393) (0.1327452790,0.8335046497) (0.1310917940,1.1889635747) (0.2397541570,1.7737880929) (0.1703130441,3.0009748285)
Optimizing +R9 model parameters by 2-BFGS,EM algorithm...
Site proportion and rates:  (0.0105019680,0.0582692743) (0.0450096529,0.2180316825) (0.0564728110,0.2872949240) (0.1052507317,0.4004540929) (0.1089062365,0.5604698660) (0.1328443889,0.8380793767) (0.1313198863,1.1964226630) (0.2395499776,1.7848904726) (0.1701443472,3.0171019494)
Optimizing +R9 model parameters by 2-BFGS,EM algorithm...
Site proportion and rates:  (0.0104851759,0.0582692743) (0.0438564951,0.2180316825) (0.0573297007,0.2878698014) (0.1054303276,0.4023986788) (0.1090315339,0.5634650623) (0.1327559492,0.8427722488) (0.1310941463,1.2021214917) (0.2397189379,1.7933322223) (0.1702977334,3.0340216117)
Optimizing +R9 model parameters by 2-BFGS,EM algorithm...
Site proportion and rates:  (0.0104699715,0.0582692743) (0.0428523673,0.2180316825) (0.0581109806,0.2884458291) (0.1055011363,0.4043084375) (0.1089739798,0.5658022302) (0.1328509612,0.8462877381) (0.1311742056,1.2081090115) (0.2397479607,1.8022254017) (0.1703184371,3.0493475117)
Optimizing +R9 model parameters by 2-BFGS,EM algorithm...
Site proportion and rates:  (0.0104557420,0.0582692743) (0.0419110049,0.2180316825) (0.0588803717,0.2890397506) (0.1057669058,0.4060798521) (0.1091007385,0.5688933453) (0.1327622867,0.8509779941) (0.1310807231,1.2138130897) (0.2397362234,1.8108307993) (0.1703060038,3.0638981252)
Optimizing +R9 model parameters by 2-BFGS,EM algorithm...
Site proportion and rates:  (0.0104416799,0.0582692743) (0.0410175651,0.2180316825) (0.0595844388,0.2896346881) (0.1058526905,0.4079169555) (0.1090516615,0.5711938195) (0.1328438701,0.8544056573) (0.1311750220,1.2196478243) (0.2397271971,1.8193966741) (0.1703058749,3.0783765207)
Optimizing +R9 model parameters by 2-BFGS,EM algorithm...
Site proportion and rates:  (0.0104291256,0.0582692743) (0.0401919405,0.2180316825) (0.0601105327,0.2902545759) (0.1058916059,0.4092531841) (0.1092500018,0.5736165904) (0.1329297906,0.8581108610) (0.1311866766,1.2251554258) (0.2397206846,1.8276801797) (0.1702896418,3.0923325886)
Optimizing +R9 model parameters by 2-BFGS,EM algorithm...
Site proportion and rates:  (0.0104151675,0.0582692743) (0.0394025117,0.2180316825) (0.0608286039,0.2908353755) (0.1060360438,0.4111352713) (0.1091944241,0.5759599494) (0.1329112909,0.8618439786) (0.1312233143,1.2305209020) (0.2397053711,1.8356799093) (0.1702832726,3.1058352038)
Optimizing +R9 model parameters by 2-BFGS,EM algorithm...
Site proportion and rates:  (0.0104035653,0.0582692743) (0.0386488668,0.2180316825) (0.0613249705,0.2914526861) (0.1061174432,0.4124752687) (0.1093670968,0.5784180370) (0.1329608082,0.8655061289) (0.1312080288,1.2357878903) (0.2396961031,1.8435297269) (0.1702731173,3.1190766272)
Optimizing +R9 model parameters by 2-BFGS,EM algorithm...
Site proportion and rates:  (0.0103902404,0.0582692743) (0.0379319519,0.2180316825) (0.0619962682,0.2920358831) (0.1062905063,0.4143447781) (0.1092882788,0.5807560507) (0.1329201775,0.8691453172) (0.1312319203,1.2409440349) (0.2396810196,1.8511851968) (0.1702696368,3.1319955860)
Optimizing +R9 model parameters by 2-BFGS,EM algorithm...
Site proportion and rates:  (0.0103779010,0.0582692743) (0.0371868973,0.2180316825) (0.0623345600,0.2923760497) (0.1062784449,0.4152961467) (0.1095987394,0.5825875664) (0.1330622160,0.8727471712) (0.1312322081,1.2460189280) (0.2396688281,1.8587431767) (0.1702602052,3.1447309400)
Optimizing +R9 model parameters by 2-BFGS,EM algorithm...
Site proportion and rates:  (0.0103705701,0.0582692743) (0.0368028236,0.2180316825) (0.0628020005,0.2929760841) (0.1063851077,0.4166739155) (0.1094575640,0.5843527864) (0.1329511578,0.8747844602) (0.1313849020,1.2490700241) (0.2396494302,1.8648664512) (0.1701964442,3.1523865480)
Optimizing +R9 model parameters by 2-BFGS,EM algorithm...
Site proportion and rates:  (0.0103578169,0.0582692743) (0.0361498161,0.2180316825) (0.0632767666,0.2936183868) (0.1064932723,0.4180747347) (0.1095665932,0.5867949129) (0.1330079707,0.8784041623) (0.1313303282,1.2546286073) (0.2396320988,1.8718213388) (0.1701853373,3.1658730397)
Optimizing +R9 model parameters by 2-BFGS,EM algorithm...
Site proportion and rates:  (0.0103505477,0.0582692743) (0.0356966272,0.2180316825) (0.0635970454,0.2939120053) (0.1065513212,0.4190326481) (0.1096283602,0.5881839218) (0.1329894024,0.8807992724) (0.1312080807,1.2575136755) (0.2396317386,1.8756699708) (0.1703468766,3.1735658429)
Optimizing +R9 model parameters by 2-BFGS,EM algorithm...
Site proportion and rates:  (0.0103430319,0.0582692743) (0.0353539076,0.2180316825) (0.0640317647,0.2945122226) (0.1065997761,0.4203885133) (0.1095052505,0.5895987276) (0.1330919603,0.8829955760) (0.1314461940,1.2617709311) (0.2394291949,1.8818956763) (0.1701989200,3.1811746062)
Optimizing +R9 model parameters by 2-BFGS,EM algorithm...
Site proportion and rates:  (0.0103349665,0.0582692743) (0.0349010872,0.2180316825) (0.0642939531,0.2948115127) (0.1067454163,0.4212297110) (0.1095653065,0.5913902353) (0.1329817838,0.8852179822) (0.1312762947,1.2642957350) (0.2395628624,1.8855987004) (0.1703383294,3.1897897110)
Optimizing +R9 model parameters by 2-BFGS,EM algorithm...
Site proportion and rates:  (0.0103279872,0.0582692743) (0.0345865417,0.2180316825) (0.0645768839,0.2954202412) (0.1067154480,0.4221289419) (0.1096455469,0.5927052343) (0.1329853473,0.8875594326) (0.1313478901,1.2670801712) (0.2396037508,1.8916921915) (0.1702106042,3.1975183657)
Optimizing +R9 model parameters by 2-BFGS,EM algorithm...
Site proportion and rates:  (0.0103195858,0.0582692743) (0.0341796512,0.2180316825) (0.0648505885,0.2957156615) (0.1067648967,0.4230794409) (0.1097000706,0.5940987617) (0.1329993550,0.8897727482) (0.1312194687,1.2703349242) (0.2396271391,1.8948920049) (0.1703392444,3.2059195668)
Optimizing +R9 model parameters by 2-BFGS,EM algorithm...
Site proportion and rates:  (0.0103127274,0.0582692743) (0.0338050472,0.2180316825) (0.0651197812,0.2960113773) (0.1068641591,0.4239971734) (0.1097327277,0.5954771863) (0.1330066617,0.8918871830) (0.1313382262,1.2732501743) (0.2396148525,1.9009096288) (0.1702058172,3.2132575359)
Optimizing +R9 model parameters by 2-BFGS,EM algorithm...
Site proportion and rates:  (0.0103067338,0.0582692743) (0.0334955804,0.2180316825) (0.0653783335,0.2966333054) (0.1068268375,0.4249113985) (0.1097818827,0.5968650316) (0.1330448341,0.8940305615) (0.1312292819,1.2764533362) (0.2396142324,1.9040119921) (0.1703222837,3.2213641170)
Optimizing +R9 model parameters by 2-BFGS,EM algorithm...
Site proportion and rates:  (0.0102983505,0.0582692743) (0.0331635841,0.2180316825) (0.0656523264,0.2969299388) (0.1069302205,0.4258571852) (0.1097834781,0.5982288055) (0.1330089217,0.8960972607) (0.1311786397,1.2793032325) (0.2396227538,1.9080266366) (0.1703617251,3.2284838923)
Optimizing +R9 model parameters by 2-BFGS,EM algorithm...
Site proportion and rates:  (0.0102918952,0.0582692743) (0.0328297291,0.2180316825) (0.0659043317,0.2972268688) (0.1070349578,0.4267655017) (0.1097866984,0.5995629126) (0.1330007455,0.8980863816) (0.1311673815,1.2820983678) (0.2396185952,1.9121330974) (0.1703656656,3.2354682663)
Optimizing +R9 model parameters by 2-BFGS,EM algorithm...
Site proportion and rates:  (0.0102871080,0.0582692743) (0.0325799843,0.2180316825) (0.0661539886,0.2978460379) (0.1070130712,0.4276456530) (0.1098235022,0.6008754362) (0.1330189239,0.9000428278) (0.1311577886,1.2848621593) (0.2396056167,1.9162261743) (0.1703600164,3.2423835959)
Optimizing +R9 model parameters by 2-BFGS,EM algorithm...
Site proportion and rates:  (0.0102787422,0.0582692743) (0.0322924190,0.2180316825) (0.0663965783,0.2981438841) (0.1071148360,0.4285567279) (0.1097983249,0.6021718834) (0.1329899512,0.9019872743) (0.1311623944,1.2876071547) (0.2396066003,1.9202970050) (0.1703601537,3.2492553898)
Optimizing +R9 model parameters by 2-BFGS,EM algorithm...
Site proportion and rates:  (0.0102721754,0.0582692743) (0.0320112575,0.2180316825) (0.0664792094,0.2984420280) (0.1070212630,0.4290033490) (0.1099533516,0.6028590974) (0.1331091235,0.9039082179) (0.1311821142,1.2903222621) (0.2396134064,1.9243310929) (0.1703580989,3.2560631045)
Optimal log-likelihood: -211215.5827240062
417  mtMet+F+R9    211215.583   1474 425379.165   4773679.165  432137.148
Alignment state count time was 0.001 seconds.
Empirical state frequencies: 0.1066187927 0.0530326804 0.0442300243 0.0535491512 0.0072978305 0.0430792911 0.0502238040 0.0702257220 0.0145057697 0.0546817626 0.1001855597 0.0572641167 0.0258590668 0.0368408673 0.0440578674 0.0605849334 0.0662751733 0.0171243674 0.0298821026 0.0644811168 
Optimizing model mtMet+F+R10
1. Initial log-likelihood: -211491.2101665191 (took 0.6654237860 wall-clock sec)
Optimizing +R10 model parameters by 2-BFGS,EM algorithm...
Site proportion and rates:  (0.0103411831,0.0494000334) (0.0311665626,0.1793281711) (0.0702064183,0.2513918701) (0.1101969549,0.3626855504) (0.1066926295,0.5073214884) (0.1279925827,0.7513280807) (0.1165373597,1.0431714891) (0.1219788043,1.4211897706) (0.1470416845,1.7488117644) (0.1578458203,2.7203007740)
Optimizing +R10 model parameters by 2-BFGS,EM algorithm...
Site proportion and rates:  (0.0102698295,0.0494000334) (0.0310338357,0.1793281711) (0.0692602302,0.2513918701) (0.1069230896,0.3610226765) (0.1080196685,0.5052952439) (0.1293859590,0.7513280807) (0.1165358186,1.0478160136) (0.1263647882,1.4335764090) (0.1399347646,1.7623225626) (0.1622720161,2.7419691545)
Optimizing +R10 model parameters by 2-BFGS,EM algorithm...
Site proportion and rates:  (0.0102576364,0.0494000334) (0.0303628105,0.1793281711) (0.0691376631,0.2513918701) (0.1063082993,0.3610226765) (0.1086966359,0.5052952439) (0.1298574918,0.7533189644) (0.1167263952,1.0519278488) (0.1285679634,1.4426759739) (0.1376140722,1.7715975052) (0.1624710322,2.7528495059)
Optimizing +R10 model parameters by 2-BFGS,EM algorithm...
Site proportion and rates:  (0.0102517828,0.0494000334) (0.0299788441,0.1793281711) (0.0691870072,0.2513918701) (0.1064025347,0.3613836993) (0.1089639042,0.5063549957) (0.1298428131,0.7551086743) (0.1167192229,1.0542689690) (0.1294894335,1.4458250788) (0.1366034625,1.7761141346) (0.1625609949,2.7589990302)
Optimizing +R10 model parameters by 2-BFGS,EM algorithm...
Site proportion and rates:  (0.0102457683,0.0494000334) (0.0296118219,0.1793281711) (0.0692291667,0.2513918701) (0.1063806297,0.3617450831) (0.1092088677,0.5069261279) (0.1299746250,0.7568243662) (0.1167100120,1.0565543803) (0.1296781964,1.4491472458) (0.1364284810,1.7806929366) (0.1625324314,2.7648597819)
Optimizing +R10 model parameters by 2-BFGS,EM algorithm...
Site proportion and rates:  (0.0102406036,0.0494000334) (0.0292361065,0.1793281711) (0.0694223172,0.2513918701) (0.1065685575,0.3624871172) (0.1091996718,0.5079404873) (0.1300016746,0.7583761992) (0.1167256627,1.0588800226) (0.1299260814,1.4524799939) (0.1361762448,1.7850160231) (0.1625030799,2.7707494887)
Optimal log-likelihood: -211203.2902180868
418  mtMet+F+R10   211203.290   1476 425358.580   4785462.580  432125.733
Optimizing model mtVer+R9
1. Initial log-likelihood: -221562.125 (took 0.486 wall-clock sec)
Optimizing +R9 model parameters by 2-BFGS,EM algorithm...
Site proportion and rates:  (0.010,0.058) (0.094,0.218) (0.082,0.304) (0.087,0.403) (0.080,0.564) (0.094,0.790) (0.144,1.182) (0.197,1.715) (0.213,2.762)
Optimizing +R9 model parameters by 2-BFGS,EM algorithm...
Site proportion and rates:  (0.010,0.058) (0.096,0.218) (0.094,0.308) (0.089,0.424) (0.076,0.602) (0.084,0.815) (0.168,1.218) (0.214,1.813) (0.167,3.035)
Optimizing +R9 model parameters by 2-BFGS,EM algorithm...
Site proportion and rates:  (0.010,0.058) (0.093,0.218) (0.099,0.314) (0.091,0.436) (0.079,0.623) (0.082,0.844) (0.173,1.258) (0.216,1.877) (0.158,3.166)
Optimizing +R9 model parameters by 2-BFGS,EM algorithm...
Site proportion and rates:  (0.009,0.058) (0.089,0.218) (0.101,0.318) (0.092,0.444) (0.080,0.639) (0.082,0.868) (0.174,1.290) (0.216,1.925) (0.156,3.247)
Optimizing +R9 model parameters by 2-BFGS,EM algorithm...
Site proportion and rates:  (0.009,0.058) (0.086,0.218) (0.103,0.321) (0.093,0.452) (0.081,0.653) (0.082,0.888) (0.175,1.316) (0.215,1.963) (0.156,3.307)
Optimizing +R9 model parameters by 2-BFGS,EM algorithm...
Site proportion and rates:  (0.009,0.058) (0.084,0.218) (0.105,0.324) (0.094,0.458) (0.082,0.664) (0.081,0.903) (0.175,1.339) (0.215,1.994) (0.156,3.362)
Optimizing +R9 model parameters by 2-BFGS,EM algorithm...
Site proportion and rates:  (0.009,0.058) (0.082,0.218) (0.106,0.327) (0.095,0.464) (0.082,0.673) (0.081,0.917) (0.175,1.357) (0.214,2.021) (0.155,3.407)
Optimizing +R9 model parameters by 2-BFGS,EM algorithm...
Site proportion and rates:  (0.009,0.058) (0.080,0.218) (0.107,0.329) (0.096,0.468) (0.083,0.681) (0.081,0.929) (0.175,1.373) (0.214,2.044) (0.155,3.446)
Optimizing +R9 model parameters by 2-BFGS,EM algorithm...
Site proportion and rates:  (0.009,0.058) (0.078,0.218) (0.108,0.331) (0.096,0.472) (0.083,0.688) (0.081,0.938) (0.175,1.386) (0.214,2.064) (0.155,3.479)
Optimizing +R9 model parameters by 2-BFGS,EM algorithm...
Site proportion and rates:  (0.009,0.058) (0.077,0.218) (0.109,0.333) (0.097,0.475) (0.083,0.693) (0.081,0.945) (0.175,1.396) (0.213,2.078) (0.155,3.502)
Optimizing +R9 model parameters by 2-BFGS,EM algorithm...
Site proportion and rates:  (0.009,0.058) (0.077,0.218) (0.109,0.334) (0.097,0.477) (0.084,0.696) (0.081,0.951) (0.175,1.406) (0.213,2.092) (0.155,3.523)
Optimizing +R9 model parameters by 2-BFGS,EM algorithm...
Site proportion and rates:  (0.009,0.058) (0.076,0.218) (0.110,0.335) (0.098,0.479) (0.084,0.700) (0.081,0.955) (0.175,1.413) (0.213,2.102) (0.155,3.543)
Optimizing +R9 model parameters by 2-BFGS,EM algorithm...
Site proportion and rates:  (0.009,0.058) (0.075,0.218) (0.110,0.336) (0.098,0.481) (0.084,0.703) (0.081,0.960) (0.175,1.419) (0.213,2.112) (0.155,3.562)
Optimizing +R9 model parameters by 2-BFGS,EM algorithm...
Site proportion and rates:  (0.009,0.058) (0.075,0.218) (0.110,0.337) (0.098,0.483) (0.084,0.705) (0.081,0.962) (0.175,1.423) (0.213,2.118) (0.155,3.571)
Optimizing +R9 model parameters by 2-BFGS,EM algorithm...
Site proportion and rates:  (0.009,0.058) (0.074,0.218) (0.111,0.337) (0.098,0.484) (0.084,0.707) (0.081,0.965) (0.175,1.427) (0.213,2.124) (0.155,3.581)
Optimizing +R9 model parameters by 2-BFGS,EM algorithm...
Site proportion and rates:  (0.009,0.058) (0.074,0.218) (0.111,0.337) (0.098,0.485) (0.084,0.709) (0.081,0.967) (0.175,1.430) (0.213,2.130) (0.155,3.590)
Optimizing +R9 model parameters by 2-BFGS,EM algorithm...
Site proportion and rates:  (0.009,0.058) (0.074,0.218) (0.111,0.338) (0.098,0.486) (0.084,0.710) (0.081,0.969) (0.175,1.434) (0.213,2.135) (0.155,3.595)
Optimizing +R9 model parameters by 2-BFGS,EM algorithm...
Site proportion and rates:  (0.008,0.058) (0.073,0.218) (0.111,0.339) (0.098,0.487) (0.084,0.712) (0.081,0.972) (0.175,1.437) (0.213,2.139) (0.155,3.606)
Optimal log-likelihood: -220642.196
428  mtVer+R9      220642.196   1455 444194.391   4681154.391  450865.263
Optimizing model mtVer+R10
1. Initial log-likelihood: -221336.265 (took 0.716 wall-clock sec)
Optimizing +R10 model parameters by 2-BFGS,EM algorithm...
Site proportion and rates:  (0.008,0.049) (0.040,0.179) (0.076,0.254) (0.111,0.356) (0.082,0.509) (0.093,0.725) (0.061,0.981) (0.163,1.338) (0.204,1.950) (0.159,3.218)
Optimizing +R10 model parameters by 2-BFGS,EM algorithm...
Site proportion and rates:  (0.008,0.049) (0.040,0.179) (0.068,0.251) (0.105,0.343) (0.084,0.481) (0.101,0.705) (0.064,0.976) (0.169,1.345) (0.206,1.971) (0.154,3.293)
Optimizing +R10 model parameters by 2-BFGS,EM algorithm...
Site proportion and rates:  (0.008,0.049) (0.039,0.179) (0.065,0.251) (0.097,0.337) (0.089,0.467) (0.095,0.687) (0.071,0.941) (0.173,1.347) (0.209,1.989) (0.155,3.335)
Optimizing +R10 model parameters by 2-BFGS,EM algorithm...
Site proportion and rates:  (0.008,0.049) (0.037,0.179) (0.064,0.251) (0.096,0.337) (0.090,0.466) (0.087,0.676) (0.077,0.922) (0.175,1.349) (0.211,2.002) (0.155,3.368)
Optimizing +R10 model parameters by 2-BFGS,EM algorithm...
Site proportion and rates:  (0.008,0.049) (0.036,0.179) (0.063,0.251) (0.096,0.337) (0.091,0.466) (0.085,0.675) (0.079,0.920) (0.175,1.352) (0.213,2.011) (0.155,3.386)
Optimizing +R10 model parameters by 2-BFGS,EM algorithm...
Site proportion and rates:  (0.008,0.049) (0.036,0.179) (0.063,0.251) (0.096,0.338) (0.091,0.467) (0.084,0.675) (0.080,0.919) (0.175,1.356) (0.213,2.017) (0.155,3.399)
Optimizing +R10 model parameters by 2-BFGS,EM algorithm...
Site proportion and rates:  (0.008,0.049) (0.035,0.179) (0.063,0.251) (0.096,0.339) (0.091,0.468) (0.083,0.676) (0.080,0.920) (0.175,1.359) (0.213,2.022) (0.155,3.409)
Optimal log-likelihood: -220631.677
429  mtVer+R10     220631.677   1457 444177.355   4692789.355  450857.396
Alignment state count time was 0.019 seconds.
Empirical state frequencies: 0.1066187927 0.0530326804 0.0442300243 0.0535491512 0.0072978305 0.0430792911 0.0502238040 0.0702257220 0.0145057697 0.0546817626 0.1001855597 0.0572641167 0.0258590668 0.0368408673 0.0440578674 0.0605849334 0.0662751733 0.0171243674 0.0298821026 0.0644811168 
Optimizing model mtVer+F+R9
1. Initial log-likelihood: -213962.8446614663 (took 0.6392238530 wall-clock sec)
Optimizing +R9 model parameters by 2-BFGS,EM algorithm...
Site proportion and rates:  (0.0113385708,0.0582692743) (0.0807622993,0.2180316825) (0.0534070646,0.3100924964) (0.1045709712,0.3863658295) (0.0919962664,0.5265510698) (0.1131200694,0.7469923826) (0.1335965803,1.0740891907) (0.2218097836,1.6401922720) (0.1893983943,2.7367024302)
Optimizing +R9 model parameters by 2-BFGS,EM algorithm...
Site proportion and rates:  (0.0112287918,0.0582692743) (0.0808013176,0.2180316825) (0.0623371856,0.3162184323) (0.0961906673,0.3942238884) (0.0895928728,0.5325219252) (0.1137528008,0.7525633508) (0.1359156281,1.0876518604) (0.2413258332,1.6742833174) (0.1688549028,2.8671564431)
Optimizing +R9 model parameters by 2-BFGS,EM algorithm...
Site proportion and rates:  (0.0111520825,0.0582692743) (0.0788837263,0.2180316825) (0.0675862983,0.3211269281) (0.0932951438,0.4026317251) (0.0889803515,0.5409024258) (0.1138634628,0.7637206090) (0.1358730924,1.1049938581) (0.2421568211,1.7010305187) (0.1682090213,2.9198540760)
Optimizing +R9 model parameters by 2-BFGS,EM algorithm...
Site proportion and rates:  (0.0110905888,0.0582692743) (0.0770623053,0.2180316825) (0.0711734583,0.3247783016) (0.0926635101,0.4101200154) (0.0882361632,0.5497791921) (0.1136118490,0.7747995888) (0.1358352698,1.1206183595) (0.2421807842,1.7252518549) (0.1681460713,2.9598835687)
Optimizing +R9 model parameters by 2-BFGS,EM algorithm...
Site proportion and rates:  (0.0110393481,0.0582692743) (0.0752497151,0.2180316825) (0.0733307090,0.3270011092) (0.0932824881,0.4161827910) (0.0876297135,0.5578135880) (0.1133920686,0.7853057233) (0.1358852444,1.1340645182) (0.2421366218,1.7474453200) (0.1680540916,2.9974365878)
Optimizing +R9 model parameters by 2-BFGS,EM algorithm...
Site proportion and rates:  (0.0109943546,0.0582692743) (0.0733280708,0.2180316825) (0.0741704022,0.3284734230) (0.0948776006,0.4204184532) (0.0874395530,0.5649755993) (0.1132038267,0.7939222922) (0.1358397975,1.1471208339) (0.2421670364,1.7676861799) (0.1679793582,3.0327744143)
Optimizing +R9 model parameters by 2-BFGS,EM algorithm...
Site proportion and rates:  (0.0109560630,0.0582692743) (0.0714050744,0.2180316825) (0.0735962242,0.3284734230) (0.0969960471,0.4232229886) (0.0878157160,0.5703361709) (0.1132272448,0.8022935354) (0.1356666938,1.1593519208) (0.2420857342,1.7863971692) (0.1682512025,3.0621222028)
Optimizing +R9 model parameters by 2-BFGS,EM algorithm...
Site proportion and rates:  (0.0109214576,0.0582692743) (0.0695721075,0.2180316825) (0.0726435801,0.3284734230) (0.0992519390,0.4253489573) (0.0881517828,0.5748528790) (0.1132586928,0.8101077501) (0.1357661633,1.1695265841) (0.2421821461,1.8020550526) (0.1682521308,3.0920227332)
Optimizing +R9 model parameters by 2-BFGS,EM algorithm...
Site proportion and rates:  (0.0108957286,0.0582692743) (0.0681091020,0.2180316825) (0.0716403078,0.3281449495) (0.1012167460,0.4269355831) (0.0886827896,0.5790246186) (0.1133754974,0.8157643341) (0.1357676453,1.1787206214) (0.2421933504,1.8160633649) (0.1681188329,3.1169514461)
Optimizing +R9 model parameters by 2-BFGS,EM algorithm...
Site proportion and rates:  (0.0108701644,0.0582692743) (0.0666813697,0.2180316825) (0.0706295029,0.3278168045) (0.1030873202,0.4280634129) (0.0891987835,0.5822185204) (0.1134829792,0.8216508144) (0.1358384009,1.1875965773) (0.2421757233,1.8298831129) (0.1680357561,3.1400386100)
Optimizing +R9 model parameters by 2-BFGS,EM algorithm...
Site proportion and rates:  (0.0108463988,0.0582692743) (0.0652592643,0.2180316825) (0.0695345569,0.3271614985) (0.1049039311,0.4292550746) (0.0897415519,0.5853753040) (0.1136513442,0.8272549134) (0.1358696209,1.1959556862) (0.2421793340,1.8428319057) (0.1680139979,3.1624044870)
Optimizing +R9 model parameters by 2-BFGS,EM algorithm...
Site proportion and rates:  (0.0108230559,0.0582692743) (0.0640242869,0.2180316825) (0.0686106078,0.3268343369) (0.1063456788,0.4303993443) (0.0903060094,0.5884993635) (0.1138294314,0.8326505703) (0.1358950024,1.2039393249) (0.2421721852,1.8551870098) (0.1679937423,3.1837870828)
Optimizing +R9 model parameters by 2-BFGS,EM algorithm...
Site proportion and rates:  (0.0108007545,0.0582692743) (0.0628826089,0.2180316825) (0.0677735203,0.3265075024) (0.1075173868,0.4315765531) (0.0907806419,0.5909811182) (0.1140636823,0.8369992561) (0.1360093553,1.2115540299) (0.2421941036,1.8668693173) (0.1679779464,3.2043333395)
Optimizing +R9 model parameters by 2-BFGS,EM algorithm...
Site proportion and rates:  (0.0107791928,0.0582692743) (0.0618784502,0.2180316825) (0.0673530758,0.3265075024) (0.1084681660,0.4331183157) (0.0910655919,0.5934567740) (0.1142123453,0.8416122160) (0.1360746877,1.2186456953) (0.2422137027,1.8780353964) (0.1679547876,3.2235658121)
Optimizing +R9 model parameters by 2-BFGS,EM algorithm...
Site proportion and rates:  (0.0107585982,0.0582692743) (0.0609589411,0.2180316825) (0.0667788577,0.3265075024) (0.1092975874,0.4341060771) (0.0915702876,0.5960028483) (0.1142407592,0.8461153221) (0.1358866062,1.2242264899) (0.2422278601,1.8867477830) (0.1682805025,3.2386807024)
Optimizing +R9 model parameters by 2-BFGS,EM algorithm...
Site proportion and rates:  (0.0107412698,0.0582692743) (0.0602029079,0.2180316825) (0.0663786917,0.3265075024) (0.1100359993,0.4351407756) (0.0919618598,0.5984498213) (0.1144499819,0.8501308173) (0.1360646091,1.2311947511) (0.2422112270,1.8973739483) (0.1679534534,3.2569208945)
Optimizing +R9 model parameters by 2-BFGS,EM algorithm...
Site proportion and rates:  (0.0107223363,0.0582692743) (0.0594309882,0.2180316825) (0.0659151661,0.3265075024) (0.1106575463,0.4362405700) (0.0923611897,0.6002892181) (0.1145355631,0.8542988393) (0.1359454231,1.2362415842) (0.2421984732,1.9052185565) (0.1682333141,3.2705571895)
Optimizing +R9 model parameters by 2-BFGS,EM algorithm...
Site proportion and rates:  (0.0107062223,0.0582692743) (0.0587876364,0.2180316825) (0.0653872698,0.3265075024) (0.1110403646,0.4368036866) (0.0928443871,0.6015554872) (0.1147925870,0.8572045710) (0.1361015450,1.2415274428) (0.2422961089,1.9140866299) (0.1680438789,3.2874223380)
Optimizing +R9 model parameters by 2-BFGS,EM algorithm...
Site proportion and rates:  (0.0106898337,0.0582692743) (0.0581701457,0.2180316825) (0.0650501401,0.3265075024) (0.1115461451,0.4378473152) (0.0931278534,0.6034761919) (0.1149081174,0.8601732519) (0.1361830379,1.2467595012) (0.2422414462,1.9222627526) (0.1680832804,3.2990834037)
Optimizing +R9 model parameters by 2-BFGS,EM algorithm...
Site proportion and rates:  (0.0106801495,0.0582692743) (0.0577932121,0.2180316825) (0.0647704467,0.3265075024) (0.1119280326,0.4383216281) (0.0933534264,0.6047359169) (0.1149216680,0.8623646144) (0.1360910826,1.2496022543) (0.2422170653,1.9261681043) (0.1682449167,3.3067586356)
Optimizing +R9 model parameters by 2-BFGS,EM algorithm...
Site proportion and rates:  (0.0106704199,0.0582692743) (0.0574530653,0.2180316825) (0.0645479721,0.3265075024) (0.1121001791,0.4388330511) (0.0935610308,0.6053406529) (0.1150689645,0.8643942826) (0.1360989499,1.2524921094) (0.2422047116,1.9304951646) (0.1682947067,3.3142450868)
Optimizing +R9 model parameters by 2-BFGS,EM algorithm...
Site proportion and rates:  (0.0106616139,0.0582692743) (0.0571254395,0.2180316825) (0.0643073982,0.3265075024) (0.1124428053,0.4392756353) (0.0938259554,0.6066557907) (0.1150885712,0.8662023072) (0.1361796745,1.2554406143) (0.2423432882,1.9358855240) (0.1680252538,3.3250478649)
Optimizing +R9 model parameters by 2-BFGS,EM algorithm...
Site proportion and rates:  (0.0106520215,0.0582692743) (0.0568000159,0.2180316825) (0.0640867087,0.3265075024) (0.1125998157,0.4397768522) (0.0940254096,0.6072624466) (0.1152287850,0.8681407991) (0.1361551449,1.2583211465) (0.2422647550,1.9397019733) (0.1681873437,3.3307459915)
Optimizing +R9 model parameters by 2-BFGS,EM algorithm...
Site proportion and rates:  (0.0106434449,0.0582692743) (0.0564925429,0.2180316825) (0.0638623548,0.3265075024) (0.1129363420,0.4402166291) (0.0942718419,0.6085766715) (0.1152292401,0.8698918817) (0.1361163743,1.2610749549) (0.2422177154,1.9437111656) (0.1682301436,3.3372503629)
Optimal log-likelihood: -213440.3188287013
439  mtVer+F+R9    213440.319   1474 429828.638   4778128.638  436586.620
Alignment state count time was 0.002 seconds.
Empirical state frequencies: 0.1066187927 0.0530326804 0.0442300243 0.0535491512 0.0072978305 0.0430792911 0.0502238040 0.0702257220 0.0145057697 0.0546817626 0.1001855597 0.0572641167 0.0258590668 0.0368408673 0.0440578674 0.0605849334 0.0662751733 0.0171243674 0.0298821026 0.0644811168 
Optimizing model mtVer+F+R10
1. Initial log-likelihood: -213868.9194438727 (took 0.5164493980 wall-clock sec)
Optimizing +R10 model parameters by 2-BFGS,EM algorithm...
Site proportion and rates:  (0.0104896929,0.0496308203) (0.0468729968,0.1798666941) (0.0556090802,0.2658718866) (0.1187405653,0.3701089188) (0.1037425175,0.5193738443) (0.1137207411,0.7535526723) (0.1113683217,1.0577047677) (0.1140664218,1.4448475397) (0.1705311495,1.8505740810) (0.1548585132,2.9494982051)
Optimizing +R10 model parameters by 2-BFGS,EM algorithm...
Site proportion and rates:  (0.0104614487,0.0496308203) (0.0494136958,0.1798666941) (0.0573196994,0.2681348609) (0.1160014884,0.3694563623) (0.1009444111,0.5160792656) (0.1144515413,0.7461461402) (0.1179226028,1.0579967917) (0.1355170398,1.4847455306) (0.1458596344,1.9012054936) (0.1521084384,2.9848961548)
Optimizing +R10 model parameters by 2-BFGS,EM algorithm...
Site proportion and rates:  (0.0104603567,0.0496308203) (0.0495459139,0.1798666941) (0.0575751552,0.2684029958) (0.1155313361,0.3694563623) (0.1009593996,0.5155631862) (0.1147715677,0.7461461402) (0.1192282993,1.0601138435) (0.1441450675,1.4970102894) (0.1382156030,1.9259050100) (0.1495673009,3.0025422852)
Optimizing +R10 model parameters by 2-BFGS,EM algorithm...
Site proportion and rates:  (0.0104581011,0.0496308203) (0.0495225349,0.1798666941) (0.0575514270,0.2684029958) (0.1154880432,0.3694563623) (0.1009624363,0.5155631862) (0.1147634182,0.7461461402) (0.1193209382,1.0601138435) (0.1458226987,1.4985072998) (0.1367677806,1.9282225662) (0.1493426218,3.0059148562)
Optimal log-likelihood: -213422.2058969231
440  mtVer+F+R10   213422.206   1476 429796.412   4789900.412  436563.564
Optimizing model mtInv+R9
1. Initial log-likelihood: -221115.271 (took 0.499 wall-clock sec)
Optimizing +R9 model parameters by 2-BFGS,EM algorithm...
Site proportion and rates:  (0.011,0.058) (0.064,0.218) (0.057,0.303) (0.093,0.361) (0.096,0.512) (0.096,0.726) (0.138,1.045) (0.198,1.457) (0.247,2.188)
Optimizing +R9 model parameters by 2-BFGS,EM algorithm...
Site proportion and rates:  (0.011,0.058) (0.071,0.218) (0.059,0.311) (0.077,0.349) (0.098,0.493) (0.109,0.718) (0.164,1.081) (0.221,1.545) (0.191,2.398)
Optimizing +R9 model parameters by 2-BFGS,EM algorithm...
Site proportion and rates:  (0.011,0.058) (0.074,0.218) (0.059,0.315) (0.070,0.340) (0.102,0.486) (0.116,0.720) (0.196,1.118) (0.202,1.613) (0.171,2.454)
Optimizing +R9 model parameters by 2-BFGS,EM algorithm...
Site proportion and rates:  (0.011,0.058) (0.075,0.218) (0.058,0.319) (0.069,0.335) (0.105,0.487) (0.118,0.729) (0.211,1.140) (0.192,1.654) (0.161,2.483)
Optimizing +R9 model parameters by 2-BFGS,EM algorithm...
Site proportion and rates:  (0.011,0.058) (0.075,0.218) (0.058,0.320) (0.069,0.335) (0.108,0.492) (0.118,0.738) (0.213,1.148) (0.189,1.665) (0.159,2.492)
Optimizing +R9 model parameters by 2-BFGS,EM algorithm...
Site proportion and rates:  (0.011,0.058) (0.075,0.218) (0.059,0.321) (0.070,0.335) (0.111,0.496) (0.116,0.746) (0.213,1.153) (0.188,1.671) (0.159,2.498)
Optimizing +R9 model parameters by 2-BFGS,EM algorithm...
Site proportion and rates:  (0.011,0.058) (0.075,0.218) (0.059,0.321) (0.070,0.338) (0.113,0.502) (0.114,0.755) (0.212,1.158) (0.187,1.676) (0.159,2.501)
Optimizing +R9 model parameters by 2-BFGS,EM algorithm...
Site proportion and rates:  (0.011,0.058) (0.075,0.218) (0.061,0.319) (0.072,0.344) (0.118,0.514) (0.111,0.775) (0.209,1.167) (0.186,1.682) (0.158,2.505)
Optimizing +R9 model parameters by 2-BFGS,EM algorithm...
Site proportion and rates:  (0.011,0.058) (0.074,0.218) (0.071,0.312) (0.079,0.371) (0.121,0.547) (0.108,0.833) (0.198,1.192) (0.181,1.690) (0.157,2.505)
Optimizing +R9 model parameters by 2-BFGS,EM algorithm...
Site proportion and rates:  (0.011,0.058) (0.074,0.218) (0.106,0.317) (0.081,0.431) (0.103,0.602) (0.112,0.887) (0.181,1.216) (0.176,1.687) (0.156,2.488)
Optimizing +R9 model parameters by 2-BFGS,EM algorithm...
Site proportion and rates:  (0.011,0.058) (0.077,0.218) (0.120,0.320) (0.089,0.456) (0.089,0.632) (0.127,0.917) (0.164,1.241) (0.169,1.681) (0.155,2.463)
Optimizing +R9 model parameters by 2-BFGS,EM algorithm...
Site proportion and rates:  (0.011,0.058) (0.076,0.218) (0.120,0.321) (0.090,0.459) (0.090,0.638) (0.132,0.929) (0.160,1.256) (0.166,1.690) (0.154,2.471)
Optimizing +R9 model parameters by 2-BFGS,EM algorithm...
Site proportion and rates:  (0.011,0.058) (0.076,0.218) (0.121,0.322) (0.091,0.461) (0.090,0.641) (0.133,0.934) (0.159,1.264) (0.165,1.698) (0.155,2.479)
Optimizing +R9 model parameters by 2-BFGS,EM algorithm...
Site proportion and rates:  (0.011,0.058) (0.075,0.218) (0.121,0.323) (0.091,0.462) (0.090,0.644) (0.133,0.937) (0.159,1.267) (0.165,1.703) (0.155,2.485)
Optimizing +R9 model parameters by 2-BFGS,EM algorithm...
Site proportion and rates:  (0.011,0.058) (0.075,0.218) (0.121,0.324) (0.091,0.463) (0.091,0.645) (0.133,0.940) (0.159,1.271) (0.165,1.707) (0.155,2.491)
Optimizing +R9 model parameters by 2-BFGS,EM algorithm...
Site proportion and rates:  (0.011,0.058) (0.075,0.218) (0.122,0.324) (0.091,0.464) (0.091,0.646) (0.133,0.942) (0.159,1.274) (0.165,1.711) (0.155,2.496)
Optimizing +R9 model parameters by 2-BFGS,EM algorithm...
Site proportion and rates:  (0.011,0.058) (0.075,0.218) (0.122,0.325) (0.091,0.465) (0.091,0.647) (0.133,0.944) (0.159,1.276) (0.165,1.715) (0.154,2.502)
Optimal log-likelihood: -220853.965
450  mtInv+R9      220853.965   1455 444617.929   4681577.929  451288.801
Optimizing model mtInv+R10
1. Initial log-likelihood: -221048.060 (took 0.723 wall-clock sec)
Optimizing +R10 model parameters by 2-BFGS,EM algorithm...
Site proportion and rates:  (0.010,0.058) (0.028,0.192) (0.056,0.253) (0.117,0.346) (0.093,0.495) (0.093,0.694) (0.131,1.003) (0.157,1.349) (0.164,1.802) (0.151,2.616)
Optimizing +R10 model parameters by 2-BFGS,EM algorithm...
Site proportion and rates:  (0.010,0.058) (0.027,0.192) (0.053,0.251) (0.118,0.344) (0.091,0.490) (0.091,0.685) (0.134,0.998) (0.158,1.349) (0.164,1.804) (0.154,2.631)
Optimizing +R10 model parameters by 2-BFGS,EM algorithm...
Site proportion and rates:  (0.010,0.058) (0.027,0.192) (0.053,0.251) (0.117,0.344) (0.091,0.490) (0.091,0.684) (0.134,0.997) (0.158,1.349) (0.164,1.804) (0.155,2.631)
Optimal log-likelihood: -220850.410
451  mtInv+R10     220850.410   1457 444614.820   4693226.820  451294.861
Alignment state count time was 0.001 seconds.
Empirical state frequencies: 0.1066187927 0.0530326804 0.0442300243 0.0535491512 0.0072978305 0.0430792911 0.0502238040 0.0702257220 0.0145057697 0.0546817626 0.1001855597 0.0572641167 0.0258590668 0.0368408673 0.0440578674 0.0605849334 0.0662751733 0.0171243674 0.0298821026 0.0644811168 
Optimizing model mtInv+F+R9
1. Initial log-likelihood: -209562.3955727999 (took 0.4720913490 wall-clock sec)
Optimizing +R9 model parameters by 2-BFGS,EM algorithm...
Site proportion and rates:  (0.0113577519,0.0582692743) (0.0682920822,0.2180316825) (0.0505523300,0.2957684238) (0.1100093686,0.3878436604) (0.0973808563,0.5187161901) (0.1286415799,0.7293396984) (0.1401543947,1.0211459022) (0.2283511264,1.4876441542) (0.1652605100,2.4175324999)
Optimizing +R9 model parameters by 2-BFGS,EM algorithm...
Site proportion and rates:  (0.0112388337,0.0582692743) (0.0681660702,0.2180316825) (0.0529073756,0.2998453537) (0.1052670023,0.3910081510) (0.0970577390,0.5202738956) (0.1300526271,0.7328024422) (0.1420452919,1.0302878028) (0.2292855242,1.5032474864) (0.1639795359,2.4534433397)
Optimizing +R9 model parameters by 2-BFGS,EM algorithm...
Site proportion and rates:  (0.0111752009,0.0582692743) (0.0662101270,0.2180316825) (0.0546902329,0.3007457899) (0.1050483701,0.3940604737) (0.0973183331,0.5246036201) (0.1301046097,0.7387763148) (0.1420946082,1.0394517024) (0.2294969323,1.5178699930) (0.1638615857,2.4784326854)
Optimizing +R9 model parameters by 2-BFGS,EM algorithm...
Site proportion and rates:  (0.0111235407,0.0582692743) (0.0642172841,0.2180316825) (0.0558198097,0.3007457899) (0.1056858499,0.3970085817) (0.0975309405,0.5289664995) (0.1301542184,0.7451870913) (0.1421354069,1.0486099834) (0.2294774636,1.5312924732) (0.1638554863,2.5008343148)
Optimizing +R9 model parameters by 2-BFGS,EM algorithm...
Site proportion and rates:  (0.0110798341,0.0582692743) (0.0623075674,0.2180316825) (0.0564318941,0.3007457899) (0.1065419434,0.3994040913) (0.0979524051,0.5325317932) (0.1301126734,0.7513888761) (0.1420289348,1.0569115558) (0.2294911498,1.5429181228) (0.1640535979,2.5197162640)
Optimizing +R9 model parameters by 2-BFGS,EM algorithm...
Site proportion and rates:  (0.0110493237,0.0582692743) (0.0608707759,0.2180316825) (0.0568800392,0.3007457899) (0.1071720829,0.4011828461) (0.0983736851,0.5360426043) (0.1303469965,0.7566038949) (0.1422616215,1.0650799113) (0.2291015864,1.5538883453) (0.1639438888,2.5361442587)
Optimizing +R9 model parameters by 2-BFGS,EM algorithm...
Site proportion and rates:  (0.0110197456,0.0582692743) (0.0593183823,0.2180316825) (0.0571440382,0.3004450440) (0.1079565087,0.4025952660) (0.0987767874,0.5388075427) (0.1302112426,0.7610561300) (0.1421448747,1.0706427411) (0.2293597113,1.5628545570) (0.1640687092,2.5527417309)
Optimizing +R9 model parameters by 2-BFGS,EM algorithm...
Site proportion and rates:  (0.0109939057,0.0582692743) (0.0579399204,0.2180316825) (0.0573304045,0.3001445988) (0.1084518169,0.4040025926) (0.0993236801,0.5411459708) (0.1303045358,0.7652919579) (0.1420965809,1.0767217699) (0.2294706430,1.5718764465) (0.1640885127,2.5679327943)
Optimizing +R9 model parameters by 2-BFGS,EM algorithm...
Site proportion and rates:  (0.0109704695,0.0582692743) (0.0566280907,0.2180316825) (0.0573876404,0.2998444541) (0.1088812898,0.4049117871) (0.1000182051,0.5434759558) (0.1304397507,0.7695019064) (0.1421118855,1.0827331248) (0.2294978183,1.5807048135) (0.1640648500,2.5824305781)
Optimizing +R9 model parameters by 2-BFGS,EM algorithm...
Site proportion and rates:  (0.0109491696,0.0582692743) (0.0553934876,0.2180316825) (0.0575493495,0.2995446096) (0.1093820360,0.4063090886) (0.1005795141,0.5458861595) (0.1304978696,0.7735765510) (0.1421542627,1.0886218230) (0.2294276272,1.5892834384) (0.1640666836,2.5964179368)
Optimizing +R9 model parameters by 2-BFGS,EM algorithm...
Site proportion and rates:  (0.0109283780,0.0582692743) (0.0541565323,0.2180316825) (0.0576699573,0.2992450649) (0.1098493947,0.4071994743) (0.1011548136,0.5482176286) (0.1305948290,0.7775826044) (0.1421936989,1.0943785522) (0.2293945770,1.5976588235) (0.1640578191,2.6100265669)
Optimizing +R9 model parameters by 2-BFGS,EM algorithm...
Site proportion and rates:  (0.0109091376,0.0582692743) (0.0529834614,0.2180316825) (0.0577713724,0.2989458197) (0.1101409359,0.4081838844) (0.1017791860,0.5499780069) (0.1307761311,0.7815023505) (0.1422199586,1.0999871205) (0.2293876938,1.6058117901) (0.1640321233,2.6232657671)
Optimizing +R9 model parameters by 2-BFGS,EM algorithm...
Site proportion and rates:  (0.0108914243,0.0582692743) (0.0518569936,0.2180316825) (0.0579761707,0.2986468738) (0.1106656433,0.4095367643) (0.1022325655,0.5525326195) (0.1307686821,0.7852383355) (0.1422624348,1.1054249106) (0.2293147455,1.6137410508) (0.1640313401,2.6361497841)
Optimizing +R9 model parameters by 2-BFGS,EM algorithm...
Site proportion and rates:  (0.0108737021,0.0582692743) (0.0507185097,0.2180316825) (0.0581381801,0.2983482268) (0.1109662288,0.4104095408) (0.1026069064,0.5542584996) (0.1309441355,0.7883039899) (0.1424143376,1.1107847371) (0.2293218922,1.6215022662) (0.1640161076,2.6487686033)
Optimizing +R9 model parameters by 2-BFGS,EM algorithm...
Site proportion and rates:  (0.0108575341,0.0582692743) (0.0496787659,0.2180316825) (0.0582329908,0.2980498785) (0.1114263548,0.4112929266) (0.1032304033,0.5566431610) (0.1309434150,0.7923468625) (0.1423722780,1.1157977652) (0.2292535381,1.6289589013) (0.1640047199,2.6608082610)
Optimizing +R9 model parameters by 2-BFGS,EM algorithm...
Site proportion and rates:  (0.0108415647,0.0582692743) (0.0486608144,0.2180316825) (0.0583261532,0.2977518285) (0.1116855101,0.4122613882) (0.1036826081,0.5583147613) (0.1310676284,0.7952892411) (0.1424956719,1.1209123847) (0.2292509040,1.6363310625) (0.1639891451,2.6727616908)
Optimizing +R9 model parameters by 2-BFGS,EM algorithm...
Site proportion and rates:  (0.0108322045,0.0582692743) (0.0480899708,0.2180316825) (0.0585394676,0.2977518285) (0.1118188101,0.4130863234) (0.1038037064,0.5594319494) (0.1309409794,0.7972451655) (0.1421639195,1.1225497366) (0.2296131143,1.6392115843) (0.1641978273,2.6796945017)
Optimizing +R9 model parameters by 2-BFGS,EM algorithm...
Site proportion and rates:  (0.0108229300,0.0582692743) (0.0475400681,0.2180316825) (0.0586286397,0.2977518285) (0.1119336716,0.4134994098) (0.1040770807,0.5605822154) (0.1311279911,0.7991236680) (0.1424332634,1.1263701910) (0.2293440352,1.6443922510) (0.1640923203,2.6862496642)
Optimizing +R9 model parameters by 2-BFGS,EM algorithm...
Site proportion and rates:  (0.0108138816,0.0582692743) (0.0469995951,0.2180316825) (0.0588454570,0.2977518285) (0.1122578435,0.4143446824) (0.1041719259,0.5622656447) (0.1310585079,0.8012093702) (0.1424856138,1.1291717501) (0.2293188403,1.6489862267) (0.1640483349,2.6932020030)
Optimizing +R9 model parameters by 2-BFGS,EM algorithm...
Site proportion and rates:  (0.0108046549,0.0582692743) (0.0464760556,0.2180316825) (0.0588938647,0.2977518285) (0.1122049129,0.4147831735) (0.1045623823,0.5628893781) (0.1312719947,0.8033071282) (0.1425609441,1.1326047965) (0.2291963121,1.6533348435) (0.1640288786,2.7001840704)
Optimizing +R9 model parameters by 2-BFGS,EM algorithm...
Site proportion and rates:  (0.0107956018,0.0582692743) (0.0459543895,0.2180316825) (0.0591008706,0.2977518285) (0.1125070069,0.4156338242) (0.1046563518,0.5645886614) (0.1310319567,0.8052793101) (0.1422361875,1.1341433561) (0.2295380243,1.6561000234) (0.1641796110,2.7070418122)
Optimizing +R9 model parameters by 2-BFGS,EM algorithm...
Site proportion and rates:  (0.0107873723,0.0582692743) (0.0454670455,0.2180316825) (0.0591724339,0.2977518285) (0.1124871561,0.4160620406) (0.1049651219,0.5652131881) (0.1312899914,0.8071291622) (0.1424420029,1.1377875626) (0.2293335508,1.6610112149) (0.1640553252,2.7132839792)
Optimizing +R9 model parameters by 2-BFGS,EM algorithm...
Site proportion and rates:  (0.0107793326,0.0582692743) (0.0449666962,0.2180316825) (0.0594015506,0.2977518285) (0.1128139110,0.4169120676) (0.1050030511,0.5669105242) (0.1310664606,0.8090134645) (0.1421975268,1.1393632935) (0.2295899547,1.6637845463) (0.1641815164,2.7198491714)
Optimizing +R9 model parameters by 2-BFGS,EM algorithm...
Site proportion and rates:  (0.0107715180,0.0582692743) (0.0445119292,0.2180316825) (0.0594658378,0.2977518285) (0.1127893302,0.4173404914) (0.1052945365,0.5675064859) (0.1313379651,0.8108033384) (0.1424880035,1.1430056110) (0.2292813174,1.6686426562) (0.1640595623,2.7258382040)
Optimizing +R9 model parameters by 2-BFGS,EM algorithm...
Site proportion and rates:  (0.0107634732,0.0582692743) (0.0440621186,0.2180316825) (0.0596530759,0.2977518285) (0.1129388359,0.4181853375) (0.1054085084,0.5686420666) (0.1312067304,0.8126014196) (0.1422391971,1.1445616633) (0.2295597969,1.6713622094) (0.1641682637,2.7321689961)
Optimizing +R9 model parameters by 2-BFGS,EM algorithm...
Site proportion and rates:  (0.0107560320,0.0582692743) (0.0436165754,0.2180316825) (0.0597442464,0.2977518285) (0.1130990038,0.4186035230) (0.1055907836,0.5697922641) (0.1313573358,0.8142644441) (0.1424906775,1.1480979656) (0.2293097966,1.6760817131) (0.1640355489,2.7379517258)
Optimizing +R9 model parameters by 2-BFGS,EM algorithm...
Site proportion and rates:  (0.0107480678,0.0582692743) (0.0432062452,0.2180316825) (0.0597863821,0.2977518285) (0.1130629519,0.4190243102) (0.1058594796,0.5704864855) (0.1313405094,0.8161018765) (0.1423097348,1.1496013347) (0.2295383031,1.6787109061) (0.1641483261,2.7440899336)
Optimal log-likelihood: -209397.7280321035
461  mtInv+F+R9    209397.728   1474 421743.456   4770043.456  428501.439
Alignment state count time was 0.002 seconds.
Empirical state frequencies: 0.1066187927 0.0530326804 0.0442300243 0.0535491512 0.0072978305 0.0430792911 0.0502238040 0.0702257220 0.0145057697 0.0546817626 0.1001855597 0.0572641167 0.0258590668 0.0368408673 0.0440578674 0.0605849334 0.0662751733 0.0171243674 0.0298821026 0.0644811168 
Optimizing model mtInv+F+R10
1. Initial log-likelihood: -209514.5597093479 (took 0.6381287971 wall-clock sec)
Optimizing +R10 model parameters by 2-BFGS,EM algorithm...
Site proportion and rates:  (0.0105881931,0.0521207001) (0.0303666259,0.1793281711) (0.0684912780,0.2573775369) (0.1173119653,0.3760400720) (0.1063970879,0.5147615176) (0.1255212754,0.7316146188) (0.1175509552,0.9947597166) (0.1257060537,1.3230602579) (0.1433550013,1.6390299464) (0.1547115643,2.4883242315)
Optimizing +R10 model parameters by 2-BFGS,EM algorithm...
Site proportion and rates:  (0.0105361231,0.0521728209) (0.0298977840,0.1793281711) (0.0678497718,0.2571201593) (0.1157178254,0.3756640318) (0.1068723369,0.5142467560) (0.1258787149,0.7316146188) (0.1157402424,0.9937649568) (0.1143730128,1.3092958954) (0.1550494056,1.6292203189) (0.1580847832,2.5011332366)
Optimizing +R10 model parameters by 2-BFGS,EM algorithm...
Site proportion and rates:  (0.0105318004,0.0522249939) (0.0297124624,0.1793281711) (0.0677725955,0.2571201593) (0.1154279273,0.3756640318) (0.1070366857,0.5142467560) (0.1257196274,0.7316146188) (0.1149354091,0.9937649568) (0.1106520943,1.3040665620) (0.1600350207,1.6275910984) (0.1581763773,2.5040963853)
Optimal log-likelihood: -209383.3995000094
462  mtInv+F+R10   209383.400   1476 421718.799   4781822.799  428485.951
Optimizing model mtMAM+R9
1. Initial log-likelihood: -227105.675 (took 0.621 wall-clock sec)
Optimizing +R9 model parameters by 2-BFGS,EM algorithm...
Site proportion and rates:  (0.013,0.058) (0.113,0.218) (0.076,0.283) (0.060,0.386) (0.074,0.531) (0.097,0.767) (0.124,1.170) (0.206,1.704) (0.236,2.835)
Optimizing +R9 model parameters by 2-BFGS,EM algorithm...
Site proportion and rates:  (0.013,0.058) (0.108,0.218) (0.080,0.285) (0.060,0.392) (0.080,0.548) (0.102,0.813) (0.149,1.264) (0.196,1.855) (0.212,3.088)
Optimizing +R9 model parameters by 2-BFGS,EM algorithm...
Site proportion and rates:  (0.012,0.058) (0.099,0.218) (0.089,0.291) (0.061,0.404) (0.084,0.571) (0.106,0.861) (0.166,1.362) (0.193,2.031) (0.189,3.415)
Optimizing +R9 model parameters by 2-BFGS,EM algorithm...
Site proportion and rates:  (0.012,0.058) (0.095,0.218) (0.094,0.295) (0.064,0.417) (0.087,0.596) (0.107,0.905) (0.182,1.431) (0.184,2.133) (0.174,3.549)
Optimizing +R9 model parameters by 2-BFGS,EM algorithm...
Site proportion and rates:  (0.011,0.058) (0.090,0.218) (0.100,0.301) (0.066,0.430) (0.087,0.617) (0.107,0.934) (0.183,1.476) (0.183,2.199) (0.173,3.662)
Optimizing +R9 model parameters by 2-BFGS,EM algorithm...
Site proportion and rates:  (0.010,0.058) (0.085,0.218) (0.104,0.307) (0.067,0.442) (0.087,0.635) (0.106,0.959) (0.183,1.515) (0.183,2.261) (0.173,3.763)
Optimizing +R9 model parameters by 2-BFGS,EM algorithm...
Site proportion and rates:  (0.010,0.058) (0.081,0.218) (0.108,0.313) (0.068,0.453) (0.087,0.651) (0.106,0.984) (0.184,1.555) (0.183,2.320) (0.173,3.859)
Optimizing +R9 model parameters by 2-BFGS,EM algorithm...
Site proportion and rates:  (0.009,0.058) (0.078,0.218) (0.111,0.318) (0.069,0.462) (0.087,0.666) (0.106,1.007) (0.184,1.591) (0.183,2.371) (0.173,3.949)
Optimizing +R9 model parameters by 2-BFGS,EM algorithm...
Site proportion and rates:  (0.009,0.058) (0.075,0.218) (0.113,0.322) (0.070,0.470) (0.088,0.679) (0.106,1.026) (0.184,1.621) (0.183,2.418) (0.173,4.025)
Optimizing +R9 model parameters by 2-BFGS,EM algorithm...
Site proportion and rates:  (0.009,0.058) (0.073,0.218) (0.115,0.326) (0.070,0.478) (0.088,0.691) (0.106,1.044) (0.184,1.648) (0.183,2.459) (0.173,4.094)
Optimizing +R9 model parameters by 2-BFGS,EM algorithm...
Site proportion and rates:  (0.009,0.058) (0.071,0.218) (0.116,0.329) (0.071,0.484) (0.088,0.701) (0.106,1.059) (0.184,1.671) (0.183,2.494) (0.173,4.156)
Optimizing +R9 model parameters by 2-BFGS,EM algorithm...
Site proportion and rates:  (0.009,0.058) (0.069,0.218) (0.118,0.332) (0.071,0.490) (0.088,0.710) (0.106,1.072) (0.184,1.693) (0.183,2.526) (0.173,4.206)
Optimizing +R9 model parameters by 2-BFGS,EM algorithm...
Site proportion and rates:  (0.009,0.058) (0.068,0.218) (0.119,0.335) (0.072,0.495) (0.088,0.718) (0.106,1.085) (0.184,1.712) (0.182,2.553) (0.173,4.254)
Optimizing +R9 model parameters by 2-BFGS,EM algorithm...
Site proportion and rates:  (0.009,0.058) (0.067,0.218) (0.120,0.337) (0.072,0.498) (0.088,0.724) (0.106,1.094) (0.184,1.728) (0.183,2.578) (0.173,4.297)
Optimizing +R9 model parameters by 2-BFGS,EM algorithm...
Site proportion and rates:  (0.008,0.058) (0.066,0.218) (0.120,0.339) (0.072,0.502) (0.088,0.729) (0.106,1.103) (0.185,1.741) (0.183,2.597) (0.173,4.329)
Optimizing +R9 model parameters by 2-BFGS,EM algorithm...
Site proportion and rates:  (0.008,0.058) (0.065,0.218) (0.121,0.341) (0.072,0.504) (0.088,0.733) (0.106,1.110) (0.185,1.753) (0.182,2.615) (0.173,4.359)
Optimizing +R9 model parameters by 2-BFGS,EM algorithm...
Site proportion and rates:  (0.008,0.058) (0.064,0.218) (0.121,0.342) (0.072,0.507) (0.088,0.737) (0.106,1.116) (0.185,1.763) (0.183,2.632) (0.172,4.387)
Optimizing +R9 model parameters by 2-BFGS,EM algorithm...
Site proportion and rates:  (0.008,0.058) (0.064,0.218) (0.122,0.343) (0.072,0.508) (0.088,0.740) (0.106,1.122) (0.185,1.773) (0.183,2.644) (0.173,4.409)
Optimizing +R9 model parameters by 2-BFGS,EM algorithm...
Site proportion and rates:  (0.008,0.058) (0.063,0.218) (0.122,0.344) (0.072,0.510) (0.089,0.743) (0.106,1.127) (0.185,1.781) (0.183,2.657) (0.173,4.430)
Optimizing +R9 model parameters by 2-BFGS,EM algorithm...
Site proportion and rates:  (0.008,0.058) (0.063,0.218) (0.122,0.345) (0.072,0.511) (0.089,0.746) (0.106,1.131) (0.185,1.789) (0.183,2.669) (0.173,4.450)
Optimizing +R9 model parameters by 2-BFGS,EM algorithm...
Site proportion and rates:  (0.008,0.058) (0.062,0.218) (0.122,0.346) (0.072,0.512) (0.089,0.747) (0.106,1.134) (0.185,1.794) (0.183,2.676) (0.173,4.462)
Optimizing +R9 model parameters by 2-BFGS,EM algorithm...
Site proportion and rates:  (0.008,0.058) (0.062,0.218) (0.123,0.346) (0.072,0.513) (0.089,0.749) (0.106,1.137) (0.185,1.798) (0.183,2.683) (0.172,4.474)
Optimizing +R9 model parameters by 2-BFGS,EM algorithm...
Site proportion and rates:  (0.008,0.058) (0.062,0.218) (0.123,0.347) (0.072,0.514) (0.089,0.751) (0.106,1.140) (0.185,1.803) (0.183,2.689) (0.172,4.485)
Optimizing +R9 model parameters by 2-BFGS,EM algorithm...
Site proportion and rates:  (0.008,0.058) (0.062,0.218) (0.123,0.347) (0.072,0.514) (0.089,0.751) (0.106,1.141) (0.185,1.805) (0.183,2.693) (0.173,4.490)
Optimal log-likelihood: -225210.344
472  mtMAM+R9      225210.344   1455 453330.689   4690290.689  460001.560
Optimizing model mtMAM+R10
1. Initial log-likelihood: -226603.948 (took 0.621 wall-clock sec)
Optimizing +R10 model parameters by 2-BFGS,EM algorithm...
Site proportion and rates:  (0.008,0.049) (0.064,0.179) (0.113,0.278) (0.067,0.391) (0.070,0.541) (0.078,0.751) (0.072,1.008) (0.163,1.441) (0.175,2.102) (0.191,3.422)
Optimizing +R10 model parameters by 2-BFGS,EM algorithm...
Site proportion and rates:  (0.009,0.049) (0.065,0.179) (0.116,0.276) (0.063,0.393) (0.070,0.542) (0.076,0.748) (0.070,1.010) (0.179,1.446) (0.180,2.140) (0.173,3.553)
Optimizing +R10 model parameters by 2-BFGS,EM algorithm...
Site proportion and rates:  (0.009,0.049) (0.064,0.179) (0.117,0.278) (0.063,0.395) (0.069,0.544) (0.076,0.752) (0.070,1.014) (0.180,1.458) (0.180,2.161) (0.172,3.593)
Optimizing +R10 model parameters by 2-BFGS,EM algorithm...
Site proportion and rates:  (0.008,0.049) (0.063,0.179) (0.117,0.279) (0.063,0.398) (0.069,0.548) (0.076,0.756) (0.070,1.020) (0.180,1.467) (0.181,2.175) (0.172,3.619)
Optimizing +R10 model parameters by 2-BFGS,EM algorithm...
Site proportion and rates:  (0.008,0.049) (0.063,0.179) (0.118,0.280) (0.063,0.399) (0.069,0.551) (0.076,0.761) (0.070,1.026) (0.180,1.475) (0.181,2.189) (0.172,3.642)
Optimizing +R10 model parameters by 2-BFGS,EM algorithm...
Site proportion and rates:  (0.008,0.049) (0.062,0.179) (0.118,0.281) (0.063,0.401) (0.069,0.554) (0.076,0.765) (0.070,1.032) (0.180,1.483) (0.181,2.201) (0.172,3.660)
Optimizing +R10 model parameters by 2-BFGS,EM algorithm...
Site proportion and rates:  (0.008,0.049) (0.062,0.179) (0.118,0.282) (0.064,0.403) (0.069,0.556) (0.076,0.769) (0.070,1.037) (0.180,1.490) (0.181,2.210) (0.172,3.678)
Optimizing +R10 model parameters by 2-BFGS,EM algorithm...
Site proportion and rates:  (0.008,0.049) (0.061,0.179) (0.118,0.283) (0.064,0.404) (0.070,0.558) (0.076,0.771) (0.070,1.041) (0.180,1.497) (0.181,2.219) (0.172,3.694)
Optimizing +R10 model parameters by 2-BFGS,EM algorithm...
Site proportion and rates:  (0.008,0.049) (0.061,0.179) (0.119,0.283) (0.064,0.405) (0.070,0.559) (0.076,0.773) (0.070,1.044) (0.180,1.501) (0.181,2.225) (0.172,3.703)
Optimizing +R10 model parameters by 2-BFGS,EM algorithm...
Site proportion and rates:  (0.008,0.049) (0.060,0.179) (0.119,0.284) (0.064,0.406) (0.070,0.561) (0.076,0.775) (0.070,1.046) (0.180,1.504) (0.181,2.230) (0.172,3.712)
Optimizing +R10 model parameters by 2-BFGS,EM algorithm...
Site proportion and rates:  (0.008,0.049) (0.060,0.179) (0.119,0.284) (0.064,0.406) (0.070,0.562) (0.076,0.776) (0.070,1.049) (0.180,1.508) (0.181,2.236) (0.172,3.721)
Optimizing +R10 model parameters by 2-BFGS,EM algorithm...
Site proportion and rates:  (0.008,0.049) (0.060,0.179) (0.119,0.285) (0.064,0.407) (0.070,0.563) (0.076,0.778) (0.070,1.050) (0.180,1.510) (0.181,2.238) (0.172,3.726)
Optimal log-likelihood: -225199.142
473  mtMAM+R10     225199.142   1457 453312.283   4701924.283  459992.324
Alignment state count time was 0.001 seconds.
Empirical state frequencies: 0.1066187927 0.0530326804 0.0442300243 0.0535491512 0.0072978305 0.0430792911 0.0502238040 0.0702257220 0.0145057697 0.0546817626 0.1001855597 0.0572641167 0.0258590668 0.0368408673 0.0440578674 0.0605849334 0.0662751733 0.0171243674 0.0298821026 0.0644811168 
Optimizing model mtMAM+F+R9
1. Initial log-likelihood: -217572.9997793118 (took 0.4561987480 wall-clock sec)
Optimizing +R9 model parameters by 2-BFGS,EM algorithm...
Site proportion and rates:  (0.0133389877,0.0582692743) (0.0827788124,0.2180316825) (0.0763386263,0.2979050983) (0.0766215842,0.3942419386) (0.0706383323,0.5073062813) (0.1222206279,0.7607807285) (0.1322983930,1.1469466920) (0.2221565310,1.6972217843) (0.2036081051,2.8965361535)
Optimizing +R9 model parameters by 2-BFGS,EM algorithm...
Site proportion and rates:  (0.0135037963,0.0582692743) (0.0848745358,0.2180316825) (0.0777248682,0.2984528237) (0.0735564698,0.3958785397) (0.0690679949,0.5098186860) (0.1273867344,0.7664166322) (0.1441843313,1.1806745218) (0.2210505926,1.7421807735) (0.1886506768,3.0295113284)
Optimizing +R9 model parameters by 2-BFGS,EM algorithm...
Site proportion and rates:  (0.0133143724,0.0582692743) (0.0821244235,0.2180316825) (0.0794401932,0.3004019631) (0.0734204001,0.3999081487) (0.0702523444,0.5155112398) (0.1277406591,0.7773870651) (0.1452736051,1.1989981057) (0.2203146804,1.7702658026) (0.1881193220,3.0781702453)
Optimizing +R9 model parameters by 2-BFGS,EM algorithm...
Site proportion and rates:  (0.0130869593,0.0582692743) (0.0798615634,0.2180316825) (0.0811212637,0.3028134929) (0.0736786745,0.4044414288) (0.0707332450,0.5216513703) (0.1278680902,0.7876713471) (0.1454346141,1.2153411282) (0.2201783117,1.7943644374) (0.1880372782,3.1212062276)
Optimizing +R9 model parameters by 2-BFGS,EM algorithm...
Site proportion and rates:  (0.0128450828,0.0582692743) (0.0778842847,0.2180316825) (0.0826072988,0.3047605350) (0.0741946043,0.4083942284) (0.0708426967,0.5277756066) (0.1278599821,0.7975276508) (0.1454012883,1.2293057457) (0.2202433723,1.8152500358) (0.1881213901,3.1600233414)
Optimizing +R9 model parameters by 2-BFGS,EM algorithm...
Site proportion and rates:  (0.0126260915,0.0582692743) (0.0762186456,0.2180316825) (0.0837796603,0.3066817045) (0.0746680512,0.4123924951) (0.0710068989,0.5335157669) (0.1279470549,0.8053977033) (0.1454302383,1.2426971559) (0.2200808536,1.8349524867) (0.1882425056,3.1914066489)
Optimizing +R9 model parameters by 2-BFGS,EM algorithm...
Site proportion and rates:  (0.0124505837,0.0582692743) (0.0748199974,0.2180316825) (0.0848899359,0.3084987057) (0.0752141285,0.4157632586) (0.0709990063,0.5387975953) (0.1279307418,0.8131699751) (0.1455180735,1.2549331224) (0.2200177234,1.8528666423) (0.1881598095,3.2226366509)
Optimizing +R9 model parameters by 2-BFGS,EM algorithm...
Site proportion and rates:  (0.0123119599,0.0582692743) (0.0734235142,0.2180316825) (0.0857719936,0.3098361276) (0.0757110281,0.4190860305) (0.0711493039,0.5430607200) (0.1279134552,0.8204206926) (0.1453801769,1.2650213820) (0.2200877171,1.8680329182) (0.1882508510,3.2514484798)
Optimizing +R9 model parameters by 2-BFGS,EM algorithm...
Site proportion and rates:  (0.0122248449,0.0582692743) (0.0724666802,0.2180316825) (0.0864937895,0.3111226555) (0.0760994644,0.4216651796) (0.0710708720,0.5467721851) (0.1279649803,0.8255670773) (0.1455866030,1.2740435338) (0.2198375635,1.8810029589) (0.1882552021,3.2718285014)
Optimizing +R9 model parameters by 2-BFGS,EM algorithm...
Site proportion and rates:  (0.0121535626,0.0582692743) (0.0714664075,0.2180316825) (0.0870764385,0.3120259004) (0.0763837805,0.4233785792) (0.0712231832,0.5500450668) (0.1279524163,0.8306851628) (0.1455470222,1.2808304106) (0.2199842091,1.8928019092) (0.1882129800,3.2920649701)
Optimizing +R9 model parameters by 2-BFGS,EM algorithm...
Site proportion and rates:  (0.0120970046,0.0582692743) (0.0705852375,0.2180316825) (0.0875843051,0.3129223731) (0.0766439811,0.4251615156) (0.0713165366,0.5526013879) (0.1280088340,0.8347660090) (0.1455664799,1.2882921972) (0.2199759014,1.9023106651) (0.1882217199,3.3121208365)
Optimizing +R9 model parameters by 2-BFGS,EM algorithm...
Site proportion and rates:  (0.0120522306,0.0582692743) (0.0698310877,0.2180316825) (0.0880841643,0.3137878812) (0.0768564336,0.4269668084) (0.0713975349,0.5551888714) (0.1280458555,0.8388395263) (0.1456236979,1.2947768015) (0.2199124939,1.9117753990) (0.1881965016,3.3286080703)
Optimizing +R9 model parameters by 2-BFGS,EM algorithm...
Site proportion and rates:  (0.0120145511,0.0582692743) (0.0691623921,0.2180316825) (0.0884150025,0.3146248559) (0.0769135269,0.4283027399) (0.0716679261,0.5570466909) (0.1280267096,0.8426534073) (0.1455394961,1.2995458973) (0.2200774519,1.9206172871) (0.1881829438,3.3437859200)
Optimizing +R9 model parameters by 2-BFGS,EM algorithm...
Site proportion and rates:  (0.0119943419,0.0582692743) (0.0687152490,0.2180316825) (0.0886529493,0.3149849898) (0.0770338884,0.4291597739) (0.0717425770,0.5584186127) (0.1281452691,0.8447957356) (0.1456342392,1.3041594759) (0.2199078095,1.9256711255) (0.1881736766,3.3530707897)
Optimizing +R9 model parameters by 2-BFGS,EM algorithm...
Site proportion and rates:  (0.0119742137,0.0582692743) (0.0682874073,0.2180316825) (0.0888736968,0.3153767977) (0.0771639149,0.4300185228) (0.0718337391,0.5597828924) (0.1281194921,0.8470071272) (0.1454943485,1.3071940544) (0.2198819421,1.9297787223) (0.1883712455,3.3584699968)
Optimizing +R9 model parameters by 2-BFGS,EM algorithm...
Site proportion and rates:  (0.0119568364,0.0582692743) (0.0679399266,0.2180316825) (0.0890403835,0.3157686311) (0.0771479930,0.4308789901) (0.0718813393,0.5604798594) (0.1280968273,0.8482166716) (0.1453604900,1.3090871269) (0.2200542959,1.9331734128) (0.1885219079,3.3652412193)
Optimizing +R9 model parameters by 2-BFGS,EM algorithm...
Site proportion and rates:  (0.0119422797,0.0582692743) (0.0676425155,0.2180316825) (0.0893055217,0.3161486689) (0.0773735823,0.4317607062) (0.0718917037,0.5621629813) (0.1280348059,0.8505396993) (0.1455251004,1.3117592024) (0.2200552786,1.9386036252) (0.1882292122,3.3754866440)
Optimal log-likelihood: -216623.7619622877
483  mtMAM+F+R9    216623.762   1474 436195.524   4784495.524  442953.506
Alignment state count time was 0.001 seconds.
Empirical state frequencies: 0.1066187927 0.0530326804 0.0442300243 0.0535491512 0.0072978305 0.0430792911 0.0502238040 0.0702257220 0.0145057697 0.0546817626 0.1001855597 0.0572641167 0.0258590668 0.0368408673 0.0440578674 0.0605849334 0.0662751733 0.0171243674 0.0298821026 0.0644811168 
Optimizing model mtMAM+F+R10
1. Initial log-likelihood: -217391.2176959066 (took 0.5086286590 wall-clock sec)
Optimizing +R10 model parameters by 2-BFGS,EM algorithm...
Site proportion and rates:  (0.0102121475,0.0494000334) (0.0304458396,0.1793281711) (0.0827879568,0.2512113468) (0.1002644084,0.3582369042) (0.0884383746,0.5004358376) (0.0965503440,0.7477462446) (0.0647935590,0.9699303883) (0.1378280297,1.2996404236) (0.2072078449,1.8544360503) (0.1814714954,3.1523678291)
Optimizing +R10 model parameters by 2-BFGS,EM algorithm...
Site proportion and rates:  (0.0101514413,0.0494000334) (0.0282352895,0.1793281711) (0.0776666082,0.2462244323) (0.0984387853,0.3499380610) (0.0935053861,0.4941822612) (0.0941859505,0.7440149829) (0.0611646688,0.9520569275) (0.1388997769,1.2905701869) (0.2114744413,1.8617168388) (0.1862776522,3.2138189049)
Optimizing +R10 model parameters by 2-BFGS,EM algorithm...
Site proportion and rates:  (0.0101358169,0.0494000334) (0.0246557728,0.1793281711) (0.0730657445,0.2440908416) (0.0954071487,0.3419942229) (0.1018230380,0.4880747138) (0.0877308261,0.7394324101) (0.0654274625,0.9361871467) (0.1403707068,1.2943757943) (0.2143124255,1.8788538764) (0.1870710580,3.2522465719)
Optimizing +R10 model parameters by 2-BFGS,EM algorithm...
Site proportion and rates:  (0.0101125102,0.0494000334) (0.0227249250,0.1793281711) (0.0708405343,0.2440908416) (0.0927820121,0.3391283647) (0.1065209819,0.4870985651) (0.0834181248,0.7379542845) (0.0700755864,0.9335444265) (0.1409494313,1.3046194901) (0.2154218612,1.8993661522) (0.1871540327,3.2931372743)
Optimizing +R10 model parameters by 2-BFGS,EM algorithm...
Site proportion and rates:  (0.0100922851,0.0494000334) (0.0210062838,0.1793281711) (0.0700384106,0.2440908416) (0.0924867805,0.3391283647) (0.1079985319,0.4884895704) (0.0808119345,0.7386922389) (0.0730702610,0.9355465114) (0.1413993540,1.3162259156) (0.2157789491,1.9187674269) (0.1873172096,3.3252810262)
Optimizing +R10 model parameters by 2-BFGS,EM algorithm...
Site proportion and rates:  (0.0100747105,0.0494000334) (0.0195888004,0.1793281711) (0.0696286722,0.2440908416) (0.0929483302,0.3401768833) (0.1088776121,0.4913207576) (0.0797740263,0.7428317770) (0.0743221839,0.9413236905) (0.1413339311,1.3273672160) (0.2160007732,1.9344612659) (0.1874509600,3.3571362404)
Optimizing +R10 model parameters by 2-BFGS,EM algorithm...
Site proportion and rates:  (0.0100611765,0.0494000334) (0.0186029702,0.1793281711) (0.0693956457,0.2440908416) (0.0935406060,0.3412530614) (0.1093419391,0.4940812870) (0.0795129125,0.7470962740) (0.0747357365,0.9469329800) (0.1415285328,1.3367924801) (0.2159353719,1.9485382879) (0.1873451088,3.3813416717)
Optimizing +R10 model parameters by 2-BFGS,EM algorithm...
Site proportion and rates:  (0.0100477387,0.0494000334) (0.0176808611,0.1793281711) (0.0691484223,0.2440908416) (0.0941796082,0.3423977317) (0.1097587707,0.4969245133) (0.0795301868,0.7516308171) (0.0748547313,0.9532445783) (0.1416561512,1.3460544063) (0.2157289371,1.9620992242) (0.1874145925,3.4015140317)
Optimizing +R10 model parameters by 2-BFGS,EM algorithm...
Site proportion and rates:  (0.0100343313,0.0494000334) (0.0168807208,0.1793281711) (0.0688772122,0.2440908416) (0.0947272993,0.3435471031) (0.1101682314,0.4995145860) (0.0793793089,0.7559666161) (0.0749981921,0.9583768162) (0.1415970175,1.3536392697) (0.2159335791,1.9747044550) (0.1874041073,3.4232028996)
Optimizing +R10 model parameters by 2-BFGS,EM algorithm...
Site proportion and rates:  (0.0100213197,0.0494000334) (0.0161783558,0.1793281711) (0.0686197943,0.2440908416) (0.0952762636,0.3447077810) (0.1105000235,0.5020593354) (0.0793453078,0.7601039451) (0.0751188727,0.9638178136) (0.1415894872,1.3618578745) (0.2158720485,1.9855152763) (0.1874785268,3.4432773535)
Optimizing +R10 model parameters by 2-BFGS,EM algorithm...
Site proportion and rates:  (0.0100090025,0.0494000334) (0.0155661766,0.1793281711) (0.0683811777,0.2440908416) (0.0958163418,0.3458632012) (0.1107731595,0.5045120599) (0.0794641846,0.7641740137) (0.0750368318,0.9690808987) (0.1417084235,1.3691074953) (0.2158700492,1.9973363428) (0.1873746527,3.4626121289)
Optimizing +R10 model parameters by 2-BFGS,EM algorithm...
Site proportion and rates:  (0.0099962104,0.0494000334) (0.0151796240,0.1793281711) (0.0684619497,0.2448238469) (0.0959955081,0.3473508482) (0.1109154096,0.5070168539) (0.0795382731,0.7683295327) (0.0750126618,0.9743094846) (0.1415460327,1.3764659934) (0.2159042799,2.0062601021) (0.1874500507,3.4821426744)
Optimizing +R10 model parameters by 2-BFGS,EM algorithm...
Site proportion and rates:  (0.0099835727,0.0494000334) (0.0148807798,0.1793281711) (0.0686250570,0.2457424022) (0.0959304276,0.3488768429) (0.1109602604,0.5089568215) (0.0796540223,0.7715099281) (0.0750902784,0.9793816957) (0.1415007277,1.3832515373) (0.2159107237,2.0159629185) (0.1874641504,3.4991937296)
Optimizing +R10 model parameters by 2-BFGS,EM algorithm...
Site proportion and rates:  (0.0099711496,0.0494000334) (0.0146155576,0.1793281711) (0.0687895890,0.2466826320) (0.0960380567,0.3503473211) (0.1110644134,0.5115213291) (0.0795965677,0.7754982580) (0.0750775294,0.9838368420) (0.1416554292,1.3899719763) (0.2158284853,2.0263083226) (0.1873632220,3.5162605779)
Optimizing +R10 model parameters by 2-BFGS,EM algorithm...
Site proportion and rates:  (0.0099583506,0.0494000334) (0.0143493788,0.1793281711) (0.0689789120,0.2476302170) (0.0961531882,0.3519320113) (0.1110993903,0.5141004301) (0.0797330309,0.7795214697) (0.0749373209,0.9888491991) (0.1416872755,1.3968255977) (0.2157615818,2.0360865854) (0.1873415709,3.5330988370)
Optimizing +R10 model parameters by 2-BFGS,EM algorithm...
Site proportion and rates:  (0.0099453163,0.0494000334) (0.0141019796,0.1793281711) (0.0691754686,0.2485975595) (0.0960859368,0.3535410717) (0.1110787345,0.5160471669) (0.0798870429,0.7826754856) (0.0749634685,0.9938549329) (0.1417037080,1.4035692494) (0.2157370881,2.0457417986) (0.1873212568,3.5497529067)
Optimizing +R10 model parameters by 2-BFGS,EM algorithm...
Site proportion and rates:  (0.0099322058,0.0494000334) (0.0138827509,0.1793281711) (0.0693430233,0.2495791617) (0.0961797220,0.3550450434) (0.1110758679,0.5186628275) (0.0795876323,0.7859019398) (0.0750509052,0.9972059692) (0.1417073305,1.4087627705) (0.2159136137,2.0552146633) (0.1873269484,3.5660340684)
Optimizing +R10 model parameters by 2-BFGS,EM algorithm...
Site proportion and rates:  (0.0099190950,0.0494000334) (0.0136722742,0.1793281711) (0.0695333577,0.2505425714) (0.0961365621,0.3566196540) (0.1110831141,0.5205758521) (0.0797284956,0.7893312188) (0.0751322736,1.0023271215) (0.1417164051,1.4159947942) (0.2157615905,2.0641354348) (0.1873168321,3.5817936033)
Optimizing +R10 model parameters by 2-BFGS,EM algorithm...
Site proportion and rates:  (0.0099111828,0.0494000334) (0.0135508342,0.1793281711) (0.0696942841,0.2511510455) (0.0962608377,0.3577167284) (0.1110479902,0.5223801429) (0.0797288448,0.7919465442) (0.0748518189,1.0045524010) (0.1417760768,1.4189954839) (0.2158981543,2.0700137894) (0.1872799762,3.5919072218)
Optimizing +R10 model parameters by 2-BFGS,EM algorithm...
Site proportion and rates:  (0.0098975600,0.0494000334) (0.0133195879,0.1793281711) (0.0696685788,0.2519115980) (0.0962640531,0.3588344433) (0.1112223282,0.5242539818) (0.0797018632,0.7951890116) (0.0749517194,1.0087142409) (0.1416848974,1.4247253374) (0.2159641101,2.0788765760) (0.1873253019,3.6072579477)
Optimizing +R10 model parameters by 2-BFGS,EM algorithm...
Site proportion and rates:  (0.0098897063,0.0494000334) (0.0132198393,0.1793281711) (0.0698577707,0.2525391349) (0.0962683848,0.3599407720) (0.1110916812,0.5255548609) (0.0796229885,0.7968850219) (0.0750440367,1.0110542516) (0.1417314306,1.4284301921) (0.2159619679,2.0841982425) (0.1873121938,3.6168827588)
Optimizing +R10 model parameters by 2-BFGS,EM algorithm...
Site proportion and rates:  (0.0098811807,0.0494000334) (0.0131134957,0.1793281711) (0.0700553069,0.2531683090) (0.0964187368,0.3611258768) (0.1109914599,0.5273661794) (0.0796958692,0.8000773468) (0.0748807017,1.0146276308) (0.1417113874,1.4335267176) (0.2159741432,2.0895848210) (0.1872777185,3.6262755571)
Optimizing +R10 model parameters by 2-BFGS,EM algorithm...
Site proportion and rates:  (0.0098738572,0.0494000334) (0.0129983931,0.1793281711) (0.0700743101,0.2538100454) (0.0964060371,0.3619139519) (0.1111198173,0.5285958928) (0.0798698527,0.8017751226) (0.0748083266,1.0176745589) (0.1416868660,1.4364173010) (0.2158627622,2.0954011240) (0.1872997777,3.6360158743)
Optimizing +R10 model parameters by 2-BFGS,EM algorithm...
Site proportion and rates:  (0.0098642067,0.0494000334) (0.0129003904,0.1793281711) (0.0701292652,0.2543854618) (0.0963344135,0.3626523771) (0.1111355784,0.5298146838) (0.0798421579,0.8033794749) (0.0748867289,1.0199073647) (0.1417006896,1.4400264487) (0.2159038589,2.1008024755) (0.1873027104,3.6455564945)
Optimizing +R10 model parameters by 2-BFGS,EM algorithm...
Site proportion and rates:  (0.0098552264,0.0494000334) (0.0127553421,0.1793281711) (0.0700918383,0.2546749422) (0.0964321678,0.3633906736) (0.1112603405,0.5310562144) (0.0798020832,0.8058433082) (0.0748795426,1.0221900434) (0.1417140435,1.4436128648) (0.2159129582,2.1061279001) (0.1872964574,3.6549222958)
Optimizing +R10 model parameters by 2-BFGS,EM algorithm...
Site proportion and rates:  (0.0098468304,0.0494000334) (0.0126767187,0.1793281711) (0.0702570360,0.2553255008) (0.0964275700,0.3644819364) (0.1111680561,0.5323604706) (0.0797016518,0.8074853186) (0.0749766913,1.0245117911) (0.1416990739,1.4471516694) (0.2158325645,2.1113470071) (0.1874138073,3.6604500811)
Optimizing +R10 model parameters by 2-BFGS,EM algorithm...
Site proportion and rates:  (0.0098389128,0.0494000334) (0.0125924300,0.1793281711) (0.0703460174,0.2559501921) (0.0964211905,0.3652815994) (0.1111507639,0.5336200474) (0.0796819571,0.8092138667) (0.0750126705,1.0268022834) (0.1417589074,1.4506125666) (0.2158794554,2.1162909897) (0.1873176949,3.6722136569)
Optimizing +R10 model parameters by 2-BFGS,EM algorithm...
Site proportion and rates:  (0.0098299196,0.0494000334) (0.0124677348,0.1793281711) (0.0703268323,0.2562588307) (0.0965108715,0.3660259308) (0.1112525369,0.5348506933) (0.0797554126,0.8116439371) (0.0749048414,1.0293265413) (0.1417758286,1.4540703148) (0.2158520823,2.1214668146) (0.1873239399,3.6815825131)
Optimizing +R10 model parameters by 2-BFGS,EM algorithm...
Site proportion and rates:  (0.0098227769,0.0494000334) (0.0123938467,0.1793281711) (0.0703982171,0.2569330881) (0.0965136788,0.3668586391) (0.1112583580,0.5361173476) (0.0797023555,0.8133736838) (0.0749441991,1.0316160499) (0.1417757839,1.4574892399) (0.2158002846,2.1265763231) (0.1873904994,3.6868668716)
Optimizing +R10 model parameters by 2-BFGS,EM algorithm...
Site proportion and rates:  (0.0098130238,0.0494000334) (0.0123266633,0.1793281711) (0.0705008158,0.2575029809) (0.0964590888,0.3676231364) (0.1112754325,0.5373521595) (0.0798735152,0.8151613524) (0.0748649679,1.0349453411) (0.1417416807,1.4608972565) (0.2158761271,2.1313894786) (0.1872686849,3.6982912330)
Optimizing +R10 model parameters by 2-BFGS,EM algorithm...
Site proportion and rates:  (0.0098042949,0.0494000334) (0.0122072753,0.1793281711) (0.0704742241,0.2577824199) (0.0965926566,0.3683724610) (0.1113632428,0.5386629229) (0.0799154468,0.8176092831) (0.0747736161,1.0371402666) (0.1417306214,1.4644533344) (0.2157577207,2.1364333074) (0.1873809014,3.7038393462)
Optimizing +R10 model parameters by 2-BFGS,EM algorithm...
Site proportion and rates:  (0.0097958452,0.0494000334) (0.0121466119,0.1793281711) (0.0706699011,0.2584233997) (0.0965919595,0.3694786842) (0.1112224124,0.5398709849) (0.0799238136,0.8192616173) (0.0747824289,1.0394174710) (0.1417796683,1.4678292664) (0.2157983910,2.1412219721) (0.1872889681,3.7151763762)
Optimizing +R10 model parameters by 2-BFGS,EM algorithm...
Site proportion and rates:  (0.0097870439,0.0494000334) (0.0120499999,0.1793281711) (0.0705642262,0.2587840324) (0.0966497449,0.3698936416) (0.1113600360,0.5411152713) (0.0797620585,0.8209414312) (0.0749320351,1.0416786478) (0.1415648521,1.4711621578) (0.2158138235,2.1440873957) (0.1875161800,3.7206488481)
Optimizing +R10 model parameters by 2-BFGS,EM algorithm...
Site proportion and rates:  (0.0097789351,0.0494000334) (0.0119987595,0.1793281711) (0.0707743226,0.2593989596) (0.0966336731,0.3710331718) (0.1112377644,0.5421989164) (0.0798579314,0.8226191666) (0.0748510185,1.0438320668) (0.1417233682,1.4741059535) (0.2158126706,2.1501022830) (0.1873315568,3.7309339451)
Optimal log-likelihood: -216600.0955018944
484  mtMAM+F+R10   216600.096   1476 436152.191   4796256.191  442919.343
WARNING: Normalizing state frequencies so that sum of them equals to 1
Optimizing model FLAVI+R9
1. Initial log-likelihood: -219201.975 (took 0.510 wall-clock sec)
Optimizing +R9 model parameters by 2-BFGS,EM algorithm...
Site proportion and rates:  (0.014,0.058) (0.060,0.218) (0.059,0.297) (0.118,0.394) (0.085,0.554) (0.123,0.799) (0.151,1.122) (0.184,1.619) (0.206,2.618)
Optimizing +R9 model parameters by 2-BFGS,EM algorithm...
Site proportion and rates:  (0.014,0.058) (0.065,0.218) (0.066,0.303) (0.117,0.401) (0.079,0.570) (0.135,0.813) (0.161,1.163) (0.168,1.660) (0.195,2.631)
Optimizing +R9 model parameters by 2-BFGS,EM algorithm...
Site proportion and rates:  (0.014,0.058) (0.066,0.218) (0.070,0.307) (0.118,0.407) (0.077,0.584) (0.134,0.822) (0.164,1.177) (0.163,1.676) (0.193,2.644)
Optimizing +R9 model parameters by 2-BFGS,EM algorithm...
Site proportion and rates:  (0.014,0.058) (0.065,0.218) (0.074,0.310) (0.119,0.413) (0.077,0.596) (0.132,0.830) (0.163,1.184) (0.163,1.686) (0.193,2.658)
Optimizing +R9 model parameters by 2-BFGS,EM algorithm...
Site proportion and rates:  (0.014,0.058) (0.065,0.218) (0.076,0.312) (0.119,0.417) (0.077,0.605) (0.131,0.837) (0.163,1.191) (0.162,1.695) (0.193,2.671)
Optimizing +R9 model parameters by 2-BFGS,EM algorithm...
Site proportion and rates:  (0.014,0.058) (0.065,0.218) (0.078,0.314) (0.119,0.420) (0.078,0.613) (0.129,0.843) (0.163,1.197) (0.162,1.701) (0.193,2.679)
Optimizing +R9 model parameters by 2-BFGS,EM algorithm...
Site proportion and rates:  (0.014,0.058) (0.064,0.218) (0.079,0.315) (0.120,0.423) (0.078,0.619) (0.128,0.849) (0.162,1.202) (0.162,1.710) (0.193,2.691)
Optimizing +R9 model parameters by 2-BFGS,EM algorithm...
Site proportion and rates:  (0.014,0.058) (0.064,0.218) (0.080,0.316) (0.120,0.424) (0.079,0.622) (0.128,0.852) (0.162,1.206) (0.162,1.713) (0.193,2.696)
Optimizing +R9 model parameters by 2-BFGS,EM algorithm...
Site proportion and rates:  (0.014,0.058) (0.063,0.218) (0.080,0.316) (0.120,0.425) (0.079,0.624) (0.127,0.855) (0.162,1.209) (0.162,1.718) (0.193,2.703)
Optimizing +R9 model parameters by 2-BFGS,EM algorithm...
Site proportion and rates:  (0.014,0.058) (0.063,0.218) (0.080,0.316) (0.120,0.426) (0.079,0.625) (0.127,0.856) (0.162,1.212) (0.162,1.722) (0.193,2.708)
Optimizing +R9 model parameters by 2-BFGS,EM algorithm...
Site proportion and rates:  (0.014,0.058) (0.062,0.218) (0.080,0.316) (0.121,0.426) (0.079,0.626) (0.127,0.858) (0.162,1.215) (0.162,1.726) (0.193,2.716)
Optimizing +R9 model parameters by 2-BFGS,EM algorithm...
Site proportion and rates:  (0.014,0.059) (0.062,0.218) (0.080,0.316) (0.121,0.427) (0.079,0.627) (0.128,0.859) (0.162,1.217) (0.162,1.730) (0.193,2.721)
Optimal log-likelihood: -218593.813
494  FLAVI+R9      218593.813   1455 440097.627   4677057.627  446768.498
WARNING: Normalizing state frequencies so that sum of them equals to 1
Optimizing model FLAVI+R10
1. Initial log-likelihood: -219094.974 (took 0.711 wall-clock sec)
Optimizing +R10 model parameters by 2-BFGS,EM algorithm...
Site proportion and rates:  (0.013,0.058) (0.024,0.179) (0.073,0.263) (0.123,0.382) (0.080,0.525) (0.094,0.736) (0.104,0.960) (0.147,1.277) (0.155,1.775) (0.187,2.748)
Optimizing +R10 model parameters by 2-BFGS,EM algorithm...
Site proportion and rates:  (0.013,0.058) (0.025,0.179) (0.074,0.264) (0.120,0.382) (0.077,0.521) (0.091,0.725) (0.104,0.944) (0.150,1.269) (0.156,1.771) (0.191,2.765)
Optimizing +R10 model parameters by 2-BFGS,EM algorithm...
Site proportion and rates:  (0.013,0.058) (0.025,0.179) (0.073,0.264) (0.119,0.381) (0.075,0.516) (0.089,0.717) (0.106,0.935) (0.152,1.266) (0.157,1.771) (0.191,2.768)
Optimizing +R10 model parameters by 2-BFGS,EM algorithm...
Site proportion and rates:  (0.013,0.058) (0.025,0.179) (0.073,0.264) (0.118,0.381) (0.075,0.513) (0.088,0.714) (0.107,0.933) (0.153,1.265) (0.157,1.771) (0.191,2.770)
Optimal log-likelihood: -218583.375
495  FLAVI+R10     218583.375   1457 440080.750   4688692.750  446760.792
WARNING: Normalizing state frequencies so that sum of them equals to 1
Alignment state count time was 0.002 seconds.
Empirical state frequencies: 0.1066187927 0.0530326804 0.0442300243 0.0535491512 0.0072978305 0.0430792911 0.0502238040 0.0702257220 0.0145057697 0.0546817626 0.1001855597 0.0572641167 0.0258590668 0.0368408673 0.0440578674 0.0605849334 0.0662751733 0.0171243674 0.0298821026 0.0644811168 
Optimizing model FLAVI+F+R9
1. Initial log-likelihood: -217900.1641265887 (took 0.4809086950 wall-clock sec)
Optimizing +R9 model parameters by 2-BFGS,EM algorithm...
Site proportion and rates:  (0.0144646084,0.0582692743) (0.0583527141,0.2180316825) (0.0572610946,0.2886018707) (0.1254382616,0.3956888625) (0.0903680411,0.5568936416) (0.1137466626,0.7910443563) (0.1590361243,1.0998610069) (0.1751597686,1.6248526389) (0.2061727247,2.6182819199)
Optimizing +R9 model parameters by 2-BFGS,EM algorithm...
Site proportion and rates:  (0.0145338761,0.0582692743) (0.0613212001,0.2180316825) (0.0574455046,0.2891793633) (0.1264046246,0.3950111760) (0.0878677544,0.5612883644) (0.1311698617,0.8074729555) (0.1598516900,1.1469378509) (0.1693007081,1.6718567666) (0.1921047805,2.6745641616)
Optimizing +R9 model parameters by 2-BFGS,EM algorithm...
Site proportion and rates:  (0.0144337121,0.0582692743) (0.0595923733,0.2180316825) (0.0588600938,0.2900477695) (0.1270051287,0.3980087097) (0.0883394882,0.5662420222) (0.1348732226,0.8176299846) (0.1630284272,1.1718360945) (0.1651730762,1.7091342718) (0.1886944779,2.7089368104)
Optimizing +R9 model parameters by 2-BFGS,EM algorithm...
Site proportion and rates:  (0.0143148100,0.0582692743) (0.0574243157,0.2180316825) (0.0606542096,0.2912617671) (0.1275001058,0.4018509084) (0.0885229942,0.5724870452) (0.1359656075,0.8269141830) (0.1646284336,1.1879528129) (0.1634404317,1.7336126800) (0.1875490918,2.7393964481)
Optimizing +R9 model parameters by 2-BFGS,EM algorithm...
Site proportion and rates:  (0.0141982531,0.0582692743) (0.0554422259,0.2180316825) (0.0624231160,0.2925128634) (0.1277013396,0.4056739749) (0.0885750354,0.5779719253) (0.1360942405,0.8351659660) (0.1649498159,1.1999334755) (0.1632056884,1.7520166021) (0.1874102853,2.7676436356)
Optimizing +R9 model parameters by 2-BFGS,EM algorithm...
Site proportion and rates:  (0.0140894715,0.0582692743) (0.0536631006,0.2180316825) (0.0638836643,0.2938842643) (0.1279832963,0.4093692067) (0.0887159425,0.5827789730) (0.1361887953,0.8431191165) (0.1650604954,1.2116230084) (0.1631087026,1.7674796179) (0.1873065315,2.7942794558)
Optimizing +R9 model parameters by 2-BFGS,EM algorithm...
Site proportion and rates:  (0.0139902050,0.0582692743) (0.0521423116,0.2180316825) (0.0652438436,0.2953729637) (0.1282391902,0.4124508373) (0.0887469703,0.5879365989) (0.1362182246,0.8506538603) (0.1650706587,1.2223327184) (0.1630804920,1.7835291654) (0.1872681041,2.8192306473)
Optimizing +R9 model parameters by 2-BFGS,EM algorithm...
Site proportion and rates:  (0.0139152379,0.0582692743) (0.0511039462,0.2180316825) (0.0663124603,0.2967221557) (0.1284204840,0.4153130659) (0.0886175763,0.5921027466) (0.1362247269,0.8562359321) (0.1652524893,1.2306895574) (0.1630239579,1.7964432680) (0.1871291211,2.8396834902)
Optimizing +R9 model parameters by 2-BFGS,EM algorithm...
Site proportion and rates:  (0.0138488312,0.0583275437) (0.0500477870,0.2180316825) (0.0671081022,0.2977579639) (0.1285662413,0.4176956137) (0.0887543199,0.5956042060) (0.1363264581,0.8618925287) (0.1652957182,1.2389515496) (0.1629249838,1.8083983325) (0.1871275583,2.8591239594)
Optimizing +R9 model parameters by 2-BFGS,EM algorithm...
Site proportion and rates:  (0.0138096749,0.0586533947) (0.0491038733,0.2180316825) (0.0678695809,0.2988721689) (0.1286829919,0.4201117125) (0.0888545371,0.5991699466) (0.1363771925,0.8672785443) (0.1652055674,1.2469692341) (0.1629254512,1.8187603332) (0.1871711309,2.8755509346)
Optimizing +R9 model parameters by 2-BFGS,EM algorithm...
Site proportion and rates:  (0.0137728513,0.0589556763) (0.0482479000,0.2180316825) (0.0686088806,0.3000081098) (0.1288527787,0.4224839507) (0.0888638531,0.6026754816) (0.1364171310,0.8724313882) (0.1652676425,1.2544056052) (0.1627809438,1.8307609529) (0.1871880191,2.8939009828)
Optimizing +R9 model parameters by 2-BFGS,EM algorithm...
Site proportion and rates:  (0.0137359250,0.0592515191) (0.0474533763,0.2180316825) (0.0692915534,0.3011501367) (0.1289864235,0.4248270475) (0.0888840397,0.6061274458) (0.1364628872,0.8774955011) (0.1652909958,1.2619389711) (0.1628143733,1.8405207895) (0.1870804258,2.9093385959)
Optimizing +R9 model parameters by 2-BFGS,EM algorithm...
Site proportion and rates:  (0.0137010246,0.0595349293) (0.0467422803,0.2180316825) (0.0699254854,0.3022757567) (0.1290725578,0.4271037161) (0.0888300200,0.6093410109) (0.1363217411,0.8817510613) (0.1653421827,1.2677771468) (0.1629526296,1.8502922599) (0.1871120785,2.9251169152)
Optimizing +R9 model parameters by 2-BFGS,EM algorithm...
Site proportion and rates:  (0.0136690010,0.0597999912) (0.0461110011,0.2180316825) (0.0705256982,0.3033647240) (0.1291844179,0.4293259437) (0.0887940946,0.6125704325) (0.1363069166,0.8861320912) (0.1653894181,1.2740537572) (0.1629520793,1.8599958305) (0.1870673733,2.9400210445)
Optimizing +R9 model parameters by 2-BFGS,EM algorithm...
Site proportion and rates:  (0.0136376574,0.0600556051) (0.0455151620,0.2180316825) (0.0709429283,0.3044280337) (0.1291940564,0.4310176297) (0.0889314498,0.6150568736) (0.1363908105,0.8904947583) (0.1654129057,1.2803663218) (0.1629119724,1.8690614733) (0.1870630574,2.9550258460)
Optimizing +R9 model parameters by 2-BFGS,EM algorithm...
Site proportion and rates:  (0.0136084216,0.0603001334) (0.0449734119,0.2180316825) (0.0714677228,0.3054102122) (0.1292501295,0.4332548331) (0.0889169133,0.6183081647) (0.1364451793,0.8946158741) (0.1654435784,1.2864831090) (0.1628691287,1.8779717667) (0.1870255145,2.9688925586)
Optimizing +R9 model parameters by 2-BFGS,EM algorithm...
Site proportion and rates:  (0.0135742829,0.0604800236) (0.0444461362,0.2180316825) (0.0719153806,0.3064459490) (0.1294926519,0.4350035819) (0.0888975113,0.6211403915) (0.1363843967,0.8987608658) (0.1654604249,1.2924990336) (0.1628316945,1.8866921505) (0.1869975210,2.9824564412)
Optimizing +R9 model parameters by 2-BFGS,EM algorithm...
Site proportion and rates:  (0.0135570789,0.0606296031) (0.0441530778,0.2180316825) (0.0721656539,0.3070591476) (0.1294787351,0.4360979065) (0.0889467976,0.6225661518) (0.1364728471,0.9013326504) (0.1653840987,1.2965152387) (0.1627090317,1.8912432246) (0.1871326791,2.9880228537)
Optimizing +R9 model parameters by 2-BFGS,EM algorithm...
Site proportion and rates:  (0.0135398024,0.0607714621) (0.0437907733,0.2180316825) (0.0723829093,0.3073822502) (0.1295851285,0.4371795791) (0.0889833944,0.6240992091) (0.1364628753,0.9036954666) (0.1653572877,1.2996803928) (0.1627783710,1.8960308857) (0.1871194582,2.9966466210)
Optimizing +R9 model parameters by 2-BFGS,EM algorithm...
Site proportion and rates:  (0.0135243019,0.0609095818) (0.0435298187,0.2180316825) (0.0726119579,0.3080518283) (0.1295981277,0.4382120168) (0.0890130773,0.6256386328) (0.1364623305,0.9059995554) (0.1653450399,1.3029485770) (0.1628021644,1.9008412309) (0.1871131816,3.0044459226)
Optimizing +R9 model parameters by 2-BFGS,EM algorithm...
Site proportion and rates:  (0.0135080495,0.0610433192) (0.0432771642,0.2180316825) (0.0728483784,0.3086682402) (0.1296180422,0.4392706538) (0.0890286732,0.6271769806) (0.1364717097,0.9082746124) (0.1653454094,1.3062139073) (0.1627997540,1.9056189062) (0.1871028194,3.0119908886)
Optimizing +R9 model parameters by 2-BFGS,EM algorithm...
Site proportion and rates:  (0.0134921335,0.0611740271) (0.0429627257,0.2180316825) (0.0730548420,0.3089925592) (0.1297459638,0.4403277427) (0.0890318536,0.6287136876) (0.1364807287,0.9105221669) (0.1653365136,1.3094375963) (0.1627316140,1.9102792835) (0.1871636252,3.0179886393)
Optimizing +R9 model parameters by 2-BFGS,EM algorithm...
Site proportion and rates:  (0.0134798210,0.0613013130) (0.0427290738,0.2180316825) (0.0732515638,0.3096472923) (0.1297924391,0.4413371806) (0.0890547355,0.6301203758) (0.1365135699,0.9127272946) (0.1653599178,1.3125975231) (0.1627252417,1.9148793743) (0.1870936373,3.0262909367)
Optimizing +R9 model parameters by 2-BFGS,EM algorithm...
Site proportion and rates:  (0.0134626258,0.0614273218) (0.0424596397,0.2180316825) (0.0733128912,0.3099569397) (0.1296805514,0.4418962654) (0.0891406382,0.6309213759) (0.1364072143,0.9139730818) (0.1654780035,1.3143691017) (0.1628856651,1.9194327892) (0.1871727709,3.0322226235)
Optimizing +R9 model parameters by 2-BFGS,EM algorithm...
Site proportion and rates:  (0.0134513335,0.0615502380) (0.0422826797,0.2180316825) (0.0735758636,0.3105771637) (0.1297519018,0.4429710236) (0.0891292623,0.6325433247) (0.1364166369,0.9163141248) (0.1653985438,1.3172192489) (0.1628880784,1.9235036348) (0.1871057000,3.0393102484)
Optimizing +R9 model parameters by 2-BFGS,EM algorithm...
Site proportion and rates:  (0.0134383900,0.0616734003) (0.0420295694,0.2180316825) (0.0737876545,0.3108970663) (0.1299142404,0.4440118976) (0.0890895615,0.6340916459) (0.1364224702,0.9184959265) (0.1653895630,1.3201354302) (0.1628209330,1.9275814730) (0.1871076180,3.0450956165)
Optimal log-likelihood: -217253.6776121298
505  FLAVI+F+R9    217253.678   1474 437455.355   4785755.355  444213.338
WARNING: Normalizing state frequencies so that sum of them equals to 1
Alignment state count time was 0.015 seconds.
Empirical state frequencies: 0.1066187927 0.0530326804 0.0442300243 0.0535491512 0.0072978305 0.0430792911 0.0502238040 0.0702257220 0.0145057697 0.0546817626 0.1001855597 0.0572641167 0.0258590668 0.0368408673 0.0440578674 0.0605849334 0.0662751733 0.0171243674 0.0298821026 0.0644811168 
Optimizing model FLAVI+F+R10
1. Initial log-likelihood: -217791.5654906144 (took 0.7185731231 wall-clock sec)
Optimizing +R10 model parameters by 2-BFGS,EM algorithm...
Site proportion and rates:  (0.0130476161,0.0566175728) (0.0288728219,0.1793281711) (0.0774305298,0.2710444703) (0.1265820330,0.3972941076) (0.0924012848,0.5581927097) (0.0949269504,0.7792837266) (0.1028273728,1.0085713619) (0.1317376273,1.2999142297) (0.1513854255,1.8111367052) (0.1807883383,2.7964864768)
Optimizing +R10 model parameters by 2-BFGS,EM algorithm...
Site proportion and rates:  (0.0129507678,0.0566175728) (0.0317588426,0.1793281711) (0.0795152410,0.2729530505) (0.1292980548,0.3996696029) (0.0874661766,0.5652814671) (0.1014474795,0.7872808027) (0.1015314519,1.0274222267) (0.1221715296,1.3069271435) (0.1504527022,1.8002001926) (0.1834077541,2.7936899903)
Optimizing +R10 model parameters by 2-BFGS,EM algorithm...
Site proportion and rates:  (0.0129521419,0.0566175728) (0.0318090220,0.1793281711) (0.0795602828,0.2729530505) (0.1297387633,0.3996696029) (0.0873533980,0.5658467486) (0.1035714211,0.7898186034) (0.1042988568,1.0361615349) (0.1178153295,1.3143621833) (0.1496911517,1.8020464546) (0.1832096329,2.7936899903)
Optimal log-likelihood: -217242.1742694963
506  FLAVI+F+R10   217242.174   1476 437436.349   4797540.349  444203.501
Optimizing model HIVb+R9
1. Initial log-likelihood: -213510.099 (took 0.387 wall-clock sec)
Optimizing +R9 model parameters by 2-BFGS,EM algorithm...
Site proportion and rates:  (0.012,0.058) (0.053,0.218) (0.061,0.295) (0.118,0.419) (0.122,0.586) (0.118,0.782) (0.148,1.033) (0.131,1.384) (0.238,2.019)
Optimizing +R9 model parameters by 2-BFGS,EM algorithm...
Site proportion and rates:  (0.012,0.058) (0.056,0.218) (0.065,0.301) (0.127,0.428) (0.131,0.610) (0.115,0.822) (0.149,1.074) (0.118,1.436) (0.228,2.031)
Optimizing +R9 model parameters by 2-BFGS,EM algorithm...
Site proportion and rates:  (0.012,0.058) (0.057,0.218) (0.066,0.304) (0.129,0.431) (0.135,0.618) (0.124,0.843) (0.153,1.109) (0.113,1.500) (0.212,2.057)
Optimizing +R9 model parameters by 2-BFGS,EM algorithm...
Site proportion and rates:  (0.012,0.058) (0.057,0.218) (0.067,0.305) (0.129,0.433) (0.136,0.622) (0.130,0.854) (0.152,1.128) (0.115,1.530) (0.203,2.080)
Optimizing +R9 model parameters by 2-BFGS,EM algorithm...
Site proportion and rates:  (0.012,0.058) (0.056,0.218) (0.068,0.305) (0.130,0.435) (0.137,0.626) (0.131,0.861) (0.151,1.137) (0.116,1.543) (0.201,2.096)
Optimizing +R9 model parameters by 2-BFGS,EM algorithm...
Site proportion and rates:  (0.012,0.058) (0.055,0.218) (0.068,0.306) (0.130,0.438) (0.137,0.630) (0.131,0.866) (0.151,1.144) (0.116,1.553) (0.200,2.107)
Optimizing +R9 model parameters by 2-BFGS,EM algorithm...
Site proportion and rates:  (0.012,0.058) (0.054,0.218) (0.069,0.307) (0.130,0.440) (0.137,0.633) (0.132,0.871) (0.150,1.151) (0.116,1.562) (0.200,2.119)
Optimizing +R9 model parameters by 2-BFGS,EM algorithm...
Site proportion and rates:  (0.012,0.058) (0.053,0.218) (0.069,0.307) (0.131,0.442) (0.137,0.636) (0.132,0.876) (0.150,1.158) (0.116,1.570) (0.200,2.131)
Optimizing +R9 model parameters by 2-BFGS,EM algorithm...
Site proportion and rates:  (0.012,0.058) (0.053,0.218) (0.070,0.308) (0.131,0.444) (0.137,0.639) (0.132,0.880) (0.151,1.162) (0.116,1.578) (0.200,2.142)
Optimizing +R9 model parameters by 2-BFGS,EM algorithm...
Site proportion and rates:  (0.012,0.058) (0.052,0.218) (0.070,0.308) (0.131,0.445) (0.137,0.642) (0.132,0.883) (0.151,1.168) (0.116,1.586) (0.200,2.152)
Optimizing +R9 model parameters by 2-BFGS,EM algorithm...
Site proportion and rates:  (0.012,0.058) (0.051,0.218) (0.071,0.309) (0.131,0.447) (0.137,0.645) (0.132,0.887) (0.151,1.173) (0.116,1.593) (0.200,2.162)
Optimizing +R9 model parameters by 2-BFGS,EM algorithm...
Site proportion and rates:  (0.011,0.058) (0.051,0.218) (0.071,0.309) (0.131,0.448) (0.137,0.646) (0.132,0.890) (0.150,1.177) (0.116,1.598) (0.200,2.168)
Optimizing +R9 model parameters by 2-BFGS,EM algorithm...
Site proportion and rates:  (0.011,0.058) (0.050,0.218) (0.071,0.310) (0.132,0.449) (0.137,0.648) (0.132,0.892) (0.151,1.180) (0.116,1.602) (0.200,2.173)
Optimizing +R9 model parameters by 2-BFGS,EM algorithm...
Site proportion and rates:  (0.011,0.058) (0.050,0.218) (0.071,0.310) (0.132,0.450) (0.137,0.649) (0.132,0.894) (0.151,1.182) (0.116,1.605) (0.200,2.178)
Optimizing +R9 model parameters by 2-BFGS,EM algorithm...
Site proportion and rates:  (0.011,0.058) (0.049,0.218) (0.072,0.310) (0.132,0.451) (0.137,0.651) (0.132,0.897) (0.150,1.186) (0.116,1.610) (0.200,2.185)
Optimizing +R9 model parameters by 2-BFGS,EM algorithm...
Site proportion and rates:  (0.011,0.058) (0.049,0.218) (0.072,0.311) (0.132,0.452) (0.137,0.653) (0.132,0.899) (0.150,1.189) (0.116,1.613) (0.200,2.189)
Optimizing +R9 model parameters by 2-BFGS,EM algorithm...
Site proportion and rates:  (0.011,0.058) (0.049,0.218) (0.072,0.311) (0.132,0.453) (0.137,0.654) (0.132,0.901) (0.151,1.191) (0.116,1.618) (0.199,2.195)
Optimizing +R9 model parameters by 2-BFGS,EM algorithm...
Site proportion and rates:  (0.011,0.058) (0.048,0.218) (0.072,0.311) (0.132,0.454) (0.137,0.655) (0.132,0.903) (0.150,1.194) (0.116,1.620) (0.200,2.199)
Optimizing +R9 model parameters by 2-BFGS,EM algorithm...
Site proportion and rates:  (0.011,0.058) (0.048,0.218) (0.072,0.312) (0.132,0.455) (0.137,0.657) (0.132,0.904) (0.151,1.196) (0.116,1.624) (0.200,2.203)
Optimizing +R9 model parameters by 2-BFGS,EM algorithm...
Site proportion and rates:  (0.011,0.058) (0.048,0.218) (0.073,0.312) (0.132,0.456) (0.137,0.658) (0.132,0.906) (0.151,1.199) (0.116,1.629) (0.199,2.210)
Optimizing +R9 model parameters by 2-BFGS,EM algorithm...
Site proportion and rates:  (0.011,0.058) (0.047,0.218) (0.073,0.312) (0.132,0.456) (0.138,0.660) (0.132,0.908) (0.151,1.201) (0.116,1.631) (0.200,2.213)
Optimal log-likelihood: -213322.275
516  HIVb+R9       213322.275   1455 429554.550   4666514.550  436225.421
Optimizing model HIVb+R10
1. Initial log-likelihood: -213499.338 (took 0.670 wall-clock sec)
Optimizing +R10 model parameters by 2-BFGS,EM algorithm...
Site proportion and rates:  (0.011,0.055) (0.027,0.179) (0.078,0.277) (0.113,0.414) (0.108,0.564) (0.109,0.735) (0.137,0.962) (0.127,1.251) (0.130,1.687) (0.159,2.205)
Optimizing +R10 model parameters by 2-BFGS,EM algorithm...
Site proportion and rates:  (0.011,0.055) (0.028,0.180) (0.081,0.281) (0.119,0.424) (0.099,0.578) (0.091,0.719) (0.130,0.929) (0.136,1.208) (0.119,1.626) (0.188,2.180)
Optimizing +R10 model parameters by 2-BFGS,EM algorithm...
Site proportion and rates:  (0.011,0.055) (0.028,0.181) (0.081,0.283) (0.119,0.426) (0.090,0.575) (0.088,0.702) (0.129,0.915) (0.143,1.196) (0.116,1.617) (0.195,2.180)
Optimizing +R10 model parameters by 2-BFGS,EM algorithm...
Site proportion and rates:  (0.011,0.055) (0.028,0.181) (0.081,0.283) (0.118,0.425) (0.083,0.568) (0.093,0.694) (0.130,0.911) (0.145,1.194) (0.116,1.615) (0.196,2.180)
Optimizing +R10 model parameters by 2-BFGS,EM algorithm...
Site proportion and rates:  (0.011,0.055) (0.028,0.181) (0.081,0.283) (0.115,0.424) (0.078,0.560) (0.099,0.687) (0.130,0.910) (0.145,1.194) (0.116,1.615) (0.197,2.180)
Optimizing +R10 model parameters by 2-BFGS,EM algorithm...
Site proportion and rates:  (0.011,0.055) (0.028,0.181) (0.080,0.283) (0.113,0.422) (0.074,0.551) (0.105,0.682) (0.131,0.909) (0.146,1.194) (0.116,1.615) (0.197,2.182)
Optimizing +R10 model parameters by 2-BFGS,EM algorithm...
Site proportion and rates:  (0.011,0.055) (0.028,0.182) (0.080,0.283) (0.109,0.421) (0.072,0.542) (0.110,0.679) (0.131,0.908) (0.146,1.194) (0.116,1.615) (0.197,2.182)
Optimizing +R10 model parameters by 2-BFGS,EM algorithm...
Site proportion and rates:  (0.011,0.055) (0.027,0.182) (0.079,0.283) (0.106,0.419) (0.070,0.534) (0.114,0.675) (0.131,0.908) (0.146,1.194) (0.116,1.615) (0.198,2.184)
Optimizing +R10 model parameters by 2-BFGS,EM algorithm...
Site proportion and rates:  (0.011,0.055) (0.027,0.182) (0.079,0.282) (0.103,0.417) (0.070,0.526) (0.118,0.673) (0.132,0.908) (0.147,1.194) (0.116,1.615) (0.198,2.184)
Optimal log-likelihood: -213315.687
517  HIVb+R10      213315.687   1457 429545.374   4678157.374  436225.415
Alignment state count time was 0.001 seconds.
Empirical state frequencies: 0.1066187927 0.0530326804 0.0442300243 0.0535491512 0.0072978305 0.0430792911 0.0502238040 0.0702257220 0.0145057697 0.0546817626 0.1001855597 0.0572641167 0.0258590668 0.0368408673 0.0440578674 0.0605849334 0.0662751733 0.0171243674 0.0298821026 0.0644811168 
Optimizing model HIVb+F+R9
1. Initial log-likelihood: -212755.3243819921 (took 0.7477961340 wall-clock sec)
Optimizing +R9 model parameters by 2-BFGS,EM algorithm...
Site proportion and rates:  (0.0115120002,0.0582692743) (0.0554622872,0.2180316825) (0.0548820050,0.2914254258) (0.1067841858,0.4052075115) (0.1190461798,0.5579935344) (0.1188856229,0.7633322446) (0.1533801099,1.0204010514) (0.1459646266,1.4302312170) (0.2340829826,2.1727280343)
Optimizing +R9 model parameters by 2-BFGS,EM algorithm...
Site proportion and rates:  (0.0114458516,0.0582692743) (0.0562755678,0.2180316825) (0.0565295495,0.2937444158) (0.1120424884,0.4115155505) (0.1177058020,0.5708593847) (0.1196410388,0.7784988305) (0.1542150724,1.0397829960) (0.1478543608,1.4661554668) (0.2242902687,2.2148365675)
Optimizing +R9 model parameters by 2-BFGS,EM algorithm...
Site proportion and rates:  (0.0114016049,0.0582692743) (0.0550231102,0.2180316825) (0.0584229001,0.2958328516) (0.1150727468,0.4176267364) (0.1176781356,0.5816952423) (0.1200124901,0.7923676066) (0.1534108775,1.0564556978) (0.1493058205,1.4899763062) (0.2196723143,2.2479640022)
Optimizing +R9 model parameters by 2-BFGS,EM algorithm...
Site proportion and rates:  (0.0113542059,0.0582692743) (0.0536289444,0.2180316825) (0.0601563513,0.2979853839) (0.1171548085,0.4232727193) (0.1176262809,0.5912536466) (0.1202381538,0.8046829779) (0.1524154794,1.0712834883) (0.1493780983,1.5086679275) (0.2180476776,2.2749110789)
Optimizing +R9 model parameters by 2-BFGS,EM algorithm...
Site proportion and rates:  (0.0113085417,0.0582692743) (0.0522810505,0.2180316825) (0.0616856823,0.3000828829) (0.1186641014,0.4284745410) (0.1175857406,0.5997158787) (0.1204421835,0.8156818393) (0.1517002539,1.0849817574) (0.1490658525,1.5263788886) (0.2172665935,2.2981615406)
Optimizing +R9 model parameters by 2-BFGS,EM algorithm...
Site proportion and rates:  (0.0112657853,0.0582692743) (0.0509651814,0.2180316825) (0.0629498890,0.3017961039) (0.1197921881,0.4330207129) (0.1176996944,0.6071363723) (0.1207122541,0.8256850400) (0.1512026996,1.0977876105) (0.1486501229,1.5415419994) (0.2167621852,2.3226161089)
Optimizing +R9 model parameters by 2-BFGS,EM algorithm...
Site proportion and rates:  (0.0112270958,0.0582692743) (0.0497219421,0.2180316825) (0.0640671066,0.3035320586) (0.1205936842,0.4370719293) (0.1178417704,0.6137686611) (0.1210125223,0.8348125207) (0.1508607528,1.1097241936) (0.1483356180,1.5571700421) (0.2163395078,2.3445809485)
Optimizing +R9 model parameters by 2-BFGS,EM algorithm...
Site proportion and rates:  (0.0111915080,0.0582692743) (0.0485379883,0.2180316825) (0.0650599059,0.3048736461) (0.1212022428,0.4405348392) (0.1180053873,0.6197140502) (0.1213430775,0.8431979561) (0.1505434393,1.1197699689) (0.1480434080,1.5723873559) (0.2160730430,2.3630682488)
Optimizing +R9 model parameters by 2-BFGS,EM algorithm...
Site proportion and rates:  (0.0111670874,0.0582692743) (0.0477381227,0.2180316825) (0.0657882439,0.3058550861) (0.1219128973,0.4433523294) (0.1180120892,0.6238232902) (0.1216504505,0.8488480479) (0.1504580864,1.1291946260) (0.1477170140,1.5831256453) (0.2155560087,2.3801914540)
Optimizing +R9 model parameters by 2-BFGS,EM algorithm...
Site proportion and rates:  (0.0111442003,0.0582692743) (0.0469670502,0.2180316825) (0.0663689955,0.3068791046) (0.1220902478,0.4456711076) (0.1181356630,0.6279016225) (0.1219780431,0.8547352058) (0.1505070297,1.1360237386) (0.1475610797,1.5942523975) (0.2152476907,2.3941120211)
Optimizing +R9 model parameters by 2-BFGS,EM algorithm...
Site proportion and rates:  (0.0111231592,0.0582692743) (0.0462527823,0.2180316825) (0.0669435590,0.3078696856) (0.1224024801,0.4484507919) (0.1182153967,0.6313102468) (0.1221092874,0.8599622108) (0.1505511966,1.1431330560) (0.1473196698,1.6024960522) (0.2150824688,2.4056117398)
Optimizing +R9 model parameters by 2-BFGS,EM algorithm...
Site proportion and rates:  (0.0111041820,0.0582692743) (0.0455252174,0.2180316825) (0.0674553144,0.3085878977) (0.1226332586,0.4505706630) (0.1184111648,0.6346440944) (0.1223537061,0.8648804415) (0.1504899190,1.1498482662) (0.1471826945,1.6129207149) (0.2148445433,2.4203226977)
Optimizing +R9 model parameters by 2-BFGS,EM algorithm...
Site proportion and rates:  (0.0110854356,0.0582692743) (0.0449363722,0.2180316825) (0.0680487482,0.3096711162) (0.1228223511,0.4526223158) (0.1183008099,0.6379551451) (0.1223425479,0.8692601934) (0.1503710028,1.1562803816) (0.1471418775,1.6188974909) (0.2149508549,2.4308549658)
Optimizing +R9 model parameters by 2-BFGS,EM algorithm...
Site proportion and rates:  (0.0110774230,0.0582692743) (0.0446204917,0.2180316825) (0.0683924337,0.3102907683) (0.1233680697,0.4541021467) (0.1184949959,0.6408018760) (0.1229441011,0.8736151961) (0.1503087366,1.1619943416) (0.1464018321,1.6266925900) (0.2143919162,2.4381254995)
Optimizing +R9 model parameters by 2-BFGS,EM algorithm...
Site proportion and rates:  (0.0110668584,0.0582692743) (0.0442681402,0.2180316825) (0.0686267436,0.3106010592) (0.1234486383,0.4551550089) (0.1186808935,0.6427503106) (0.1235866083,0.8763041933) (0.1504994490,1.1680377138) (0.1459120292,1.6340396186) (0.2139106395,2.4469388447)
Optimizing +R9 model parameters by 2-BFGS,EM algorithm...
Site proportion and rates:  (0.0110577197,0.0582692743) (0.0440050862,0.2180316825) (0.0688628439,0.3112225721) (0.1235717777,0.4562451152) (0.1188728137,0.6441271186) (0.1242155386,0.8800833933) (0.1508424167,1.1732496107) (0.1451978209,1.6409907397) (0.2133739827,2.4537807571)
Optimizing +R9 model parameters by 2-BFGS,EM algorithm...
Site proportion and rates:  (0.0110496258,0.0582692743) (0.0436594809,0.2180316825) (0.0692182631,0.3115337948) (0.1240434216,0.4577591076) (0.1189598751,0.6468286862) (0.1246011125,0.8837340506) (0.1509624683,1.1785159605) (0.1445877426,1.6476110259) (0.2129180102,2.4609353281)
Optimizing +R9 model parameters by 2-BFGS,EM algorithm...
Site proportion and rates:  (0.0110413859,0.0582692743) (0.0434118496,0.2180316825) (0.0694309302,0.3121585434) (0.1242864426,0.4587591628) (0.1192428571,0.6488170275) (0.1251632164,0.8865904580) (0.1511013236,1.1842533246) (0.1438593648,1.6561664222) (0.2124626298,2.4680211885)
Optimizing +R9 model parameters by 2-BFGS,EM algorithm...
Site proportion and rates:  (0.0110338059,0.0582692743) (0.0431111324,0.2180316825) (0.0697755675,0.3124707021) (0.1248205343,0.4602832993) (0.1193061749,0.6515876215) (0.1258696728,0.8911992261) (0.1515418984,1.1919797067) (0.1427987437,1.6649392702) (0.2117424701,2.4763539458)
Optimizing +R9 model parameters by 2-BFGS,EM algorithm...
Site proportion and rates:  (0.0110267739,0.0582692743) (0.0428245086,0.2180316825) (0.0699858077,0.3127831729) (0.1251143711,0.4612584158) (0.1197750019,0.6536893390) (0.1274736441,0.8960545783) (0.1527157056,1.2025699431) (0.1406611814,1.6786416993) (0.2104230057,2.4863383781)
Optimizing +R9 model parameters by 2-BFGS,EM algorithm...
Site proportion and rates:  (0.0110205487,0.0582692743) (0.0426753616,0.2180316825) (0.0702994766,0.3134097167) (0.1258175353,0.4627161479) (0.1203574999,0.6573463227) (0.1297992507,0.9030649400) (0.1545816790,1.2176129553) (0.1374322000,1.6992045998) (0.2080164480,2.4955401990)
Optimizing +R9 model parameters by 2-BFGS,EM algorithm...
Site proportion and rates:  (0.0110174947,0.0582692743) (0.0425838887,0.2180316825) (0.0705957999,0.3140368497) (0.1268439074,0.4641901084) (0.1211234766,0.6609588442) (0.1325802864,0.9109440413) (0.1566943588,1.2347290994) (0.1335242070,1.7238112750) (0.2050365805,2.5085909625)
Optimizing +R9 model parameters by 2-BFGS,EM algorithm...
Site proportion and rates:  (0.0110114022,0.0582692743) (0.0424512650,0.2180316825) (0.0708824501,0.3143508866) (0.1277804968,0.4656515112) (0.1218104417,0.6647057663) (0.1348843691,0.9180824761) (0.1580209724,1.2475090793) (0.1309166747,1.7444117012) (0.2022419281,2.5175965336)
Optimizing +R9 model parameters by 2-BFGS,EM algorithm...
Site proportion and rates:  (0.0110062180,0.0582692743) (0.0422453457,0.2180316825) (0.0711555854,0.3149799030) (0.1284928588,0.4670946798) (0.1222173113,0.6682094680) (0.1357327448,0.9223150847) (0.1581114339,1.2557113783) (0.1299233016,1.7531216242) (0.2011152004,2.5249274134)
Optimizing +R9 model parameters by 2-BFGS,EM algorithm...
Site proportion and rates:  (0.0109989988,0.0582692743) (0.0420773504,0.2180316825) (0.0713780984,0.3152948830) (0.1289273254,0.4680929499) (0.1225569498,0.6702473752) (0.1362457408,0.9262002488) (0.1579270410,1.2612134372) (0.1294060904,1.7606440492) (0.2004824050,2.5315012346)
Optimizing +R9 model parameters by 2-BFGS,EM algorithm...
Site proportion and rates:  (0.0109920375,0.0582692743) (0.0418254969,0.2180316825) (0.0714835523,0.3156101780) (0.1287704622,0.4686509874) (0.1225330292,0.6710164975) (0.1363838371,0.9271264492) (0.1581950249,1.2626092302) (0.1293589415,1.7643685713) (0.2004576183,2.5354696908)
Optimal log-likelihood: -212498.3119277063
527  HIVb+F+R9     212498.312   1474 427944.624   4776244.624  434702.606
Alignment state count time was 0.014 seconds.
Empirical state frequencies: 0.1066187927 0.0530326804 0.0442300243 0.0535491512 0.0072978305 0.0430792911 0.0502238040 0.0702257220 0.0145057697 0.0546817626 0.1001855597 0.0572641167 0.0258590668 0.0368408673 0.0440578674 0.0605849334 0.0662751733 0.0171243674 0.0298821026 0.0644811168 
Optimizing model HIVb+F+R10
1. Initial log-likelihood: -212710.6304145553 (took 0.6692745750 wall-clock sec)
Optimizing +R10 model parameters by 2-BFGS,EM algorithm...
Site proportion and rates:  (0.0109291052,0.0533581545) (0.0283104155,0.1793281711) (0.0757234896,0.2738740294) (0.1058299656,0.4053968068) (0.1153024110,0.5564618602) (0.1126750260,0.7528732252) (0.1383870186,0.9937154997) (0.1187698104,1.3080880083) (0.1220157269,1.7415887551) (0.1720570313,2.3823236982)
Optimizing +R10 model parameters by 2-BFGS,EM algorithm...
Site proportion and rates:  (0.0108914671,0.0533581545) (0.0288524196,0.1793281711) (0.0767647660,0.2741476294) (0.1105099382,0.4093996192) (0.1155952690,0.5657955769) (0.1109936011,0.7637982140) (0.1350011523,1.0003578435) (0.1135287093,1.3067799202) (0.1159030557,1.7234675363) (0.1819596218,2.3656973771)
Optimizing +R10 model parameters by 2-BFGS,EM algorithm...
Site proportion and rates:  (0.0108889854,0.0533581545) (0.0288550478,0.1793281711) (0.0771067554,0.2744217771) (0.1121157538,0.4107228122) (0.1158761900,0.5687967183) (0.1106023261,0.7671120673) (0.1337476542,1.0025423653) (0.1124700110,1.3067799202) (0.1148992957,1.7217440687) (0.1834379806,2.3656973771)
Optimal log-likelihood: -212481.6025730456
528  HIVb+F+R10    212481.603   1476 427915.205   4788019.205  434682.357
Optimizing model HIVw+R9
1. Initial log-likelihood: -222147.538 (took 0.521 wall-clock sec)
Optimizing +R9 model parameters by 2-BFGS,EM algorithm...
Site proportion and rates:  (0.011,0.058) (0.050,0.218) (0.039,0.287) (0.095,0.386) (0.115,0.558) (0.139,0.725) (0.146,0.971) (0.160,1.316) (0.245,2.134)
Optimizing +R9 model parameters by 2-BFGS,EM algorithm...
Site proportion and rates:  (0.011,0.058) (0.050,0.218) (0.038,0.288) (0.092,0.385) (0.104,0.548) (0.145,0.715) (0.150,0.968) (0.163,1.321) (0.246,2.152)
Optimizing +R9 model parameters by 2-BFGS,EM algorithm...
Site proportion and rates:  (0.011,0.058) (0.048,0.218) (0.037,0.285) (0.091,0.382) (0.097,0.539) (0.153,0.708) (0.152,0.968) (0.164,1.326) (0.247,2.163)
Optimizing +R9 model parameters by 2-BFGS,EM algorithm...
Site proportion and rates:  (0.011,0.058) (0.046,0.218) (0.037,0.281) (0.090,0.380) (0.093,0.533) (0.158,0.706) (0.153,0.970) (0.165,1.331) (0.247,2.173)
Optimizing +R9 model parameters by 2-BFGS,EM algorithm...
Site proportion and rates:  (0.011,0.058) (0.045,0.218) (0.037,0.279) (0.091,0.380) (0.091,0.531) (0.160,0.706) (0.154,0.971) (0.165,1.335) (0.247,2.179)
Optimizing +R9 model parameters by 2-BFGS,EM algorithm...
Site proportion and rates:  (0.011,0.058) (0.044,0.218) (0.037,0.278) (0.091,0.380) (0.091,0.531) (0.160,0.706) (0.154,0.972) (0.165,1.337) (0.247,2.184)
Optimizing +R9 model parameters by 2-BFGS,EM algorithm...
Site proportion and rates:  (0.011,0.058) (0.044,0.218) (0.037,0.278) (0.091,0.380) (0.091,0.531) (0.161,0.708) (0.154,0.974) (0.165,1.341) (0.247,2.187)
Optimal log-likelihood: -221861.650
538  HIVw+R9       221861.650   1455 446633.300   4683593.300  453304.171
Optimizing model HIVw+R10
1. Initial log-likelihood: -222127.220 (took 0.499 wall-clock sec)
Optimizing +R10 model parameters by 2-BFGS,EM algorithm...
Site proportion and rates:  (0.010,0.049) (0.020,0.179) (0.060,0.255) (0.098,0.377) (0.103,0.542) (0.150,0.712) (0.150,0.966) (0.155,1.308) (0.140,1.944) (0.113,2.676)
Optimizing +R10 model parameters by 2-BFGS,EM algorithm...
Site proportion and rates:  (0.010,0.049) (0.020,0.179) (0.059,0.253) (0.096,0.374) (0.095,0.530) (0.157,0.703) (0.153,0.964) (0.158,1.311) (0.167,1.993) (0.086,2.965)
Optimizing +R10 model parameters by 2-BFGS,EM algorithm...
Site proportion and rates:  (0.010,0.049) (0.020,0.179) (0.058,0.253) (0.094,0.373) (0.092,0.526) (0.160,0.700) (0.154,0.963) (0.161,1.315) (0.194,2.046) (0.056,3.812)
Optimizing +R10 model parameters by 2-BFGS,EM algorithm...
Site proportion and rates:  (0.010,0.049) (0.020,0.179) (0.058,0.253) (0.094,0.373) (0.092,0.526) (0.161,0.700) (0.154,0.963) (0.162,1.316) (0.200,2.058) (0.050,4.007)
Optimizing +R10 model parameters by 2-BFGS,EM algorithm...
Site proportion and rates:  (0.010,0.049) (0.020,0.179) (0.058,0.253) (0.094,0.373) (0.091,0.525) (0.161,0.700) (0.154,0.964) (0.162,1.318) (0.200,2.060) (0.050,4.019)
Optimal log-likelihood: -221830.030
539  HIVw+R10      221830.030   1457 446574.061   4695186.061  453254.102
Alignment state count time was 0.001 seconds.
Empirical state frequencies: 0.1066187927 0.0530326804 0.0442300243 0.0535491512 0.0072978305 0.0430792911 0.0502238040 0.0702257220 0.0145057697 0.0546817626 0.1001855597 0.0572641167 0.0258590668 0.0368408673 0.0440578674 0.0605849334 0.0662751733 0.0171243674 0.0298821026 0.0644811168 
Optimizing model HIVw+F+R9
1. Initial log-likelihood: -218391.4391584937 (took 0.4516766369 wall-clock sec)
Optimizing +R9 model parameters by 2-BFGS,EM algorithm...
Site proportion and rates:  (0.0149696624,0.0638200479) (0.0421506700,0.2180316825) (0.0719063119,0.2949583236) (0.0923607398,0.4205219810) (0.1012444383,0.5535610965) (0.1269868811,0.7401667080) (0.1417470221,0.9834195598) (0.1668030656,1.3607557451) (0.2418312089,2.2562262240)
Optimizing +R9 model parameters by 2-BFGS,EM algorithm...
Site proportion and rates:  (0.0151993289,0.0641461231) (0.0444123274,0.2180316825) (0.0760114869,0.2996324658) (0.0988784139,0.4309663638) (0.0924211245,0.5667303987) (0.1218093186,0.7417761937) (0.1408881840,0.9814537039) (0.1687468885,1.3593949892) (0.2416329273,2.2653480169)
Optimizing +R9 model parameters by 2-BFGS,EM algorithm...
Site proportion and rates:  (0.0151304290,0.0641461231) (0.0449945837,0.2180316825) (0.0773747779,0.3015326375) (0.1014260073,0.4352162329) (0.0910170339,0.5731475808) (0.1194773437,0.7455381174) (0.1401747388,0.9834326400) (0.1688134255,1.3607791883) (0.2415916601,2.2681432183)
Optimizing +R9 model parameters by 2-BFGS,EM algorithm...
Site proportion and rates:  (0.0150750166,0.0641461231) (0.0449169247,0.2180316825) (0.0777725022,0.3021360045) (0.1019108675,0.4361719047) (0.0907993995,0.5750145694) (0.1189626687,0.7463395788) (0.1399916727,0.9844426532) (0.1688310075,1.3622623197) (0.2417399406,2.2710502046)
Optimal log-likelihood: -218054.8542452510
549  HIVw+F+R9     218054.854   1474 439057.708   4787357.708  445815.691
Alignment state count time was 0.001 seconds.
Empirical state frequencies: 0.1066187927 0.0530326804 0.0442300243 0.0535491512 0.0072978305 0.0430792911 0.0502238040 0.0702257220 0.0145057697 0.0546817626 0.1001855597 0.0572641167 0.0258590668 0.0368408673 0.0440578674 0.0605849334 0.0662751733 0.0171243674 0.0298821026 0.0644811168 
Optimizing model HIVw+F+R10
1. Initial log-likelihood: -218342.7177099721 (took 0.4511300031 wall-clock sec)
Optimizing +R10 model parameters by 2-BFGS,EM algorithm...
Site proportion and rates:  (0.0097190152,0.0497641016) (0.0269044454,0.1793281711) (0.0792000161,0.2827622127) (0.0726460515,0.3993538706) (0.1161820232,0.5298976507) (0.1309536146,0.7355024843) (0.1447104935,0.9884282078) (0.1475717318,1.3374606029) (0.1152612030,1.9523117899) (0.1568514057,2.6066679506)
Optimizing +R10 model parameters by 2-BFGS,EM algorithm...
Site proportion and rates:  (0.0097117373,0.0497641016) (0.0278077947,0.1793281711) (0.0848402000,0.2851847186) (0.0799701487,0.4132312120) (0.1051849074,0.5388794375) (0.1288223547,0.7348295540) (0.1433535152,0.9851624808) (0.1502564588,1.3346007837) (0.1393542666,1.9942489388) (0.1306986165,2.7399985992)
Optimizing +R10 model parameters by 2-BFGS,EM algorithm...
Site proportion and rates:  (0.0097129869,0.0497641016) (0.0281601276,0.1793281711) (0.0878049450,0.2870221029) (0.0909733492,0.4245362744) (0.0972816715,0.5553194539) (0.1248986135,0.7424254685) (0.1413553477,0.9871352360) (0.1499654790,1.3346007837) (0.1459107581,2.0038847022) (0.1239367216,2.7640199211)
Optimizing +R10 model parameters by 2-BFGS,EM algorithm...
Site proportion and rates:  (0.0097130874,0.0497641016) (0.0284129846,0.1793281711) (0.0898163365,0.2884883500) (0.0998129932,0.4321880450) (0.0933642094,0.5706322120) (0.1211333541,0.7507096992) (0.1386140886,0.9902409546) (0.1494319138,1.3346007837) (0.1469611928,2.0038847022) (0.1227398396,2.7668496251)
Optimizing +R10 model parameters by 2-BFGS,EM algorithm...
Site proportion and rates:  (0.0097106727,0.0497641016) (0.0285012916,0.1793281711) (0.0906740048,0.2890719526) (0.1036785793,0.4354678346) (0.0925875969,0.5777868572) (0.1189347960,0.7548200100) (0.1370683221,0.9922981936) (0.1491012419,1.3346007837) (0.1471575363,2.0038847022) (0.1225859584,2.7668496251)
Optimizing +R10 model parameters by 2-BFGS,EM algorithm...
Site proportion and rates:  (0.0097085633,0.0497641016) (0.0285175923,0.1793281711) (0.0908885658,0.2893701320) (0.1042121368,0.4359033025) (0.0924465740,0.5790501652) (0.1186455008,0.7556212369) (0.1369177991,0.9932904919) (0.1489675402,1.3359353846) (0.1469963226,2.0038847022) (0.1226994051,2.7668496251)
Optimal log-likelihood: -218028.4431732451
550  HIVw+F+R10    218028.443   1476 439008.886   4799112.886  445776.038
Optimizing model FLU+R9
1. Initial log-likelihood: -212651.638 (took 0.476 wall-clock sec)
Optimizing +R9 model parameters by 2-BFGS,EM algorithm...
Site proportion and rates:  (0.012,0.058) (0.043,0.218) (0.055,0.273) (0.133,0.405) (0.112,0.588) (0.100,0.769) (0.137,0.971) (0.158,1.322) (0.249,2.071)
Optimizing +R9 model parameters by 2-BFGS,EM algorithm...
Site proportion and rates:  (0.012,0.058) (0.042,0.218) (0.056,0.273) (0.134,0.406) (0.118,0.595) (0.095,0.782) (0.133,0.974) (0.158,1.322) (0.251,2.076)
Optimizing +R9 model parameters by 2-BFGS,EM algorithm...
Site proportion and rates:  (0.012,0.058) (0.042,0.218) (0.057,0.273) (0.134,0.407) (0.121,0.597) (0.097,0.789) (0.129,0.981) (0.157,1.324) (0.251,2.079)
Optimizing +R9 model parameters by 2-BFGS,EM algorithm...
Site proportion and rates:  (0.012,0.058) (0.042,0.218) (0.057,0.273) (0.134,0.407) (0.122,0.599) (0.099,0.795) (0.127,0.986) (0.156,1.329) (0.251,2.084)
Optimizing +R9 model parameters by 2-BFGS,EM algorithm...
Site proportion and rates:  (0.012,0.058) (0.041,0.218) (0.057,0.273) (0.135,0.408) (0.122,0.601) (0.101,0.799) (0.125,0.991) (0.155,1.332) (0.251,2.086)
Optimizing +R9 model parameters by 2-BFGS,EM algorithm...
Site proportion and rates:  (0.012,0.058) (0.041,0.218) (0.058,0.274) (0.135,0.408) (0.123,0.602) (0.103,0.803) (0.124,0.996) (0.155,1.335) (0.251,2.090)
Optimal log-likelihood: -212507.602
560  FLU+R9        212507.602   1455 427925.203   4664885.203  434596.075
Optimizing model FLU+R10
1. Initial log-likelihood: -212628.778 (took 0.568 wall-clock sec)
Optimizing +R10 model parameters by 2-BFGS,EM algorithm...
Site proportion and rates:  (0.010,0.049) (0.024,0.180) (0.075,0.263) (0.134,0.403) (0.105,0.581) (0.094,0.744) (0.142,0.949) (0.148,1.277) (0.149,1.835) (0.119,2.557)
Optimizing +R10 model parameters by 2-BFGS,EM algorithm...
Site proportion and rates:  (0.010,0.049) (0.025,0.180) (0.075,0.262) (0.135,0.403) (0.113,0.587) (0.087,0.757) (0.139,0.949) (0.148,1.274) (0.158,1.843) (0.112,2.603)
Optimizing +R10 model parameters by 2-BFGS,EM algorithm...
Site proportion and rates:  (0.010,0.049) (0.025,0.180) (0.075,0.262) (0.135,0.403) (0.116,0.590) (0.087,0.764) (0.135,0.952) (0.148,1.274) (0.162,1.848) (0.108,2.627)
Optimizing +R10 model parameters by 2-BFGS,EM algorithm...
Site proportion and rates:  (0.010,0.049) (0.025,0.180) (0.075,0.262) (0.135,0.403) (0.117,0.590) (0.088,0.768) (0.134,0.954) (0.147,1.276) (0.163,1.850) (0.106,2.635)
Optimal log-likelihood: -212478.186
561  FLU+R10       212478.186   1457 427870.372   4676482.372  434550.413
Alignment state count time was 0.001 seconds.
Empirical state frequencies: 0.1066187927 0.0530326804 0.0442300243 0.0535491512 0.0072978305 0.0430792911 0.0502238040 0.0702257220 0.0145057697 0.0546817626 0.1001855597 0.0572641167 0.0258590668 0.0368408673 0.0440578674 0.0605849334 0.0662751733 0.0171243674 0.0298821026 0.0644811168 
Optimizing model FLU+F+R9
1. Initial log-likelihood: -210894.7682274511 (took 0.4724205399 wall-clock sec)
Optimizing +R9 model parameters by 2-BFGS,EM algorithm...
Site proportion and rates:  (0.0128396330,0.0582692743) (0.0458805185,0.2180316825) (0.0589307453,0.2713695731) (0.1251714076,0.3872404755) (0.1052525075,0.5532491433) (0.1181819282,0.7563918521) (0.1442648077,0.9900196258) (0.1475263438,1.3793421696) (0.2419521084,2.1692493429)
Optimizing +R9 model parameters by 2-BFGS,EM algorithm...
Site proportion and rates:  (0.0127738129,0.0582692743) (0.0446514459,0.2180316825) (0.0597778477,0.2702857215) (0.1255952594,0.3872404755) (0.1045738536,0.5546360797) (0.1169952479,0.7563918521) (0.1451604660,0.9910096455) (0.1466401874,1.3828943525) (0.2438318793,2.1784557543)
Optimizing +R9 model parameters by 2-BFGS,EM algorithm...
Site proportion and rates:  (0.0127654476,0.0582692743) (0.0439534924,0.2180316825) (0.0602912114,0.2702857215) (0.1255997896,0.3876645769) (0.1043001591,0.5551907159) (0.1165647684,0.7563918521) (0.1459347755,0.9920006553) (0.1466895085,1.3857485622) (0.2439008474,2.1822984231)
Optimal log-likelihood: -210690.1029573567
571  FLU+F+R9      210690.103   1474 424328.206   4772628.206  431086.188
Alignment state count time was 0.001 seconds.
Empirical state frequencies: 0.1066187927 0.0530326804 0.0442300243 0.0535491512 0.0072978305 0.0430792911 0.0502238040 0.0702257220 0.0145057697 0.0546817626 0.1001855597 0.0572641167 0.0258590668 0.0368408673 0.0440578674 0.0605849334 0.0662751733 0.0171243674 0.0298821026 0.0644811168 
Optimizing model FLU+F+R10
1. Initial log-likelihood: -210864.3396125960 (took 0.6408664391 wall-clock sec)
Optimizing +R10 model parameters by 2-BFGS,EM algorithm...
Site proportion and rates:  (0.0106250296,0.0494000334) (0.0177957539,0.1793281711) (0.0846884184,0.2606585789) (0.1251415016,0.3917600701) (0.0984832957,0.5532264134) (0.1088996411,0.7427228056) (0.1499302467,0.9815206672) (0.1364226616,1.3443347941) (0.1306569216,1.9198170175) (0.1373565298,2.5325892567)
Optimizing +R10 model parameters by 2-BFGS,EM algorithm...
Site proportion and rates:  (0.0106335844,0.0494000334) (0.0185171702,0.1793281711) (0.0845753538,0.2606585789) (0.1260653418,0.3910563247) (0.0992102640,0.5552031978) (0.1093728458,0.7459412179) (0.1507118713,0.9835236574) (0.1375359818,1.3540057569) (0.1448591798,1.9620377971) (0.1185184071,2.6249309508)
Optimizing +R10 model parameters by 2-BFGS,EM algorithm...
Site proportion and rates:  (0.0106320127,0.0494000334) (0.0185410753,0.1793281711) (0.0845602485,0.2606585789) (0.1261994565,0.3910563247) (0.0996211334,0.5557592963) (0.1098617033,0.7474603896) (0.1509329618,0.9854916885) (0.1386436141,1.3595430581) (0.1588812346,1.9919581619) (0.1021265598,2.7251938884)
Optimizing +R10 model parameters by 2-BFGS,EM algorithm...
Site proportion and rates:  (0.0106280649,0.0494000334) (0.0185423605,0.1793281711) (0.0845367494,0.2606585789) (0.1262950986,0.3910563247) (0.0998875179,0.5557592963) (0.1101182438,0.7482158449) (0.1510919917,0.9874636575) (0.1397728089,1.3636489361) (0.1712575695,2.0173947019) (0.0878695948,2.8446666417)
Optimizing +R10 model parameters by 2-BFGS,EM algorithm...
Site proportion and rates:  (0.0106215253,0.0494000334) (0.0185277450,0.1793281711) (0.0845056419,0.2606585789) (0.1263925907,0.3910563247) (0.1002533801,0.5563150557) (0.1105890158,0.7497130250) (0.1512160535,0.9884511213) (0.1408910148,1.3679133742) (0.1804667694,2.0426445245) (0.0765362635,2.9699985575)
Optimizing +R10 model parameters by 2-BFGS,EM algorithm...
Site proportion and rates:  (0.0106128897,0.0494000334) (0.0184864407,0.1793281711) (0.0845914199,0.2606585789) (0.1266352464,0.3914473811) (0.1004483189,0.5574282424) (0.1109592569,0.7512132010) (0.1513530578,0.9904290122) (0.1419037913,1.3736917647) (0.1884122446,2.0643707841) (0.0665973336,3.1339375002)
Optimizing +R10 model parameters by 2-BFGS,EM algorithm...
Site proportion and rates:  (0.0106019527,0.0494000334) (0.0184280580,0.1793281711) (0.0845358595,0.2606585789) (0.1265813529,0.3914473811) (0.1006385547,0.5574282424) (0.1111543226,0.7519701153) (0.1514494168,0.9914194413) (0.1425828936,1.3764458302) (0.1932259876,2.0747000055) (0.0608016018,3.2338195902)
Optimizing +R10 model parameters by 2-BFGS,EM algorithm...
Site proportion and rates:  (0.0105897973,0.0494000334) (0.0183442902,0.1793281711) (0.0846023623,0.2606585789) (0.1267104946,0.3918388286) (0.1006419706,0.5579856707) (0.1112138019,0.7527220856) (0.1514180250,0.9924108608) (0.1426809976,1.3779573005) (0.1943288998,2.0794161146) (0.0594693606,3.2568033449)
Optimal log-likelihood: -210671.4644385153
572  FLU+F+R10     210671.464   1476 424294.929   4784398.929  431062.081
Optimizing model rtREV+R9
1. Initial log-likelihood: -208708.940 (took 0.516 wall-clock sec)
Optimizing +R9 model parameters by 2-BFGS,EM algorithm...
Site proportion and rates:  (0.013,0.058) (0.049,0.218) (0.059,0.284) (0.127,0.404) (0.102,0.545) (0.120,0.747) (0.158,0.998) (0.175,1.319) (0.198,1.927)
Optimizing +R9 model parameters by 2-BFGS,EM algorithm...
Site proportion and rates:  (0.013,0.058) (0.048,0.218) (0.061,0.287) (0.129,0.409) (0.098,0.552) (0.115,0.747) (0.159,0.997) (0.177,1.321) (0.199,1.933)
Optimizing +R9 model parameters by 2-BFGS,EM algorithm...
Site proportion and rates:  (0.012,0.058) (0.047,0.218) (0.062,0.287) (0.130,0.411) (0.097,0.554) (0.114,0.748) (0.160,0.997) (0.178,1.322) (0.199,1.937)
Optimizing +R9 model parameters by 2-BFGS,EM algorithm...
Site proportion and rates:  (0.012,0.058) (0.047,0.218) (0.063,0.288) (0.130,0.412) (0.097,0.555) (0.114,0.749) (0.160,0.998) (0.178,1.325) (0.199,1.941)
Optimizing +R9 model parameters by 2-BFGS,EM algorithm...
Site proportion and rates:  (0.012,0.058) (0.047,0.218) (0.063,0.288) (0.130,0.412) (0.097,0.556) (0.113,0.750) (0.160,0.999) (0.179,1.327) (0.199,1.945)
Optimal log-likelihood: -208674.374
582  rtREV+R9      208674.374   1455 420258.749   4657218.749  426929.620
Optimizing model rtREV+R10
1. Initial log-likelihood: -208691.252 (took 0.658 wall-clock sec)
Optimizing +R10 model parameters by 2-BFGS,EM algorithm...
Site proportion and rates:  (0.009,0.049) (0.031,0.179) (0.077,0.267) (0.129,0.396) (0.102,0.536) (0.117,0.732) (0.156,0.975) (0.169,1.280) (0.137,1.752) (0.072,2.291)
Optimizing +R10 model parameters by 2-BFGS,EM algorithm...
Site proportion and rates:  (0.009,0.049) (0.031,0.179) (0.078,0.268) (0.132,0.399) (0.099,0.540) (0.114,0.732) (0.157,0.973) (0.172,1.280) (0.137,1.752) (0.073,2.291)
Optimizing +R10 model parameters by 2-BFGS,EM algorithm...
Site proportion and rates:  (0.009,0.049) (0.031,0.179) (0.078,0.268) (0.132,0.400) (0.099,0.541) (0.113,0.732) (0.156,0.973) (0.172,1.280) (0.137,1.755) (0.074,2.291)
Optimal log-likelihood: -208661.828
583  rtREV+R10     208661.828   1457 420237.655   4668849.655  426917.696
Alignment state count time was 0.001 seconds.
Empirical state frequencies: 0.1066187927 0.0530326804 0.0442300243 0.0535491512 0.0072978305 0.0430792911 0.0502238040 0.0702257220 0.0145057697 0.0546817626 0.1001855597 0.0572641167 0.0258590668 0.0368408673 0.0440578674 0.0605849334 0.0662751733 0.0171243674 0.0298821026 0.0644811168 
Optimizing model rtREV+F+R9
1. Initial log-likelihood: -207744.8623149776 (took 0.4403263869 wall-clock sec)
Optimizing +R9 model parameters by 2-BFGS,EM algorithm...
Site proportion and rates:  (0.0113295462,0.0582692743) (0.0530104827,0.2180316825) (0.0594293652,0.2886505397) (0.1253528340,0.4041430369) (0.1014834764,0.5454850765) (0.1144519932,0.7465373156) (0.1645137492,1.0088055038) (0.1711337062,1.3512625005) (0.1992948467,2.0062885378)
Optimizing +R9 model parameters by 2-BFGS,EM algorithm...
Site proportion and rates:  (0.0112320072,0.0582692743) (0.0521242251,0.2180316825) (0.0624197917,0.2919118059) (0.1260507969,0.4094963390) (0.0982589044,0.5512688766) (0.1116015930,0.7481654956) (0.1654838700,1.0108376783) (0.1721744397,1.3564709836) (0.2006543721,2.0181370895)
Optimizing +R9 model parameters by 2-BFGS,EM algorithm...
Site proportion and rates:  (0.0111746748,0.0582692743) (0.0511763383,0.2180316825) (0.0636095968,0.2930973757) (0.1263515861,0.4116660835) (0.0978838639,0.5546969498) (0.1115139953,0.7523902172) (0.1653794293,1.0165182724) (0.1723391445,1.3643838140) (0.2005713711,2.0293131845)
Optimizing +R9 model parameters by 2-BFGS,EM algorithm...
Site proportion and rates:  (0.0111251140,0.0582692743) (0.0499967601,0.2180316825) (0.0643140507,0.2933904731) (0.1266178348,0.4134702685) (0.0980832186,0.5572637225) (0.1116643874,0.7565861527) (0.1654172493,1.0221650113) (0.1722789174,1.3719387884) (0.2005024677,2.0403878340)
Optimizing +R9 model parameters by 2-BFGS,EM algorithm...
Site proportion and rates:  (0.0110785402,0.0582692743) (0.0490749159,0.2180316825) (0.0651651325,0.2942820611) (0.1268945758,0.4156622191) (0.0980118060,0.5604662424) (0.1115326375,0.7606380478) (0.1653326781,1.0270486141) (0.1723448406,1.3779157302) (0.2005648734,2.0510879139)
Optimizing +R9 model parameters by 2-BFGS,EM algorithm...
Site proportion and rates:  (0.0110341297,0.0582692743) (0.0481383878,0.2180316825) (0.0658743148,0.2948709197) (0.1270402502,0.4177541620) (0.0979853276,0.5628983170) (0.1114702556,0.7637506501) (0.1655252997,1.0318996128) (0.1724300773,1.3858227427) (0.2005019572,2.0611804576)
Optimizing +R9 model parameters by 2-BFGS,EM algorithm...
Site proportion and rates:  (0.0109934499,0.0582692743) (0.0472103964,0.2180316825) (0.0664971814,0.2954609566) (0.1272386828,0.4193380526) (0.0981969001,0.5654710291) (0.1117303901,0.7679745281) (0.1655177359,1.0376806114) (0.1722183655,1.3928683037) (0.2003968980,2.0713687243)
Optimizing +R9 model parameters by 2-BFGS,EM algorithm...
Site proportion and rates:  (0.0109535841,0.0582692743) (0.0463682856,0.2180316825) (0.0670472635,0.2960521742) (0.1274020067,0.4209429917) (0.0982859199,0.5680722839) (0.1116593411,0.7712146370) (0.1656033419,1.0424067708) (0.1722584543,1.3985715551) (0.2004218029,2.0813662152)
Optimizing +R9 model parameters by 2-BFGS,EM algorithm...
Site proportion and rates:  (0.0109319720,0.0582692743) (0.0458727346,0.2180316825) (0.0674240077,0.2963482265) (0.1276168628,0.4220176626) (0.0982934010,0.5697782058) (0.1118147270,0.7736065056) (0.1657011173,1.0456989355) (0.1720675033,1.4029912321) (0.2002776742,2.0874073789)
Optimizing +R9 model parameters by 2-BFGS,EM algorithm...
Site proportion and rates:  (0.0108956117,0.0582692743) (0.0450809256,0.2180316825) (0.0679655077,0.2969739562) (0.1277607260,0.4236904049) (0.0984102859,0.5721571280) (0.1118011972,0.7770508532) (0.1656695968,1.0503482650) (0.1721014681,1.4090929880) (0.2003146810,2.0965798290)
Optimizing +R9 model parameters by 2-BFGS,EM algorithm...
Site proportion and rates:  (0.0108757932,0.0582692743) (0.0446204980,0.2180316825) (0.0683156267,0.2972709302) (0.1279752923,0.4247300768) (0.0984263209,0.5738753168) (0.1119952143,0.7794107348) (0.1657989928,1.0537155122) (0.1718496633,1.4135450398) (0.2001425986,2.1025093216)
Optimizing +R9 model parameters by 2-BFGS,EM algorithm...
Site proportion and rates:  (0.0108541934,0.0582692743) (0.0442650987,0.2180316825) (0.0686520735,0.2978880004) (0.1279049234,0.4257805374) (0.0985241638,0.5751114735) (0.1119695799,0.7817802454) (0.1655764904,1.0559497432) (0.1717846961,1.4164789133) (0.2004687806,2.1062969899)
Optimizing +R9 model parameters by 2-BFGS,EM algorithm...
Site proportion and rates:  (0.0108345578,0.0582692743) (0.0438317422,0.2180316825) (0.0689727263,0.2981858885) (0.1279448227,0.4268076044) (0.0985075046,0.5762622718) (0.1118755685,0.7833850393) (0.1655130074,1.0580713949) (0.1719915543,1.4194612036) (0.2005285162,2.1118396923)
Optimizing +R9 model parameters by 2-BFGS,EM algorithm...
Site proportion and rates:  (0.0108162027,0.0582692743) (0.0434202218,0.2180316825) (0.0692580158,0.2984840745) (0.1281736296,0.4277583584) (0.0984897547,0.5780626470) (0.1119073064,0.7850194547) (0.1657800770,1.0613182768) (0.1719287229,1.4238638581) (0.2002260691,2.1180154386)
Optimizing +R9 model parameters by 2-BFGS,EM algorithm...
Site proportion and rates:  (0.0107974451,0.0582692743) (0.0430953048,0.2180316825) (0.0695785273,0.2990926901) (0.1281573144,0.4287548343) (0.0985558073,0.5792913661) (0.1119357685,0.7874295469) (0.1655737838,1.0635826526) (0.1718260391,1.4267926263) (0.2004800098,2.1217543745)
Optimizing +R9 model parameters by 2-BFGS,EM algorithm...
Site proportion and rates:  (0.0107816850,0.0582692743) (0.0426873499,0.2180316825) (0.0698450752,0.2993917829) (0.1282673390,0.4297420862) (0.0985434234,0.5804505284) (0.1118134278,0.7890456538) (0.1655532589,1.0657121684) (0.1720037219,1.4297495053) (0.2005047190,2.1271129244)
Optimizing +R9 model parameters by 2-BFGS,EM algorithm...
Site proportion and rates:  (0.0107628591,0.0582692743) (0.0423242944,0.2180316825) (0.0701434021,0.2996911747) (0.1282797635,0.4306606625) (0.0985611307,0.5816495075) (0.1120539044,0.7906696019) (0.1658106835,1.0689456256) (0.1718867208,1.4341549048) (0.2001772414,2.1331801552)
Optimizing +R9 model parameters by 2-BFGS,EM algorithm...
Site proportion and rates:  (0.0107457970,0.0582692743) (0.0419542799,0.2180316825) (0.0703817980,0.2999908660) (0.1283521258,0.4315554454) (0.0985758638,0.5828622472) (0.1119850287,0.7922517320) (0.1657971109,1.0712048785) (0.1718212382,1.4370510466) (0.2003867577,2.1367551432)
Optimizing +R9 model parameters by 2-BFGS,EM algorithm...
Site proportion and rates:  (0.0107293140,0.0582692743) (0.0416917431,0.2180316825) (0.0706596377,0.3005911479) (0.1283111035,0.4324238760) (0.0985665147,0.5840847434) (0.1120246078,0.7938648278) (0.1660605066,1.0734288940) (0.1718801528,1.4413665126) (0.2000764198,2.1430752951)
Optimizing +R9 model parameters by 2-BFGS,EM algorithm...
Site proportion and rates:  (0.0107135228,0.0582692743) (0.0412704495,0.2180316825) (0.0707209787,0.3005911479) (0.1284519222,0.4329039432) (0.0987815880,0.5852966747) (0.1119057497,0.7954588399) (0.1658136534,1.0755768254) (0.1719425171,1.4429975934) (0.2003996187,2.1466131563)
Optimal log-likelihood: -207711.3817199062
593  rtREV+F+R9    207711.382   1474 418370.763   4766670.763  425128.746
Alignment state count time was 0.015 seconds.
Empirical state frequencies: 0.1066187927 0.0530326804 0.0442300243 0.0535491512 0.0072978305 0.0430792911 0.0502238040 0.0702257220 0.0145057697 0.0546817626 0.1001855597 0.0572641167 0.0258590668 0.0368408673 0.0440578674 0.0605849334 0.0662751733 0.0171243674 0.0298821026 0.0644811168 
Optimizing model rtREV+F+R10
1. Initial log-likelihood: -207728.6228953450 (took 0.6546400700 wall-clock sec)
Optimizing +R10 model parameters by 2-BFGS,EM algorithm...
Site proportion and rates:  (0.0095129989,0.0494000334) (0.0303144723,0.1793281711) (0.0789727665,0.2679188641) (0.1289251626,0.3966785045) (0.1017846422,0.5378357153) (0.1110335290,0.7330048686) (0.1575263350,0.9830978388) (0.1664260875,1.3013331882) (0.1292195206,1.7814671035) (0.0862844853,2.3699315496)
Optimizing +R10 model parameters by 2-BFGS,EM algorithm...
Site proportion and rates:  (0.0094688080,0.0494000334) (0.0303075477,0.1793281711) (0.0794393683,0.2685140555) (0.1303080213,0.3979481712) (0.0996686642,0.5396045375) (0.1096884969,0.7322718636) (0.1578564526,0.9830978388) (0.1672985803,1.3013331882) (0.1288777728,1.7832485707) (0.0870862880,2.3724451374)
Optimizing +R10 model parameters by 2-BFGS,EM algorithm...
Site proportion and rates:  (0.0094420100,0.0494000334) (0.0302743934,0.1793281711) (0.0794602164,0.2687825696) (0.1303656191,0.3983461195) (0.0994546700,0.5401559179) (0.1093569634,0.7322718636) (0.1576393241,0.9830978388) (0.1676086907,1.3013331882) (0.1288453179,1.7832485707) (0.0875527951,2.3724451374)
Optimal log-likelihood: -207697.6583596059
594  rtREV+F+R10   207697.658   1476 418347.317   4778451.317  425114.469
Optimizing model cpREV+R9
1. Initial log-likelihood: -208127.451 (took 0.589 wall-clock sec)
Optimizing +R9 model parameters by 2-BFGS,EM algorithm...
Site proportion and rates:  (0.012,0.059) (0.058,0.218) (0.056,0.308) (0.100,0.429) (0.118,0.531) (0.162,0.718) (0.185,0.980) (0.116,1.389) (0.193,1.883)
Optimizing +R9 model parameters by 2-BFGS,EM algorithm...
Site proportion and rates:  (0.012,0.059) (0.057,0.218) (0.060,0.315) (0.095,0.441) (0.104,0.525) (0.155,0.703) (0.185,0.957) (0.110,1.293) (0.222,1.851)
Optimizing +R9 model parameters by 2-BFGS,EM algorithm...
Site proportion and rates:  (0.011,0.059) (0.056,0.218) (0.062,0.319) (0.090,0.448) (0.101,0.526) (0.150,0.702) (0.167,0.939) (0.124,1.241) (0.238,1.856)
Optimizing +R9 model parameters by 2-BFGS,EM algorithm...
Site proportion and rates:  (0.011,0.059) (0.055,0.218) (0.063,0.320) (0.089,0.450) (0.099,0.526) (0.150,0.702) (0.163,0.938) (0.129,1.238) (0.240,1.864)
Optimizing +R9 model parameters by 2-BFGS,EM algorithm...
Site proportion and rates:  (0.011,0.059) (0.055,0.218) (0.063,0.321) (0.088,0.451) (0.099,0.527) (0.150,0.703) (0.162,0.938) (0.131,1.238) (0.241,1.868)
Optimizing +R9 model parameters by 2-BFGS,EM algorithm...
Site proportion and rates:  (0.011,0.059) (0.055,0.218) (0.063,0.321) (0.088,0.452) (0.099,0.527) (0.150,0.704) (0.162,0.939) (0.131,1.239) (0.241,1.871)
Optimal log-likelihood: -207985.194
604  cpREV+R9      207985.194   1455 418880.387   4655840.387  425551.259
Optimizing model cpREV+R10
1. Initial log-likelihood: -208109.460 (took 0.444 wall-clock sec)
Optimizing +R10 model parameters by 2-BFGS,EM algorithm...
Site proportion and rates:  (0.009,0.049) (0.028,0.179) (0.067,0.265) (0.083,0.393) (0.137,0.506) (0.151,0.692) (0.164,0.924) (0.116,1.206) (0.163,1.690) (0.082,2.232)
Optimizing +R10 model parameters by 2-BFGS,EM algorithm...
Site proportion and rates:  (0.009,0.049) (0.024,0.179) (0.060,0.256) (0.068,0.369) (0.151,0.496) (0.154,0.689) (0.159,0.920) (0.124,1.197) (0.162,1.694) (0.089,2.235)
Optimizing +R10 model parameters by 2-BFGS,EM algorithm...
Site proportion and rates:  (0.009,0.049) (0.022,0.179) (0.054,0.251) (0.061,0.349) (0.162,0.490) (0.156,0.690) (0.157,0.923) (0.126,1.200) (0.161,1.700) (0.092,2.242)
Optimizing +R10 model parameters by 2-BFGS,EM algorithm...
Site proportion and rates:  (0.009,0.049) (0.022,0.179) (0.052,0.251) (0.060,0.345) (0.164,0.489) (0.157,0.690) (0.157,0.924) (0.126,1.201) (0.161,1.702) (0.093,2.245)
Optimizing +R10 model parameters by 2-BFGS,EM algorithm...
Site proportion and rates:  (0.009,0.049) (0.022,0.179) (0.052,0.251) (0.059,0.345) (0.164,0.489) (0.157,0.691) (0.157,0.925) (0.126,1.203) (0.160,1.704) (0.093,2.247)
Optimal log-likelihood: -207970.126
605  cpREV+R10     207970.126   1457 418854.251   4667466.251  425534.293
Alignment state count time was 0.001 seconds.
Empirical state frequencies: 0.1066187927 0.0530326804 0.0442300243 0.0535491512 0.0072978305 0.0430792911 0.0502238040 0.0702257220 0.0145057697 0.0546817626 0.1001855597 0.0572641167 0.0258590668 0.0368408673 0.0440578674 0.0605849334 0.0662751733 0.0171243674 0.0298821026 0.0644811168 
Optimizing model cpREV+F+R9
1. Initial log-likelihood: -207749.5386623367 (took 0.6016111940 wall-clock sec)
Optimizing +R9 model parameters by 2-BFGS,EM algorithm...
Site proportion and rates:  (0.0115820532,0.0582692743) (0.0552570910,0.2180316825) (0.0494762206,0.3098067115) (0.0750856903,0.4222681644) (0.1330209604,0.5200504120) (0.1670500274,0.7073517099) (0.1903240439,0.9753205696) (0.1127854269,1.4038560194) (0.2054184863,1.9684836436)
Optimizing +R9 model parameters by 2-BFGS,EM algorithm...
Site proportion and rates:  (0.0109747924,0.0582692743) (0.0542369565,0.2180316825) (0.0546429895,0.3181736364) (0.0604705804,0.4294464363) (0.1334115904,0.5194779828) (0.1634095801,0.7066443581) (0.1930421480,0.9733922365) (0.1065906585,1.3596259382) (0.2232207042,1.9607154894)
Optimizing +R9 model parameters by 2-BFGS,EM algorithm...
Site proportion and rates:  (0.0105958649,0.0582692743) (0.0532105200,0.2180316825) (0.0560167732,0.3222609745) (0.0533009071,0.4312927257) (0.1371181599,0.5229781302) (0.1597975886,0.7110976559) (0.1811842952,0.9678628498) (0.1073031456,1.3016618389) (0.2414727457,1.9577866469)
Optimizing +R9 model parameters by 2-BFGS,EM algorithm...
Site proportion and rates:  (0.0103800797,0.0582692743) (0.0524670274,0.2180316825) (0.0561939022,0.3246685405) (0.0491448036,0.4312927257) (0.1404878956,0.5259755279) (0.1582978631,0.7156146695) (0.1749562235,0.9696207301) (0.1124426927,1.2945513393) (0.2456295122,1.9717881776)
Optimizing +R9 model parameters by 2-BFGS,EM algorithm...
Site proportion and rates:  (0.0102622595,0.0582692743) (0.0520170600,0.2180316825) (0.0562840911,0.3259138447) (0.0470413190,0.4312927257) (0.1426653302,0.5282587170) (0.1576747891,0.7196442406) (0.1727586012,0.9721609594) (0.1144851067,1.2946796162) (0.2468114432,1.9828199395)
Optimizing +R9 model parameters by 2-BFGS,EM algorithm...
Site proportion and rates:  (0.0101700809,0.0582692743) (0.0516751668,0.2180316825) (0.0562332873,0.3271713645) (0.0457792502,0.4312927257) (0.1441329089,0.5303763530) (0.1577896342,0.7233275555) (0.1724059047,0.9771838784) (0.1149064303,1.3011819458) (0.2469073367,1.9935292546)
Optimizing +R9 model parameters by 2-BFGS,EM algorithm...
Site proportion and rates:  (0.0100904399,0.0582692743) (0.0513162562,0.2180316825) (0.0560915456,0.3279633817) (0.0449288787,0.4312927257) (0.1454266259,0.5324447563) (0.1579061223,0.7269655004) (0.1723640181,0.9821178863) (0.1149710044,1.3077463208) (0.2469051089,2.0038197057)
Optimizing +R9 model parameters by 2-BFGS,EM algorithm...
Site proportion and rates:  (0.0100191283,0.0582692743) (0.0510051720,0.2180316825) (0.0559186140,0.3287979914) (0.0443438021,0.4312927257) (0.1464820287,0.5344881046) (0.1580370965,0.7304839126) (0.1724130645,0.9869661489) (0.1148747184,1.3140303500) (0.2469063755,2.0135708486)
Optimizing +R9 model parameters by 2-BFGS,EM algorithm...
Site proportion and rates:  (0.0099540988,0.0582692743) (0.0507168915,0.2180316825) (0.0557461274,0.3296146655) (0.0435748948,0.4312927257) (0.1473334171,0.5359823961) (0.1581766514,0.7331431850) (0.1724569480,0.9909005502) (0.1150257800,1.3204270111) (0.2470151911,2.0228226307)
Optimizing +R9 model parameters by 2-BFGS,EM algorithm...
Site proportion and rates:  (0.0099174255,0.0582692743) (0.0505884377,0.2180316825) (0.0558044285,0.3303204338) (0.0433215547,0.4317240185) (0.1479005130,0.5372951558) (0.1583654308,0.7355140625) (0.1727406400,0.9946009562) (0.1144890112,1.3246287266) (0.2468725586,2.0267798264)
Optimizing +R9 model parameters by 2-BFGS,EM algorithm...
Site proportion and rates:  (0.0098824446,0.0582692743) (0.0504027490,0.2180316825) (0.0556809110,0.3306507543) (0.0432298080,0.4317240185) (0.1482317500,0.5386080307) (0.1582954951,0.7370546421) (0.1727604756,0.9967812228) (0.1145374616,1.3274931539) (0.2469789051,2.0317557831)
Optimizing +R9 model parameters by 2-BFGS,EM algorithm...
Site proportion and rates:  (0.0098502006,0.0582692743) (0.0502397358,0.2180316825) (0.0555954340,0.3309870695) (0.0432317084,0.4321557426) (0.1484745384,0.5397930248) (0.1582464822,0.7387020152) (0.1727262724,0.9989653531) (0.1146175173,1.3304089194) (0.2470181109,2.0365866084)
Optimizing +R9 model parameters by 2-BFGS,EM algorithm...
Site proportion and rates:  (0.0098198361,0.0582692743) (0.0501334451,0.2180316825) (0.0556717395,0.3316903286) (0.0432577553,0.4330204864) (0.1484903177,0.5409472159) (0.1582415970,0.7403595345) (0.1727895293,1.0012227873) (0.1145796617,1.3333676341) (0.2470161183,2.0412453565)
Optimizing +R9 model parameters by 2-BFGS,EM algorithm...
Site proportion and rates:  (0.0097919757,0.0582692743) (0.0499793062,0.2180316825) (0.0557205198,0.3320220191) (0.0433173496,0.4338869606) (0.1485862588,0.5421171278) (0.1582562116,0.7419955940) (0.1727700389,1.0034433872) (0.1145825968,1.3363460871) (0.2469957426,2.0457424653)
Optimizing +R9 model parameters by 2-BFGS,EM algorithm...
Site proportion and rates:  (0.0097651639,0.0582692743) (0.0498357943,0.2180316825) (0.0557054268,0.3323740771) (0.0434130374,0.4343208477) (0.1487084415,0.5432696658) (0.1582762308,0.7436167022) (0.1727354823,1.0056215164) (0.1145889364,1.3392890932) (0.2469714866,2.0501165771)
Optimal log-likelihood: -207589.1122604993
615  cpREV+F+R9    207589.112   1474 418126.225   4766426.225  424884.207
Alignment state count time was 0.001 seconds.
Empirical state frequencies: 0.1066187927 0.0530326804 0.0442300243 0.0535491512 0.0072978305 0.0430792911 0.0502238040 0.0702257220 0.0145057697 0.0546817626 0.1001855597 0.0572641167 0.0258590668 0.0368408673 0.0440578674 0.0605849334 0.0662751733 0.0171243674 0.0298821026 0.0644811168 
Optimizing model cpREV+F+R10
1. Initial log-likelihood: -207727.7025961509 (took 0.5682741681 wall-clock sec)
Optimizing +R10 model parameters by 2-BFGS,EM algorithm...
Site proportion and rates:  (0.0090923738,0.0494000334) (0.0397462646,0.1839663183) (0.0525707666,0.2802525698) (0.0681489888,0.3912546156) (0.1457148000,0.5065199997) (0.1591628553,0.6908762587) (0.1727535773,0.9324878846) (0.1004603783,1.2230556832) (0.1706512171,1.7414051861) (0.0816987781,2.3782426870)
Optimizing +R10 model parameters by 2-BFGS,EM algorithm...
Site proportion and rates:  (0.0090753518,0.0494000334) (0.0446544054,0.1893600364) (0.0511867606,0.2930163835) (0.0527479398,0.3882181754) (0.1503741062,0.5027056877) (0.1569005142,0.6874287788) (0.1655535843,0.9222776316) (0.1071130259,1.1937528141) (0.1790733039,1.7369254526) (0.0833210080,2.3886346842)
Optimizing +R10 model parameters by 2-BFGS,EM algorithm...
Site proportion and rates:  (0.0090825246,0.0494000334) (0.0458220478,0.1904990414) (0.0530091648,0.2973319559) (0.0481572265,0.3905533161) (0.1516092458,0.5022029819) (0.1566062393,0.6874287788) (0.1627565061,0.9204339984) (0.1092777258,1.1889849602) (0.1799800672,1.7369254526) (0.0836992521,2.3886346842)
Optimizing +R10 model parameters by 2-BFGS,EM algorithm...
Site proportion and rates:  (0.0090823097,0.0494000334) (0.0461103117,0.1908802302) (0.0542900965,0.2991375179) (0.0466265179,0.3925099926) (0.1512583441,0.5022029819) (0.1566506826,0.6874287788) (0.1623855777,0.9204339984) (0.1097517586,1.1889849602) (0.1798648439,1.7369254526) (0.0839795573,2.3886346842)
Optimal log-likelihood: -207573.9560311275
616  cpREV+F+R10   207573.956   1476 418099.912   4778203.912  424867.064
Akaike Information Criterion:           Q.pfam+F+R10
Corrected Akaike Information Criterion: LG+G4
Bayesian Information Criterion:         Q.pfam+R10
Best-fit model: Q.pfam+R10 chosen according to BIC

All model information printed to all_PBP-like_tree.model.gz
CPU time for ModelFinder: 236520.380 seconds (65h:42m:0s)
Wall-clock time for ModelFinder: 43571.105 seconds (12h:6m:11s)
Alignment state count time was 0.001 seconds.
Empirical state frequencies: 0.1066187927 0.0530326804 0.0442300243 0.0535491512 0.0072978305 0.0430792911 0.0502238040 0.0702257220 0.0145057697 0.0546817626 0.1001855597 0.0572641167 0.0258590668 0.0368408673 0.0440578674 0.0605849334 0.0662751733 0.0171243674 0.0298821026 0.0644811168 
Generating 1000 samples for ultrafast bootstrap (seed: 139808)...
WARNING: Normalizing state frequencies so that sum of them equals to 1

ML-TREE SEARCH START WITH THE FOLLOWING PARAMETERS:
Model of evolution: Q.pfam+R10 with user-defined frequencies (1457 free parameters)
Fixed branch lengths: No
Tree search algorithm: Stochastic nearest neighbor interchange
Termination condition: after 100 unsuccessful iterations
NNI assessed on: 5 branches
Phylogenetic likelihood library: No
Branch length optimization method: Newton
Number of Newton-Raphson steps in NNI evaluation and branch length optimization: 10 / 10
SSE instructions: Yes

NOTE: 831 MB RAM (0 GB) is required!
Estimate model parameters (epsilon = 0.1000000000)
1. Initial log-likelihood: -205957.0285151467 (took 0.4637943280 wall-clock sec)
Optimizing +R10 model parameters by 2-BFGS,EM algorithm...
Site proportion and rates:  (0.0092228715,0.0494000334) (0.0308468898,0.1793281711) (0.0744738763,0.2600548936) (0.1247014567,0.3806609494) (0.1162773832,0.5288194506) (0.1247161461,0.7499518748) (0.1450018604,0.9850325967) (0.1630323380,1.2974319659) (0.1331710554,1.7651284520) (0.0785561226,2.3412083240)
Optimal log-likelihood: -205957.0102902800
Parameters optimization took 1 rounds (21.8774821280 sec)
Best tree printed to all_PBP-like_tree.treefile
Wrote distance file to... 
Computing ML distances based on estimated model parameters...
72.214256s Longest distance was 9.000000
Calculating distance matrix: done in 72.2144 secs using 548.7% CPU
Distance calculation time: 72.215246 seconds
Computing ML distances took 72.215740 sec (of wall-clock time) 396.223592 sec (of CPU time)
WARNING: Some pairwise ML distances are too long (saturated)
Setting up auxiliary I and S matrices: done in 0.110569 secs using 487.5% CPU
Time taken to write distance file: 0.462843 seconds 
Constructing RapidNJ tree: done in 5.98469 secs using 445.1% CPU
Computing RapidNJ tree took 6.095424 sec (of wall-clock time) 27.175313 sec (of CPU time)
Computing RapidNJ tree (from in-memory) distance matrix took 6.230 sec.
Loading tree (from file all_PBP-like_tree.bionj) took 0.005 sec.
Wall-clock time spent creating initial tree was 6.235 seconds
Log-likelihood of RapidNJ tree: -208649.328
--------------------------------------------------------------------
|             INITIALIZING CANDIDATE TREE SET                      |
--------------------------------------------------------------------
Generating 98 parsimony trees... 163.291 second
Computing log-likelihood of 98 initial trees ... 265.584 seconds
Current best score: -205957.010

Do NNI search on 20 best initial trees
Optimizing NNI: done in 136.665 secs using 569.7% CPU
Estimate model parameters (epsilon = 0.100)
1. Initial log-likelihood: -205939.550 (took 0.000 wall-clock sec)
Optimizing +R10 model parameters by 2-BFGS,EM algorithm...
Site proportion and rates:  (0.009,0.049) (0.031,0.179) (0.075,0.261) (0.126,0.382) (0.115,0.532) (0.123,0.749) (0.146,0.985) (0.162,1.295) (0.133,1.761) (0.079,2.351)
Optimal log-likelihood: -205939.458
BETTER TREE FOUND at iteration 1: -205939.458
Iteration 1 / LogL: -205939.458 / Time: 0h:12m:26s
Optimizing NNI: done in 500.07 secs using 570.7% CPU
Estimate model parameters (epsilon = 0.100)
1. Initial log-likelihood: -205925.085 (took 0.000 wall-clock sec)
Optimizing +R10 model parameters by 2-BFGS,EM algorithm...
Site proportion and rates:  (0.009,0.049) (0.032,0.179) (0.076,0.263) (0.127,0.381) (0.113,0.533) (0.134,0.752) (0.150,1.000) (0.149,1.301) (0.135,1.747) (0.075,2.371)
Optimizing +R10 model parameters by 2-BFGS,EM algorithm...
Site proportion and rates:  (0.009,0.049) (0.032,0.179) (0.076,0.263) (0.127,0.382) (0.113,0.534) (0.135,0.753) (0.151,1.001) (0.148,1.303) (0.135,1.747) (0.074,2.373)
Optimal log-likelihood: -205924.329
BETTER TREE FOUND at iteration 2: -205924.329
Iteration 2 / LogL: -205924.329 / Time: 0h:21m:56s
Optimizing NNI: done in 451.249 secs using 558.2% CPU
Estimate model parameters (epsilon = 0.100)
1. Initial log-likelihood: -205857.517 (took 0.000 wall-clock sec)
Optimizing +R10 model parameters by 2-BFGS,EM algorithm...
Site proportion and rates:  (0.009,0.050) (0.031,0.180) (0.073,0.265) (0.131,0.385) (0.115,0.543) (0.132,0.764) (0.145,1.005) (0.153,1.307) (0.132,1.763) (0.078,2.375)
Optimizing +R10 model parameters by 2-BFGS,EM algorithm...
Site proportion and rates:  (0.009,0.050) (0.031,0.180) (0.073,0.265) (0.131,0.386) (0.115,0.543) (0.131,0.765) (0.145,1.005) (0.154,1.307) (0.132,1.763) (0.079,2.373)
Optimal log-likelihood: -205857.159
BETTER TREE FOUND at iteration 3: -205857.159
Iteration 3 / LogL: -205857.159 / Time: 0h:30m:37s
Optimizing NNI: done in 490.338 secs using 547.5% CPU
Iteration 4 / LogL: -205937.592 / Time: 0h:38m:48s
Optimizing NNI: done in 489.202 secs using 561.2% CPU
Iteration 5 / LogL: -205962.915 / Time: 0h:46m:58s
Optimizing NNI: done in 436.429 secs using 561.5% CPU
Iteration 6 / LogL: -205947.502 / Time: 0h:54m:15s
Optimizing NNI: done in 467.83 secs using 557.4% CPU
Iteration 7 / LogL: -205970.562 / Time: 1h:2m:3s
Optimizing NNI: done in 465.355 secs using 551.8% CPU
Iteration 8 / LogL: -205977.043 / Time: 1h:9m:49s
Optimizing NNI: done in 400.022 secs using 570.8% CPU
Iteration 9 / LogL: -205967.951 / Time: 1h:16m:29s
Optimizing NNI: done in 367.705 secs using 593.9% CPU
Iteration 10 / LogL: -206010.924 / Time: 1h:22m:37s
Optimizing NNI: done in 439.35 secs using 576.1% CPU
Iteration 11 / LogL: -205964.625 / Time: 1h:29m:57s
Optimizing NNI: done in 376.481 secs using 579.9% CPU
Iteration 12 / LogL: -205891.443 / Time: 1h:36m:13s
Optimizing NNI: done in 355.609 secs using 593.6% CPU
Iteration 13 / LogL: -205975.870 / Time: 1h:42m:9s
Optimizing NNI: done in 459.177 secs using 579% CPU
Iteration 14 / LogL: -206038.704 / Time: 1h:49m:49s
Optimizing NNI: done in 441.087 secs using 587.5% CPU
Iteration 15 / LogL: -205859.710 / Time: 1h:57m:11s
Optimizing NNI: done in 433.642 secs using 579.2% CPU
Iteration 16 / LogL: -205918.939 / Time: 2h:4m:25s
Optimizing NNI: done in 357.039 secs using 582.8% CPU
Estimate model parameters (epsilon = 0.100)
1. Initial log-likelihood: -205840.630 (took 0.000 wall-clock sec)
Optimizing +R10 model parameters by 2-BFGS,EM algorithm...
Site proportion and rates:  (0.009,0.049) (0.031,0.179) (0.074,0.264) (0.130,0.382) (0.114,0.540) (0.124,0.761) (0.150,0.989) (0.156,1.304) (0.133,1.773) (0.079,2.362)
Optimizing +R10 model parameters by 2-BFGS,EM algorithm...
Site proportion and rates:  (0.009,0.049) (0.031,0.179) (0.074,0.264) (0.129,0.382) (0.114,0.540) (0.123,0.761) (0.150,0.989) (0.157,1.305) (0.134,1.775) (0.079,2.364)
Optimal log-likelihood: -205840.147
BETTER TREE FOUND at iteration 17: -205840.147
Iteration 17 / LogL: -205840.147 / Time: 2h:11m:17s
Optimizing NNI: done in 395.598 secs using 577.4% CPU
Iteration 18 / LogL: -205946.691 / Time: 2h:17m:53s
Optimizing NNI: done in 373.566 secs using 585.2% CPU
Iteration 19 / LogL: -206053.722 / Time: 2h:24m:7s
Optimizing NNI: done in 331.552 secs using 592.6% CPU
Iteration 20 / LogL: -205961.301 / Time: 2h:29m:38s
Best tree printed to all_PBP-like_tree.treefile
Finish initializing candidate tree set (20)
Current best tree score: -205840.147 / CPU time: 8831.437
Number of iterations: 20
--------------------------------------------------------------------
|               OPTIMIZING CANDIDATE TREE SET                      |
--------------------------------------------------------------------
Optimizing NNI: done in 150.502 secs using 591.8% CPU
Iteration 21 / LogL: -205933.288 / Time: 2h:32m:10s (12h:10m:25s left)
Optimizing NNI: done in 176.361 secs using 588.4% CPU
Iteration 22 / LogL: -205849.034 / Time: 2h:35m:7s (11h:41m:45s left)
Optimizing NNI: done in 174.454 secs using 590% CPU
Iteration 23 / LogL: -205856.204 / Time: 2h:38m:3s (11h:15m:18s left)
Optimizing NNI: done in 153.736 secs using 580.9% CPU
Iteration 24 / LogL: -205868.312 / Time: 2h:40m:37s (10h:49m:29s left)
Optimizing NNI: done in 182.491 secs using 575.8% CPU
Iteration 25 / LogL: -205977.794 / Time: 2h:43m:40s (10h:27m:27s left)
Optimizing NNI: done in 138.881 secs using 581.5% CPU
Iteration 26 / LogL: -205855.205 / Time: 2h:46m:0s (10h:4m:16s left)
Optimizing NNI: done in 136.357 secs using 571.9% CPU
Iteration 27 / LogL: -206107.018 / Time: 2h:48m:18s (9h:42m:36s left)
Optimizing NNI: done in 200.573 secs using 567.9% CPU
Iteration 28 / LogL: -205943.635 / Time: 2h:51m:39s (9h:25m:51s left)
Optimizing NNI: done in 130.057 secs using 575.6% CPU
Iteration 29 / LogL: -206262.562 / Time: 2h:53m:50s (9h:6m:22s left)
Optimizing NNI: done in 157.69 secs using 593.6% CPU
Iteration 30 / LogL: -205868.863 / Time: 2h:56m:29s (8h:49m:28s left)
Optimizing NNI: done in 237.337 secs using 584.2% CPU
Iteration 31 / LogL: -205963.517 / Time: 3h:0m:28s (8h:37m:20s left)
Optimizing NNI: done in 143.309 secs using 592.6% CPU
Iteration 32 / LogL: -205878.175 / Time: 3h:2m:52s (8h:21m:24s left)
Optimizing NNI: done in 187.389 secs using 584.6% CPU
Iteration 33 / LogL: -205853.690 / Time: 3h:6m:0s (8h:8m:15s left)
Optimizing NNI: done in 179.365 secs using 570.4% CPU
Iteration 34 / LogL: -205840.957 / Time: 3h:9m:0s (7h:55m:23s left)
Optimizing NNI: done in 158.513 secs using 584.6% CPU
Iteration 35 / LogL: -205845.133 / Time: 3h:11m:40s (7h:42m:16s left)
Optimizing NNI: done in 202.307 secs using 588.7% CPU
Iteration 36 / LogL: -205859.081 / Time: 3h:15m:3s (7h:31m:25s left)
Optimizing NNI: done in 187.684 secs using 575.7% CPU
Iteration 37 / LogL: -205854.210 / Time: 3h:18m:12s (7h:20m:27s left)
Optimizing NNI: done in 198.995 secs using 573.2% CPU
Iteration 38 / LogL: -205847.373 / Time: 3h:21m:32s (7h:10m:19s left)
Optimizing NNI: done in 206.629 secs using 568% CPU
Estimate model parameters (epsilon = 0.100)
1. Initial log-likelihood: -205840.074 (took 0.000 wall-clock sec)
Optimizing +R10 model parameters by 2-BFGS,EM algorithm...
Site proportion and rates:  (0.009,0.049) (0.031,0.178) (0.073,0.263) (0.131,0.381) (0.114,0.538) (0.126,0.753) (0.151,0.996) (0.155,1.298) (0.132,1.752) (0.077,2.356)
Optimizing +R10 model parameters by 2-BFGS,EM algorithm...
Site proportion and rates:  (0.009,0.049) (0.031,0.178) (0.074,0.263) (0.131,0.381) (0.114,0.539) (0.126,0.753) (0.151,0.997) (0.155,1.300) (0.132,1.752) (0.077,2.356)
Optimal log-likelihood: -205839.514
BETTER TREE FOUND at iteration 39: -205839.514
Iteration 39 / LogL: -205839.514 / Time: 3h:25m:51s (9h:1m:42s left)
Best tree printed to all_PBP-like_tree.treefile
Optimizing NNI: done in 161.069 secs using 570.7% CPU
Iteration 40 / LogL: -205867.704 / Time: 3h:28m:32s (8h:49m:23s left)
Optimizing NNI: done in 190.933 secs using 578.6% CPU
Iteration 41 / LogL: -205846.837 / Time: 3h:31m:44s (8h:38m:46s left)
Optimizing NNI: done in 203.549 secs using 566.6% CPU
Estimate model parameters (epsilon = 0.100)
1. Initial log-likelihood: -205831.150 (took 0.000 wall-clock sec)
Optimizing +R10 model parameters by 2-BFGS,EM algorithm...
Site proportion and rates:  (0.010,0.049) (0.030,0.179) (0.074,0.263) (0.130,0.382) (0.113,0.539) (0.121,0.757) (0.155,0.990) (0.156,1.308) (0.130,1.767) (0.081,2.371)
Optimizing +R10 model parameters by 2-BFGS,EM algorithm...
Site proportion and rates:  (0.010,0.049) (0.030,0.179) (0.074,0.263) (0.130,0.382) (0.113,0.539) (0.120,0.757) (0.156,0.990) (0.157,1.309) (0.130,1.769) (0.081,2.371)
Optimal log-likelihood: -205830.741
BETTER TREE FOUND at iteration 42: -205830.741
Iteration 42 / LogL: -205830.741 / Time: 3h:36m:3s (8h:46m:57s left)
Best tree printed to all_PBP-like_tree.treefile
Optimizing NNI: done in 162.068 secs using 589% CPU
Iteration 43 / LogL: -205971.301 / Time: 3h:38m:46s (8h:35m:40s left)
Optimizing NNI: done in 174.205 secs using 580.8% CPU
Iteration 44 / LogL: -205857.147 / Time: 3h:41m:41s (8h:25m:15s left)
Optimizing NNI: done in 141.514 secs using 591% CPU
Iteration 45 / LogL: -205889.685 / Time: 3h:44m:4s (8h:13m:58s left)
Optimizing NNI: done in 181.375 secs using 565.6% CPU
Iteration 46 / LogL: -205834.226 / Time: 3h:47m:6s (8h:4m:30s left)
Optimizing NNI: done in 195.063 secs using 591.1% CPU
Estimate model parameters (epsilon = 0.100)
1. Initial log-likelihood: -205810.276 (took 0.000 wall-clock sec)
Optimizing +R10 model parameters by 2-BFGS,EM algorithm...
Site proportion and rates:  (0.009,0.049) (0.030,0.177) (0.073,0.261) (0.127,0.379) (0.115,0.534) (0.122,0.753) (0.153,0.986) (0.158,1.302) (0.133,1.762) (0.080,2.354)
Optimal log-likelihood: -205810.168
BETTER TREE FOUND at iteration 47: -205810.168
Iteration 47 / LogL: -205810.168 / Time: 3h:50m:57s (8h:22m:5s left)
Best tree printed to all_PBP-like_tree.treefile
Optimizing NNI: done in 189.333 secs using 575.2% CPU
Iteration 48 / LogL: -205841.175 / Time: 3h:54m:7s (8h:13m:10s left)
Optimizing NNI: done in 162.236 secs using 586.8% CPU
Iteration 49 / LogL: -205908.590 / Time: 3h:56m:50s (8h:3m:33s left)
Optimizing NNI: done in 227.206 secs using 594.1% CPU
Estimate model parameters (epsilon = 0.100)
1. Initial log-likelihood: -205789.443 (took 0.000 wall-clock sec)
Optimizing +R10 model parameters by 2-BFGS,EM algorithm...
Site proportion and rates:  (0.009,0.049) (0.030,0.176) (0.074,0.260) (0.127,0.377) (0.116,0.531) (0.119,0.749) (0.152,0.982) (0.160,1.296) (0.135,1.752) (0.078,2.363)
Optimal log-likelihood: -205789.390
BETTER TREE FOUND at iteration 50: -205789.390
Iteration 50 / LogL: -205789.390 / Time: 4h:1m:15s (8h:12m:22s left)
Best tree printed to all_PBP-like_tree.treefile
Optimizing NNI: done in 151.994 secs using 581.4% CPU
Iteration 51 / LogL: -205843.458 / Time: 4h:3m:48s (8h:2m:44s left)
Optimizing NNI: done in 219.789 secs using 590.7% CPU
Iteration 52 / LogL: -205985.379 / Time: 4h:7m:29s (7h:55m:33s left)
Optimizing NNI: done in 181.799 secs using 585.9% CPU
Iteration 53 / LogL: -205927.654 / Time: 4h:10m:32s (7h:47m:20s left)
Optimizing NNI: done in 165.312 secs using 584.9% CPU
Iteration 54 / LogL: -205896.421 / Time: 4h:13m:18s (7h:38m:49s left)
Optimizing NNI: done in 160.887 secs using 582.3% CPU
Iteration 55 / LogL: -205838.879 / Time: 4h:16m:0s (7h:30m:22s left)
Optimizing NNI: done in 151.941 secs using 585.7% CPU
Iteration 56 / LogL: -205790.154 / Time: 4h:18m:33s (7h:21m:53s left)
Optimizing NNI: done in 181.239 secs using 573.6% CPU
Iteration 57 / LogL: -205815.247 / Time: 4h:21m:35s (7h:14m:26s left)
Optimizing NNI: done in 167.169 secs using 581% CPU
Iteration 58 / LogL: -205804.274 / Time: 4h:24m:23s (7h:6m:44s left)
Optimizing NNI: done in 201.714 secs using 591.8% CPU
Iteration 59 / LogL: -205929.085 / Time: 4h:27m:46s (7h:0m:7s left)
Optimizing NNI: done in 173.598 secs using 582% CPU
Iteration 60 / LogL: -205820.438 / Time: 4h:30m:40s (6h:52m:54s left)
Optimizing NNI: done in 152.667 secs using 593.2% CPU
Iteration 61 / LogL: -205846.275 / Time: 4h:33m:14s (6h:45m:18s left)
Optimizing NNI: done in 143.263 secs using 591.9% CPU
Iteration 62 / LogL: -205852.628 / Time: 4h:35m:38s (6h:37m:38s left)
Optimizing NNI: done in 191.746 secs using 565.7% CPU
Iteration 63 / LogL: -205798.074 / Time: 4h:38m:51s (6h:31m:17s left)
Optimizing NNI: done in 189.366 secs using 598.5% CPU
Iteration 64 / LogL: -205841.070 / Time: 4h:42m:1s (6h:24m:59s left)
Optimizing NNI: done in 161.888 secs using 589.1% CPU
Iteration 65 / LogL: -205873.149 / Time: 4h:44m:44s (6h:18m:9s left)
Optimizing NNI: done in 159.933 secs using 591.1% CPU
Iteration 66 / LogL: -205873.904 / Time: 4h:47m:25s (6h:11m:26s left)
Optimizing NNI: done in 167.664 secs using 589.6% CPU
Iteration 67 / LogL: -205797.742 / Time: 4h:50m:13s (6h:4m:59s left)
Optimizing NNI: done in 162.384 secs using 593.4% CPU
Iteration 68 / LogL: -205812.226 / Time: 4h:52m:56s (5h:58m:31s left)
Optimizing NNI: done in 157.528 secs using 599% CPU
Iteration 69 / LogL: -205800.108 / Time: 4h:55m:35s (5h:52m:5s left)
Optimizing NNI: done in 169.863 secs using 588.2% CPU
Iteration 70 / LogL: -205957.309 / Time: 4h:58m:25s (5h:46m:0s left)
Optimizing NNI: done in 194.052 secs using 584% CPU
Iteration 71 / LogL: -205838.997 / Time: 5h:1m:40s (5h:40m:27s left)
Optimizing NNI: done in 204.304 secs using 585% CPU
Estimate model parameters (epsilon = 0.100)
1. Initial log-likelihood: -205770.889 (took 0.000 wall-clock sec)
Optimizing +R10 model parameters by 2-BFGS,EM algorithm...
Site proportion and rates:  (0.009,0.049) (0.030,0.176) (0.073,0.260) (0.129,0.378) (0.114,0.531) (0.120,0.748) (0.153,0.981) (0.158,1.296) (0.135,1.752) (0.080,2.351)
Optimal log-likelihood: -205770.829
BETTER TREE FOUND at iteration 72: -205770.829
Iteration 72 / LogL: -205770.829 / Time: 5h:5m:27s (7h:10m:13s left)
Best tree printed to all_PBP-like_tree.treefile
Optimizing NNI: done in 176.029 secs using 578% CPU
Estimate model parameters (epsilon = 0.100)
1. Initial log-likelihood: -205770.260 (took 0.000 wall-clock sec)
Optimizing +R10 model parameters by 2-BFGS,EM algorithm...
Site proportion and rates:  (0.009,0.048) (0.029,0.176) (0.073,0.260) (0.128,0.377) (0.115,0.531) (0.119,0.747) (0.153,0.980) (0.157,1.296) (0.135,1.751) (0.080,2.347)
Optimal log-likelihood: -205770.233
BETTER TREE FOUND at iteration 73: -205770.233
Iteration 73 / LogL: -205770.233 / Time: 5h:8m:44s (7h:8m:48s left)
Best tree printed to all_PBP-like_tree.treefile
Optimizing NNI: done in 142.942 secs using 597.3% CPU
Iteration 74 / LogL: -205793.589 / Time: 5h:11m:8s (7h:1m:57s left)
Optimizing NNI: done in 159.246 secs using 583.1% CPU
Iteration 75 / LogL: -205892.958 / Time: 5h:13m:48s (6h:55m:35s left)
Optimizing NNI: done in 179.993 secs using 589% CPU
Iteration 76 / LogL: -205780.255 / Time: 5h:16m:49s (6h:49m:45s left)
Optimizing NNI: done in 161.512 secs using 596.2% CPU
Iteration 77 / LogL: -205777.062 / Time: 5h:19m:31s (6h:43m:37s left)
Optimizing NNI: done in 201.609 secs using 573.9% CPU
Iteration 78 / LogL: -205835.936 / Time: 5h:22m:54s (6h:38m:23s left)
Optimizing NNI: done in 192.493 secs using 577.7% CPU
Iteration 79 / LogL: -205819.314 / Time: 5h:26m:8s (6h:33m:2s left)
Optimizing NNI: done in 146.612 secs using 580.4% CPU
Iteration 80 / LogL: -205890.531 / Time: 5h:28m:35s (6h:26m:49s left)
Optimizing NNI: done in 171.987 secs using 595.7% CPU
Iteration 81 / LogL: -205897.403 / Time: 5h:31m:28s (6h:21m:12s left)
Optimizing NNI: done in 195.953 secs using 596% CPU
Iteration 82 / LogL: -205787.719 / Time: 5h:34m:45s (6h:16m:5s left)
Optimizing NNI: done in 166.134 secs using 581.6% CPU
Iteration 83 / LogL: -205786.103 / Time: 5h:37m:32s (6h:10m:28s left)
Optimizing NNI: done in 225.097 secs using 591.6% CPU
Iteration 84 / LogL: -205813.578 / Time: 5h:41m:18s (6h:5m:58s left)
Optimizing NNI: done in 170.105 secs using 584% CPU
Estimate model parameters (epsilon = 0.100)
1. Initial log-likelihood: -205758.717 (took 0.000 wall-clock sec)
Optimizing +R10 model parameters by 2-BFGS,EM algorithm...
Site proportion and rates:  (0.009,0.048) (0.030,0.176) (0.073,0.260) (0.127,0.376) (0.114,0.531) (0.119,0.743) (0.155,0.983) (0.156,1.293) (0.134,1.751) (0.082,2.338)
Optimizing +R10 model parameters by 2-BFGS,EM algorithm...
Site proportion and rates:  (0.009,0.048) (0.030,0.176) (0.073,0.260) (0.127,0.376) (0.114,0.531) (0.119,0.743) (0.155,0.984) (0.156,1.294) (0.134,1.751) (0.083,2.338)
Optimal log-likelihood: -205758.563
BETTER TREE FOUND at iteration 85: -205758.563
Iteration 85 / LogL: -205758.563 / Time: 5h:44m:54s (6h:50m:36s left)
Best tree printed to all_PBP-like_tree.treefile
Optimizing NNI: done in 201.743 secs using 575.6% CPU
Iteration 86 / LogL: -205813.585 / Time: 5h:48m:17s (6h:45m:39s left)
Optimizing NNI: done in 171.763 secs using 575.2% CPU
Iteration 87 / LogL: -205798.532 / Time: 5h:51m:10s (6h:40m:10s left)
Optimizing NNI: done in 167.565 secs using 592.8% CPU
Iteration 88 / LogL: -205767.847 / Time: 5h:53m:59s (6h:34m:40s left)
Optimizing NNI: done in 165.204 secs using 582.7% CPU
Iteration 89 / LogL: -205910.053 / Time: 5h:56m:45s (6h:29m:11s left)
Optimizing NNI: done in 222.266 secs using 586% CPU
Iteration 90 / LogL: -205860.254 / Time: 6h:0m:28s (6h:24m:46s left)
Optimizing NNI: done in 208.963 secs using 572.5% CPU
Iteration 91 / LogL: -205783.274 / Time: 6h:3m:58s (6h:20m:8s left)
Optimizing NNI: done in 173.691 secs using 585.7% CPU
Iteration 92 / LogL: -205795.121 / Time: 6h:6m:53s (6h:14m:57s left)
Optimizing NNI: done in 174.179 secs using 585% CPU
Estimate model parameters (epsilon = 0.100)
1. Initial log-likelihood: -205757.926 (took 0.000 wall-clock sec)
Optimizing +R10 model parameters by 2-BFGS,EM algorithm...
Site proportion and rates:  (0.009,0.048) (0.030,0.175) (0.074,0.259) (0.129,0.378) (0.113,0.532) (0.118,0.744) (0.154,0.979) (0.158,1.291) (0.135,1.742) (0.080,2.348)
Optimizing +R10 model parameters by 2-BFGS,EM algorithm...
Site proportion and rates:  (0.009,0.048) (0.030,0.175) (0.074,0.259) (0.129,0.378) (0.113,0.532) (0.118,0.745) (0.153,0.979) (0.158,1.291) (0.135,1.742) (0.080,2.351)
Optimal log-likelihood: -205757.731
BETTER TREE FOUND at iteration 93: -205757.731
Iteration 93 / LogL: -205757.731 / Time: 6h:10m:32s (6h:42m:45s left)
Best tree printed to all_PBP-like_tree.treefile
Optimizing NNI: done in 190.895 secs using 587.3% CPU
Iteration 94 / LogL: -205774.850 / Time: 6h:13m:44s (6h:37m:51s left)
Optimizing NNI: done in 152.371 secs using 580% CPU
Iteration 95 / LogL: -205871.086 / Time: 6h:16m:17s (6h:32m:18s left)
Optimizing NNI: done in 187.653 secs using 593.3% CPU
Estimate model parameters (epsilon = 0.100)
1. Initial log-likelihood: -205750.459 (took 0.000 wall-clock sec)
Optimizing +R10 model parameters by 2-BFGS,EM algorithm...
Site proportion and rates:  (0.009,0.048) (0.029,0.175) (0.073,0.259) (0.129,0.379) (0.114,0.533) (0.118,0.747) (0.150,0.976) (0.161,1.291) (0.135,1.753) (0.080,2.350)
Optimal log-likelihood: -205750.352
BETTER TREE FOUND at iteration 96: -205750.352
Iteration 96 / LogL: -205750.352 / Time: 6h:20m:2s (6h:40m:2s left)
Best tree printed to all_PBP-like_tree.treefile
Optimizing NNI: done in 257.284 secs using 586.7% CPU
Iteration 97 / LogL: -205780.774 / Time: 6h:24m:20s (6h:36m:21s left)
Optimizing NNI: done in 150.234 secs using 577.4% CPU
Iteration 98 / LogL: -205815.353 / Time: 6h:26m:51s (6h:30m:51s left)
Optimizing NNI: done in 145.169 secs using 580.8% CPU
Iteration 99 / LogL: -205769.887 / Time: 6h:29m:18s (6h:25m:19s left)
Optimizing NNI: done in 154.636 secs using 590.3% CPU
Iteration 100 / LogL: -205771.026 / Time: 6h:31m:53s (6h:20m:0s left)
Optimizing NNI: done in 191.88 secs using 571.1% CPU
Iteration 101 / LogL: -205786.052 / Time: 6h:35m:6s (6h:15m:20s left)
Optimizing NNI: done in 184.522 secs using 567% CPU
Iteration 102 / LogL: -205846.815 / Time: 6h:38m:11s (6h:10m:35s left)
Optimizing NNI: done in 158.623 secs using 594.5% CPU
Iteration 103 / LogL: -205770.142 / Time: 6h:40m:51s (6h:5m:29s left)
Optimizing NNI: done in 188.228 secs using 583.9% CPU
Iteration 104 / LogL: -205851.062 / Time: 6h:44m:0s (6h:0m:51s left)
Optimizing NNI: done in 153.127 secs using 585.8% CPU
Iteration 105 / LogL: -205787.087 / Time: 6h:46m:34s (5h:55m:45s left)
Optimizing NNI: done in 176.779 secs using 585.6% CPU
Iteration 106 / LogL: -205795.678 / Time: 6h:49m:32s (5h:51m:2s left)
Optimizing NNI: done in 200.074 secs using 591.5% CPU
Iteration 107 / LogL: -205812.191 / Time: 6h:52m:53s (5h:46m:40s left)
Optimizing NNI: done in 162.102 secs using 578.3% CPU
Iteration 108 / LogL: -205926.754 / Time: 6h:55m:36s (5h:41m:48s left)
Optimizing NNI: done in 218.758 secs using 585.3% CPU
Iteration 109 / LogL: -205755.277 / Time: 6h:59m:16s (5h:37m:45s left)
Optimizing NNI: done in 183.19 secs using 585% CPU
Iteration 110 / LogL: -205791.515 / Time: 7h:2m:20s (5h:33m:13s left)
Optimizing NNI: done in 248.531 secs using 593.9% CPU
Iteration 111 / LogL: -205819.262 / Time: 7h:6m:30s (5h:29m:34s left)
Optimizing NNI: done in 176.289 secs using 592.7% CPU
Iteration 112 / LogL: -205792.094 / Time: 7h:9m:27s (5h:24m:59s left)
Optimizing NNI: done in 156.724 secs using 591.6% CPU
Iteration 113 / LogL: -205901.061 / Time: 7h:12m:4s (5h:20m:12s left)
Optimizing NNI: done in 130.197 secs using 592.4% CPU
Iteration 114 / LogL: -206060.870 / Time: 7h:14m:16s (5h:15m:7s left)
Optimizing NNI: done in 188.152 secs using 593.1% CPU
Estimate model parameters (epsilon = 0.100)
1. Initial log-likelihood: -205748.630 (took 0.000 wall-clock sec)
Optimizing +R10 model parameters by 2-BFGS,EM algorithm...
Site proportion and rates:  (0.009,0.048) (0.029,0.175) (0.075,0.259) (0.129,0.378) (0.114,0.534) (0.114,0.743) (0.156,0.975) (0.159,1.295) (0.135,1.745) (0.082,2.325)
Optimizing +R10 model parameters by 2-BFGS,EM algorithm...
Site proportion and rates:  (0.009,0.048) (0.029,0.175) (0.074,0.260) (0.129,0.378) (0.114,0.534) (0.113,0.742) (0.156,0.975) (0.158,1.295) (0.134,1.745) (0.082,2.325)
Optimal log-likelihood: -205748.457
BETTER TREE FOUND at iteration 115: -205748.457
Iteration 115 / LogL: -205748.457 / Time: 7h:18m:20s (6h:24m:30s left)
Best tree printed to all_PBP-like_tree.treefile
Optimizing NNI: done in 164.233 secs using 575.9% CPU
Iteration 116 / LogL: -205863.131 / Time: 7h:21m:5s (6h:19m:43s left)
Optimizing NNI: done in 155.919 secs using 578.7% CPU
Iteration 117 / LogL: -205928.393 / Time: 7h:23m:42s (6h:14m:51s left)
Optimizing NNI: done in 169.007 secs using 591.5% CPU
Iteration 118 / LogL: -205778.858 / Time: 7h:26m:32s (6h:10m:12s left)
Optimizing NNI: done in 161.378 secs using 583% CPU
Iteration 119 / LogL: -205868.570 / Time: 7h:29m:14s (6h:5m:29s left)
Optimizing NNI: done in 169.316 secs using 581.6% CPU
Iteration 120 / LogL: -205791.988 / Time: 7h:32m:4s (6h:0m:54s left)
Optimizing NNI: done in 182.59 secs using 587.7% CPU
Iteration 121 / LogL: -205785.954 / Time: 7h:35m:8s (5h:56m:31s left)
Optimizing NNI: done in 160.413 secs using 591.2% CPU
Iteration 122 / LogL: -205807.777 / Time: 7h:37m:49s (5h:51m:53s left)
Optimizing NNI: done in 176.875 secs using 574.4% CPU
Iteration 123 / LogL: -205871.941 / Time: 7h:40m:47s (5h:47m:28s left)
Optimizing NNI: done in 225.273 secs using 588.1% CPU
Iteration 124 / LogL: -205810.022 / Time: 7h:44m:33s (5h:43m:42s left)
Optimizing NNI: done in 161.16 secs using 590.6% CPU
Iteration 125 / LogL: -205834.949 / Time: 7h:47m:15s (5h:39m:8s left)
Optimizing NNI: done in 163.297 secs using 579.3% CPU
Iteration 126 / LogL: -205920.201 / Time: 7h:50m:0s (5h:34m:38s left)
Optimizing NNI: done in 153.402 secs using 583.9% CPU
Iteration 127 / LogL: -205782.788 / Time: 7h:52m:34s (5h:30m:2s left)
Optimizing NNI: done in 175.66 secs using 580.3% CPU
Iteration 128 / LogL: -205793.295 / Time: 7h:55m:31s (5h:25m:44s left)
Optimizing NNI: done in 196.333 secs using 583.6% CPU
Iteration 129 / LogL: -205798.639 / Time: 7h:58m:48s (5h:21m:41s left)
Optimizing NNI: done in 162.509 secs using 594.7% CPU
Iteration 130 / LogL: -205767.982 / Time: 8h:1m:32s (5h:17m:17s left)
Optimizing NNI: done in 153.632 secs using 592.9% CPU
Iteration 131 / LogL: -205903.714 / Time: 8h:4m:6s (5h:12m:48s left)
Optimizing NNI: done in 178.032 secs using 585.1% CPU
Iteration 132 / LogL: -205753.439 / Time: 8h:7m:5s (5h:8m:36s left)
Optimizing NNI: done in 198.418 secs using 580.6% CPU
Iteration 133 / LogL: -205762.586 / Time: 8h:10m:25s (5h:4m:39s left)
Optimizing NNI: done in 166.984 secs using 587.9% CPU
Iteration 134 / LogL: -205770.551 / Time: 8h:13m:12s (5h:0m:22s left)
Optimizing NNI: done in 192.069 secs using 584.3% CPU
Iteration 135 / LogL: -205771.271 / Time: 8h:16m:25s (4h:56m:22s left)
Optimizing NNI: done in 197.453 secs using 593.5% CPU
Iteration 136 / LogL: -205752.691 / Time: 8h:19m:43s (4h:52m:26s left)
Optimizing NNI: done in 184.429 secs using 581.5% CPU
Iteration 137 / LogL: -205831.350 / Time: 8h:22m:49s (4h:48m:23s left)
Optimizing NNI: done in 165.07 secs using 583.6% CPU
Iteration 138 / LogL: -205775.694 / Time: 8h:25m:35s (4h:44m:9s left)
Optimizing NNI: done in 173.761 secs using 579.5% CPU
Iteration 139 / LogL: -205770.611 / Time: 8h:28m:29s (4h:40m:2s left)
Optimizing NNI: done in 214.427 secs using 564.9% CPU
Iteration 140 / LogL: -205783.466 / Time: 8h:32m:5s (4h:36m:18s left)
Optimizing NNI: done in 181.552 secs using 585.5% CPU
Iteration 141 / LogL: -205821.283 / Time: 8h:35m:7s (4h:32m:16s left)
Optimizing NNI: done in 190.174 secs using 594.9% CPU
Iteration 142 / LogL: -205768.968 / Time: 8h:38m:18s (4h:28m:20s left)
Optimizing NNI: done in 189.883 secs using 568.3% CPU
Iteration 143 / LogL: -205807.527 / Time: 8h:41m:29s (4h:24m:25s left)
Optimizing NNI: done in 117.294 secs using 582.2% CPU
Iteration 144 / LogL: -206068.218 / Time: 8h:43m:27s (4h:19m:54s left)
Optimizing NNI: done in 142.803 secs using 594.6% CPU
Iteration 145 / LogL: -205769.323 / Time: 8h:45m:51s (4h:15m:37s left)
Optimizing NNI: done in 145.579 secs using 590% CPU
Iteration 146 / LogL: -205792.183 / Time: 8h:48m:17s (4h:11m:23s left)
Optimizing NNI: done in 190.006 secs using 595.8% CPU
Iteration 147 / LogL: -205751.785 / Time: 8h:51m:29s (4h:7m:32s left)
Optimizing NNI: done in 167.749 secs using 581.6% CPU
Iteration 148 / LogL: -205840.105 / Time: 8h:54m:17s (4h:3m:31s left)
Optimizing NNI: done in 182.673 secs using 583.4% CPU
Iteration 149 / LogL: -205810.266 / Time: 8h:57m:21s (3h:59m:37s left)
Optimizing NNI: done in 184.15 secs using 577.9% CPU
Iteration 150 / LogL: -205783.502 / Time: 9h:0m:26s (3h:55m:45s left)
Optimizing NNI: done in 178.148 secs using 592.2% CPU
Iteration 151 / LogL: -205766.842 / Time: 9h:3m:26s (3h:51m:51s left)
Optimizing NNI: done in 181.126 secs using 593.5% CPU
Iteration 152 / LogL: -205808.954 / Time: 9h:6m:27s (3h:47m:59s left)
Optimizing NNI: done in 142.426 secs using 587.3% CPU
Iteration 153 / LogL: -205784.828 / Time: 9h:8m:51s (3h:43m:52s left)
Optimizing NNI: done in 141.13 secs using 590.2% CPU
Iteration 154 / LogL: -205793.699 / Time: 9h:11m:13s (3h:39m:46s left)
Optimizing NNI: done in 206.534 secs using 590.2% CPU
Iteration 155 / LogL: -205798.110 / Time: 9h:14m:40s (3h:36m:6s left)
Optimizing NNI: done in 183.434 secs using 586% CPU
Iteration 156 / LogL: -205867.283 / Time: 9h:17m:44s (3h:32m:18s left)
Optimizing NNI: done in 175.923 secs using 574% CPU
Iteration 157 / LogL: -205815.116 / Time: 9h:20m:41s (3h:28m:27s left)
Optimizing NNI: done in 170.949 secs using 593.2% CPU
Iteration 158 / LogL: -205757.828 / Time: 9h:23m:33s (3h:24m:36s left)
Optimizing NNI: done in 130.158 secs using 587% CPU
Iteration 159 / LogL: -206112.093 / Time: 9h:25m:44s (3h:20m:30s left)
Optimizing NNI: done in 174.179 secs using 584.3% CPU
Iteration 160 / LogL: -205754.126 / Time: 9h:28m:39s (3h:16m:42s left)
Optimizing NNI: done in 152.72 secs using 592.9% CPU
Iteration 161 / LogL: -205774.703 / Time: 9h:31m:13s (3h:12m:47s left)
Optimizing NNI: done in 172.841 secs using 586.7% CPU
Iteration 162 / LogL: -205768.305 / Time: 9h:34m:6s (3h:8m:59s left)
Optimizing NNI: done in 150.575 secs using 584.1% CPU
Iteration 163 / LogL: -205756.281 / Time: 9h:36m:38s (3h:5m:5s left)
Optimizing NNI: done in 189.484 secs using 591.2% CPU
Iteration 164 / LogL: -205773.829 / Time: 9h:39m:48s (3h:1m:24s left)
Optimizing NNI: done in 191.191 secs using 581.1% CPU
Iteration 165 / LogL: -205823.246 / Time: 9h:43m:0s (2h:57m:44s left)
Optimizing NNI: done in 136.583 secs using 587.7% CPU
Iteration 166 / LogL: -205768.811 / Time: 9h:45m:18s (2h:53m:49s left)
Optimizing NNI: done in 181.12 secs using 583.1% CPU
Iteration 167 / LogL: -205850.196 / Time: 9h:48m:20s (2h:50m:7s left)
Optimizing NNI: done in 164.056 secs using 568.5% CPU
Iteration 168 / LogL: -205902.594 / Time: 9h:51m:5s (2h:46m:21s left)
Optimizing NNI: done in 150.941 secs using 589.7% CPU
Iteration 169 / LogL: -205773.661 / Time: 9h:53m:37s (2h:42m:32s left)
Optimizing NNI: done in 145.001 secs using 592.9% CPU
Iteration 170 / LogL: -205826.780 / Time: 9h:56m:3s (2h:38m:42s left)
Optimizing NNI: done in 164.166 secs using 585.9% CPU
Iteration 171 / LogL: -205766.623 / Time: 9h:58m:48s (2h:34m:59s left)
Optimizing NNI: done in 156.448 secs using 591.2% CPU
Iteration 172 / LogL: -205795.135 / Time: 10h:1m:25s (2h:31m:14s left)
Optimizing NNI: done in 266.15 secs using 578.7% CPU
Iteration 173 / LogL: -205819.694 / Time: 10h:5m:52s (2h:27m:56s left)
Optimizing NNI: done in 206.504 secs using 588.5% CPU
Iteration 174 / LogL: -205788.417 / Time: 10h:9m:19s (2h:24m:24s left)
Optimizing NNI: done in 179.713 secs using 583.4% CPU
Iteration 175 / LogL: -205780.922 / Time: 10h:12m:20s (2h:20m:46s left)
Optimizing NNI: done in 148.946 secs using 582.7% CPU
Iteration 176 / LogL: -205914.087 / Time: 10h:14m:50s (2h:17m:1s left)
Optimizing NNI: done in 147.544 secs using 595.4% CPU
Iteration 177 / LogL: -205825.938 / Time: 10h:17m:19s (2h:13m:17s left)
Optimizing NNI: done in 178.635 secs using 591.4% CPU
Iteration 178 / LogL: -205772.333 / Time: 10h:20m:18s (2h:9m:40s left)
Optimizing NNI: done in 188.72 secs using 590.2% CPU
Iteration 179 / LogL: -205778.484 / Time: 10h:23m:28s (2h:6m:5s left)
Optimizing NNI: done in 188.289 secs using 581.1% CPU
Iteration 180 / LogL: -205779.215 / Time: 10h:26m:38s (2h:2m:31s left)
Optimizing NNI: done in 145.802 secs using 593% CPU
Iteration 181 / LogL: -205749.301 / Time: 10h:29m:4s (1h:58m:49s left)
Optimizing NNI: done in 148.403 secs using 592.5% CPU
Iteration 182 / LogL: -205829.658 / Time: 10h:31m:34s (1h:55m:8s left)
Optimizing NNI: done in 173.809 secs using 594.2% CPU
Iteration 183 / LogL: -205816.310 / Time: 10h:34m:29s (1h:51m:33s left)
Optimizing NNI: done in 162.608 secs using 571.6% CPU
Iteration 184 / LogL: -205794.048 / Time: 10h:37m:12s (1h:47m:56s left)
Optimizing NNI: done in 140.155 secs using 598.7% CPU
Iteration 185 / LogL: -205888.692 / Time: 10h:39m:33s (1h:44m:16s left)
Optimizing NNI: done in 150.105 secs using 590.9% CPU
Estimate model parameters (epsilon = 0.100)
1. Initial log-likelihood: -205747.506 (took 0.000 wall-clock sec)
Optimizing +R10 model parameters by 2-BFGS,EM algorithm...
Site proportion and rates:  (0.009,0.048) (0.030,0.174) (0.073,0.259) (0.127,0.375) (0.118,0.531) (0.121,0.749) (0.152,0.984) (0.155,1.293) (0.136,1.753) (0.079,2.345)
Optimizing +R10 model parameters by 2-BFGS,EM algorithm...
Site proportion and rates:  (0.009,0.048) (0.030,0.174) (0.073,0.259) (0.127,0.375) (0.119,0.531) (0.122,0.751) (0.151,0.986) (0.155,1.294) (0.137,1.755) (0.078,2.348)
Optimal log-likelihood: -205747.119
BETTER TREE FOUND at iteration 186: -205747.119
Iteration 186 / LogL: -205747.119 / Time: 10h:43m:7s (5h:47m:38s left)
Best tree printed to all_PBP-like_tree.treefile
Optimizing NNI: done in 210.169 secs using 580.7% CPU
Iteration 187 / LogL: -205757.407 / Time: 10h:46m:38s (5h:44m:11s left)
Optimizing NNI: done in 178.878 secs using 565% CPU
Iteration 188 / LogL: -205873.537 / Time: 10h:49m:38s (5h:40m:27s left)
Optimizing NNI: done in 145.5 secs using 588% CPU
Iteration 189 / LogL: -205783.096 / Time: 10h:52m:5s (5h:36m:26s left)
Optimizing NNI: done in 222.927 secs using 596.1% CPU
Iteration 190 / LogL: -205766.194 / Time: 10h:55m:48s (5h:33m:6s left)
Optimizing NNI: done in 155.468 secs using 599.2% CPU
Iteration 191 / LogL: -205754.367 / Time: 10h:58m:25s (5h:29m:12s left)
Optimizing NNI: done in 157.322 secs using 593.1% CPU
Iteration 192 / LogL: -205786.620 / Time: 11h:1m:3s (5h:25m:20s left)
Optimizing NNI: done in 159.661 secs using 577.1% CPU
Iteration 193 / LogL: -205860.361 / Time: 11h:3m:44s (5h:21m:29s left)
Optimizing NNI: done in 168.076 secs using 588.7% CPU
Iteration 194 / LogL: -205758.150 / Time: 11h:6m:33s (5h:17m:44s left)
Optimizing NNI: done in 174.461 secs using 573.8% CPU
Iteration 195 / LogL: -205882.682 / Time: 11h:9m:29s (5h:14m:2s left)
Optimizing NNI: done in 155.934 secs using 576.1% CPU
Iteration 196 / LogL: -205817.390 / Time: 11h:12m:6s (5h:10m:12s left)
Optimizing NNI: done in 186.982 secs using 592.2% CPU
Iteration 197 / LogL: -205779.824 / Time: 11h:15m:14s (5h:6m:36s left)
Optimizing NNI: done in 197.298 secs using 580.2% CPU
Iteration 198 / LogL: -205771.483 / Time: 11h:18m:32s (5h:3m:6s left)
Optimizing NNI: done in 214.187 secs using 591.1% CPU
Iteration 199 / LogL: -205783.626 / Time: 11h:22m:7s (4h:59m:43s left)
Optimizing NNI: done in 160.475 secs using 593% CPU
Iteration 200 / LogL: -205764.687 / Time: 11h:24m:49s (4h:55m:57s left)
Optimizing NNI: done in 184.212 secs using 588.5% CPU
Iteration 201 / LogL: -205789.767 / Time: 11h:27m:54s (4h:52m:21s left)
Optimizing NNI: done in 184.536 secs using 594.7% CPU
Iteration 202 / LogL: -205844.474 / Time: 11h:30m:59s (4h:48m:46s left)
Optimizing NNI: done in 179.589 secs using 580.8% CPU
Iteration 203 / LogL: -205764.999 / Time: 11h:34m:0s (4h:45m:9s left)
Optimizing NNI: done in 171.067 secs using 580% CPU
Iteration 204 / LogL: -205807.428 / Time: 11h:36m:52s (4h:41m:29s left)
Optimizing NNI: done in 194.852 secs using 559.9% CPU
Iteration 205 / LogL: -205865.027 / Time: 11h:40m:7s (4h:37m:59s left)
Optimizing NNI: done in 153.255 secs using 563% CPU
Iteration 206 / LogL: -205767.948 / Time: 11h:42m:41s (4h:34m:13s left)
Optimizing NNI: done in 134.183 secs using 589.8% CPU
Iteration 207 / LogL: -205789.844 / Time: 11h:44m:56s (4h:30m:20s left)
Optimizing NNI: done in 129.954 secs using 594.8% CPU
Estimate model parameters (epsilon = 0.100)
1. Initial log-likelihood: -205743.205 (took 0.000 wall-clock sec)
Optimizing +R10 model parameters by 2-BFGS,EM algorithm...
Site proportion and rates:  (0.009,0.048) (0.030,0.174) (0.074,0.259) (0.127,0.376) (0.117,0.533) (0.124,0.753) (0.152,0.992) (0.152,1.296) (0.139,1.755) (0.078,2.355)
Optimal log-likelihood: -205743.121
BETTER TREE FOUND at iteration 208: -205743.121
Iteration 208 / LogL: -205743.121 / Time: 11h:47m:39s (5h:41m:51s left)
Best tree printed to all_PBP-like_tree.treefile
Optimizing NNI: done in 162.285 secs using 578.9% CPU
Iteration 209 / LogL: -205856.588 / Time: 11h:50m:22s (5h:38m:6s left)
Optimizing NNI: done in 143.564 secs using 589.2% CPU
Iteration 210 / LogL: -205777.667 / Time: 11h:52m:46s (5h:34m:13s left)
Optimizing NNI: done in 151.957 secs using 584.6% CPU
Iteration 211 / LogL: -205824.626 / Time: 11h:55m:19s (5h:30m:24s left)
Optimizing NNI: done in 132.362 secs using 592.3% CPU
Iteration 212 / LogL: -205870.735 / Time: 11h:57m:32s (5h:26m:27s left)
Optimizing NNI: done in 121.774 secs using 592.1% CPU
Iteration 213 / LogL: -205837.917 / Time: 11h:59m:35s (5h:22m:27s left)
Optimizing NNI: done in 155.964 secs using 581.3% CPU
Iteration 214 / LogL: -205771.991 / Time: 12h:2m:11s (5h:18m:43s left)
Optimizing NNI: done in 155.694 secs using 583.3% CPU
Iteration 215 / LogL: -205863.017 / Time: 12h:4m:48s (5h:14m:59s left)
Optimizing NNI: done in 146.005 secs using 591.4% CPU
Iteration 216 / LogL: -205769.942 / Time: 12h:7m:15s (5h:11m:11s left)
Optimizing NNI: done in 152.951 secs using 592% CPU
Iteration 217 / LogL: -205863.121 / Time: 12h:9m:48s (5h:7m:28s left)
Optimizing NNI: done in 148.265 secs using 587.6% CPU
Estimate model parameters (epsilon = 0.100)
1. Initial log-likelihood: -205740.767 (took 0.000 wall-clock sec)
Optimizing +R10 model parameters by 2-BFGS,EM algorithm...
Site proportion and rates:  (0.009,0.048) (0.030,0.174) (0.073,0.259) (0.131,0.379) (0.114,0.535) (0.117,0.748) (0.154,0.980) (0.157,1.300) (0.136,1.754) (0.078,2.347)
Optimizing +R10 model parameters by 2-BFGS,EM algorithm...
Site proportion and rates:  (0.009,0.048) (0.030,0.174) (0.073,0.259) (0.131,0.379) (0.114,0.535) (0.116,0.747) (0.155,0.980) (0.158,1.300) (0.136,1.757) (0.078,2.347)
Optimal log-likelihood: -205740.370
BETTER TREE FOUND at iteration 218: -205740.370
Iteration 218 / LogL: -205740.370 / Time: 12h:13m:5s (5h:37m:49s left)
Best tree printed to all_PBP-like_tree.treefile
Optimizing NNI: done in 134.154 secs using 582.6% CPU
Iteration 219 / LogL: -205813.456 / Time: 12h:15m:20s (5h:33m:56s left)
Optimizing NNI: done in 131.617 secs using 592.1% CPU
Iteration 220 / LogL: -205762.156 / Time: 12h:17m:32s (5h:30m:2s left)
Optimizing NNI: done in 140.328 secs using 587.2% CPU
Iteration 221 / LogL: -205762.172 / Time: 12h:19m:53s (5h:26m:13s left)
Optimizing NNI: done in 106.14 secs using 592.8% CPU
Iteration 222 / LogL: -206031.013 / Time: 12h:21m:40s (5h:22m:10s left)
Optimizing NNI: done in 142.248 secs using 597.1% CPU
Iteration 223 / LogL: -205816.135 / Time: 12h:24m:3s (5h:18m:24s left)
Optimizing NNI: done in 144.165 secs using 588.5% CPU
Iteration 224 / LogL: -205744.890 / Time: 12h:26m:28s (5h:14m:39s left)
Optimizing NNI: done in 123.51 secs using 583% CPU
Iteration 225 / LogL: -205883.635 / Time: 12h:28m:33s (5h:10m:47s left)
Optimizing NNI: done in 175.408 secs using 582.9% CPU
Iteration 226 / LogL: -205754.022 / Time: 12h:31m:29s (5h:7m:16s left)
Optimizing NNI: done in 149.433 secs using 587.9% CPU
Iteration 227 / LogL: -205788.151 / Time: 12h:33m:59s (5h:3m:36s left)
Optimizing NNI: done in 142.008 secs using 592.1% CPU
Iteration 228 / LogL: -205823.269 / Time: 12h:36m:22s (4h:59m:53s left)
Optimizing NNI: done in 187.354 secs using 585.4% CPU
Estimate model parameters (epsilon = 0.100)
1. Initial log-likelihood: -205726.712 (took 0.000 wall-clock sec)
Optimizing +R10 model parameters by 2-BFGS,EM algorithm...
Site proportion and rates:  (0.009,0.048) (0.030,0.174) (0.073,0.258) (0.129,0.377) (0.115,0.535) (0.124,0.754) (0.151,0.991) (0.150,1.296) (0.138,1.753) (0.080,2.345)
Optimizing +R10 model parameters by 2-BFGS,EM algorithm...
Site proportion and rates:  (0.009,0.048) (0.030,0.174) (0.073,0.258) (0.129,0.377) (0.116,0.535) (0.126,0.755) (0.151,0.994) (0.149,1.298) (0.138,1.753) (0.080,2.345)
Optimal log-likelihood: -205726.342
BETTER TREE FOUND at iteration 229: -205726.342
Iteration 229 / LogL: -205726.342 / Time: 12h:40m:25s (5h:33m:31s left)
Best tree printed to all_PBP-like_tree.treefile
Optimizing NNI: done in 148.644 secs using 586.7% CPU
Iteration 230 / LogL: -205845.116 / Time: 12h:42m:55s (5h:29m:49s left)
Optimizing NNI: done in 135.081 secs using 590.7% CPU
Iteration 231 / LogL: -205771.230 / Time: 12h:45m:10s (5h:26m:2s left)
Optimizing NNI: done in 172.62 secs using 592% CPU
Iteration 232 / LogL: -205823.153 / Time: 12h:48m:4s (5h:22m:31s left)
Optimizing NNI: done in 144.248 secs using 583.5% CPU
Iteration 233 / LogL: -205759.223 / Time: 12h:50m:29s (5h:18m:49s left)
Optimizing NNI: done in 142.607 secs using 593.3% CPU
Iteration 234 / LogL: -205790.515 / Time: 12h:52m:52s (5h:15m:7s left)
Optimizing NNI: done in 133.257 secs using 593% CPU
Iteration 235 / LogL: -205798.088 / Time: 12h:55m:6s (5h:11m:22s left)
Optimizing NNI: done in 151.556 secs using 587.5% CPU
Iteration 236 / LogL: -205787.441 / Time: 12h:57m:38s (5h:7m:44s left)
Optimizing NNI: done in 136.716 secs using 585.9% CPU
Iteration 237 / LogL: -205828.599 / Time: 12h:59m:56s (5h:4m:2s left)
Optimizing NNI: done in 140.527 secs using 590.7% CPU
Iteration 238 / LogL: -205889.265 / Time: 13h:2m:17s (5h:0m:22s left)
Optimizing NNI: done in 158.11 secs using 585.8% CPU
Iteration 239 / LogL: -205770.857 / Time: 13h:4m:56s (4h:56m:49s left)
Optimizing NNI: done in 150.117 secs using 588.4% CPU
Iteration 240 / LogL: -205816.258 / Time: 13h:7m:27s (4h:53m:14s left)
Optimizing NNI: done in 112.3 secs using 589.6% CPU
Iteration 241 / LogL: -205758.822 / Time: 13h:9m:20s (4h:49m:25s left)
Optimizing NNI: done in 131.203 secs using 596.2% CPU
Iteration 242 / LogL: -205840.091 / Time: 13h:11m:32s (4h:45m:44s left)
Optimizing NNI: done in 155.465 secs using 580.2% CPU
Iteration 243 / LogL: -205953.365 / Time: 13h:14m:8s (4h:42m:12s left)
Optimizing NNI: done in 140.588 secs using 581.4% CPU
Iteration 244 / LogL: -205728.261 / Time: 13h:16m:29s (4h:38m:36s left)
Optimizing NNI: done in 223.523 secs using 580.4% CPU
Iteration 245 / LogL: -205737.499 / Time: 13h:20m:13s (4h:35m:29s left)
Optimizing NNI: done in 170.725 secs using 584.6% CPU
Iteration 246 / LogL: -205784.504 / Time: 13h:23m:5s (4h:32m:4s left)
Optimizing NNI: done in 156.891 secs using 573.9% CPU
Iteration 247 / LogL: -205758.855 / Time: 13h:25m:43s (4h:28m:34s left)
Optimizing NNI: done in 131.02 secs using 583.9% CPU
Iteration 248 / LogL: -205738.573 / Time: 13h:27m:55s (4h:24m:56s left)
Optimizing NNI: done in 178.293 secs using 585.6% CPU
Iteration 249 / LogL: -205772.125 / Time: 13h:30m:53s (4h:21m:34s left)
Optimizing NNI: done in 173.618 secs using 582.7% CPU
Iteration 250 / LogL: -205744.564 / Time: 13h:33m:48s (4h:18m:11s left)
Optimizing NNI: done in 131.172 secs using 589.8% CPU
Iteration 251 / LogL: -205747.772 / Time: 13h:36m:0s (4h:14m:35s left)
Optimizing NNI: done in 194.341 secs using 586.7% CPU
Iteration 252 / LogL: -205840.130 / Time: 13h:39m:15s (4h:11m:19s left)
Optimizing NNI: done in 139.68 secs using 581.3% CPU
Iteration 253 / LogL: -205849.479 / Time: 13h:41m:36s (4h:7m:47s left)
Optimizing NNI: done in 140.716 secs using 586.1% CPU
Iteration 254 / LogL: -205806.475 / Time: 13h:43m:57s (4h:4m:15s left)
Optimizing NNI: done in 140.744 secs using 587% CPU
Iteration 255 / LogL: -205774.973 / Time: 13h:46m:19s (4h:0m:44s left)
Optimizing NNI: done in 131.577 secs using 591.5% CPU
Iteration 256 / LogL: -205802.578 / Time: 13h:48m:32s (3h:57m:11s left)
Optimizing NNI: done in 124.809 secs using 596.9% CPU
Iteration 257 / LogL: -205746.252 / Time: 13h:50m:37s (3h:53m:36s left)
Optimizing NNI: done in 148.795 secs using 590% CPU
Iteration 258 / LogL: -205747.659 / Time: 13h:53m:7s (3h:50m:9s left)
Optimizing NNI: done in 125.136 secs using 586.6% CPU
Iteration 259 / LogL: -205761.267 / Time: 13h:55m:13s (3h:46m:36s left)
Optimizing NNI: done in 117.178 secs using 586.8% CPU
Iteration 260 / LogL: -206032.205 / Time: 13h:57m:11s (3h:43m:2s left)
Optimizing NNI: done in 165.435 secs using 588.6% CPU
Iteration 261 / LogL: -205881.419 / Time: 13h:59m:57s (3h:39m:40s left)
Optimizing NNI: done in 152.791 secs using 586.3% CPU
Iteration 262 / LogL: -205746.286 / Time: 14h:2m:31s (3h:36m:16s left)
Optimizing NNI: done in 149.241 secs using 594% CPU
Iteration 263 / LogL: -205801.358 / Time: 14h:5m:1s (3h:32m:52s left)
Optimizing NNI: done in 148.927 secs using 589.3% CPU
Iteration 264 / LogL: -205771.081 / Time: 14h:7m:31s (3h:29m:27s left)
Optimizing NNI: done in 137.378 secs using 592.9% CPU
Iteration 265 / LogL: -205767.974 / Time: 14h:9m:49s (3h:26m:1s left)
Optimizing NNI: done in 172.767 secs using 593.4% CPU
Iteration 266 / LogL: -205788.556 / Time: 14h:12m:43s (3h:22m:43s left)
Optimizing NNI: done in 128.878 secs using 597.2% CPU
Iteration 267 / LogL: -205776.984 / Time: 14h:14m:52s (3h:19m:15s left)
Optimizing NNI: done in 136.911 secs using 586.4% CPU
Iteration 268 / LogL: -205852.432 / Time: 14h:17m:10s (3h:15m:50s left)
Optimizing NNI: done in 139.748 secs using 580.4% CPU
Iteration 269 / LogL: -205750.188 / Time: 14h:19m:31s (3h:12m:25s left)
Optimizing NNI: done in 144.354 secs using 582.1% CPU
Iteration 270 / LogL: -205745.362 / Time: 14h:21m:56s (3h:9m:2s left)
Optimizing NNI: done in 109.407 secs using 593% CPU
Iteration 271 / LogL: -206007.411 / Time: 14h:23m:46s (3h:5m:33s left)
Optimizing NNI: done in 124.673 secs using 594.6% CPU
Iteration 272 / LogL: -205766.991 / Time: 14h:25m:51s (3h:2m:7s left)
Optimizing NNI: done in 116.556 secs using 597.2% CPU
Iteration 273 / LogL: -205801.811 / Time: 14h:27m:49s (2h:58m:40s left)
Optimizing NNI: done in 124.289 secs using 595.4% CPU
Iteration 274 / LogL: -205755.489 / Time: 14h:29m:54s (2h:55m:15s left)
Optimizing NNI: done in 120.362 secs using 582.5% CPU
Iteration 275 / LogL: -205730.972 / Time: 14h:31m:55s (2h:51m:50s left)
Optimizing NNI: done in 142.816 secs using 589.7% CPU
Iteration 276 / LogL: -205768.095 / Time: 14h:34m:19s (2h:48m:30s left)
Optimizing NNI: done in 139.082 secs using 576% CPU
Estimate model parameters (epsilon = 0.100)
1. Initial log-likelihood: -205723.129 (took 0.000 wall-clock sec)
Optimizing +R10 model parameters by 2-BFGS,EM algorithm...
Site proportion and rates:  (0.009,0.048) (0.029,0.173) (0.073,0.257) (0.128,0.375) (0.116,0.533) (0.125,0.753) (0.151,0.992) (0.152,1.299) (0.135,1.752) (0.081,2.341)
Optimal log-likelihood: -205723.067
BETTER TREE FOUND at iteration 277: -205723.067
Iteration 277 / LogL: -205723.067 / Time: 14h:37m:6s (5h:17m:47s left)
Best tree printed to all_PBP-like_tree.treefile
Optimizing NNI: done in 125.08 secs using 589% CPU
Iteration 278 / LogL: -205763.411 / Time: 14h:39m:12s (5h:14m:13s left)
Optimizing NNI: done in 137.354 secs using 581.9% CPU
Iteration 279 / LogL: -205826.205 / Time: 14h:41m:30s (5h:10m:44s left)
Optimizing NNI: done in 161.7 secs using 574.9% CPU
Iteration 280 / LogL: -205744.996 / Time: 14h:44m:12s (5h:7m:24s left)
Optimizing NNI: done in 126.014 secs using 584.3% CPU
Iteration 281 / LogL: -205767.008 / Time: 14h:46m:19s (5h:3m:52s left)
Optimizing NNI: done in 138.939 secs using 586.8% CPU
Iteration 282 / LogL: -205730.073 / Time: 14h:48m:39s (5h:0m:26s left)
Optimizing NNI: done in 123.938 secs using 588.7% CPU
Iteration 283 / LogL: -205754.474 / Time: 14h:50m:43s (4h:56m:54s left)
Optimizing NNI: done in 144.772 secs using 593.3% CPU
Iteration 284 / LogL: -205770.304 / Time: 14h:53m:9s (4h:53m:30s left)
Optimizing NNI: done in 129.304 secs using 587.6% CPU
Iteration 285 / LogL: -205741.026 / Time: 14h:55m:19s (4h:50m:2s left)
Optimizing NNI: done in 146.447 secs using 595.7% CPU
Iteration 286 / LogL: -205862.145 / Time: 14h:57m:46s (4h:46m:39s left)
Optimizing NNI: done in 135.621 secs using 583.6% CPU
Iteration 287 / LogL: -205757.914 / Time: 15h:0m:3s (4h:43m:14s left)
Optimizing NNI: done in 138.255 secs using 588.6% CPU
Iteration 288 / LogL: -205768.510 / Time: 15h:2m:22s (4h:39m:49s left)
Optimizing NNI: done in 118.858 secs using 591.8% CPU
Iteration 289 / LogL: -205738.583 / Time: 15h:4m:22s (4h:36m:20s left)
Optimizing NNI: done in 210.273 secs using 586.6% CPU
Iteration 290 / LogL: -205774.646 / Time: 15h:7m:53s (4h:33m:18s left)
Optimizing NNI: done in 124.042 secs using 588.5% CPU
Iteration 291 / LogL: -205734.289 / Time: 15h:9m:58s (4h:29m:51s left)
Optimizing NNI: done in 123.645 secs using 590.6% CPU
Iteration 292 / LogL: -205789.327 / Time: 15h:12m:2s (4h:26m:24s left)
Optimizing NNI: done in 146.08 secs using 584.9% CPU
Iteration 293 / LogL: -205739.715 / Time: 15h:14m:29s (4h:23m:4s left)
Optimizing NNI: done in 128.662 secs using 587.8% CPU
Iteration 294 / LogL: -205754.645 / Time: 15h:16m:38s (4h:19m:39s left)
Optimizing NNI: done in 176.574 secs using 591.7% CPU
Iteration 295 / LogL: -205811.634 / Time: 15h:19m:35s (4h:16m:29s left)
Optimizing NNI: done in 120.817 secs using 596.2% CPU
Iteration 296 / LogL: -205845.214 / Time: 15h:21m:37s (4h:13m:3s left)
Optimizing NNI: done in 135.333 secs using 579.3% CPU
Iteration 297 / LogL: -205733.213 / Time: 15h:23m:53s (4h:9m:42s left)
Optimizing NNI: done in 98.9537 secs using 587.1% CPU
Iteration 298 / LogL: -205956.309 / Time: 15h:25m:33s (4h:6m:11s left)
Optimizing NNI: done in 135.581 secs using 591.6% CPU
Iteration 299 / LogL: -205758.654 / Time: 15h:27m:49s (4h:2m:51s left)
Optimizing NNI: done in 208.004 secs using 583.7% CPU
Iteration 300 / LogL: -205794.149 / Time: 15h:31m:18s (3h:59m:50s left)
Optimizing NNI: done in 133.067 secs using 589.4% CPU
Iteration 301 / LogL: -205863.510 / Time: 15h:33m:33s (3h:56m:29s left)
Optimizing NNI: done in 140.289 secs using 587% CPU
Iteration 302 / LogL: -205762.266 / Time: 15h:35m:54s (3h:53m:11s left)
Optimizing NNI: done in 155.285 secs using 587.3% CPU
Iteration 303 / LogL: -205738.477 / Time: 15h:38m:30s (3h:49m:57s left)
Optimizing NNI: done in 121.209 secs using 594.8% CPU
Iteration 304 / LogL: -205745.657 / Time: 15h:40m:32s (3h:46m:36s left)
Optimizing NNI: done in 164.148 secs using 592.7% CPU
Iteration 305 / LogL: -205736.318 / Time: 15h:43m:17s (3h:43m:24s left)
Optimizing NNI: done in 128.647 secs using 593.9% CPU
Iteration 306 / LogL: -205749.863 / Time: 15h:45m:27s (3h:40m:5s left)
Optimizing NNI: done in 172.33 secs using 581.8% CPU
Iteration 307 / LogL: -205761.739 / Time: 15h:48m:20s (3h:36m:56s left)
Optimizing NNI: done in 200.3 secs using 594.4% CPU
Iteration 308 / LogL: -205795.193 / Time: 15h:51m:41s (3h:33m:53s left)
Optimizing NNI: done in 120.255 secs using 585.5% CPU
Iteration 309 / LogL: -206153.211 / Time: 15h:53m:42s (3h:30m:33s left)
Optimizing NNI: done in 136.537 secs using 590.2% CPU
Iteration 310 / LogL: -205809.136 / Time: 15h:56m:0s (3h:27m:17s left)
Optimizing NNI: done in 141.563 secs using 595.1% CPU
Iteration 311 / LogL: -205724.807 / Time: 15h:58m:22s (3h:24m:2s left)
Optimizing NNI: done in 105.486 secs using 595.9% CPU
Iteration 312 / LogL: -205759.195 / Time: 16h:0m:9s (3h:20m:40s left)
Optimizing NNI: done in 136.155 secs using 591.5% CPU
Iteration 313 / LogL: -205737.324 / Time: 16h:2m:26s (3h:17m:25s left)
Optimizing NNI: done in 136.552 secs using 591.1% CPU
Iteration 314 / LogL: -205773.443 / Time: 16h:4m:43s (3h:14m:10s left)
Optimizing NNI: done in 125.671 secs using 578.3% CPU
Iteration 315 / LogL: -205729.058 / Time: 16h:6m:49s (3h:10m:54s left)
Optimizing NNI: done in 160.328 secs using 590.9% CPU
Iteration 316 / LogL: -205767.866 / Time: 16h:9m:30s (3h:7m:44s left)
Optimizing NNI: done in 144.916 secs using 584.7% CPU
Iteration 317 / LogL: -205779.093 / Time: 16h:11m:56s (3h:4m:32s left)
Optimizing NNI: done in 159.062 secs using 584.9% CPU
Iteration 318 / LogL: -205745.092 / Time: 16h:14m:36s (3h:1m:23s left)
Optimizing NNI: done in 162.708 secs using 587.6% CPU
Iteration 319 / LogL: -205838.007 / Time: 16h:17m:19s (2h:58m:15s left)
Optimizing NNI: done in 136.938 secs using 592.1% CPU
Iteration 320 / LogL: -205750.998 / Time: 16h:19m:37s (2h:55m:2s left)
Optimizing NNI: done in 133.091 secs using 582.5% CPU
Iteration 321 / LogL: -205723.907 / Time: 16h:21m:51s (2h:51m:49s left)
Optimizing NNI: done in 119.512 secs using 595.9% CPU
Iteration 322 / LogL: -205782.667 / Time: 16h:23m:51s (2h:48m:34s left)
Optimizing NNI: done in 166.225 secs using 584.7% CPU
Iteration 323 / LogL: -205738.945 / Time: 16h:26m:39s (2h:45m:27s left)
Optimizing NNI: done in 130.843 secs using 581.5% CPU
Iteration 324 / LogL: -205856.503 / Time: 16h:28m:50s (2h:42m:15s left)
Optimizing NNI: done in 147.203 secs using 587% CPU
Iteration 325 / LogL: -205769.147 / Time: 16h:31m:18s (2h:39m:5s left)
Optimizing NNI: done in 124.356 secs using 583.1% CPU
Iteration 326 / LogL: -205905.206 / Time: 16h:33m:23s (2h:35m:53s left)
Optimizing NNI: done in 130.921 secs using 586.8% CPU
Iteration 327 / LogL: -205808.316 / Time: 16h:35m:35s (2h:32m:41s left)
Optimizing NNI: done in 130.912 secs using 581.4% CPU
Iteration 328 / LogL: -205754.309 / Time: 16h:37m:46s (2h:29m:30s left)
Optimizing NNI: done in 114.354 secs using 598.2% CPU
Iteration 329 / LogL: -205747.952 / Time: 16h:39m:41s (2h:26m:17s left)
Optimizing NNI: done in 165.302 secs using 593.6% CPU
Iteration 330 / LogL: -205809.070 / Time: 16h:42m:28s (2h:23m:12s left)
Optimizing NNI: done in 161.711 secs using 577.2% CPU
Iteration 331 / LogL: -205739.654 / Time: 16h:45m:10s (2h:20m:6s left)
Optimizing NNI: done in 127.323 secs using 584.8% CPU
Iteration 332 / LogL: -205821.539 / Time: 16h:47m:18s (2h:16m:56s left)
Optimizing NNI: done in 157.22 secs using 585% CPU
Iteration 333 / LogL: -205730.568 / Time: 16h:49m:56s (2h:13m:50s left)
Optimizing NNI: done in 179.614 secs using 592.2% CPU
Iteration 334 / LogL: -205744.936 / Time: 16h:52m:57s (2h:10m:48s left)
Optimizing NNI: done in 138.992 secs using 592.3% CPU
Iteration 335 / LogL: -205790.649 / Time: 16h:55m:17s (2h:7m:40s left)
Optimizing NNI: done in 118.491 secs using 591.4% CPU
Iteration 336 / LogL: -205912.100 / Time: 16h:57m:16s (2h:4m:30s left)
Optimizing NNI: done in 197.485 secs using 586.4% CPU
Iteration 337 / LogL: -205731.313 / Time: 17h:0m:34s (2h:1m:29s left)
Optimizing NNI: done in 124.109 secs using 590.5% CPU
Iteration 338 / LogL: -205752.380 / Time: 17h:2m:39s (1h:58m:20s left)
Optimizing NNI: done in 125.326 secs using 585.4% CPU
Iteration 339 / LogL: -205763.529 / Time: 17h:4m:45s (1h:55m:12s left)
Optimizing NNI: done in 137.932 secs using 590.1% CPU
Iteration 340 / LogL: -205763.224 / Time: 17h:7m:4s (1h:52m:5s left)
Optimizing NNI: done in 135.518 secs using 591.5% CPU
Iteration 341 / LogL: -205755.404 / Time: 17h:9m:20s (1h:48m:59s left)
Optimizing NNI: done in 148.824 secs using 588.8% CPU
Iteration 342 / LogL: -205870.422 / Time: 17h:11m:50s (1h:45m:54s left)
Optimizing NNI: done in 143.304 secs using 585.9% CPU
Iteration 343 / LogL: -205774.912 / Time: 17h:14m:14s (1h:42m:49s left)
Optimizing NNI: done in 142.702 secs using 590.4% CPU
Iteration 344 / LogL: -205827.585 / Time: 17h:16m:37s (1h:39m:44s left)
Optimizing NNI: done in 136.671 secs using 593.6% CPU
Iteration 345 / LogL: -205759.329 / Time: 17h:18m:55s (1h:36m:38s left)
Optimizing NNI: done in 140.78 secs using 586% CPU
Iteration 346 / LogL: -205739.799 / Time: 17h:21m:16s (1h:33m:33s left)
Optimizing NNI: done in 125.543 secs using 595.4% CPU
Iteration 347 / LogL: -205735.902 / Time: 17h:23m:23s (1h:30m:28s left)
Optimizing NNI: done in 175.897 secs using 591.3% CPU
Iteration 348 / LogL: -205816.235 / Time: 17h:26m:19s (1h:27m:26s left)
Optimizing NNI: done in 168.306 secs using 585.6% CPU
Iteration 349 / LogL: -205735.980 / Time: 17h:29m:8s (1h:24m:24s left)
Optimizing NNI: done in 125.569 secs using 589.4% CPU
Iteration 350 / LogL: -205797.472 / Time: 17h:31m:15s (1h:21m:19s left)
Optimizing NNI: done in 131.901 secs using 590.6% CPU
Iteration 351 / LogL: -205754.395 / Time: 17h:33m:28s (1h:18m:15s left)
Optimizing NNI: done in 123.372 secs using 586% CPU
Iteration 352 / LogL: -205794.661 / Time: 17h:35m:32s (1h:15m:10s left)
Optimizing NNI: done in 149.438 secs using 580.5% CPU
Iteration 353 / LogL: -205734.841 / Time: 17h:38m:2s (1h:12m:8s left)
Optimizing NNI: done in 114.853 secs using 588.9% CPU
Iteration 354 / LogL: -205764.199 / Time: 17h:39m:58s (1h:9m:3s left)
Optimizing NNI: done in 168.008 secs using 587.2% CPU
Iteration 355 / LogL: -205737.975 / Time: 17h:42m:46s (1h:6m:2s left)
Optimizing NNI: done in 148.36 secs using 589.7% CPU
Iteration 356 / LogL: -205891.906 / Time: 17h:45m:15s (1h:3m:0s left)
Optimizing NNI: done in 132.805 secs using 589.9% CPU
Iteration 357 / LogL: -205833.979 / Time: 17h:47m:29s (0h:59m:58s left)
Optimizing NNI: done in 134.174 secs using 590.8% CPU
Iteration 358 / LogL: -205762.179 / Time: 17h:49m:44s (0h:56m:55s left)
Optimizing NNI: done in 158.259 secs using 581.8% CPU
Iteration 359 / LogL: -205741.714 / Time: 17h:52m:23s (0h:53m:55s left)
Optimizing NNI: done in 145.206 secs using 593.3% CPU
Iteration 360 / LogL: -205753.596 / Time: 17h:54m:49s (0h:50m:53s left)
Optimizing NNI: done in 138.567 secs using 592.8% CPU
Iteration 361 / LogL: -205740.970 / Time: 17h:57m:8s (0h:47m:52s left)
Optimizing NNI: done in 190.724 secs using 585% CPU
Iteration 362 / LogL: -205735.463 / Time: 18h:0m:20s (0h:44m:53s left)
Optimizing NNI: done in 124.131 secs using 595.5% CPU
Iteration 363 / LogL: -205731.844 / Time: 18h:2m:25s (0h:41m:51s left)
Optimizing NNI: done in 98.796 secs using 598% CPU
Iteration 364 / LogL: -205748.896 / Time: 18h:4m:5s (0h:38m:49s left)
Optimizing NNI: done in 130.948 secs using 589.8% CPU
Iteration 365 / LogL: -205812.548 / Time: 18h:6m:17s (0h:35m:48s left)
Optimizing NNI: done in 158.547 secs using 583.4% CPU
Iteration 366 / LogL: -205770.387 / Time: 18h:8m:56s (0h:32m:49s left)
Optimizing NNI: done in 131.969 secs using 595.6% CPU
Iteration 367 / LogL: -205758.955 / Time: 18h:11m:9s (0h:29m:48s left)
Optimizing NNI: done in 124.219 secs using 593.6% CPU
Iteration 368 / LogL: -205785.259 / Time: 18h:13m:14s (0h:26m:48s left)
Optimizing NNI: done in 140.534 secs using 588.2% CPU
Iteration 369 / LogL: -205755.724 / Time: 18h:15m:35s (0h:23m:49s left)
Optimizing NNI: done in 135.944 secs using 584.2% CPU
Iteration 370 / LogL: -205864.607 / Time: 18h:17m:52s (0h:20m:49s left)
Optimizing NNI: done in 127.25 secs using 594.7% CPU
Iteration 371 / LogL: -205773.398 / Time: 18h:20m:0s (0h:17m:50s left)
Optimizing NNI: done in 131.025 secs using 589.4% CPU
Iteration 372 / LogL: -205735.337 / Time: 18h:22m:11s (0h:14m:51s left)
Optimizing NNI: done in 118.666 secs using 591.3% CPU
Iteration 373 / LogL: -205836.195 / Time: 18h:24m:11s (0h:11m:52s left)
Optimizing NNI: done in 129.98 secs using 586.1% CPU
Iteration 374 / LogL: -205765.440 / Time: 18h:26m:21s (0h:8m:53s left)
Optimizing NNI: done in 135.805 secs using 594.4% CPU
Iteration 375 / LogL: -205760.612 / Time: 18h:28m:38s (0h:5m:55s left)
Optimizing NNI: done in 128.42 secs using 587.4% CPU
Iteration 376 / LogL: -205781.199 / Time: 18h:30m:47s (0h:2m:57s left)
Optimizing NNI: done in 120.299 secs using 591.5% CPU
Iteration 377 / LogL: -205760.070 / Time: 18h:32m:48s (0h:0m:0s left)
Optimizing NNI: done in 121.628 secs using 593.1% CPU
Iteration 378 / LogL: -205745.018 / Time: 18h:34m:51s (0h:-2m:-58s left)
Refining ufboot trees with NNI 1 branch...
WARNING: Normalizing state frequencies so that sum of them equals to 1
Optimizing NNI: done in 24.2805 secs using 587.4% CPU
UFBoot tree 1: -198115.641 -> -197221.228
WARNING: Normalizing state frequencies so that sum of them equals to 1
Optimizing NNI: done in 26.5233 secs using 577.7% CPU
UFBoot tree 2: -208032.484 -> -207083.732
WARNING: Normalizing state frequencies so that sum of them equals to 1
Optimizing NNI: done in 18.3631 secs using 584.1% CPU
UFBoot tree 3: -216400.594 -> -215257.149
WARNING: Normalizing state frequencies so that sum of them equals to 1
Optimizing NNI: done in 21.386 secs using 589.3% CPU
UFBoot tree 4: -208470.000 -> -207410.769
WARNING: Normalizing state frequencies so that sum of them equals to 1
Optimizing NNI: done in 28.5652 secs using 589.7% CPU
UFBoot tree 5: -199226.156 -> -198023.849
WARNING: Normalizing state frequencies so that sum of them equals to 1
Optimizing NNI: done in 23.8367 secs using 598.9% CPU
UFBoot tree 6: -216911.203 -> -215838.939
WARNING: Normalizing state frequencies so that sum of them equals to 1
Optimizing NNI: done in 25.9203 secs using 591.8% CPU
UFBoot tree 7: -210357.094 -> -209204.988
WARNING: Normalizing state frequencies so that sum of them equals to 1
Optimizing NNI: done in 32.2571 secs using 575.6% CPU
UFBoot tree 8: -199631.188 -> -198723.903
WARNING: Normalizing state frequencies so that sum of them equals to 1
Optimizing NNI: done in 37.0613 secs using 584.4% CPU
UFBoot tree 9: -200039.359 -> -198762.256
WARNING: Normalizing state frequencies so that sum of them equals to 1
Optimizing NNI: done in 51.2042 secs using 591.5% CPU
UFBoot tree 10: -216209.125 -> -215129.322
WARNING: Normalizing state frequencies so that sum of them equals to 1
Optimizing NNI: done in 44.0924 secs using 586.1% CPU
UFBoot tree 11: -233583.688 -> -232595.979
WARNING: Normalizing state frequencies so that sum of them equals to 1
Optimizing NNI: done in 21.5229 secs using 598.3% CPU
UFBoot tree 12: -201393.094 -> -200320.001
WARNING: Normalizing state frequencies so that sum of them equals to 1
Optimizing NNI: done in 32.7492 secs using 574.3% CPU
UFBoot tree 13: -200312.906 -> -199349.429
WARNING: Normalizing state frequencies so that sum of them equals to 1
Optimizing NNI: done in 27.8731 secs using 589.3% CPU
UFBoot tree 14: -199636.500 -> -198519.763
WARNING: Normalizing state frequencies so that sum of them equals to 1
Optimizing NNI: done in 28.448 secs using 584.6% CPU
UFBoot tree 15: -224174.344 -> -223182.475
WARNING: Normalizing state frequencies so that sum of them equals to 1
Optimizing NNI: done in 33.7378 secs using 594.6% CPU
UFBoot tree 16: -194830.469 -> -193775.744
WARNING: Normalizing state frequencies so that sum of them equals to 1
Optimizing NNI: done in 28.4013 secs using 594.1% CPU
UFBoot tree 17: -219218.359 -> -217944.948
WARNING: Normalizing state frequencies so that sum of them equals to 1
Optimizing NNI: done in 33.0344 secs using 591.4% CPU
UFBoot tree 18: -210474.047 -> -209400.790
WARNING: Normalizing state frequencies so that sum of them equals to 1
Optimizing NNI: done in 27.9455 secs using 587.9% CPU
UFBoot tree 19: -203355.141 -> -202425.786
WARNING: Normalizing state frequencies so that sum of them equals to 1
Optimizing NNI: done in 21.2281 secs using 570.3% CPU
UFBoot tree 20: -215459.609 -> -214611.245
WARNING: Normalizing state frequencies so that sum of them equals to 1
Optimizing NNI: done in 29.8834 secs using 589.3% CPU
UFBoot tree 21: -202300.391 -> -201215.464
WARNING: Normalizing state frequencies so that sum of them equals to 1
Optimizing NNI: done in 40.1801 secs using 582.4% CPU
UFBoot tree 22: -199688.312 -> -198565.543
WARNING: Normalizing state frequencies so that sum of them equals to 1
Optimizing NNI: done in 32.3526 secs using 576.7% CPU
UFBoot tree 23: -194629.719 -> -193586.789
WARNING: Normalizing state frequencies so that sum of them equals to 1
Optimizing NNI: done in 22.8258 secs using 580.1% CPU
UFBoot tree 24: -207711.438 -> -206679.321
WARNING: Normalizing state frequencies so that sum of them equals to 1
Optimizing NNI: done in 27.3019 secs using 599.1% CPU
UFBoot tree 25: -208079.062 -> -207148.926
WARNING: Normalizing state frequencies so that sum of them equals to 1
Optimizing NNI: done in 20.6339 secs using 599.2% CPU
UFBoot tree 26: -203550.156 -> -202482.812
WARNING: Normalizing state frequencies so that sum of them equals to 1
Optimizing NNI: done in 33.715 secs using 591.5% CPU
UFBoot tree 27: -215463.188 -> -214304.300
WARNING: Normalizing state frequencies so that sum of them equals to 1
Optimizing NNI: done in 33.577 secs using 582.9% CPU
UFBoot tree 28: -201245.281 -> -200189.257
WARNING: Normalizing state frequencies so that sum of them equals to 1
Optimizing NNI: done in 31.0925 secs using 593.4% CPU
UFBoot tree 29: -203630.344 -> -202702.402
WARNING: Normalizing state frequencies so that sum of them equals to 1
Optimizing NNI: done in 28.5489 secs using 583.8% CPU
UFBoot tree 30: -208646.234 -> -207466.173
WARNING: Normalizing state frequencies so that sum of them equals to 1
Optimizing NNI: done in 24.3556 secs using 594.7% CPU
UFBoot tree 31: -206814.375 -> -205807.599
WARNING: Normalizing state frequencies so that sum of them equals to 1
Optimizing NNI: done in 25.2491 secs using 582.6% CPU
UFBoot tree 32: -200913.250 -> -199829.460
WARNING: Normalizing state frequencies so that sum of them equals to 1
Optimizing NNI: done in 34.7145 secs using 582.4% CPU
UFBoot tree 33: -216215.188 -> -215051.442
WARNING: Normalizing state frequencies so that sum of them equals to 1
Optimizing NNI: done in 26.2911 secs using 579.2% CPU
UFBoot tree 34: -210383.844 -> -209304.326
WARNING: Normalizing state frequencies so that sum of them equals to 1
Optimizing NNI: done in 45.0987 secs using 569.1% CPU
UFBoot tree 35: -198206.531 -> -197255.030
WARNING: Normalizing state frequencies so that sum of them equals to 1
Optimizing NNI: done in 34.372 secs using 598.9% CPU
UFBoot tree 36: -209714.016 -> -208581.609
WARNING: Normalizing state frequencies so that sum of them equals to 1
Optimizing NNI: done in 15.8448 secs using 598% CPU
UFBoot tree 37: -210459.250 -> -209598.778
WARNING: Normalizing state frequencies so that sum of them equals to 1
Optimizing NNI: done in 31.8315 secs using 585.7% CPU
UFBoot tree 38: -197557.547 -> -196497.919
WARNING: Normalizing state frequencies so that sum of them equals to 1
Optimizing NNI: done in 19.366 secs using 581.6% CPU
UFBoot tree 39: -206163.422 -> -205145.325
WARNING: Normalizing state frequencies so that sum of them equals to 1
Optimizing NNI: done in 45.2175 secs using 596.5% CPU
UFBoot tree 40: -204858.969 -> -203820.485
WARNING: Normalizing state frequencies so that sum of them equals to 1
Optimizing NNI: done in 20.5837 secs using 598.7% CPU
UFBoot tree 41: -202456.156 -> -201590.147
WARNING: Normalizing state frequencies so that sum of them equals to 1
Optimizing NNI: done in 31.4713 secs using 573.6% CPU
UFBoot tree 42: -199758.531 -> -198558.054
WARNING: Normalizing state frequencies so that sum of them equals to 1
Optimizing NNI: done in 28.6856 secs using 598.7% CPU
UFBoot tree 43: -201753.719 -> -200582.847
WARNING: Normalizing state frequencies so that sum of them equals to 1
Optimizing NNI: done in 30.921 secs using 586.5% CPU
UFBoot tree 44: -193023.375 -> -192001.811
WARNING: Normalizing state frequencies so that sum of them equals to 1
Optimizing NNI: done in 26.8916 secs using 589.8% CPU
UFBoot tree 45: -209938.422 -> -208816.259
WARNING: Normalizing state frequencies so that sum of them equals to 1
Optimizing NNI: done in 38.748 secs using 594.6% CPU
UFBoot tree 46: -211205.094 -> -209924.197
WARNING: Normalizing state frequencies so that sum of them equals to 1
Optimizing NNI: done in 28.0534 secs using 596% CPU
UFBoot tree 47: -199836.406 -> -198600.831
WARNING: Normalizing state frequencies so that sum of them equals to 1
Optimizing NNI: done in 29.4668 secs using 592.8% CPU
UFBoot tree 48: -213716.094 -> -212694.495
WARNING: Normalizing state frequencies so that sum of them equals to 1
Optimizing NNI: done in 26.9276 secs using 592.9% CPU
UFBoot tree 49: -199624.969 -> -198765.452
WARNING: Normalizing state frequencies so that sum of them equals to 1
Optimizing NNI: done in 16.8638 secs using 589.4% CPU
UFBoot tree 50: -200137.828 -> -199159.411
WARNING: Normalizing state frequencies so that sum of them equals to 1
Optimizing NNI: done in 36.3988 secs using 598% CPU
UFBoot tree 51: -203236.125 -> -202208.542
WARNING: Normalizing state frequencies so that sum of them equals to 1
Optimizing NNI: done in 38.4438 secs using 591.5% CPU
UFBoot tree 52: -228812.078 -> -227770.819
WARNING: Normalizing state frequencies so that sum of them equals to 1
Optimizing NNI: done in 29.9735 secs using 594.1% CPU
UFBoot tree 53: -214329.188 -> -213334.461
WARNING: Normalizing state frequencies so that sum of them equals to 1
Optimizing NNI: done in 35.4165 secs using 587.8% CPU
UFBoot tree 54: -192480.281 -> -191318.922
WARNING: Normalizing state frequencies so that sum of them equals to 1
Optimizing NNI: done in 32.56 secs using 584.2% CPU
UFBoot tree 55: -201192.281 -> -200114.866
WARNING: Normalizing state frequencies so that sum of them equals to 1
Optimizing NNI: done in 20.5779 secs using 599% CPU
UFBoot tree 56: -201607.719 -> -200547.885
WARNING: Normalizing state frequencies so that sum of them equals to 1
Optimizing NNI: done in 34.2139 secs using 598.1% CPU
UFBoot tree 57: -204112.750 -> -202845.166
WARNING: Normalizing state frequencies so that sum of them equals to 1
Optimizing NNI: done in 27.6707 secs using 598.8% CPU
UFBoot tree 58: -197927.016 -> -196916.465
WARNING: Normalizing state frequencies so that sum of them equals to 1
Optimizing NNI: done in 31.562 secs using 596.9% CPU
UFBoot tree 59: -211597.562 -> -210569.966
WARNING: Normalizing state frequencies so that sum of them equals to 1
Optimizing NNI: done in 27.7945 secs using 589.8% CPU
UFBoot tree 60: -217714.406 -> -216738.465
WARNING: Normalizing state frequencies so that sum of them equals to 1
Optimizing NNI: done in 28.044 secs using 590.2% CPU
UFBoot tree 61: -203473.656 -> -202461.019
WARNING: Normalizing state frequencies so that sum of them equals to 1
Optimizing NNI: done in 45.6665 secs using 595.4% CPU
UFBoot tree 62: -211185.781 -> -210019.654
WARNING: Normalizing state frequencies so that sum of them equals to 1
Optimizing NNI: done in 27.3988 secs using 585.5% CPU
UFBoot tree 63: -199679.156 -> -198592.576
WARNING: Normalizing state frequencies so that sum of them equals to 1
Optimizing NNI: done in 27.8203 secs using 588.1% CPU
UFBoot tree 64: -205198.438 -> -204299.605
WARNING: Normalizing state frequencies so that sum of them equals to 1
Optimizing NNI: done in 30.7076 secs using 584% CPU
UFBoot tree 65: -204143.391 -> -203256.668
WARNING: Normalizing state frequencies so that sum of them equals to 1
Optimizing NNI: done in 33.6821 secs using 583.9% CPU
UFBoot tree 66: -204305.797 -> -203145.109
WARNING: Normalizing state frequencies so that sum of them equals to 1
Optimizing NNI: done in 22.1406 secs using 577% CPU
UFBoot tree 67: -202759.719 -> -201830.909
WARNING: Normalizing state frequencies so that sum of them equals to 1
Optimizing NNI: done in 29.1703 secs using 582% CPU
UFBoot tree 68: -195922.656 -> -194613.977
WARNING: Normalizing state frequencies so that sum of them equals to 1
Optimizing NNI: done in 18.656 secs using 578% CPU
UFBoot tree 69: -203356.391 -> -202395.419
WARNING: Normalizing state frequencies so that sum of them equals to 1
Optimizing NNI: done in 29.6246 secs using 584.9% CPU
UFBoot tree 70: -205318.000 -> -204333.413
WARNING: Normalizing state frequencies so that sum of them equals to 1
Optimizing NNI: done in 18.8343 secs using 599% CPU
UFBoot tree 71: -198784.312 -> -197730.643
WARNING: Normalizing state frequencies so that sum of them equals to 1
Optimizing NNI: done in 23.769 secs using 598.5% CPU
UFBoot tree 72: -198781.781 -> -197726.685
WARNING: Normalizing state frequencies so that sum of them equals to 1
Optimizing NNI: done in 33.2055 secs using 588.4% CPU
UFBoot tree 73: -198369.062 -> -197462.363
WARNING: Normalizing state frequencies so that sum of them equals to 1
Optimizing NNI: done in 33.3554 secs using 589.6% CPU
UFBoot tree 74: -195827.625 -> -194783.509
WARNING: Normalizing state frequencies so that sum of them equals to 1
Optimizing NNI: done in 32.9769 secs using 586.3% CPU
UFBoot tree 75: -212329.719 -> -211213.658
WARNING: Normalizing state frequencies so that sum of them equals to 1
Optimizing NNI: done in 25.2408 secs using 598.1% CPU
UFBoot tree 76: -210764.281 -> -209725.767
WARNING: Normalizing state frequencies so that sum of them equals to 1
Optimizing NNI: done in 35.444 secs using 580.5% CPU
UFBoot tree 77: -199798.188 -> -198824.413
WARNING: Normalizing state frequencies so that sum of them equals to 1
Optimizing NNI: done in 36.7305 secs using 598.5% CPU
UFBoot tree 78: -201149.094 -> -200147.904
WARNING: Normalizing state frequencies so that sum of them equals to 1
Optimizing NNI: done in 33.3445 secs using 592.6% CPU
UFBoot tree 79: -212227.391 -> -211070.234
WARNING: Normalizing state frequencies so that sum of them equals to 1
Optimizing NNI: done in 27.2807 secs using 585.6% CPU
UFBoot tree 80: -210674.250 -> -209759.378
WARNING: Normalizing state frequencies so that sum of them equals to 1
Optimizing NNI: done in 24.5369 secs using 597.4% CPU
UFBoot tree 81: -207308.875 -> -206203.418
WARNING: Normalizing state frequencies so that sum of them equals to 1
Optimizing NNI: done in 16.1178 secs using 597.4% CPU
UFBoot tree 82: -205611.781 -> -204569.264
WARNING: Normalizing state frequencies so that sum of them equals to 1
Optimizing NNI: done in 25.0464 secs using 587.3% CPU
UFBoot tree 83: -199095.828 -> -198132.563
WARNING: Normalizing state frequencies so that sum of them equals to 1
Optimizing NNI: done in 38.2054 secs using 573.5% CPU
UFBoot tree 84: -200410.125 -> -199262.389
WARNING: Normalizing state frequencies so that sum of them equals to 1
Optimizing NNI: done in 32.1704 secs using 598.7% CPU
UFBoot tree 85: -215397.656 -> -214331.933
WARNING: Normalizing state frequencies so that sum of them equals to 1
Optimizing NNI: done in 38.1787 secs using 581.2% CPU
UFBoot tree 86: -201488.594 -> -200199.888
WARNING: Normalizing state frequencies so that sum of them equals to 1
Optimizing NNI: done in 30.2894 secs using 590.1% CPU
UFBoot tree 87: -202538.062 -> -201320.027
WARNING: Normalizing state frequencies so that sum of them equals to 1
Optimizing NNI: done in 21.6474 secs using 598.3% CPU
UFBoot tree 88: -216984.281 -> -215935.489
WARNING: Normalizing state frequencies so that sum of them equals to 1
Optimizing NNI: done in 22.5214 secs using 598.2% CPU
UFBoot tree 89: -202154.000 -> -201028.060
WARNING: Normalizing state frequencies so that sum of them equals to 1
Optimizing NNI: done in 29.1598 secs using 571.5% CPU
UFBoot tree 90: -203186.859 -> -201953.925
WARNING: Normalizing state frequencies so that sum of them equals to 1
Optimizing NNI: done in 21.729 secs using 598.6% CPU
UFBoot tree 91: -200469.297 -> -199518.472
WARNING: Normalizing state frequencies so that sum of them equals to 1
Optimizing NNI: done in 30.3144 secs using 587.4% CPU
UFBoot tree 92: -196673.641 -> -195627.907
WARNING: Normalizing state frequencies so that sum of them equals to 1
Optimizing NNI: done in 23.9959 secs using 589.1% CPU
UFBoot tree 93: -204891.281 -> -203902.825
WARNING: Normalizing state frequencies so that sum of them equals to 1
Optimizing NNI: done in 33.6887 secs using 595.8% CPU
UFBoot tree 94: -205975.469 -> -204852.642
WARNING: Normalizing state frequencies so that sum of them equals to 1
Optimizing NNI: done in 43.5144 secs using 597.4% CPU
UFBoot tree 95: -206391.688 -> -205415.603
WARNING: Normalizing state frequencies so that sum of them equals to 1
Optimizing NNI: done in 26.6139 secs using 573.1% CPU
UFBoot tree 96: -200840.094 -> -199722.398
WARNING: Normalizing state frequencies so that sum of them equals to 1
Optimizing NNI: done in 31.0955 secs using 595.3% CPU
UFBoot tree 97: -201172.156 -> -200094.569
WARNING: Normalizing state frequencies so that sum of them equals to 1
Optimizing NNI: done in 24.3039 secs using 598.8% CPU
UFBoot tree 98: -210432.703 -> -209338.854
WARNING: Normalizing state frequencies so that sum of them equals to 1
Optimizing NNI: done in 28.6513 secs using 592.1% CPU
UFBoot tree 99: -208104.516 -> -206980.611
WARNING: Normalizing state frequencies so that sum of them equals to 1
Optimizing NNI: done in 29.4198 secs using 589% CPU
UFBoot tree 100: -203417.969 -> -202349.443
100 samples done
WARNING: Normalizing state frequencies so that sum of them equals to 1
Optimizing NNI: done in 18.3942 secs using 583% CPU
UFBoot tree 101: -209968.250 -> -208917.527
WARNING: Normalizing state frequencies so that sum of them equals to 1
Optimizing NNI: done in 26.8864 secs using 586% CPU
UFBoot tree 102: -207142.688 -> -206139.024
WARNING: Normalizing state frequencies so that sum of them equals to 1
Optimizing NNI: done in 51.7537 secs using 598.6% CPU
UFBoot tree 103: -211538.359 -> -210382.454
WARNING: Normalizing state frequencies so that sum of them equals to 1
Optimizing NNI: done in 15.7644 secs using 598.8% CPU
UFBoot tree 104: -201741.656 -> -200789.832
WARNING: Normalizing state frequencies so that sum of them equals to 1
Optimizing NNI: done in 49.4075 secs using 585.9% CPU
UFBoot tree 105: -206831.875 -> -205667.870
WARNING: Normalizing state frequencies so that sum of them equals to 1
Optimizing NNI: done in 23.5526 secs using 597.8% CPU
UFBoot tree 106: -210059.938 -> -209055.661
WARNING: Normalizing state frequencies so that sum of them equals to 1
Optimizing NNI: done in 23.2368 secs using 595.4% CPU
UFBoot tree 107: -211765.125 -> -210722.985
WARNING: Normalizing state frequencies so that sum of them equals to 1
Optimizing NNI: done in 24.0218 secs using 595.6% CPU
UFBoot tree 108: -208024.109 -> -207070.348
WARNING: Normalizing state frequencies so that sum of them equals to 1
Optimizing NNI: done in 20.4016 secs using 587.2% CPU
UFBoot tree 109: -193175.078 -> -191934.410
WARNING: Normalizing state frequencies so that sum of them equals to 1
Optimizing NNI: done in 36.5701 secs using 596.7% CPU
UFBoot tree 110: -193779.250 -> -192673.237
WARNING: Normalizing state frequencies so that sum of them equals to 1
Optimizing NNI: done in 29.393 secs using 598.6% CPU
UFBoot tree 111: -207953.375 -> -206749.441
WARNING: Normalizing state frequencies so that sum of them equals to 1
Optimizing NNI: done in 29.0546 secs using 598.2% CPU
UFBoot tree 112: -203344.594 -> -202267.726
WARNING: Normalizing state frequencies so that sum of them equals to 1
Optimizing NNI: done in 25.992 secs using 593.1% CPU
UFBoot tree 113: -211933.891 -> -210813.259
WARNING: Normalizing state frequencies so that sum of them equals to 1
Optimizing NNI: done in 28.5209 secs using 598.9% CPU
UFBoot tree 114: -211053.562 -> -209879.408
WARNING: Normalizing state frequencies so that sum of them equals to 1
Optimizing NNI: done in 22.8366 secs using 598.2% CPU
UFBoot tree 115: -200540.406 -> -199484.226
WARNING: Normalizing state frequencies so that sum of them equals to 1
Optimizing NNI: done in 22.5491 secs using 598.5% CPU
UFBoot tree 116: -209769.438 -> -208750.596
WARNING: Normalizing state frequencies so that sum of them equals to 1
Optimizing NNI: done in 17.7224 secs using 590% CPU
UFBoot tree 117: -213885.188 -> -212784.903
WARNING: Normalizing state frequencies so that sum of them equals to 1
Optimizing NNI: done in 29.12 secs using 598.8% CPU
UFBoot tree 118: -198142.625 -> -197071.092
WARNING: Normalizing state frequencies so that sum of them equals to 1
Optimizing NNI: done in 25.1898 secs using 585.7% CPU
UFBoot tree 119: -196664.406 -> -195805.241
WARNING: Normalizing state frequencies so that sum of them equals to 1
Optimizing NNI: done in 33.425 secs using 593.7% CPU
UFBoot tree 120: -226898.500 -> -225746.061
WARNING: Normalizing state frequencies so that sum of them equals to 1
Optimizing NNI: done in 23.6885 secs using 586% CPU
UFBoot tree 121: -205896.469 -> -204797.687
WARNING: Normalizing state frequencies so that sum of them equals to 1
Optimizing NNI: done in 32.3662 secs using 592.6% CPU
UFBoot tree 122: -206447.781 -> -205361.619
WARNING: Normalizing state frequencies so that sum of them equals to 1
Optimizing NNI: done in 19.69 secs using 598.1% CPU
UFBoot tree 123: -207726.266 -> -206497.819
WARNING: Normalizing state frequencies so that sum of them equals to 1
Optimizing NNI: done in 29.2516 secs using 580.9% CPU
UFBoot tree 124: -195791.234 -> -194598.112
WARNING: Normalizing state frequencies so that sum of them equals to 1
Optimizing NNI: done in 36.9733 secs using 590.2% CPU
UFBoot tree 125: -207477.688 -> -206314.280
WARNING: Normalizing state frequencies so that sum of them equals to 1
Optimizing NNI: done in 34.4469 secs using 575.9% CPU
UFBoot tree 126: -214497.250 -> -213529.493
WARNING: Normalizing state frequencies so that sum of them equals to 1
Optimizing NNI: done in 26.289 secs using 585.6% CPU
UFBoot tree 127: -200098.031 -> -199136.468
WARNING: Normalizing state frequencies so that sum of them equals to 1
Optimizing NNI: done in 24.2717 secs using 595.6% CPU
UFBoot tree 128: -211875.469 -> -210936.270
WARNING: Normalizing state frequencies so that sum of them equals to 1
Optimizing NNI: done in 19.5054 secs using 599% CPU
UFBoot tree 129: -207763.594 -> -206823.495
WARNING: Normalizing state frequencies so that sum of them equals to 1
Optimizing NNI: done in 33.2565 secs using 594.4% CPU
UFBoot tree 130: -203247.781 -> -202119.439
WARNING: Normalizing state frequencies so that sum of them equals to 1
Optimizing NNI: done in 32.7241 secs using 580.4% CPU
UFBoot tree 131: -203257.312 -> -202052.859
WARNING: Normalizing state frequencies so that sum of them equals to 1
Optimizing NNI: done in 31.7448 secs using 577.8% CPU
UFBoot tree 132: -197229.938 -> -196186.705
WARNING: Normalizing state frequencies so that sum of them equals to 1
Optimizing NNI: done in 43.1641 secs using 589.5% CPU
UFBoot tree 133: -212634.891 -> -211449.863
WARNING: Normalizing state frequencies so that sum of them equals to 1
Optimizing NNI: done in 32.3749 secs using 565.4% CPU
UFBoot tree 134: -224044.781 -> -222991.944
WARNING: Normalizing state frequencies so that sum of them equals to 1
Optimizing NNI: done in 32.1864 secs using 571.7% CPU
UFBoot tree 135: -197658.625 -> -196592.231
WARNING: Normalizing state frequencies so that sum of them equals to 1
Optimizing NNI: done in 33.3765 secs using 580.1% CPU
UFBoot tree 136: -203236.984 -> -202257.839
WARNING: Normalizing state frequencies so that sum of them equals to 1
Optimizing NNI: done in 28.2055 secs using 591.9% CPU
UFBoot tree 137: -199968.188 -> -198884.744
WARNING: Normalizing state frequencies so that sum of them equals to 1
Optimizing NNI: done in 29.1443 secs using 586.9% CPU
UFBoot tree 138: -208899.391 -> -207805.478
WARNING: Normalizing state frequencies so that sum of them equals to 1
Optimizing NNI: done in 38.7912 secs using 580.3% CPU
UFBoot tree 139: -195483.344 -> -194596.785
WARNING: Normalizing state frequencies so that sum of them equals to 1
Optimizing NNI: done in 21.2531 secs using 585.1% CPU
UFBoot tree 140: -194941.328 -> -193975.168
WARNING: Normalizing state frequencies so that sum of them equals to 1
Optimizing NNI: done in 36.3203 secs using 582.2% CPU
UFBoot tree 141: -192830.078 -> -191812.822
WARNING: Normalizing state frequencies so that sum of them equals to 1
Optimizing NNI: done in 39.2921 secs using 580.6% CPU
UFBoot tree 142: -205151.672 -> -204140.687
WARNING: Normalizing state frequencies so that sum of them equals to 1
Optimizing NNI: done in 37.4669 secs using 575.5% CPU
UFBoot tree 143: -199359.812 -> -198259.901
WARNING: Normalizing state frequencies so that sum of them equals to 1
Optimizing NNI: done in 31.6529 secs using 591.6% CPU
UFBoot tree 144: -203420.672 -> -202248.310
WARNING: Normalizing state frequencies so that sum of them equals to 1
Optimizing NNI: done in 32.1544 secs using 591.8% CPU
UFBoot tree 145: -202157.906 -> -201159.091
WARNING: Normalizing state frequencies so that sum of them equals to 1
Optimizing NNI: done in 46.4534 secs using 588.3% CPU
UFBoot tree 146: -204605.469 -> -203472.489
WARNING: Normalizing state frequencies so that sum of them equals to 1
Optimizing NNI: done in 26.9512 secs using 598.6% CPU
UFBoot tree 147: -199661.188 -> -198729.205
WARNING: Normalizing state frequencies so that sum of them equals to 1
Optimizing NNI: done in 41.0924 secs using 585.5% CPU
UFBoot tree 148: -212727.938 -> -211564.546
WARNING: Normalizing state frequencies so that sum of them equals to 1
Optimizing NNI: done in 20.8437 secs using 585.2% CPU
UFBoot tree 149: -217356.766 -> -216488.404
WARNING: Normalizing state frequencies so that sum of them equals to 1
Optimizing NNI: done in 29.8551 secs using 584% CPU
UFBoot tree 150: -204200.562 -> -203201.936
WARNING: Normalizing state frequencies so that sum of them equals to 1
Optimizing NNI: done in 21.1963 secs using 582.8% CPU
UFBoot tree 151: -196429.016 -> -195348.730
WARNING: Normalizing state frequencies so that sum of them equals to 1
Optimizing NNI: done in 15.9778 secs using 583.6% CPU
UFBoot tree 152: -218158.453 -> -217147.518
WARNING: Normalizing state frequencies so that sum of them equals to 1
Optimizing NNI: done in 24.8605 secs using 590.2% CPU
UFBoot tree 153: -192499.812 -> -191585.381
WARNING: Normalizing state frequencies so that sum of them equals to 1
Optimizing NNI: done in 21.7214 secs using 579.8% CPU
UFBoot tree 154: -213455.500 -> -212328.174
WARNING: Normalizing state frequencies so that sum of them equals to 1
Optimizing NNI: done in 24.5808 secs using 590.3% CPU
UFBoot tree 155: -219385.203 -> -218291.877
WARNING: Normalizing state frequencies so that sum of them equals to 1
Optimizing NNI: done in 18.1896 secs using 579.9% CPU
UFBoot tree 156: -211076.375 -> -210209.235
WARNING: Normalizing state frequencies so that sum of them equals to 1
Optimizing NNI: done in 24.1591 secs using 584.4% CPU
UFBoot tree 157: -204778.531 -> -203842.810
WARNING: Normalizing state frequencies so that sum of them equals to 1
Optimizing NNI: done in 29.851 secs using 583.5% CPU
UFBoot tree 158: -211509.641 -> -210521.604
WARNING: Normalizing state frequencies so that sum of them equals to 1
Optimizing NNI: done in 25.291 secs using 598.9% CPU
UFBoot tree 159: -200680.531 -> -199787.076
WARNING: Normalizing state frequencies so that sum of them equals to 1
Optimizing NNI: done in 33.2998 secs using 591.9% CPU
UFBoot tree 160: -205714.828 -> -204654.523
WARNING: Normalizing state frequencies so that sum of them equals to 1
Optimizing NNI: done in 25.3119 secs using 598.8% CPU
UFBoot tree 161: -216772.609 -> -215741.343
WARNING: Normalizing state frequencies so that sum of them equals to 1
Optimizing NNI: done in 33.1501 secs using 586.2% CPU
UFBoot tree 162: -198843.531 -> -197715.227
WARNING: Normalizing state frequencies so that sum of them equals to 1
Optimizing NNI: done in 39.7242 secs using 589.8% CPU
UFBoot tree 163: -202282.062 -> -201228.272
WARNING: Normalizing state frequencies so that sum of them equals to 1
Optimizing NNI: done in 26.219 secs using 575.6% CPU
UFBoot tree 164: -211294.734 -> -210297.494
WARNING: Normalizing state frequencies so that sum of them equals to 1
Optimizing NNI: done in 28.5527 secs using 586.3% CPU
UFBoot tree 165: -207137.531 -> -206073.314
WARNING: Normalizing state frequencies so that sum of them equals to 1
Optimizing NNI: done in 39.5748 secs using 582.4% CPU
UFBoot tree 166: -213607.219 -> -212579.372
WARNING: Normalizing state frequencies so that sum of them equals to 1
Optimizing NNI: done in 23.398 secs using 588.2% CPU
UFBoot tree 167: -201972.172 -> -200766.674
WARNING: Normalizing state frequencies so that sum of them equals to 1
Optimizing NNI: done in 40.1363 secs using 592.8% CPU
UFBoot tree 168: -208375.594 -> -207382.299
WARNING: Normalizing state frequencies so that sum of them equals to 1
Optimizing NNI: done in 14.2318 secs using 597.6% CPU
UFBoot tree 169: -202499.500 -> -201570.448
WARNING: Normalizing state frequencies so that sum of them equals to 1
Optimizing NNI: done in 23.9888 secs using 595.1% CPU
UFBoot tree 170: -198297.156 -> -197406.265
WARNING: Normalizing state frequencies so that sum of them equals to 1
Optimizing NNI: done in 31.1994 secs using 586.3% CPU
UFBoot tree 171: -200727.562 -> -199556.279
WARNING: Normalizing state frequencies so that sum of them equals to 1
Optimizing NNI: done in 36.6629 secs using 599% CPU
UFBoot tree 172: -198387.766 -> -197358.811
WARNING: Normalizing state frequencies so that sum of them equals to 1
Optimizing NNI: done in 28.1556 secs using 590.5% CPU
UFBoot tree 173: -208637.438 -> -207801.858
WARNING: Normalizing state frequencies so that sum of them equals to 1
Optimizing NNI: done in 18.0297 secs using 597.8% CPU
UFBoot tree 174: -211752.328 -> -210806.142
WARNING: Normalizing state frequencies so that sum of them equals to 1
Optimizing NNI: done in 37.0102 secs using 571.3% CPU
UFBoot tree 175: -204929.031 -> -203839.250
WARNING: Normalizing state frequencies so that sum of them equals to 1
Optimizing NNI: done in 20.5369 secs using 595.8% CPU
UFBoot tree 176: -210927.547 -> -210002.782
WARNING: Normalizing state frequencies so that sum of them equals to 1
Optimizing NNI: done in 38.1927 secs using 595.8% CPU
UFBoot tree 177: -208919.094 -> -207903.393
WARNING: Normalizing state frequencies so that sum of them equals to 1
Optimizing NNI: done in 23.7621 secs using 595.3% CPU
UFBoot tree 178: -208140.938 -> -207174.621
WARNING: Normalizing state frequencies so that sum of them equals to 1
Optimizing NNI: done in 26.7102 secs using 584.5% CPU
UFBoot tree 179: -207631.594 -> -206613.108
WARNING: Normalizing state frequencies so that sum of them equals to 1
Optimizing NNI: done in 31.455 secs using 587.1% CPU
UFBoot tree 180: -210269.031 -> -209140.161
WARNING: Normalizing state frequencies so that sum of them equals to 1
Optimizing NNI: done in 35.1674 secs using 590.5% CPU
UFBoot tree 181: -196896.969 -> -195635.561
WARNING: Normalizing state frequencies so that sum of them equals to 1
Optimizing NNI: done in 33.9364 secs using 590.2% CPU
UFBoot tree 182: -202612.453 -> -201555.784
WARNING: Normalizing state frequencies so that sum of them equals to 1
Optimizing NNI: done in 24.7717 secs using 599.1% CPU
UFBoot tree 183: -204377.047 -> -203318.408
WARNING: Normalizing state frequencies so that sum of them equals to 1
Optimizing NNI: done in 27.7262 secs using 577.9% CPU
UFBoot tree 184: -210280.688 -> -209223.109
WARNING: Normalizing state frequencies so that sum of them equals to 1
Optimizing NNI: done in 22.6255 secs using 572.2% CPU
UFBoot tree 185: -213954.688 -> -212821.764
WARNING: Normalizing state frequencies so that sum of them equals to 1
Optimizing NNI: done in 17.2665 secs using 595.1% CPU
UFBoot tree 186: -199853.703 -> -198852.037
WARNING: Normalizing state frequencies so that sum of them equals to 1
Optimizing NNI: done in 37.2556 secs using 587.7% CPU
UFBoot tree 187: -192170.344 -> -191137.802
WARNING: Normalizing state frequencies so that sum of them equals to 1
Optimizing NNI: done in 28.407 secs using 588.8% CPU
UFBoot tree 188: -199973.172 -> -199039.259
WARNING: Normalizing state frequencies so that sum of them equals to 1
Optimizing NNI: done in 30.4511 secs using 574.8% CPU
UFBoot tree 189: -203776.406 -> -202896.597
WARNING: Normalizing state frequencies so that sum of them equals to 1
Optimizing NNI: done in 23.152 secs using 596% CPU
UFBoot tree 190: -201043.672 -> -199971.638
WARNING: Normalizing state frequencies so that sum of them equals to 1
Optimizing NNI: done in 15.3146 secs using 599% CPU
UFBoot tree 191: -203923.703 -> -202937.943
WARNING: Normalizing state frequencies so that sum of them equals to 1
Optimizing NNI: done in 29.5787 secs using 589.3% CPU
UFBoot tree 192: -206588.031 -> -205525.486
WARNING: Normalizing state frequencies so that sum of them equals to 1
Optimizing NNI: done in 28.3151 secs using 598.4% CPU
UFBoot tree 193: -211935.469 -> -210924.742
WARNING: Normalizing state frequencies so that sum of them equals to 1
Optimizing NNI: done in 27.2002 secs using 598.6% CPU
UFBoot tree 194: -201525.250 -> -200542.233
WARNING: Normalizing state frequencies so that sum of them equals to 1
Optimizing NNI: done in 23.6835 secs using 582.7% CPU
UFBoot tree 195: -210364.875 -> -209425.175
WARNING: Normalizing state frequencies so that sum of them equals to 1
Optimizing NNI: done in 32.5502 secs using 568.8% CPU
UFBoot tree 196: -211584.406 -> -210575.961
WARNING: Normalizing state frequencies so that sum of them equals to 1
Optimizing NNI: done in 34.7974 secs using 575.8% CPU
UFBoot tree 197: -206444.375 -> -205469.019
WARNING: Normalizing state frequencies so that sum of them equals to 1
Optimizing NNI: done in 27.0457 secs using 599% CPU
UFBoot tree 198: -196452.391 -> -195317.376
WARNING: Normalizing state frequencies so that sum of them equals to 1
Optimizing NNI: done in 54.2763 secs using 591% CPU
UFBoot tree 199: -205468.938 -> -204486.833
WARNING: Normalizing state frequencies so that sum of them equals to 1
Optimizing NNI: done in 27.4423 secs using 598.9% CPU
UFBoot tree 200: -208921.094 -> -207843.671
200 samples done
WARNING: Normalizing state frequencies so that sum of them equals to 1
Optimizing NNI: done in 23.3884 secs using 592.7% CPU
UFBoot tree 201: -206013.812 -> -204838.277
WARNING: Normalizing state frequencies so that sum of them equals to 1
Optimizing NNI: done in 34.3071 secs using 581.1% CPU
UFBoot tree 202: -215953.156 -> -214874.217
WARNING: Normalizing state frequencies so that sum of them equals to 1
Optimizing NNI: done in 38.792 secs using 583.7% CPU
UFBoot tree 203: -217439.781 -> -216269.122
WARNING: Normalizing state frequencies so that sum of them equals to 1
Optimizing NNI: done in 23.8538 secs using 587% CPU
UFBoot tree 204: -200936.469 -> -199820.470
WARNING: Normalizing state frequencies so that sum of them equals to 1
Optimizing NNI: done in 29.3117 secs using 596.8% CPU
UFBoot tree 205: -222014.547 -> -221072.076
WARNING: Normalizing state frequencies so that sum of them equals to 1
Optimizing NNI: done in 30.7733 secs using 574.2% CPU
UFBoot tree 206: -204486.250 -> -203500.684
WARNING: Normalizing state frequencies so that sum of them equals to 1
Optimizing NNI: done in 21.771 secs using 599% CPU
UFBoot tree 207: -206374.484 -> -205283.589
WARNING: Normalizing state frequencies so that sum of them equals to 1
Optimizing NNI: done in 19.2581 secs using 598.5% CPU
UFBoot tree 208: -208293.781 -> -207226.015
WARNING: Normalizing state frequencies so that sum of them equals to 1
Optimizing NNI: done in 41.7908 secs using 582.3% CPU
UFBoot tree 209: -193517.125 -> -192428.592
WARNING: Normalizing state frequencies so that sum of them equals to 1
Optimizing NNI: done in 18.7849 secs using 599.2% CPU
UFBoot tree 210: -209249.031 -> -208239.164
WARNING: Normalizing state frequencies so that sum of them equals to 1
Optimizing NNI: done in 37.1483 secs using 585.1% CPU
UFBoot tree 211: -195722.312 -> -194378.938
WARNING: Normalizing state frequencies so that sum of them equals to 1
Optimizing NNI: done in 23.5272 secs using 594% CPU
UFBoot tree 212: -204469.656 -> -203612.920
WARNING: Normalizing state frequencies so that sum of them equals to 1
Optimizing NNI: done in 40.1931 secs using 596.9% CPU
UFBoot tree 213: -194720.234 -> -193621.516
WARNING: Normalizing state frequencies so that sum of them equals to 1
Optimizing NNI: done in 30.3981 secs using 580.4% CPU
UFBoot tree 214: -200583.156 -> -199307.930
WARNING: Normalizing state frequencies so that sum of them equals to 1
Optimizing NNI: done in 37.3309 secs using 572% CPU
UFBoot tree 215: -207932.625 -> -207009.303
WARNING: Normalizing state frequencies so that sum of them equals to 1
Optimizing NNI: done in 35.8382 secs using 571.8% CPU
UFBoot tree 216: -194271.000 -> -193135.023
WARNING: Normalizing state frequencies so that sum of them equals to 1
Optimizing NNI: done in 23.4497 secs using 585% CPU
UFBoot tree 217: -209292.406 -> -208376.187
WARNING: Normalizing state frequencies so that sum of them equals to 1
Optimizing NNI: done in 36.0721 secs using 582.9% CPU
UFBoot tree 218: -204623.875 -> -203672.043
WARNING: Normalizing state frequencies so that sum of them equals to 1
Optimizing NNI: done in 26.8332 secs using 583% CPU
UFBoot tree 219: -199444.438 -> -198349.068
WARNING: Normalizing state frequencies so that sum of them equals to 1
Optimizing NNI: done in 26.6972 secs using 599.1% CPU
UFBoot tree 220: -221668.812 -> -220662.115
WARNING: Normalizing state frequencies so that sum of them equals to 1
Optimizing NNI: done in 31.0468 secs using 584.5% CPU
UFBoot tree 221: -206715.625 -> -205746.560
WARNING: Normalizing state frequencies so that sum of them equals to 1
Optimizing NNI: done in 30.2605 secs using 584.6% CPU
UFBoot tree 222: -206473.188 -> -205374.441
WARNING: Normalizing state frequencies so that sum of them equals to 1
Optimizing NNI: done in 21.9388 secs using 598.7% CPU
UFBoot tree 223: -212529.219 -> -211374.089
WARNING: Normalizing state frequencies so that sum of them equals to 1
Optimizing NNI: done in 27.6643 secs using 595.4% CPU
UFBoot tree 224: -206378.188 -> -205252.906
WARNING: Normalizing state frequencies so that sum of them equals to 1
Optimizing NNI: done in 29.3797 secs using 592.6% CPU
UFBoot tree 225: -209385.969 -> -208336.858
WARNING: Normalizing state frequencies so that sum of them equals to 1
Optimizing NNI: done in 23.1354 secs using 594.6% CPU
UFBoot tree 226: -209666.094 -> -208700.252
WARNING: Normalizing state frequencies so that sum of them equals to 1
Optimizing NNI: done in 29.9145 secs using 591.8% CPU
UFBoot tree 227: -202753.672 -> -201701.282
WARNING: Normalizing state frequencies so that sum of them equals to 1
Optimizing NNI: done in 37.7833 secs using 584% CPU
UFBoot tree 228: -196158.781 -> -195051.862
WARNING: Normalizing state frequencies so that sum of them equals to 1
Optimizing NNI: done in 31.1021 secs using 572.1% CPU
UFBoot tree 229: -209535.234 -> -208399.223
WARNING: Normalizing state frequencies so that sum of them equals to 1
Optimizing NNI: done in 36.3588 secs using 570.5% CPU
UFBoot tree 230: -211420.781 -> -210439.361
WARNING: Normalizing state frequencies so that sum of them equals to 1
Optimizing NNI: done in 29.4047 secs using 583.9% CPU
UFBoot tree 231: -193807.922 -> -192968.822
WARNING: Normalizing state frequencies so that sum of them equals to 1
Optimizing NNI: done in 31.1547 secs using 578.2% CPU
UFBoot tree 232: -219368.156 -> -218303.740
WARNING: Normalizing state frequencies so that sum of them equals to 1
Optimizing NNI: done in 33.8773 secs using 580.5% CPU
UFBoot tree 233: -214238.125 -> -213085.311
WARNING: Normalizing state frequencies so that sum of them equals to 1
Optimizing NNI: done in 155.834 secs using 585.8% CPU
UFBoot tree 234: -206850.875 -> -205782.676
WARNING: Normalizing state frequencies so that sum of them equals to 1
Optimizing NNI: done in 40.7408 secs using 583.2% CPU
UFBoot tree 235: -193680.828 -> -192533.920
WARNING: Normalizing state frequencies so that sum of them equals to 1
Optimizing NNI: done in 23.2121 secs using 581.6% CPU
UFBoot tree 236: -207007.672 -> -205943.705
WARNING: Normalizing state frequencies so that sum of them equals to 1
Optimizing NNI: done in 27.2551 secs using 588.8% CPU
UFBoot tree 237: -210596.906 -> -209541.344
WARNING: Normalizing state frequencies so that sum of them equals to 1
Optimizing NNI: done in 32.0674 secs using 575.7% CPU
UFBoot tree 238: -209288.984 -> -208248.639
WARNING: Normalizing state frequencies so that sum of them equals to 1
Optimizing NNI: done in 25.7039 secs using 583.6% CPU
UFBoot tree 239: -204530.250 -> -203502.208
WARNING: Normalizing state frequencies so that sum of them equals to 1
Optimizing NNI: done in 19.2494 secs using 598.4% CPU
UFBoot tree 240: -198235.891 -> -197198.573
WARNING: Normalizing state frequencies so that sum of them equals to 1
Optimizing NNI: done in 27.1013 secs using 580.4% CPU
UFBoot tree 241: -202172.891 -> -201030.331
WARNING: Normalizing state frequencies so that sum of them equals to 1
Optimizing NNI: done in 23.1039 secs using 588.8% CPU
UFBoot tree 242: -207991.047 -> -207030.347
WARNING: Normalizing state frequencies so that sum of them equals to 1
Optimizing NNI: done in 23.5374 secs using 591.6% CPU
UFBoot tree 243: -207644.609 -> -206719.560
WARNING: Normalizing state frequencies so that sum of them equals to 1
Optimizing NNI: done in 43.3529 secs using 594.8% CPU
UFBoot tree 244: -194931.641 -> -193898.878
WARNING: Normalizing state frequencies so that sum of them equals to 1
Optimizing NNI: done in 18.7141 secs using 599.1% CPU
UFBoot tree 245: -213226.547 -> -212097.561
WARNING: Normalizing state frequencies so that sum of them equals to 1
Optimizing NNI: done in 17.1121 secs using 598% CPU
UFBoot tree 246: -210025.578 -> -208987.740
WARNING: Normalizing state frequencies so that sum of them equals to 1
Optimizing NNI: done in 26.3438 secs using 598.3% CPU
UFBoot tree 247: -190405.516 -> -189149.204
WARNING: Normalizing state frequencies so that sum of them equals to 1
Optimizing NNI: done in 43.0909 secs using 562.4% CPU
UFBoot tree 248: -204117.453 -> -203058.278
WARNING: Normalizing state frequencies so that sum of them equals to 1
Optimizing NNI: done in 20.6224 secs using 580.1% CPU
UFBoot tree 249: -199199.984 -> -198282.942
WARNING: Normalizing state frequencies so that sum of them equals to 1
Optimizing NNI: done in 32.7885 secs using 581.2% CPU
UFBoot tree 250: -199357.094 -> -198257.905
WARNING: Normalizing state frequencies so that sum of them equals to 1
Optimizing NNI: done in 41.4301 secs using 582.5% CPU
UFBoot tree 251: -208187.359 -> -207179.704
WARNING: Normalizing state frequencies so that sum of them equals to 1
Optimizing NNI: done in 35.9958 secs using 586.5% CPU
UFBoot tree 252: -208060.719 -> -206955.599
WARNING: Normalizing state frequencies so that sum of them equals to 1
Optimizing NNI: done in 19.7334 secs using 594.3% CPU
UFBoot tree 253: -212065.469 -> -210884.112
WARNING: Normalizing state frequencies so that sum of them equals to 1
Optimizing NNI: done in 32.1678 secs using 598.9% CPU
UFBoot tree 254: -215989.672 -> -214937.588
WARNING: Normalizing state frequencies so that sum of them equals to 1
Optimizing NNI: done in 32.6463 secs using 594.8% CPU
UFBoot tree 255: -193033.078 -> -191986.669
WARNING: Normalizing state frequencies so that sum of them equals to 1
Optimizing NNI: done in 25.1 secs using 596.9% CPU
UFBoot tree 256: -216813.719 -> -215952.851
WARNING: Normalizing state frequencies so that sum of them equals to 1
Optimizing NNI: done in 14.9774 secs using 598.8% CPU
UFBoot tree 257: -208722.844 -> -207644.701
WARNING: Normalizing state frequencies so that sum of them equals to 1
Optimizing NNI: done in 25.2082 secs using 593.4% CPU
UFBoot tree 258: -196358.562 -> -195277.419
WARNING: Normalizing state frequencies so that sum of them equals to 1
Optimizing NNI: done in 28.8078 secs using 590.9% CPU
UFBoot tree 259: -202208.641 -> -201123.109
WARNING: Normalizing state frequencies so that sum of them equals to 1
Optimizing NNI: done in 26.3118 secs using 599.2% CPU
UFBoot tree 260: -208252.203 -> -207194.371
WARNING: Normalizing state frequencies so that sum of them equals to 1
Optimizing NNI: done in 30.5969 secs using 589.8% CPU
UFBoot tree 261: -207448.469 -> -206523.142
WARNING: Normalizing state frequencies so that sum of them equals to 1
Optimizing NNI: done in 30.6569 secs using 599% CPU
UFBoot tree 262: -213845.156 -> -212759.408
WARNING: Normalizing state frequencies so that sum of them equals to 1
Optimizing NNI: done in 33.7916 secs using 590.4% CPU
UFBoot tree 263: -199002.094 -> -198051.810
WARNING: Normalizing state frequencies so that sum of them equals to 1
Optimizing NNI: done in 23.5057 secs using 591.5% CPU
UFBoot tree 264: -208604.078 -> -207608.661
WARNING: Normalizing state frequencies so that sum of them equals to 1
Optimizing NNI: done in 41.614 secs using 585.2% CPU
UFBoot tree 265: -209176.312 -> -208078.332
WARNING: Normalizing state frequencies so that sum of them equals to 1
Optimizing NNI: done in 33.0657 secs using 585.4% CPU
UFBoot tree 266: -219465.656 -> -218371.780
WARNING: Normalizing state frequencies so that sum of them equals to 1
Optimizing NNI: done in 26.0523 secs using 590.4% CPU
UFBoot tree 267: -204143.562 -> -203130.303
WARNING: Normalizing state frequencies so that sum of them equals to 1
Optimizing NNI: done in 28.2546 secs using 582.6% CPU
UFBoot tree 268: -206034.156 -> -205034.167
WARNING: Normalizing state frequencies so that sum of them equals to 1
Optimizing NNI: done in 27.7639 secs using 579.4% CPU
UFBoot tree 269: -197490.797 -> -196611.472
WARNING: Normalizing state frequencies so that sum of them equals to 1
Optimizing NNI: done in 21.1982 secs using 580.6% CPU
UFBoot tree 270: -210853.938 -> -209803.984
WARNING: Normalizing state frequencies so that sum of them equals to 1
Optimizing NNI: done in 31.8786 secs using 568.3% CPU
UFBoot tree 271: -187099.438 -> -186169.591
WARNING: Normalizing state frequencies so that sum of them equals to 1
Optimizing NNI: done in 36.2152 secs using 598.2% CPU
UFBoot tree 272: -201761.062 -> -200815.731
WARNING: Normalizing state frequencies so that sum of them equals to 1
Optimizing NNI: done in 29.2905 secs using 597.5% CPU
UFBoot tree 273: -205031.062 -> -203983.174
WARNING: Normalizing state frequencies so that sum of them equals to 1
Optimizing NNI: done in 27.1609 secs using 599.1% CPU
UFBoot tree 274: -211567.578 -> -210510.530
WARNING: Normalizing state frequencies so that sum of them equals to 1
Optimizing NNI: done in 25.5359 secs using 599.2% CPU
UFBoot tree 275: -206489.109 -> -205483.277
WARNING: Normalizing state frequencies so that sum of them equals to 1
Optimizing NNI: done in 28.0343 secs using 596.9% CPU
UFBoot tree 276: -199272.984 -> -197987.581
WARNING: Normalizing state frequencies so that sum of them equals to 1
Optimizing NNI: done in 22.6818 secs using 596.7% CPU
UFBoot tree 277: -199949.406 -> -198940.384
WARNING: Normalizing state frequencies so that sum of them equals to 1
Optimizing NNI: done in 51.9185 secs using 590.4% CPU
UFBoot tree 278: -193684.953 -> -192570.716
WARNING: Normalizing state frequencies so that sum of them equals to 1
Optimizing NNI: done in 35.1801 secs using 590.5% CPU
UFBoot tree 279: -199581.172 -> -198410.314
WARNING: Normalizing state frequencies so that sum of them equals to 1
Optimizing NNI: done in 39.6081 secs using 583.9% CPU
UFBoot tree 280: -201500.984 -> -200502.479
WARNING: Normalizing state frequencies so that sum of them equals to 1
Optimizing NNI: done in 43.6188 secs using 594.1% CPU
UFBoot tree 281: -206328.250 -> -205498.854
WARNING: Normalizing state frequencies so that sum of them equals to 1
Optimizing NNI: done in 22.352 secs using 599.1% CPU
UFBoot tree 282: -213320.250 -> -212189.150
WARNING: Normalizing state frequencies so that sum of them equals to 1
Optimizing NNI: done in 43.7205 secs using 588.2% CPU
UFBoot tree 283: -198177.453 -> -197099.626
WARNING: Normalizing state frequencies so that sum of them equals to 1
Optimizing NNI: done in 29.9082 secs using 585.3% CPU
UFBoot tree 284: -201619.062 -> -200575.851
WARNING: Normalizing state frequencies so that sum of them equals to 1
Optimizing NNI: done in 24.7179 secs using 598.3% CPU
UFBoot tree 285: -194957.625 -> -193761.586
WARNING: Normalizing state frequencies so that sum of them equals to 1
Optimizing NNI: done in 21.5344 secs using 595.1% CPU
UFBoot tree 286: -209355.266 -> -208369.591
WARNING: Normalizing state frequencies so that sum of them equals to 1
Optimizing NNI: done in 26.8748 secs using 597.7% CPU
UFBoot tree 287: -193079.438 -> -191970.726
WARNING: Normalizing state frequencies so that sum of them equals to 1
Optimizing NNI: done in 42.2132 secs using 585.9% CPU
UFBoot tree 288: -201604.141 -> -200523.013
WARNING: Normalizing state frequencies so that sum of them equals to 1
Optimizing NNI: done in 30.3164 secs using 593.4% CPU
UFBoot tree 289: -210128.312 -> -208922.542
WARNING: Normalizing state frequencies so that sum of them equals to 1
Optimizing NNI: done in 18.7464 secs using 599.1% CPU
UFBoot tree 290: -197561.469 -> -196424.850
WARNING: Normalizing state frequencies so that sum of them equals to 1
Optimizing NNI: done in 45.6595 secs using 597.8% CPU
UFBoot tree 291: -210687.250 -> -209527.353
WARNING: Normalizing state frequencies so that sum of them equals to 1
Optimizing NNI: done in 32.5505 secs using 593.9% CPU
UFBoot tree 292: -212819.344 -> -211657.343
WARNING: Normalizing state frequencies so that sum of them equals to 1
Optimizing NNI: done in 36.3556 secs using 585.4% CPU
UFBoot tree 293: -202791.891 -> -201513.869
WARNING: Normalizing state frequencies so that sum of them equals to 1
Optimizing NNI: done in 33.9998 secs using 568% CPU
UFBoot tree 294: -215115.703 -> -214073.281
WARNING: Normalizing state frequencies so that sum of them equals to 1
Optimizing NNI: done in 29.6826 secs using 578.5% CPU
UFBoot tree 295: -204984.312 -> -203990.170
WARNING: Normalizing state frequencies so that sum of them equals to 1
Optimizing NNI: done in 28.1185 secs using 587.9% CPU
UFBoot tree 296: -196172.219 -> -195200.453
WARNING: Normalizing state frequencies so that sum of them equals to 1
Optimizing NNI: done in 23.2347 secs using 588% CPU
UFBoot tree 297: -199822.875 -> -198676.613
WARNING: Normalizing state frequencies so that sum of them equals to 1
Optimizing NNI: done in 25.2373 secs using 599.2% CPU
UFBoot tree 298: -200820.438 -> -199632.109
WARNING: Normalizing state frequencies so that sum of them equals to 1
Optimizing NNI: done in 25.5434 secs using 589.9% CPU
UFBoot tree 299: -196464.312 -> -195394.445
WARNING: Normalizing state frequencies so that sum of them equals to 1
Optimizing NNI: done in 25.1925 secs using 599.1% CPU
UFBoot tree 300: -210020.688 -> -208915.312
300 samples done
WARNING: Normalizing state frequencies so that sum of them equals to 1
Optimizing NNI: done in 30.3635 secs using 587.5% CPU
UFBoot tree 301: -213834.844 -> -212911.863
WARNING: Normalizing state frequencies so that sum of them equals to 1
Optimizing NNI: done in 38.1429 secs using 582.5% CPU
UFBoot tree 302: -211830.875 -> -210598.935
WARNING: Normalizing state frequencies so that sum of them equals to 1
Optimizing NNI: done in 29.9069 secs using 581.8% CPU
UFBoot tree 303: -212431.000 -> -211305.321
WARNING: Normalizing state frequencies so that sum of them equals to 1
Optimizing NNI: done in 27.8191 secs using 589.4% CPU
UFBoot tree 304: -207178.266 -> -206186.359
WARNING: Normalizing state frequencies so that sum of them equals to 1
Optimizing NNI: done in 26.4252 secs using 590% CPU
UFBoot tree 305: -206063.656 -> -205096.664
WARNING: Normalizing state frequencies so that sum of them equals to 1
Optimizing NNI: done in 14.3228 secs using 587% CPU
UFBoot tree 306: -201945.016 -> -200962.450
WARNING: Normalizing state frequencies so that sum of them equals to 1
Optimizing NNI: done in 32.7054 secs using 591.9% CPU
UFBoot tree 307: -194918.125 -> -193793.538
WARNING: Normalizing state frequencies so that sum of them equals to 1
Optimizing NNI: done in 13.1905 secs using 599.1% CPU
UFBoot tree 308: -191803.047 -> -190794.111
WARNING: Normalizing state frequencies so that sum of them equals to 1
Optimizing NNI: done in 23.0211 secs using 599.1% CPU
UFBoot tree 309: -224408.438 -> -223386.203
WARNING: Normalizing state frequencies so that sum of them equals to 1
Optimizing NNI: done in 34.0623 secs using 598.8% CPU
UFBoot tree 310: -203876.703 -> -202903.008
WARNING: Normalizing state frequencies so that sum of them equals to 1
Optimizing NNI: done in 26.7629 secs using 598.9% CPU
UFBoot tree 311: -203188.031 -> -202131.667
WARNING: Normalizing state frequencies so that sum of them equals to 1
Optimizing NNI: done in 14.0107 secs using 598.9% CPU
UFBoot tree 312: -212833.500 -> -211807.416
WARNING: Normalizing state frequencies so that sum of them equals to 1
Optimizing NNI: done in 17.7914 secs using 599% CPU
UFBoot tree 313: -194177.047 -> -193219.110
WARNING: Normalizing state frequencies so that sum of them equals to 1
Optimizing NNI: done in 24.4383 secs using 598.9% CPU
UFBoot tree 314: -192372.672 -> -191340.716
WARNING: Normalizing state frequencies so that sum of them equals to 1
Optimizing NNI: done in 31.9723 secs using 599.1% CPU
UFBoot tree 315: -191518.969 -> -190424.432
WARNING: Normalizing state frequencies so that sum of them equals to 1
Optimizing NNI: done in 30.1947 secs using 598.8% CPU
UFBoot tree 316: -217143.141 -> -215934.118
WARNING: Normalizing state frequencies so that sum of them equals to 1
Optimizing NNI: done in 19.5882 secs using 599% CPU
UFBoot tree 317: -209088.000 -> -208052.085
WARNING: Normalizing state frequencies so that sum of them equals to 1
Optimizing NNI: done in 32.8692 secs using 599% CPU
UFBoot tree 318: -190083.188 -> -189037.669
WARNING: Normalizing state frequencies so that sum of them equals to 1
Optimizing NNI: done in 19.338 secs using 599% CPU
UFBoot tree 319: -202276.766 -> -201288.566
WARNING: Normalizing state frequencies so that sum of them equals to 1
Optimizing NNI: done in 20.6737 secs using 598.9% CPU
UFBoot tree 320: -209140.938 -> -208074.377
WARNING: Normalizing state frequencies so that sum of them equals to 1
Optimizing NNI: done in 26.6062 secs using 599.1% CPU
UFBoot tree 321: -219755.359 -> -218483.127
WARNING: Normalizing state frequencies so that sum of them equals to 1
Optimizing NNI: done in 29.2104 secs using 599.1% CPU
UFBoot tree 322: -217887.703 -> -216766.005
WARNING: Normalizing state frequencies so that sum of them equals to 1
Optimizing NNI: done in 29.5927 secs using 599% CPU
UFBoot tree 323: -195568.812 -> -194506.845
WARNING: Normalizing state frequencies so that sum of them equals to 1
Optimizing NNI: done in 22.8852 secs using 598.9% CPU
UFBoot tree 324: -203322.125 -> -202202.941
WARNING: Normalizing state frequencies so that sum of them equals to 1
Optimizing NNI: done in 20.1173 secs using 598.7% CPU
UFBoot tree 325: -207586.812 -> -206469.173
WARNING: Normalizing state frequencies so that sum of them equals to 1
Optimizing NNI: done in 19.5305 secs using 599.1% CPU
UFBoot tree 326: -202041.766 -> -200868.471
WARNING: Normalizing state frequencies so that sum of them equals to 1
Optimizing NNI: done in 28.695 secs using 599.2% CPU
UFBoot tree 327: -208130.906 -> -207157.057
WARNING: Normalizing state frequencies so that sum of them equals to 1
Optimizing NNI: done in 20.883 secs using 598.9% CPU
UFBoot tree 328: -207143.188 -> -206113.143
WARNING: Normalizing state frequencies so that sum of them equals to 1
Optimizing NNI: done in 19.8804 secs using 599.1% CPU
UFBoot tree 329: -210540.000 -> -209447.511
WARNING: Normalizing state frequencies so that sum of them equals to 1
Optimizing NNI: done in 30.0389 secs using 598.6% CPU
UFBoot tree 330: -208227.469 -> -207032.754
WARNING: Normalizing state frequencies so that sum of them equals to 1
Optimizing NNI: done in 24.5228 secs using 599% CPU
UFBoot tree 331: -202250.141 -> -201292.178
WARNING: Normalizing state frequencies so that sum of them equals to 1
Optimizing NNI: done in 21.6859 secs using 599% CPU
UFBoot tree 332: -209651.859 -> -208539.841
WARNING: Normalizing state frequencies so that sum of them equals to 1
Optimizing NNI: done in 22.7198 secs using 599.1% CPU
UFBoot tree 333: -211424.188 -> -210458.754
WARNING: Normalizing state frequencies so that sum of them equals to 1
Optimizing NNI: done in 24.3422 secs using 599.2% CPU
UFBoot tree 334: -205464.094 -> -204395.375
WARNING: Normalizing state frequencies so that sum of them equals to 1
Optimizing NNI: done in 15.6237 secs using 598.7% CPU
UFBoot tree 335: -210530.484 -> -209505.457
WARNING: Normalizing state frequencies so that sum of them equals to 1
Optimizing NNI: done in 33.3485 secs using 599.1% CPU
UFBoot tree 336: -202032.844 -> -201042.455
WARNING: Normalizing state frequencies so that sum of them equals to 1
Optimizing NNI: done in 31.6725 secs using 599% CPU
UFBoot tree 337: -205615.625 -> -204585.053
WARNING: Normalizing state frequencies so that sum of them equals to 1
Optimizing NNI: done in 15.432 secs using 599% CPU
UFBoot tree 338: -212230.406 -> -211115.054
WARNING: Normalizing state frequencies so that sum of them equals to 1
Optimizing NNI: done in 23.2002 secs using 599.1% CPU
UFBoot tree 339: -222468.875 -> -221441.861
WARNING: Normalizing state frequencies so that sum of them equals to 1
Optimizing NNI: done in 23.9138 secs using 598.9% CPU
UFBoot tree 340: -198899.000 -> -197700.173
WARNING: Normalizing state frequencies so that sum of them equals to 1
Optimizing NNI: done in 20.8141 secs using 599% CPU
UFBoot tree 341: -209341.688 -> -208321.582
WARNING: Normalizing state frequencies so that sum of them equals to 1
Optimizing NNI: done in 20.622 secs using 598.9% CPU
UFBoot tree 342: -206475.625 -> -205433.156
WARNING: Normalizing state frequencies so that sum of them equals to 1
Optimizing NNI: done in 17.6239 secs using 599% CPU
UFBoot tree 343: -212849.297 -> -211700.802
WARNING: Normalizing state frequencies so that sum of them equals to 1
Optimizing NNI: done in 26.9507 secs using 598.9% CPU
UFBoot tree 344: -211480.203 -> -210460.373
WARNING: Normalizing state frequencies so that sum of them equals to 1
Optimizing NNI: done in 31.1296 secs using 599% CPU
UFBoot tree 345: -217469.375 -> -216125.883
WARNING: Normalizing state frequencies so that sum of them equals to 1
Optimizing NNI: done in 18.6208 secs using 599% CPU
UFBoot tree 346: -194012.375 -> -192992.608
WARNING: Normalizing state frequencies so that sum of them equals to 1
Optimizing NNI: done in 18.9081 secs using 599% CPU
UFBoot tree 347: -203550.188 -> -202645.033
WARNING: Normalizing state frequencies so that sum of them equals to 1
Optimizing NNI: done in 23.0404 secs using 599% CPU
UFBoot tree 348: -225083.062 -> -224040.542
WARNING: Normalizing state frequencies so that sum of them equals to 1
Optimizing NNI: done in 25.8786 secs using 599.3% CPU
UFBoot tree 349: -208951.312 -> -207672.968
WARNING: Normalizing state frequencies so that sum of them equals to 1
Optimizing NNI: done in 28.2547 secs using 599.1% CPU
UFBoot tree 350: -211758.672 -> -210756.065
WARNING: Normalizing state frequencies so that sum of them equals to 1
Optimizing NNI: done in 21.0223 secs using 599.1% CPU
UFBoot tree 351: -203369.391 -> -202289.840
WARNING: Normalizing state frequencies so that sum of them equals to 1
Optimizing NNI: done in 27.1833 secs using 599% CPU
UFBoot tree 352: -205979.656 -> -204800.557
WARNING: Normalizing state frequencies so that sum of them equals to 1
Optimizing NNI: done in 23.6409 secs using 598.9% CPU
UFBoot tree 353: -206052.672 -> -205007.731
WARNING: Normalizing state frequencies so that sum of them equals to 1
Optimizing NNI: done in 27.9916 secs using 599.1% CPU
UFBoot tree 354: -205404.719 -> -204358.012
WARNING: Normalizing state frequencies so that sum of them equals to 1
Optimizing NNI: done in 39.5655 secs using 599% CPU
UFBoot tree 355: -187476.969 -> -186350.371
WARNING: Normalizing state frequencies so that sum of them equals to 1
Optimizing NNI: done in 43.7887 secs using 599% CPU
UFBoot tree 356: -207202.031 -> -206200.125
WARNING: Normalizing state frequencies so that sum of them equals to 1
Optimizing NNI: done in 31.7847 secs using 598.9% CPU
UFBoot tree 357: -210246.719 -> -209144.251
WARNING: Normalizing state frequencies so that sum of them equals to 1
Optimizing NNI: done in 31.6664 secs using 599.2% CPU
UFBoot tree 358: -203945.312 -> -202823.589
WARNING: Normalizing state frequencies so that sum of them equals to 1
Optimizing NNI: done in 37.6816 secs using 598.9% CPU
UFBoot tree 359: -209145.125 -> -208241.845
WARNING: Normalizing state frequencies so that sum of them equals to 1
Optimizing NNI: done in 21.5992 secs using 599% CPU
UFBoot tree 360: -204589.094 -> -203724.145
WARNING: Normalizing state frequencies so that sum of them equals to 1
Optimizing NNI: done in 27.0339 secs using 599% CPU
UFBoot tree 361: -219576.125 -> -218595.640
WARNING: Normalizing state frequencies so that sum of them equals to 1
Optimizing NNI: done in 35.6062 secs using 599.1% CPU
UFBoot tree 362: -195534.641 -> -194537.754
WARNING: Normalizing state frequencies so that sum of them equals to 1
Optimizing NNI: done in 22.0009 secs using 599% CPU
UFBoot tree 363: -214283.000 -> -213293.792
WARNING: Normalizing state frequencies so that sum of them equals to 1
Optimizing NNI: done in 34.1465 secs using 598.9% CPU
UFBoot tree 364: -195214.516 -> -194308.025
WARNING: Normalizing state frequencies so that sum of them equals to 1
Optimizing NNI: done in 21.5201 secs using 599.1% CPU
UFBoot tree 365: -209671.906 -> -208685.122
WARNING: Normalizing state frequencies so that sum of them equals to 1
Optimizing NNI: done in 20.5319 secs using 598.9% CPU
UFBoot tree 366: -204966.219 -> -203911.774
WARNING: Normalizing state frequencies so that sum of them equals to 1
Optimizing NNI: done in 24.6651 secs using 599% CPU
UFBoot tree 367: -209336.844 -> -208176.611
WARNING: Normalizing state frequencies so that sum of them equals to 1
Optimizing NNI: done in 30.2343 secs using 599.1% CPU
UFBoot tree 368: -205707.906 -> -204557.926
WARNING: Normalizing state frequencies so that sum of them equals to 1
Optimizing NNI: done in 28.3295 secs using 598.9% CPU
UFBoot tree 369: -193423.141 -> -192292.300
WARNING: Normalizing state frequencies so that sum of them equals to 1
Optimizing NNI: done in 21.7273 secs using 599% CPU
UFBoot tree 370: -209598.562 -> -208618.354
WARNING: Normalizing state frequencies so that sum of them equals to 1
Optimizing NNI: done in 25.9979 secs using 599.2% CPU
UFBoot tree 371: -202166.578 -> -201000.680
WARNING: Normalizing state frequencies so that sum of them equals to 1
Optimizing NNI: done in 17.104 secs using 598.8% CPU
UFBoot tree 372: -202651.781 -> -201587.025
WARNING: Normalizing state frequencies so that sum of them equals to 1
Optimizing NNI: done in 31.3199 secs using 598.8% CPU
UFBoot tree 373: -214618.859 -> -213357.941
WARNING: Normalizing state frequencies so that sum of them equals to 1
Optimizing NNI: done in 25.5231 secs using 598.9% CPU
UFBoot tree 374: -209916.766 -> -208666.654
WARNING: Normalizing state frequencies so that sum of them equals to 1
Optimizing NNI: done in 24.5359 secs using 598.9% CPU
UFBoot tree 375: -199181.391 -> -198048.171
WARNING: Normalizing state frequencies so that sum of them equals to 1
Optimizing NNI: done in 24.571 secs using 598.9% CPU
UFBoot tree 376: -217374.125 -> -216273.918
WARNING: Normalizing state frequencies so that sum of them equals to 1
Optimizing NNI: done in 18.2634 secs using 598.9% CPU
UFBoot tree 377: -196476.000 -> -195455.570
WARNING: Normalizing state frequencies so that sum of them equals to 1
Optimizing NNI: done in 25.31 secs using 599% CPU
UFBoot tree 378: -211135.469 -> -210093.854
WARNING: Normalizing state frequencies so that sum of them equals to 1
Optimizing NNI: done in 26.602 secs using 599.2% CPU
UFBoot tree 379: -198465.938 -> -197379.309
WARNING: Normalizing state frequencies so that sum of them equals to 1
Optimizing NNI: done in 24.8641 secs using 599% CPU
UFBoot tree 380: -194749.688 -> -193795.303
WARNING: Normalizing state frequencies so that sum of them equals to 1
Optimizing NNI: done in 28.2417 secs using 599% CPU
UFBoot tree 381: -210981.969 -> -210038.004
WARNING: Normalizing state frequencies so that sum of them equals to 1
Optimizing NNI: done in 17.546 secs using 599.2% CPU
UFBoot tree 382: -206753.625 -> -205764.897
WARNING: Normalizing state frequencies so that sum of them equals to 1
Optimizing NNI: done in 49.7795 secs using 599% CPU
UFBoot tree 383: -202931.734 -> -201857.499
WARNING: Normalizing state frequencies so that sum of them equals to 1
Optimizing NNI: done in 27.5382 secs using 599% CPU
UFBoot tree 384: -209058.406 -> -207830.489
WARNING: Normalizing state frequencies so that sum of them equals to 1
Optimizing NNI: done in 13.2831 secs using 598.4% CPU
UFBoot tree 385: -208882.812 -> -207847.109
WARNING: Normalizing state frequencies so that sum of them equals to 1
Optimizing NNI: done in 25.9336 secs using 598.8% CPU
UFBoot tree 386: -203365.234 -> -202298.500
WARNING: Normalizing state frequencies so that sum of them equals to 1
Optimizing NNI: done in 22.385 secs using 599.1% CPU
UFBoot tree 387: -214521.406 -> -213585.075
WARNING: Normalizing state frequencies so that sum of them equals to 1
Optimizing NNI: done in 23.8441 secs using 599.1% CPU
UFBoot tree 388: -210026.922 -> -209167.498
WARNING: Normalizing state frequencies so that sum of them equals to 1
Optimizing NNI: done in 15.4426 secs using 598.9% CPU
UFBoot tree 389: -209722.250 -> -208543.984
WARNING: Normalizing state frequencies so that sum of them equals to 1
Optimizing NNI: done in 19.2773 secs using 599.1% CPU
UFBoot tree 390: -196760.000 -> -195629.064
WARNING: Normalizing state frequencies so that sum of them equals to 1
Optimizing NNI: done in 29.3863 secs using 599.1% CPU
UFBoot tree 391: -204588.719 -> -203701.332
WARNING: Normalizing state frequencies so that sum of them equals to 1
Optimizing NNI: done in 15.7995 secs using 598.9% CPU
UFBoot tree 392: -194269.438 -> -193378.330
WARNING: Normalizing state frequencies so that sum of them equals to 1
Optimizing NNI: done in 29.01 secs using 599.1% CPU
UFBoot tree 393: -203331.156 -> -202065.115
WARNING: Normalizing state frequencies so that sum of them equals to 1
Optimizing NNI: done in 22.1152 secs using 598.9% CPU
UFBoot tree 394: -188216.719 -> -187270.074
WARNING: Normalizing state frequencies so that sum of them equals to 1
Optimizing NNI: done in 20.1741 secs using 598.8% CPU
UFBoot tree 395: -211994.641 -> -211009.364
WARNING: Normalizing state frequencies so that sum of them equals to 1
Optimizing NNI: done in 28.2985 secs using 598.7% CPU
UFBoot tree 396: -209347.641 -> -208315.558
WARNING: Normalizing state frequencies so that sum of them equals to 1
Optimizing NNI: done in 29.7071 secs using 599.1% CPU
UFBoot tree 397: -208885.516 -> -207848.114
WARNING: Normalizing state frequencies so that sum of them equals to 1
Optimizing NNI: done in 21.023 secs using 599% CPU
UFBoot tree 398: -205502.250 -> -204513.228
WARNING: Normalizing state frequencies so that sum of them equals to 1
Optimizing NNI: done in 24.2235 secs using 599% CPU
UFBoot tree 399: -203874.469 -> -202914.329
WARNING: Normalizing state frequencies so that sum of them equals to 1
Optimizing NNI: done in 19.2405 secs using 598.9% CPU
UFBoot tree 400: -210093.219 -> -209012.295
400 samples done
WARNING: Normalizing state frequencies so that sum of them equals to 1
Optimizing NNI: done in 26.8604 secs using 598.8% CPU
UFBoot tree 401: -212057.031 -> -210859.472
WARNING: Normalizing state frequencies so that sum of them equals to 1
Optimizing NNI: done in 23.8727 secs using 599.1% CPU
UFBoot tree 402: -209387.500 -> -208498.294
WARNING: Normalizing state frequencies so that sum of them equals to 1
Optimizing NNI: done in 21.5175 secs using 598.8% CPU
UFBoot tree 403: -208291.172 -> -207211.174
WARNING: Normalizing state frequencies so that sum of them equals to 1
Optimizing NNI: done in 23.6514 secs using 599.1% CPU
UFBoot tree 404: -196968.750 -> -196011.137
WARNING: Normalizing state frequencies so that sum of them equals to 1
Optimizing NNI: done in 12.198 secs using 599.3% CPU
UFBoot tree 405: -208656.719 -> -207418.114
WARNING: Normalizing state frequencies so that sum of them equals to 1
Optimizing NNI: done in 23.6023 secs using 598.9% CPU
UFBoot tree 406: -203647.312 -> -202634.560
WARNING: Normalizing state frequencies so that sum of them equals to 1
Optimizing NNI: done in 21.3072 secs using 598.8% CPU
UFBoot tree 407: -203290.391 -> -202225.283
WARNING: Normalizing state frequencies so that sum of them equals to 1
Optimizing NNI: done in 31.8698 secs using 599% CPU
UFBoot tree 408: -202328.062 -> -201173.017
WARNING: Normalizing state frequencies so that sum of them equals to 1
Optimizing NNI: done in 21.4872 secs using 599.1% CPU
UFBoot tree 409: -192688.938 -> -191595.864
WARNING: Normalizing state frequencies so that sum of them equals to 1
Optimizing NNI: done in 14.1273 secs using 598.8% CPU
UFBoot tree 410: -208170.750 -> -207143.500
WARNING: Normalizing state frequencies so that sum of them equals to 1
Optimizing NNI: done in 27.2997 secs using 598.8% CPU
UFBoot tree 411: -208221.312 -> -207338.119
WARNING: Normalizing state frequencies so that sum of them equals to 1
Optimizing NNI: done in 25.671 secs using 598.8% CPU
UFBoot tree 412: -215868.125 -> -214722.433
WARNING: Normalizing state frequencies so that sum of them equals to 1
Optimizing NNI: done in 16.7222 secs using 598.9% CPU
UFBoot tree 413: -204631.062 -> -203332.019
WARNING: Normalizing state frequencies so that sum of them equals to 1
Optimizing NNI: done in 17.9682 secs using 598.7% CPU
UFBoot tree 414: -202402.328 -> -201289.958
WARNING: Normalizing state frequencies so that sum of them equals to 1
Optimizing NNI: done in 23.5519 secs using 599.2% CPU
UFBoot tree 415: -223474.062 -> -222359.477
WARNING: Normalizing state frequencies so that sum of them equals to 1
Optimizing NNI: done in 22.7172 secs using 599.1% CPU
UFBoot tree 416: -201223.172 -> -200138.957
WARNING: Normalizing state frequencies so that sum of them equals to 1
Optimizing NNI: done in 18.6713 secs using 599.2% CPU
UFBoot tree 417: -211152.719 -> -210099.621
WARNING: Normalizing state frequencies so that sum of them equals to 1
Optimizing NNI: done in 21.0173 secs using 599.2% CPU
UFBoot tree 418: -201999.750 -> -201037.325
WARNING: Normalizing state frequencies so that sum of them equals to 1
Optimizing NNI: done in 18.6857 secs using 598.8% CPU
UFBoot tree 419: -212174.969 -> -211192.149
WARNING: Normalizing state frequencies so that sum of them equals to 1
Optimizing NNI: done in 23.6876 secs using 598.8% CPU
UFBoot tree 420: -212330.359 -> -211146.653
WARNING: Normalizing state frequencies so that sum of them equals to 1
Optimizing NNI: done in 22.0903 secs using 599% CPU
UFBoot tree 421: -208212.062 -> -207347.955
WARNING: Normalizing state frequencies so that sum of them equals to 1
Optimizing NNI: done in 21.8537 secs using 599% CPU
UFBoot tree 422: -209105.562 -> -207989.931
WARNING: Normalizing state frequencies so that sum of them equals to 1
Optimizing NNI: done in 27.9408 secs using 598.6% CPU
UFBoot tree 423: -208325.688 -> -207221.586
WARNING: Normalizing state frequencies so that sum of them equals to 1
Optimizing NNI: done in 34.2734 secs using 599% CPU
UFBoot tree 424: -201619.859 -> -200632.006
WARNING: Normalizing state frequencies so that sum of them equals to 1
Optimizing NNI: done in 18.8664 secs using 598.9% CPU
UFBoot tree 425: -198800.656 -> -197766.992
WARNING: Normalizing state frequencies so that sum of them equals to 1
Optimizing NNI: done in 31.4693 secs using 598.8% CPU
UFBoot tree 426: -204030.844 -> -203006.113
WARNING: Normalizing state frequencies so that sum of them equals to 1
Optimizing NNI: done in 15.1836 secs using 599% CPU
UFBoot tree 427: -205423.375 -> -204208.402
WARNING: Normalizing state frequencies so that sum of them equals to 1
Optimizing NNI: done in 18.2815 secs using 599% CPU
UFBoot tree 428: -191804.344 -> -190736.059
WARNING: Normalizing state frequencies so that sum of them equals to 1
Optimizing NNI: done in 23.8048 secs using 598.9% CPU
UFBoot tree 429: -209418.625 -> -208160.882
WARNING: Normalizing state frequencies so that sum of them equals to 1
Optimizing NNI: done in 32.4271 secs using 598.8% CPU
UFBoot tree 430: -205865.094 -> -204798.082
WARNING: Normalizing state frequencies so that sum of them equals to 1
Optimizing NNI: done in 31.7803 secs using 599.2% CPU
UFBoot tree 431: -222798.500 -> -221667.788
WARNING: Normalizing state frequencies so that sum of them equals to 1
Optimizing NNI: done in 27.4561 secs using 598.8% CPU
UFBoot tree 432: -211984.359 -> -211034.164
WARNING: Normalizing state frequencies so that sum of them equals to 1
Optimizing NNI: done in 19.4798 secs using 599% CPU
UFBoot tree 433: -209514.000 -> -208438.276
WARNING: Normalizing state frequencies so that sum of them equals to 1
Optimizing NNI: done in 18.2785 secs using 598.8% CPU
UFBoot tree 434: -208518.281 -> -207484.021
WARNING: Normalizing state frequencies so that sum of them equals to 1
Optimizing NNI: done in 31.567 secs using 599.1% CPU
UFBoot tree 435: -200439.609 -> -199424.303
WARNING: Normalizing state frequencies so that sum of them equals to 1
Optimizing NNI: done in 30.7474 secs using 599.2% CPU
UFBoot tree 436: -203474.703 -> -202380.495
WARNING: Normalizing state frequencies so that sum of them equals to 1
Optimizing NNI: done in 25.7593 secs using 598.9% CPU
UFBoot tree 437: -197521.719 -> -196537.261
WARNING: Normalizing state frequencies so that sum of them equals to 1
Optimizing NNI: done in 22.4129 secs using 598.8% CPU
UFBoot tree 438: -202999.719 -> -201776.778
WARNING: Normalizing state frequencies so that sum of them equals to 1
Optimizing NNI: done in 24.1029 secs using 599.1% CPU
UFBoot tree 439: -172890.125 -> -171902.640
WARNING: Normalizing state frequencies so that sum of them equals to 1
Optimizing NNI: done in 23.4624 secs using 598.9% CPU
UFBoot tree 440: -210595.766 -> -209530.465
WARNING: Normalizing state frequencies so that sum of them equals to 1
Optimizing NNI: done in 16.2593 secs using 598.8% CPU
UFBoot tree 441: -208159.344 -> -207197.688
WARNING: Normalizing state frequencies so that sum of them equals to 1
Optimizing NNI: done in 25.5486 secs using 599.1% CPU
UFBoot tree 442: -202938.109 -> -201867.885
WARNING: Normalizing state frequencies so that sum of them equals to 1
Optimizing NNI: done in 21.24 secs using 598.9% CPU
UFBoot tree 443: -189878.062 -> -188737.127
WARNING: Normalizing state frequencies so that sum of them equals to 1
Optimizing NNI: done in 23.1612 secs using 599.1% CPU
UFBoot tree 444: -209900.125 -> -208768.695
WARNING: Normalizing state frequencies so that sum of them equals to 1
Optimizing NNI: done in 23.7724 secs using 599% CPU
UFBoot tree 445: -194656.656 -> -193791.749
WARNING: Normalizing state frequencies so that sum of them equals to 1
Optimizing NNI: done in 16.0397 secs using 599.1% CPU
UFBoot tree 446: -193039.688 -> -192027.442
WARNING: Normalizing state frequencies so that sum of them equals to 1
Optimizing NNI: done in 15.8339 secs using 599.2% CPU
UFBoot tree 447: -205125.359 -> -204115.365
WARNING: Normalizing state frequencies so that sum of them equals to 1
Optimizing NNI: done in 19.3426 secs using 599.2% CPU
UFBoot tree 448: -203190.125 -> -202233.533
WARNING: Normalizing state frequencies so that sum of them equals to 1
Optimizing NNI: done in 13.1953 secs using 598.8% CPU
UFBoot tree 449: -200416.656 -> -199289.662
WARNING: Normalizing state frequencies so that sum of them equals to 1
Optimizing NNI: done in 21.7406 secs using 598.9% CPU
UFBoot tree 450: -209457.188 -> -208262.616
WARNING: Normalizing state frequencies so that sum of them equals to 1
Optimizing NNI: done in 23.7163 secs using 599.1% CPU
UFBoot tree 451: -201853.281 -> -200834.552
WARNING: Normalizing state frequencies so that sum of them equals to 1
Optimizing NNI: done in 25.4613 secs using 598.8% CPU
UFBoot tree 452: -207915.312 -> -206803.138
WARNING: Normalizing state frequencies so that sum of them equals to 1
Optimizing NNI: done in 19.7034 secs using 599% CPU
UFBoot tree 453: -230223.875 -> -229161.018
WARNING: Normalizing state frequencies so that sum of them equals to 1
Optimizing NNI: done in 21.6169 secs using 598.9% CPU
UFBoot tree 454: -203332.688 -> -202411.530
WARNING: Normalizing state frequencies so that sum of them equals to 1
Optimizing NNI: done in 16.5392 secs using 598.7% CPU
UFBoot tree 455: -195291.422 -> -194203.912
WARNING: Normalizing state frequencies so that sum of them equals to 1
Optimizing NNI: done in 21.1318 secs using 598.9% CPU
UFBoot tree 456: -218948.094 -> -217777.793
WARNING: Normalizing state frequencies so that sum of them equals to 1
Optimizing NNI: done in 24.6417 secs using 598.9% CPU
UFBoot tree 457: -201348.406 -> -200216.901
WARNING: Normalizing state frequencies so that sum of them equals to 1
Optimizing NNI: done in 24.63 secs using 599% CPU
UFBoot tree 458: -200779.828 -> -199780.350
WARNING: Normalizing state frequencies so that sum of them equals to 1
Optimizing NNI: done in 27.3252 secs using 599% CPU
UFBoot tree 459: -209964.500 -> -208844.112
WARNING: Normalizing state frequencies so that sum of them equals to 1
Optimizing NNI: done in 25.57 secs using 599.1% CPU
UFBoot tree 460: -216598.031 -> -215616.277
WARNING: Normalizing state frequencies so that sum of them equals to 1
Optimizing NNI: done in 13.9712 secs using 599% CPU
UFBoot tree 461: -195908.672 -> -194971.290
WARNING: Normalizing state frequencies so that sum of them equals to 1
Optimizing NNI: done in 21.8497 secs using 598.9% CPU
UFBoot tree 462: -200578.219 -> -199505.848
WARNING: Normalizing state frequencies so that sum of them equals to 1
Optimizing NNI: done in 20.9485 secs using 598.9% CPU
UFBoot tree 463: -196818.625 -> -195713.026
WARNING: Normalizing state frequencies so that sum of them equals to 1
Optimizing NNI: done in 29.2405 secs using 598.7% CPU
UFBoot tree 464: -223829.516 -> -222712.469
WARNING: Normalizing state frequencies so that sum of them equals to 1
Optimizing NNI: done in 27.1954 secs using 598.7% CPU
UFBoot tree 465: -201888.719 -> -200826.620
WARNING: Normalizing state frequencies so that sum of them equals to 1
Optimizing NNI: done in 19.124 secs using 599% CPU
UFBoot tree 466: -212139.562 -> -211203.995
WARNING: Normalizing state frequencies so that sum of them equals to 1
Optimizing NNI: done in 23.3523 secs using 599.2% CPU
UFBoot tree 467: -202837.594 -> -201785.092
WARNING: Normalizing state frequencies so that sum of them equals to 1
Optimizing NNI: done in 25.4689 secs using 598.9% CPU
UFBoot tree 468: -212304.562 -> -211174.588
WARNING: Normalizing state frequencies so that sum of them equals to 1
Optimizing NNI: done in 24.282 secs using 598.9% CPU
UFBoot tree 469: -208718.891 -> -207584.354
WARNING: Normalizing state frequencies so that sum of them equals to 1
Optimizing NNI: done in 29.2342 secs using 599% CPU
UFBoot tree 470: -207883.328 -> -206756.815
WARNING: Normalizing state frequencies so that sum of them equals to 1
Optimizing NNI: done in 13.5771 secs using 599% CPU
UFBoot tree 471: -213020.250 -> -211862.399
WARNING: Normalizing state frequencies so that sum of them equals to 1
Optimizing NNI: done in 23.8802 secs using 599.2% CPU
UFBoot tree 472: -211123.297 -> -210203.308
WARNING: Normalizing state frequencies so that sum of them equals to 1
Optimizing NNI: done in 24.9556 secs using 598.6% CPU
UFBoot tree 473: -195525.531 -> -194660.767
WARNING: Normalizing state frequencies so that sum of them equals to 1
Optimizing NNI: done in 29.065 secs using 598.9% CPU
UFBoot tree 474: -208789.094 -> -207640.518
WARNING: Normalizing state frequencies so that sum of them equals to 1
Optimizing NNI: done in 21.1417 secs using 599% CPU
UFBoot tree 475: -221608.828 -> -220566.764
WARNING: Normalizing state frequencies so that sum of them equals to 1
Optimizing NNI: done in 22.2098 secs using 598.7% CPU
UFBoot tree 476: -212218.000 -> -211115.750
WARNING: Normalizing state frequencies so that sum of them equals to 1
Optimizing NNI: done in 19.207 secs using 598.9% CPU
UFBoot tree 477: -205829.156 -> -204702.262
WARNING: Normalizing state frequencies so that sum of them equals to 1
Optimizing NNI: done in 15.7635 secs using 599.2% CPU
UFBoot tree 478: -203393.234 -> -202220.719
WARNING: Normalizing state frequencies so that sum of them equals to 1
Optimizing NNI: done in 24.1278 secs using 599.1% CPU
UFBoot tree 479: -198317.125 -> -197296.568
WARNING: Normalizing state frequencies so that sum of them equals to 1
Optimizing NNI: done in 21.9479 secs using 599.2% CPU
UFBoot tree 480: -200067.469 -> -199146.585
WARNING: Normalizing state frequencies so that sum of them equals to 1
Optimizing NNI: done in 13.8804 secs using 598.8% CPU
UFBoot tree 481: -198682.125 -> -197706.696
WARNING: Normalizing state frequencies so that sum of them equals to 1
Optimizing NNI: done in 18.6288 secs using 598.9% CPU
UFBoot tree 482: -216549.453 -> -215512.179
WARNING: Normalizing state frequencies so that sum of them equals to 1
Optimizing NNI: done in 23.4288 secs using 598.8% CPU
UFBoot tree 483: -197604.375 -> -196515.598
WARNING: Normalizing state frequencies so that sum of them equals to 1
Optimizing NNI: done in 20.6969 secs using 598.8% CPU
UFBoot tree 484: -188730.781 -> -187699.338
WARNING: Normalizing state frequencies so that sum of them equals to 1
Optimizing NNI: done in 27.7605 secs using 599.2% CPU
UFBoot tree 485: -194350.094 -> -193226.104
WARNING: Normalizing state frequencies so that sum of them equals to 1
Optimizing NNI: done in 24.6185 secs using 598.8% CPU
UFBoot tree 486: -207365.109 -> -206279.696
WARNING: Normalizing state frequencies so that sum of them equals to 1
Optimizing NNI: done in 27.6981 secs using 599.2% CPU
UFBoot tree 487: -215572.938 -> -214593.330
WARNING: Normalizing state frequencies so that sum of them equals to 1
Optimizing NNI: done in 28.644 secs using 599.1% CPU
UFBoot tree 488: -208908.906 -> -207805.348
WARNING: Normalizing state frequencies so that sum of them equals to 1
Optimizing NNI: done in 22.6919 secs using 599.2% CPU
UFBoot tree 489: -195239.109 -> -194279.617
WARNING: Normalizing state frequencies so that sum of them equals to 1
Optimizing NNI: done in 21.0123 secs using 599.2% CPU
UFBoot tree 490: -199518.406 -> -198638.031
WARNING: Normalizing state frequencies so that sum of them equals to 1
Optimizing NNI: done in 24.2156 secs using 598.9% CPU
UFBoot tree 491: -195823.641 -> -194764.643
WARNING: Normalizing state frequencies so that sum of them equals to 1
Optimizing NNI: done in 22.2697 secs using 598.9% CPU
UFBoot tree 492: -201318.469 -> -200352.867
WARNING: Normalizing state frequencies so that sum of them equals to 1
Optimizing NNI: done in 28.2973 secs using 598.9% CPU
UFBoot tree 493: -185771.609 -> -184862.885
WARNING: Normalizing state frequencies so that sum of them equals to 1
Optimizing NNI: done in 16.8024 secs using 598.5% CPU
UFBoot tree 494: -208131.156 -> -207152.466
WARNING: Normalizing state frequencies so that sum of them equals to 1
Optimizing NNI: done in 23.5906 secs using 599% CPU
UFBoot tree 495: -201631.594 -> -200446.107
WARNING: Normalizing state frequencies so that sum of them equals to 1
Optimizing NNI: done in 20.0374 secs using 599.2% CPU
UFBoot tree 496: -196952.578 -> -195888.655
WARNING: Normalizing state frequencies so that sum of them equals to 1
Optimizing NNI: done in 17.1327 secs using 598.9% CPU
UFBoot tree 497: -205667.188 -> -204693.286
WARNING: Normalizing state frequencies so that sum of them equals to 1
Optimizing NNI: done in 24.3873 secs using 598.9% CPU
UFBoot tree 498: -213314.047 -> -212215.591
WARNING: Normalizing state frequencies so that sum of them equals to 1
Optimizing NNI: done in 16.0084 secs using 598.9% CPU
UFBoot tree 499: -201227.000 -> -200225.919
WARNING: Normalizing state frequencies so that sum of them equals to 1
Optimizing NNI: done in 26.1288 secs using 598.9% CPU
UFBoot tree 500: -199950.250 -> -198790.167
500 samples done
WARNING: Normalizing state frequencies so that sum of them equals to 1
Optimizing NNI: done in 18.6044 secs using 598.9% CPU
UFBoot tree 501: -211611.734 -> -210525.606
WARNING: Normalizing state frequencies so that sum of them equals to 1
Optimizing NNI: done in 24.8207 secs using 598.8% CPU
UFBoot tree 502: -189131.625 -> -188124.728
WARNING: Normalizing state frequencies so that sum of them equals to 1
Optimizing NNI: done in 19.9534 secs using 598.6% CPU
UFBoot tree 503: -223845.500 -> -222849.232
WARNING: Normalizing state frequencies so that sum of them equals to 1
Optimizing NNI: done in 20.571 secs using 598.9% CPU
UFBoot tree 504: -206769.906 -> -205685.032
WARNING: Normalizing state frequencies so that sum of them equals to 1
Optimizing NNI: done in 22.1364 secs using 598.9% CPU
UFBoot tree 505: -218657.141 -> -217435.413
WARNING: Normalizing state frequencies so that sum of them equals to 1
Optimizing NNI: done in 19.0995 secs using 599% CPU
UFBoot tree 506: -207991.953 -> -207107.100
WARNING: Normalizing state frequencies so that sum of them equals to 1
Optimizing NNI: done in 20.516 secs using 599% CPU
UFBoot tree 507: -207102.875 -> -206032.622
WARNING: Normalizing state frequencies so that sum of them equals to 1
Optimizing NNI: done in 20.6337 secs using 598.9% CPU
UFBoot tree 508: -200945.000 -> -199872.926
WARNING: Normalizing state frequencies so that sum of them equals to 1
Optimizing NNI: done in 25.6308 secs using 599.1% CPU
UFBoot tree 509: -208598.000 -> -207408.316
WARNING: Normalizing state frequencies so that sum of them equals to 1
Optimizing NNI: done in 18.6086 secs using 598.9% CPU
UFBoot tree 510: -200139.781 -> -199191.646
WARNING: Normalizing state frequencies so that sum of them equals to 1
Optimizing NNI: done in 24.3977 secs using 599.1% CPU
UFBoot tree 511: -199865.625 -> -198732.649
WARNING: Normalizing state frequencies so that sum of them equals to 1
Optimizing NNI: done in 23.5084 secs using 599% CPU
UFBoot tree 512: -196221.875 -> -195118.267
WARNING: Normalizing state frequencies so that sum of them equals to 1
Optimizing NNI: done in 18.191 secs using 599.1% CPU
UFBoot tree 513: -198253.750 -> -197230.929
WARNING: Normalizing state frequencies so that sum of them equals to 1
Optimizing NNI: done in 13.9075 secs using 599.3% CPU
UFBoot tree 514: -194544.938 -> -193632.726
WARNING: Normalizing state frequencies so that sum of them equals to 1
Optimizing NNI: done in 21.1817 secs using 598.9% CPU
UFBoot tree 515: -201318.938 -> -200048.434
WARNING: Normalizing state frequencies so that sum of them equals to 1
Optimizing NNI: done in 23.6824 secs using 598.9% CPU
UFBoot tree 516: -208995.203 -> -208089.113
WARNING: Normalizing state frequencies so that sum of them equals to 1
Optimizing NNI: done in 17.087 secs using 599.2% CPU
UFBoot tree 517: -206857.156 -> -205727.458
WARNING: Normalizing state frequencies so that sum of them equals to 1
Optimizing NNI: done in 20.8628 secs using 599.2% CPU
UFBoot tree 518: -218355.438 -> -217325.828
WARNING: Normalizing state frequencies so that sum of them equals to 1
Optimizing NNI: done in 24.4798 secs using 599% CPU
UFBoot tree 519: -197191.781 -> -196167.354
WARNING: Normalizing state frequencies so that sum of them equals to 1
Optimizing NNI: done in 22.0959 secs using 598.7% CPU
UFBoot tree 520: -191129.719 -> -190102.847
WARNING: Normalizing state frequencies so that sum of them equals to 1
Optimizing NNI: done in 18.7646 secs using 599.3% CPU
UFBoot tree 521: -204612.531 -> -203671.919
WARNING: Normalizing state frequencies so that sum of them equals to 1
Optimizing NNI: done in 16.603 secs using 599% CPU
UFBoot tree 522: -190779.484 -> -189803.434
WARNING: Normalizing state frequencies so that sum of them equals to 1
Optimizing NNI: done in 18.0818 secs using 599% CPU
UFBoot tree 523: -192269.344 -> -191115.678
WARNING: Normalizing state frequencies so that sum of them equals to 1
Optimizing NNI: done in 28.5016 secs using 599% CPU
UFBoot tree 524: -210870.906 -> -209870.316
WARNING: Normalizing state frequencies so that sum of them equals to 1
Optimizing NNI: done in 21.2908 secs using 599.2% CPU
UFBoot tree 525: -207062.594 -> -205948.674
WARNING: Normalizing state frequencies so that sum of them equals to 1
Optimizing NNI: done in 16.6739 secs using 599.2% CPU
UFBoot tree 526: -201926.906 -> -201139.747
WARNING: Normalizing state frequencies so that sum of them equals to 1
Optimizing NNI: done in 16.9643 secs using 599% CPU
UFBoot tree 527: -205261.312 -> -204189.982
WARNING: Normalizing state frequencies so that sum of them equals to 1
Optimizing NNI: done in 24.3705 secs using 599.1% CPU
UFBoot tree 528: -196488.375 -> -195100.525
WARNING: Normalizing state frequencies so that sum of them equals to 1
Optimizing NNI: done in 19.0689 secs using 599% CPU
UFBoot tree 529: -196865.250 -> -195932.013
WARNING: Normalizing state frequencies so that sum of them equals to 1
Optimizing NNI: done in 22.2873 secs using 599.1% CPU
UFBoot tree 530: -199840.688 -> -198728.859
WARNING: Normalizing state frequencies so that sum of them equals to 1
Optimizing NNI: done in 19.8216 secs using 599% CPU
UFBoot tree 531: -203607.438 -> -202704.948
WARNING: Normalizing state frequencies so that sum of them equals to 1
Optimizing NNI: done in 14.3108 secs using 599% CPU
UFBoot tree 532: -206240.156 -> -205175.429
WARNING: Normalizing state frequencies so that sum of them equals to 1
Optimizing NNI: done in 31.786 secs using 599.1% CPU
UFBoot tree 533: -195065.219 -> -194066.923
WARNING: Normalizing state frequencies so that sum of them equals to 1
Optimizing NNI: done in 19.9456 secs using 598.9% CPU
UFBoot tree 534: -211532.484 -> -210502.975
WARNING: Normalizing state frequencies so that sum of them equals to 1
Optimizing NNI: done in 25.713 secs using 599.1% CPU
UFBoot tree 535: -210570.547 -> -209454.461
WARNING: Normalizing state frequencies so that sum of them equals to 1
Optimizing NNI: done in 22.1727 secs using 599.1% CPU
UFBoot tree 536: -206763.094 -> -205827.809
WARNING: Normalizing state frequencies so that sum of them equals to 1
Optimizing NNI: done in 19.6602 secs using 598.9% CPU
UFBoot tree 537: -198645.281 -> -197572.689
WARNING: Normalizing state frequencies so that sum of them equals to 1
Optimizing NNI: done in 32.1963 secs using 599% CPU
UFBoot tree 538: -211980.188 -> -211054.621
WARNING: Normalizing state frequencies so that sum of them equals to 1
Optimizing NNI: done in 18.8551 secs using 599.2% CPU
UFBoot tree 539: -203896.531 -> -202729.759
WARNING: Normalizing state frequencies so that sum of them equals to 1
Optimizing NNI: done in 33.3815 secs using 599% CPU
UFBoot tree 540: -195895.188 -> -194966.179
WARNING: Normalizing state frequencies so that sum of them equals to 1
Optimizing NNI: done in 24.6366 secs using 598.9% CPU
UFBoot tree 541: -193104.203 -> -192125.513
WARNING: Normalizing state frequencies so that sum of them equals to 1
Optimizing NNI: done in 13.6759 secs using 599.1% CPU
UFBoot tree 542: -213171.266 -> -212240.432
WARNING: Normalizing state frequencies so that sum of them equals to 1
Optimizing NNI: done in 19.8482 secs using 599.3% CPU
UFBoot tree 543: -202303.531 -> -201351.772
WARNING: Normalizing state frequencies so that sum of them equals to 1
Optimizing NNI: done in 16.0497 secs using 598.9% CPU
UFBoot tree 544: -203841.250 -> -202728.258
WARNING: Normalizing state frequencies so that sum of them equals to 1
Optimizing NNI: done in 20.2195 secs using 599% CPU
UFBoot tree 545: -204564.172 -> -203718.310
WARNING: Normalizing state frequencies so that sum of them equals to 1
Optimizing NNI: done in 20.5383 secs using 599% CPU
UFBoot tree 546: -201539.234 -> -200165.235
WARNING: Normalizing state frequencies so that sum of them equals to 1
Optimizing NNI: done in 22.8129 secs using 599.1% CPU
UFBoot tree 547: -198058.875 -> -196901.859
WARNING: Normalizing state frequencies so that sum of them equals to 1
Optimizing NNI: done in 31.7541 secs using 599% CPU
UFBoot tree 548: -209909.688 -> -208655.534
WARNING: Normalizing state frequencies so that sum of them equals to 1
Optimizing NNI: done in 21.8288 secs using 598.8% CPU
UFBoot tree 549: -210245.172 -> -209151.323
WARNING: Normalizing state frequencies so that sum of them equals to 1
Optimizing NNI: done in 13.8387 secs using 598.8% CPU
UFBoot tree 550: -223629.578 -> -222486.470
WARNING: Normalizing state frequencies so that sum of them equals to 1
Optimizing NNI: done in 21.8014 secs using 598.9% CPU
UFBoot tree 551: -205687.219 -> -204566.354
WARNING: Normalizing state frequencies so that sum of them equals to 1
Optimizing NNI: done in 23.7897 secs using 599% CPU
UFBoot tree 552: -219810.344 -> -218799.041
WARNING: Normalizing state frequencies so that sum of them equals to 1
Optimizing NNI: done in 28.9698 secs using 599% CPU
UFBoot tree 553: -204389.125 -> -203269.179
WARNING: Normalizing state frequencies so that sum of them equals to 1
Optimizing NNI: done in 24.5062 secs using 598.9% CPU
UFBoot tree 554: -206896.625 -> -205886.015
WARNING: Normalizing state frequencies so that sum of them equals to 1
Optimizing NNI: done in 30.028 secs using 598.7% CPU
UFBoot tree 555: -197742.969 -> -196620.396
WARNING: Normalizing state frequencies so that sum of them equals to 1
Optimizing NNI: done in 21.4914 secs using 599% CPU
UFBoot tree 556: -196856.859 -> -195767.001
WARNING: Normalizing state frequencies so that sum of them equals to 1
Optimizing NNI: done in 16.419 secs using 598.9% CPU
UFBoot tree 557: -207092.844 -> -206098.443
WARNING: Normalizing state frequencies so that sum of them equals to 1
Optimizing NNI: done in 19.1519 secs using 599.2% CPU
UFBoot tree 558: -196509.969 -> -195445.236
WARNING: Normalizing state frequencies so that sum of them equals to 1
Optimizing NNI: done in 22.547 secs using 598.9% CPU
UFBoot tree 559: -200838.125 -> -199695.546
WARNING: Normalizing state frequencies so that sum of them equals to 1
Optimizing NNI: done in 24.0569 secs using 599% CPU
UFBoot tree 560: -204268.438 -> -203213.651
WARNING: Normalizing state frequencies so that sum of them equals to 1
Optimizing NNI: done in 26.1719 secs using 599.1% CPU
UFBoot tree 561: -214445.062 -> -213329.204
WARNING: Normalizing state frequencies so that sum of them equals to 1
Optimizing NNI: done in 20.966 secs using 599% CPU
UFBoot tree 562: -191188.188 -> -189988.535
WARNING: Normalizing state frequencies so that sum of them equals to 1
Optimizing NNI: done in 22.1174 secs using 599% CPU
UFBoot tree 563: -207998.969 -> -206923.317
WARNING: Normalizing state frequencies so that sum of them equals to 1
Optimizing NNI: done in 21.8758 secs using 599% CPU
UFBoot tree 564: -203218.594 -> -201979.911
WARNING: Normalizing state frequencies so that sum of them equals to 1
Optimizing NNI: done in 11.5613 secs using 599.4% CPU
UFBoot tree 565: -222403.938 -> -221292.635
WARNING: Normalizing state frequencies so that sum of them equals to 1
Optimizing NNI: done in 23.0484 secs using 598.8% CPU
UFBoot tree 566: -190759.781 -> -189439.485
WARNING: Normalizing state frequencies so that sum of them equals to 1
Optimizing NNI: done in 24.7392 secs using 598.8% CPU
UFBoot tree 567: -195731.531 -> -194687.650
WARNING: Normalizing state frequencies so that sum of them equals to 1
Optimizing NNI: done in 12.8463 secs using 598.4% CPU
UFBoot tree 568: -200970.359 -> -199995.426
WARNING: Normalizing state frequencies so that sum of them equals to 1
Optimizing NNI: done in 31.0969 secs using 598.9% CPU
UFBoot tree 569: -194679.156 -> -193628.755
WARNING: Normalizing state frequencies so that sum of them equals to 1
Optimizing NNI: done in 14.0712 secs using 599.1% CPU
UFBoot tree 570: -214315.844 -> -213112.906
WARNING: Normalizing state frequencies so that sum of them equals to 1
Optimizing NNI: done in 11.8214 secs using 599.1% CPU
UFBoot tree 571: -206227.297 -> -205171.139
WARNING: Normalizing state frequencies so that sum of them equals to 1
Optimizing NNI: done in 28.3736 secs using 599% CPU
UFBoot tree 572: -219837.906 -> -218904.727
WARNING: Normalizing state frequencies so that sum of them equals to 1
Optimizing NNI: done in 29.5779 secs using 598.9% CPU
UFBoot tree 573: -196293.719 -> -195354.502
WARNING: Normalizing state frequencies so that sum of them equals to 1
Optimizing NNI: done in 23.9114 secs using 599% CPU
UFBoot tree 574: -212586.219 -> -211622.245
WARNING: Normalizing state frequencies so that sum of them equals to 1
Optimizing NNI: done in 29.4492 secs using 599.2% CPU
UFBoot tree 575: -199373.844 -> -198054.667
WARNING: Normalizing state frequencies so that sum of them equals to 1
Optimizing NNI: done in 18.6234 secs using 599.2% CPU
UFBoot tree 576: -209635.703 -> -208568.973
WARNING: Normalizing state frequencies so that sum of them equals to 1
Optimizing NNI: done in 26.5227 secs using 599% CPU
UFBoot tree 577: -206556.062 -> -205642.272
WARNING: Normalizing state frequencies so that sum of them equals to 1
Optimizing NNI: done in 22.0368 secs using 598.9% CPU
UFBoot tree 578: -195504.844 -> -194246.960
WARNING: Normalizing state frequencies so that sum of them equals to 1
Optimizing NNI: done in 20.4768 secs using 599.1% CPU
UFBoot tree 579: -206922.031 -> -205803.432
WARNING: Normalizing state frequencies so that sum of them equals to 1
Optimizing NNI: done in 19.5088 secs using 598.8% CPU
UFBoot tree 580: -195571.625 -> -194612.435
WARNING: Normalizing state frequencies so that sum of them equals to 1
Optimizing NNI: done in 13.5506 secs using 598.7% CPU
UFBoot tree 581: -210861.328 -> -209940.840
WARNING: Normalizing state frequencies so that sum of them equals to 1
Optimizing NNI: done in 28.8129 secs using 598.8% CPU
UFBoot tree 582: -204928.719 -> -203932.086
WARNING: Normalizing state frequencies so that sum of them equals to 1
Optimizing NNI: done in 20.6303 secs using 599% CPU
UFBoot tree 583: -208608.062 -> -207623.745
WARNING: Normalizing state frequencies so that sum of them equals to 1
Optimizing NNI: done in 30.1122 secs using 599% CPU
UFBoot tree 584: -208574.281 -> -207498.364
WARNING: Normalizing state frequencies so that sum of them equals to 1
Optimizing NNI: done in 18.2782 secs using 598.6% CPU
UFBoot tree 585: -201417.266 -> -200470.482
WARNING: Normalizing state frequencies so that sum of them equals to 1
Optimizing NNI: done in 24.9962 secs using 599.3% CPU
UFBoot tree 586: -192889.172 -> -191903.232
WARNING: Normalizing state frequencies so that sum of them equals to 1
Optimizing NNI: done in 36.5015 secs using 598.9% CPU
UFBoot tree 587: -201893.156 -> -200790.326
WARNING: Normalizing state frequencies so that sum of them equals to 1
Optimizing NNI: done in 26.032 secs using 598.8% CPU
UFBoot tree 588: -212035.031 -> -210804.758
WARNING: Normalizing state frequencies so that sum of them equals to 1
Optimizing NNI: done in 20.8555 secs using 599% CPU
UFBoot tree 589: -212201.469 -> -211095.232
WARNING: Normalizing state frequencies so that sum of them equals to 1
Optimizing NNI: done in 24.9986 secs using 598.9% CPU
UFBoot tree 590: -203005.469 -> -201837.358
WARNING: Normalizing state frequencies so that sum of them equals to 1
Optimizing NNI: done in 23.8328 secs using 599.1% CPU
UFBoot tree 591: -216979.266 -> -216049.388
WARNING: Normalizing state frequencies so that sum of them equals to 1
Optimizing NNI: done in 26.5319 secs using 599.1% CPU
UFBoot tree 592: -204817.609 -> -203854.247
WARNING: Normalizing state frequencies so that sum of them equals to 1
Optimizing NNI: done in 24.1739 secs using 599.2% CPU
UFBoot tree 593: -198347.438 -> -197249.472
WARNING: Normalizing state frequencies so that sum of them equals to 1
Optimizing NNI: done in 35.3848 secs using 599.1% CPU
UFBoot tree 594: -202338.641 -> -201280.939
WARNING: Normalizing state frequencies so that sum of them equals to 1
Optimizing NNI: done in 24.8061 secs using 599% CPU
UFBoot tree 595: -202942.656 -> -201912.732
WARNING: Normalizing state frequencies so that sum of them equals to 1
Optimizing NNI: done in 32.5832 secs using 599% CPU
UFBoot tree 596: -200412.562 -> -199332.473
WARNING: Normalizing state frequencies so that sum of them equals to 1
Optimizing NNI: done in 22.7462 secs using 598.9% CPU
UFBoot tree 597: -190312.375 -> -189321.337
WARNING: Normalizing state frequencies so that sum of them equals to 1
Optimizing NNI: done in 22.4156 secs using 599.2% CPU
UFBoot tree 598: -204569.984 -> -203577.067
WARNING: Normalizing state frequencies so that sum of them equals to 1
Optimizing NNI: done in 23.4212 secs using 598.9% CPU
UFBoot tree 599: -208411.094 -> -207243.862
WARNING: Normalizing state frequencies so that sum of them equals to 1
Optimizing NNI: done in 21.518 secs using 599% CPU
UFBoot tree 600: -211221.875 -> -210112.146
600 samples done
WARNING: Normalizing state frequencies so that sum of them equals to 1
Optimizing NNI: done in 29.5902 secs using 599% CPU
UFBoot tree 601: -209084.922 -> -207949.098
WARNING: Normalizing state frequencies so that sum of them equals to 1
Optimizing NNI: done in 33.4044 secs using 599% CPU
UFBoot tree 602: -205851.016 -> -204852.609
WARNING: Normalizing state frequencies so that sum of them equals to 1
Optimizing NNI: done in 20.7196 secs using 599.1% CPU
UFBoot tree 603: -204554.406 -> -203527.794
WARNING: Normalizing state frequencies so that sum of them equals to 1
Optimizing NNI: done in 16.2284 secs using 598.9% CPU
UFBoot tree 604: -183121.656 -> -182021.947
WARNING: Normalizing state frequencies so that sum of them equals to 1
Optimizing NNI: done in 28.1677 secs using 599% CPU
UFBoot tree 605: -210812.656 -> -209623.697
WARNING: Normalizing state frequencies so that sum of them equals to 1
Optimizing NNI: done in 27.5579 secs using 599.1% CPU
UFBoot tree 606: -210467.844 -> -209419.740
WARNING: Normalizing state frequencies so that sum of them equals to 1
Optimizing NNI: done in 24.7708 secs using 598.8% CPU
UFBoot tree 607: -192224.531 -> -191050.737
WARNING: Normalizing state frequencies so that sum of them equals to 1
Optimizing NNI: done in 23.6211 secs using 599% CPU
UFBoot tree 608: -210530.312 -> -209577.528
WARNING: Normalizing state frequencies so that sum of them equals to 1
Optimizing NNI: done in 26.7817 secs using 599.1% CPU
UFBoot tree 609: -202010.875 -> -200992.900
WARNING: Normalizing state frequencies so that sum of them equals to 1
Optimizing NNI: done in 21.9521 secs using 598.7% CPU
UFBoot tree 610: -204944.781 -> -203916.064
WARNING: Normalizing state frequencies so that sum of them equals to 1
Optimizing NNI: done in 20.7378 secs using 599% CPU
UFBoot tree 611: -210275.953 -> -209232.120
WARNING: Normalizing state frequencies so that sum of them equals to 1
Optimizing NNI: done in 25.4159 secs using 599.2% CPU
UFBoot tree 612: -210376.344 -> -209247.394
WARNING: Normalizing state frequencies so that sum of them equals to 1
Optimizing NNI: done in 27.4705 secs using 599.1% CPU
UFBoot tree 613: -201856.125 -> -200877.044
WARNING: Normalizing state frequencies so that sum of them equals to 1
Optimizing NNI: done in 22.1916 secs using 599.1% CPU
UFBoot tree 614: -207087.688 -> -205997.515
WARNING: Normalizing state frequencies so that sum of them equals to 1
Optimizing NNI: done in 23.7074 secs using 598.8% CPU
UFBoot tree 615: -203240.688 -> -202160.243
WARNING: Normalizing state frequencies so that sum of them equals to 1
Optimizing NNI: done in 26.2035 secs using 598.9% CPU
UFBoot tree 616: -197595.016 -> -196522.201
WARNING: Normalizing state frequencies so that sum of them equals to 1
Optimizing NNI: done in 28.0977 secs using 599.1% CPU
UFBoot tree 617: -214054.281 -> -213016.855
WARNING: Normalizing state frequencies so that sum of them equals to 1
Optimizing NNI: done in 16.7169 secs using 599.2% CPU
UFBoot tree 618: -209244.375 -> -208270.999
WARNING: Normalizing state frequencies so that sum of them equals to 1
Optimizing NNI: done in 17.3781 secs using 598.9% CPU
UFBoot tree 619: -192854.891 -> -191931.416
WARNING: Normalizing state frequencies so that sum of them equals to 1
Optimizing NNI: done in 23.1058 secs using 599.3% CPU
UFBoot tree 620: -210593.906 -> -209699.399
WARNING: Normalizing state frequencies so that sum of them equals to 1
Optimizing NNI: done in 24.3435 secs using 599.1% CPU
UFBoot tree 621: -208542.469 -> -207454.318
WARNING: Normalizing state frequencies so that sum of them equals to 1
Optimizing NNI: done in 14.2186 secs using 598.9% CPU
UFBoot tree 622: -210222.062 -> -209397.216
WARNING: Normalizing state frequencies so that sum of them equals to 1
Optimizing NNI: done in 23.0619 secs using 599.1% CPU
UFBoot tree 623: -187371.594 -> -186191.388
WARNING: Normalizing state frequencies so that sum of them equals to 1
Optimizing NNI: done in 24.427 secs using 598.8% CPU
UFBoot tree 624: -211061.938 -> -210035.786
WARNING: Normalizing state frequencies so that sum of them equals to 1
Optimizing NNI: done in 24.341 secs using 599% CPU
UFBoot tree 625: -212598.000 -> -211417.713
WARNING: Normalizing state frequencies so that sum of them equals to 1
Optimizing NNI: done in 29.842 secs using 598.8% CPU
UFBoot tree 626: -205609.953 -> -204524.045
WARNING: Normalizing state frequencies so that sum of them equals to 1
Optimizing NNI: done in 25.9073 secs using 598.9% CPU
UFBoot tree 627: -201503.781 -> -200412.573
WARNING: Normalizing state frequencies so that sum of them equals to 1
Optimizing NNI: done in 21.3688 secs using 598.9% CPU
UFBoot tree 628: -210570.250 -> -209485.437
WARNING: Normalizing state frequencies so that sum of them equals to 1
Optimizing NNI: done in 23.8235 secs using 598.9% CPU
UFBoot tree 629: -199295.719 -> -198177.008
WARNING: Normalizing state frequencies so that sum of them equals to 1
Optimizing NNI: done in 20.66 secs using 598.9% CPU
UFBoot tree 630: -217593.422 -> -216340.094
WARNING: Normalizing state frequencies so that sum of them equals to 1
Optimizing NNI: done in 30.0555 secs using 599.1% CPU
UFBoot tree 631: -205738.828 -> -204652.551
WARNING: Normalizing state frequencies so that sum of them equals to 1
Optimizing NNI: done in 51.1187 secs using 598.9% CPU
UFBoot tree 632: -202277.750 -> -201200.493
WARNING: Normalizing state frequencies so that sum of them equals to 1
Optimizing NNI: done in 39.6518 secs using 598.9% CPU
UFBoot tree 633: -211119.156 -> -209804.426
WARNING: Normalizing state frequencies so that sum of them equals to 1
Optimizing NNI: done in 21.71 secs using 599% CPU
UFBoot tree 634: -204665.219 -> -203712.220
WARNING: Normalizing state frequencies so that sum of them equals to 1
Optimizing NNI: done in 18.5034 secs using 599.1% CPU
UFBoot tree 635: -214086.141 -> -213080.391
WARNING: Normalizing state frequencies so that sum of them equals to 1
Optimizing NNI: done in 24.0324 secs using 598.5% CPU
UFBoot tree 636: -204071.953 -> -202797.588
WARNING: Normalizing state frequencies so that sum of them equals to 1
Optimizing NNI: done in 28.1007 secs using 599.1% CPU
UFBoot tree 637: -211364.219 -> -210227.665
WARNING: Normalizing state frequencies so that sum of them equals to 1
Optimizing NNI: done in 22.4298 secs using 599.1% CPU
UFBoot tree 638: -194788.797 -> -193926.989
WARNING: Normalizing state frequencies so that sum of them equals to 1
Optimizing NNI: done in 19.5661 secs using 599.1% CPU
UFBoot tree 639: -211714.281 -> -210817.802
WARNING: Normalizing state frequencies so that sum of them equals to 1
Optimizing NNI: done in 29.9077 secs using 599.1% CPU
UFBoot tree 640: -211344.250 -> -210528.843
WARNING: Normalizing state frequencies so that sum of them equals to 1
Optimizing NNI: done in 16.9535 secs using 599% CPU
UFBoot tree 641: -211788.703 -> -210914.712
WARNING: Normalizing state frequencies so that sum of them equals to 1
Optimizing NNI: done in 29.7971 secs using 599% CPU
UFBoot tree 642: -205949.031 -> -204922.449
WARNING: Normalizing state frequencies so that sum of them equals to 1
Optimizing NNI: done in 21.087 secs using 599.1% CPU
UFBoot tree 643: -223924.969 -> -222748.053
WARNING: Normalizing state frequencies so that sum of them equals to 1
Optimizing NNI: done in 23.273 secs using 598.9% CPU
UFBoot tree 644: -209137.312 -> -207898.610
WARNING: Normalizing state frequencies so that sum of them equals to 1
Optimizing NNI: done in 21.8805 secs using 599.1% CPU
UFBoot tree 645: -216832.062 -> -215789.346
WARNING: Normalizing state frequencies so that sum of them equals to 1
Optimizing NNI: done in 26.1969 secs using 599% CPU
UFBoot tree 646: -220200.625 -> -219310.989
WARNING: Normalizing state frequencies so that sum of them equals to 1
Optimizing NNI: done in 27.3825 secs using 599.1% CPU
UFBoot tree 647: -209838.750 -> -208748.955
WARNING: Normalizing state frequencies so that sum of them equals to 1
Optimizing NNI: done in 22.3115 secs using 599% CPU
UFBoot tree 648: -209911.375 -> -208920.098
WARNING: Normalizing state frequencies so that sum of them equals to 1
Optimizing NNI: done in 29.7404 secs using 598.9% CPU
UFBoot tree 649: -192808.250 -> -191645.169
WARNING: Normalizing state frequencies so that sum of them equals to 1
Optimizing NNI: done in 32.9361 secs using 599% CPU
UFBoot tree 650: -208111.469 -> -206983.382
WARNING: Normalizing state frequencies so that sum of them equals to 1
Optimizing NNI: done in 19.7257 secs using 598.6% CPU
UFBoot tree 651: -202061.766 -> -200997.088
WARNING: Normalizing state frequencies so that sum of them equals to 1
Optimizing NNI: done in 25.8604 secs using 598.9% CPU
UFBoot tree 652: -207404.609 -> -206139.217
WARNING: Normalizing state frequencies so that sum of them equals to 1
Optimizing NNI: done in 25.3297 secs using 599% CPU
UFBoot tree 653: -218719.969 -> -217800.101
WARNING: Normalizing state frequencies so that sum of them equals to 1
Optimizing NNI: done in 17.1605 secs using 599% CPU
UFBoot tree 654: -195060.156 -> -194028.032
WARNING: Normalizing state frequencies so that sum of them equals to 1
Optimizing NNI: done in 21.1034 secs using 599% CPU
UFBoot tree 655: -214110.828 -> -213076.234
WARNING: Normalizing state frequencies so that sum of them equals to 1
Optimizing NNI: done in 11.0031 secs using 599.1% CPU
UFBoot tree 656: -206562.891 -> -205476.872
WARNING: Normalizing state frequencies so that sum of them equals to 1
Optimizing NNI: done in 21.7451 secs using 598.9% CPU
UFBoot tree 657: -213716.344 -> -212586.839
WARNING: Normalizing state frequencies so that sum of them equals to 1
Optimizing NNI: done in 25.3453 secs using 599.1% CPU
UFBoot tree 658: -195547.750 -> -194421.089
WARNING: Normalizing state frequencies so that sum of them equals to 1
Optimizing NNI: done in 15.6896 secs using 598.9% CPU
UFBoot tree 659: -189240.781 -> -188168.837
WARNING: Normalizing state frequencies so that sum of them equals to 1
Optimizing NNI: done in 26.6222 secs using 598.8% CPU
UFBoot tree 660: -218773.062 -> -217523.252
WARNING: Normalizing state frequencies so that sum of them equals to 1
Optimizing NNI: done in 23.8235 secs using 599% CPU
UFBoot tree 661: -197062.938 -> -196115.175
WARNING: Normalizing state frequencies so that sum of them equals to 1
Optimizing NNI: done in 23.6358 secs using 599% CPU
UFBoot tree 662: -211173.297 -> -210088.116
WARNING: Normalizing state frequencies so that sum of them equals to 1
Optimizing NNI: done in 18.9576 secs using 599.1% CPU
UFBoot tree 663: -204508.188 -> -203461.258
WARNING: Normalizing state frequencies so that sum of them equals to 1
Optimizing NNI: done in 25.7658 secs using 599.1% CPU
UFBoot tree 664: -201308.344 -> -200330.628
WARNING: Normalizing state frequencies so that sum of them equals to 1
Optimizing NNI: done in 25.7194 secs using 599% CPU
UFBoot tree 665: -201590.031 -> -200175.583
WARNING: Normalizing state frequencies so that sum of them equals to 1
Optimizing NNI: done in 15.3481 secs using 599% CPU
UFBoot tree 666: -212165.719 -> -211007.946
WARNING: Normalizing state frequencies so that sum of them equals to 1
Optimizing NNI: done in 24.331 secs using 599.1% CPU
UFBoot tree 667: -209012.969 -> -208087.915
WARNING: Normalizing state frequencies so that sum of them equals to 1
Optimizing NNI: done in 21.4364 secs using 599.2% CPU
UFBoot tree 668: -219920.656 -> -218662.500
WARNING: Normalizing state frequencies so that sum of them equals to 1
Optimizing NNI: done in 28.1823 secs using 599.1% CPU
UFBoot tree 669: -198074.000 -> -196847.106
WARNING: Normalizing state frequencies so that sum of them equals to 1
Optimizing NNI: done in 28.9985 secs using 598.9% CPU
UFBoot tree 670: -188596.812 -> -187567.517
WARNING: Normalizing state frequencies so that sum of them equals to 1
Optimizing NNI: done in 21.3736 secs using 598.8% CPU
UFBoot tree 671: -212776.609 -> -211824.100
WARNING: Normalizing state frequencies so that sum of them equals to 1
Optimizing NNI: done in 32.235 secs using 599.1% CPU
UFBoot tree 672: -204419.516 -> -203537.840
WARNING: Normalizing state frequencies so that sum of them equals to 1
Optimizing NNI: done in 20.5741 secs using 599.2% CPU
UFBoot tree 673: -219574.156 -> -218564.456
WARNING: Normalizing state frequencies so that sum of them equals to 1
Optimizing NNI: done in 25.6159 secs using 598.8% CPU
UFBoot tree 674: -211713.016 -> -210677.247
WARNING: Normalizing state frequencies so that sum of them equals to 1
Optimizing NNI: done in 15.777 secs using 598.8% CPU
UFBoot tree 675: -203786.906 -> -202566.575
WARNING: Normalizing state frequencies so that sum of them equals to 1
Optimizing NNI: done in 17.0064 secs using 599.1% CPU
UFBoot tree 676: -206141.906 -> -205133.144
WARNING: Normalizing state frequencies so that sum of them equals to 1
Optimizing NNI: done in 26.8334 secs using 599.1% CPU
UFBoot tree 677: -208312.562 -> -207111.444
WARNING: Normalizing state frequencies so that sum of them equals to 1
Optimizing NNI: done in 25.4338 secs using 599% CPU
UFBoot tree 678: -208831.844 -> -207795.782
WARNING: Normalizing state frequencies so that sum of them equals to 1
Optimizing NNI: done in 26.6164 secs using 598.9% CPU
UFBoot tree 679: -211787.188 -> -210519.011
WARNING: Normalizing state frequencies so that sum of them equals to 1
Optimizing NNI: done in 27.0912 secs using 599.1% CPU
UFBoot tree 680: -190343.312 -> -189420.062
WARNING: Normalizing state frequencies so that sum of them equals to 1
Optimizing NNI: done in 30.7217 secs using 599.1% CPU
UFBoot tree 681: -216858.625 -> -215673.738
WARNING: Normalizing state frequencies so that sum of them equals to 1
Optimizing NNI: done in 25.5618 secs using 599.2% CPU
UFBoot tree 682: -182005.312 -> -181034.364
WARNING: Normalizing state frequencies so that sum of them equals to 1
Optimizing NNI: done in 25.987 secs using 599.1% CPU
UFBoot tree 683: -217209.688 -> -216196.423
WARNING: Normalizing state frequencies so that sum of them equals to 1
Optimizing NNI: done in 19.8855 secs using 598.9% CPU
UFBoot tree 684: -186982.250 -> -186051.711
WARNING: Normalizing state frequencies so that sum of them equals to 1
Optimizing NNI: done in 22.622 secs using 599.1% CPU
UFBoot tree 685: -201878.219 -> -200826.521
WARNING: Normalizing state frequencies so that sum of them equals to 1
Optimizing NNI: done in 31.3607 secs using 599.1% CPU
UFBoot tree 686: -207911.719 -> -206742.650
WARNING: Normalizing state frequencies so that sum of them equals to 1
Optimizing NNI: done in 18.8333 secs using 599.1% CPU
UFBoot tree 687: -205768.234 -> -204735.951
WARNING: Normalizing state frequencies so that sum of them equals to 1
Optimizing NNI: done in 23.3306 secs using 599.3% CPU
UFBoot tree 688: -203516.656 -> -202517.824
WARNING: Normalizing state frequencies so that sum of them equals to 1
Optimizing NNI: done in 13.4587 secs using 598.3% CPU
UFBoot tree 689: -202795.953 -> -201820.863
WARNING: Normalizing state frequencies so that sum of them equals to 1
Optimizing NNI: done in 19.7542 secs using 599% CPU
UFBoot tree 690: -215352.062 -> -214219.451
WARNING: Normalizing state frequencies so that sum of them equals to 1
Optimizing NNI: done in 19.1423 secs using 599.1% CPU
UFBoot tree 691: -198312.812 -> -197258.291
WARNING: Normalizing state frequencies so that sum of them equals to 1
Optimizing NNI: done in 31.5396 secs using 599.1% CPU
UFBoot tree 692: -223121.281 -> -222065.276
WARNING: Normalizing state frequencies so that sum of them equals to 1
Optimizing NNI: done in 20.2252 secs using 599% CPU
UFBoot tree 693: -206719.875 -> -205751.242
WARNING: Normalizing state frequencies so that sum of them equals to 1
Optimizing NNI: done in 19.5159 secs using 598.9% CPU
UFBoot tree 694: -216783.656 -> -215633.140
WARNING: Normalizing state frequencies so that sum of them equals to 1
Optimizing NNI: done in 22.937 secs using 598.6% CPU
UFBoot tree 695: -208000.078 -> -206831.852
WARNING: Normalizing state frequencies so that sum of them equals to 1
Optimizing NNI: done in 18.8059 secs using 598.9% CPU
UFBoot tree 696: -199950.984 -> -199089.383
WARNING: Normalizing state frequencies so that sum of them equals to 1
Optimizing NNI: done in 24.5441 secs using 598.9% CPU
UFBoot tree 697: -204992.312 -> -203966.176
WARNING: Normalizing state frequencies so that sum of them equals to 1
Optimizing NNI: done in 35.3905 secs using 598.9% CPU
UFBoot tree 698: -207822.594 -> -206620.867
WARNING: Normalizing state frequencies so that sum of them equals to 1
Optimizing NNI: done in 29.0974 secs using 599.2% CPU
UFBoot tree 699: -201398.344 -> -200312.002
WARNING: Normalizing state frequencies so that sum of them equals to 1
Optimizing NNI: done in 20.9639 secs using 599% CPU
UFBoot tree 700: -207447.391 -> -206283.523
700 samples done
WARNING: Normalizing state frequencies so that sum of them equals to 1
Optimizing NNI: done in 25.4834 secs using 599.1% CPU
UFBoot tree 701: -213764.891 -> -212824.096
WARNING: Normalizing state frequencies so that sum of them equals to 1
Optimizing NNI: done in 24.6158 secs using 598.9% CPU
UFBoot tree 702: -222261.703 -> -221069.053
WARNING: Normalizing state frequencies so that sum of them equals to 1
Optimizing NNI: done in 20.9726 secs using 599.2% CPU
UFBoot tree 703: -196097.609 -> -194991.506
WARNING: Normalizing state frequencies so that sum of them equals to 1
Optimizing NNI: done in 34.247 secs using 599.1% CPU
UFBoot tree 704: -205225.812 -> -204083.191
WARNING: Normalizing state frequencies so that sum of them equals to 1
Optimizing NNI: done in 19.0062 secs using 598.8% CPU
UFBoot tree 705: -209073.250 -> -207996.670
WARNING: Normalizing state frequencies so that sum of them equals to 1
Optimizing NNI: done in 26.6438 secs using 599.1% CPU
UFBoot tree 706: -191884.406 -> -190860.830
WARNING: Normalizing state frequencies so that sum of them equals to 1
Optimizing NNI: done in 34.1513 secs using 598.8% CPU
UFBoot tree 707: -197532.203 -> -196372.668
WARNING: Normalizing state frequencies so that sum of them equals to 1
Optimizing NNI: done in 16.2161 secs using 599% CPU
UFBoot tree 708: -212874.531 -> -211743.678
WARNING: Normalizing state frequencies so that sum of them equals to 1
Optimizing NNI: done in 20.8788 secs using 599.2% CPU
UFBoot tree 709: -214870.984 -> -213894.365
WARNING: Normalizing state frequencies so that sum of them equals to 1
Optimizing NNI: done in 26.2256 secs using 598.9% CPU
UFBoot tree 710: -209798.688 -> -208844.349
WARNING: Normalizing state frequencies so that sum of them equals to 1
Optimizing NNI: done in 25.2287 secs using 599.1% CPU
UFBoot tree 711: -192406.438 -> -191347.343
WARNING: Normalizing state frequencies so that sum of them equals to 1
Optimizing NNI: done in 17.1703 secs using 599.1% CPU
UFBoot tree 712: -203962.375 -> -202929.327
WARNING: Normalizing state frequencies so that sum of them equals to 1
Optimizing NNI: done in 32.181 secs using 599.1% CPU
UFBoot tree 713: -217185.375 -> -216097.654
WARNING: Normalizing state frequencies so that sum of them equals to 1
Optimizing NNI: done in 17.9091 secs using 598.8% CPU
UFBoot tree 714: -199008.312 -> -198118.076
WARNING: Normalizing state frequencies so that sum of them equals to 1
Optimizing NNI: done in 21.2007 secs using 599% CPU
UFBoot tree 715: -195986.969 -> -195097.373
WARNING: Normalizing state frequencies so that sum of them equals to 1
Optimizing NNI: done in 21.3355 secs using 599% CPU
UFBoot tree 716: -203334.547 -> -202463.794
WARNING: Normalizing state frequencies so that sum of them equals to 1
Optimizing NNI: done in 27.1509 secs using 599% CPU
UFBoot tree 717: -205194.625 -> -203874.741
WARNING: Normalizing state frequencies so that sum of them equals to 1
Optimizing NNI: done in 22.9426 secs using 599.1% CPU
UFBoot tree 718: -202034.891 -> -200955.698
WARNING: Normalizing state frequencies so that sum of them equals to 1
Optimizing NNI: done in 24.3602 secs using 598.9% CPU
UFBoot tree 719: -216294.391 -> -215322.841
WARNING: Normalizing state frequencies so that sum of them equals to 1
Optimizing NNI: done in 26.6694 secs using 599% CPU
UFBoot tree 720: -202098.969 -> -200840.327
WARNING: Normalizing state frequencies so that sum of them equals to 1
Optimizing NNI: done in 24.7743 secs using 599.1% CPU
UFBoot tree 721: -198387.031 -> -197154.588
WARNING: Normalizing state frequencies so that sum of them equals to 1
Optimizing NNI: done in 15.4919 secs using 598.9% CPU
UFBoot tree 722: -211758.094 -> -210752.200
WARNING: Normalizing state frequencies so that sum of them equals to 1
Optimizing NNI: done in 22.1078 secs using 599.2% CPU
UFBoot tree 723: -199358.188 -> -198359.248
WARNING: Normalizing state frequencies so that sum of them equals to 1
Optimizing NNI: done in 22.6134 secs using 598.9% CPU
UFBoot tree 724: -212376.469 -> -211137.490
WARNING: Normalizing state frequencies so that sum of them equals to 1
Optimizing NNI: done in 22.2588 secs using 598.9% CPU
UFBoot tree 725: -195185.281 -> -193880.882
WARNING: Normalizing state frequencies so that sum of them equals to 1
Optimizing NNI: done in 19.4599 secs using 598.9% CPU
UFBoot tree 726: -205992.266 -> -205006.746
WARNING: Normalizing state frequencies so that sum of them equals to 1
Optimizing NNI: done in 19.2961 secs using 599.1% CPU
UFBoot tree 727: -201696.859 -> -200597.923
WARNING: Normalizing state frequencies so that sum of them equals to 1
Optimizing NNI: done in 30.9943 secs using 599% CPU
UFBoot tree 728: -213604.953 -> -212320.149
WARNING: Normalizing state frequencies so that sum of them equals to 1
Optimizing NNI: done in 33.0008 secs using 598.9% CPU
UFBoot tree 729: -218902.250 -> -217906.435
WARNING: Normalizing state frequencies so that sum of them equals to 1
Optimizing NNI: done in 22.1228 secs using 599.4% CPU
UFBoot tree 730: -207119.250 -> -205907.444
WARNING: Normalizing state frequencies so that sum of them equals to 1
Optimizing NNI: done in 17.2559 secs using 598.8% CPU
UFBoot tree 731: -197056.781 -> -195717.221
WARNING: Normalizing state frequencies so that sum of them equals to 1
Optimizing NNI: done in 11.5539 secs using 598.8% CPU
UFBoot tree 732: -208615.969 -> -207569.650
WARNING: Normalizing state frequencies so that sum of them equals to 1
Optimizing NNI: done in 29.2021 secs using 599.2% CPU
UFBoot tree 733: -189324.750 -> -188188.091
WARNING: Normalizing state frequencies so that sum of them equals to 1
Optimizing NNI: done in 19.5122 secs using 599% CPU
UFBoot tree 734: -210905.406 -> -209955.617
WARNING: Normalizing state frequencies so that sum of them equals to 1
Optimizing NNI: done in 23.5769 secs using 598.9% CPU
UFBoot tree 735: -206642.906 -> -205644.261
WARNING: Normalizing state frequencies so that sum of them equals to 1
Optimizing NNI: done in 25.6802 secs using 599% CPU
UFBoot tree 736: -198969.312 -> -197903.088
WARNING: Normalizing state frequencies so that sum of them equals to 1
Optimizing NNI: done in 24.6826 secs using 598.8% CPU
UFBoot tree 737: -208021.609 -> -206925.835
WARNING: Normalizing state frequencies so that sum of them equals to 1
Optimizing NNI: done in 23.3903 secs using 598.9% CPU
UFBoot tree 738: -201734.312 -> -200509.505
WARNING: Normalizing state frequencies so that sum of them equals to 1
Optimizing NNI: done in 24.896 secs using 599.1% CPU
UFBoot tree 739: -206337.594 -> -205353.053
WARNING: Normalizing state frequencies so that sum of them equals to 1
Optimizing NNI: done in 33.29 secs using 598.9% CPU
UFBoot tree 740: -210444.125 -> -209362.401
WARNING: Normalizing state frequencies so that sum of them equals to 1
Optimizing NNI: done in 30.8547 secs using 598.9% CPU
UFBoot tree 741: -218689.688 -> -217668.824
WARNING: Normalizing state frequencies so that sum of them equals to 1
Optimizing NNI: done in 26.718 secs using 599% CPU
UFBoot tree 742: -195627.031 -> -194578.755
WARNING: Normalizing state frequencies so that sum of them equals to 1
Optimizing NNI: done in 21.0974 secs using 598.9% CPU
UFBoot tree 743: -196106.328 -> -194991.679
WARNING: Normalizing state frequencies so that sum of them equals to 1
Optimizing NNI: done in 18.3797 secs using 599% CPU
UFBoot tree 744: -217049.531 -> -216025.295
WARNING: Normalizing state frequencies so that sum of them equals to 1
Optimizing NNI: done in 21.0665 secs using 598.8% CPU
UFBoot tree 745: -199263.531 -> -198238.386
WARNING: Normalizing state frequencies so that sum of them equals to 1
Optimizing NNI: done in 25.0756 secs using 599.1% CPU
UFBoot tree 746: -203499.547 -> -202526.437
WARNING: Normalizing state frequencies so that sum of them equals to 1
Optimizing NNI: done in 25.0628 secs using 599.1% CPU
UFBoot tree 747: -202993.219 -> -201978.364
WARNING: Normalizing state frequencies so that sum of them equals to 1
Optimizing NNI: done in 25.2269 secs using 599.1% CPU
UFBoot tree 748: -212905.656 -> -211925.508
WARNING: Normalizing state frequencies so that sum of them equals to 1
Optimizing NNI: done in 16.24 secs using 599.1% CPU
UFBoot tree 749: -196419.844 -> -195336.899
WARNING: Normalizing state frequencies so that sum of them equals to 1
Optimizing NNI: done in 24.5895 secs using 599.2% CPU
UFBoot tree 750: -206777.531 -> -205760.792
WARNING: Normalizing state frequencies so that sum of them equals to 1
Optimizing NNI: done in 21.925 secs using 599% CPU
UFBoot tree 751: -207881.969 -> -207002.789
WARNING: Normalizing state frequencies so that sum of them equals to 1
Optimizing NNI: done in 41.2418 secs using 599.1% CPU
UFBoot tree 752: -209433.781 -> -208270.923
WARNING: Normalizing state frequencies so that sum of them equals to 1
Optimizing NNI: done in 25.0664 secs using 599% CPU
UFBoot tree 753: -198916.969 -> -197953.828
WARNING: Normalizing state frequencies so that sum of them equals to 1
Optimizing NNI: done in 21.7132 secs using 599% CPU
UFBoot tree 754: -207770.859 -> -206721.443
WARNING: Normalizing state frequencies so that sum of them equals to 1
Optimizing NNI: done in 30.6001 secs using 599% CPU
UFBoot tree 755: -206141.047 -> -205086.460
WARNING: Normalizing state frequencies so that sum of them equals to 1
Optimizing NNI: done in 28.4639 secs using 599.1% CPU
UFBoot tree 756: -211590.312 -> -210626.966
WARNING: Normalizing state frequencies so that sum of them equals to 1
Optimizing NNI: done in 19.9315 secs using 599.1% CPU
UFBoot tree 757: -202184.125 -> -201125.476
WARNING: Normalizing state frequencies so that sum of them equals to 1
Optimizing NNI: done in 20.9997 secs using 598.8% CPU
UFBoot tree 758: -206534.359 -> -205331.136
WARNING: Normalizing state frequencies so that sum of them equals to 1
Optimizing NNI: done in 16.5043 secs using 598.9% CPU
UFBoot tree 759: -205588.312 -> -204482.813
WARNING: Normalizing state frequencies so that sum of them equals to 1
Optimizing NNI: done in 17.1697 secs using 599% CPU
UFBoot tree 760: -222625.984 -> -221728.813
WARNING: Normalizing state frequencies so that sum of them equals to 1
Optimizing NNI: done in 29.6459 secs using 598.8% CPU
UFBoot tree 761: -205756.328 -> -204627.882
WARNING: Normalizing state frequencies so that sum of them equals to 1
Optimizing NNI: done in 24.268 secs using 599.1% CPU
UFBoot tree 762: -206560.625 -> -205538.648
WARNING: Normalizing state frequencies so that sum of them equals to 1
Optimizing NNI: done in 30.5567 secs using 598.9% CPU
UFBoot tree 763: -205538.375 -> -204507.907
WARNING: Normalizing state frequencies so that sum of them equals to 1
Optimizing NNI: done in 24.2108 secs using 599% CPU
UFBoot tree 764: -199306.406 -> -198254.589
WARNING: Normalizing state frequencies so that sum of them equals to 1
Optimizing NNI: done in 24.8557 secs using 599.3% CPU
UFBoot tree 765: -206027.047 -> -204972.621
WARNING: Normalizing state frequencies so that sum of them equals to 1
Optimizing NNI: done in 23.6887 secs using 599% CPU
UFBoot tree 766: -203105.266 -> -202207.421
WARNING: Normalizing state frequencies so that sum of them equals to 1
Optimizing NNI: done in 21.6601 secs using 599.1% CPU
UFBoot tree 767: -206347.062 -> -205178.493
WARNING: Normalizing state frequencies so that sum of them equals to 1
Optimizing NNI: done in 18.9608 secs using 598.8% CPU
UFBoot tree 768: -197363.984 -> -196450.765
WARNING: Normalizing state frequencies so that sum of them equals to 1
Optimizing NNI: done in 24.9415 secs using 599.1% CPU
UFBoot tree 769: -210086.000 -> -209040.803
WARNING: Normalizing state frequencies so that sum of them equals to 1
Optimizing NNI: done in 27.9417 secs using 599.2% CPU
UFBoot tree 770: -212942.375 -> -211820.139
WARNING: Normalizing state frequencies so that sum of them equals to 1
Optimizing NNI: done in 23.0509 secs using 599.1% CPU
UFBoot tree 771: -207430.234 -> -206417.450
WARNING: Normalizing state frequencies so that sum of them equals to 1
Optimizing NNI: done in 24.913 secs using 598.9% CPU
UFBoot tree 772: -202984.281 -> -201829.427
WARNING: Normalizing state frequencies so that sum of them equals to 1
Optimizing NNI: done in 23.6694 secs using 598.9% CPU
UFBoot tree 773: -195911.219 -> -194810.619
WARNING: Normalizing state frequencies so that sum of them equals to 1
Optimizing NNI: done in 13.8457 secs using 598.8% CPU
UFBoot tree 774: -209152.250 -> -208273.984
WARNING: Normalizing state frequencies so that sum of them equals to 1
Optimizing NNI: done in 23.4693 secs using 599.1% CPU
UFBoot tree 775: -198160.625 -> -197277.896
WARNING: Normalizing state frequencies so that sum of them equals to 1
Optimizing NNI: done in 27.3569 secs using 598.9% CPU
UFBoot tree 776: -203213.469 -> -201960.278
WARNING: Normalizing state frequencies so that sum of them equals to 1
Optimizing NNI: done in 26.215 secs using 599% CPU
UFBoot tree 777: -200253.797 -> -199158.594
WARNING: Normalizing state frequencies so that sum of them equals to 1
Optimizing NNI: done in 29.5545 secs using 599.1% CPU
UFBoot tree 778: -205823.125 -> -204763.866
WARNING: Normalizing state frequencies so that sum of them equals to 1
Optimizing NNI: done in 15.5407 secs using 598.7% CPU
UFBoot tree 779: -205263.938 -> -204187.905
WARNING: Normalizing state frequencies so that sum of them equals to 1
Optimizing NNI: done in 18.6821 secs using 598.8% CPU
UFBoot tree 780: -208895.406 -> -207767.554
WARNING: Normalizing state frequencies so that sum of them equals to 1
Optimizing NNI: done in 27.1993 secs using 599% CPU
UFBoot tree 781: -205968.453 -> -204927.181
WARNING: Normalizing state frequencies so that sum of them equals to 1
Optimizing NNI: done in 25.3725 secs using 598.9% CPU
UFBoot tree 782: -204948.594 -> -203890.973
WARNING: Normalizing state frequencies so that sum of them equals to 1
Optimizing NNI: done in 27.4736 secs using 598.7% CPU
UFBoot tree 783: -221364.969 -> -220362.512
WARNING: Normalizing state frequencies so that sum of them equals to 1
Optimizing NNI: done in 23.0918 secs using 599.1% CPU
UFBoot tree 784: -209359.812 -> -208327.649
WARNING: Normalizing state frequencies so that sum of them equals to 1
Optimizing NNI: done in 24.0775 secs using 599% CPU
UFBoot tree 785: -196238.969 -> -195223.826
WARNING: Normalizing state frequencies so that sum of them equals to 1
Optimizing NNI: done in 49.1428 secs using 599% CPU
UFBoot tree 786: -202080.969 -> -200898.542
WARNING: Normalizing state frequencies so that sum of them equals to 1
Optimizing NNI: done in 18.2028 secs using 599.1% CPU
UFBoot tree 787: -206224.641 -> -205149.916
WARNING: Normalizing state frequencies so that sum of them equals to 1
Optimizing NNI: done in 22.0597 secs using 598.9% CPU
UFBoot tree 788: -212035.281 -> -211029.255
WARNING: Normalizing state frequencies so that sum of them equals to 1
Optimizing NNI: done in 27.308 secs using 599.1% CPU
UFBoot tree 789: -205465.344 -> -204504.535
WARNING: Normalizing state frequencies so that sum of them equals to 1
Optimizing NNI: done in 22.996 secs using 598.9% CPU
UFBoot tree 790: -209093.844 -> -208033.037
WARNING: Normalizing state frequencies so that sum of them equals to 1
Optimizing NNI: done in 21.3353 secs using 599.2% CPU
UFBoot tree 791: -209349.750 -> -208285.073
WARNING: Normalizing state frequencies so that sum of them equals to 1
Optimizing NNI: done in 16.0317 secs using 598.8% CPU
UFBoot tree 792: -200307.062 -> -199192.840
WARNING: Normalizing state frequencies so that sum of them equals to 1
Optimizing NNI: done in 16.644 secs using 598.8% CPU
UFBoot tree 793: -208244.281 -> -207192.751
WARNING: Normalizing state frequencies so that sum of them equals to 1
Optimizing NNI: done in 24.3859 secs using 599.1% CPU
UFBoot tree 794: -211280.000 -> -210083.113
WARNING: Normalizing state frequencies so that sum of them equals to 1
Optimizing NNI: done in 23.7562 secs using 598.9% CPU
UFBoot tree 795: -214276.000 -> -213193.623
WARNING: Normalizing state frequencies so that sum of them equals to 1
Optimizing NNI: done in 16.725 secs using 599.3% CPU
UFBoot tree 796: -192549.125 -> -191434.747
WARNING: Normalizing state frequencies so that sum of them equals to 1
Optimizing NNI: done in 17.2718 secs using 599.2% CPU
UFBoot tree 797: -200809.453 -> -199870.892
WARNING: Normalizing state frequencies so that sum of them equals to 1
Optimizing NNI: done in 27.5949 secs using 598.8% CPU
UFBoot tree 798: -194839.859 -> -193767.777
WARNING: Normalizing state frequencies so that sum of them equals to 1
Optimizing NNI: done in 24.0714 secs using 598.8% CPU
UFBoot tree 799: -190915.031 -> -189888.135
WARNING: Normalizing state frequencies so that sum of them equals to 1
Optimizing NNI: done in 20.5207 secs using 599.3% CPU
UFBoot tree 800: -200723.375 -> -199748.000
800 samples done
WARNING: Normalizing state frequencies so that sum of them equals to 1
Optimizing NNI: done in 27.0776 secs using 599.2% CPU
UFBoot tree 801: -196419.438 -> -195335.272
WARNING: Normalizing state frequencies so that sum of them equals to 1
Optimizing NNI: done in 21.4243 secs using 599% CPU
UFBoot tree 802: -199695.891 -> -198548.222
WARNING: Normalizing state frequencies so that sum of them equals to 1
Optimizing NNI: done in 25.965 secs using 598.9% CPU
UFBoot tree 803: -199968.047 -> -198918.832
WARNING: Normalizing state frequencies so that sum of them equals to 1
Optimizing NNI: done in 16.5164 secs using 598.9% CPU
UFBoot tree 804: -204426.094 -> -203196.497
WARNING: Normalizing state frequencies so that sum of them equals to 1
Optimizing NNI: done in 37.4667 secs using 598.9% CPU
UFBoot tree 805: -206860.094 -> -205905.240
WARNING: Normalizing state frequencies so that sum of them equals to 1
Optimizing NNI: done in 39.7291 secs using 599.2% CPU
UFBoot tree 806: -215320.250 -> -214338.904
WARNING: Normalizing state frequencies so that sum of them equals to 1
Optimizing NNI: done in 24.4531 secs using 599% CPU
UFBoot tree 807: -184159.062 -> -183150.529
WARNING: Normalizing state frequencies so that sum of them equals to 1
Optimizing NNI: done in 29.6344 secs using 598.9% CPU
UFBoot tree 808: -194136.969 -> -193059.149
WARNING: Normalizing state frequencies so that sum of them equals to 1
Optimizing NNI: done in 30.7038 secs using 599.1% CPU
UFBoot tree 809: -200400.844 -> -199267.385
WARNING: Normalizing state frequencies so that sum of them equals to 1
Optimizing NNI: done in 18.9514 secs using 599% CPU
UFBoot tree 810: -208529.922 -> -207601.244
WARNING: Normalizing state frequencies so that sum of them equals to 1
Optimizing NNI: done in 26.0665 secs using 598.9% CPU
UFBoot tree 811: -211919.016 -> -210835.059
WARNING: Normalizing state frequencies so that sum of them equals to 1
Optimizing NNI: done in 19.1125 secs using 599.2% CPU
UFBoot tree 812: -192246.375 -> -191252.529
WARNING: Normalizing state frequencies so that sum of them equals to 1
Optimizing NNI: done in 18.4507 secs using 599.1% CPU
UFBoot tree 813: -207588.359 -> -206534.443
WARNING: Normalizing state frequencies so that sum of them equals to 1
Optimizing NNI: done in 16.5055 secs using 598.6% CPU
UFBoot tree 814: -200453.781 -> -199535.237
WARNING: Normalizing state frequencies so that sum of them equals to 1
Optimizing NNI: done in 19.4079 secs using 598.7% CPU
UFBoot tree 815: -203493.141 -> -202432.661
WARNING: Normalizing state frequencies so that sum of them equals to 1
Optimizing NNI: done in 23.6952 secs using 599% CPU
UFBoot tree 816: -205047.531 -> -204026.863
WARNING: Normalizing state frequencies so that sum of them equals to 1
Optimizing NNI: done in 27.2853 secs using 598.9% CPU
UFBoot tree 817: -206953.125 -> -205907.318
WARNING: Normalizing state frequencies so that sum of them equals to 1
Optimizing NNI: done in 13.8938 secs using 598.7% CPU
UFBoot tree 818: -213068.812 -> -211988.184
WARNING: Normalizing state frequencies so that sum of them equals to 1
Optimizing NNI: done in 19.6453 secs using 599.2% CPU
UFBoot tree 819: -212134.875 -> -211362.226
WARNING: Normalizing state frequencies so that sum of them equals to 1
Optimizing NNI: done in 20.2117 secs using 599% CPU
UFBoot tree 820: -202542.219 -> -201411.658
WARNING: Normalizing state frequencies so that sum of them equals to 1
Optimizing NNI: done in 23.2907 secs using 599% CPU
UFBoot tree 821: -193321.781 -> -192405.585
WARNING: Normalizing state frequencies so that sum of them equals to 1
Optimizing NNI: done in 26.7077 secs using 599.2% CPU
UFBoot tree 822: -212095.875 -> -211162.320
WARNING: Normalizing state frequencies so that sum of them equals to 1
Optimizing NNI: done in 24.3424 secs using 598.9% CPU
UFBoot tree 823: -201882.297 -> -200790.817
WARNING: Normalizing state frequencies so that sum of them equals to 1
Optimizing NNI: done in 31.2043 secs using 598.8% CPU
UFBoot tree 824: -211307.672 -> -210013.799
WARNING: Normalizing state frequencies so that sum of them equals to 1
Optimizing NNI: done in 26.4713 secs using 598.8% CPU
UFBoot tree 825: -197278.328 -> -196381.271
WARNING: Normalizing state frequencies so that sum of them equals to 1
Optimizing NNI: done in 25.2177 secs using 598.8% CPU
UFBoot tree 826: -196481.344 -> -195514.280
WARNING: Normalizing state frequencies so that sum of them equals to 1
Optimizing NNI: done in 25.3766 secs using 598.9% CPU
UFBoot tree 827: -223303.906 -> -222200.907
WARNING: Normalizing state frequencies so that sum of them equals to 1
Optimizing NNI: done in 13.3527 secs using 598.9% CPU
UFBoot tree 828: -195840.281 -> -194827.968
WARNING: Normalizing state frequencies so that sum of them equals to 1
Optimizing NNI: done in 22.2726 secs using 599.1% CPU
UFBoot tree 829: -202369.375 -> -201313.117
WARNING: Normalizing state frequencies so that sum of them equals to 1
Optimizing NNI: done in 21.6686 secs using 598.8% CPU
UFBoot tree 830: -191354.453 -> -190400.342
WARNING: Normalizing state frequencies so that sum of them equals to 1
Optimizing NNI: done in 27.1339 secs using 599% CPU
UFBoot tree 831: -212966.328 -> -211587.281
WARNING: Normalizing state frequencies so that sum of them equals to 1
Optimizing NNI: done in 28.6049 secs using 599% CPU
UFBoot tree 832: -204164.156 -> -203102.904
WARNING: Normalizing state frequencies so that sum of them equals to 1
Optimizing NNI: done in 30.0578 secs using 599% CPU
UFBoot tree 833: -203776.406 -> -202679.956
WARNING: Normalizing state frequencies so that sum of them equals to 1
Optimizing NNI: done in 60.5409 secs using 599.1% CPU
UFBoot tree 834: -191586.969 -> -190487.806
WARNING: Normalizing state frequencies so that sum of them equals to 1
Optimizing NNI: done in 33.8749 secs using 599.1% CPU
UFBoot tree 835: -215293.672 -> -214154.103
WARNING: Normalizing state frequencies so that sum of them equals to 1
Optimizing NNI: done in 18.2652 secs using 598.8% CPU
UFBoot tree 836: -199934.688 -> -199031.302
WARNING: Normalizing state frequencies so that sum of them equals to 1
Optimizing NNI: done in 31.9886 secs using 598.9% CPU
UFBoot tree 837: -212735.938 -> -211774.529
WARNING: Normalizing state frequencies so that sum of them equals to 1
Optimizing NNI: done in 31.9388 secs using 599.1% CPU
UFBoot tree 838: -201795.344 -> -200817.171
WARNING: Normalizing state frequencies so that sum of them equals to 1
Optimizing NNI: done in 21.1847 secs using 598.9% CPU
UFBoot tree 839: -207113.141 -> -206086.985
WARNING: Normalizing state frequencies so that sum of them equals to 1
Optimizing NNI: done in 23.1006 secs using 599% CPU
UFBoot tree 840: -230216.031 -> -229048.127
WARNING: Normalizing state frequencies so that sum of them equals to 1
Optimizing NNI: done in 18.4393 secs using 598.8% CPU
UFBoot tree 841: -205552.141 -> -204351.958
WARNING: Normalizing state frequencies so that sum of them equals to 1
Optimizing NNI: done in 41.3516 secs using 599.2% CPU
UFBoot tree 842: -203027.578 -> -201791.559
WARNING: Normalizing state frequencies so that sum of them equals to 1
Optimizing NNI: done in 27.3952 secs using 599.1% CPU
UFBoot tree 843: -206933.062 -> -205752.833
WARNING: Normalizing state frequencies so that sum of them equals to 1
Optimizing NNI: done in 39.4796 secs using 599.1% CPU
UFBoot tree 844: -204610.312 -> -203616.283
WARNING: Normalizing state frequencies so that sum of them equals to 1
Optimizing NNI: done in 19.0935 secs using 599% CPU
UFBoot tree 845: -194611.125 -> -193721.431
WARNING: Normalizing state frequencies so that sum of them equals to 1
Optimizing NNI: done in 27.159 secs using 599% CPU
UFBoot tree 846: -194776.594 -> -193730.555
WARNING: Normalizing state frequencies so that sum of them equals to 1
Optimizing NNI: done in 27.136 secs using 599.2% CPU
UFBoot tree 847: -223287.422 -> -222293.739
WARNING: Normalizing state frequencies so that sum of them equals to 1
Optimizing NNI: done in 27.4707 secs using 599.3% CPU
UFBoot tree 848: -203048.234 -> -201983.809
WARNING: Normalizing state frequencies so that sum of them equals to 1
Optimizing NNI: done in 21.9681 secs using 599.1% CPU
UFBoot tree 849: -212841.062 -> -211677.608
WARNING: Normalizing state frequencies so that sum of them equals to 1
Optimizing NNI: done in 24.3868 secs using 599.2% CPU
UFBoot tree 850: -217591.312 -> -216534.262
WARNING: Normalizing state frequencies so that sum of them equals to 1
Optimizing NNI: done in 25.8911 secs using 599.1% CPU
UFBoot tree 851: -217932.453 -> -216900.270
WARNING: Normalizing state frequencies so that sum of them equals to 1
Optimizing NNI: done in 18.7918 secs using 599.2% CPU
UFBoot tree 852: -205991.125 -> -204812.862
WARNING: Normalizing state frequencies so that sum of them equals to 1
Optimizing NNI: done in 20.3048 secs using 599% CPU
UFBoot tree 853: -216864.031 -> -215768.162
WARNING: Normalizing state frequencies so that sum of them equals to 1
Optimizing NNI: done in 21.9323 secs using 599.1% CPU
UFBoot tree 854: -200750.375 -> -199755.217
WARNING: Normalizing state frequencies so that sum of them equals to 1
Optimizing NNI: done in 23.7992 secs using 598.9% CPU
UFBoot tree 855: -216633.500 -> -215590.768
WARNING: Normalizing state frequencies so that sum of them equals to 1
Optimizing NNI: done in 27.0144 secs using 599% CPU
UFBoot tree 856: -206850.531 -> -205960.285
WARNING: Normalizing state frequencies so that sum of them equals to 1
Optimizing NNI: done in 30.8347 secs using 599% CPU
UFBoot tree 857: -204875.797 -> -203854.896
WARNING: Normalizing state frequencies so that sum of them equals to 1
Optimizing NNI: done in 19.151 secs using 599.1% CPU
UFBoot tree 858: -211038.906 -> -210056.827
WARNING: Normalizing state frequencies so that sum of them equals to 1
Optimizing NNI: done in 16.2303 secs using 598.9% CPU
UFBoot tree 859: -218145.562 -> -217100.175
WARNING: Normalizing state frequencies so that sum of them equals to 1
Optimizing NNI: done in 21.2084 secs using 599% CPU
UFBoot tree 860: -213108.469 -> -212013.529
WARNING: Normalizing state frequencies so that sum of them equals to 1
Optimizing NNI: done in 24.9439 secs using 598.8% CPU
UFBoot tree 861: -192665.766 -> -191623.605
WARNING: Normalizing state frequencies so that sum of them equals to 1
Optimizing NNI: done in 20.7771 secs using 598.8% CPU
UFBoot tree 862: -217348.781 -> -216365.050
WARNING: Normalizing state frequencies so that sum of them equals to 1
Optimizing NNI: done in 21.7792 secs using 599.1% CPU
UFBoot tree 863: -218077.891 -> -217093.763
WARNING: Normalizing state frequencies so that sum of them equals to 1
Optimizing NNI: done in 31.4721 secs using 599% CPU
UFBoot tree 864: -212807.766 -> -211794.838
WARNING: Normalizing state frequencies so that sum of them equals to 1
Optimizing NNI: done in 20.3384 secs using 598.8% CPU
UFBoot tree 865: -206636.734 -> -205448.534
WARNING: Normalizing state frequencies so that sum of them equals to 1
Optimizing NNI: done in 25.419 secs using 599.1% CPU
UFBoot tree 866: -188740.531 -> -187817.715
WARNING: Normalizing state frequencies so that sum of them equals to 1
Optimizing NNI: done in 24.6663 secs using 599.1% CPU
UFBoot tree 867: -192243.062 -> -191176.564
WARNING: Normalizing state frequencies so that sum of them equals to 1
Optimizing NNI: done in 34.1311 secs using 599% CPU
UFBoot tree 868: -203342.062 -> -202420.032
WARNING: Normalizing state frequencies so that sum of them equals to 1
Optimizing NNI: done in 21.5211 secs using 598.9% CPU
UFBoot tree 869: -209370.031 -> -208210.490
WARNING: Normalizing state frequencies so that sum of them equals to 1
Optimizing NNI: done in 23.6711 secs using 598.9% CPU
UFBoot tree 870: -194661.812 -> -193557.966
WARNING: Normalizing state frequencies so that sum of them equals to 1
Optimizing NNI: done in 21.0309 secs using 599.1% CPU
UFBoot tree 871: -210207.766 -> -209295.336
WARNING: Normalizing state frequencies so that sum of them equals to 1
Optimizing NNI: done in 20.9249 secs using 598.8% CPU
UFBoot tree 872: -208903.250 -> -207861.401
WARNING: Normalizing state frequencies so that sum of them equals to 1
Optimizing NNI: done in 28.0871 secs using 599% CPU
UFBoot tree 873: -213692.062 -> -212529.582
WARNING: Normalizing state frequencies so that sum of them equals to 1
Optimizing NNI: done in 25.1947 secs using 599% CPU
UFBoot tree 874: -207208.812 -> -206141.567
WARNING: Normalizing state frequencies so that sum of them equals to 1
Optimizing NNI: done in 24.1166 secs using 598.9% CPU
UFBoot tree 875: -187951.781 -> -186908.412
WARNING: Normalizing state frequencies so that sum of them equals to 1
Optimizing NNI: done in 17.7565 secs using 599.1% CPU
UFBoot tree 876: -208924.375 -> -207780.826
WARNING: Normalizing state frequencies so that sum of them equals to 1
Optimizing NNI: done in 12.9867 secs using 598.6% CPU
UFBoot tree 877: -195503.125 -> -194329.810
WARNING: Normalizing state frequencies so that sum of them equals to 1
Optimizing NNI: done in 47.3991 secs using 599.2% CPU
UFBoot tree 878: -203734.859 -> -202459.066
WARNING: Normalizing state frequencies so that sum of them equals to 1
Optimizing NNI: done in 20.2108 secs using 599% CPU
UFBoot tree 879: -201592.094 -> -200597.966
WARNING: Normalizing state frequencies so that sum of them equals to 1
Optimizing NNI: done in 19.7554 secs using 598.8% CPU
UFBoot tree 880: -207641.125 -> -206638.668
WARNING: Normalizing state frequencies so that sum of them equals to 1
Optimizing NNI: done in 21.3881 secs using 599.1% CPU
UFBoot tree 881: -204000.281 -> -202904.326
WARNING: Normalizing state frequencies so that sum of them equals to 1
Optimizing NNI: done in 24.2577 secs using 599% CPU
UFBoot tree 882: -209017.734 -> -208068.346
WARNING: Normalizing state frequencies so that sum of them equals to 1
Optimizing NNI: done in 25.3622 secs using 598.8% CPU
UFBoot tree 883: -211302.734 -> -210352.883
WARNING: Normalizing state frequencies so that sum of them equals to 1
Optimizing NNI: done in 24.2999 secs using 599.1% CPU
UFBoot tree 884: -219998.781 -> -219161.018
WARNING: Normalizing state frequencies so that sum of them equals to 1
Optimizing NNI: done in 28.9018 secs using 599.2% CPU
UFBoot tree 885: -182230.719 -> -181147.978
WARNING: Normalizing state frequencies so that sum of them equals to 1
Optimizing NNI: done in 25.1384 secs using 599% CPU
UFBoot tree 886: -185698.406 -> -184570.796
WARNING: Normalizing state frequencies so that sum of them equals to 1
Optimizing NNI: done in 27.7273 secs using 598.9% CPU
UFBoot tree 887: -201517.625 -> -200443.713
WARNING: Normalizing state frequencies so that sum of them equals to 1
Optimizing NNI: done in 29.2643 secs using 599.1% CPU
UFBoot tree 888: -201286.047 -> -199950.176
WARNING: Normalizing state frequencies so that sum of them equals to 1
Optimizing NNI: done in 20.933 secs using 599.1% CPU
UFBoot tree 889: -203222.984 -> -202113.344
WARNING: Normalizing state frequencies so that sum of them equals to 1
Optimizing NNI: done in 16.28 secs using 599.1% CPU
UFBoot tree 890: -201834.906 -> -200945.705
WARNING: Normalizing state frequencies so that sum of them equals to 1
Optimizing NNI: done in 13.8198 secs using 599% CPU
UFBoot tree 891: -204748.844 -> -203684.867
WARNING: Normalizing state frequencies so that sum of them equals to 1
Optimizing NNI: done in 13.3091 secs using 599% CPU
UFBoot tree 892: -207865.688 -> -206887.499
WARNING: Normalizing state frequencies so that sum of them equals to 1
Optimizing NNI: done in 14.0423 secs using 599.2% CPU
UFBoot tree 893: -219692.641 -> -218475.068
WARNING: Normalizing state frequencies so that sum of them equals to 1
Optimizing NNI: done in 21.1176 secs using 599% CPU
UFBoot tree 894: -206680.625 -> -205578.523
WARNING: Normalizing state frequencies so that sum of them equals to 1
Optimizing NNI: done in 21.3909 secs using 599.2% CPU
UFBoot tree 895: -208052.141 -> -206970.128
WARNING: Normalizing state frequencies so that sum of them equals to 1
Optimizing NNI: done in 22.6752 secs using 599% CPU
UFBoot tree 896: -201408.297 -> -200367.556
WARNING: Normalizing state frequencies so that sum of them equals to 1
Optimizing NNI: done in 25.7497 secs using 599% CPU
UFBoot tree 897: -215432.906 -> -214467.465
WARNING: Normalizing state frequencies so that sum of them equals to 1
Optimizing NNI: done in 28.9849 secs using 598.8% CPU
UFBoot tree 898: -214424.469 -> -213324.389
WARNING: Normalizing state frequencies so that sum of them equals to 1
Optimizing NNI: done in 20.0556 secs using 599.2% CPU
UFBoot tree 899: -204772.125 -> -203676.152
WARNING: Normalizing state frequencies so that sum of them equals to 1
Optimizing NNI: done in 35.4817 secs using 599% CPU
UFBoot tree 900: -201571.188 -> -200628.205
900 samples done
WARNING: Normalizing state frequencies so that sum of them equals to 1
Optimizing NNI: done in 28.2066 secs using 598.9% CPU
UFBoot tree 901: -184749.312 -> -183733.971
WARNING: Normalizing state frequencies so that sum of them equals to 1
Optimizing NNI: done in 30.1584 secs using 599.1% CPU
UFBoot tree 902: -201091.500 -> -199979.951
WARNING: Normalizing state frequencies so that sum of them equals to 1
Optimizing NNI: done in 16.9244 secs using 599.1% CPU
UFBoot tree 903: -202817.000 -> -201835.126
WARNING: Normalizing state frequencies so that sum of them equals to 1
Optimizing NNI: done in 28.2429 secs using 598.8% CPU
UFBoot tree 904: -209205.188 -> -207898.432
WARNING: Normalizing state frequencies so that sum of them equals to 1
Optimizing NNI: done in 17.4122 secs using 599.2% CPU
UFBoot tree 905: -211702.906 -> -210848.265
WARNING: Normalizing state frequencies so that sum of them equals to 1
Optimizing NNI: done in 16.85 secs using 598.7% CPU
UFBoot tree 906: -195230.688 -> -194076.305
WARNING: Normalizing state frequencies so that sum of them equals to 1
Optimizing NNI: done in 23.2217 secs using 599.1% CPU
UFBoot tree 907: -204658.594 -> -203590.847
WARNING: Normalizing state frequencies so that sum of them equals to 1
Optimizing NNI: done in 20.5888 secs using 598.9% CPU
UFBoot tree 908: -195892.516 -> -194837.026
WARNING: Normalizing state frequencies so that sum of them equals to 1
Optimizing NNI: done in 22.5475 secs using 598.8% CPU
UFBoot tree 909: -206638.891 -> -205344.689
WARNING: Normalizing state frequencies so that sum of them equals to 1
Optimizing NNI: done in 22.3141 secs using 599% CPU
UFBoot tree 910: -218675.438 -> -217431.320
WARNING: Normalizing state frequencies so that sum of them equals to 1
Optimizing NNI: done in 22.3261 secs using 599% CPU
UFBoot tree 911: -205342.203 -> -204326.315
WARNING: Normalizing state frequencies so that sum of them equals to 1
Optimizing NNI: done in 21.3577 secs using 599.1% CPU
UFBoot tree 912: -212390.906 -> -211351.714
WARNING: Normalizing state frequencies so that sum of them equals to 1
Optimizing NNI: done in 25.8837 secs using 598.9% CPU
UFBoot tree 913: -203556.047 -> -202575.371
WARNING: Normalizing state frequencies so that sum of them equals to 1
Optimizing NNI: done in 15.9278 secs using 598.9% CPU
UFBoot tree 914: -204227.594 -> -203321.173
WARNING: Normalizing state frequencies so that sum of them equals to 1
Optimizing NNI: done in 23.4788 secs using 599.2% CPU
UFBoot tree 915: -210272.844 -> -209213.427
WARNING: Normalizing state frequencies so that sum of them equals to 1
Optimizing NNI: done in 20.4306 secs using 599.1% CPU
UFBoot tree 916: -215804.828 -> -214861.554
WARNING: Normalizing state frequencies so that sum of them equals to 1
Optimizing NNI: done in 24.5464 secs using 598.8% CPU
UFBoot tree 917: -207637.844 -> -206437.640
WARNING: Normalizing state frequencies so that sum of them equals to 1
Optimizing NNI: done in 18.8373 secs using 599% CPU
UFBoot tree 918: -207843.125 -> -206724.241
WARNING: Normalizing state frequencies so that sum of them equals to 1
Optimizing NNI: done in 19.5933 secs using 599.2% CPU
UFBoot tree 919: -215032.688 -> -213978.296
WARNING: Normalizing state frequencies so that sum of them equals to 1
Optimizing NNI: done in 16.018 secs using 598.9% CPU
UFBoot tree 920: -215820.906 -> -214767.596
WARNING: Normalizing state frequencies so that sum of them equals to 1
Optimizing NNI: done in 31.377 secs using 598.7% CPU
UFBoot tree 921: -208655.547 -> -207582.171
WARNING: Normalizing state frequencies so that sum of them equals to 1
Optimizing NNI: done in 16.3207 secs using 599% CPU
UFBoot tree 922: -224484.344 -> -223476.219
WARNING: Normalizing state frequencies so that sum of them equals to 1
Optimizing NNI: done in 25.407 secs using 598.7% CPU
UFBoot tree 923: -220909.594 -> -219847.991
WARNING: Normalizing state frequencies so that sum of them equals to 1
Optimizing NNI: done in 21.643 secs using 599% CPU
UFBoot tree 924: -196019.750 -> -195060.559
WARNING: Normalizing state frequencies so that sum of them equals to 1
Optimizing NNI: done in 15.8519 secs using 599.3% CPU
UFBoot tree 925: -201704.375 -> -200888.067
WARNING: Normalizing state frequencies so that sum of them equals to 1
Optimizing NNI: done in 31.857 secs using 598.8% CPU
UFBoot tree 926: -196635.047 -> -195605.012
WARNING: Normalizing state frequencies so that sum of them equals to 1
Optimizing NNI: done in 21.9815 secs using 599% CPU
UFBoot tree 927: -189714.297 -> -188768.249
WARNING: Normalizing state frequencies so that sum of them equals to 1
Optimizing NNI: done in 21.0047 secs using 599% CPU
UFBoot tree 928: -186086.031 -> -185029.804
WARNING: Normalizing state frequencies so that sum of them equals to 1
Optimizing NNI: done in 18.1408 secs using 599.1% CPU
UFBoot tree 929: -213330.625 -> -212272.425
WARNING: Normalizing state frequencies so that sum of them equals to 1
Optimizing NNI: done in 24.2665 secs using 598.9% CPU
UFBoot tree 930: -218745.594 -> -217843.741
WARNING: Normalizing state frequencies so that sum of them equals to 1
Optimizing NNI: done in 32.8252 secs using 598.9% CPU
UFBoot tree 931: -199334.016 -> -198242.011
WARNING: Normalizing state frequencies so that sum of them equals to 1
Optimizing NNI: done in 22.4435 secs using 599.1% CPU
UFBoot tree 932: -202736.797 -> -201721.184
WARNING: Normalizing state frequencies so that sum of them equals to 1
Optimizing NNI: done in 32.7699 secs using 598.8% CPU
UFBoot tree 933: -210781.188 -> -209515.351
WARNING: Normalizing state frequencies so that sum of them equals to 1
Optimizing NNI: done in 24.1836 secs using 598.9% CPU
UFBoot tree 934: -206185.547 -> -205141.446
WARNING: Normalizing state frequencies so that sum of them equals to 1
Optimizing NNI: done in 19.5488 secs using 599.3% CPU
UFBoot tree 935: -217832.594 -> -216858.921
WARNING: Normalizing state frequencies so that sum of them equals to 1
Optimizing NNI: done in 26.3351 secs using 599.1% CPU
UFBoot tree 936: -210973.562 -> -209873.257
WARNING: Normalizing state frequencies so that sum of them equals to 1
Optimizing NNI: done in 28.2654 secs using 598.9% CPU
UFBoot tree 937: -188410.500 -> -187381.984
WARNING: Normalizing state frequencies so that sum of them equals to 1
Optimizing NNI: done in 25.4041 secs using 599% CPU
UFBoot tree 938: -199228.859 -> -198224.689
WARNING: Normalizing state frequencies so that sum of them equals to 1
Optimizing NNI: done in 16.6953 secs using 599.2% CPU
UFBoot tree 939: -214864.531 -> -213960.603
WARNING: Normalizing state frequencies so that sum of them equals to 1
Optimizing NNI: done in 18.8995 secs using 598.5% CPU
UFBoot tree 940: -203139.734 -> -201887.368
WARNING: Normalizing state frequencies so that sum of them equals to 1
Optimizing NNI: done in 36.9493 secs using 598.9% CPU
UFBoot tree 941: -223648.594 -> -222555.160
WARNING: Normalizing state frequencies so that sum of them equals to 1
Optimizing NNI: done in 25.1706 secs using 598.6% CPU
UFBoot tree 942: -200813.703 -> -199681.838
WARNING: Normalizing state frequencies so that sum of them equals to 1
Optimizing NNI: done in 26.1081 secs using 599.1% CPU
UFBoot tree 943: -200175.266 -> -199156.330
WARNING: Normalizing state frequencies so that sum of them equals to 1
Optimizing NNI: done in 33.3105 secs using 598.8% CPU
UFBoot tree 944: -197927.938 -> -196856.775
WARNING: Normalizing state frequencies so that sum of them equals to 1
Optimizing NNI: done in 33.5898 secs using 599% CPU
UFBoot tree 945: -203081.422 -> -201895.154
WARNING: Normalizing state frequencies so that sum of them equals to 1
Optimizing NNI: done in 11.718 secs using 598.6% CPU
UFBoot tree 946: -187091.531 -> -186099.469
WARNING: Normalizing state frequencies so that sum of them equals to 1
Optimizing NNI: done in 22.8819 secs using 599.2% CPU
UFBoot tree 947: -202027.562 -> -200979.529
WARNING: Normalizing state frequencies so that sum of them equals to 1
Optimizing NNI: done in 11.168 secs using 599.1% CPU
UFBoot tree 948: -194728.031 -> -193606.139
WARNING: Normalizing state frequencies so that sum of them equals to 1
Optimizing NNI: done in 13.1414 secs using 599.1% CPU
UFBoot tree 949: -217578.469 -> -216603.201
WARNING: Normalizing state frequencies so that sum of them equals to 1
Optimizing NNI: done in 24.4108 secs using 598.9% CPU
UFBoot tree 950: -199005.672 -> -197856.419
WARNING: Normalizing state frequencies so that sum of them equals to 1
Optimizing NNI: done in 22.5447 secs using 599% CPU
UFBoot tree 951: -212298.266 -> -211265.665
WARNING: Normalizing state frequencies so that sum of them equals to 1
Optimizing NNI: done in 38.8307 secs using 598.9% CPU
UFBoot tree 952: -203225.688 -> -202129.237
WARNING: Normalizing state frequencies so that sum of them equals to 1
Optimizing NNI: done in 21.0464 secs using 598.9% CPU
UFBoot tree 953: -211556.656 -> -210580.229
WARNING: Normalizing state frequencies so that sum of them equals to 1
Optimizing NNI: done in 27.202 secs using 599% CPU
UFBoot tree 954: -201934.453 -> -200914.876
WARNING: Normalizing state frequencies so that sum of them equals to 1
Optimizing NNI: done in 24.3369 secs using 599.2% CPU
UFBoot tree 955: -215704.062 -> -214687.951
WARNING: Normalizing state frequencies so that sum of them equals to 1
Optimizing NNI: done in 18.1951 secs using 599.2% CPU
UFBoot tree 956: -221473.891 -> -220391.305
WARNING: Normalizing state frequencies so that sum of them equals to 1
Optimizing NNI: done in 24.6399 secs using 599.1% CPU
UFBoot tree 957: -202078.781 -> -201054.059
WARNING: Normalizing state frequencies so that sum of them equals to 1
Optimizing NNI: done in 24.014 secs using 599% CPU
UFBoot tree 958: -178278.531 -> -177078.799
WARNING: Normalizing state frequencies so that sum of them equals to 1
Optimizing NNI: done in 15.5911 secs using 599.1% CPU
UFBoot tree 959: -202894.531 -> -201817.487
WARNING: Normalizing state frequencies so that sum of them equals to 1
Optimizing NNI: done in 28.3725 secs using 599.1% CPU
UFBoot tree 960: -209454.422 -> -208227.142
WARNING: Normalizing state frequencies so that sum of them equals to 1
Optimizing NNI: done in 23.3077 secs using 598.7% CPU
UFBoot tree 961: -202606.156 -> -201506.513
WARNING: Normalizing state frequencies so that sum of them equals to 1
Optimizing NNI: done in 17.8153 secs using 599.1% CPU
UFBoot tree 962: -211514.984 -> -210533.076
WARNING: Normalizing state frequencies so that sum of them equals to 1
Optimizing NNI: done in 16.3832 secs using 598.9% CPU
UFBoot tree 963: -207351.625 -> -206304.358
WARNING: Normalizing state frequencies so that sum of them equals to 1
Optimizing NNI: done in 21.9864 secs using 599% CPU
UFBoot tree 964: -190015.125 -> -188953.414
WARNING: Normalizing state frequencies so that sum of them equals to 1
Optimizing NNI: done in 25.3879 secs using 598.9% CPU
UFBoot tree 965: -199358.031 -> -198355.913
WARNING: Normalizing state frequencies so that sum of them equals to 1
Optimizing NNI: done in 21.2381 secs using 598.9% CPU
UFBoot tree 966: -201524.562 -> -200416.830
WARNING: Normalizing state frequencies so that sum of them equals to 1
Optimizing NNI: done in 24.2084 secs using 599.1% CPU
UFBoot tree 967: -197526.188 -> -196505.260
WARNING: Normalizing state frequencies so that sum of them equals to 1
Optimizing NNI: done in 27.3418 secs using 598.6% CPU
UFBoot tree 968: -204879.156 -> -203901.471
WARNING: Normalizing state frequencies so that sum of them equals to 1
Optimizing NNI: done in 23.0159 secs using 599.2% CPU
UFBoot tree 969: -197871.922 -> -196937.329
WARNING: Normalizing state frequencies so that sum of them equals to 1
Optimizing NNI: done in 18.2323 secs using 599% CPU
UFBoot tree 970: -214982.250 -> -214083.882
WARNING: Normalizing state frequencies so that sum of them equals to 1
Optimizing NNI: done in 19.6861 secs using 599.1% CPU
UFBoot tree 971: -210118.938 -> -209130.646
WARNING: Normalizing state frequencies so that sum of them equals to 1
Optimizing NNI: done in 25.1192 secs using 599% CPU
UFBoot tree 972: -191367.297 -> -190564.551
WARNING: Normalizing state frequencies so that sum of them equals to 1
Optimizing NNI: done in 16.6477 secs using 599.1% CPU
UFBoot tree 973: -194897.906 -> -193899.786
WARNING: Normalizing state frequencies so that sum of them equals to 1
Optimizing NNI: done in 19.0051 secs using 599.2% CPU
UFBoot tree 974: -201935.297 -> -200930.560
WARNING: Normalizing state frequencies so that sum of them equals to 1
Optimizing NNI: done in 19.0916 secs using 599% CPU
UFBoot tree 975: -209501.859 -> -208422.340
WARNING: Normalizing state frequencies so that sum of them equals to 1
Optimizing NNI: done in 26.0619 secs using 599% CPU
UFBoot tree 976: -205614.812 -> -204582.259
WARNING: Normalizing state frequencies so that sum of them equals to 1
Optimizing NNI: done in 25.2504 secs using 599.2% CPU
UFBoot tree 977: -190735.125 -> -189774.740
WARNING: Normalizing state frequencies so that sum of them equals to 1
Optimizing NNI: done in 33.8406 secs using 599% CPU
UFBoot tree 978: -203278.844 -> -202256.797
WARNING: Normalizing state frequencies so that sum of them equals to 1
Optimizing NNI: done in 22.6102 secs using 599.2% CPU
UFBoot tree 979: -214693.562 -> -213510.679
WARNING: Normalizing state frequencies so that sum of them equals to 1
Optimizing NNI: done in 24.4487 secs using 599% CPU
UFBoot tree 980: -206373.125 -> -205206.936
WARNING: Normalizing state frequencies so that sum of them equals to 1
Optimizing NNI: done in 19.2762 secs using 599% CPU
UFBoot tree 981: -208800.656 -> -207678.878
WARNING: Normalizing state frequencies so that sum of them equals to 1
Optimizing NNI: done in 23.2496 secs using 599.1% CPU
UFBoot tree 982: -207420.750 -> -206182.980
WARNING: Normalizing state frequencies so that sum of them equals to 1
Optimizing NNI: done in 26.4622 secs using 599% CPU
UFBoot tree 983: -196197.094 -> -195281.625
WARNING: Normalizing state frequencies so that sum of them equals to 1
Optimizing NNI: done in 23.516 secs using 599% CPU
UFBoot tree 984: -190586.484 -> -189552.650
WARNING: Normalizing state frequencies so that sum of them equals to 1
Optimizing NNI: done in 18.9186 secs using 598.8% CPU
UFBoot tree 985: -205074.141 -> -204100.465
WARNING: Normalizing state frequencies so that sum of them equals to 1
Optimizing NNI: done in 22.3237 secs using 599.1% CPU
UFBoot tree 986: -218768.344 -> -217814.401
WARNING: Normalizing state frequencies so that sum of them equals to 1
Optimizing NNI: done in 30.8865 secs using 599% CPU
UFBoot tree 987: -216338.250 -> -215261.422
WARNING: Normalizing state frequencies so that sum of them equals to 1
Optimizing NNI: done in 24.5004 secs using 598.9% CPU
UFBoot tree 988: -216618.938 -> -215504.523
WARNING: Normalizing state frequencies so that sum of them equals to 1
Optimizing NNI: done in 22.31 secs using 599.3% CPU
UFBoot tree 989: -215883.969 -> -214893.914
WARNING: Normalizing state frequencies so that sum of them equals to 1
Optimizing NNI: done in 26.8333 secs using 599.1% CPU
UFBoot tree 990: -203638.531 -> -202527.266
WARNING: Normalizing state frequencies so that sum of them equals to 1
Optimizing NNI: done in 22.2197 secs using 599.1% CPU
UFBoot tree 991: -202258.469 -> -201236.867
WARNING: Normalizing state frequencies so that sum of them equals to 1
Optimizing NNI: done in 17.7885 secs using 598.7% CPU
UFBoot tree 992: -205675.375 -> -204603.398
WARNING: Normalizing state frequencies so that sum of them equals to 1
Optimizing NNI: done in 18.0931 secs using 599.1% CPU
UFBoot tree 993: -203729.312 -> -202765.986
WARNING: Normalizing state frequencies so that sum of them equals to 1
Optimizing NNI: done in 21.4863 secs using 599.3% CPU
UFBoot tree 994: -210631.094 -> -209625.121
WARNING: Normalizing state frequencies so that sum of them equals to 1
Optimizing NNI: done in 21.9225 secs using 599.1% CPU
UFBoot tree 995: -205579.031 -> -204414.098
WARNING: Normalizing state frequencies so that sum of them equals to 1
Optimizing NNI: done in 21.8991 secs using 598.6% CPU
UFBoot tree 996: -203163.875 -> -202249.917
WARNING: Normalizing state frequencies so that sum of them equals to 1
Optimizing NNI: done in 27.5194 secs using 598.8% CPU
UFBoot tree 997: -203052.062 -> -201930.326
WARNING: Normalizing state frequencies so that sum of them equals to 1
Optimizing NNI: done in 23.2486 secs using 599% CPU
UFBoot tree 998: -224078.266 -> -223188.171
WARNING: Normalizing state frequencies so that sum of them equals to 1
Optimizing NNI: done in 23.8991 secs using 599.2% CPU
UFBoot tree 999: -185774.766 -> -184587.740
WARNING: Normalizing state frequencies so that sum of them equals to 1
Optimizing NNI: done in 19.6722 secs using 599.2% CPU
UFBoot tree 1000: -198369.344 -> -197481.242
1000 samples done
Total 1000 ufboot trees refined
1000 tree(s) converted
Using hash_map
Converting collection of tree(s) into split system...
TREE SEARCH COMPLETED AFTER 378 ITERATIONS / Time: 26h:18m:50s

Log-likelihoods of 5 best candidate trees: 
-205723.067 -205723.907 -205724.807 -205726.342 -205728.261 

--------------------------------------------------------------------
|                    FINALIZING TREE SEARCH                        |
--------------------------------------------------------------------
Performs final model parameters optimization
Estimate model parameters (epsilon = 0.010)
1. Initial log-likelihood: -205723.067 (took 0.332 wall-clock sec)
Optimizing +R10 model parameters by 2-BFGS,EM algorithm...
Site proportion and rates:  (0.009,0.048) (0.029,0.173) (0.073,0.257) (0.128,0.375) (0.117,0.532) (0.125,0.753) (0.151,0.991) (0.153,1.298) (0.134,1.752) (0.081,2.337)
2. Current log-likelihood: -205723.052 (after 12.668 wall-clock sec)
Optimizing +R10 model parameters by 2-BFGS,EM algorithm...
Site proportion and rates:  (0.009,0.048) (0.029,0.173) (0.073,0.257) (0.128,0.375) (0.117,0.532) (0.125,0.753) (0.152,0.991) (0.153,1.298) (0.134,1.752) (0.081,2.340)
Optimal log-likelihood: -205723.044
Parameters optimization took 2 rounds (18.640 sec)
BEST SCORE FOUND : -205723.044
Creating bootstrap support values...
1000 tree(s) converted
max_tree_id = 1   max_weight = 1 (0.100%)
Using hash_map
Converting collection of tree(s) into split system...
10890 splits found
Split supports printed to NEXUS file all_PBP-like_tree.splits.nex
Total tree length: 282.585

Total number of iterations: 378
CPU time used for tree search: 552485.953 sec (153h:28m:5s)
Wall-clock time used for tree search: 94582.266 sec (26h:16m:22s)
Total CPU time used: 553418.863 sec (153h:43m:38s)
Total wall-clock time used: 94753.854 sec (26h:19m:13s)
1000 tree(s) converted
UFBoot trees printed to all_PBP-like_tree.ufboot

Computing bootstrap consensus tree...
Reading input file all_PBP-like_tree.splits.nex...
Reading "TAXA" block...
Reading "SPLITS" block...
721 taxa and 10890 splits.
Rescaling split weights by 1.000
Consensus tree written to all_PBP-like_tree.contree
Reading input trees file all_PBP-like_tree.contree
Log-likelihood of consensus tree: -205728.727
Best tree printed to all_PBP-like_tree.treefile
Tree contains 721 taxa and 1439 branches

Analysis results written to: 
  IQ-TREE report:                all_PBP-like_tree.iqtree
  Maximum-likelihood tree:       all_PBP-like_tree.treefile
  Likelihood distances:          all_PBP-like_tree.mldist

Ultrafast bootstrap approximation results written to:
  Split support values:          all_PBP-like_tree.splits.nex
  Consensus tree:                all_PBP-like_tree.contree
  UFBoot trees:                  all_PBP-like_tree.ufboot
  Screen log file:               all_PBP-like_tree.log

Date and Time: Fri Apr 19 07:28:36 2024
