Method	Threshold	e-value	TP	FP	TN	FN	TPR	FPR	FNR	TNR	PPV	FOR	LR+	LR-	ACC	FDR	NPV	MK	DOR	BA	F1	FM	MCC	Jaccard	Potential_BLAs
hmmscan	10.9822972139081	1.69999999999993e-05	1916	494	198	0	1	0.713872832369942	0	0.286127167630058	0.795020746887967	0	1.40080971659919	0	0.81058282208589	0.204979253112033	1	0.795020746887967	-	0.643063583815029	0.88580674988442	0.891639359207503	0.476945525730336	0.795020746887967	419158
hmmscan	11.176453228349	1.40000000000002e-05	1916	494	198	0	1	0.713872832369942	0	0.286127167630058	0.795020746887967	0	1.40080971659919	0	0.81058282208589	0.204979253112033	1	0.795020746887967	-	0.643063583815029	0.88580674988442	0.891639359207503	0.476945525730336	0.795020746887967	418839
hmmscan	11.2505612005027	1.30000000000005e-05	1916	492	200	0	1	0.710982658959538	0	0.289017341040462	0.795681063122924	0	1.40650406504065	0	0.811349693251534	0.204318936877076	1	0.795681063122924	-	0.644508670520231	0.886216466234968	0.892009564479509	0.479547312764899	0.795681063122924	418514
hmmscan	11.3306039081763	1.19999999999997e-05	1916	488	204	0	1	0.705202312138728	0	0.294797687861272	0.797004991680532	0	1.41803278688525	0	0.812883435582822	0.202995008319468	1	0.797004991680532	-	0.647398843930636	0.887037037037037	0.892751360503322	0.484721805535209	0.797004991680532	417280
hmmscan	11.3306039081763	1.19999999999997e-05	1916	488	204	0	1	0.705202312138728	0	0.294797687861272	0.797004991680532	0	1.41803278688525	0	0.812883435582822	0.202995008319468	1	0.797004991680532	-	0.647398843930636	0.887037037037037	0.892751360503322	0.484721805535209	0.797004991680532	417280
hmmscan	11.4176152851659	1.1e-05	1916	488	204	0	1	0.705202312138728	0	0.294797687861272	0.797004991680532	0	1.41803278688525	0	0.812883435582822	0.202995008319468	1	0.797004991680532	-	0.647398843930636	0.887037037037037	0.892751360503322	0.484721805535209	0.797004991680532	417280
hmmscan	11.4176152851659	1.1e-05	1916	488	204	0	1	0.705202312138728	0	0.294797687861272	0.797004991680532	0	1.41803278688525	0	0.812883435582822	0.202995008319468	1	0.797004991680532	-	0.647398843930636	0.887037037037037	0.892751360503322	0.484721805535209	0.797004991680532	417280
hmmscan	11.5129254649702	1.00000000000003e-05	1916	484	208	0	1	0.699421965317919	0	0.300578034682081	0.798333333333333	0	1.4297520661157	0	0.81441717791411	0.201666666666667	1	0.798333333333333	-	0.65028901734104	0.887859128822984	0.893495010245347	0.489858616699276	0.798333333333333	416299
hmmscan	11.5129254649702	1.00000000000003e-05	1916	484	208	0	1	0.699421965317919	0	0.300578034682081	0.798333333333333	0	1.4297520661157	0	0.81441717791411	0.201666666666667	1	0.798333333333333	-	0.65028901734104	0.887859128822984	0.893495010245347	0.489858616699276	0.798333333333333	416299
hmmscan	11.5331281722877	9.80000000000047e-06	1916	484	208	0	1	0.699421965317919	0	0.300578034682081	0.798333333333333	0	1.4297520661157	0	0.81441717791411	0.201666666666667	1	0.798333333333333	-	0.65028901734104	0.887859128822984	0.893495010245347	0.489858616699276	0.798333333333333	415524
hmmscan	11.5642187593578	9.4999999999998e-06	1916	484	208	0	1	0.699421965317919	0	0.300578034682081	0.798333333333333	0	1.4297520661157	0	0.81441717791411	0.201666666666667	1	0.798333333333333	-	0.65028901734104	0.887859128822984	0.893495010245347	0.489858616699276	0.798333333333333	414937
hmmscan	11.5963070739093	9.19999999999982e-06	1916	483	209	0	1	0.697976878612717	0	0.302023121387283	0.798666110879533	0	1.43271221532091	0	0.814800613496933	0.201333889120467	1	0.798666110879533	-	0.651011560693642	0.888064889918888	0.893681213229602	0.491137080410427	0.798666110879533	414465
hmmscan	11.6294592812262	8.89999999999982e-06	1916	483	209	0	1	0.697976878612717	0	0.302023121387283	0.798666110879533	0	1.43271221532091	0	0.814800613496933	0.201333889120467	1	0.798666110879533	-	0.651011560693642	0.888064889918888	0.893681213229602	0.491137080410427	0.798666110879533	414003
hmmscan	11.6521875323037	8.70000000000032e-06	1916	483	209	0	1	0.697976878612717	0	0.302023121387283	0.798666110879533	0	1.43271221532091	0	0.814800613496933	0.201333889120467	1	0.798666110879533	-	0.651011560693642	0.888064889918888	0.893681213229602	0.491137080410427	0.798666110879533	413840
hmmscan	11.675444394468	8.50000000000003e-06	1916	483	209	0	1	0.697976878612717	0	0.302023121387283	0.798666110879533	0	1.43271221532091	0	0.814800613496933	0.201333889120467	1	0.798666110879533	-	0.651011560693642	0.888064889918888	0.893681213229602	0.491137080410427	0.798666110879533	413482
hmmscan	11.7113764036941	8.19999999999973e-06	1916	482	210	0	1	0.696531791907514	0	0.303468208092486	0.798999165971643	0	1.4356846473029	0	0.815184049079755	0.201000834028357	1	0.798999165971643	-	0.651734104046243	0.888270746407047	0.893867532675644	0.4924132869499	0.798999165971643	412734
hmmscan	11.7236464962859	8.09999999999985e-06	1916	481	211	0	1	0.695086705202312	0	0.304913294797688	0.79933249895703	0	1.43866943866944	0	0.815567484662577	0.20066750104297	1	0.79933249895703	-	0.652456647398844	0.888476698353814	0.894053968704926	0.493687255148295	0.79933249895703	412442
hmmscan	11.7486477984913	7.89999999999999e-06	1916	481	211	0	1	0.695086705202312	0	0.304913294797688	0.79933249895703	0	1.43866943866944	0	0.815567484662577	0.20066750104297	1	0.79933249895703	-	0.652456647398844	0.888476698353814	0.894053968704926	0.493687255148295	0.79933249895703	411991
hmmscan	11.7742902291046	7.70000000000027e-06	1916	481	211	0	1	0.695086705202312	0	0.304913294797688	0.79933249895703	0	1.43866943866944	0	0.815567484662577	0.20066750104297	1	0.79933249895703	-	0.652456647398844	0.888476698353814	0.894053968704926	0.493687255148295	0.79933249895703	411817
hmmscan	11.800607537422	7.50000000000007e-06	1916	481	211	0	1	0.695086705202312	0	0.304913294797688	0.79933249895703	0	1.43866943866944	0	0.815567484662577	0.20066750104297	1	0.79933249895703	-	0.652456647398844	0.888476698353814	0.894053968704926	0.493687255148295	0.79933249895703	411434
hmmscan	11.8276362098099	7.30000000000021e-06	1916	481	211	0	1	0.695086705202312	0	0.304913294797688	0.79933249895703	0	1.43866943866944	0	0.815567484662577	0.20066750104297	1	0.79933249895703	-	0.652456647398844	0.888476698353814	0.894053968704926	0.493687255148295	0.79933249895703	410932
hmmscan	11.855415773917	7.10000000000003e-06	1916	480	212	0	1	0.69364161849711	0	0.30635838150289	0.799666110183639	0	1.44166666666667	0	0.815950920245399	0.200333889816361	1	0.799666110183639	-	0.653179190751445	0.888682745825603	0.894240521439081	0.494959003614008	0.799666110183639	410533
hmmscan	11.8839891463611	6.89999999999972e-06	1916	480	212	0	1	0.69364161849711	0	0.30635838150289	0.799666110183639	0	1.44166666666667	0	0.815950920245399	0.200333889816361	1	0.799666110183639	-	0.653179190751445	0.888682745825603	0.894240521439081	0.494959003614008	0.799666110183639	409857
hmmscan	11.9134030315674	6.69999999999969e-06	1916	479	213	0	1	0.692196531791908	0	0.307803468208093	0.8	0	1.4446764091858	0	0.816334355828221	0.2	1	0.8	-	0.653901734104046	0.888888888888889	0.894427190999916	0.49622855073693	0.8	409337
hmmscan	11.9284409089319	6.59999999999996e-06	1916	479	213	0	1	0.692196531791908	0	0.307803468208093	0.8	0	1.4446764091858	0	0.816334355828221	0.2	1	0.8	-	0.653901734104046	0.888888888888889	0.894427190999916	0.49622855073693	0.8	409046
hmmscan	11.9592125675986	6.40000000000031e-06	1916	479	213	0	1	0.692196531791908	0	0.307803468208093	0.8	0	1.4446764091858	0	0.816334355828221	0.2	1	0.8	-	0.653901734104046	0.888888888888889	0.894427190999916	0.49622855073693	0.8	408813
hmmscan	11.9909612659132	6.20000000000018e-06	1916	478	214	0	1	0.690751445086705	0	0.309248554913295	0.800334168755221	0	1.44769874476987	0	0.816717791411043	0.199665831244779	1	0.800334168755221	-	0.654624277456647	0.889095127610209	0.894613977509418	0.497495914692056	0.800334168755221	408335
hmmscan	12.007221786785	6.10000000000006e-06	1916	478	214	0	1	0.690751445086705	0	0.309248554913295	0.800334168755221	0	1.44769874476987	0	0.816717791411043	0.199665831244779	1	0.800334168755221	-	0.654624277456647	0.889095127610209	0.894613977509418	0.497495914692056	0.800334168755221	408066
hmmscan	12.0405582070526	5.9e-06	1916	476	216	0	1	0.687861271676301	0	0.312138728323699	0.801003344481605	0	1.45378151260504	0	0.817484662576687	0.198996655518395	1	0.801003344481605	-	0.65606936416185	0.889507892293408	0.894987901863263	0.500024164745584	0.801003344481605	407490
hmmscan	12.0576526404119	5.8e-06	1916	476	216	0	1	0.687861271676301	0	0.312138728323699	0.801003344481605	0	1.45378151260504	0	0.817484662576687	0.198996655518395	1	0.801003344481605	-	0.65606936416185	0.889507892293408	0.894987901863263	0.500024164745584	0.801003344481605	407234
hmmscan	12.0927439602232	5.59999999999984e-06	1916	473	219	0	1	0.683526011560694	0	0.316473988439306	0.802009208874006	0	1.4630021141649	0	0.818634969325153	0.197990791125994	1	0.802009208874006	-	0.658236994219653	0.890127758420441	0.895549668568978	0.503800608472647	0.802009208874006	406368
hmmscan	12.1107624657258	5.50000000000027e-06	1916	473	219	0	1	0.683526011560694	0	0.316473988439306	0.802009208874006	0	1.4630021141649	0	0.818634969325153	0.197990791125994	1	0.802009208874006	-	0.658236994219653	0.890127758420441	0.895549668568978	0.503800608472647	0.802009208874006	406368
hmmscan	12.129111604394	5.40000000000025e-06	1916	472	220	0	1	0.682080924855491	0	0.317919075144509	0.802345058626466	0	1.46610169491525	0	0.819018404907976	0.197654941373534	1	0.802345058626466	-	0.658959537572254	0.890334572490706	0.895737159342218	0.505055243498464	0.802345058626466	406038
hmmscan	12.1668519323769	5.19999999999996e-06	1916	465	227	0	1	0.671965317919075	0	0.328034682080925	0.804703905921882	0	1.48817204301075	0	0.82170245398773	0.195296094078118	1	0.804703905921881	-	0.664017341040462	0.891784966255527	0.897052900291773	0.513780877367349	0.804703905921882	405121
hmmscan	12.186270018234	5.09999999999997e-06	1916	460	232	0	1	0.664739884393064	0	0.335260115606936	0.806397306397306	0	1.50434782608696	0	0.823619631901841	0.193602693602694	1	0.806397306397306	-	0.667630057803468	0.8928238583411	0.897996273041991	0.519954665492948	0.806397306397306	404785
hmmscan	12.2060726455302	4.99999999999987e-06	1916	458	234	0	1	0.661849710982659	0	0.338150289017341	0.807076663858467	0	1.51091703056769	0	0.824386503067485	0.192923336141533	1	0.807076663858467	-	0.669075144508671	0.893240093240093	0.898374456370208	0.522410956185733	0.807076663858467	404458
hmmscan	12.2468946400504	4.80000000000014e-06	1916	457	235	0	1	0.660404624277457	0	0.339595375722543	0.807416772018542	0	1.51422319474836	0	0.824769938650307	0.192583227981458	1	0.807416772018542	-	0.669797687861272	0.8934483562602	0.898563727299596	0.523636326144701	0.807416772018542	404099
hmmscan	12.2679480492483	4.69999999999982e-06	1916	454	238	0	1	0.65606936416185	0	0.34393063583815	0.808438818565401	0	1.52422907488987	0	0.825920245398773	0.191561181434599	1	0.808438818565401	-	0.671965317919075	0.894073728418106	0.899132258661317	0.527301504744147	0.808438818565401	403434
hmmscan	12.2894542544692	4.60000000000011e-06	1916	454	238	0	1	0.65606936416185	0	0.34393063583815	0.808438818565401	0	1.52422907488987	0	0.825920245398773	0.191561181434599	1	0.808438818565401	-	0.671965317919075	0.894073728418106	0.899132258661317	0.527301504744147	0.808438818565401	403434
hmmscan	12.311433161188	4.5e-06	1916	453	239	0	1	0.654624277456647	0	0.345375722543353	0.808780075981427	0	1.52759381898455	0	0.826303680981595	0.191219924018573	1	0.808780075981427	-	0.672687861271676	0.894282380396733	0.899322009060952	0.528519633618991	0.808780075981427	403088
hmmscan	12.3339060170401	4.39999999999982e-06	1916	446	246	0	1	0.644508670520231	0	0.355491329479769	0.811176968670618	0	1.55156950672646	0	0.82898773006135	0.188823031329382	1	0.811176968670618	-	0.677745664739884	0.895745675549322	0.900653634129468	0.536997559618372	0.811176968670618	402292
hmmscan	12.3568955352648	4.29999999999982e-06	1916	444	248	0	1	0.641618497109827	0	0.358381502890173	0.811864406779661	0	1.55855855855856	0	0.829754601226994	0.188135593220339	1	0.811864406779661	-	0.679190751445087	0.896164639850327	0.901035186205101	0.539404473697367	0.811864406779661	401957
hmmscan	12.404523584254	4.10000000000005e-06	1916	443	249	0	1	0.640173410404624	0	0.359826589595376	0.812208562950403	0	1.56207674943567	0	0.830138036809816	0.187791437049597	1	0.812208562950403	-	0.679913294797688	0.896374269005848	0.901226144178254	0.540605435827836	0.812208562950403	401617
hmmscan	12.4292161968444	3.99999999999993e-06	1916	441	251	0	1	0.63728323699422	0	0.36271676300578	0.812897751378871	0	1.56916099773243	0	0.83090490797546	0.187102248621129	1	0.812897751378872	-	0.68135838150289	0.896793821670957	0.901608424638363	0.543002431886655	0.812897751378871	400923
hmmscan	12.4545340048287	3.8999999999999e-06	1916	439	253	0	1	0.634393063583815	0	0.365606936416185	0.813588110403397	0	1.57630979498861	0	0.831671779141104	0.186411889596603	1	0.813588110403397	-	0.682803468208092	0.897213767267619	0.901991191976616	0.545392937751507	0.813588110403397	400528
hmmscan	12.4805094912319	3.80000000000013e-06	1916	439	253	0	1	0.634393063583815	0	0.365606936416185	0.813588110403397	0	1.57630979498861	0	0.831671779141104	0.186411889596603	1	0.813588110403397	-	0.682803468208092	0.897213767267619	0.901991191976616	0.545392937751507	0.813588110403397	400528
hmmscan	12.5071777383141	3.69999999999998e-06	1916	435	257	0	1	0.628612716763006	0	0.371387283236994	0.814972352190557	0	1.59080459770115	0	0.833205521472393	0.185027647809443	1	0.814972352190557	-	0.685693641618497	0.898054839465667	0.902758191428113	0.550154858011191	0.814972352190557	399764
hmmscan	12.5345767125022	3.60000000000003e-06	1916	435	257	0	1	0.628612716763006	0	0.371387283236994	0.814972352190557	0	1.59080459770115	0	0.833205521472393	0.185027647809443	1	0.814972352190557	-	0.685693641618497	0.898054839465667	0.902758191428113	0.550154858011191	0.814972352190557	399764
hmmscan	12.5627475894689	3.50000000000002e-06	1916	433	259	0	1	0.625722543352601	0	0.374277456647399	0.815666240953597	0	1.59815242494226	0	0.833972392638037	0.184333759046403	1	0.815666240953597	-	0.687138728323699	0.898475967174678	0.903142425619347	0.552526457409287	0.815666240953597	399345
hmmscan	12.5917351263422	3.39999999999986e-06	1916	426	266	0	1	0.615606936416185	0	0.384393063583815	0.818104184457728	0	1.62441314553991	0	0.836656441717791	0.181895815542272	1	0.818104184457729	-	0.692196531791908	0.899953029591357	0.904491119059623	0.560779434175724	0.818104184457728	398463
hmmscan	12.6215880894918	3.30000000000013e-06	1916	426	266	0	1	0.615606936416185	0	0.384393063583815	0.818104184457728	0	1.62441314553991	0	0.836656441717791	0.181895815542272	1	0.818104184457729	-	0.692196531791908	0.899953029591357	0.904491119059623	0.560779434175724	0.818104184457728	398463
hmmscan	12.6523597481586	3.19999999999998e-06	1916	419	273	0	1	0.605491329479769	0	0.394508670520231	0.820556745182013	0	1.65155131264916	0	0.839340490797546	0.179443254817987	1	0.820556745182013	-	0.697254335260116	0.901434956480828	0.905845872752099	0.56896111521629	0.820556745182013	397570
hmmscan	12.6841084464732	3.09999999999992e-06	1916	413	279	0	1	0.596820809248555	0	0.403179190751445	0.82267067410906	0	1.67554479418886	0	0.841641104294479	0.17732932589094	1	0.82267067410906	-	0.701589595375723	0.902709069493522	0.907011948162239	0.575919869983869	0.82267067410906	397109
hmmscan	12.7168982692962	2.99999999999989e-06	1916	407	285	0	1	0.588150289017341	0	0.411849710982659	0.824795523030564	0	1.7002457002457	0	0.843941717791411	0.175204476969436	1	0.824795523030564	-	0.705924855491329	0.903986789337108	0.90818253838673	0.582830848342749	0.824795523030564	396642
hmmscan	12.7507998209718	2.90000000000013e-06	1916	407	285	0	1	0.588150289017341	0	0.411849710982659	0.824795523030564	0	1.7002457002457	0	0.843941717791411	0.175204476969436	1	0.824795523030564	-	0.705924855491329	0.903986789337108	0.90818253838673	0.582830848342749	0.824795523030564	396642
hmmscan	12.7858911407831	2.80000000000004e-06	1916	400	292	0	1	0.578034682080925	0	0.421965317919075	0.827288428324698	0	1.73	0	0.846625766871166	0.172711571675302	1	0.827288428324698	-	0.710982658959538	0.905482041587902	0.90955397218895	0.590835869483906	0.827288428324698	396184
hmmscan	12.822258784954	2.69999999999997e-06	1916	385	307	0	1	0.55635838150289	0	0.44364161849711	0.832681442850934	0	1.7974025974026	0	0.852377300613497	0.167318557149066	1	0.832681442850934	-	0.721820809248555	0.908702869338392	0.912513804197468	0.607792845465375	0.832681442850934	395214
hmmscan	12.822258784954	2.69999999999997e-06	1916	385	307	0	1	0.55635838150289	0	0.44364161849711	0.832681442850934	0	1.7974025974026	0	0.852377300613497	0.167318557149066	1	0.832681442850934	-	0.721820809248555	0.908702869338392	0.912513804197468	0.607792845465375	0.832681442850934	395214
hmmscan	12.8599991129368	2.6000000000001e-06	1916	385	307	0	1	0.55635838150289	0	0.44364161849711	0.832681442850934	0	1.7974025974026	0	0.852377300613497	0.167318557149066	1	0.832681442850934	-	0.721820809248555	0.908702869338392	0.912513804197468	0.607792845465375	0.832681442850934	395214
hmmscan	12.8992198260901	2.50000000000005e-06	1916	384	308	0	1	0.554913294797688	0	0.445086705202312	0.83304347826087	0	1.80208333333333	0	0.852760736196319	0.16695652173913	1	0.83304347826087	-	0.722543352601156	0.908918406072106	0.912712155206048	0.608914260819538	0.83304347826087	394639
hmmscan	12.9400418206104	2.39999999999994e-06	1916	375	317	0	1	0.541907514450867	0	0.458092485549133	0.836316019205587	0	1.84533333333333	0	0.856211656441718	0.163683980794413	1	0.836316019205587	-	0.729046242774567	0.910862847634894	0.914503154289578	0.618958870961911	0.836316019205587	393581
hmmscan	12.9400418206104	2.39999999999994e-06	1916	375	317	0	1	0.541907514450867	0	0.458092485549133	0.836316019205587	0	1.84533333333333	0	0.856211656441718	0.163683980794413	1	0.836316019205587	-	0.729046242774567	0.910862847634894	0.914503154289578	0.618958870961911	0.836316019205587	393581
hmmscan	12.9826014350292	2.29999999999993e-06	1916	365	327	0	1	0.527456647398844	0	0.472543352601156	0.839982463831653	0	1.8958904109589	0	0.860046012269939	0.160017536168347	1	0.839982463831653	-	0.736271676300578	0.913033118894448	0.916505572177089	0.630022324672062	0.839982463831653	393004
hmmscan	13.0270531976	2.20000000000001e-06	1916	365	327	0	1	0.527456647398844	0	0.472543352601156	0.839982463831653	0	1.8958904109589	0	0.860046012269939	0.160017536168347	1	0.839982463831653	-	0.736271676300578	0.913033118894448	0.916505572177089	0.630022324672062	0.839982463831653	393004
hmmscan	13.0735732132349	2.09999999999999e-06	1916	358	334	0	1	0.517341040462428	0	0.482658959537572	0.842568161829376	0	1.93296089385475	0	0.862730061349693	0.157431838170624	1	0.842568161829376	-	0.741329479768786	0.914558472553699	0.917915116897731	0.637709238076454	0.842568161829376	391739
hmmscan	13.0735732132349	2.09999999999999e-06	1916	358	334	0	1	0.517341040462428	0	0.482658959537572	0.842568161829376	0	1.93296089385475	0	0.862730061349693	0.157431838170624	1	0.842568161829376	-	0.741329479768786	0.914558472553699	0.917915116897731	0.637709238076454	0.842568161829376	391739
hmmscan	13.1223633774043	2.00000000000006e-06	1916	358	334	0	1	0.517341040462428	0	0.482658959537572	0.842568161829376	0	1.93296089385475	0	0.862730061349693	0.157431838170624	1	0.842568161829376	-	0.741329479768786	0.914558472553699	0.917915116897731	0.637709238076454	0.842568161829376	391739
hmmscan	13.1223633774043	2.00000000000006e-06	1916	358	334	0	1	0.517341040462428	0	0.482658959537572	0.842568161829376	0	1.93296089385475	0	0.862730061349693	0.157431838170624	1	0.842568161829376	-	0.741329479768786	0.914558472553699	0.917915116897731	0.637709238076454	0.842568161829376	391739
hmmscan	13.1736566717919	1.89999999999996e-06	1916	345	347	0	1	0.498554913294798	0	0.501445086705202	0.847412649270234	0	2.00579710144928	0	0.86771472392638	0.152587350729766	1	0.847412649270234	-	0.750722543352601	0.917404836006703	0.920550188349464	0.651867248286335	0.847412649270234	390167
hmmscan	13.1736566717919	1.89999999999996e-06	1916	345	347	0	1	0.498554913294798	0	0.501445086705202	0.847412649270234	0	2.00579710144928	0	0.86771472392638	0.152587350729766	1	0.847412649270234	-	0.750722543352601	0.917404836006703	0.920550188349464	0.651867248286335	0.847412649270234	390167
hmmscan	13.2277238930622	1.79999999999992e-06	1916	341	351	0	1	0.492774566473988	0	0.507225433526012	0.848914488258751	0	2.02932551319648	0	0.869248466257669	0.151085511741249	1	0.84891448825875	-	0.753612716763006	0.918284208003834	0.921365556258074	0.656194345703738	0.848914488258751	389421
hmmscan	13.2848823069021	1.70000000000001e-06	1916	341	351	0	1	0.492774566473988	0	0.507225433526012	0.848914488258751	0	2.02932551319648	0	0.869248466257669	0.151085511741249	1	0.84891448825875	-	0.753612716763006	0.918284208003834	0.921365556258074	0.656194345703738	0.848914488258751	389421
hmmscan	13.2848823069021	1.70000000000001e-06	1916	341	351	0	1	0.492774566473988	0	0.507225433526012	0.848914488258751	0	2.02932551319648	0	0.869248466257669	0.151085511741249	1	0.84891448825875	-	0.753612716763006	0.918284208003834	0.921365556258074	0.656194345703738	0.848914488258751	389421
hmmscan	13.3455069287185	1.60000000000006e-06	1916	339	353	0	1	0.489884393063584	0	0.510115606936416	0.849667405764967	0	2.04129793510324	0	0.870015337423313	0.150332594235033	1	0.849667405764967	-	0.755057803468208	0.918724526492448	0.921774053532083	0.658352948186523	0.849667405764967	388597
hmmscan	13.3455069287185	1.60000000000006e-06	1916	339	353	0	1	0.489884393063584	0	0.510115606936416	0.849667405764967	0	2.04129793510324	0	0.870015337423313	0.150332594235033	1	0.849667405764967	-	0.755057803468208	0.918724526492448	0.921774053532083	0.658352948186523	0.849667405764967	388597
hmmscan	13.4100454498561	1.50000000000002e-06	1916	338	354	0	1	0.488439306358382	0	0.511560693641618	0.850044365572316	0	2.04733727810651	0	0.870398773006135	0.149955634427684	1	0.850044365572316	-	0.755780346820809	0.9189448441247	0.921978506025122	0.659431031479656	0.850044365572316	387737
hmmscan	13.4100454498561	1.50000000000002e-06	1916	338	354	0	1	0.488439306358382	0	0.511560693641618	0.850044365572316	0	2.04733727810651	0	0.870398773006135	0.149955634427684	1	0.850044365572316	-	0.755780346820809	0.9189448441247	0.921978506025122	0.659431031479656	0.850044365572316	387737
hmmscan	13.4790383213431	1.39999999999994e-06	1916	338	354	0	1	0.488439306358382	0	0.511560693641618	0.850044365572316	0	2.04733727810651	0	0.870398773006135	0.149955634427684	1	0.850044365572316	-	0.755780346820809	0.9189448441247	0.921978506025122	0.659431031479656	0.850044365572316	385904
hmmscan	13.4790383213431	1.39999999999994e-06	1916	338	354	0	1	0.488439306358382	0	0.511560693641618	0.850044365572316	0	2.04733727810651	0	0.870398773006135	0.149955634427684	1	0.850044365572316	-	0.755780346820809	0.9189448441247	0.921978506025122	0.659431031479656	0.850044365572316	385904
hmmscan	13.4790383213431	1.39999999999994e-06	1916	338	354	0	1	0.488439306358382	0	0.511560693641618	0.850044365572316	0	2.04733727810651	0	0.870398773006135	0.149955634427684	1	0.850044365572316	-	0.755780346820809	0.9189448441247	0.921978506025122	0.659431031479656	0.850044365572316	385904
hmmscan	13.5531462934968	1.29999999999998e-06	1916	333	359	0	1	0.48121387283237	0	0.51878612716763	0.851934192974655	0	2.07807807807808	0	0.872315950920245	0.148065807025345	1	0.851934192974655	-	0.759393063583815	0.920048019207683	0.92300281309141	0.66480947689921	0.851934192974655	384805
hmmscan	13.5531462934968	1.29999999999998e-06	1916	333	359	0	1	0.48121387283237	0	0.51878612716763	0.851934192974655	0	2.07807807807808	0	0.872315950920245	0.148065807025345	1	0.851934192974655	-	0.759393063583815	0.920048019207683	0.92300281309141	0.66480947689921	0.851934192974655	384805
hmmscan	13.6331890011703	1.20000000000002e-06	1916	333	359	0	1	0.48121387283237	0	0.51878612716763	0.851934192974655	0	2.07807807807808	0	0.872315950920245	0.148065807025345	1	0.851934192974655	-	0.759393063583815	0.920048019207683	0.92300281309141	0.66480947689921	0.851934192974655	384805
hmmscan	13.6331890011703	1.20000000000002e-06	1916	333	359	0	1	0.48121387283237	0	0.51878612716763	0.851934192974655	0	2.07807807807808	0	0.872315950920245	0.148065807025345	1	0.851934192974655	-	0.759393063583815	0.920048019207683	0.92300281309141	0.66480947689921	0.851934192974655	384805
hmmscan	13.6331890011703	1.20000000000002e-06	1916	333	359	0	1	0.48121387283237	0	0.51878612716763	0.851934192974655	0	2.07807807807808	0	0.872315950920245	0.148065807025345	1	0.851934192974655	-	0.759393063583815	0.920048019207683	0.92300281309141	0.66480947689921	0.851934192974655	384805
hmmscan	13.7202003781599	1.10000000000005e-06	1916	315	377	0	1	0.455202312138728	0	0.544797687861272	0.858807709547288	0	2.1968253968254	0	0.879217791411043	0.141192290452712	1	0.858807709547288	-	0.772398843930636	0.924041475765614	0.926718786659302	0.684014951940963	0.858807709547288	383568
hmmscan	13.7202003781599	1.10000000000005e-06	1916	315	377	0	1	0.455202312138728	0	0.544797687861272	0.858807709547288	0	2.1968253968254	0	0.879217791411043	0.141192290452712	1	0.858807709547288	-	0.772398843930636	0.924041475765614	0.926718786659302	0.684014951940963	0.858807709547288	383568
hmmscan	13.7202003781599	1.10000000000005e-06	1916	315	377	0	1	0.455202312138728	0	0.544797687861272	0.858807709547288	0	2.1968253968254	0	0.879217791411043	0.141192290452712	1	0.858807709547288	-	0.772398843930636	0.924041475765614	0.926718786659302	0.684014951940963	0.858807709547288	383568
hmmscan	13.7202003781599	1.10000000000005e-06	1916	315	377	0	1	0.455202312138728	0	0.544797687861272	0.858807709547288	0	2.1968253968254	0	0.879217791411043	0.141192290452712	1	0.858807709547288	-	0.772398843930636	0.924041475765614	0.926718786659302	0.684014951940963	0.858807709547288	383568
hmmscan	13.8155105579643	9.99999999999974e-07	1916	298	394	0	1	0.430635838150289	0	0.569364161849711	0.865401987353207	0	2.32214765100671	0	0.885736196319018	0.134598012646793	1	0.865401987353207	-	0.784682080924855	0.927845036319613	0.930269846524763	0.701946491687531	0.865401987353207	381295
hmmscan	13.8155105579643	9.99999999999974e-07	1916	298	394	0	1	0.430635838150289	0	0.569364161849711	0.865401987353207	0	2.32214765100671	0	0.885736196319018	0.134598012646793	1	0.865401987353207	-	0.784682080924855	0.927845036319613	0.930269846524763	0.701946491687531	0.865401987353207	381295
hmmscan	13.845969765449	9.69999999999983e-07	1916	297	395	0	1	0.429190751445087	0	0.570809248554913	0.865793041120651	0	2.32996632996633	0	0.886119631901841	0.134206958879349	1	0.865793041120651	-	0.785404624277457	0.928069750544926	0.930480005760817	0.702995501554705	0.865793041120651	380861
hmmscan	13.8773859616824	9.39999999999964e-07	1916	291	401	0	1	0.420520231213873	0	0.579479768786127	0.868146805618487	0	2.37800687285223	0	0.888420245398773	0.131853194381513	1	0.868146805618487	-	0.789739884393064	0.929420325006064	0.931743959260529	0.709276751481547	0.868146805618487	380473
hmmscan	13.8988921669033	9.20000000000023e-07	1916	291	401	0	1	0.420520231213873	0	0.579479768786127	0.868146805618487	0	2.37800687285223	0	0.888420245398773	0.131853194381513	1	0.868146805618487	-	0.789739884393064	0.929420325006064	0.931743959260529	0.709276751481547	0.868146805618487	380319
hmmscan	13.9320443742202	8.90000000000024e-07	1916	284	408	0	1	0.410404624277457	0	0.589595375722543	0.870909090909091	0	2.43661971830986	0	0.891104294478528	0.129090909090909	1	0.870909090909091	-	0.794797687861272	0.931000971817298	0.933225101949734	0.71657795994206	0.870909090909091	379884
hmmscan	13.9663334476989	8.59999999999963e-07	1916	281	411	0	1	0.40606936416185	0	0.59393063583815	0.872098315885298	0	2.4626334519573	0	0.892254601226994	0.127901684114702	1	0.872098315885298	-	0.796965317919075	0.931680038901045	0.93386204328332	0.71969848357985	0.872098315885298	379307
hmmscan	14.0018401361558	8.29999999999974e-07	1916	280	412	0	1	0.404624277456647	0	0.595375722543353	0.872495446265938	0	2.47142857142857	0	0.892638036809816	0.127504553734062	1	0.872495446265938	-	0.797687861271676	0.931906614785992	0.934074647052332	0.720737543587378	0.872495446265938	378886
hmmscan	14.0386541092785	7.99999999999987e-07	1916	279	413	0	1	0.403179190751445	0	0.596820809248555	0.872892938496583	0	2.48028673835125	0	0.893021472392638	0.127107061503417	1	0.872892938496583	-	0.798410404624277	0.932133300900024	0.934287396092114	0.721776052485035	0.872892938496583	378439
hmmscan	14.0639719172628	7.7999999999998e-07	1916	276	416	0	1	0.398843930635838	0	0.601156069364162	0.874087591240876	0	2.50724637681159	0	0.894171779141104	0.125912408759124	1	0.874087591240876	-	0.800578034682081	0.932814021421616	0.93492651649254	0.724888309072752	0.874087591240876	378054
hmmscan	14.1031926304161	7.49999999999966e-07	1916	276	416	0	1	0.398843930635838	0	0.601156069364162	0.874087591240876	0	2.50724637681159	0	0.894171779141104	0.125912408759124	1	0.874087591240876	-	0.800578034682081	0.932814021421616	0.93492651649254	0.724888309072752	0.874087591240876	377500
hmmscan	14.130221302804	7.29999999999982e-07	1916	275	417	0	1	0.397398843930636	0	0.602601156069364	0.874486535828389	0	2.51636363636364	0	0.894555214723926	0.125513464171611	1	0.874486535828389	-	0.801300578034682	0.933041149257365	0.935139848273182	0.725924649985989	0.874486535828389	377124
hmmscan	14.1580008669111	7.09999999999964e-07	1916	273	419	0	1	0.394508670520231	0	0.605491329479769	0.875285518501599	0	2.53479853479854	0	0.895322085889571	0.124714481498401	1	0.875285518501599	-	0.802745664739884	0.933495736906212	0.935566950304252	0.727995736438011	0.875285518501599	376752
hmmscan	14.1865742393551	6.90000000000005e-07	1916	271	421	0	1	0.391618497109827	0	0.608381502890173	0.876085962505716	0	2.55350553505535	0	0.896088957055215	0.123914037494284	1	0.876085962505716	-	0.804190751445087	0.933950767730929	0.935994638075302	0.730064719412061	0.876085962505716	376559
hmmscan	14.2159881245614	6.69999999999999e-07	1916	269	423	0	1	0.388728323699422	0	0.611271676300578	0.876887871853547	0	2.5724907063197	0	0.896855828220859	0.123112128146453	1	0.876887871853547	-	0.805635838150289	0.934406242379907	0.936422912926391	0.732131627069589	0.876887871853547	375972
hmmscan	14.2617976605927	6.39999999999996e-07	1916	268	424	0	1	0.38728323699422	0	0.61271676300578	0.877289377289377	0	2.58208955223881	0	0.897239263803681	0.122710622710623	1	0.877289377289377	-	0.80635838150289	0.934634146341463	0.936637270926893	0.733164311373722	0.877289377289377	375376
hmmscan	14.2935463589073	6.19999999999984e-07	1916	267	425	0	1	0.385838150289017	0	0.614161849710983	0.877691250572607	0	2.59176029962547	0	0.897622699386503	0.122308749427393	1	0.877691250572607	-	0.807080924855491	0.934862161502806	0.936851776201874	0.73419648727491	0.877691250572607	374972
hmmscan	14.3263361817303	5.99999999999979e-07	1916	266	426	0	1	0.384393063583815	0	0.615606936416185	0.878093492208983	0	2.6015037593985	0	0.898006134969325	0.121906507791017	1	0.878093492208983	-	0.807803468208093	0.935090287945339	0.937066428920054	0.735228158210607	0.878093492208983	374581
hmmscan	14.3602377334059	5.80000000000027e-07	1916	266	426	0	1	0.384393063583815	0	0.615606936416185	0.878093492208983	0	2.6015037593985	0	0.898006134969325	0.121906507791017	1	0.878093492208983	-	0.807803468208093	0.935090287945339	0.937066428920054	0.735228158210607	0.878093492208983	374364
hmmscan	14.3953290532172	5.60000000000009e-07	1916	263	429	0	1	0.380057803468208	0	0.619942196531792	0.879302432308398	0	2.63117870722433	0	0.899156441717791	0.120697567691602	1	0.879302432308398	-	0.809971098265896	0.935775335775336	0.937711273425034	0.738320175331147	0.879302432308398	373915
hmmscan	14.4316966973881	5.39999999999995e-07	1916	259	433	0	1	0.374277456647399	0	0.625722543352601	0.880919540229885	0	2.67181467181467	0	0.90069018404908	0.119080459770115	1	0.880919540229885	-	0.812861271676301	0.936690295771205	0.938573140586223	0.742436000744608	0.880919540229885	373220
hmmscan	14.4503888304002	5.30000000000023e-07	1916	259	433	0	1	0.374277456647399	0	0.625722543352601	0.880919540229885	0	2.67181467181467	0	0.90069018404908	0.119080459770115	1	0.880919540229885	-	0.812861271676301	0.936690295771205	0.938573140586223	0.742436000744608	0.880919540229885	373220
hmmscan	14.488855111228	5.1000000000002e-07	1916	257	435	0	1	0.371387283236994	0	0.628612716763006	0.88173032673723	0	2.69260700389105	0	0.901457055214724	0.11826967326277	1	0.88173032673723	-	0.814306358381503	0.937148447053069	0.939004966300621	0.744491031606575	0.88173032673723	372753
hmmscan	14.5288604458417	4.90000000000019e-07	1916	257	435	0	1	0.371387283236994	0	0.628612716763006	0.88173032673723	0	2.69260700389105	0	0.901457055214724	0.11826967326277	1	0.88173032673723	-	0.814306358381503	0.937148447053069	0.939004966300621	0.744491031606575	0.88173032673723	372222
hmmscan	14.5494797330445	4.79999999999988e-07	1916	257	435	0	1	0.371387283236994	0	0.628612716763006	0.88173032673723	0	2.69260700389105	0	0.901457055214724	0.11826967326277	1	0.88173032673723	-	0.814306358381503	0.937148447053069	0.939004966300621	0.744491031606575	0.88173032673723	371646
hmmscan	14.5920393474633	4.59999999999986e-07	1916	256	436	0	1	0.369942196531792	0	0.630057803468208	0.882136279926335	0	2.703125	0	0.901840490797546	0.117863720073665	1	0.882136279926335	-	0.815028901734104	0.937377690802348	0.939221102790144	0.745517838076329	0.882136279926335	371075
hmmscan	14.614018254182	4.50000000000021e-07	1916	256	436	0	1	0.369942196531792	0	0.630057803468208	0.882136279926335	0	2.703125	0	0.901840490797546	0.117863720073665	1	0.882136279926335	-	0.815028901734104	0.937377690802348	0.939221102790144	0.745517838076329	0.882136279926335	371075
hmmscan	14.6364911100341	4.40000000000002e-07	1916	255	437	0	1	0.36849710982659	0	0.63150289017341	0.882542607093505	0	2.71372549019608	0	0.902223926380368	0.117457392906495	1	0.882542607093505	-	0.815751445086705	0.937607046733545	0.939437388596763	0.746544176241919	0.882542607093505	370780
hmmscan	14.683011125669	4.19999999999999e-07	1916	253	439	0	1	0.365606936416185	0	0.634393063583815	0.883356385431074	0	2.73517786561265	0	0.902990797546012	0.116643614568926	1	0.883356385431074	-	0.817196531791907	0.938066095471236	0.939870408849579	0.748595460572628	0.883356385431074	369885
hmmscan	14.7071086772481	4.09999999999983e-07	1916	253	439	0	1	0.365606936416185	0	0.634393063583815	0.883356385431074	0	2.73517786561265	0	0.902990797546012	0.116643614568926	1	0.883356385431074	-	0.817196531791907	0.938066095471236	0.939870408849579	0.748595460572628	0.883356385431074	369573
hmmscan	14.7318012898384	4.00000000000012e-07	1916	253	439	0	1	0.365606936416185	0	0.634393063583815	0.883356385431074	0	2.73517786561265	0	0.902990797546012	0.116643614568926	1	0.883356385431074	-	0.817196531791907	0.938066095471236	0.939870408849579	0.748595460572628	0.883356385431074	369573
hmmscan	14.783094584226	3.79999999999993e-07	1916	244	448	0	1	0.352601156069364	0	0.647398843930636	0.887037037037037	0	2.83606557377049	0	0.906441717791411	0.112962962962963	1	0.887037037037037	-	0.823699421965318	0.940137389597645	0.94182643679026	0.757803900954221	0.887037037037037	368588
hmmscan	14.8097628313081	3.70000000000015e-07	1916	244	448	0	1	0.352601156069364	0	0.647398843930636	0.887037037037037	0	2.83606557377049	0	0.906441717791411	0.112962962962963	1	0.887037037037037	-	0.823699421965318	0.940137389597645	0.94182643679026	0.757803900954221	0.887037037037037	368588
hmmscan	14.8371618054963	3.59999999999984e-07	1916	238	454	0	1	0.34393063583815	0	0.65606936416185	0.889507892293408	0	2.90756302521008	0	0.908742331288344	0.110492107706592	1	0.889507892293408	-	0.828034682080925	0.941523341523341	0.943137260579502	0.763923345181886	0.889507892293408	367943
hmmscan	14.8943202193362	3.40000000000002e-07	1916	237	455	0	1	0.342485549132948	0	0.657514450867052	0.889921040408732	0	2.91983122362869	0	0.909125766871166	0.110078959591268	1	0.889921040408732	-	0.828757225433526	0.941754730892111	0.943356263777759	0.76494179137983	0.889921040408732	367623
hmmscan	14.9241731824859	3.29999999999995e-07	1916	235	457	0	1	0.339595375722543	0	0.660404624277457	0.890748489074849	0	2.94468085106383	0	0.90989263803681	0.109251510925151	1	0.890748489074849	-	0.830202312138728	0.94221785099582	0.943794728251249	0.76697745811281	0.890748489074849	366955
hmmscan	14.9549448411526	3.20000000000013e-07	1916	235	457	0	1	0.339595375722543	0	0.660404624277457	0.890748489074849	0	2.94468085106383	0	0.90989263803681	0.109251510925151	1	0.890748489074849	-	0.830202312138728	0.94221785099582	0.943794728251249	0.76697745811281	0.890748489074849	366955
hmmscan	14.9866935394672	3.10000000000006e-07	1916	234	458	0	1	0.338150289017341	0	0.661849710982659	0.891162790697674	0	2.95726495726496	0	0.910276073619632	0.108837209302326	1	0.891162790697674	-	0.83092485549133	0.942449581898672	0.944014189881526	0.767994684527019	0.891162790697674	366536
hmmscan	15.0194833622902	3.00000000000003e-07	1916	231	461	0	1	0.333815028901734	0	0.666184971098266	0.892408011178388	0	2.995670995671	0	0.911426380368098	0.107591988821612	1	0.892408011178389	-	0.833092485549133	0.943145459020428	0.944673494482823	0.77104397094766	0.892408011178388	366177
hmmscan	15.0533849139659	2.89999999999998e-07	1916	225	467	0	1	0.32514450867052	0	0.67485549132948	0.894908921064923	0	3.07555555555556	0	0.913726993865031	0.105091078935077	1	0.894908921064923	-	0.83742774566474	0.944540300714814	0.945996258483575	0.777132034869496	0.894908921064923	365296
hmmscan	15.0884762337772	2.79999999999989e-07	1916	225	467	0	1	0.32514450867052	0	0.67485549132948	0.894908921064923	0	3.07555555555556	0	0.913726993865031	0.105091078935077	1	0.894908921064923	-	0.83742774566474	0.944540300714814	0.945996258483575	0.777132034869496	0.894908921064923	364874
hmmscan	15.124843877948	2.7000000000001e-07	1916	225	467	0	1	0.32514450867052	0	0.67485549132948	0.894908921064923	0	3.07555555555556	0	0.913726993865031	0.105091078935077	1	0.894908921064923	-	0.83742774566474	0.944540300714814	0.945996258483575	0.777132034869496	0.894908921064923	364874
hmmscan	15.1625842059309	2.59999999999996e-07	1916	225	467	0	1	0.32514450867052	0	0.67485549132948	0.894908921064923	0	3.07555555555556	0	0.913726993865031	0.105091078935077	1	0.894908921064923	-	0.83742774566474	0.944540300714814	0.945996258483575	0.777132034869496	0.894908921064923	364065
hmmscan	15.2018049190842	2.49999999999991e-07	1916	225	467	0	1	0.32514450867052	0	0.67485549132948	0.894908921064923	0	3.07555555555556	0	0.913726993865031	0.105091078935077	1	0.894908921064923	-	0.83742774566474	0.944540300714814	0.945996258483575	0.777132034869496	0.894908921064923	363604
hmmscan	15.2426269136044	2.40000000000005e-07	1916	225	467	0	1	0.32514450867052	0	0.67485549132948	0.894908921064923	0	3.07555555555556	0	0.913726993865031	0.105091078935077	1	0.894908921064923	-	0.83742774566474	0.944540300714814	0.945996258483575	0.777132034869496	0.894908921064923	363604
hmmscan	15.2851865280232	2.30000000000004e-07	1916	224	468	0	1	0.323699421965318	0	0.676300578034682	0.895327102803738	0	3.08928571428571	0	0.914110429447853	0.104672897196262	1	0.895327102803738	-	0.838150289017341	0.944773175542406	0.946217259831873	0.778145383046308	0.895327102803738	363139
hmmscan	15.329638290594	2.20000000000011e-07	1916	224	468	0	1	0.323699421965318	0	0.676300578034682	0.895327102803738	0	3.08928571428571	0	0.914110429447853	0.104672897196262	1	0.895327102803738	-	0.838150289017341	0.944773175542406	0.946217259831873	0.778145383046308	0.895327102803738	362638
hmmscan	15.329638290594	2.20000000000011e-07	1916	224	468	0	1	0.323699421965318	0	0.676300578034682	0.895327102803738	0	3.08928571428571	0	0.914110429447853	0.104672897196262	1	0.895327102803738	-	0.838150289017341	0.944773175542406	0.946217259831873	0.778145383046308	0.895327102803738	362638
hmmscan	15.3761583062289	2.10000000000009e-07	1916	224	468	0	1	0.323699421965318	0	0.676300578034682	0.895327102803738	0	3.08928571428571	0	0.914110429447853	0.104672897196262	1	0.895327102803738	-	0.838150289017341	0.944773175542406	0.946217259831873	0.778145383046308	0.895327102803738	361943
hmmscan	15.4249484703984	1.99999999999995e-07	1916	221	471	0	1	0.319364161849711	0	0.680635838150289	0.896583996256434	0	3.13122171945701	0	0.915260736196319	0.103416003743566	1	0.896583996256434	-	0.840317919075145	0.94547248951394	0.946881194372575	0.781183204993639	0.896583996256434	360675
hmmscan	15.4249484703984	1.99999999999995e-07	1916	221	471	0	1	0.319364161849711	0	0.680635838150289	0.896583996256434	0	3.13122171945701	0	0.915260736196319	0.103416003743566	1	0.896583996256434	-	0.840317919075145	0.94547248951394	0.946881194372575	0.781183204993639	0.896583996256434	360675
hmmscan	15.4762417647859	1.90000000000005e-07	1916	221	471	0	1	0.319364161849711	0	0.680635838150289	0.896583996256434	0	3.13122171945701	0	0.915260736196319	0.103416003743566	1	0.896583996256434	-	0.840317919075145	0.94547248951394	0.946881194372575	0.781183204993639	0.896583996256434	360675
hmmscan	15.5303089860562	1.8e-07	1916	220	472	0	1	0.317919075144509	0	0.682080924855491	0.897003745318352	0	3.14545454545455	0	0.915644171779141	0.102996254681648	1	0.897003745318352	-	0.841040462427746	0.945705824284304	0.947102816656329	0.782195080658004	0.897003745318352	360064
hmmscan	15.5303089860562	1.8e-07	1916	220	472	0	1	0.317919075144509	0	0.682080924855491	0.897003745318352	0	3.14545454545455	0	0.915644171779141	0.102996254681648	1	0.897003745318352	-	0.841040462427746	0.945705824284304	0.947102816656329	0.782195080658004	0.897003745318352	360064
hmmscan	15.5874673998962	1.69999999999991e-07	1916	219	473	0	1	0.316473988439306	0	0.683526011560694	0.897423887587822	0	3.15981735159817	0	0.916027607361963	0.102576112412178	1	0.897423887587822	-	0.841763005780347	0.945939274253271	0.947324594628379	0.783206595070672	0.897423887587822	358718
hmmscan	15.5874673998962	1.69999999999991e-07	1916	219	473	0	1	0.316473988439306	0	0.683526011560694	0.897423887587822	0	3.15981735159817	0	0.916027607361963	0.102576112412178	1	0.897423887587822	-	0.841763005780347	0.945939274253271	0.947324594628379	0.783206595070672	0.897423887587822	358718
hmmscan	15.6480920217126	1.59999999999998e-07	1916	217	475	0	1	0.313583815028902	0	0.686416184971098	0.898265353961556	0	3.1889400921659	0	0.916794478527607	0.101734646038444	1	0.898265353961556	-	0.843208092485549	0.946406520128427	0.947768618367139	0.785228551033395	0.898265353961556	357966
hmmscan	15.7126305428502	1.49999999999993e-07	1916	213	479	0	1	0.307803468208093	0	0.692196531791908	0.899953029591357	0	3.24882629107981	0	0.918328220858896	0.100046970408643	1	0.899953029591357	-	0.846098265895954	0.94734239802225	0.948658542148521	0.789268247086349	0.899953029591357	357189
hmmscan	15.7126305428502	1.49999999999993e-07	1916	213	479	0	1	0.307803468208093	0	0.692196531791908	0.899953029591357	0	3.24882629107981	0	0.918328220858896	0.100046970408643	1	0.899953029591357	-	0.846098265895954	0.94734239802225	0.948658542148521	0.789268247086349	0.899953029591357	357189
hmmscan	15.7816234143371	1.40000000000001e-07	1916	213	479	0	1	0.307803468208093	0	0.692196531791908	0.899953029591357	0	3.24882629107981	0	0.918328220858896	0.100046970408643	1	0.899953029591357	-	0.846098265895954	0.94734239802225	0.948658542148521	0.789268247086349	0.899953029591357	357189
hmmscan	15.7816234143371	1.40000000000001e-07	1916	213	479	0	1	0.307803468208093	0	0.692196531791908	0.899953029591357	0	3.24882629107981	0	0.918328220858896	0.100046970408643	1	0.899953029591357	-	0.846098265895954	0.94734239802225	0.948658542148521	0.789268247086349	0.899953029591357	357189
hmmscan	15.8557313864908	1.30000000000004e-07	1916	213	479	0	1	0.307803468208093	0	0.692196531791908	0.899953029591357	0	3.24882629107981	0	0.918328220858896	0.100046970408643	1	0.899953029591357	-	0.846098265895954	0.94734239802225	0.948658542148521	0.789268247086349	0.899953029591357	356420
hmmscan	15.8557313864908	1.30000000000004e-07	1916	213	479	0	1	0.307803468208093	0	0.692196531791908	0.899953029591357	0	3.24882629107981	0	0.918328220858896	0.100046970408643	1	0.899953029591357	-	0.846098265895954	0.94734239802225	0.948658542148521	0.789268247086349	0.899953029591357	356420
hmmscan	15.9357740941644	1.19999999999996e-07	1916	207	485	0	1	0.299132947976879	0	0.700867052023121	0.902496467263307	0	3.34299516908213	0	0.920628834355828	0.0975035327366934	1	0.902496467263307	-	0.850433526011561	0.948749690517455	0.949998140663079	0.795317570830744	0.902496467263307	354546
hmmscan	15.9357740941644	1.19999999999996e-07	1916	207	485	0	1	0.299132947976879	0	0.700867052023121	0.902496467263307	0	3.34299516908213	0	0.920628834355828	0.0975035327366934	1	0.902496467263307	-	0.850433526011561	0.948749690517455	0.949998140663079	0.795317570830744	0.902496467263307	354546
hmmscan	16.022785471154	1.1e-07	1916	206	486	0	1	0.297687861271676	0	0.702312138728324	0.902921771913289	0	3.35922330097087	0	0.92101226993865	0.0970782280867107	1	0.902921771913289	-	0.851156069364162	0.948984645864289	0.950221959288086	0.796324632757765	0.902921771913289	353525
hmmscan	16.022785471154	1.1e-07	1916	206	486	0	1	0.297687861271676	0	0.702312138728324	0.902921771913289	0	3.35922330097087	0	0.92101226993865	0.0970782280867107	1	0.902921771913289	-	0.851156069364162	0.948984645864289	0.950221959288086	0.796324632757765	0.902921771913289	353525
hmmscan	16.022785471154	1.1e-07	1916	206	486	0	1	0.297687861271676	0	0.702312138728324	0.902921771913289	0	3.35922330097087	0	0.92101226993865	0.0970782280867107	1	0.902921771913289	-	0.851156069364162	0.948984645864289	0.950221959288086	0.796324632757765	0.902921771913289	353525
hmmscan	16.1180956509583	1.00000000000002e-07	1916	206	486	0	1	0.297687861271676	0	0.702312138728324	0.902921771913289	0	3.35922330097087	0	0.92101226993865	0.0970782280867107	1	0.902921771913289	-	0.851156069364162	0.948984645864289	0.950221959288086	0.796324632757765	0.902921771913289	353525
hmmscan	16.1382983582758	9.80000000000038e-08	1916	204	488	0	1	0.294797687861272	0	0.705202312138728	0.90377358490566	0	3.3921568627451	0	0.921779141104294	0.0962264150943396	1	0.903773584905661	-	0.852601156069364	0.949454905847374	0.950670071531475	0.798337786732771	0.90377358490566	352852
hmmscan	16.1693889453459	9.49999999999971e-08	1916	203	489	0	1	0.293352601156069	0	0.706647398843931	0.904200094384144	0	3.40886699507389	0	0.922162576687117	0.0957999056158565	1	0.904200094384144	-	0.853323699421965	0.949690210656753	0.950894365523397	0.799343883901661	0.904200094384144	352395
hmmscan	16.2124063304296	9.09999999999963e-08	1916	202	490	0	1	0.291907514450867	0	0.708092485549133	0.904627006610009	0	3.42574257425743	0	0.922546012269939	0.0953729933899906	1	0.904627006610009	-	0.854046242774567	0.949925632126921	0.951118818345011	0.800349664587519	0.904627006610009	351944
hmmscan	16.2459290224682	8.80000000000004e-08	1916	199	493	0	1	0.28757225433526	0	0.71242774566474	0.905910165484634	0	3.47738693467337	0	0.923696319018405	0.0940898345153664	1	0.905910165484634	-	0.85621387283237	0.95063259737038	0.951793131664982	0.803365133031668	0.905910165484634	351710
hmmscan	16.2924490381031	8.39999999999997e-08	1916	197	495	0	1	0.284682080924855	0	0.715317919075145	0.906767628963559	0	3.51269035532995	0	0.924463190184049	0.0932323710364411	1	0.906767628963559	-	0.857658959537572	0.951104492429883	0.95224347147332	0.805373909085038	0.906767628963559	351038
hmmscan	16.328816682274	8.09999999999979e-08	1916	196	496	0	1	0.283236994219653	0	0.716763005780347	0.90719696969697	0	3.53061224489796	0	0.924846625766871	0.0928030303030303	1	0.90719696969697	-	0.858381502890173	0.951340615690169	0.952468881222358	0.806377843715229	0.90719696969697	350621
hmmscan	16.3665570102568	7.80000000000017e-08	1916	194	498	0	1	0.280346820809249	0	0.719653179190751	0.908056872037915	0	3.56701030927835	0	0.925613496932515	0.0919431279620853	1	0.908056872037915	-	0.859826589595376	0.951813214108296	0.95292018135724	0.808384818541327	0.908056872037915	350372
hmmscan	16.4057777234101	7.5e-08	1916	192	500	0	1	0.277456647398844	0	0.722543352601156	0.908918406072106	0	3.60416666666667	0	0.926380368098159	0.0910815939278937	1	0.908918406072106	-	0.861271676300578	0.952286282306163	0.953372123607622	0.81039061714968	0.908918406072106	349974
hmmscan	16.4465997179304	7.19999999999968e-08	1916	191	501	0	1	0.276011560693642	0	0.723988439306358	0.909349786426198	0	3.62303664921466	0	0.926763803680982	0.0906502135738016	1	0.909349786426198	-	0.861994219653179	0.952522992791449	0.953598336002218	0.811393081470549	0.909349786426198	349342
hmmscan	16.4747705948971	6.99999999999965e-08	1916	188	504	0	1	0.271676300578035	0	0.728323699421965	0.9106463878327	0	3.68085106382979	0	0.927914110429448	0.0893536121673004	1	0.9106463878327	-	0.864161849710983	0.953233830845771	0.954277940556471	0.814398763537594	0.9106463878327	349010
hmmscan	16.5185732175554	6.70000000000031e-08	1916	188	504	0	1	0.271676300578035	0	0.728323699421965	0.9106463878327	0	3.68085106382979	0	0.927914110429448	0.0893536121673004	1	0.9106463878327	-	0.864161849710983	0.953233830845771	0.954277940556471	0.814398763537594	0.9106463878327	348657
hmmscan	16.5488785670508	6.49999999999983e-08	1916	188	504	0	1	0.271676300578035	0	0.728323699421965	0.9106463878327	0	3.68085106382979	0	0.927914110429448	0.0893536121673004	1	0.9106463878327	-	0.864161849710983	0.953233830845771	0.954277940556471	0.814398763537594	0.9106463878327	348065
hmmscan	16.5801311105549	6.29999999999988e-08	1916	188	504	0	1	0.271676300578035	0	0.728323699421965	0.9106463878327	0	3.68085106382979	0	0.927914110429448	0.0893536121673004	1	0.9106463878327	-	0.864161849710983	0.953233830845771	0.954277940556471	0.814398763537594	0.9106463878327	347731
hmmscan	16.6289212747243	6.00000000000007e-08	1916	187	505	0	1	0.270231213872832	0	0.729768786127168	0.911079410366144	0	3.70053475935829	0	0.92829754601227	0.0889205896338564	1	0.911079410366144	-	0.864884393063584	0.953471012689724	0.954504798503467	0.815400095271245	0.911079410366144	347387
hmmscan	16.6628228264	5.79999999999996e-08	1916	185	507	0	1	0.267341040462428	0	0.732658959537572	0.911946692051404	0	3.74054054054054	0	0.929064417177914	0.0880533079485959	1	0.911946692051404	-	0.866329479768786	0.95394573064476	0.954959000193937	0.817401929623433	0.911946692051404	346829
hmmscan	16.6979141462113	5.59999999999979e-08	1916	185	507	0	1	0.267341040462428	0	0.732658959537572	0.911946692051404	0	3.74054054054054	0	0.929064417177914	0.0880533079485959	1	0.911946692051404	-	0.866329479768786	0.95394573064476	0.954959000193937	0.817401929623433	0.911946692051404	346455
hmmscan	16.7342817903821	5.40000000000021e-08	1916	184	508	0	1	0.265895953757225	0	0.734104046242775	0.912380952380952	0	3.76086956521739	0	0.929447852760736	0.0876190476190476	1	0.912380952380953	-	0.867052023121387	0.954183266932271	0.955186344322904	0.818402436981766	0.912380952380952	346266
hmmscan	16.772022118365	5.19999999999991e-08	1916	181	511	0	1	0.261560693641618	0	0.738439306358382	0.913686218407248	0	3.8232044198895	0	0.930598159509202	0.0863137815927515	1	0.913686218407249	-	0.869219653179191	0.954896586095191	0.955869352164431	0.821402348030404	0.913686218407248	345627
hmmscan	16.8112428315183	4.99999999999983e-08	1916	181	511	0	1	0.261560693641618	0	0.738439306358382	0.913686218407248	0	3.8232044198895	0	0.930598159509202	0.0863137815927515	1	0.913686218407249	-	0.869219653179191	0.954896586095191	0.955869352164431	0.821402348030404	0.913686218407248	345185
hmmscan	16.8520648260385	4.8000000000001e-08	1916	180	512	0	1	0.260115606936416	0	0.739884393063584	0.91412213740458	0	3.84444444444444	0	0.930981595092024	0.0858778625954199	1	0.91412213740458	-	0.869942196531792	0.955134596211366	0.956097347242727	0.822401789163651	0.91412213740458	344938
hmmscan	16.8946244404573	4.60000000000008e-08	1916	180	512	0	1	0.260115606936416	0	0.739884393063584	0.91412213740458	0	3.84444444444444	0	0.930981595092024	0.0858778625954199	1	0.91412213740458	-	0.869942196531792	0.955134596211366	0.956097347242727	0.822401789163651	0.91412213740458	344472
hmmscan	16.9166033471761	4.49999999999996e-08	1916	178	514	0	1	0.257225433526012	0	0.742774566473988	0.914995224450812	0	3.8876404494382	0	0.931748466257669	0.0850047755491882	1	0.914995224450812	-	0.871387283236994	0.955610972568579	0.956553827262644	0.824399891537609	0.914995224450812	343989
hmmscan	16.9620657212528	4.30000000000021e-08	1916	177	515	0	1	0.255780346820809	0	0.744219653179191	0.915432393693263	0	3.90960451977401	0	0.932131901840491	0.0845676063067367	1	0.915432393693263	-	0.872109826589595	0.955849338987279	0.956782312594282	0.825398557391153	0.915432393693263	343732
hmmscan	17.0096937702421	4.10000000000001e-08	1916	177	515	0	1	0.255780346820809	0	0.744219653179191	0.915432393693263	0	3.90960451977401	0	0.932131901840491	0.0845676063067367	1	0.915432393693263	-	0.872109826589595	0.955849338987279	0.956782312594282	0.825398557391153	0.915432393693263	343249
hmmscan	17.0597041908168	3.89999999999987e-08	1916	175	517	0	1	0.252890173410405	0	0.747109826589595	0.916307986609278	0	3.95428571428571	0	0.932898773006135	0.0836920133907221	1	0.916307986609278	-	0.873554913294798	0.956326428749688	0.957239774878415	0.827395129897632	0.916307986609278	342458
hmmscan	17.08567967722	3.8000000000001e-08	1916	175	517	0	1	0.252890173410405	0	0.747109826589595	0.916307986609278	0	3.95428571428571	0	0.932898773006135	0.0836920133907221	1	0.916307986609278	-	0.873554913294798	0.956326428749688	0.957239774878415	0.827395129897632	0.916307986609278	342458
hmmscan	17.1123479243022	3.69999999999995e-08	1916	174	518	0	1	0.251445086705202	0	0.748554913294798	0.916746411483254	0	3.97701149425287	0	0.933282208588957	0.0832535885167464	1	0.916746411483254	-	0.874277456647399	0.956565152271593	0.957468752222888	0.82839304111102	0.916746411483254	341814
hmmscan	17.167917775457	3.49999999999999e-08	1916	174	518	0	1	0.251445086705202	0	0.748554913294798	0.916746411483254	0	3.97701149425287	0	0.933282208588957	0.0832535885167464	1	0.916746411483254	-	0.874277456647399	0.956565152271593	0.957468752222888	0.82839304111102	0.916746411483254	341510
hmmscan	17.1969053123302	3.40000000000018e-08	1916	174	518	0	1	0.251445086705202	0	0.748554913294798	0.916746411483254	0	3.97701149425287	0	0.933282208588957	0.0832535885167464	1	0.916746411483254	-	0.874277456647399	0.956565152271593	0.957468752222888	0.82839304111102	0.916746411483254	341254
hmmscan	17.2575299341467	3.19999999999995e-08	1916	173	519	0	1	0.25	0	0.75	0.917185256103399	0	4	0	0.933665644171779	0.0828147438966012	1	0.917185256103399	-	0.875	0.956803995006242	0.957697893964166	0.829390705323823	0.917185256103399	340296
hmmscan	17.2892786324613	3.09999999999989e-08	1916	173	519	0	1	0.25	0	0.75	0.917185256103399	0	4	0	0.933665644171779	0.0828147438966012	1	0.917185256103399	-	0.875	0.956803995006242	0.957697893964166	0.829390705323823	0.917185256103399	339944
hmmscan	17.3220684552843	2.99999999999987e-08	1916	173	519	0	1	0.25	0	0.75	0.917185256103399	0	4	0	0.933665644171779	0.0828147438966012	1	0.917185256103399	-	0.875	0.956803995006242	0.957697893964166	0.829390705323823	0.917185256103399	339562
hmmscan	17.3559700069599	2.90000000000011e-08	1916	173	519	0	1	0.25	0	0.75	0.917185256103399	0	4	0	0.933665644171779	0.0828147438966012	1	0.917185256103399	-	0.875	0.956803995006242	0.957697893964166	0.829390705323823	0.917185256103399	339562
hmmscan	17.3910613267712	2.80000000000002e-08	1916	173	519	0	1	0.25	0	0.75	0.917185256103399	0	4	0	0.933665644171779	0.0828147438966012	1	0.917185256103399	-	0.875	0.956803995006242	0.957697893964166	0.829390705323823	0.917185256103399	339201
hmmscan	17.4274289709421	2.69999999999995e-08	1916	172	520	0	1	0.248554913294798	0	0.751445086705202	0.917624521072797	0	4.02325581395349	0	0.934049079754601	0.0823754789272031	1	0.917624521072797	-	0.875722543352601	0.957042957042957	0.957927200299061	0.830388124794886	0.917624521072797	338295
hmmscan	17.4651692989249	2.60000000000008e-08	1916	172	520	0	1	0.248554913294798	0	0.751445086705202	0.917624521072797	0	4.02325581395349	0	0.934049079754601	0.0823754789272031	1	0.917624521072797	-	0.875722543352601	0.957042957042957	0.957927200299061	0.830388124794886	0.917624521072797	338295
hmmscan	17.5043900120782	2.50000000000002e-08	1916	171	521	0	1	0.247109826589595	0	0.752890173410405	0.918064206995688	0	4.04678362573099	0	0.934432515337423	0.0819357930043124	1	0.918064206995687	-	0.876445086705202	0.957282038471147	0.958156671424714	0.831385301774616	0.918064206995688	337783
hmmscan	17.5452120065985	2.39999999999992e-08	1916	170	522	0	1	0.245664739884393	0	0.754335260115607	0.918504314477469	0	4.07058823529412	0	0.934815950920245	0.0814956855225312	1	0.918504314477469	-	0.877167630057804	0.95752123938031	0.958386307538598	0.832382238505044	0.918504314477469	336754
hmmscan	17.5452120065985	2.39999999999992e-08	1916	170	522	0	1	0.245664739884393	0	0.754335260115607	0.918504314477469	0	4.07058823529412	0	0.934815950920245	0.0814956855225312	1	0.918504314477469	-	0.877167630057804	0.95752123938031	0.958386307538598	0.832382238505044	0.918504314477469	336754
hmmscan	17.5877716210173	2.29999999999991e-08	1916	169	523	0	1	0.244219653179191	0	0.755780346820809	0.9189448441247	0	4.09467455621302	0	0.935199386503067	0.0810551558752998	1	0.9189448441247	-	0.877890173410405	0.957760559860035	0.958616108838517	0.833378937219894	0.9189448441247	336234
hmmscan	17.6322233835881	2.19999999999999e-08	1916	169	523	0	1	0.244219653179191	0	0.755780346820809	0.9189448441247	0	4.09467455621302	0	0.935199386503067	0.0810551558752998	1	0.9189448441247	-	0.877890173410405	0.957760559860035	0.958616108838517	0.833378937219894	0.9189448441247	335662
hmmscan	17.678743399223	2.09999999999998e-08	1916	169	523	0	1	0.244219653179191	0	0.755780346820809	0.9189448441247	0	4.09467455621302	0	0.935199386503067	0.0810551558752998	1	0.9189448441247	-	0.877890173410405	0.957760559860035	0.958616108838517	0.833378937219894	0.9189448441247	335124
hmmscan	17.678743399223	2.09999999999998e-08	1916	169	523	0	1	0.244219653179191	0	0.755780346820809	0.9189448441247	0	4.09467455621302	0	0.935199386503067	0.0810551558752998	1	0.9189448441247	-	0.877890173410405	0.957760559860035	0.958616108838517	0.833378937219894	0.9189448441247	335124
hmmscan	17.7275335633924	2.00000000000004e-08	1916	169	523	0	1	0.244219653179191	0	0.755780346820809	0.9189448441247	0	4.09467455621302	0	0.935199386503067	0.0810551558752998	1	0.9189448441247	-	0.877890173410405	0.957760559860035	0.958616108838517	0.833378937219894	0.9189448441247	335124
hmmscan	17.77882685778	1.89999999999994e-08	1916	167	525	0	1	0.241329479768786	0	0.758670520231214	0.919827172347576	0	4.1437125748503	0	0.935966257668712	0.0801728276524244	1	0.919827172347575	-	0.879335260115607	0.958239559889972	0.959076207789337	0.835371629496562	0.919827172347576	334011
hmmscan	17.8328940790502	1.80000000000009e-08	1916	167	525	0	1	0.241329479768786	0	0.758670520231214	0.919827172347576	0	4.1437125748503	0	0.935966257668712	0.0801728276524244	1	0.919827172347575	-	0.879335260115607	0.958239559889972	0.959076207789337	0.835371629496562	0.919827172347576	334011
hmmscan	17.8328940790502	1.80000000000009e-08	1916	167	525	0	1	0.241329479768786	0	0.758670520231214	0.919827172347576	0	4.1437125748503	0	0.935966257668712	0.0801728276524244	1	0.919827172347575	-	0.879335260115607	0.958239559889972	0.959076207789337	0.835371629496562	0.919827172347576	334011
hmmscan	17.8900524928902	1.69999999999999e-08	1916	166	526	0	1	0.239884393063584	0	0.760115606936416	0.920268972142171	0	4.16867469879518	0	0.936349693251534	0.079731027857829	1	0.920268972142171	-	0.880057803468208	0.95847923961981	0.959306505837509	0.836367627484827	0.920268972142171	332509
hmmscan	17.8900524928902	1.69999999999999e-08	1916	166	526	0	1	0.239884393063584	0	0.760115606936416	0.920268972142171	0	4.16867469879518	0	0.936349693251534	0.079731027857829	1	0.920268972142171	-	0.880057803468208	0.95847923961981	0.959306505837509	0.836367627484827	0.920268972142171	332509
hmmscan	17.9506771147066	1.60000000000005e-08	1916	166	526	0	1	0.239884393063584	0	0.760115606936416	0.920268972142171	0	4.16867469879518	0	0.936349693251534	0.079731027857829	1	0.920268972142171	-	0.880057803468208	0.95847923961981	0.959306505837509	0.836367627484827	0.920268972142171	332509
hmmscan	17.9506771147066	1.60000000000005e-08	1916	166	526	0	1	0.239884393063584	0	0.760115606936416	0.920268972142171	0	4.16867469879518	0	0.936349693251534	0.079731027857829	1	0.920268972142171	-	0.880057803468208	0.95847923961981	0.959306505837509	0.836367627484827	0.920268972142171	332509
hmmscan	18.0152156358442	1.5e-08	1916	164	528	0	1	0.236994219653179	0	0.763005780346821	0.921153846153846	0	4.21951219512195	0	0.937116564417178	0.0788461538461538	1	0.921153846153846	-	0.88150289017341	0.958958958958959	0.959767600075063	0.838358938166756	0.921153846153846	331762
hmmscan	18.0842085073312	1.39999999999993e-08	1916	162	530	0	1	0.234104046242775	0	0.765895953757225	0.922040423484119	0	4.27160493827161	0	0.937883435582822	0.0779595765158807	1	0.922040423484119	-	0.882947976878613	0.959439158738107	0.960229359832389	0.840349349703494	0.922040423484119	330084
hmmscan	18.0842085073312	1.39999999999993e-08	1916	162	530	0	1	0.234104046242775	0	0.765895953757225	0.922040423484119	0	4.27160493827161	0	0.937883435582822	0.0779595765158807	1	0.922040423484119	-	0.882947976878613	0.959439158738107	0.960229359832389	0.840349349703494	0.922040423484119	330084
hmmscan	18.1583164794849	1.29999999999997e-08	1916	162	530	0	1	0.234104046242775	0	0.765895953757225	0.922040423484119	0	4.27160493827161	0	0.937883435582822	0.0779595765158807	1	0.922040423484119	-	0.882947976878613	0.959439158738107	0.960229359832389	0.840349349703494	0.922040423484119	329157
hmmscan	18.1583164794849	1.29999999999997e-08	1916	162	530	0	1	0.234104046242775	0	0.765895953757225	0.922040423484119	0	4.27160493827161	0	0.937883435582822	0.0779595765158807	1	0.922040423484119	-	0.882947976878613	0.959439158738107	0.960229359832389	0.840349349703494	0.922040423484119	329157
hmmscan	18.1583164794849	1.29999999999997e-08	1916	162	530	0	1	0.234104046242775	0	0.765895953757225	0.922040423484119	0	4.27160493827161	0	0.937883435582822	0.0779595765158807	1	0.922040423484119	-	0.882947976878613	0.959439158738107	0.960229359832389	0.840349349703494	0.922040423484119	329157
hmmscan	18.2383591871584	1.20000000000001e-08	1916	162	530	0	1	0.234104046242775	0	0.765895953757225	0.922040423484119	0	4.27160493827161	0	0.937883435582822	0.0779595765158807	1	0.922040423484119	-	0.882947976878613	0.959439158738107	0.960229359832389	0.840349349703494	0.922040423484119	329157
hmmscan	18.2383591871584	1.20000000000001e-08	1916	162	530	0	1	0.234104046242775	0	0.765895953757225	0.922040423484119	0	4.27160493827161	0	0.937883435582822	0.0779595765158807	1	0.922040423484119	-	0.882947976878613	0.959439158738107	0.960229359832389	0.840349349703494	0.922040423484119	329157
hmmscan	18.325370564148	1.10000000000005e-08	1916	161	531	0	1	0.232658959537572	0	0.767341040462428	0.922484352431391	0	4.29813664596273	0	0.938266871165644	0.0775156475686086	1	0.922484352431391	-	0.883670520231214	0.959679439018282	0.960460489781538	0.841344223730699	0.922484352431391	328100
hmmscan	18.325370564148	1.10000000000005e-08	1916	161	531	0	1	0.232658959537572	0	0.767341040462428	0.922484352431391	0	4.29813664596273	0	0.938266871165644	0.0775156475686086	1	0.922484352431391	-	0.883670520231214	0.959679439018282	0.960460489781538	0.841344223730699	0.922484352431391	328100
hmmscan	18.325370564148	1.10000000000005e-08	1916	161	531	0	1	0.232658959537572	0	0.767341040462428	0.922484352431391	0	4.29813664596273	0	0.938266871165644	0.0775156475686086	1	0.922484352431391	-	0.883670520231214	0.959679439018282	0.960460489781538	0.841344223730699	0.922484352431391	328100
hmmscan	18.4206807439524	9.99999999999966e-09	1916	160	532	0	1	0.23121387283237	0	0.76878612716763	0.922928709055877	0	4.325	0	0.938650306748466	0.0770712909441233	1	0.922928709055877	-	0.884393063583815	0.959919839679359	0.960691786711991	0.842338879481939	0.922928709055877	326218
hmmscan	18.4206807439524	9.99999999999966e-09	1916	160	532	0	1	0.23121387283237	0	0.76878612716763	0.922928709055877	0	4.325	0	0.938650306748466	0.0770712909441233	1	0.922928709055877	-	0.884393063583815	0.959919839679359	0.960691786711991	0.842338879481939	0.922928709055877	326218
hmmscan	18.4511399514371	9.69999999999975e-09	1916	159	533	0	1	0.229768786127168	0	0.770231213872832	0.923373493975904	0	4.35220125786164	0	0.939033742331288	0.0766265060240964	1	0.923373493975904	-	0.885115606936416	0.960160360811827	0.960923250824905	0.843333319111168	0.923373493975904	325827
hmmscan	18.4932514367872	9.3e-09	1916	159	533	0	1	0.229768786127168	0	0.770231213872832	0.923373493975904	0	4.35220125786164	0	0.939033742331288	0.0766265060240964	1	0.923373493975904	-	0.885115606936416	0.960160360811827	0.960923250824905	0.843333319111168	0.923373493975904	325440
hmmscan	18.5260412596102	8.99999999999993e-09	1916	158	534	0	1	0.228323699421965	0	0.771676300578035	0.923818707810993	0	4.37974683544304	0	0.93941717791411	0.0761812921890068	1	0.923818707810993	-	0.885838150289017	0.960401002506266	0.961154882321779	0.844327544764689	0.923818707810993	324886
hmmscan	18.5599428112859	8.69999999999977e-09	1916	158	534	0	1	0.228323699421965	0	0.771676300578035	0.923818707810993	0	4.37974683544304	0	0.93941717791411	0.0761812921890068	1	0.923818707810993	-	0.885838150289017	0.960401002506266	0.961154882321779	0.844327544764689	0.923818707810993	324492
hmmscan	18.5950341310971	8.40000000000035e-09	1916	158	534	0	1	0.228323699421965	0	0.771676300578035	0.923818707810993	0	4.37974683544304	0	0.93941717791411	0.0761812921890068	1	0.923818707810993	-	0.885838150289017	0.960401002506266	0.961154882321779	0.844327544764689	0.923818707810993	324218
hmmscan	18.631401775268	8.10000000000015e-09	1916	158	534	0	1	0.228323699421965	0	0.771676300578035	0.923818707810993	0	4.37974683544304	0	0.93941717791411	0.0761812921890068	1	0.923818707810993	-	0.885838150289017	0.960401002506266	0.961154882321779	0.844327544764689	0.923818707810993	323782
hmmscan	18.6691421032509	7.79999999999974e-09	1916	158	534	0	1	0.228323699421965	0	0.771676300578035	0.923818707810993	0	4.37974683544304	0	0.93941717791411	0.0761812921890068	1	0.923818707810993	-	0.885838150289017	0.960401002506266	0.961154882321779	0.844327544764689	0.923818707810993	323176
hmmscan	18.6951175896541	7.6000000000002e-09	1916	158	534	0	1	0.228323699421965	0	0.771676300578035	0.923818707810993	0	4.37974683544304	0	0.93941717791411	0.0761812921890068	1	0.923818707810993	-	0.885838150289017	0.960401002506266	0.961154882321779	0.844327544764689	0.923818707810993	322996
hmmscan	18.7353914887921	7.29999999999975e-09	1916	158	534	0	1	0.228323699421965	0	0.771676300578035	0.923818707810993	0	4.37974683544304	0	0.93941717791411	0.0761812921890068	1	0.923818707810993	-	0.885838150289017	0.960401002506266	0.961154882321779	0.844327544764689	0.923818707810993	322330
hmmscan	18.7631710528991	7.10000000000029e-09	1916	158	534	0	1	0.228323699421965	0	0.771676300578035	0.923818707810993	0	4.37974683544304	0	0.93941717791411	0.0761812921890068	1	0.923818707810993	-	0.885838150289017	0.960401002506266	0.961154882321779	0.844327544764689	0.923818707810993	322181
hmmscan	18.8063432247644	6.79999999999965e-09	1916	157	535	0	1	0.226878612716763	0	0.773121387283237	0.924264351181862	0	4.40764331210191	0	0.939800613496933	0.075735648818138	1	0.924264351181862	-	0.886560693641618	0.960641764853347	0.96138668140445	0.845321558581208	0.924264351181862	321465
hmmscan	18.836196187914	6.60000000000022e-09	1916	157	535	0	1	0.226878612716763	0	0.773121387283237	0.924264351181862	0	4.40764331210191	0	0.939800613496933	0.075735648818138	1	0.924264351181862	-	0.886560693641618	0.960641764853347	0.96138668140445	0.845321558581208	0.924264351181862	321291
hmmscan	18.8669678465808	6.39999999999991e-09	1916	156	536	0	1	0.225433526011561	0	0.774566473988439	0.924710424710425	0	4.43589743589744	0	0.940184049079755	0.0752895752895753	1	0.924710424710425	-	0.88728323699422	0.960882647943831	0.961618648275097	0.84631536269189	0.924710424710425	320645
hmmscan	18.8987165448954	6.19999999999978e-09	1916	155	537	0	1	0.223988439306358	0	0.776011560693642	0.925156929019797	0	4.46451612903226	0	0.940567484662577	0.0748430709802028	1	0.925156929019797	-	0.888005780346821	0.961123651868573	0.96185078313624	0.847308959220419	0.925156929019797	320229
hmmscan	18.9315063677184	5.99999999999975e-09	1916	154	538	0	1	0.222543352601156	0	0.777456647398844	0.9256038647343	0	4.49350649350649	0	0.940950920245399	0.0743961352657005	1	0.925603864734299	-	0.888728323699422	0.961364776718515	0.96208308619074	0.848302350283047	0.9256038647343	319740
hmmscan	18.965407919394	5.80000000000022e-09	1916	154	538	0	1	0.222543352601156	0	0.777456647398844	0.9256038647343	0	4.49350649350649	0	0.940950920245399	0.0743961352657005	1	0.925603864734299	-	0.888728323699422	0.961364776718515	0.96208308619074	0.848302350283047	0.9256038647343	319539
hmmscan	19.0004992392053	5.60000000000004e-09	1916	154	538	0	1	0.222543352601156	0	0.777456647398844	0.9256038647343	0	4.49350649350649	0	0.940950920245399	0.0743961352657005	1	0.925603864734299	-	0.888728323699422	0.961364776718515	0.96208308619074	0.848302350283047	0.9256038647343	319123
hmmscan	19.018517744708	5.49999999999993e-09	1916	153	539	0	1	0.221098265895954	0	0.778901734104046	0.926051232479459	0	4.52287581699346	0	0.941334355828221	0.0739487675205413	1	0.926051232479459	-	0.889450867052023	0.961606022584693	0.962315557641805	0.849295537988655	0.926051232479459	318642
hmmscan	19.0555590163883	5.30000000000018e-09	1916	153	539	0	1	0.221098265895954	0	0.778901734104046	0.926051232479459	0	4.52287581699346	0	0.941334355828221	0.0739487675205413	1	0.926051232479459	-	0.889450867052023	0.961606022584693	0.962315557641805	0.849295537988655	0.926051232479459	318437
hmmscan	19.0940252972161	5.10000000000016e-09	1916	152	540	0	1	0.219653179190751	0	0.780346820809249	0.926499032882012	0	4.55263157894737	0	0.941717791411043	0.0735009671179884	1	0.926499032882012	-	0.890173410404624	0.961847389558233	0.962548197692984	0.850288524438806	0.926499032882012	317987
hmmscan	19.1340306318298	4.90000000000016e-09	1916	151	541	0	1	0.218208092485549	0	0.781791907514451	0.926947266569908	0	4.58278145695364	0	0.942101226993865	0.0730527334300919	1	0.926947266569908	-	0.890895953757225	0.962088877730354	0.96278100654817	0.851281311727795	0.926947266569908	317501
hmmscan	19.1757033282304	4.69999999999999e-09	1916	151	541	0	1	0.218208092485549	0	0.781791907514451	0.926947266569908	0	4.58278145695364	0	0.942101226993865	0.0730527334300919	1	0.926947266569908	-	0.890895953757225	0.962088877730354	0.96278100654817	0.851281311727795	0.926947266569908	316800
hmmscan	19.1972095334514	4.59999999999983e-09	1916	149	543	0	1	0.215317919075144	0	0.784682080924855	0.927845036319613	0	4.64429530201342	0	0.942868098159509	0.0721549636803874	1	0.927845036319613	-	0.892341040462428	0.962572218035669	0.963247131487871	0.853266297163477	0.927845036319613	316551
hmmscan	19.2416612960222	4.39999999999998e-09	1916	149	543	0	1	0.215317919075144	0	0.784682080924855	0.927845036319613	0	4.64429530201342	0	0.942868098159509	0.0721549636803874	1	0.927845036319613	-	0.892341040462428	0.962572218035669	0.963247131487871	0.853266297163477	0.927845036319613	316017
hmmscan	19.2881813116571	4.19999999999994e-09	1916	149	543	0	1	0.215317919075144	0	0.784682080924855	0.927845036319613	0	4.64429530201342	0	0.942868098159509	0.0721549636803874	1	0.927845036319613	-	0.892341040462428	0.962572218035669	0.963247131487871	0.853266297163477	0.927845036319613	315435
hmmscan	19.3122788632361	4.10000000000021e-09	1916	149	543	0	1	0.215317919075144	0	0.784682080924855	0.927845036319613	0	4.64429530201342	0	0.942868098159509	0.0721549636803874	1	0.927845036319613	-	0.892341040462428	0.962572218035669	0.963247131487871	0.853266297163477	0.927845036319613	315435
hmmscan	19.3369714758265	4.00000000000009e-09	1916	148	544	0	1	0.213872832369942	0	0.786127167630058	0.928294573643411	0	4.67567567567568	0	0.943251533742331	0.0717054263565891	1	0.928294573643411	-	0.893063583815029	0.962814070351759	0.963480447981904	0.854258499462924	0.928294573643411	315149
hmmscan	19.3882647702141	3.79999999999989e-09	1916	147	545	0	1	0.21242774566474	0	0.78757225433526	0.928744546776539	0	4.70748299319728	0	0.943634969325153	0.071255453223461	1	0.928744546776539	-	0.89378612716763	0.963056044232219	0.963713934098983	0.855250510906821	0.928744546776539	314256
hmmscan	19.4149330172962	3.70000000000012e-09	1916	147	545	0	1	0.21242774566474	0	0.78757225433526	0.928744546776539	0	4.70748299319728	0	0.943634969325153	0.071255453223461	1	0.928744546776539	-	0.89378612716763	0.963056044232219	0.963713934098983	0.855250510906821	0.928744546776539	314256
hmmscan	19.470502868451	3.50000000000015e-09	1916	147	545	0	1	0.21242774566474	0	0.78757225433526	0.928744546776539	0	4.70748299319728	0	0.943634969325153	0.071255453223461	1	0.928744546776539	-	0.89378612716763	0.963056044232219	0.963713934098983	0.855250510906821	0.928744546776539	313672
hmmscan	19.4994904053243	3.39999999999999e-09	1916	147	545	0	1	0.21242774566474	0	0.78757225433526	0.928744546776539	0	4.70748299319728	0	0.943634969325153	0.071255453223461	1	0.928744546776539	-	0.89378612716763	0.963056044232219	0.963713934098983	0.855250510906821	0.928744546776539	312965
hmmscan	19.529343368474	3.29999999999993e-09	1916	146	546	0	1	0.210982658959538	0	0.789017341040462	0.929194956353055	0	4.73972602739726	0	0.944018404907976	0.0708050436469447	1	0.929194956353055	-	0.894508670520231	0.963298139768728	0.963947590044736	0.85624233355394	0.929194956353055	312592
hmmscan	19.5601150271407	3.2000000000001e-09	1916	146	546	0	1	0.210982658959538	0	0.789017341040462	0.929194956353055	0	4.73972602739726	0	0.944018404907976	0.0708050436469447	1	0.929194956353055	-	0.894508670520231	0.963298139768728	0.963947590044736	0.85624233355394	0.929194956353055	312592
hmmscan	19.5918637254553	3.10000000000003e-09	1916	145	547	0	1	0.209537572254335	0	0.790462427745665	0.929645803008248	0	4.77241379310345	0	0.944401840490798	0.0703541969917516	1	0.929645803008248	-	0.895231213872832	0.963540357053055	0.964181416025142	0.857233969456104	0.929645803008248	312235
hmmscan	19.6246535482783	3.00000000000001e-09	1916	145	547	0	1	0.209537572254335	0	0.790462427745665	0.929645803008248	0	4.77241379310345	0	0.944401840490798	0.0703541969917516	1	0.929645803008248	-	0.895231213872832	0.963540357053055	0.964181416025142	0.857233969456104	0.929645803008248	311830
hmmscan	19.658555099954	2.89999999999995e-09	1916	145	547	0	1	0.209537572254335	0	0.790462427745665	0.929645803008248	0	4.77241379310345	0	0.944401840490798	0.0703541969917516	1	0.929645803008248	-	0.895231213872832	0.963540357053055	0.964181416025142	0.857233969456104	0.929645803008248	310948
hmmscan	19.6936464197653	2.79999999999987e-09	1916	145	547	0	1	0.209537572254335	0	0.790462427745665	0.929645803008248	0	4.77241379310345	0	0.944401840490798	0.0703541969917516	1	0.929645803008248	-	0.895231213872832	0.963540357053055	0.964181416025142	0.857233969456104	0.929645803008248	310522
hmmscan	19.7300140639361	2.70000000000008e-09	1916	145	547	0	1	0.209537572254335	0	0.790462427745665	0.929645803008248	0	4.77241379310345	0	0.944401840490798	0.0703541969917516	1	0.929645803008248	-	0.895231213872832	0.963540357053055	0.964181416025142	0.857233969456104	0.929645803008248	310522
hmmscan	19.767754391919	2.59999999999994e-09	1916	144	548	0	1	0.208092485549133	0	0.791907514450867	0.930097087378641	0	4.80555555555556	0	0.94478527607362	0.0699029126213592	1	0.930097087378641	-	0.895953757225433	0.963782696177062	0.964415412246528	0.858225420658238	0.930097087378641	309569
hmmscan	19.8069751050723	2.49999999999989e-09	1916	143	549	0	1	0.206647398843931	0	0.793352601156069	0.930548810101991	0	4.83916083916084	0	0.945168711656442	0.0694511898980087	1	0.930548810101991	-	0.896676300578035	0.964025157232704	0.964649578915572	0.859216689198423	0.930548810101991	309091
hmmscan	19.8477970995925	2.40000000000002e-09	1916	143	549	0	1	0.206647398843931	0	0.793352601156069	0.930548810101991	0	4.83916083916084	0	0.945168711656442	0.0694511898980087	1	0.930548810101991	-	0.896676300578035	0.964025157232704	0.964649578915572	0.859216689198423	0.930548810101991	309091
hmmscan	19.8477970995925	2.40000000000002e-09	1916	143	549	0	1	0.206647398843931	0	0.793352601156069	0.930548810101991	0	4.83916083916084	0	0.945168711656442	0.0694511898980087	1	0.930548810101991	-	0.896676300578035	0.964025157232704	0.964649578915572	0.859216689198423	0.930548810101991	309091
hmmscan	19.8903567140113	2.30000000000002e-09	1916	142	550	0	1	0.205202312138728	0	0.794797687861272	0.931000971817298	0	4.87323943661972	0	0.945552147239264	0.0689990281827016	1	0.931000971817298	-	0.897398843930636	0.964267740312028	0.964883916239305	0.860207777107941	0.931000971817298	308541
hmmscan	19.9348084765821	2.20000000000009e-09	1916	141	551	0	1	0.203757225433526	0	0.796242774566474	0.931453573164803	0	4.90780141843972	0	0.945935582822086	0.0685464268351969	1	0.931453573164803	-	0.898121387283237	0.964510445507173	0.965118424425108	0.861198686411329	0.931453573164803	308016
hmmscan	19.981328492217	2.10000000000007e-09	1916	141	551	0	1	0.203757225433526	0	0.796242774566474	0.931453573164803	0	4.90780141843972	0	0.945935582822086	0.0685464268351969	1	0.931453573164803	-	0.898121387283237	0.964510445507173	0.965118424425108	0.861198686411329	0.931453573164803	307484
hmmscan	20.0301186563865	1.99999999999993e-09	1916	141	551	0	1	0.203757225433526	0	0.796242774566474	0.931453573164803	0	4.90780141843972	0	0.945935582822086	0.0685464268351969	1	0.931453573164803	-	0.898121387283237	0.964510445507173	0.965118424425108	0.861198686411329	0.931453573164803	306284
hmmscan	20.0301186563865	1.99999999999993e-09	1916	141	551	0	1	0.203757225433526	0	0.796242774566474	0.931453573164803	0	4.90780141843972	0	0.945935582822086	0.0685464268351969	1	0.931453573164803	-	0.898121387283237	0.964510445507173	0.965118424425108	0.861198686411329	0.931453573164803	306284
hmmscan	20.081411950774	1.90000000000003e-09	1916	141	551	0	1	0.203757225433526	0	0.796242774566474	0.931453573164803	0	4.90780141843972	0	0.945935582822086	0.0685464268351969	1	0.931453573164803	-	0.898121387283237	0.964510445507173	0.965118424425108	0.861198686411329	0.931453573164803	306284
hmmscan	20.1354791720443	1.79999999999999e-09	1916	138	554	0	1	0.199421965317919	0	0.800578034682081	0.932814021421616	0	5.01449275362319	0	0.947085889570552	0.0671859785783836	1	0.932814021421617	-	0.90028901734104	0.965239294710327	0.965822976234059	0.864170362829926	0.932814021421616	304950
hmmscan	20.1354791720443	1.79999999999999e-09	1916	138	554	0	1	0.199421965317919	0	0.800578034682081	0.932814021421616	0	5.01449275362319	0	0.947085889570552	0.0671859785783836	1	0.932814021421617	-	0.90028901734104	0.965239294710327	0.965822976234059	0.864170362829926	0.932814021421616	304950
hmmscan	20.1926375858842	1.70000000000007e-09	1916	138	554	0	1	0.199421965317919	0	0.800578034682081	0.932814021421616	0	5.01449275362319	0	0.947085889570552	0.0671859785783836	1	0.932814021421617	-	0.90028901734104	0.965239294710327	0.965822976234059	0.864170362829926	0.932814021421616	304950
hmmscan	20.1926375858842	1.70000000000007e-09	1916	138	554	0	1	0.199421965317919	0	0.800578034682081	0.932814021421616	0	5.01449275362319	0	0.947085889570552	0.0671859785783836	1	0.932814021421617	-	0.90028901734104	0.965239294710327	0.965822976234059	0.864170362829926	0.932814021421616	304950
hmmscan	20.2532622077007	1.59999999999996e-09	1916	137	555	0	1	0.197976878612717	0	0.802023121387283	0.93326838772528	0	5.05109489051095	0	0.947469325153374	0.0667316122747199	1	0.93326838772528	-	0.901011560693642	0.965482489292013	0.966058169949036	0.865160577820965	0.93326838772528	303385
hmmscan	20.2532622077007	1.59999999999996e-09	1916	137	555	0	1	0.197976878612717	0	0.802023121387283	0.93326838772528	0	5.05109489051095	0	0.947469325153374	0.0667316122747199	1	0.93326838772528	-	0.901011560693642	0.965482489292013	0.966058169949036	0.865160577820965	0.93326838772528	303385
hmmscan	20.3178007288382	1.50000000000007e-09	1916	137	555	0	1	0.197976878612717	0	0.802023121387283	0.93326838772528	0	5.05109489051095	0	0.947469325153374	0.0667316122747199	1	0.93326838772528	-	0.901011560693642	0.965482489292013	0.966058169949036	0.865160577820965	0.93326838772528	303385
hmmscan	20.3178007288382	1.50000000000007e-09	1916	137	555	0	1	0.197976878612717	0	0.802023121387283	0.93326838772528	0	5.05109489051095	0	0.947469325153374	0.0667316122747199	1	0.93326838772528	-	0.901011560693642	0.965482489292013	0.966058169949036	0.865160577820965	0.93326838772528	303385
hmmscan	20.3867936003252	1.4e-09	1916	137	555	0	1	0.197976878612717	0	0.802023121387283	0.93326838772528	0	5.05109489051095	0	0.947469325153374	0.0667316122747199	1	0.93326838772528	-	0.901011560693642	0.965482489292013	0.966058169949036	0.865160577820965	0.93326838772528	302533
hmmscan	20.3867936003252	1.4e-09	1916	137	555	0	1	0.197976878612717	0	0.802023121387283	0.93326838772528	0	5.05109489051095	0	0.947469325153374	0.0667316122747199	1	0.93326838772528	-	0.901011560693642	0.965482489292013	0.966058169949036	0.865160577820965	0.93326838772528	302533
hmmscan	20.4609015724789	1.30000000000003e-09	1916	137	555	0	1	0.197976878612717	0	0.802023121387283	0.93326838772528	0	5.05109489051095	0	0.947469325153374	0.0667316122747199	1	0.93326838772528	-	0.901011560693642	0.965482489292013	0.966058169949036	0.865160577820965	0.93326838772528	301676
hmmscan	20.4609015724789	1.30000000000003e-09	1916	137	555	0	1	0.197976878612717	0	0.802023121387283	0.93326838772528	0	5.05109489051095	0	0.947469325153374	0.0667316122747199	1	0.93326838772528	-	0.901011560693642	0.965482489292013	0.966058169949036	0.865160577820965	0.93326838772528	301676
hmmscan	20.5409442801525	1.19999999999995e-09	1916	137	555	0	1	0.197976878612717	0	0.802023121387283	0.93326838772528	0	5.05109489051095	0	0.947469325153374	0.0667316122747199	1	0.93326838772528	-	0.901011560693642	0.965482489292013	0.966058169949036	0.865160577820965	0.93326838772528	299636
hmmscan	20.5409442801525	1.19999999999995e-09	1916	137	555	0	1	0.197976878612717	0	0.802023121387283	0.93326838772528	0	5.05109489051095	0	0.947469325153374	0.0667316122747199	1	0.93326838772528	-	0.901011560693642	0.965482489292013	0.966058169949036	0.865160577820965	0.93326838772528	299636
hmmscan	20.5409442801525	1.19999999999995e-09	1916	137	555	0	1	0.197976878612717	0	0.802023121387283	0.93326838772528	0	5.05109489051095	0	0.947469325153374	0.0667316122747199	1	0.93326838772528	-	0.901011560693642	0.965482489292013	0.966058169949036	0.865160577820965	0.93326838772528	299636
hmmscan	20.6279556571421	1.09999999999999e-09	1916	136	556	0	1	0.196531791907514	0	0.803468208092486	0.933723196881092	0	5.08823529411765	0	0.947852760736196	0.0662768031189084	1	0.933723196881092	-	0.901734104046243	0.965725806451613	0.966293535568303	0.866150624229087	0.933723196881092	298366
hmmscan	20.6279556571421	1.09999999999999e-09	1916	136	556	0	1	0.196531791907514	0	0.803468208092486	0.933723196881092	0	5.08823529411765	0	0.947852760736196	0.0662768031189084	1	0.933723196881092	-	0.901734104046243	0.965725806451613	0.966293535568303	0.866150624229087	0.933723196881092	298366
hmmscan	20.6279556571421	1.09999999999999e-09	1916	136	556	0	1	0.196531791907514	0	0.803468208092486	0.933723196881092	0	5.08823529411765	0	0.947852760736196	0.0662768031189084	1	0.933723196881092	-	0.901734104046243	0.965725806451613	0.966293535568303	0.866150624229087	0.933723196881092	298366
hmmscan	20.7232658369464	1.00000000000001e-09	1916	136	556	0	1	0.196531791907514	0	0.803468208092486	0.933723196881092	0	5.08823529411765	0	0.947852760736196	0.0662768031189084	1	0.933723196881092	-	0.901734104046243	0.965725806451613	0.966293535568303	0.866150624229087	0.933723196881092	298366
hmmscan	20.7333161727999	9.90000000000013e-10	1916	136	556	0	1	0.196531791907514	0	0.803468208092486	0.933723196881092	0	5.08823529411765	0	0.947852760736196	0.0662768031189084	1	0.933723196881092	-	0.901734104046243	0.965725806451613	0.966293535568303	0.866150624229087	0.933723196881092	297691
hmmscan	20.774559131334	9.49999999999962e-10	1916	136	556	0	1	0.196531791907514	0	0.803468208092486	0.933723196881092	0	5.08823529411765	0	0.947852760736196	0.0662768031189084	1	0.933723196881092	-	0.901734104046243	0.965725806451613	0.966293535568303	0.866150624229087	0.933723196881092	297059
hmmscan	20.8066474458855	9.19999999999966e-10	1916	135	557	0	1	0.195086705202312	0	0.804913294797688	0.934178449536811	0	5.12592592592593	0	0.948236196319018	0.0658215504631887	1	0.934178449536811	-	0.902456647398844	0.965969246281825	0.966529073301373	0.86714050403938	0.934178449536811	296608
hmmscan	20.8286263526042	9.00000000000034e-10	1916	135	557	0	1	0.195086705202312	0	0.804913294797688	0.934178449536811	0	5.12592592592593	0	0.948236196319018	0.0658215504631887	1	0.934178449536811	-	0.902456647398844	0.965969246281825	0.966529073301373	0.86714050403938	0.934178449536811	296448
hmmscan	20.8625279042799	8.70000000000016e-10	1916	135	557	0	1	0.195086705202312	0	0.804913294797688	0.934178449536811	0	5.12592592592593	0	0.948236196319018	0.0658215504631887	1	0.934178449536811	-	0.902456647398844	0.965969246281825	0.966529073301373	0.86714050403938	0.934178449536811	296026
hmmscan	20.8976192240912	8.3999999999999e-10	1916	134	558	0	1	0.19364161849711	0	0.80635838150289	0.934634146341463	0	5.16417910447761	0	0.948619631901841	0.0653658536585366	1	0.934634146341463	-	0.903179190751445	0.966212808875441	0.966764783358115	0.868130219230524	0.934634146341463	295334
hmmscan	20.9217167756702	8.20000000000042e-10	1916	134	558	0	1	0.19364161849711	0	0.80635838150289	0.934634146341463	0	5.16417910447761	0	0.948619631901841	0.0653658536585366	1	0.934634146341463	-	0.903179190751445	0.966212808875441	0.966764783358115	0.868130219230524	0.934634146341463	295152
hmmscan	20.9589881704675	7.89999999999985e-10	1916	134	558	0	1	0.19364161849711	0	0.80635838150289	0.934634146341463	0	5.16417910447761	0	0.948619631901841	0.0653658536585366	1	0.934634146341463	-	0.903179190751445	0.966212808875441	0.966764783358115	0.868130219230524	0.934634146341463	294502
hmmscan	20.9846306010808	7.70000000000015e-10	1916	134	558	0	1	0.19364161849711	0	0.80635838150289	0.934634146341463	0	5.16417910447761	0	0.948619631901841	0.0653658536585366	1	0.934634146341463	-	0.903179190751445	0.966212808875441	0.966764783358115	0.868130219230524	0.934634146341463	294341
hmmscan	21.0243709297303	7.40000000000025e-10	1916	134	558	0	1	0.19364161849711	0	0.80635838150289	0.934634146341463	0	5.16417910447761	0	0.948619631901841	0.0653658536585366	1	0.934634146341463	-	0.903179190751445	0.966212808875441	0.966764783358115	0.868130219230524	0.934634146341463	293799
hmmscan	21.0517699039184	7.20000000000033e-10	1916	134	558	0	1	0.19364161849711	0	0.80635838150289	0.934634146341463	0	5.16417910447761	0	0.948619631901841	0.0653658536585366	1	0.934634146341463	-	0.903179190751445	0.966212808875441	0.966764783358115	0.868130219230524	0.934634146341463	293460
hmmscan	21.0943295183372	6.90000000000029e-10	1916	134	558	0	1	0.19364161849711	0	0.80635838150289	0.934634146341463	0	5.16417910447761	0	0.948619631901841	0.0653658536585366	1	0.934634146341463	-	0.903179190751445	0.966212808875441	0.966764783358115	0.868130219230524	0.934634146341463	292941
hmmscan	21.1237434035435	6.70000000000024e-10	1916	134	558	0	1	0.19364161849711	0	0.80635838150289	0.934634146341463	0	5.16417910447761	0	0.948619631901841	0.0653658536585366	1	0.934634146341463	-	0.903179190751445	0.966212808875441	0.966764783358115	0.868130219230524	0.934634146341463	292576
hmmscan	21.1540487530389	6.49999999999977e-10	1916	133	559	0	1	0.192196531791908	0	0.807803468208092	0.935090287945339	0	5.20300751879699	0	0.949003067484663	0.0649097120546608	1	0.935090287945339	-	0.903901734104046	0.966456494325347	0.967000665948757	0.869119771774839	0.935090287945339	291988
hmmscan	21.185301296543	6.29999999999982e-10	1916	133	559	0	1	0.192196531791908	0	0.807803468208092	0.935090287945339	0	5.20300751879699	0	0.949003067484663	0.0649097120546608	1	0.935090287945339	-	0.903901734104046	0.966456494325347	0.967000665948757	0.869119771774839	0.935090287945339	291635
hmmscan	21.2175621587612	6.09999999999994e-10	1916	132	560	0	1	0.190751445086705	0	0.809248554913295	0.935546875	0	5.24242424242424	0	0.949386503067485	0.064453125	1	0.935546875	-	0.904624277456647	0.966700302724521	0.967236721283885	0.870109163638333	0.935546875	291227
hmmscan	21.2508985790288	5.8999999999999e-10	1916	132	560	0	1	0.190751445086705	0	0.809248554913295	0.935546875	0	5.24242424242424	0	0.949386503067485	0.064453125	1	0.935546875	-	0.904624277456647	0.966700302724521	0.967236721283885	0.870109163638333	0.935546875	290810
hmmscan	21.2853847551	5.69999999999972e-10	1916	132	560	0	1	0.190751445086705	0	0.809248554913295	0.935546875	0	5.24242424242424	0	0.949386503067485	0.064453125	1	0.935546875	-	0.904624277456647	0.966700302724521	0.967236721283885	0.870109163638333	0.935546875	290386
hmmscan	21.321102837702	5.50000000000017e-10	1916	132	560	0	1	0.190751445086705	0	0.809248554913295	0.935546875	0	5.24242424242424	0	0.949386503067485	0.064453125	1	0.935546875	-	0.904624277456647	0.966700302724521	0.967236721283885	0.870109163638333	0.935546875	290141
hmmscan	21.3581441093824	5.29999999999989e-10	1916	132	560	0	1	0.190751445086705	0	0.809248554913295	0.935546875	0	5.24242424242424	0	0.949386503067485	0.064453125	1	0.935546875	-	0.904624277456647	0.966700302724521	0.967236721283885	0.870109163638333	0.935546875	289402
hmmscan	21.3966103902102	5.09999999999989e-10	1916	132	560	0	1	0.190751445086705	0	0.809248554913295	0.935546875	0	5.24242424242424	0	0.949386503067485	0.064453125	1	0.935546875	-	0.904624277456647	0.966700302724521	0.967236721283885	0.870109163638333	0.935546875	288911
hmmscan	21.4164130175064	4.99999999999978e-10	1916	132	560	0	1	0.190751445086705	0	0.809248554913295	0.935546875	0	5.24242424242424	0	0.949386503067485	0.064453125	1	0.935546875	-	0.904624277456647	0.966700302724521	0.967236721283885	0.870109163638333	0.935546875	288659
hmmscan	21.4572350120266	4.80000000000005e-10	1916	132	560	0	1	0.190751445086705	0	0.809248554913295	0.935546875	0	5.24242424242424	0	0.949386503067485	0.064453125	1	0.935546875	-	0.904624277456647	0.966700302724521	0.967236721283885	0.870109163638333	0.935546875	288412
hmmscan	21.4997946264454	4.60000000000003e-10	1916	132	560	0	1	0.190751445086705	0	0.809248554913295	0.935546875	0	5.24242424242424	0	0.949386503067485	0.064453125	1	0.935546875	-	0.904624277456647	0.966700302724521	0.967236721283885	0.870109163638333	0.935546875	287899
hmmscan	21.5217735331642	4.49999999999992e-10	1916	132	560	0	1	0.190751445086705	0	0.809248554913295	0.935546875	0	5.24242424242424	0	0.949386503067485	0.064453125	1	0.935546875	-	0.904624277456647	0.966700302724521	0.967236721283885	0.870109163638333	0.935546875	287376
hmmscan	21.5672359072409	4.30000000000017e-10	1916	132	560	0	1	0.190751445086705	0	0.809248554913295	0.935546875	0	5.24242424242424	0	0.949386503067485	0.064453125	1	0.935546875	-	0.904624277456647	0.966700302724521	0.967236721283885	0.870109163638333	0.935546875	287069
hmmscan	21.5907664046511	4.20000000000015e-10	1916	132	560	0	1	0.190751445086705	0	0.809248554913295	0.935546875	0	5.24242424242424	0	0.949386503067485	0.064453125	1	0.935546875	-	0.904624277456647	0.966700302724521	0.967236721283885	0.870109163638333	0.935546875	286751
hmmscan	21.6148639562302	4.09999999999998e-10	1916	130	562	0	1	0.187861271676301	0	0.812138728323699	0.936461388074291	0	5.32307692307692	0	0.950153374233129	0.0635386119257087	1	0.936461388074291	-	0.90606936416185	0.967188288743059	0.96770935103175	0.87208747315559	0.936461388074291	286074
hmmscan	21.6395565688206	3.99999999999987e-10	1916	130	562	0	1	0.187861271676301	0	0.812138728323699	0.936461388074291	0	5.32307692307692	0	0.950153374233129	0.0635386119257087	1	0.936461388074291	-	0.90606936416185	0.967188288743059	0.96770935103175	0.87208747315559	0.936461388074291	285704
hmmscan	21.6648743768049	3.89999999999983e-10	1916	130	562	0	1	0.187861271676301	0	0.812138728323699	0.936461388074291	0	5.32307692307692	0	0.950153374233129	0.0635386119257087	1	0.936461388074291	-	0.90606936416185	0.967188288743059	0.96770935103175	0.87208747315559	0.936461388074291	285328
hmmscan	21.7175181102903	3.69999999999992e-10	1916	130	562	0	1	0.187861271676301	0	0.812138728323699	0.936461388074291	0	5.32307692307692	0	0.950153374233129	0.0635386119257087	1	0.936461388074291	-	0.90606936416185	0.967188288743059	0.96770935103175	0.87208747315559	0.936461388074291	284622
hmmscan	21.7449170844784	3.59999999999998e-10	1916	130	562	0	1	0.187861271676301	0	0.812138728323699	0.936461388074291	0	5.32307692307692	0	0.950153374233129	0.0635386119257087	1	0.936461388074291	-	0.90606936416185	0.967188288743059	0.96770935103175	0.87208747315559	0.936461388074291	284251
hmmscan	21.7730879614451	3.49999999999996e-10	1916	130	562	0	1	0.187861271676301	0	0.812138728323699	0.936461388074291	0	5.32307692307692	0	0.950153374233129	0.0635386119257087	1	0.936461388074291	-	0.90606936416185	0.967188288743059	0.96770935103175	0.87208747315559	0.936461388074291	283837
hmmscan	21.8020754983183	3.40000000000014e-10	1916	130	562	0	1	0.187861271676301	0	0.812138728323699	0.936461388074291	0	5.32307692307692	0	0.950153374233129	0.0635386119257087	1	0.936461388074291	-	0.90606936416185	0.967188288743059	0.96770935103175	0.87208747315559	0.936461388074291	283837
hmmscan	21.831928461468	3.30000000000008e-10	1916	130	562	0	1	0.187861271676301	0	0.812138728323699	0.936461388074291	0	5.32307692307692	0	0.950153374233129	0.0635386119257087	1	0.936461388074291	-	0.90606936416185	0.967188288743059	0.96770935103175	0.87208747315559	0.936461388074291	283479
hmmscan	21.8627001201348	3.19999999999992e-10	1916	130	562	0	1	0.187861271676301	0	0.812138728323699	0.936461388074291	0	5.32307692307692	0	0.950153374233129	0.0635386119257087	1	0.936461388074291	-	0.90606936416185	0.967188288743059	0.96770935103175	0.87208747315559	0.936461388074291	282668
hmmscan	21.8944488184494	3.09999999999986e-10	1916	130	562	0	1	0.187861271676301	0	0.812138728323699	0.936461388074291	0	5.32307692307692	0	0.950153374233129	0.0635386119257087	1	0.936461388074291	-	0.90606936416185	0.967188288743059	0.96770935103175	0.87208747315559	0.936461388074291	282235
hmmscan	21.9272386412723	3.00000000000014e-10	1916	130	562	0	1	0.187861271676301	0	0.812138728323699	0.936461388074291	0	5.32307692307692	0	0.950153374233129	0.0635386119257087	1	0.936461388074291	-	0.90606936416185	0.967188288743059	0.96770935103175	0.87208747315559	0.936461388074291	282235
hmmscan	21.961140192948	2.90000000000008e-10	1916	130	562	0	1	0.187861271676301	0	0.812138728323699	0.936461388074291	0	5.32307692307692	0	0.950153374233129	0.0635386119257087	1	0.936461388074291	-	0.90606936416185	0.967188288743059	0.96770935103175	0.87208747315559	0.936461388074291	281804
hmmscan	21.9962315127593	2.79999999999999e-10	1916	130	562	0	1	0.187861271676301	0	0.812138728323699	0.936461388074291	0	5.32307692307692	0	0.950153374233129	0.0635386119257087	1	0.936461388074291	-	0.90606936416185	0.967188288743059	0.96770935103175	0.87208747315559	0.936461388074291	280840
hmmscan	22.0325991569302	2.69999999999993e-10	1916	130	562	0	1	0.187861271676301	0	0.812138728323699	0.936461388074291	0	5.32307692307692	0	0.950153374233129	0.0635386119257087	1	0.936461388074291	-	0.90606936416185	0.967188288743059	0.96770935103175	0.87208747315559	0.936461388074291	280319
hmmscan	22.070339484913	2.60000000000006e-10	1916	130	562	0	1	0.187861271676301	0	0.812138728323699	0.936461388074291	0	5.32307692307692	0	0.950153374233129	0.0635386119257087	1	0.936461388074291	-	0.90606936416185	0.967188288743059	0.96770935103175	0.87208747315559	0.936461388074291	280319
hmmscan	22.070339484913	2.60000000000006e-10	1916	130	562	0	1	0.187861271676301	0	0.812138728323699	0.936461388074291	0	5.32307692307692	0	0.950153374233129	0.0635386119257087	1	0.936461388074291	-	0.90606936416185	0.967188288743059	0.96770935103175	0.87208747315559	0.936461388074291	280319
hmmscan	22.1095601980663	2.5e-10	1916	129	563	0	1	0.186416184971098	0	0.813583815028902	0.936919315403423	0	5.36434108527132	0	0.950536809815951	0.063080684596577	1	0.936919315403423	-	0.906791907514451	0.967432466548851	0.967945925867464	0.873076394710213	0.936919315403423	279805
hmmscan	22.1503821925866	2.39999999999989e-10	1916	128	564	0	1	0.184971098265896	0	0.815028901734104	0.937377690802348	0	5.40625	0	0.950920245398773	0.0626223091976517	1	0.937377690802348	-	0.907514450867052	0.967676767676768	0.968182674293621	0.874065163385825	0.937377690802348	278826
hmmscan	22.1929418070054	2.29999999999989e-10	1916	128	564	0	1	0.184971098265896	0	0.815028901734104	0.937377690802348	0	5.40625	0	0.950920245398773	0.0626223091976517	1	0.937377690802348	-	0.907514450867052	0.967676767676768	0.968182674293621	0.874065163385825	0.937377690802348	278258
hmmscan	22.2373935695762	2.19999999999997e-10	1916	128	564	0	1	0.184971098265896	0	0.815028901734104	0.937377690802348	0	5.40625	0	0.950920245398773	0.0626223091976517	1	0.937377690802348	-	0.907514450867052	0.967676767676768	0.968182674293621	0.874065163385825	0.937377690802348	277657
hmmscan	22.2373935695762	2.19999999999997e-10	1916	128	564	0	1	0.184971098265896	0	0.815028901734104	0.937377690802348	0	5.40625	0	0.950920245398773	0.0626223091976517	1	0.937377690802348	-	0.907514450867052	0.967676767676768	0.968182674293621	0.874065163385825	0.937377690802348	277657
hmmscan	22.2839135852111	2.09999999999996e-10	1916	128	564	0	1	0.184971098265896	0	0.815028901734104	0.937377690802348	0	5.40625	0	0.950920245398773	0.0626223091976517	1	0.937377690802348	-	0.907514450867052	0.967676767676768	0.968182674293621	0.874065163385825	0.937377690802348	276995
hmmscan	22.3327037493805	2.00000000000002e-10	1916	128	564	0	1	0.184971098265896	0	0.815028901734104	0.937377690802348	0	5.40625	0	0.950920245398773	0.0626223091976517	1	0.937377690802348	-	0.907514450867052	0.967676767676768	0.968182674293621	0.874065163385825	0.937377690802348	276995
hmmscan	22.3327037493805	2.00000000000002e-10	1916	128	564	0	1	0.184971098265896	0	0.815028901734104	0.937377690802348	0	5.40625	0	0.950920245398773	0.0626223091976517	1	0.937377690802348	-	0.907514450867052	0.967676767676768	0.968182674293621	0.874065163385825	0.937377690802348	276995
hmmscan	22.3839970437681	1.89999999999993e-10	1916	128	564	0	1	0.184971098265896	0	0.815028901734104	0.937377690802348	0	5.40625	0	0.950920245398773	0.0626223091976517	1	0.937377690802348	-	0.907514450867052	0.967676767676768	0.968182674293621	0.874065163385825	0.937377690802348	275603
hmmscan	22.3839970437681	1.89999999999993e-10	1916	128	564	0	1	0.184971098265896	0	0.815028901734104	0.937377690802348	0	5.40625	0	0.950920245398773	0.0626223091976517	1	0.937377690802348	-	0.907514450867052	0.967676767676768	0.968182674293621	0.874065163385825	0.937377690802348	275603
hmmscan	22.4380642650383	1.80000000000007e-10	1916	128	564	0	1	0.184971098265896	0	0.815028901734104	0.937377690802348	0	5.40625	0	0.950920245398773	0.0626223091976517	1	0.937377690802348	-	0.907514450867052	0.967676767676768	0.968182674293621	0.874065163385825	0.937377690802348	275603
hmmscan	22.4952226788783	1.69999999999998e-10	1916	127	565	0	1	0.183526011560694	0	0.816473988439306	0.937836514929026	0	5.4488188976378	0	0.951303680981595	0.0621634850709741	1	0.937836514929026	-	0.908236994219653	0.967921192220258	0.968419596522616	0.87505378111755	0.937836514929026	274027
hmmscan	22.4952226788783	1.69999999999998e-10	1916	127	565	0	1	0.183526011560694	0	0.816473988439306	0.937836514929026	0	5.4488188976378	0	0.951303680981595	0.0621634850709741	1	0.937836514929026	-	0.908236994219653	0.967921192220258	0.968419596522616	0.87505378111755	0.937836514929026	274027
hmmscan	22.5558473006947	1.60000000000003e-10	1916	127	565	0	1	0.183526011560694	0	0.816473988439306	0.937836514929026	0	5.4488188976378	0	0.951303680981595	0.0621634850709741	1	0.937836514929026	-	0.908236994219653	0.967921192220258	0.968419596522616	0.87505378111755	0.937836514929026	274027
hmmscan	22.5558473006947	1.60000000000003e-10	1916	127	565	0	1	0.183526011560694	0	0.816473988439306	0.937836514929026	0	5.4488188976378	0	0.951303680981595	0.0621634850709741	1	0.937836514929026	-	0.908236994219653	0.967921192220258	0.968419596522616	0.87505378111755	0.937836514929026	274027
hmmscan	22.6203858218323	1.49999999999999e-10	1916	126	566	0	1	0.182080924855491	0	0.817919075144509	0.938295788442703	0	5.49206349206349	0	0.951687116564417	0.0617042115572968	1	0.938295788442703	-	0.908959537572254	0.968165740272865	0.968656692767207	0.876042249834472	0.938295788442703	272238
hmmscan	22.6203858218323	1.49999999999999e-10	1916	126	566	0	1	0.182080924855491	0	0.817919075144509	0.938295788442703	0	5.49206349206349	0	0.951687116564417	0.0617042115572968	1	0.938295788442703	-	0.908959537572254	0.968165740272865	0.968656692767207	0.876042249834472	0.938295788442703	272238
hmmscan	22.6203858218323	1.49999999999999e-10	1916	126	566	0	1	0.182080924855491	0	0.817919075144509	0.938295788442703	0	5.49206349206349	0	0.951687116564417	0.0617042115572968	1	0.938295788442703	-	0.908959537572254	0.968165740272865	0.968656692767207	0.876042249834472	0.938295788442703	272238
hmmscan	22.6893786933192	1.40000000000006e-10	1916	126	566	0	1	0.182080924855491	0	0.817919075144509	0.938295788442703	0	5.49206349206349	0	0.951687116564417	0.0617042115572968	1	0.938295788442703	-	0.908959537572254	0.968165740272865	0.968656692767207	0.876042249834472	0.938295788442703	272238
hmmscan	22.6893786933192	1.40000000000006e-10	1916	126	566	0	1	0.182080924855491	0	0.817919075144509	0.938295788442703	0	5.49206349206349	0	0.951687116564417	0.0617042115572968	1	0.938295788442703	-	0.908959537572254	0.968165740272865	0.968656692767207	0.876042249834472	0.938295788442703	272238
hmmscan	22.763486665473	1.29999999999996e-10	1916	126	566	0	1	0.182080924855491	0	0.817919075144509	0.938295788442703	0	5.49206349206349	0	0.951687116564417	0.0617042115572968	1	0.938295788442703	-	0.908959537572254	0.968165740272865	0.968656692767207	0.876042249834472	0.938295788442703	270273
hmmscan	22.763486665473	1.29999999999996e-10	1916	126	566	0	1	0.182080924855491	0	0.817919075144509	0.938295788442703	0	5.49206349206349	0	0.951687116564417	0.0617042115572968	1	0.938295788442703	-	0.908959537572254	0.968165740272865	0.968656692767207	0.876042249834472	0.938295788442703	270273
hmmscan	22.8435293731465	1.2e-10	1916	126	566	0	1	0.182080924855491	0	0.817919075144509	0.938295788442703	0	5.49206349206349	0	0.951687116564417	0.0617042115572968	1	0.938295788442703	-	0.908959537572254	0.968165740272865	0.968656692767207	0.876042249834472	0.938295788442703	270273
hmmscan	22.8435293731465	1.2e-10	1916	126	566	0	1	0.182080924855491	0	0.817919075144509	0.938295788442703	0	5.49206349206349	0	0.951687116564417	0.0617042115572968	1	0.938295788442703	-	0.908959537572254	0.968165740272865	0.968656692767207	0.876042249834472	0.938295788442703	270273
hmmscan	22.8435293731465	1.2e-10	1916	126	566	0	1	0.182080924855491	0	0.817919075144509	0.938295788442703	0	5.49206349206349	0	0.951687116564417	0.0617042115572968	1	0.938295788442703	-	0.908959537572254	0.968165740272865	0.968656692767207	0.876042249834472	0.938295788442703	270273
hmmscan	22.9305407501361	1.10000000000004e-10	1916	124	568	0	1	0.179190751445087	0	0.820809248554913	0.93921568627451	0	5.58064516129032	0	0.952453987730061	0.0607843137254902	1	0.93921568627451	-	0.910404624277457	0.968655207280081	0.96913140815604	0.878018747910298	0.93921568627451	269108
hmmscan	22.9305407501361	1.10000000000004e-10	1916	124	568	0	1	0.179190751445087	0	0.820809248554913	0.93921568627451	0	5.58064516129032	0	0.952453987730061	0.0607843137254902	1	0.93921568627451	-	0.910404624277457	0.968655207280081	0.96913140815604	0.878018747910298	0.93921568627451	269108
hmmscan	22.9305407501361	1.10000000000004e-10	1916	124	568	0	1	0.179190751445087	0	0.820809248554913	0.93921568627451	0	5.58064516129032	0	0.952453987730061	0.0607843137254902	1	0.93921568627451	-	0.910404624277457	0.968655207280081	0.96913140815604	0.878018747910298	0.93921568627451	269108
hmmscan	23.0258509299405	9.99999999999957e-11	1916	123	569	0	1	0.177745664739884	0	0.822254335260116	0.939676311917607	0	5.6260162601626	0	0.952837423312883	0.0603236880823933	1	0.939676311917607	-	0.911127167630058	0.96890012642225	0.969369027727628	0.879006781097557	0.939676311917607	267173
hmmscan	23.0258509299405	9.99999999999957e-11	1916	123	569	0	1	0.177745664739884	0	0.822254335260116	0.939676311917607	0	5.6260162601626	0	0.952837423312883	0.0603236880823933	1	0.939676311917607	-	0.911127167630058	0.96890012642225	0.969369027727628	0.879006781097557	0.939676311917607	267173
hmmscan	23.0666729244607	9.60000000000011e-11	1916	123	569	0	1	0.177745664739884	0	0.822254335260116	0.939676311917607	0	5.6260162601626	0	0.952837423312883	0.0603236880823933	1	0.939676311917607	-	0.911127167630058	0.96890012642225	0.969369027727628	0.879006781097557	0.939676311917607	266776
hmmscan	23.0877263336585	9.4000000000004e-11	1916	123	569	0	1	0.177745664739884	0	0.822254335260116	0.939676311917607	0	5.6260162601626	0	0.952837423312883	0.0603236880823933	1	0.939676311917607	-	0.911127167630058	0.96890012642225	0.969369027727628	0.879006781097557	0.939676311917607	266474
hmmscan	23.1201616094117	9.09999999999999e-11	1916	122	570	0	1	0.176300578034682	0	0.823699421965318	0.940137389597645	0	5.67213114754098	0	0.953220858895706	0.0598626104023552	1	0.940137389597645	-	0.911849710982659	0.96914516944866	0.969606822169504	0.87999467292681	0.940137389597645	265982
hmmscan	23.1536843014503	8.80000000000036e-11	1916	122	570	0	1	0.176300578034682	0	0.823699421965318	0.940137389597645	0	5.67213114754098	0	0.953220858895706	0.0598626104023552	1	0.940137389597645	-	0.911849710982659	0.96914516944866	0.969606822169504	0.87999467292681	0.940137389597645	265556
hmmscan	23.1883698594382	8.50000000000027e-11	1916	121	571	0	1	0.17485549132948	0	0.82514450867052	0.940598919980363	0	5.71900826446281	0	0.953604294478528	0.0594010800196367	1	0.940598919980363	-	0.91257225433526	0.969390336453327	0.969844791696261	0.880982425297587	0.940598919980363	265073
hmmscan	23.212180508132	8.29999999999958e-11	1916	120	572	0	1	0.173410404624277	0	0.826589595375723	0.941060903732809	0	5.76666666666667	0	0.95398773006135	0.0589390962671906	1	0.941060903732809	-	0.913294797687861	0.969635627530364	0.970082936522857	0.881970040103639	0.941060903732809	264629
hmmscan	23.2489944812547	7.99999999999972e-11	1916	120	572	0	1	0.173410404624277	0	0.826589595375723	0.941060903732809	0	5.76666666666667	0	0.95398773006135	0.0589390962671906	1	0.941060903732809	-	0.913294797687861	0.969635627530364	0.970082936522857	0.881970040103639	0.941060903732809	264094
hmmscan	23.274312289239	7.79999999999967e-11	1916	120	572	0	1	0.173410404624277	0	0.826589595375723	0.941060903732809	0	5.76666666666667	0	0.95398773006135	0.0589390962671906	1	0.941060903732809	-	0.913294797687861	0.969635627530364	0.970082936522857	0.881970040103639	0.941060903732809	263703
hmmscan	23.3002877756422	7.60000000000013e-11	1916	120	572	0	1	0.173410404624277	0	0.826589595375723	0.941060903732809	0	5.76666666666667	0	0.95398773006135	0.0589390962671906	1	0.941060903732809	-	0.913294797687861	0.969635627530364	0.970082936522857	0.881970040103639	0.941060903732809	263516
hmmscan	23.3405616747802	7.29999999999968e-11	1916	119	573	0	1	0.171965317919075	0	0.828034682080925	0.941523341523341	0	5.81512605042017	0	0.954371165644172	0.0584766584766585	1	0.941523341523341	-	0.914017341040462	0.969881042773981	0.970321256864623	0.882957519232975	0.941523341523341	262745
hmmscan	23.3543549969125	7.19999999999994e-11	1916	119	573	0	1	0.171965317919075	0	0.828034682080925	0.941523341523341	0	5.81512605042017	0	0.954371165644172	0.0584766584766585	1	0.941523341523341	-	0.914017341040462	0.969881042773981	0.970321256864623	0.882957519232975	0.941523341523341	262530
hmmscan	23.3825258738792	6.99999999999993e-11	1916	119	573	0	1	0.171965317919075	0	0.828034682080925	0.941523341523341	0	5.81512605042017	0	0.954371165644172	0.0584766584766585	1	0.941523341523341	-	0.914017341040462	0.969881042773981	0.970321256864623	0.882957519232975	0.941523341523341	262072
hmmscan	23.4115134107524	6.80000000000029e-11	1916	119	573	0	1	0.171965317919075	0	0.828034682080925	0.941523341523341	0	5.81512605042017	0	0.954371165644172	0.0584766584766585	1	0.941523341523341	-	0.914017341040462	0.969881042773981	0.970321256864623	0.882957519232975	0.941523341523341	261871
hmmscan	23.4413663739021	6.60000000000016e-11	1916	119	573	0	1	0.171965317919075	0	0.828034682080925	0.941523341523341	0	5.81512605042017	0	0.954371165644172	0.0584766584766585	1	0.941523341523341	-	0.914017341040462	0.969881042773981	0.970321256864623	0.882957519232975	0.941523341523341	261449
hmmscan	23.4721380325689	6.39999999999985e-11	1916	119	573	0	1	0.171965317919075	0	0.828034682080925	0.941523341523341	0	5.81512605042017	0	0.954371165644172	0.0584766584766585	1	0.941523341523341	-	0.914017341040462	0.969881042773981	0.970321256864623	0.882957519232975	0.941523341523341	260783
hmmscan	23.5038867308835	6.19999999999973e-11	1916	119	573	0	1	0.171965317919075	0	0.828034682080925	0.941523341523341	0	5.81512605042017	0	0.954371165644172	0.0584766584766585	1	0.941523341523341	-	0.914017341040462	0.969881042773981	0.970321256864623	0.882957519232975	0.941523341523341	260347
hmmscan	23.5366765537064	6.00000000000029e-11	1916	119	573	0	1	0.171965317919075	0	0.828034682080925	0.941523341523341	0	5.81512605042017	0	0.954371165644172	0.0584766584766585	1	0.941523341523341	-	0.914017341040462	0.969881042773981	0.970321256864623	0.882957519232975	0.941523341523341	260090
hmmscan	23.5705781053821	5.80000000000016e-11	1916	119	573	0	1	0.171965317919075	0	0.828034682080925	0.941523341523341	0	5.81512605042017	0	0.954371165644172	0.0584766584766585	1	0.941523341523341	-	0.914017341040462	0.969881042773981	0.970321256864623	0.882957519232975	0.941523341523341	259634
hmmscan	23.587969848094	5.69999999999998e-11	1916	118	574	0	1	0.170520231213873	0	0.829479768786127	0.941986234021632	0	5.86440677966102	0	0.954754601226994	0.0580137659783677	1	0.941986234021632	-	0.914739884393064	0.970126582278481	0.970559752937258	0.883944864567909	0.941986234021632	259090
hmmscan	23.6236879306961	5.49999999999988e-11	1916	118	574	0	1	0.170520231213873	0	0.829479768786127	0.941986234021632	0	5.86440677966102	0	0.954754601226994	0.0580137659783677	1	0.941986234021632	-	0.914739884393064	0.970126582278481	0.970559752937258	0.883944864567909	0.941986234021632	258543
hmmscan	23.6420370693643	5.39999999999986e-11	1916	118	574	0	1	0.170520231213873	0	0.829479768786127	0.941986234021632	0	5.86440677966102	0	0.954754601226994	0.0580137659783677	1	0.941986234021632	-	0.914739884393064	0.970126582278481	0.970559752937258	0.883944864567909	0.941986234021632	258277
hmmscan	23.6797773973471	5.20000000000011e-11	1916	118	574	0	1	0.170520231213873	0	0.829479768786127	0.941986234021632	0	5.86440677966102	0	0.954754601226994	0.0580137659783677	1	0.941986234021632	-	0.914739884393064	0.970126582278481	0.970559752937258	0.883944864567909	0.941986234021632	258015
hmmscan	23.6991954832042	5.10000000000012e-11	1916	118	574	0	1	0.170520231213873	0	0.829479768786127	0.941986234021632	0	5.86440677966102	0	0.954754601226994	0.0580137659783677	1	0.941986234021632	-	0.914739884393064	0.970126582278481	0.970559752937258	0.883944864567909	0.941986234021632	257711
hmmscan	23.7189981105004	5.00000000000001e-11	1916	118	574	0	1	0.170520231213873	0	0.829479768786127	0.941986234021632	0	5.86440677966102	0	0.954754601226994	0.0580137659783677	1	0.941986234021632	-	0.914739884393064	0.970126582278481	0.970559752937258	0.883944864567909	0.941986234021632	257353
hmmscan	23.7598201050207	4.79999999999979e-11	1916	118	574	0	1	0.170520231213873	0	0.829479768786127	0.941986234021632	0	5.86440677966102	0	0.954754601226994	0.0580137659783677	1	0.941986234021632	-	0.914739884393064	0.970126582278481	0.970559752937258	0.883944864567909	0.941986234021632	256364
hmmscan	23.7808735142185	4.69999999999996e-11	1916	118	574	0	1	0.170520231213873	0	0.829479768786127	0.941986234021632	0	5.86440677966102	0	0.954754601226994	0.0580137659783677	1	0.941986234021632	-	0.914739884393064	0.970126582278481	0.970559752937258	0.883944864567909	0.941986234021632	256015
hmmscan	23.8023797194395	4.59999999999978e-11	1916	117	575	0	1	0.169075144508671	0	0.830924855491329	0.942449581898672	0	5.91452991452991	0	0.955138036809816	0.0575504181013281	1	0.942449581898672	-	0.915462427745665	0.970372246138263	0.970798424956835	0.884932077985095	0.942449581898672	255699
hmmscan	23.8243586261582	4.50000000000012e-11	1916	117	575	0	1	0.169075144508671	0	0.830924855491329	0.942449581898672	0	5.91452991452991	0	0.955138036809816	0.0575504181013281	1	0.942449581898672	-	0.915462427745665	0.970372246138263	0.970798424956835	0.884932077985095	0.942449581898672	255699
hmmscan	23.869821000235	4.29999999999994e-11	1916	117	575	0	1	0.169075144508671	0	0.830924855491329	0.942449581898672	0	5.91452991452991	0	0.955138036809816	0.0575504181013281	1	0.942449581898672	-	0.915462427745665	0.970372246138263	0.970798424956835	0.884932077985095	0.942449581898672	254711
hmmscan	23.8933514976452	4.19999999999992e-11	1916	117	575	0	1	0.169075144508671	0	0.830924855491329	0.942449581898672	0	5.91452991452991	0	0.955138036809816	0.0575504181013281	1	0.942449581898672	-	0.915462427745665	0.970372246138263	0.970798424956835	0.884932077985095	0.942449581898672	254345
hmmscan	23.9174490492242	4.10000000000017e-11	1916	117	575	0	1	0.169075144508671	0	0.830924855491329	0.942449581898672	0	5.91452991452991	0	0.955138036809816	0.0575504181013281	1	0.942449581898672	-	0.915462427745665	0.970372246138263	0.970798424956835	0.884932077985095	0.942449581898672	254345
hmmscan	23.9421416618146	4.00000000000005e-11	1916	117	575	0	1	0.169075144508671	0	0.830924855491329	0.942449581898672	0	5.91452991452991	0	0.955138036809816	0.0575504181013281	1	0.942449581898672	-	0.915462427745665	0.970372246138263	0.970798424956835	0.884932077985095	0.942449581898672	253990
hmmscan	23.9934349562022	3.79999999999985e-11	1916	116	576	0	1	0.167630057803468	0	0.832369942196532	0.942913385826772	0	5.96551724137931	0	0.955521472392638	0.0570866141732283	1	0.942913385826772	-	0.916184971098266	0.970618034447822	0.971037273139796	0.885919161355575	0.942913385826772	252899
hmmscan	24.0201032032843	3.70000000000009e-11	1916	116	576	0	1	0.167630057803468	0	0.832369942196532	0.942913385826772	0	5.96551724137931	0	0.955521472392638	0.0570866141732283	1	0.942913385826772	-	0.916184971098266	0.970618034447822	0.971037273139796	0.885919161355575	0.942913385826772	252899
hmmscan	24.0475021774724	3.60000000000014e-11	1916	116	576	0	1	0.167630057803468	0	0.832369942196532	0.942913385826772	0	5.96551724137931	0	0.955521472392638	0.0570866141732283	1	0.942913385826772	-	0.916184971098266	0.970618034447822	0.971037273139796	0.885919161355575	0.942913385826772	252466
hmmscan	24.0756730544391	3.50000000000012e-11	1916	116	576	0	1	0.167630057803468	0	0.832369942196532	0.942913385826772	0	5.96551724137931	0	0.955521472392638	0.0570866141732283	1	0.942913385826772	-	0.916184971098266	0.970618034447822	0.971037273139796	0.885919161355575	0.942913385826772	252021
hmmscan	24.1046605913124	3.39999999999996e-11	1916	116	576	0	1	0.167630057803468	0	0.832369942196532	0.942913385826772	0	5.96551724137931	0	0.955521472392638	0.0570866141732283	1	0.942913385826772	-	0.916184971098266	0.970618034447822	0.971037273139796	0.885919161355575	0.942913385826772	251199
hmmscan	24.1345135544621	3.2999999999999e-11	1916	116	576	0	1	0.167630057803468	0	0.832369942196532	0.942913385826772	0	5.96551724137931	0	0.955521472392638	0.0570866141732283	1	0.942913385826772	-	0.916184971098266	0.970618034447822	0.971037273139796	0.885919161355575	0.942913385826772	250748
hmmscan	24.1652852131288	3.20000000000007e-11	1916	116	576	0	1	0.167630057803468	0	0.832369942196532	0.942913385826772	0	5.96551724137931	0	0.955521472392638	0.0570866141732283	1	0.942913385826772	-	0.916184971098266	0.970618034447822	0.971037273139796	0.885919161355575	0.942913385826772	250748
hmmscan	24.1970339114434	3.10000000000001e-11	1916	116	576	0	1	0.167630057803468	0	0.832369942196532	0.942913385826772	0	5.96551724137931	0	0.955521472392638	0.0570866141732283	1	0.942913385826772	-	0.916184971098266	0.970618034447822	0.971037273139796	0.885919161355575	0.942913385826772	250303
hmmscan	24.1970339114434	3.10000000000001e-11	1916	116	576	0	1	0.167630057803468	0	0.832369942196532	0.942913385826772	0	5.96551724137931	0	0.955521472392638	0.0570866141732283	1	0.942913385826772	-	0.916184971098266	0.970618034447822	0.971037273139796	0.885919161355575	0.942913385826772	250303
hmmscan	24.2298237342664	2.99999999999998e-11	1916	116	576	0	1	0.167630057803468	0	0.832369942196532	0.942913385826772	0	5.96551724137931	0	0.955521472392638	0.0570866141732283	1	0.942913385826772	-	0.916184971098266	0.970618034447822	0.971037273139796	0.885919161355575	0.942913385826772	249428
hmmscan	24.2637252859421	2.89999999999992e-11	1916	116	576	0	1	0.167630057803468	0	0.832369942196532	0.942913385826772	0	5.96551724137931	0	0.955521472392638	0.0570866141732283	1	0.942913385826772	-	0.916184971098266	0.970618034447822	0.971037273139796	0.885919161355575	0.942913385826772	248904
hmmscan	24.2988166057533	2.80000000000013e-11	1916	116	576	0	1	0.167630057803468	0	0.832369942196532	0.942913385826772	0	5.96551724137931	0	0.955521472392638	0.0570866141732283	1	0.942913385826772	-	0.916184971098266	0.970618034447822	0.971037273139796	0.885919161355575	0.942913385826772	248904
hmmscan	24.3351842499242	2.70000000000005e-11	1916	116	576	0	1	0.167630057803468	0	0.832369942196532	0.942913385826772	0	5.96551724137931	0	0.955521472392638	0.0570866141732283	1	0.942913385826772	-	0.916184971098266	0.970618034447822	0.971037273139796	0.885919161355575	0.942913385826772	248393
hmmscan	24.3729245779071	2.59999999999991e-11	1916	116	576	0	1	0.167630057803468	0	0.832369942196532	0.942913385826772	0	5.96551724137931	0	0.955521472392638	0.0570866141732283	1	0.942913385826772	-	0.916184971098266	0.970618034447822	0.971037273139796	0.885919161355575	0.942913385826772	247342
hmmscan	24.4121452910603	2.50000000000012e-11	1916	116	576	0	1	0.167630057803468	0	0.832369942196532	0.942913385826772	0	5.96551724137931	0	0.955521472392638	0.0570866141732283	1	0.942913385826772	-	0.916184971098266	0.970618034447822	0.971037273139796	0.885919161355575	0.942913385826772	247342
hmmscan	24.4121452910603	2.50000000000012e-11	1916	116	576	0	1	0.167630057803468	0	0.832369942196532	0.942913385826772	0	5.96551724137931	0	0.955521472392638	0.0570866141732283	1	0.942913385826772	-	0.916184971098266	0.970618034447822	0.971037273139796	0.885919161355575	0.942913385826772	247342
hmmscan	24.4529672855806	2.40000000000001e-11	1916	116	576	0	1	0.167630057803468	0	0.832369942196532	0.942913385826772	0	5.96551724137931	0	0.955521472392638	0.0570866141732283	1	0.942913385826772	-	0.916184971098266	0.970618034447822	0.971037273139796	0.885919161355575	0.942913385826772	246829
hmmscan	24.4955268999994	2.29999999999999e-11	1916	116	576	0	1	0.167630057803468	0	0.832369942196532	0.942913385826772	0	5.96551724137931	0	0.955521472392638	0.0570866141732283	1	0.942913385826772	-	0.916184971098266	0.970618034447822	0.971037273139796	0.885919161355575	0.942913385826772	245727
hmmscan	24.5399786625702	2.20000000000007e-11	1916	116	576	0	1	0.167630057803468	0	0.832369942196532	0.942913385826772	0	5.96551724137931	0	0.955521472392638	0.0570866141732283	1	0.942913385826772	-	0.916184971098266	0.970618034447822	0.971037273139796	0.885919161355575	0.942913385826772	245727
hmmscan	24.5399786625702	2.20000000000007e-11	1916	116	576	0	1	0.167630057803468	0	0.832369942196532	0.942913385826772	0	5.96551724137931	0	0.955521472392638	0.0570866141732283	1	0.942913385826772	-	0.916184971098266	0.970618034447822	0.971037273139796	0.885919161355575	0.942913385826772	245727
hmmscan	24.5864986782051	2.10000000000005e-11	1916	116	576	0	1	0.167630057803468	0	0.832369942196532	0.942913385826772	0	5.96551724137931	0	0.955521472392638	0.0570866141732283	1	0.942913385826772	-	0.916184971098266	0.970618034447822	0.971037273139796	0.885919161355575	0.942913385826772	245105
hmmscan	24.6352888423746	1.99999999999992e-11	1916	115	577	0	1	0.166184971098266	0	0.833815028901734	0.943377646479567	0	6.01739130434783	0	0.95590490797546	0.0566223535204333	1	0.943377646479567	-	0.916907514450867	0.970863947301748	0.971276297702959	0.886906116544818	0.943377646479567	243766
hmmscan	24.6352888423746	1.99999999999992e-11	1916	115	577	0	1	0.166184971098266	0	0.833815028901734	0.943377646479567	0	6.01739130434783	0	0.95590490797546	0.0566223535204333	1	0.943377646479567	-	0.916907514450867	0.970863947301748	0.971276297702959	0.886906116544818	0.943377646479567	243766
hmmscan	24.6865821367621	1.90000000000001e-11	1916	115	577	0	1	0.166184971098266	0	0.833815028901734	0.943377646479567	0	6.01739130434783	0	0.95590490797546	0.0566223535204333	1	0.943377646479567	-	0.916907514450867	0.970863947301748	0.971276297702959	0.886906116544818	0.943377646479567	243766
hmmscan	24.7406493580324	1.79999999999997e-11	1916	115	577	0	1	0.166184971098266	0	0.833815028901734	0.943377646479567	0	6.01739130434783	0	0.95590490797546	0.0566223535204333	1	0.943377646479567	-	0.916907514450867	0.970863947301748	0.971276297702959	0.886906116544818	0.943377646479567	242335
hmmscan	24.7406493580324	1.79999999999997e-11	1916	115	577	0	1	0.166184971098266	0	0.833815028901734	0.943377646479567	0	6.01739130434783	0	0.95590490797546	0.0566223535204333	1	0.943377646479567	-	0.916907514450867	0.970863947301748	0.971276297702959	0.886906116544818	0.943377646479567	242335
hmmscan	24.7978077718723	1.70000000000005e-11	1916	115	577	0	1	0.166184971098266	0	0.833815028901734	0.943377646479567	0	6.01739130434783	0	0.95590490797546	0.0566223535204333	1	0.943377646479567	-	0.916907514450867	0.970863947301748	0.971276297702959	0.886906116544818	0.943377646479567	242335
hmmscan	24.7978077718723	1.70000000000005e-11	1916	115	577	0	1	0.166184971098266	0	0.833815028901734	0.943377646479567	0	6.01739130434783	0	0.95590490797546	0.0566223535204333	1	0.943377646479567	-	0.916907514450867	0.970863947301748	0.971276297702959	0.886906116544818	0.943377646479567	242335
hmmscan	24.8584323936888	1.59999999999995e-11	1916	115	577	0	1	0.166184971098266	0	0.833815028901734	0.943377646479567	0	6.01739130434783	0	0.95590490797546	0.0566223535204333	1	0.943377646479567	-	0.916907514450867	0.970863947301748	0.971276297702959	0.886906116544818	0.943377646479567	240657
hmmscan	24.8584323936888	1.59999999999995e-11	1916	115	577	0	1	0.166184971098266	0	0.833815028901734	0.943377646479567	0	6.01739130434783	0	0.95590490797546	0.0566223535204333	1	0.943377646479567	-	0.916907514450867	0.970863947301748	0.971276297702959	0.886906116544818	0.943377646479567	240657
hmmscan	24.9229709148263	1.50000000000006e-11	1916	115	577	0	1	0.166184971098266	0	0.833815028901734	0.943377646479567	0	6.01739130434783	0	0.95590490797546	0.0566223535204333	1	0.943377646479567	-	0.916907514450867	0.970863947301748	0.971276297702959	0.886906116544818	0.943377646479567	240657
hmmscan	24.9229709148263	1.50000000000006e-11	1916	115	577	0	1	0.166184971098266	0	0.833815028901734	0.943377646479567	0	6.01739130434783	0	0.95590490797546	0.0566223535204333	1	0.943377646479567	-	0.916907514450867	0.970863947301748	0.971276297702959	0.886906116544818	0.943377646479567	240657
hmmscan	24.9229709148263	1.50000000000006e-11	1916	115	577	0	1	0.166184971098266	0	0.833815028901734	0.943377646479567	0	6.01739130434783	0	0.95590490797546	0.0566223535204333	1	0.943377646479567	-	0.916907514450867	0.970863947301748	0.971276297702959	0.886906116544818	0.943377646479567	240657
hmmscan	24.9919637863133	1.39999999999999e-11	1916	114	578	0	1	0.164739884393064	0	0.835260115606936	0.94384236453202	0	6.07017543859649	0	0.956288343558282	0.0561576354679803	1	0.94384236453202	-	0.917630057803468	0.971109984794729	0.971515498863513	0.887892945412756	0.94384236453202	238711
hmmscan	24.9919637863133	1.39999999999999e-11	1916	114	578	0	1	0.164739884393064	0	0.835260115606936	0.94384236453202	0	6.07017543859649	0	0.956288343558282	0.0561576354679803	1	0.94384236453202	-	0.917630057803468	0.971109984794729	0.971515498863513	0.887892945412756	0.94384236453202	238711
hmmscan	25.066071758467	1.30000000000001e-11	1916	114	578	0	1	0.164739884393064	0	0.835260115606936	0.94384236453202	0	6.07017543859649	0	0.956288343558282	0.0561576354679803	1	0.94384236453202	-	0.917630057803468	0.971109984794729	0.971515498863513	0.887892945412756	0.94384236453202	238711
hmmscan	25.066071758467	1.30000000000001e-11	1916	114	578	0	1	0.164739884393064	0	0.835260115606936	0.94384236453202	0	6.07017543859649	0	0.956288343558282	0.0561576354679803	1	0.94384236453202	-	0.917630057803468	0.971109984794729	0.971515498863513	0.887892945412756	0.94384236453202	238711
hmmscan	25.1461144661405	1.20000000000006e-11	1916	114	578	0	1	0.164739884393064	0	0.835260115606936	0.94384236453202	0	6.07017543859649	0	0.956288343558282	0.0561576354679803	1	0.94384236453202	-	0.917630057803468	0.971109984794729	0.971515498863513	0.887892945412756	0.94384236453202	237760
hmmscan	25.1461144661405	1.20000000000006e-11	1916	114	578	0	1	0.164739884393064	0	0.835260115606936	0.94384236453202	0	6.07017543859649	0	0.956288343558282	0.0561576354679803	1	0.94384236453202	-	0.917630057803468	0.971109984794729	0.971515498863513	0.887892945412756	0.94384236453202	237760
hmmscan	25.1461144661405	1.20000000000006e-11	1916	114	578	0	1	0.164739884393064	0	0.835260115606936	0.94384236453202	0	6.07017543859649	0	0.956288343558282	0.0561576354679803	1	0.94384236453202	-	0.917630057803468	0.971109984794729	0.971515498863513	0.887892945412756	0.94384236453202	237760
hmmscan	25.2331258431302	1.09999999999998e-11	1916	114	578	0	1	0.164739884393064	0	0.835260115606936	0.94384236453202	0	6.07017543859649	0	0.956288343558282	0.0561576354679803	1	0.94384236453202	-	0.917630057803468	0.971109984794729	0.971515498863513	0.887892945412756	0.94384236453202	235461
hmmscan	25.2331258431302	1.09999999999998e-11	1916	114	578	0	1	0.164739884393064	0	0.835260115606936	0.94384236453202	0	6.07017543859649	0	0.956288343558282	0.0561576354679803	1	0.94384236453202	-	0.917630057803468	0.971109984794729	0.971515498863513	0.887892945412756	0.94384236453202	235461
hmmscan	25.2331258431302	1.09999999999998e-11	1916	114	578	0	1	0.164739884393064	0	0.835260115606936	0.94384236453202	0	6.07017543859649	0	0.956288343558282	0.0561576354679803	1	0.94384236453202	-	0.917630057803468	0.971109984794729	0.971515498863513	0.887892945412756	0.94384236453202	235461
hmmscan	25.3284360229345	1e-11	1916	114	578	0	1	0.164739884393064	0	0.835260115606936	0.94384236453202	0	6.07017543859649	0	0.956288343558282	0.0561576354679803	1	0.94384236453202	-	0.917630057803468	0.971109984794729	0.971515498863513	0.887892945412756	0.94384236453202	235461
hmmscan	25.3284360229345	1e-11	1916	114	578	0	1	0.164739884393064	0	0.835260115606936	0.94384236453202	0	6.07017543859649	0	0.956288343558282	0.0561576354679803	1	0.94384236453202	-	0.917630057803468	0.971109984794729	0.971515498863513	0.887892945412756	0.94384236453202	235461
hmmscan	25.3588952304192	9.7000000000001e-12	1916	113	579	0	1	0.163294797687861	0	0.836705202312139	0.944307540660424	0	6.12389380530974	0	0.956671779141104	0.0556924593395761	1	0.944307540660424	-	0.918352601156069	0.971356147021546	0.971754876839023	0.888879649813831	0.944307540660424	234353
hmmscan	25.3903114266526	9.39999999999989e-12	1916	113	579	0	1	0.163294797687861	0	0.836705202312139	0.944307540660424	0	6.12389380530974	0	0.956671779141104	0.0556924593395761	1	0.944307540660424	-	0.918352601156069	0.971356147021546	0.971754876839023	0.888879649813831	0.944307540660424	233751
hmmscan	25.4227467024057	9.1000000000004e-12	1916	113	579	0	1	0.163294797687861	0	0.836705202312139	0.944307540660424	0	6.12389380530974	0	0.956671779141104	0.0556924593395761	1	0.944307540660424	-	0.918352601156069	0.971356147021546	0.971754876839023	0.888879649813831	0.944307540660424	233457
hmmscan	25.4449698391905	8.8999999999996e-12	1916	113	579	0	1	0.163294797687861	0	0.836705202312139	0.944307540660424	0	6.12389380530974	0	0.956671779141104	0.0556924593395761	1	0.944307540660424	-	0.918352601156069	0.971356147021546	0.971754876839023	0.888879649813831	0.944307540660424	232964
hmmscan	25.4792589126691	8.59999999999989e-12	1916	113	579	0	1	0.163294797687861	0	0.836705202312139	0.944307540660424	0	6.12389380530974	0	0.956671779141104	0.0556924593395761	1	0.944307540660424	-	0.918352601156069	0.971356147021546	0.971754876839023	0.888879649813831	0.944307540660424	232441
hmmscan	25.5027894100793	8.39999999999985e-12	1916	113	579	0	1	0.163294797687861	0	0.836705202312139	0.944307540660424	0	6.12389380530974	0	0.956671779141104	0.0556924593395761	1	0.944307540660424	-	0.918352601156069	0.971356147021546	0.971754876839023	0.888879649813831	0.944307540660424	232107
hmmscan	25.5391570542502	8.09999999999963e-12	1916	112	580	0	1	0.161849710982659	0	0.838150289017341	0.944773175542406	0	6.17857142857143	0	0.957055214723926	0.0552268244575937	1	0.944773175542406	-	0.91907514450867	0.971602434077079	0.971994431847429	0.88986623159703	0.944773175542406	231534
hmmscan	25.5641583564556	7.89999999999978e-12	1916	112	580	0	1	0.161849710982659	0	0.838150289017341	0.944773175542406	0	6.17857142857143	0	0.957055214723926	0.0552268244575937	1	0.944773175542406	-	0.91907514450867	0.971602434077079	0.971994431847429	0.88986623159703	0.944773175542406	231179
hmmscan	25.5898007870689	7.70000000000008e-12	1916	112	580	0	1	0.161849710982659	0	0.838150289017341	0.944773175542406	0	6.17857142857143	0	0.957055214723926	0.0552268244575937	1	0.944773175542406	-	0.91907514450867	0.971602434077079	0.971994431847429	0.88986623159703	0.944773175542406	230931
hmmscan	25.6161180953863	7.49999999999986e-12	1916	112	580	0	1	0.161849710982659	0	0.838150289017341	0.944773175542406	0	6.17857142857143	0	0.957055214723926	0.0552268244575937	1	0.944773175542406	-	0.91907514450867	0.971602434077079	0.971994431847429	0.88986623159703	0.944773175542406	230337
hmmscan	25.6431467677742	7.30000000000001e-12	1916	112	580	0	1	0.161849710982659	0	0.838150289017341	0.944773175542406	0	6.17857142857143	0	0.957055214723926	0.0552268244575937	1	0.944773175542406	-	0.91907514450867	0.971602434077079	0.971994431847429	0.88986623159703	0.944773175542406	230158
hmmscan	25.6709263318813	7.09999999999984e-12	1916	112	580	0	1	0.161849710982659	0	0.838150289017341	0.944773175542406	0	6.17857142857143	0	0.957055214723926	0.0552268244575937	1	0.944773175542406	-	0.91907514450867	0.971602434077079	0.971994431847429	0.88986623159703	0.944773175542406	229542
hmmscan	25.6994997043253	6.90000000000023e-12	1916	112	580	0	1	0.161849710982659	0	0.838150289017341	0.944773175542406	0	6.17857142857143	0	0.957055214723926	0.0552268244575937	1	0.944773175542406	-	0.91907514450867	0.971602434077079	0.971994431847429	0.88986623159703	0.944773175542406	229321
hmmscan	25.7289135895316	6.70000000000018e-12	1916	111	581	0	1	0.160404624277457	0	0.839595375722543	0.945239269856931	0	6.23423423423423	0	0.957438650306748	0.0547607301430686	1	0.945239269856931	-	0.919797687861272	0.971848846056302	0.972234164107049	0.890852692605928	0.945239269856931	228880
hmmscan	25.759218939027	6.49999999999971e-12	1916	110	582	0	1	0.158959537572254	0	0.841040462427746	0.945705824284304	0	6.29090909090909	0	0.957822085889571	0.054294175715696	1	0.945705824284304	-	0.920520231213873	0.972095383054287	0.972474073836575	0.891839034678727	0.945705824284304	228223
hmmscan	25.7904714825311	6.29999999999976e-12	1916	110	582	0	1	0.158959537572254	0	0.841040462427746	0.945705824284304	0	6.29090909090909	0	0.957822085889571	0.054294175715696	1	0.945705824284304	-	0.920520231213873	0.972095383054287	0.972474073836575	0.891839034678727	0.945705824284304	227665
hmmscan	25.8064718238775	6.20000000000001e-12	1916	110	582	0	1	0.158959537572254	0	0.841040462427746	0.945705824284304	0	6.29090909090909	0	0.957822085889571	0.054294175715696	1	0.945705824284304	-	0.920520231213873	0.972095383054287	0.972474073836575	0.891839034678727	0.945705824284304	227665
hmmscan	25.8392616467005	5.99999999999996e-12	1916	109	583	0	1	0.157514450867052	0	0.842485549132948	0.946172839506173	0	6.34862385321101	0	0.958205521472393	0.0538271604938272	1	0.946172839506173	-	0.921242774566474	0.972342045166201	0.972714161255079	0.892825259648291	0.946172839506173	226818
hmmscan	25.8560687650169	5.89999999999985e-12	1916	109	583	0	1	0.157514450867052	0	0.842485549132948	0.946172839506173	0	6.34862385321101	0	0.958205521472393	0.0538271604938272	1	0.946172839506173	-	0.921242774566474	0.972342045166201	0.972714161255079	0.892825259648291	0.946172839506173	226587
hmmscan	25.890554941088	5.70000000000026e-12	1916	108	584	0	1	0.15606936416185	0	0.84393063583815	0.946640316205534	0	6.40740740740741	0	0.958588957055215	0.0533596837944664	1	0.946640316205534	-	0.921965317919075	0.97258883248731	0.972954426582013	0.893811369342192	0.946640316205534	226347
hmmscan	25.9262730236901	5.50000000000012e-12	1916	107	585	0	1	0.154624277456647	0	0.845375722543353	0.947108255066733	0	6.46728971962617	0	0.958972392638037	0.0528917449332674	1	0.947108255066733	-	0.922687861271676	0.972835745112973	0.973194870037205	0.894797365582741	0.947108255066733	225835
hmmscan	25.9446221623583	5.40000000000011e-12	1916	107	585	0	1	0.154624277456647	0	0.845375722543353	0.947108255066733	0	6.46728971962617	0	0.958972392638037	0.0528917449332674	1	0.947108255066733	-	0.922687861271676	0.972835745112973	0.973194870037205	0.894797365582741	0.947108255066733	225536
hmmscan	25.9633142953705	5.29999999999986e-12	1916	106	586	0	1	0.153179190751445	0	0.846820809248555	0.94757665677547	0	6.52830188679245	0	0.959355828220859	0.0524233432245302	1	0.94757665677547	-	0.923410404624277	0.973082783138649	0.973435491840867	0.895783250187033	0.94757665677547	224934
hmmscan	26.0017805761983	5.09999999999984e-12	1916	106	586	0	1	0.153179190751445	0	0.846820809248555	0.94757665677547	0	6.52830188679245	0	0.959355828220859	0.0524233432245302	1	0.94757665677547	-	0.923410404624277	0.973082783138649	0.973435491840867	0.895783250187033	0.94757665677547	224390
hmmscan	26.0215832034944	5.00000000000023e-12	1916	106	586	0	1	0.153179190751445	0	0.846820809248555	0.94757665677547	0	6.52830188679245	0	0.959355828220859	0.0524233432245302	1	0.94757665677547	-	0.923410404624277	0.973082783138649	0.973435491840867	0.895783250187033	0.94757665677547	224390
hmmscan	26.0624051980147	4.80000000000001e-12	1916	104	588	0	1	0.15028901734104	0	0.84971098265896	0.948514851485148	0	6.65384615384615	0	0.960122699386503	0.0514851485148515	1	0.948514851485148	-	0.92485549132948	0.973577235772358	0.973917271376347	0.897754691729351	0.948514851485148	223781
hmmscan	26.0834586072125	4.70000000000017e-12	1916	104	588	0	1	0.15028901734104	0	0.84971098265896	0.948514851485148	0	6.65384615384615	0	0.960122699386503	0.0514851485148515	1	0.948514851485148	-	0.92485549132948	0.973577235772358	0.973917271376347	0.897754691729351	0.948514851485148	223466
hmmscan	26.1049648124335	4.59999999999999e-12	1916	103	589	0	1	0.148843930635838	0	0.851156069364162	0.948984645864289	0	6.71844660194175	0	0.960506134969325	0.0510153541357107	1	0.948984645864289	-	0.925578034682081	0.973824650571792	0.974158429550496	0.898740252275812	0.948984645864289	222782
hmmscan	26.1494165750043	4.40000000000015e-12	1916	103	589	0	1	0.148843930635838	0	0.851156069364162	0.948984645864289	0	6.71844660194175	0	0.960506134969325	0.0510153541357107	1	0.948984645864289	-	0.925578034682081	0.973824650571792	0.974158429550496	0.898740252275812	0.948984645864289	222486
hmmscan	26.172406093229	4.30000000000013e-12	1916	103	589	0	1	0.148843930635838	0	0.851156069364162	0.948984645864289	0	6.71844660194175	0	0.960506134969325	0.0510153541357107	1	0.948984645864289	-	0.925578034682081	0.973824650571792	0.974158429550496	0.898740252275812	0.948984645864289	222180
hmmscan	26.1959365906392	4.20000000000011e-12	1916	103	589	0	1	0.148843930635838	0	0.851156069364162	0.948984645864289	0	6.71844660194175	0	0.960506134969325	0.0510153541357107	1	0.948984645864289	-	0.925578034682081	0.973824650571792	0.974158429550496	0.898740252275812	0.948984645864289	221856
hmmscan	26.2200341422183	4.09999999999994e-12	1916	103	589	0	1	0.148843930635838	0	0.851156069364162	0.948984645864289	0	6.71844660194175	0	0.960506134969325	0.0510153541357107	1	0.948984645864289	-	0.925578034682081	0.973824650571792	0.974158429550496	0.898740252275812	0.948984645864289	221132
hmmscan	26.2700445627929	3.90000000000018e-12	1916	103	589	0	1	0.148843930635838	0	0.851156069364162	0.948984645864289	0	6.71844660194175	0	0.960506134969325	0.0510153541357107	1	0.948984645864289	-	0.925578034682081	0.973824650571792	0.974158429550496	0.898740252275812	0.948984645864289	220742
hmmscan	26.2960200491962	3.80000000000003e-12	1916	103	589	0	1	0.148843930635838	0	0.851156069364162	0.948984645864289	0	6.71844660194175	0	0.960506134969325	0.0510153541357107	1	0.948984645864289	-	0.925578034682081	0.973824650571792	0.974158429550496	0.898740252275812	0.948984645864289	220405
hmmscan	26.3226882962784	3.69999999999989e-12	1916	102	590	0	1	0.147398843930636	0	0.852601156069364	0.949454905847374	0	6.7843137254902	0	0.960889570552147	0.0505450941526264	1	0.949454905847374	-	0.926300578034682	0.974072191154042	0.974399766957779	0.899725708402956	0.949454905847374	219615
hmmscan	26.3500872704665	3.59999999999994e-12	1916	102	590	0	1	0.147398843930636	0	0.852601156069364	0.949454905847374	0	6.7843137254902	0	0.960889570552147	0.0505450941526264	1	0.949454905847374	-	0.926300578034682	0.974072191154042	0.974399766957779	0.899725708402956	0.949454905847374	219177
hmmscan	26.3782581474332	3.49999999999993e-12	1916	102	590	0	1	0.147398843930636	0	0.852601156069364	0.949454905847374	0	6.7843137254902	0	0.960889570552147	0.0505450941526264	1	0.949454905847374	-	0.926300578034682	0.974072191154042	0.974399766957779	0.899725708402956	0.949454905847374	218697
hmmscan	26.4072456843064	3.40000000000011e-12	1916	102	590	0	1	0.147398843930636	0	0.852601156069364	0.949454905847374	0	6.7843137254902	0	0.960889570552147	0.0505450941526264	1	0.949454905847374	-	0.926300578034682	0.974072191154042	0.974399766957779	0.899725708402956	0.949454905847374	218697
hmmscan	26.4072456843064	3.40000000000011e-12	1916	102	590	0	1	0.147398843930636	0	0.852601156069364	0.949454905847374	0	6.7843137254902	0	0.960889570552147	0.0505450941526264	1	0.949454905847374	-	0.926300578034682	0.974072191154042	0.974399766957779	0.899725708402956	0.949454905847374	218697
hmmscan	26.4370986474561	3.30000000000004e-12	1916	101	591	0	1	0.145953757225434	0	0.854046242774566	0.949925632126921	0	6.85148514851485	0	0.961273006134969	0.0500743678730788	1	0.949925632126921	-	0.927023121387283	0.974319857615052	0.97464128382032	0.900711061902346	0.949925632126921	218205
hmmscan	26.4678703061229	3.19999999999989e-12	1916	99	593	0	1	0.143063583815029	0	0.856936416184971	0.950868486352357	0	6.98989898989899	0	0.962039877300613	0.0491315136476427	1	0.950868486352357	-	0.928468208092486	0.974815568557619	0.975124856801608	0.902681468159182	0.950868486352357	217338
hmmscan	26.4996190044374	3.10000000000015e-12	1916	99	593	0	1	0.143063583815029	0	0.856936416184971	0.950868486352357	0	6.98989898989899	0	0.962039877300613	0.0491315136476427	1	0.950868486352357	-	0.928468208092486	0.974815568557619	0.975124856801608	0.902681468159182	0.950868486352357	217338
hmmscan	26.5324088272604	3.00000000000011e-12	1916	99	593	0	1	0.143063583815029	0	0.856936416184971	0.950868486352357	0	6.98989898989899	0	0.962039877300613	0.0491315136476427	1	0.950868486352357	-	0.928468208092486	0.974815568557619	0.975124856801608	0.902681468159182	0.950868486352357	216897
hmmscan	26.5663103789361	2.90000000000005e-12	1916	99	593	0	1	0.143063583815029	0	0.856936416184971	0.950868486352357	0	6.98989898989899	0	0.962039877300613	0.0491315136476427	1	0.950868486352357	-	0.928468208092486	0.974815568557619	0.975124856801608	0.902681468159182	0.950868486352357	216418
hmmscan	26.6014016987474	2.79999999999998e-12	1916	99	593	0	1	0.143063583815029	0	0.856936416184971	0.950868486352357	0	6.98989898989899	0	0.962039877300613	0.0491315136476427	1	0.950868486352357	-	0.928468208092486	0.974815568557619	0.975124856801608	0.902681468159182	0.950868486352357	215494
hmmscan	26.6377693429183	2.6999999999999e-12	1916	98	594	0	1	0.141618497109827	0	0.858381502890173	0.951340615690169	0	7.06122448979592	0	0.962423312883436	0.0486593843098312	1	0.951340615690169	-	0.929190751445087	0.975063613231552	0.975366913366539	0.903666524474925	0.951340615690169	214975
hmmscan	26.6755096709011	2.60000000000003e-12	1916	98	594	0	1	0.141618497109827	0	0.858381502890173	0.951340615690169	0	7.06122448979592	0	0.962423312883436	0.0486593843098312	1	0.951340615690169	-	0.929190751445087	0.975063613231552	0.975366913366539	0.903666524474925	0.951340615690169	214975
hmmscan	26.7147303840544	2.49999999999999e-12	1916	97	595	0	1	0.140173410404624	0	0.859826589595376	0.951813214108296	0	7.1340206185567	0	0.962806748466258	0.0481867858917039	1	0.951813214108296	-	0.929913294797688	0.975311784169	0.975609150279094	0.90465148527958	0.951813214108296	213833
hmmscan	26.7147303840544	2.49999999999999e-12	1916	97	595	0	1	0.140173410404624	0	0.859826589595376	0.951813214108296	0	7.1340206185567	0	0.962806748466258	0.0481867858917039	1	0.951813214108296	-	0.929913294797688	0.975311784169	0.975609150279094	0.90465148527958	0.951813214108296	213833
hmmscan	26.7555523785746	2.40000000000012e-12	1916	97	595	0	1	0.140173410404624	0	0.859826589595376	0.951813214108296	0	7.1340206185567	0	0.962806748466258	0.0481867858917039	1	0.951813214108296	-	0.929913294797688	0.975311784169	0.975609150279094	0.90465148527958	0.951813214108296	213833
hmmscan	26.7981119929934	2.3000000000001e-12	1916	96	596	0	1	0.138728323699422	0	0.861271676300578	0.952286282306163	0	7.20833333333333	0	0.96319018404908	0.047713717693837	1	0.952286282306163	-	0.930635838150289	0.975560081466395	0.975851567763337	0.905636352340096	0.952286282306163	213243
hmmscan	26.7981119929934	2.3000000000001e-12	1916	96	596	0	1	0.138728323699422	0	0.861271676300578	0.952286282306163	0	7.20833333333333	0	0.96319018404908	0.047713717693837	1	0.952286282306163	-	0.930635838150289	0.975560081466395	0.975851567763337	0.905636352340096	0.952286282306163	213243
hmmscan	26.8425637555643	2.19999999999995e-12	1916	95	597	0	1	0.13728323699422	0	0.86271676300578	0.952759820984585	0	7.28421052631579	0	0.963573619631902	0.0472401790154152	1	0.952759820984585	-	0.93135838150289	0.97580850522027	0.97609416604372	0.906621127418608	0.952759820984585	211912
hmmscan	26.8890837711992	2.09999999999994e-12	1916	95	597	0	1	0.13728323699422	0	0.86271676300578	0.952759820984585	0	7.28421052631579	0	0.963573619631902	0.0472401790154152	1	0.952759820984585	-	0.93135838150289	0.97580850522027	0.97609416604372	0.906621127418608	0.952759820984585	211241
hmmscan	26.8890837711992	2.09999999999994e-12	1916	95	597	0	1	0.13728323699422	0	0.86271676300578	0.952759820984585	0	7.28421052631579	0	0.963573619631902	0.0472401790154152	1	0.952759820984585	-	0.93135838150289	0.97580850522027	0.97609416604372	0.906621127418608	0.952759820984585	211241
hmmscan	26.9378739353686	2.00000000000001e-12	1916	95	597	0	1	0.13728323699422	0	0.86271676300578	0.952759820984585	0	7.28421052631579	0	0.963573619631902	0.0472401790154152	1	0.952759820984585	-	0.93135838150289	0.97580850522027	0.97609416604372	0.906621127418608	0.952759820984585	211241
hmmscan	26.9378739353686	2.00000000000001e-12	1916	95	597	0	1	0.13728323699422	0	0.86271676300578	0.952759820984585	0	7.28421052631579	0	0.963573619631902	0.0472401790154152	1	0.952759820984585	-	0.93135838150289	0.97580850522027	0.97609416604372	0.906621127418608	0.952759820984585	211241
hmmscan	26.9891672297562	1.89999999999991e-12	1916	92	600	0	1	0.132947976878613	0	0.867052023121387	0.954183266932271	0	7.52173913043478	0	0.964723926380368	0.0458167330677291	1	0.954183266932271	-	0.933526011560694	0.976554536187564	0.976823047912093	0.909574918311955	0.954183266932271	209798
hmmscan	27.0432344510264	1.80000000000005e-12	1916	92	600	0	1	0.132947976878613	0	0.867052023121387	0.954183266932271	0	7.52173913043478	0	0.964723926380368	0.0458167330677291	1	0.954183266932271	-	0.933526011560694	0.976554536187564	0.976823047912093	0.909574918311955	0.954183266932271	209798
hmmscan	27.0432344510264	1.80000000000005e-12	1916	92	600	0	1	0.132947976878613	0	0.867052023121387	0.954183266932271	0	7.52173913043478	0	0.964723926380368	0.0458167330677291	1	0.954183266932271	-	0.933526011560694	0.976554536187564	0.976823047912093	0.909574918311955	0.954183266932271	209798
hmmscan	27.1003928648664	1.69999999999996e-12	1916	88	604	0	1	0.127167630057803	0	0.872832369942196	0.956087824351297	0	7.86363636363636	0	0.966257668711656	0.0439121756487026	1	0.956087824351297	-	0.936416184971098	0.977551020408163	0.977797435234567	0.913512124496124	0.956087824351297	208164
hmmscan	27.1003928648664	1.69999999999996e-12	1916	88	604	0	1	0.127167630057803	0	0.872832369942196	0.956087824351297	0	7.86363636363636	0	0.966257668711656	0.0439121756487026	1	0.956087824351297	-	0.936416184971098	0.977551020408163	0.977797435234567	0.913512124496124	0.956087824351297	208164
hmmscan	27.1610174866828	1.60000000000002e-12	1916	88	604	0	1	0.127167630057803	0	0.872832369942196	0.956087824351297	0	7.86363636363636	0	0.966257668711656	0.0439121756487026	1	0.956087824351297	-	0.936416184971098	0.977551020408163	0.977797435234567	0.913512124496124	0.956087824351297	208164
hmmscan	27.1610174866828	1.60000000000002e-12	1916	88	604	0	1	0.127167630057803	0	0.872832369942196	0.956087824351297	0	7.86363636363636	0	0.966257668711656	0.0439121756487026	1	0.956087824351297	-	0.936416184971098	0.977551020408163	0.977797435234567	0.913512124496124	0.956087824351297	208164
hmmscan	27.2255560078204	1.49999999999997e-12	1916	88	604	0	1	0.127167630057803	0	0.872832369942196	0.956087824351297	0	7.86363636363636	0	0.966257668711656	0.0439121756487026	1	0.956087824351297	-	0.936416184971098	0.977551020408163	0.977797435234567	0.913512124496124	0.956087824351297	206393
hmmscan	27.2255560078204	1.49999999999997e-12	1916	88	604	0	1	0.127167630057803	0	0.872832369942196	0.956087824351297	0	7.86363636363636	0	0.966257668711656	0.0439121756487026	1	0.956087824351297	-	0.936416184971098	0.977551020408163	0.977797435234567	0.913512124496124	0.956087824351297	206393
hmmscan	27.2255560078204	1.49999999999997e-12	1916	88	604	0	1	0.127167630057803	0	0.872832369942196	0.956087824351297	0	7.86363636363636	0	0.966257668711656	0.0439121756487026	1	0.956087824351297	-	0.936416184971098	0.977551020408163	0.977797435234567	0.913512124496124	0.956087824351297	206393
hmmscan	27.2945488793073	1.40000000000005e-12	1916	88	604	0	1	0.127167630057803	0	0.872832369942196	0.956087824351297	0	7.86363636363636	0	0.966257668711656	0.0439121756487026	1	0.956087824351297	-	0.936416184971098	0.977551020408163	0.977797435234567	0.913512124496124	0.956087824351297	206393
hmmscan	27.2945488793073	1.40000000000005e-12	1916	88	604	0	1	0.127167630057803	0	0.872832369942196	0.956087824351297	0	7.86363636363636	0	0.966257668711656	0.0439121756487026	1	0.956087824351297	-	0.936416184971098	0.977551020408163	0.977797435234567	0.913512124496124	0.956087824351297	206393
hmmscan	27.3686568514611	1.29999999999994e-12	1916	85	607	0	1	0.122832369942197	0	0.877167630057804	0.95752123938031	0	8.14117647058824	0	0.967407975460123	0.0424787606196902	1	0.95752123938031	-	0.938583815028902	0.978299719172836	0.978530142295223	0.916464203489278	0.95752123938031	204540
hmmscan	27.3686568514611	1.29999999999994e-12	1916	85	607	0	1	0.122832369942197	0	0.877167630057804	0.95752123938031	0	8.14117647058824	0	0.967407975460123	0.0424787606196902	1	0.95752123938031	-	0.938583815028902	0.978299719172836	0.978530142295223	0.916464203489278	0.95752123938031	204540
hmmscan	27.4486995591346	1.19999999999999e-12	1916	84	608	0	1	0.121387283236994	0	0.878612716763006	0.958	0	8.23809523809524	0	0.967791411042945	0.042	1	0.958	-	0.939306358381503	0.978549540347293	0.978774744259372	0.917448081723952	0.958	203578
hmmscan	27.4486995591346	1.19999999999999e-12	1916	84	608	0	1	0.121387283236994	0	0.878612716763006	0.958	0	8.23809523809524	0	0.967791411042945	0.042	1	0.958	-	0.939306358381503	0.978549540347293	0.978774744259372	0.917448081723952	0.958	203578
hmmscan	27.5357109361242	1.10000000000003e-12	1916	84	608	0	1	0.121387283236994	0	0.878612716763006	0.958	0	8.23809523809524	0	0.967791411042945	0.042	1	0.958	-	0.939306358381503	0.978549540347293	0.978774744259372	0.917448081723952	0.958	203578
hmmscan	27.5357109361242	1.10000000000003e-12	1916	84	608	0	1	0.121387283236994	0	0.878612716763006	0.958	0	8.23809523809524	0	0.967791411042945	0.042	1	0.958	-	0.939306358381503	0.978549540347293	0.978774744259372	0.917448081723952	0.958	203578
hmmscan	27.5357109361242	1.10000000000003e-12	1916	84	608	0	1	0.121387283236994	0	0.878612716763006	0.958	0	8.23809523809524	0	0.967791411042945	0.042	1	0.958	-	0.939306358381503	0.978549540347293	0.978774744259372	0.917448081723952	0.958	203578
hmmscan	27.6310211159285	1.00000000000005e-12	1916	82	610	0	1	0.11849710982659	0	0.88150289017341	0.958958958958959	0	8.4390243902439	0	0.968558282208589	0.041041041041041	1	0.958958958958959	-	0.940751445086705	0.979049565661727	0.979264498978166	0.919415626297491	0.958958958958959	202461
hmmscan	27.6410714517821	9.8999999999995e-13	1916	82	610	0	1	0.11849710982659	0	0.88150289017341	0.958958958958959	0	8.4390243902439	0	0.968558282208589	0.041041041041041	1	0.958958958958959	-	0.940751445086705	0.979049565661727	0.979264498978166	0.919415626297491	0.958958958958959	201654
hmmscan	27.6718431104488	9.60000000000002e-13	1916	82	610	0	1	0.11849710982659	0	0.88150289017341	0.958958958958959	0	8.4390243902439	0	0.968558282208589	0.041041041041041	1	0.958958958958959	-	0.940751445086705	0.979049565661727	0.979264498978166	0.919415626297491	0.958958958958959	201412
hmmscan	27.7035918087634	9.29999999999986e-13	1916	82	610	0	1	0.11849710982659	0	0.88150289017341	0.958958958958959	0	8.4390243902439	0	0.968558282208589	0.041041041041041	1	0.958958958958959	-	0.940751445086705	0.979049565661727	0.979264498978166	0.919415626297491	0.958958958958959	200888
hmmscan	27.7363816315864	8.99999999999976e-13	1916	82	610	0	1	0.11849710982659	0	0.88150289017341	0.958958958958959	0	8.4390243902439	0	0.968558282208589	0.041041041041041	1	0.958958958958959	-	0.940751445086705	0.979049565661727	0.979264498978166	0.919415626297491	0.958958958958959	200452
hmmscan	27.7702831832621	8.6999999999996e-13	1916	81	611	0	1	0.117052023121387	0	0.882947976878613	0.959439158738107	0	8.54320987654321	0	0.968941717791411	0.0405608412618928	1	0.959439158738107	-	0.941473988439306	0.979299769997444	0.979509652192416	0.920399296037285	0.959439158738107	199989
hmmscan	27.8053745030733	8.40000000000023e-13	1916	81	611	0	1	0.117052023121387	0	0.882947976878613	0.959439158738107	0	8.54320987654321	0	0.968941717791411	0.0405608412618928	1	0.959439158738107	-	0.941473988439306	0.979299769997444	0.979509652192416	0.920399296037285	0.959439158738107	199684
hmmscan	27.8294720546524	8.1999999999999e-13	1916	78	614	0	1	0.11271676300578	0	0.88728323699422	0.960882647943831	0	8.87179487179487	0	0.970092024539877	0.0391173520561685	1	0.960882647943831	-	0.94364161849711	0.980051150895141	0.980246218020672	0.923349915383751	0.960882647943831	199188
hmmscan	27.8667434494496	7.90000000000014e-13	1916	78	614	0	1	0.11271676300578	0	0.88728323699422	0.960882647943831	0	8.87179487179487	0	0.970092024539877	0.0391173520561685	1	0.960882647943831	-	0.94364161849711	0.980051150895141	0.980246218020672	0.923349915383751	0.960882647943831	198877
hmmscan	27.9054579616303	7.60000000000006e-13	1916	78	614	0	1	0.11271676300578	0	0.88728323699422	0.960882647943831	0	8.87179487179487	0	0.970092024539877	0.0391173520561685	1	0.960882647943831	-	0.94364161849711	0.980051150895141	0.980246218020672	0.923349915383751	0.960882647943831	198392
hmmscan	27.9321262087125	7.39999999999978e-13	1916	78	614	0	1	0.11271676300578	0	0.88728323699422	0.960882647943831	0	8.87179487179487	0	0.970092024539877	0.0391173520561685	1	0.960882647943831	-	0.94364161849711	0.980051150895141	0.980246218020672	0.923349915383751	0.960882647943831	197892
hmmscan	27.9735114248753	7.10000000000016e-13	1916	78	614	0	1	0.11271676300578	0	0.88728323699422	0.960882647943831	0	8.87179487179487	0	0.970092024539877	0.0391173520561685	1	0.960882647943831	-	0.94364161849711	0.980051150895141	0.980246218020672	0.923349915383751	0.960882647943831	197575
hmmscan	28.0020847973194	6.89999999999985e-13	1916	76	616	0	1	0.109826589595376	0	0.890173410404624	0.961847389558233	0	9.10526315789474	0	0.970858895705521	0.0381526104417671	1	0.961847389558233	-	0.945086705202312	0.980552712384852	0.980738186040613	0.925316686897971	0.961847389558233	197054
hmmscan	28.0465365598902	6.6000000000001e-13	1916	75	617	0	1	0.108381502890173	0	0.891618497109827	0.962330487192366	0	9.22666666666667	0	0.971242331288344	0.0376695128076344	1	0.962330487192366	-	0.945809248554913	0.980803685692347	0.980984447987003	0.926299985271199	0.962330487192366	196742
hmmscan	28.077308218557	6.39999999999979e-13	1916	75	617	0	1	0.108381502890173	0	0.891618497109827	0.962330487192366	0	9.22666666666667	0	0.971242331288344	0.0376695128076344	1	0.962330487192366	-	0.945809248554913	0.980803685692347	0.980984447987003	0.926299985271199	0.962330487192366	196235
hmmscan	28.1253174377433	6.10000000000018e-13	1916	75	617	0	1	0.108381502890173	0	0.891618497109827	0.962330487192366	0	9.22666666666667	0	0.971242331288344	0.0376695128076344	1	0.962330487192366	-	0.945809248554913	0.980803685692347	0.980984447987003	0.926299985271199	0.962330487192366	195864
hmmscan	28.1586538580109	5.90000000000011e-13	1916	75	617	0	1	0.108381502890173	0	0.891618497109827	0.962330487192366	0	9.22666666666667	0	0.971242331288344	0.0376695128076344	1	0.962330487192366	-	0.945809248554913	0.980803685692347	0.980984447987003	0.926299985271199	0.962330487192366	195471
hmmscan	28.1931400340821	5.69999999999995e-13	1916	74	618	0	1	0.106936416184971	0	0.893063583815029	0.962814070351759	0	9.35135135135135	0	0.971625766871166	0.0371859296482412	1	0.962814070351759	-	0.946531791907514	0.9810547875064	0.981230895534664	0.927283227614884	0.962814070351759	194876
hmmscan	28.2288581166842	5.49999999999982e-13	1916	74	618	0	1	0.106936416184971	0	0.893063583815029	0.962814070351759	0	9.35135135135135	0	0.971625766871166	0.0371859296482412	1	0.962814070351759	-	0.946531791907514	0.9810547875064	0.981230895534664	0.927283227614884	0.962814070351759	194450
hmmscan	28.2658993883645	5.3000000000001e-13	1916	72	620	0	1	0.104046242774566	0	0.895953757225434	0.963782696177062	0	9.61111111111111	0	0.97239263803681	0.0362173038229376	1	0.963782696177062	-	0.947976878612717	0.98155737704918	0.98172434836723	0.929249550868171	0.963782696177062	194241
hmmscan	28.2849475833352	5.20000000000007e-13	1916	71	621	0	1	0.102601156069364	0	0.897398843930636	0.964267740312028	0	9.74647887323944	0	0.972776073619632	0.0357322596879718	1	0.964267740312028	-	0.948699421965318	0.98180886497566	0.981971354119879	0.93023263509491	0.964267740312028	193975
hmmscan	28.3241682964885	4.99999999999996e-13	1916	70	622	0	1	0.101156069364162	0	0.898843930635838	0.964753272910373	0	9.88571428571428	0	0.973159509202454	0.0352467270896274	1	0.964753272910372	-	0.949421965317919	0.982060481804203	0.982218546409287	0.93121566992644	0.964753272910373	193290
hmmscan	28.3649902910087	4.80000000000024e-13	1916	70	622	0	1	0.101156069364162	0	0.898843930635838	0.964753272910373	0	9.88571428571428	0	0.973159509202454	0.0352467270896274	1	0.964753272910372	-	0.949421965317919	0.982060481804203	0.982218546409287	0.93121566992644	0.964753272910373	193011
hmmscan	28.4075499054275	4.6000000000002e-13	1916	69	623	0	1	0.0997109826589595	0	0.90028901734104	0.965239294710327	0	10.0289855072464	0	0.973542944785276	0.0347607052896725	1	0.965239294710327	-	0.95014450867052	0.98231222763394	0.982465925470358	0.932198657011326	0.965239294710327	192546
hmmscan	28.4520016679984	4.39999999999991e-13	1916	69	623	0	1	0.0997109826589595	0	0.90028901734104	0.965239294710327	0	10.0289855072464	0	0.973542944785276	0.0347607052896725	1	0.965239294710327	-	0.95014450867052	0.98231222763394	0.982465925470358	0.932198657011326	0.965239294710327	191791
hmmscan	28.4749911862231	4.2999999999999e-13	1916	69	623	0	1	0.0997109826589595	0	0.90028901734104	0.965239294710327	0	10.0289855072464	0	0.973542944785276	0.0347607052896725	1	0.965239294710327	-	0.95014450867052	0.98231222763394	0.982465925470358	0.932198657011326	0.965239294710327	191531
hmmscan	28.5226192352123	4.10000000000013e-13	1916	67	625	0	1	0.0968208092485549	0	0.903179190751445	0.966212808875441	0	10.3283582089552	0	0.97430981595092	0.0337871911245587	1	0.966212808875441	-	0.951589595375723	0.982816106694024	0.982961244849176	0.934164494515715	0.966212808875441	191262
hmmscan	28.5473118478027	4.00000000000001e-13	1916	66	626	0	1	0.0953757225433526	0	0.904624277456647	0.966700302724521	0	10.4848484848485	0	0.974693251533742	0.0332996972754793	1	0.966700302724521	-	0.952312138728324	0.98306824012314	0.983209185638804	0.935147348212725	0.966700302724521	190970
hmmscan	28.5986051421903	3.79999999999982e-13	1916	64	628	0	1	0.092485549132948	0	0.907514450867052	0.967676767676768	0	10.8125	0	0.975460122699387	0.0323232323232323	1	0.967676767676768	-	0.953757225433526	0.983572895277207	0.983705630601334	0.937112933661139	0.967676767676768	190162
hmmscan	28.6252733892724	3.70000000000005e-13	1916	64	628	0	1	0.092485549132948	0	0.907514450867052	0.967676767676768	0	10.8125	0	0.975460122699387	0.0323232323232323	1	0.967676767676768	-	0.953757225433526	0.983572895277207	0.983705630601334	0.937112933661139	0.967676767676768	190162
hmmscan	28.6808432404272	3.50000000000009e-13	1916	64	628	0	1	0.092485549132948	0	0.907514450867052	0.967676767676768	0	10.8125	0	0.975460122699387	0.0323232323232323	1	0.967676767676768	-	0.953757225433526	0.983572895277207	0.983705630601334	0.937112933661139	0.967676767676768	189598
hmmscan	28.7098307773005	3.39999999999993e-13	1916	64	628	0	1	0.092485549132948	0	0.907514450867052	0.967676767676768	0	10.8125	0	0.975460122699387	0.0323232323232323	1	0.967676767676768	-	0.953757225433526	0.983572895277207	0.983705630601334	0.937112933661139	0.967676767676768	189053
hmmscan	28.7704553991169	3.20000000000004e-13	1916	63	629	0	1	0.0910404624277457	0	0.908959537572254	0.968165740272865	0	10.984126984127	0	0.975843558282209	0.0318342597271349	1	0.968165740272865	-	0.954479768786127	0.98382541720154	0.983954135248623	0.938095668666966	0.968165740272865	188759
hmmscan	28.8022040974315	3.09999999999998e-13	1916	63	629	0	1	0.0910404624277457	0	0.908959537572254	0.968165740272865	0	10.984126984127	0	0.975843558282209	0.0318342597271349	1	0.968165740272865	-	0.954479768786127	0.98382541720154	0.983954135248623	0.938095668666966	0.968165740272865	188130
hmmscan	28.8349939202545	2.99999999999995e-13	1916	63	629	0	1	0.0910404624277457	0	0.908959537572254	0.968165740272865	0	10.984126984127	0	0.975843558282209	0.0318342597271349	1	0.968165740272865	-	0.954479768786127	0.98382541720154	0.983954135248623	0.938095668666966	0.968165740272865	187786
hmmscan	28.8688954719302	2.89999999999991e-13	1916	61	631	0	1	0.088150289017341	0	0.911849710982659	0.96914516944866	0	11.344262295082	0	0.976610429447853	0.0308548305513404	1	0.96914516944866	-	0.95592485549133	0.984330850244028	0.984451710064369	0.940061031349561	0.96914516944866	187393
hmmscan	28.9039867917414	2.8000000000001e-13	1916	61	631	0	1	0.088150289017341	0	0.911849710982659	0.96914516944866	0	11.344262295082	0	0.976610429447853	0.0308548305513404	1	0.96914516944866	-	0.95592485549133	0.984330850244028	0.984451710064369	0.940061031349561	0.96914516944866	187393
hmmscan	28.9780947638952	2.59999999999989e-13	1916	58	634	0	1	0.0838150289017341	0	0.916184971098266	0.970618034447822	0	11.9310344827586	0	0.977760736196319	0.0293819655521783	1	0.970618034447822	-	0.958092485549133	0.985089974293059	0.98519948967091	0.943008831261952	0.970618034447822	186212
hmmscan	29.0173154770484	2.5000000000001e-13	1916	58	634	0	1	0.0838150289017341	0	0.916184971098266	0.970618034447822	0	11.9310344827586	0	0.977760736196319	0.0293819655521783	1	0.970618034447822	-	0.958092485549133	0.985089974293059	0.98519948967091	0.943008831261952	0.970618034447822	186212
hmmscan	29.0581374715687	2.39999999999999e-13	1916	56	636	0	1	0.0809248554913295	0	0.919075144508671	0.971602434077079	0	12.3571428571429	0	0.978527607361963	0.0283975659229209	1	0.971602434077079	-	0.959537572254335	0.98559670781893	0.985698957124882	0.944973887207667	0.971602434077079	185364
hmmscan	29.1006970859875	2.29999999999998e-13	1916	54	638	0	1	0.0780346820809249	0	0.921965317919075	0.97258883248731	0	12.8148148148148	0	0.979294478527607	0.0274111675126904	1	0.97258883248731	-	0.960982658959538	0.986103962943901	0.986199184996271	0.946938842876722	0.97258883248731	184920
hmmscan	29.1451488485583	2.20000000000005e-13	1916	54	638	0	1	0.0780346820809249	0	0.921965317919075	0.97258883248731	0	12.8148148148148	0	0.979294478527607	0.0274111675126904	1	0.97258883248731	-	0.960982658959538	0.986103962943901	0.986199184996271	0.946938842876722	0.97258883248731	184920
hmmscan	29.1451488485583	2.20000000000005e-13	1916	54	638	0	1	0.0780346820809249	0	0.921965317919075	0.97258883248731	0	12.8148148148148	0	0.979294478527607	0.0274111675126904	1	0.97258883248731	-	0.960982658959538	0.986103962943901	0.986199184996271	0.946938842876722	0.97258883248731	184920
hmmscan	29.1916688641932	2.10000000000003e-13	1916	53	639	0	1	0.0765895953757225	0	0.923410404624277	0.973082783138649	0	13.0566037735849	0	0.979677914110429	0.0269172168613509	1	0.973082783138649	-	0.961705202312139	0.986357786357786	0.986449584691812	0.947921287086105	0.973082783138649	184435
hmmscan	29.2404590283626	2.0000000000001e-13	1916	53	639	0	1	0.0765895953757225	0	0.923410404624277	0.973082783138649	0	13.0566037735849	0	0.979677914110429	0.0269172168613509	1	0.973082783138649	-	0.961705202312139	0.986357786357786	0.986449584691812	0.947921287086105	0.973082783138649	183937
hmmscan	29.2917523227502	1.9e-13	1916	52	640	0	1	0.0751445086705202	0	0.92485549132948	0.973577235772358	0	13.3076923076923	0	0.980061349693252	0.0264227642276423	1	0.973577235772358	-	0.96242774566474	0.986611740473738	0.986700175216544	0.948903710993608	0.973577235772358	183422
hmmscan	29.3458195440205	1.79999999999995e-13	1916	52	640	0	1	0.0751445086705202	0	0.92485549132948	0.973577235772358	0	13.3076923076923	0	0.980061349693252	0.0264227642276423	1	0.973577235772358	-	0.96242774566474	0.986611740473738	0.986700175216544	0.948903710993608	0.973577235772358	182313
hmmscan	29.3458195440205	1.79999999999995e-13	1916	52	640	0	1	0.0751445086705202	0	0.92485549132948	0.973577235772358	0	13.3076923076923	0	0.980061349693252	0.0264227642276423	1	0.973577235772358	-	0.96242774566474	0.986611740473738	0.986700175216544	0.948903710993608	0.973577235772358	182313
hmmscan	29.4029779578604	1.70000000000004e-13	1916	52	640	0	1	0.0751445086705202	0	0.92485549132948	0.973577235772358	0	13.3076923076923	0	0.980061349693252	0.0264227642276423	1	0.973577235772358	-	0.96242774566474	0.986611740473738	0.986700175216544	0.948903710993608	0.973577235772358	182313
hmmscan	29.4636025796769	1.59999999999994e-13	1916	51	641	0	1	0.0736994219653179	0	0.926300578034682	0.974072191154042	0	13.5686274509804	0	0.980444785276074	0.0259278088459583	1	0.974072191154042	-	0.963150289017341	0.986865825392738	0.986950956812972	0.949886116181039	0.974072191154042	181042
hmmscan	29.4636025796769	1.59999999999994e-13	1916	51	641	0	1	0.0736994219653179	0	0.926300578034682	0.974072191154042	0	13.5686274509804	0	0.980444785276074	0.0259278088459583	1	0.974072191154042	-	0.963150289017341	0.986865825392738	0.986950956812972	0.949886116181039	0.974072191154042	181042
hmmscan	29.5281411008144	1.50000000000005e-13	1916	51	641	0	1	0.0736994219653179	0	0.926300578034682	0.974072191154042	0	13.5686274509804	0	0.980444785276074	0.0259278088459583	1	0.974072191154042	-	0.963150289017341	0.986865825392738	0.986950956812972	0.949886116181039	0.974072191154042	181042
hmmscan	29.5971339723014	1.39999999999997e-13	1916	49	643	0	1	0.0708092485549133	0	0.929190751445087	0.975063613231552	0	14.1224489795918	0	0.981211656441718	0.0249363867684478	1	0.975063613231552	-	0.964595375722543	0.987374388044318	0.987453094193113	0.951850876705688	0.975063613231552	179626
hmmscan	29.5971339723014	1.39999999999997e-13	1916	49	643	0	1	0.0708092485549133	0	0.929190751445087	0.975063613231552	0	14.1224489795918	0	0.981211656441718	0.0249363867684478	1	0.975063613231552	-	0.964595375722543	0.987374388044318	0.987453094193113	0.951850876705688	0.975063613231552	179626
hmmscan	29.6712419444551	1.3e-13	1916	49	643	0	1	0.0708092485549133	0	0.929190751445087	0.975063613231552	0	14.1224489795918	0	0.981211656441718	0.0249363867684478	1	0.975063613231552	-	0.964595375722543	0.987374388044318	0.987453094193113	0.951850876705688	0.975063613231552	179626
hmmscan	29.6712419444551	1.3e-13	1916	49	643	0	1	0.0708092485549133	0	0.929190751445087	0.975063613231552	0	14.1224489795918	0	0.981211656441718	0.0249363867684478	1	0.975063613231552	-	0.964595375722543	0.987374388044318	0.987453094193113	0.951850876705688	0.975063613231552	179626
hmmscan	29.7512846521286	1.20000000000005e-13	1916	49	643	0	1	0.0708092485549133	0	0.929190751445087	0.975063613231552	0	14.1224489795918	0	0.981211656441718	0.0249363867684478	1	0.975063613231552	-	0.964595375722543	0.987374388044318	0.987453094193113	0.951850876705688	0.975063613231552	178795
hmmscan	29.7512846521286	1.20000000000005e-13	1916	49	643	0	1	0.0708092485549133	0	0.929190751445087	0.975063613231552	0	14.1224489795918	0	0.981211656441718	0.0249363867684478	1	0.975063613231552	-	0.964595375722543	0.987374388044318	0.987453094193113	0.951850876705688	0.975063613231552	178795
hmmscan	29.8382960291183	1.09999999999997e-13	1916	49	643	0	1	0.0708092485549133	0	0.929190751445087	0.975063613231552	0	14.1224489795918	0	0.981211656441718	0.0249363867684478	1	0.975063613231552	-	0.964595375722543	0.987374388044318	0.987453094193113	0.951850876705688	0.975063613231552	176865
hmmscan	29.8382960291183	1.09999999999997e-13	1916	49	643	0	1	0.0708092485549133	0	0.929190751445087	0.975063613231552	0	14.1224489795918	0	0.981211656441718	0.0249363867684478	1	0.975063613231552	-	0.964595375722543	0.987374388044318	0.987453094193113	0.951850876705688	0.975063613231552	176865
hmmscan	29.8382960291183	1.09999999999997e-13	1916	49	643	0	1	0.0708092485549133	0	0.929190751445087	0.975063613231552	0	14.1224489795918	0	0.981211656441718	0.0249363867684478	1	0.975063613231552	-	0.964595375722543	0.987374388044318	0.987453094193113	0.951850876705688	0.975063613231552	176865
hmmscan	29.9336062089226	9.99999999999993e-14	1916	49	643	0	1	0.0708092485549133	0	0.929190751445087	0.975063613231552	0	14.1224489795918	0	0.981211656441718	0.0249363867684478	1	0.975063613231552	-	0.964595375722543	0.987374388044318	0.987453094193113	0.951850876705688	0.975063613231552	176176
hmmscan	29.9538089162401	9.80000000000014e-14	1916	49	643	0	1	0.0708092485549133	0	0.929190751445087	0.975063613231552	0	14.1224489795918	0	0.981211656441718	0.0249363867684478	1	0.975063613231552	-	0.964595375722543	0.987374388044318	0.987453094193113	0.951850876705688	0.975063613231552	176067
hmmscan	29.9954816126407	9.39999999999983e-14	1916	48	644	0	1	0.069364161849711	0	0.930635838150289	0.975560081466395	0	14.4166666666667	0	0.98159509202454	0.0244399185336049	1	0.975560081466395	-	0.965317919075145	0.987628865979381	0.987704450464001	0.952833235189371	0.975560081466395	175495
hmmscan	30.0279168883938	9.10000000000031e-14	1916	48	644	0	1	0.069364161849711	0	0.930635838150289	0.975560081466395	0	14.4166666666667	0	0.98159509202454	0.0244399185336049	1	0.975560081466395	-	0.965317919075145	0.987628865979381	0.987704450464001	0.952833235189371	0.975560081466395	175271
hmmscan	30.0728682762561	8.70000000000003e-14	1916	48	644	0	1	0.069364161849711	0	0.930635838150289	0.975560081466395	0	14.4166666666667	0	0.98159509202454	0.0244399185336049	1	0.975560081466395	-	0.965317919075145	0.987628865979381	0.987704450464001	0.952833235189371	0.975560081466395	174767
hmmscan	30.1079595960674	8.39999999999977e-14	1916	48	644	0	1	0.069364161849711	0	0.930635838150289	0.975560081466395	0	14.4166666666667	0	0.98159509202454	0.0244399185336049	1	0.975560081466395	-	0.965317919075145	0.987628865979381	0.987704450464001	0.952833235189371	0.975560081466395	174275
hmmscan	30.1443272402382	8.10000000000037e-14	1916	48	644	0	1	0.069364161849711	0	0.930635838150289	0.975560081466395	0	14.4166666666667	0	0.98159509202454	0.0244399185336049	1	0.975560081466395	-	0.965317919075145	0.987628865979381	0.987704450464001	0.952833235189371	0.975560081466395	174006
hmmscan	30.1820675682211	7.79999999999995e-14	1916	48	644	0	1	0.069364161849711	0	0.930635838150289	0.975560081466395	0	14.4166666666667	0	0.98159509202454	0.0244399185336049	1	0.975560081466395	-	0.965317919075145	0.987628865979381	0.987704450464001	0.952833235189371	0.975560081466395	173409
hmmscan	30.2212882813744	7.49999999999982e-14	1916	47	645	0	1	0.0679190751445087	0	0.932080924855491	0.976057055527254	0	14.7234042553192	0	0.981978527607362	0.0239429444727458	1	0.976057055527254	-	0.966040462427746	0.987883475122454	0.987955998780945	0.953815581245961	0.976057055527254	172970
hmmscan	30.2483169537623	7.29999999999997e-14	1916	47	645	0	1	0.0679190751445087	0	0.932080924855491	0.976057055527254	0	14.7234042553192	0	0.981978527607362	0.0239429444727458	1	0.976057055527254	-	0.966040462427746	0.987883475122454	0.987955998780945	0.953815581245961	0.976057055527254	172614
hmmscan	30.2902811528613	7.00000000000018e-14	1916	47	645	0	1	0.0679190751445087	0	0.932080924855491	0.976057055527254	0	14.7234042553192	0	0.981978527607362	0.0239429444727458	1	0.976057055527254	-	0.966040462427746	0.987883475122454	0.987955998780945	0.953815581245961	0.976057055527254	172250
hmmscan	30.3192686897346	6.79999999999986e-14	1916	45	647	0	1	0.065028901734104	0	0.934971098265896	0.977052524222336	0	15.3777777777778	0	0.982745398773006	0.0229474757776645	1	0.977052524222336	-	0.967485549132948	0.988393087438741	0.988459672532135	0.955780242333782	0.977052524222336	171736
hmmscan	30.3491216528843	6.59999999999974e-14	1916	45	647	0	1	0.065028901734104	0	0.934971098265896	0.977052524222336	0	15.3777777777778	0	0.982745398773006	0.0229474757776645	1	0.977052524222336	-	0.967485549132948	0.988393087438741	0.988459672532135	0.955780242333782	0.977052524222336	171357
hmmscan	30.3956416685192	6.2999999999997e-14	1916	45	647	0	1	0.065028901734104	0	0.934971098265896	0.977052524222336	0	15.3777777777778	0	0.982745398773006	0.0229474757776645	1	0.977052524222336	-	0.967485549132948	0.988393087438741	0.988459672532135	0.955780242333782	0.977052524222336	170918
hmmscan	30.4444318326886	5.9999999999999e-14	1916	45	647	0	1	0.065028901734104	0	0.934971098265896	0.977052524222336	0	15.3777777777778	0	0.982745398773006	0.0229474757776645	1	0.977052524222336	-	0.967485549132948	0.988393087438741	0.988459672532135	0.955780242333782	0.977052524222336	170371
hmmscan	30.4783333843643	5.79999999999979e-14	1916	45	647	0	1	0.065028901734104	0	0.934971098265896	0.977052524222336	0	15.3777777777778	0	0.982745398773006	0.0229474757776645	1	0.977052524222336	-	0.967485549132948	0.988393087438741	0.988459672532135	0.955780242333782	0.977052524222336	170010
hmmscan	30.5134247041755	5.60000000000021e-14	1916	45	647	0	1	0.065028901734104	0	0.934971098265896	0.977052524222336	0	15.3777777777778	0	0.982745398773006	0.0229474757776645	1	0.977052524222336	-	0.967485549132948	0.988393087438741	0.988459672532135	0.955780242333782	0.977052524222336	169799
hmmscan	30.5497923483464	5.40000000000006e-14	1916	45	647	0	1	0.065028901734104	0	0.934971098265896	0.977052524222336	0	15.3777777777778	0	0.982745398773006	0.0229474757776645	1	0.977052524222336	-	0.967485549132948	0.988393087438741	0.988459672532135	0.955780242333782	0.977052524222336	169430
hmmscan	30.5875326763293	5.19999999999978e-14	1916	45	647	0	1	0.065028901734104	0	0.934971098265896	0.977052524222336	0	15.3777777777778	0	0.982745398773006	0.0229474757776645	1	0.977052524222336	-	0.967485549132948	0.988393087438741	0.988459672532135	0.955780242333782	0.977052524222336	168746
hmmscan	30.6267533894825	5.0000000000002e-14	1916	45	647	0	1	0.065028901734104	0	0.934971098265896	0.977052524222336	0	15.3777777777778	0	0.982745398773006	0.0229474757776645	1	0.977052524222336	-	0.967485549132948	0.988393087438741	0.988459672532135	0.955780242333782	0.977052524222336	168541
hmmscan	30.6675753840028	4.79999999999998e-14	1916	44	648	0	1	0.0635838150289017	0	0.936416184971098	0.977551020408163	0	15.7272727272727	0	0.983128834355828	0.0224489795918367	1	0.977551020408163	-	0.968208092485549	0.988648090815273	0.988711798457044	0.956762560484688	0.977551020408163	167878
hmmscan	30.7101349984216	4.59999999999995e-14	1916	44	648	0	1	0.0635838150289017	0	0.936416184971098	0.977551020408163	0	15.7272727272727	0	0.983128834355828	0.0224489795918367	1	0.977551020408163	-	0.968208092485549	0.988648090815273	0.988711798457044	0.956762560484688	0.977551020408163	167340
hmmscan	30.7321139051404	4.49999999999984e-14	1916	44	648	0	1	0.0635838150289017	0	0.936416184971098	0.977551020408163	0	15.7272727272727	0	0.983128834355828	0.0224489795918367	1	0.977551020408163	-	0.968208092485549	0.988648090815273	0.988711798457044	0.956762560484688	0.977551020408163	167114
hmmscan	30.7775762792171	4.30000000000009e-14	1916	44	648	0	1	0.0635838150289017	0	0.936416184971098	0.977551020408163	0	15.7272727272727	0	0.983128834355828	0.0224489795918367	1	0.977551020408163	-	0.968208092485549	0.988648090815273	0.988711798457044	0.956762560484688	0.977551020408163	166912
hmmscan	30.8252043282064	4.09999999999991e-14	1916	44	648	0	1	0.0635838150289017	0	0.936416184971098	0.977551020408163	0	15.7272727272727	0	0.983128834355828	0.0224489795918367	1	0.977551020408163	-	0.968208092485549	0.988648090815273	0.988711798457044	0.956762560484688	0.977551020408163	166173
hmmscan	30.875214748781	3.90000000000015e-14	1916	44	648	0	1	0.0635838150289017	0	0.936416184971098	0.977551020408163	0	15.7272727272727	0	0.983128834355828	0.0224489795918367	1	0.977551020408163	-	0.968208092485549	0.988648090815273	0.988711798457044	0.956762560484688	0.977551020408163	165931
hmmscan	30.9011902351843	3.8e-14	1916	44	648	0	1	0.0635838150289017	0	0.936416184971098	0.977551020408163	0	15.7272727272727	0	0.983128834355828	0.0224489795918367	1	0.977551020408163	-	0.968208092485549	0.988648090815273	0.988711798457044	0.956762560484688	0.977551020408163	165678
hmmscan	30.9552574564546	3.59999999999991e-14	1916	44	648	0	1	0.0635838150289017	0	0.936416184971098	0.977551020408163	0	15.7272727272727	0	0.983128834355828	0.0224489795918367	1	0.977551020408163	-	0.968208092485549	0.988648090815273	0.988711798457044	0.956762560484688	0.977551020408163	164878
hmmscan	30.9834283334213	3.4999999999999e-14	1916	43	649	0	1	0.0621387283236994	0	0.937861271676301	0.978050025523226	0	16.093023255814	0	0.98351226993865	0.0219499744767739	1	0.978050025523226	-	0.96893063583815	0.988903225806452	0.988964117409336	0.957744872447904	0.978050025523226	164602
hmmscan	31.0422688334442	3.30000000000001e-14	1916	43	649	0	1	0.0621387283236994	0	0.937861271676301	0.978050025523226	0	16.093023255814	0	0.98351226993865	0.0219499744767739	1	0.978050025523226	-	0.96893063583815	0.988903225806452	0.988964117409336	0.957744872447904	0.978050025523226	164291
hmmscan	31.073040492111	3.19999999999986e-14	1916	43	649	0	1	0.0621387283236994	0	0.937861271676301	0.978050025523226	0	16.093023255814	0	0.98351226993865	0.0219499744767739	1	0.978050025523226	-	0.96893063583815	0.988903225806452	0.988964117409336	0.957744872447904	0.978050025523226	163677
hmmscan	31.1047891904255	3.10000000000012e-14	1916	43	649	0	1	0.0621387283236994	0	0.937861271676301	0.978050025523226	0	16.093023255814	0	0.98351226993865	0.0219499744767739	1	0.978050025523226	-	0.96893063583815	0.988903225806452	0.988964117409336	0.957744872447904	0.978050025523226	163677
hmmscan	31.1714805649242	2.90000000000004e-14	1916	41	651	0	1	0.0592485549132948	0	0.940751445086705	0.979049565661727	0	16.8780487804878	0	0.984279141104294	0.0209504343382729	1	0.979049565661727	-	0.970375722543353	0.989413891040537	0.989469335382217	0.95970948401471	0.979049565661727	162945
hmmscan	31.2065718847355	2.79999999999995e-14	1916	41	651	0	1	0.0592485549132948	0	0.940751445086705	0.979049565661727	0	16.8780487804878	0	0.984279141104294	0.0209504343382729	1	0.979049565661727	-	0.970375722543353	0.989413891040537	0.989469335382217	0.95970948401471	0.979049565661727	162270
hmmscan	31.2429395289064	2.69999999999988e-14	1916	40	652	0	1	0.0578034682080925	0	0.942196531791908	0.979550102249489	0	17.3	0	0.984662576687117	0.0204498977505112	1	0.979550102249489	-	0.971098265895954	0.989669421487603	0.989722234896988	0.960691786711991	0.979550102249489	161912
hmmscan	31.2806798568892	2.60000000000001e-14	1916	40	652	0	1	0.0578034682080925	0	0.942196531791908	0.979550102249489	0	17.3	0	0.984662576687117	0.0204498977505112	1	0.979550102249489	-	0.971098265895954	0.989669421487603	0.989722234896988	0.960691786711991	0.979550102249489	161912
hmmscan	31.3199005700425	2.49999999999996e-14	1916	40	652	0	1	0.0578034682080925	0	0.942196531791908	0.979550102249489	0	17.3	0	0.984662576687117	0.0204498977505112	1	0.979550102249489	-	0.971098265895954	0.989669421487603	0.989722234896988	0.960691786711991	0.979550102249489	161175
hmmscan	31.3607225645627	2.4000000000001e-14	1916	40	652	0	1	0.0578034682080925	0	0.942196531791908	0.979550102249489	0	17.3	0	0.984662576687117	0.0204498977505112	1	0.979550102249489	-	0.971098265895954	0.989669421487603	0.989722234896988	0.960691786711991	0.979550102249489	161175
hmmscan	31.4032821789815	2.30000000000008e-14	1916	40	652	0	1	0.0578034682080925	0	0.942196531791908	0.979550102249489	0	17.3	0	0.984662576687117	0.0204498977505112	1	0.979550102249489	-	0.971098265895954	0.989669421487603	0.989722234896988	0.960691786711991	0.979550102249489	160792
hmmscan	31.4477339415524	2.19999999999993e-14	1916	40	652	0	1	0.0578034682080925	0	0.942196531791908	0.979550102249489	0	17.3	0	0.984662576687117	0.0204498977505112	1	0.979550102249489	-	0.971098265895954	0.989669421487603	0.989722234896988	0.960691786711991	0.979550102249489	159931
hmmscan	31.4942539571873	2.09999999999992e-14	1916	39	653	0	1	0.0563583815028902	0	0.94364161849711	0.980051150895141	0	17.7435897435897	0	0.985046012269939	0.0199488491048593	1	0.980051150895141	-	0.971820809248555	0.989925083957634	0.989975328427502	0.961674089409008	0.980051150895141	159481
hmmscan	31.5430441213567	1.99999999999999e-14	1916	39	653	0	1	0.0563583815028902	0	0.94364161849711	0.980051150895141	0	17.7435897435897	0	0.985046012269939	0.0199488491048593	1	0.980051150895141	-	0.971820809248555	0.989925083957634	0.989975328427502	0.961674089409008	0.980051150895141	158998
hmmscan	31.5943374157442	1.90000000000009e-14	1916	39	653	0	1	0.0563583815028902	0	0.94364161849711	0.980051150895141	0	17.7435897435897	0	0.985046012269939	0.0199488491048593	1	0.980051150895141	-	0.971820809248555	0.989925083957634	0.989975328427502	0.961674089409008	0.980051150895141	158998
hmmscan	31.6484046370145	1.80000000000004e-14	1916	38	654	0	1	0.0549132947976879	0	0.945086705202312	0.980552712384852	0	18.2105263157895	0	0.985429447852761	0.0194472876151484	1	0.980552712384851	-	0.972543352601156	0.990180878552972	0.990228616221957	0.962656393644684	0.980552712384852	158488
hmmscan	31.7055630508545	1.69999999999995e-14	1916	36	656	0	1	0.0520231213872832	0	0.947976878612717	0.98155737704918	0	19.2222222222222	0	0.986196319018405	0.0184426229508197	1	0.98155737704918	-	0.973988439306358	0.990692864529473	0.990735775597702	0.964621012872085	0.98155737704918	157439
hmmscan	31.7055630508545	1.69999999999995e-14	1916	36	656	0	1	0.0520231213872832	0	0.947976878612717	0.98155737704918	0	19.2222222222222	0	0.986196319018405	0.0184426229508197	1	0.98155737704918	-	0.973988439306358	0.990692864529473	0.990735775597702	0.964621012872085	0.98155737704918	157439
hmmscan	31.7661876726709	1.60000000000001e-14	1916	36	656	0	1	0.0520231213872832	0	0.947976878612717	0.98155737704918	0	19.2222222222222	0	0.986196319018405	0.0184426229508197	1	0.98155737704918	-	0.973988439306358	0.990692864529473	0.990735775597702	0.964621012872085	0.98155737704918	157439
hmmscan	31.8307261938085	1.49999999999997e-14	1916	35	657	0	1	0.0505780346820809	0	0.949421965317919	0.982060481804203	0	19.7714285714286	0	0.986579754601227	0.017939518195797	1	0.982060481804203	-	0.97471098265896	0.990949056115852	0.990989647677615	0.965603330926115	0.982060481804203	156303
hmmscan	31.8997190652954	1.40000000000004e-14	1916	35	657	0	1	0.0505780346820809	0	0.949421965317919	0.982060481804203	0	19.7714285714286	0	0.986579754601227	0.017939518195797	1	0.982060481804203	-	0.97471098265896	0.990949056115852	0.990989647677615	0.965603330926115	0.982060481804203	156303
hmmscan	31.8997190652954	1.40000000000004e-14	1916	35	657	0	1	0.0505780346820809	0	0.949421965317919	0.982060481804203	0	19.7714285714286	0	0.986579754601227	0.017939518195797	1	0.982060481804203	-	0.97471098265896	0.990949056115852	0.990989647677615	0.965603330926115	0.982060481804203	156303
hmmscan	31.9738270374491	1.30000000000006e-14	1916	35	657	0	1	0.0505780346820809	0	0.949421965317919	0.982060481804203	0	19.7714285714286	0	0.986579754601227	0.017939518195797	1	0.982060481804203	-	0.97471098265896	0.990949056115852	0.990989647677615	0.965603330926115	0.982060481804203	155675
hmmscan	32.0538697451227	1.19999999999999e-14	1916	33	659	0	1	0.0476878612716763	0	0.952312138728324	0.98306824012314	0	20.969696969697	0	0.987346625766871	0.0169317598768599	1	0.98306824012314	-	0.976156069364162	0.991461836998706	0.991497977871433	0.967567991547652	0.98306824012314	154282
hmmscan	32.0538697451227	1.19999999999999e-14	1916	33	659	0	1	0.0476878612716763	0	0.952312138728324	0.98306824012314	0	20.969696969697	0	0.987346625766871	0.0169317598768599	1	0.98306824012314	-	0.976156069364162	0.991461836998706	0.991497977871433	0.967567991547652	0.98306824012314	154282
hmmscan	32.1408811221123	1.10000000000002e-14	1916	33	659	0	1	0.0476878612716763	0	0.952312138728324	0.98306824012314	0	20.969696969697	0	0.987346625766871	0.0169317598768599	1	0.98306824012314	-	0.976156069364162	0.991461836998706	0.991497977871433	0.967567991547652	0.98306824012314	154282
hmmscan	32.1408811221123	1.10000000000002e-14	1916	33	659	0	1	0.0476878612716763	0	0.952312138728324	0.98306824012314	0	20.969696969697	0	0.987346625766871	0.0169317598768599	1	0.98306824012314	-	0.976156069364162	0.991461836998706	0.991497977871433	0.967567991547652	0.98306824012314	154282
hmmscan	32.2361913019166	1.00000000000004e-14	1916	32	660	0	1	0.046242774566474	0	0.953757225433526	0.983572895277207	0	21.625	0	0.987730061349693	0.0164271047227926	1	0.983572895277207	-	0.976878612716763	0.991718426501035	0.99175243648665	0.968550337159205	0.983572895277207	153446
hmmscan	32.2563940092342	9.7999999999996e-15	1916	29	663	0	1	0.0419075144508671	0	0.958092485549133	0.985089974293059	0	23.8620689655172	0	0.988880368098159	0.0149100257069409	1	0.985089974293059	-	0.979046242774567	0.992488992488992	0.992516989422881	0.971497453398602	0.985089974293059	152774
hmmscan	32.2980667056347	9.40000000000023e-15	1916	29	663	0	1	0.0419075144508671	0	0.958092485549133	0.985089974293059	0	23.8620689655172	0	0.988880368098159	0.0149100257069409	1	0.985089974293059	-	0.979046242774567	0.992488992488992	0.992516989422881	0.971497453398602	0.985089974293059	152471
hmmscan	32.3527251181726	8.89999999999992e-15	1916	29	663	0	1	0.0419075144508671	0	0.958092485549133	0.985089974293059	0	23.8620689655172	0	0.988880368098159	0.0149100257069409	1	0.985089974293059	-	0.979046242774567	0.992488992488992	0.992516989422881	0.971497453398602	0.985089974293059	151871
hmmscan	32.3987102314144	8.50000000000014e-15	1916	29	663	0	1	0.0419075144508671	0	0.958092485549133	0.985089974293059	0	23.8620689655172	0	0.988880368098159	0.0149100257069409	1	0.985089974293059	-	0.979046242774567	0.992488992488992	0.992516989422881	0.971497453398602	0.985089974293059	151574
hmmscan	32.4469123332323	8.09999999999995e-15	1916	29	663	0	1	0.0419075144508671	0	0.958092485549133	0.985089974293059	0	23.8620689655172	0	0.988880368098159	0.0149100257069409	1	0.985089974293059	-	0.979046242774567	0.992488992488992	0.992516989422881	0.971497453398602	0.985089974293059	151037
hmmscan	32.497556066051	7.70000000000039e-15	1916	29	663	0	1	0.0419075144508671	0	0.958092485549133	0.985089974293059	0	23.8620689655172	0	0.988880368098159	0.0149100257069409	1	0.985089974293059	-	0.979046242774567	0.992488992488992	0.992516989422881	0.971497453398602	0.985089974293059	150709
hmmscan	32.5372963947006	7.39999999999973e-15	1916	28	664	0	1	0.0404624277456647	0	0.959537572254335	0.98559670781893	0	24.7142857142857	0	0.989263803680982	0.01440329218107	1	0.98559670781893	-	0.979768786127168	0.992746113989637	0.992772233605941	0.97247985698545	0.98559670781893	150271
hmmscan	32.5928662458554	6.99999999999982e-15	1916	27	665	0	1	0.0390173410404624	0	0.960982658959538	0.986103962943901	0	25.6296296296296	0	0.989647239263804	0.0138960370560988	1	0.986103962943901	-	0.980491329479769	0.99300336874838	0.993027674812692	0.973462278837946	0.986103962943901	149810
hmmscan	32.6517067458783	6.60000000000003e-15	1916	27	665	0	1	0.0390173410404624	0	0.960982658959538	0.986103962943901	0	25.6296296296296	0	0.989647239263804	0.0138960370560988	1	0.986103962943901	-	0.980491329479769	0.99300336874838	0.993027674812692	0.973462278837946	0.986103962943901	149469
hmmscan	32.6982267615132	6.30000000000001e-15	1916	25	667	0	1	0.0361271676300578	0	0.963872832369942	0.987120041215868	0	27.68	0	0.990414110429448	0.0128799587841319	1	0.987120041215868	-	0.981936416184971	0.993518278454758	0.993539149312129	0.975427183348851	0.987120041215868	149088
hmmscan	32.7470169256826	6.00000000000017e-15	1916	25	667	0	1	0.0361271676300578	0	0.963872832369942	0.987120041215868	0	27.68	0	0.990414110429448	0.0128799587841319	1	0.987120041215868	-	0.981936416184971	0.993518278454758	0.993539149312129	0.975427183348851	0.987120041215868	148683
hmmscan	32.8160097971696	5.5999999999999e-15	1916	25	667	0	1	0.0361271676300578	0	0.963872832369942	0.987120041215868	0	27.68	0	0.990414110429448	0.0128799587841319	1	0.987120041215868	-	0.981936416184971	0.993518278454758	0.993539149312129	0.975427183348851	0.987120041215868	148055
hmmscan	32.8523774413405	5.39999999999976e-15	1916	24	668	0	1	0.0346820809248555	0	0.965317919075145	0.987628865979381	0	28.8333333333333	0	0.99079754601227	0.0123711340206186	1	0.987628865979381	-	0.982658959537572	0.993775933609959	0.993795183113393	0.976409669004645	0.987628865979381	147747
hmmscan	32.9095358551804	5.10000000000002e-15	1916	24	668	0	1	0.0346820809248555	0	0.965317919075145	0.987628865979381	0	28.8333333333333	0	0.99079754601227	0.0123711340206186	1	0.987628865979381	-	0.982658959537572	0.993775933609959	0.993795183113393	0.976409669004645	0.987628865979381	147435
hmmscan	32.9701604769968	4.80000000000018e-15	1916	18	674	0	1	0.0260115606936416	0	0.973988439306358	0.990692864529473	0	38.4444444444444	0	0.993098159509202	0.0093071354705274	1	0.990692864529473	-	0.986994219653179	0.995324675324675	0.995335553735258	0.982305144522315	0.990692864529473	146930
hmmscan	33.0127200914156	4.60000000000016e-15	1916	16	676	0	1	0.023121387283237	0	0.976878612716763	0.991718426501035	0	43.25	0	0.993865030674847	0.0082815734989648	1	0.991718426501035	-	0.988439306358382	0.995841995841996	0.995850604509047	0.984270552585001	0.991718426501035	146578
hmmscan	33.0801613722112	4.29999999999986e-15	1916	15	677	0	1	0.0216763005780347	0	0.978323699421965	0.992232004142931	0	46.1333333333333	0	0.994248466257669	0.00776799585706888	1	0.992232004142931	-	0.989161849710983	0.996100857811282	0.996108429912593	0.985253310056852	0.992232004142931	145914
hmmscan	33.1277894212004	4.10000000000011e-15	1916	15	677	0	1	0.0216763005780347	0	0.978323699421965	0.992232004142931	0	46.1333333333333	0	0.994248466257669	0.00776799585706888	1	0.992232004142931	-	0.989161849710983	0.996100857811282	0.996108429912593	0.985253310056852	0.992232004142931	145728
hmmscan	33.1777998417751	3.89999999999995e-15	1916	15	677	0	1	0.0216763005780347	0	0.978323699421965	0.992232004142931	0	46.1333333333333	0	0.994248466257669	0.00776799585706888	1	0.992232004142931	-	0.989161849710983	0.996100857811282	0.996108429912593	0.985253310056852	0.992232004142931	145154
hmmscan	33.2304435752605	3.70000000000002e-15	1916	15	677	0	1	0.0216763005780347	0	0.978323699421965	0.992232004142931	0	46.1333333333333	0	0.994248466257669	0.00776799585706888	1	0.992232004142931	-	0.989161849710983	0.996100857811282	0.996108429912593	0.985253310056852	0.992232004142931	144955
hmmscan	33.2860134264153	3.50000000000005e-15	1916	15	677	0	1	0.0216763005780347	0	0.978323699421965	0.992232004142931	0	46.1333333333333	0	0.994248466257669	0.00776799585706888	1	0.992232004142931	-	0.989161849710983	0.996100857811282	0.996108429912593	0.985253310056852	0.992232004142931	144560
hmmscan	33.3448539264382	3.30000000000017e-15	1916	15	677	0	1	0.0216763005780347	0	0.978323699421965	0.992232004142931	0	46.1333333333333	0	0.994248466257669	0.00776799585706888	1	0.992232004142931	-	0.989161849710983	0.996100857811282	0.996108429912593	0.985253310056852	0.992232004142931	144146
hmmscan	33.4073742834196	3.09999999999995e-15	1916	15	677	0	1	0.0216763005780347	0	0.978323699421965	0.992232004142931	0	46.1333333333333	0	0.994248466257669	0.00776799585706888	1	0.992232004142931	-	0.989161849710983	0.996100857811282	0.996108429912593	0.985253310056852	0.992232004142931	143433
hmmscan	33.4740656579183	2.89999999999987e-15	1916	15	677	0	1	0.0216763005780347	0	0.978323699421965	0.992232004142931	0	46.1333333333333	0	0.994248466257669	0.00776799585706888	1	0.992232004142931	-	0.989161849710983	0.996100857811282	0.996108429912593	0.985253310056852	0.992232004142931	142979
hmmscan	33.5455246219004	2.70000000000001e-15	1916	15	677	0	1	0.0216763005780347	0	0.978323699421965	0.992232004142931	0	46.1333333333333	0	0.994248466257669	0.00776799585706888	1	0.992232004142931	-	0.989161849710983	0.996100857811282	0.996108429912593	0.985253310056852	0.992232004142931	142775
hmmscan	33.5832649498833	2.59999999999987e-15	1916	14	678	0	1	0.0202312138728324	0	0.979768786127168	0.992746113989637	0	49.4285714285714	0	0.994631901840491	0.00725388601036269	1	0.992746113989637	-	0.989884393063584	0.996359854394176	0.996366455672629	0.986236105116868	0.992746113989637	142253
hmmscan	33.6633076575568	2.39999999999997e-15	1916	13	679	0	1	0.0187861271676301	0	0.98121387283237	0.993260756868844	0	53.2307692307692	0	0.995015337423313	0.00673924313115604	1	0.993260756868844	-	0.990606936416185	0.996618985695709	0.996624682048786	0.987218939232676	0.993260756868844	141711
hmmscan	33.7503190345464	2.20000000000003e-15	1916	13	679	0	1	0.0187861271676301	0	0.98121387283237	0.993260756868844	0	53.2307692307692	0	0.995015337423313	0.00673924313115604	1	0.993260756868844	-	0.990606936416185	0.996618985695709	0.996624682048786	0.987218939232676	0.993260756868844	141439
hmmscan	33.7968390501813	2.10000000000002e-15	1916	13	679	0	1	0.0187861271676301	0	0.98121387283237	0.993260756868844	0	53.2307692307692	0	0.995015337423313	0.00673924313115604	1	0.993260756868844	-	0.990606936416185	0.996618985695709	0.996624682048786	0.987218939232676	0.993260756868844	141125
hmmscan	33.8456292143507	2.00000000000008e-15	1916	11	681	0	1	0.0158959537572254	0	0.984104046242775	0.99429164504411	0	62.9090909090909	0	0.995782208588957	0.00570835495588998	1	0.99429164504411	-	0.992052023121387	0.997137652875358	0.99714173769034	0.989184730489353	0.99429164504411	140786
hmmscan	33.8969225087383	1.89999999999998e-15	1916	9	683	0	1	0.0130057803468208	0	0.986994219653179	0.995324675324675	0	76.8888888888889	0	0.996549079754601	0.00467532467532468	1	0.995324675324675	-	0.99349710982659	0.997656860192658	0.997659598923739	0.991150695516899	0.995324675324675	140138
hmmscan	34.0081481438485	1.70000000000002e-15	1916	9	683	0	1	0.0130057803468208	0	0.986994219653179	0.995324675324675	0	76.8888888888889	0	0.996549079754601	0.00467532467532468	1	0.995324675324675	-	0.99349710982659	0.997656860192658	0.997659598923739	0.991150695516899	0.995324675324675	139808
hmmscan	34.068772765665	1.59999999999992e-15	1916	9	683	0	1	0.0130057803468208	0	0.986994219653179	0.995324675324675	0	76.8888888888889	0	0.996549079754601	0.00467532467532468	1	0.995324675324675	-	0.99349710982659	0.997656860192658	0.997659598923739	0.991150695516899	0.995324675324675	139075
hmmscan	34.1333112868025	1.50000000000003e-15	1916	9	683	0	1	0.0130057803468208	0	0.986994219653179	0.995324675324675	0	76.8888888888889	0	0.996549079754601	0.00467532467532468	1	0.995324675324675	-	0.99349710982659	0.997656860192658	0.997659598923739	0.991150695516899	0.995324675324675	139075
hmmscan	34.2023041582895	1.39999999999996e-15	1916	7	685	0	1	0.0101156069364162	0	0.989884393063584	0.996359854394176	0	98.8571428571429	0	0.997315950920245	0.00364014560582423	1	0.996359854394176	-	0.994942196531792	0.998176608491795	0.998178267843062	0.993116845965216	0.996359854394176	138195
hmmscan	34.2764121304432	1.29999999999999e-15	1916	7	685	0	1	0.0101156069364162	0	0.989884393063584	0.996359854394176	0	98.8571428571429	0	0.997315950920245	0.00364014560582423	1	0.996359854394176	-	0.994942196531792	0.998176608491795	0.998178267843062	0.993116845965216	0.996359854394176	137720
hmmscan	34.3564548381167	1.20000000000004e-15	1916	7	685	0	1	0.0101156069364162	0	0.989884393063584	0.996359854394176	0	98.8571428571429	0	0.997315950920245	0.00364014560582423	1	0.996359854394176	-	0.994942196531792	0.998176608491795	0.998178267843062	0.993116845965216	0.996359854394176	137720
hmmscan	34.4434662151064	1.09999999999996e-15	1916	7	685	0	1	0.0101156069364162	0	0.989884393063584	0.996359854394176	0	98.8571428571429	0	0.997315950920245	0.00364014560582423	1	0.996359854394176	-	0.994942196531792	0.998176608491795	0.998178267843062	0.993116845965216	0.996359854394176	136665
hmmscan	34.4434662151064	1.09999999999996e-15	1916	7	685	0	1	0.0101156069364162	0	0.989884393063584	0.996359854394176	0	98.8571428571429	0	0.997315950920245	0.00364014560582423	1	0.996359854394176	-	0.994942196531792	0.998176608491795	0.998178267843062	0.993116845965216	0.996359854394176	136665
hmmscan	34.5387763949107	9.99999999999987e-16	1916	7	685	0	1	0.0101156069364162	0	0.989884393063584	0.996359854394176	0	98.8571428571429	0	0.997315950920245	0.00364014560582423	1	0.996359854394176	-	0.994942196531792	0.998176608491795	0.998178267843062	0.993116845965216	0.996359854394176	136354
hmmscan	34.6113470877455	9.30000000000019e-16	1916	6	686	0	1	0.00867052023121387	0	0.991329479768786	0.99687825182102	0	115.333333333333	0	0.997699386503067	0.00312174817898023	1	0.99687825182102	-	0.995664739884393	0.998436685773841	0.99843790584143	0.994099994351951	0.99687825182102	135972
hmmscan	34.6780384622442	8.69999999999991e-16	1916	6	686	0	1	0.00867052023121387	0	0.991329479768786	0.99687825182102	0	115.333333333333	0	0.997699386503067	0.00312174817898023	1	0.99687825182102	-	0.995664739884393	0.998436685773841	0.99843790584143	0.994099994351951	0.99687825182102	135482
hmmscan	34.7372273336345	8.20000000000019e-16	1916	6	686	0	1	0.00867052023121387	0	0.991329479768786	0.99687825182102	0	115.333333333333	0	0.997699386503067	0.00312174817898023	1	0.99687825182102	-	0.995664739884393	0.998436685773841	0.99843790584143	0.994099994351951	0.99687825182102	135171
hmmscan	34.8132132406124	7.60000000000036e-16	1916	6	686	0	1	0.00867052023121387	0	0.991329479768786	0.99687825182102	0	115.333333333333	0	0.997699386503067	0.00312174817898023	1	0.99687825182102	-	0.995664739884393	0.998436685773841	0.99843790584143	0.994099994351951	0.99687825182102	134698
hmmscan	34.8812667038575	7.09999999999973e-16	1916	6	686	0	1	0.00867052023121387	0	0.991329479768786	0.99687825182102	0	115.333333333333	0	0.997699386503067	0.00312174817898023	1	0.99687825182102	-	0.995664739884393	0.998436685773841	0.99843790584143	0.994099994351951	0.99687825182102	134171
hmmscan	34.9392539615078	6.70000000000006e-16	1916	6	686	0	1	0.00867052023121387	0	0.991329479768786	0.99687825182102	0	115.333333333333	0	0.997699386503067	0.00312174817898023	1	0.99687825182102	-	0.995664739884393	0.998436685773841	0.99843790584143	0.994099994351951	0.99687825182102	133896
hmmscan	35.0168121958537	6.19999999999989e-16	1916	6	686	0	1	0.00867052023121387	0	0.991329479768786	0.99687825182102	0	115.333333333333	0	0.997699386503067	0.00312174817898023	1	0.99687825182102	-	0.995664739884393	0.998436685773841	0.99843790584143	0.994099994351951	0.99687825182102	133344
hmmscan	35.0835035703524	5.79999999999976e-16	1916	6	686	0	1	0.00867052023121387	0	0.991329479768786	0.99687825182102	0	115.333333333333	0	0.997699386503067	0.00312174817898023	1	0.99687825182102	-	0.995664739884393	0.998436685773841	0.99843790584143	0.994099994351951	0.99687825182102	132919
hmmscan	35.1366133956663	5.50000000000002e-16	1916	6	686	0	1	0.00867052023121387	0	0.991329479768786	0.99687825182102	0	115.333333333333	0	0.997699386503067	0.00312174817898023	1	0.99687825182102	-	0.995664739884393	0.998436685773841	0.99843790584143	0.994099994351951	0.99687825182102	132672
hmmscan	35.1927028623173	5.20000000000027e-16	1916	6	686	0	1	0.00867052023121387	0	0.991329479768786	0.99687825182102	0	115.333333333333	0	0.997699386503067	0.00312174817898023	1	0.99687825182102	-	0.995664739884393	0.998436685773841	0.99843790584143	0.994099994351951	0.99687825182102	132268
hmmscan	35.2727455699909	4.79999999999992e-16	1916	6	686	0	1	0.00867052023121387	0	0.991329479768786	0.99687825182102	0	115.333333333333	0	0.997699386503067	0.00312174817898023	1	0.99687825182102	-	0.995664739884393	0.998436685773841	0.99843790584143	0.994099994351951	0.99687825182102	131660
hmmscan	35.3597569469805	4.40000000000008e-16	1916	6	686	0	1	0.00867052023121387	0	0.991329479768786	0.99687825182102	0	115.333333333333	0	0.997699386503067	0.00312174817898023	1	0.99687825182102	-	0.995664739884393	0.998436685773841	0.99843790584143	0.994099994351951	0.99687825182102	131305
hmmscan	35.4303745141945	4.09999999999988e-16	1916	6	686	0	1	0.00867052023121387	0	0.991329479768786	0.99687825182102	0	115.333333333333	0	0.997699386503067	0.00312174817898023	1	0.99687825182102	-	0.995664739884393	0.998436685773841	0.99843790584143	0.994099994351951	0.99687825182102	130772
hmmscan	35.5063604211724	3.79999999999996e-16	1916	6	686	0	1	0.00867052023121387	0	0.991329479768786	0.99687825182102	0	115.333333333333	0	0.997699386503067	0.00312174817898023	1	0.99687825182102	-	0.995664739884393	0.998436685773841	0.99843790584143	0.994099994351951	0.99687825182102	130346
hmmscan	35.5604276424427	3.59999999999989e-16	1916	6	686	0	1	0.00867052023121387	0	0.991329479768786	0.99687825182102	0	115.333333333333	0	0.997699386503067	0.00312174817898023	1	0.99687825182102	-	0.995664739884393	0.998436685773841	0.99843790584143	0.994099994351951	0.99687825182102	130013
hmmscan	35.6474390194323	3.29999999999999e-16	1916	6	686	0	1	0.00867052023121387	0	0.991329479768786	0.99687825182102	0	115.333333333333	0	0.997699386503067	0.00312174817898023	1	0.99687825182102	-	0.995664739884393	0.998436685773841	0.99843790584143	0.994099994351951	0.99687825182102	129709
hmmscan	35.7099593764136	3.10000000000009e-16	1916	6	686	0	1	0.00867052023121387	0	0.991329479768786	0.99687825182102	0	115.333333333333	0	0.997699386503067	0.00312174817898023	1	0.99687825182102	-	0.995664739884393	0.998436685773841	0.99843790584143	0.994099994351951	0.99687825182102	129382
hmmscan	35.8117420707236	2.79999999999993e-16	1916	6	686	0	1	0.00867052023121387	0	0.991329479768786	0.99687825182102	0	115.333333333333	0	0.997699386503067	0.00312174817898023	1	0.99687825182102	-	0.995664739884393	0.998436685773841	0.99843790584143	0.994099994351951	0.99687825182102	128577
hmmscan	35.8858500428773	2.59999999999998e-16	1916	6	686	0	1	0.00867052023121387	0	0.991329479768786	0.99687825182102	0	115.333333333333	0	0.997699386503067	0.00312174817898023	1	0.99687825182102	-	0.995664739884393	0.998436685773841	0.99843790584143	0.994099994351951	0.99687825182102	128194
hmmscan	35.9658927505508	2.40000000000007e-16	1916	5	687	0	1	0.00722543352601156	0	0.992774566473988	0.997397188964081	0	138.4	0	0.99808282208589	0.00260281103591879	1	0.997397188964081	-	0.996387283236994	0.998696898618713	0.998697746550017	0.995083193444744	0.997397188964081	127972
hmmscan	36.0084523649696	2.30000000000006e-16	1916	5	687	0	1	0.00722543352601156	0	0.992774566473988	0.997397188964081	0	138.4	0	0.99808282208589	0.00260281103591879	1	0.997397188964081	-	0.996387283236994	0.998696898618713	0.998697746550017	0.995083193444744	0.997397188964081	127705
hmmscan	36.0994241431754	2.09999999999991e-16	1916	4	688	0	1	0.00578034682080925	0	0.994219653179191	0.997916666666667	0	173	0	0.998466257668712	0.00208333333333333	1	0.997916666666667	-	0.997109826589595	0.99895724713243	0.998957790232734	0.996066444688841	0.997916666666667	127003
hmmscan	36.1995076017323	1.90000000000007e-16	1916	4	688	0	1	0.00578034682080925	0	0.994219653179191	0.997916666666667	0	173	0	0.998466257668712	0.00208333333333333	1	0.997916666666667	-	0.997109826589595	0.99895724713243	0.998957790232734	0.996066444688841	0.997916666666667	126741
hmmscan	36.2535748230026	1.80000000000002e-16	1916	4	688	0	1	0.00578034682080925	0	0.994219653179191	0.997916666666667	0	173	0	0.998466257668712	0.00208333333333333	1	0.997916666666667	-	0.997109826589595	0.99895724713243	0.998957790232734	0.996066444688841	0.997916666666667	126470
hmmscan	36.371357858659	1.59999999999999e-16	1916	4	688	0	1	0.00578034682080925	0	0.994219653179191	0.997916666666667	0	173	0	0.998466257668712	0.00208333333333333	1	0.997916666666667	-	0.997109826589595	0.99895724713243	0.998957790232734	0.996066444688841	0.997916666666667	125531
hmmscan	36.4358963797966	1.49999999999995e-16	1916	4	688	0	1	0.00578034682080925	0	0.994219653179191	0.997916666666667	0	173	0	0.998466257668712	0.00208333333333333	1	0.997916666666667	-	0.997109826589595	0.99895724713243	0.998957790232734	0.996066444688841	0.997916666666667	125189
hmmscan	36.5048892512835	1.40000000000002e-16	1916	4	688	0	1	0.00578034682080925	0	0.994219653179191	0.997916666666667	0	173	0	0.998466257668712	0.00208333333333333	1	0.997916666666667	-	0.997109826589595	0.99895724713243	0.998957790232734	0.996066444688841	0.997916666666667	125189
hmmscan	36.5789972234372	1.30000000000005e-16	1916	4	688	0	1	0.00578034682080925	0	0.994219653179191	0.997916666666667	0	173	0	0.998466257668712	0.00208333333333333	1	0.997916666666667	-	0.997109826589595	0.99895724713243	0.998957790232734	0.996066444688841	0.997916666666667	124781
hmmscan	36.6590399311108	1.19999999999997e-16	1916	4	688	0	1	0.00578034682080925	0	0.994219653179191	0.997916666666667	0	173	0	0.998466257668712	0.00208333333333333	1	0.997916666666667	-	0.997109826589595	0.99895724713243	0.998957790232734	0.996066444688841	0.997916666666667	123936
hmmscan	36.7460513081004	1.10000000000001e-16	1916	4	688	0	1	0.00578034682080925	0	0.994219653179191	0.997916666666667	0	173	0	0.998466257668712	0.00208333333333333	1	0.997916666666667	-	0.997109826589595	0.99895724713243	0.998957790232734	0.996066444688841	0.997916666666667	123936
hmmscan	36.8413614879047	1.00000000000003e-16	1916	4	688	0	1	0.00578034682080925	0	0.994219653179191	0.997916666666667	0	173	0	0.998466257668712	0.00208333333333333	1	0.997916666666667	-	0.997109826589595	0.99895724713243	0.998957790232734	0.996066444688841	0.997916666666667	123462
hmmscan	36.9032368916228	9.4000000000002e-17	1916	4	688	0	1	0.00578034682080925	0	0.994219653179191	0.997916666666667	0	173	0	0.998466257668712	0.00208333333333333	1	0.997916666666667	-	0.997109826589595	0.99895724713243	0.998957790232734	0.996066444688841	0.997916666666667	122910
hmmscan	36.9921843776393	8.60000000000015e-17	1916	4	688	0	1	0.00578034682080925	0	0.994219653179191	0.997916666666667	0	173	0	0.998466257668712	0.00208333333333333	1	0.997916666666667	-	0.997109826589595	0.99895724713243	0.998957790232734	0.996066444688841	0.997916666666667	122437
hmmscan	37.0645050392189	8.00000000000032e-17	1916	4	688	0	1	0.00578034682080925	0	0.994219653179191	0.997916666666667	0	173	0	0.998466257668712	0.00208333333333333	1	0.997916666666667	-	0.997109826589595	0.99895724713243	0.998957790232734	0.996066444688841	0.997916666666667	122044
hmmscan	37.1290435603565	7.50000000000009e-17	1916	4	688	0	1	0.00578034682080925	0	0.994219653179191	0.997916666666667	0	173	0	0.998466257668712	0.00208333333333333	1	0.997916666666667	-	0.997109826589595	0.99895724713243	0.998957790232734	0.996066444688841	0.997916666666667	121668
hmmscan	37.2124251692956	6.89999999999975e-17	1916	4	688	0	1	0.00578034682080925	0	0.994219653179191	0.997916666666667	0	173	0	0.998466257668712	0.00208333333333333	1	0.997916666666667	-	0.997109826589595	0.99895724713243	0.998957790232734	0.996066444688841	0.997916666666667	121120
hmmscan	37.2876485905332	6.39999999999967e-17	1916	4	688	0	1	0.00578034682080925	0	0.994219653179191	0.997916666666667	0	173	0	0.998466257668712	0.00208333333333333	1	0.997916666666667	-	0.997109826589595	0.99895724713243	0.998957790232734	0.996066444688841	0.997916666666667	120720
hmmscan	37.3689942299871	5.9e-17	1916	4	688	0	1	0.00578034682080925	0	0.994219653179191	0.997916666666667	0	173	0	0.998466257668712	0.00208333333333333	1	0.997916666666667	-	0.997109826589595	0.99895724713243	0.998957790232734	0.996066444688841	0.997916666666667	120407
hmmscan	37.4575476273285	5.40000000000025e-17	1916	4	688	0	1	0.00578034682080925	0	0.994219653179191	0.997916666666667	0	173	0	0.998466257668712	0.00208333333333333	1	0.997916666666667	-	0.997109826589595	0.99895724713243	0.998957790232734	0.996066444688841	0.997916666666667	119948
hmmscan	37.5547113757822	4.89999999999999e-17	1916	3	689	0	1	0.00433526011560694	0	0.995664739884393	0.998436685773841	0	230.666666666667	0	0.998849693251534	0.00156331422615946	1	0.998436685773841	-	0.997832369942196	0.999217731421121	0.999218037153974	0.997049749527097	0.998436685773841	119506
hmmscan	37.6398691841225	4.5e-17	1916	3	689	0	1	0.00433526011560694	0	0.995664739884393	0.998436685773841	0	230.666666666667	0	0.998849693251534	0.00156331422615946	1	0.998436685773841	-	0.997832369942196	0.999217731421121	0.999218037153974	0.997049749527097	0.998436685773841	119107
hmmscan	37.7329596071885	4.10000000000007e-17	1916	3	689	0	1	0.00433526011560694	0	0.995664739884393	0.998436685773841	0	230.666666666667	0	0.998849693251534	0.00156331422615946	1	0.998436685773841	-	0.997832369942196	0.999217731421121	0.999218037153974	0.997049749527097	0.998436685773841	118678
hmmscan	37.8089455141664	3.80000000000013e-17	1916	3	689	0	1	0.00433526011560694	0	0.995664739884393	0.998436685773841	0	230.666666666667	0	0.998849693251534	0.00156331422615946	1	0.998436685773841	-	0.997832369942196	0.999217731421121	0.999218037153974	0.997049749527097	0.998436685773841	118306
hmmscan	37.8911836124034	3.50000000000002e-17	1916	3	689	0	1	0.00433526011560694	0	0.995664739884393	0.998436685773841	0	230.666666666667	0	0.998849693251534	0.00156331422615946	1	0.998436685773841	-	0.997832369942196	0.999217731421121	0.999218037153974	0.997049749527097	0.998436685773841	117890
hmmscan	37.9807957710931	3.19999999999999e-17	1916	3	689	0	1	0.00433526011560694	0	0.995664739884393	0.998436685773841	0	230.666666666667	0	0.998849693251534	0.00156331422615946	1	0.998436685773841	-	0.997832369942196	0.999217731421121	0.999218037153974	0.997049749527097	0.998436685773841	117456
hmmscan	38.0792358439063	2.90000000000015e-17	1916	3	689	0	1	0.00433526011560694	0	0.995664739884393	0.998436685773841	0	230.666666666667	0	0.998849693251534	0.00156331422615946	1	0.998436685773841	-	0.997832369942196	0.999217731421121	0.999218037153974	0.997049749527097	0.998436685773841	117007
hmmscan	38.1506948078885	2.69999999999998e-17	1916	3	689	0	1	0.00433526011560694	0	0.995664739884393	0.998436685773841	0	230.666666666667	0	0.998849693251534	0.00156331422615946	1	0.998436685773841	-	0.997832369942196	0.999217731421121	0.999218037153974	0.997049749527097	0.998436685773841	116498
hmmscan	38.2684778435449	2.39999999999994e-17	1916	3	689	0	1	0.00433526011560694	0	0.995664739884393	0.998436685773841	0	230.666666666667	0	0.998849693251534	0.00156331422615946	1	0.998436685773841	-	0.997832369942196	0.999217731421121	0.999218037153974	0.997049749527097	0.998436685773841	115954
hmmscan	38.3554892205345	2.20000000000001e-17	1916	3	689	0	1	0.00433526011560694	0	0.995664739884393	0.998436685773841	0	230.666666666667	0	0.998849693251534	0.00156331422615946	1	0.998436685773841	-	0.997832369942196	0.999217731421121	0.999218037153974	0.997049749527097	0.998436685773841	115759
hmmscan	38.4507994003388	2.00000000000006e-17	1916	3	689	0	1	0.00433526011560694	0	0.995664739884393	0.998436685773841	0	230.666666666667	0	0.998849693251534	0.00156331422615946	1	0.998436685773841	-	0.997832369942196	0.999217731421121	0.999218037153974	0.997049749527097	0.998436685773841	115306
hmmscan	38.5020926947264	1.89999999999997e-17	1916	3	689	0	1	0.00433526011560694	0	0.995664739884393	0.998436685773841	0	230.666666666667	0	0.998849693251534	0.00156331422615946	1	0.998436685773841	-	0.997832369942196	0.999217731421121	0.999218037153974	0.997049749527097	0.998436685773841	114827
hmmscan	38.6133183298366	1.70000000000001e-17	1916	3	689	0	1	0.00433526011560694	0	0.995664739884393	0.998436685773841	0	230.666666666667	0	0.998849693251534	0.00156331422615946	1	0.998436685773841	-	0.997832369942196	0.999217731421121	0.999218037153974	0.997049749527097	0.998436685773841	114562
hmmscan	38.7384814727906	1.50000000000001e-17	1916	3	689	0	1	0.00433526011560694	0	0.995664739884393	0.998436685773841	0	230.666666666667	0	0.998849693251534	0.00156331422615946	1	0.998436685773841	-	0.997832369942196	0.999217731421121	0.999218037153974	0.997049749527097	0.998436685773841	114030
hmmscan	38.8074743442776	1.39999999999995e-17	1916	3	689	0	1	0.00433526011560694	0	0.995664739884393	0.998436685773841	0	230.666666666667	0	0.998849693251534	0.00156331422615946	1	0.998436685773841	-	0.997832369942196	0.999217731421121	0.999218037153974	0.997049749527097	0.998436685773841	113448
hmmscan	38.8815823164313	1.29999999999998e-17	1916	3	689	0	1	0.00433526011560694	0	0.995664739884393	0.998436685773841	0	230.666666666667	0	0.998849693251534	0.00156331422615946	1	0.998436685773841	-	0.997832369942196	0.999217731421121	0.999218037153974	0.997049749527097	0.998436685773841	113081
hmmscan	38.9616250241048	1.20000000000003e-17	1916	3	689	0	1	0.00433526011560694	0	0.995664739884393	0.998436685773841	0	230.666666666667	0	0.998849693251534	0.00156331422615946	1	0.998436685773841	-	0.997832369942196	0.999217731421121	0.999218037153974	0.997049749527097	0.998436685773841	113081
hmmscan	39.0486364010944	1.10000000000006e-17	1916	3	689	0	1	0.00433526011560694	0	0.995664739884393	0.998436685773841	0	230.666666666667	0	0.998849693251534	0.00156331422615946	1	0.998436685773841	-	0.997832369942196	0.999217731421121	0.999218037153974	0.997049749527097	0.998436685773841	112674
hmmscan	39.184768575419	9.60000000000031e-18	1916	3	689	0	1	0.00433526011560694	0	0.995664739884393	0.998436685773841	0	230.666666666667	0	0.998849693251534	0.00156331422615946	1	0.998436685773841	-	0.997832369942196	0.999217731421121	0.999218037153974	0.997049749527097	0.998436685773841	111883
hmmscan	39.2832086482323	8.69999999999983e-18	1916	3	689	0	1	0.00433526011560694	0	0.995664739884393	0.998436685773841	0	230.666666666667	0	0.998849693251534	0.00156331422615946	1	0.998436685773841	-	0.997832369942196	0.999217731421121	0.999218037153974	0.997049749527097	0.998436685773841	111401
hmmscan	39.3796689144198	7.90000000000035e-18	1916	3	689	0	1	0.00433526011560694	0	0.995664739884393	0.998436685773841	0	230.666666666667	0	0.998849693251534	0.00156331422615946	1	0.998436685773841	-	0.997832369942196	0.999217731421121	0.999218037153974	0.997049749527097	0.998436685773841	111030
hmmscan	39.4586573257385	7.29999999999983e-18	1916	2	690	0	1	0.00289017341040462	0	0.997109826589595	0.99895724713243	0	346	0	0.999233128834356	0.00104275286757039	1	0.99895724713243	-	0.998554913294798	0.999478351591028	0.999478487578612	0.998033109400002	0.99895724713243	110584
hmmscan	39.5594620248604	6.60000000000027e-18	1916	2	690	0	1	0.00289017341040462	0	0.997109826589595	0.99895724713243	0	346	0	0.999233128834356	0.00104275286757039	1	0.99895724713243	-	0.998554913294798	0.999478351591028	0.999478487578612	0.998033109400002	0.99895724713243	110196
hmmscan	39.6547722046648	5.99999999999979e-18	1916	2	690	0	1	0.00289017341040462	0	0.997109826589595	0.99895724713243	0	346	0	0.999233128834356	0.00104275286757039	1	0.99895724713243	-	0.998554913294798	0.999478351591028	0.999478487578612	0.998033109400002	0.99895724713243	109725
hmmscan	39.7601327203226	5.39999999999995e-18	1916	2	690	0	1	0.00289017341040462	0	0.997109826589595	0.99895724713243	0	346	0	0.999233128834356	0.00104275286757039	1	0.99895724713243	-	0.998554913294798	0.999478351591028	0.999478487578612	0.998033109400002	0.99895724713243	109277
hmmscan	39.8572964687762	4.90000000000021e-18	1916	2	690	0	1	0.00289017341040462	0	0.997109826589595	0.99895724713243	0	346	0	0.999233128834356	0.00104275286757039	1	0.99895724713243	-	0.998554913294798	0.999478351591028	0.999478487578612	0.998033109400002	0.99895724713243	108944
hmmscan	39.9649271329686	4.40000000000004e-18	1916	2	690	0	1	0.00289017341040462	0	0.997109826589595	0.99895724713243	0	346	0	0.999233128834356	0.00104275286757039	1	0.99895724713243	-	0.998554913294798	0.999478351591028	0.999478487578612	0.998033109400002	0.99895724713243	108526
hmmscan	40.0855551207572	3.90000000000009e-18	1916	2	690	0	1	0.00289017341040462	0	0.997109826589595	0.99895724713243	0	346	0	0.999233128834356	0.00104275286757039	1	0.99895724713243	-	0.998554913294798	0.999478351591028	0.999478487578612	0.998033109400002	0.99895724713243	108091
hmmscan	40.1655978284308	3.59999999999986e-18	1916	2	690	0	1	0.00289017341040462	0	0.997109826589595	0.99895724713243	0	346	0	0.999233128834356	0.00104275286757039	1	0.99895724713243	-	0.998554913294798	0.999478351591028	0.999478487578612	0.998033109400002	0.99895724713243	107640
hmmscan	40.2833808640871	3.20000000000013e-18	1916	2	690	0	1	0.00289017341040462	0	0.997109826589595	0.99895724713243	0	346	0	0.999233128834356	0.00104275286757039	1	0.99895724713243	-	0.998554913294798	0.999478351591028	0.999478487578612	0.998033109400002	0.99895724713243	107287
hmmscan	40.3818209369004	2.89999999999999e-18	1916	2	690	0	1	0.00289017341040462	0	0.997109826589595	0.99895724713243	0	346	0	0.999233128834356	0.00104275286757039	1	0.99895724713243	-	0.998554913294798	0.999478351591028	0.999478487578612	0.998033109400002	0.99895724713243	106934
hmmscan	40.4910202288654	2.59999999999996e-18	1916	2	690	0	1	0.00289017341040462	0	0.997109826589595	0.99895724713243	0	346	0	0.999233128834356	0.00104275286757039	1	0.99895724713243	-	0.998554913294798	0.999478351591028	0.999478487578612	0.998033109400002	0.99895724713243	106379
hmmscan	40.6136225509577	2.30000000000004e-18	1916	2	690	0	1	0.00289017341040462	0	0.997109826589595	0.99895724713243	0	346	0	0.999233128834356	0.00104275286757039	1	0.99895724713243	-	0.998554913294798	0.999478351591028	0.999478487578612	0.998033109400002	0.99895724713243	106118
hmmscan	40.7533844933329	1.99999999999995e-18	1916	2	690	0	1	0.00289017341040462	0	0.997109826589595	0.99895724713243	0	346	0	0.999233128834356	0.00104275286757039	1	0.99895724713243	-	0.998554913294798	0.999478351591028	0.999478487578612	0.998033109400002	0.99895724713243	105514
hmmscan	40.9159034228307	1.69999999999991e-18	1916	2	690	0	1	0.00289017341040462	0	0.997109826589595	0.99895724713243	0	346	0	0.999233128834356	0.00104275286757039	1	0.99895724713243	-	0.998554913294798	0.999478351591028	0.999478487578612	0.998033109400002	0.99895724713243	104948
hmmscan	41.0410665657847	1.49999999999993e-18	1916	2	690	0	1	0.00289017341040462	0	0.997109826589595	0.99895724713243	0	346	0	0.999233128834356	0.00104275286757039	1	0.99895724713243	-	0.998554913294798	0.999478351591028	0.999478487578612	0.998033109400002	0.99895724713243	104584
hmmscan	41.1841674094253	1.30000000000004e-18	1916	2	690	0	1	0.00289017341040462	0	0.997109826589595	0.99895724713243	0	346	0	0.999233128834356	0.00104275286757039	1	0.99895724713243	-	0.998554913294798	0.999478351591028	0.999478487578612	0.998033109400002	0.99895724713243	104351
hmmscan	41.3512214940885	1.1e-18	1916	2	690	0	1	0.00289017341040462	0	0.997109826589595	0.99895724713243	0	346	0	0.999233128834356	0.00104275286757039	1	0.99895724713243	-	0.998554913294798	0.999478351591028	0.999478487578612	0.998033109400002	0.99895724713243	103856
hmmscan	41.4465316738928	1.00000000000002e-18	1916	2	690	0	1	0.00289017341040462	0	0.997109826589595	0.99895724713243	0	346	0	0.999233128834356	0.00104275286757039	1	0.99895724713243	-	0.998554913294798	0.999478351591028	0.999478487578612	0.998033109400002	0.99895724713243	103570
hmmscan	41.5743650454027	8.80000000000006e-19	1916	2	690	0	1	0.00289017341040462	0	0.997109826589595	0.99895724713243	0	346	0	0.999233128834356	0.00104275286757039	1	0.99895724713243	-	0.998554913294798	0.999478351591028	0.999478487578612	0.998033109400002	0.99895724713243	103023
hmmscan	41.7209685195946	7.59999999999987e-19	1916	2	690	0	1	0.00289017341040462	0	0.997109826589595	0.99895724713243	0	346	0	0.999233128834356	0.00104275286757039	1	0.99895724713243	-	0.998554913294798	0.999478351591028	0.999478487578612	0.998033109400002	0.99895724713243	102562
hmmscan	41.8620471178545	6.59999999999991e-19	1916	2	690	0	1	0.00289017341040462	0	0.997109826589595	0.99895724713243	0	346	0	0.999233128834356	0.00104275286757039	1	0.99895724713243	-	0.998554913294798	0.999478351591028	0.999478487578612	0.998033109400002	0.99895724713243	102143
hmmscan	41.9912588493345	5.79999999999997e-19	1916	2	690	0	1	0.00289017341040462	0	0.997109826589595	0.99895724713243	0	346	0	0.999233128834356	0.00104275286757039	1	0.99895724713243	-	0.998554913294798	0.999478351591028	0.999478487578612	0.998033109400002	0.99895724713243	101687
hmmscan	42.1198762271566	5.09999999999993e-19	1916	2	690	0	1	0.00289017341040462	0	0.997109826589595	0.99895724713243	0	346	0	0.999233128834356	0.00104275286757039	1	0.99895724713243	-	0.998554913294798	0.999478351591028	0.999478487578612	0.998033109400002	0.99895724713243	101280
hmmscan	42.2675122259627	4.3999999999998e-19	1916	2	690	0	1	0.00289017341040462	0	0.997109826589595	0.99895724713243	0	346	0	0.999233128834356	0.00104275286757039	1	0.99895724713243	-	0.998554913294798	0.999478351591028	0.999478487578612	0.998033109400002	0.99895724713243	100839
hmmscan	42.4141157001545	3.80000000000012e-19	1916	2	690	0	1	0.00289017341040462	0	0.997109826589595	0.99895724713243	0	346	0	0.999233128834356	0.00104275286757039	1	0.99895724713243	-	0.998554913294798	0.999478351591028	0.999478487578612	0.998033109400002	0.99895724713243	100492
hmmscan	42.5253413352648	3.39999999999984e-19	1916	2	690	0	1	0.00289017341040462	0	0.997109826589595	0.99895724713243	0	346	0	0.999233128834356	0.00104275286757039	1	0.99895724713243	-	0.998554913294798	0.999478351591028	0.999478487578612	0.998033109400002	0.99895724713243	100015
hmmscan	42.6505044782188	2.99999999999988e-19	1916	2	690	0	1	0.00289017341040462	0	0.997109826589595	0.99895724713243	0	346	0	0.999233128834356	0.00104275286757039	1	0.99895724713243	-	0.998554913294798	0.999478351591028	0.999478487578612	0.998033109400002	0.99895724713243	99621
hmmscan	42.7936053218594	2.60000000000008e-19	1916	2	690	0	1	0.00289017341040462	0	0.997109826589595	0.99895724713243	0	346	0	0.999233128834356	0.00104275286757039	1	0.99895724713243	-	0.998554913294798	0.999478351591028	0.999478487578612	0.998033109400002	0.99895724713243	99251
hmmscan	42.9162076439518	2.29999999999992e-19	1916	2	690	0	1	0.00289017341040462	0	0.997109826589595	0.99895724713243	0	346	0	0.999233128834356	0.00104275286757039	1	0.99895724713243	-	0.998554913294798	0.999478351591028	0.999478487578612	0.998033109400002	0.99895724713243	98701
hmmscan	43.0559695863269	2.00000000000004e-19	1916	2	690	0	1	0.00289017341040462	0	0.997109826589595	0.99895724713243	0	346	0	0.999233128834356	0.00104275286757039	1	0.99895724713243	-	0.998554913294798	0.999478351591028	0.999478487578612	0.998033109400002	0.99895724713243	98407
hmmscan	43.1613301019847	1.80000000000008e-19	1916	2	690	0	1	0.00289017341040462	0	0.997109826589595	0.99895724713243	0	346	0	0.999233128834356	0.00104275286757039	1	0.99895724713243	-	0.998554913294798	0.999478351591028	0.999478487578612	0.998033109400002	0.99895724713243	98050
hmmscan	43.2791131376411	1.60000000000006e-19	1916	2	690	0	1	0.00289017341040462	0	0.997109826589595	0.99895724713243	0	346	0	0.999233128834356	0.00104275286757039	1	0.99895724713243	-	0.998554913294798	0.999478351591028	0.999478487578612	0.998033109400002	0.99895724713243	97653
hmmscan	43.4126445302657	1.39999999999993e-19	1916	2	690	0	1	0.00289017341040462	0	0.997109826589595	0.99895724713243	0	346	0	0.999233128834356	0.00104275286757039	1	0.99895724713243	-	0.998554913294798	0.999478351591028	0.999478487578612	0.998033109400002	0.99895724713243	97012
hmmscan	43.5667952100929	1.20000000000002e-19	1916	2	690	0	1	0.00289017341040462	0	0.997109826589595	0.99895724713243	0	346	0	0.999233128834356	0.00104275286757039	1	0.99895724713243	-	0.998554913294798	0.999478351591028	0.999478487578612	0.998033109400002	0.99895724713243	96781
hmmscan	43.6538065870825	1.10000000000005e-19	1916	2	690	0	1	0.00289017341040462	0	0.997109826589595	0.99895724713243	0	346	0	0.999233128834356	0.00104275286757039	1	0.99895724713243	-	0.998554913294798	0.999478351591028	0.999478487578612	0.998033109400002	0.99895724713243	96506
hmmscan	43.8324983758259	9.20000000000018e-20	1916	1	691	0	1	0.00144508670520231	0	0.998554913294798	0.999478351591028	0	692	0	0.999616564417178	0.000521648408972353	1	0.999478351591028	-	0.999277456647399	0.9997391077485	0.999739141772006	0.999016525745699	0.999478351591028	95847
hmmscan	43.9722603182011	7.99999999999981e-20	1916	1	691	0	1	0.00144508670520231	0	0.998554913294798	0.999478351591028	0	692	0	0.999616564417178	0.000521648408972353	1	0.999478351591028	-	0.999277456647399	0.9997391077485	0.999739141772006	0.999016525745699	0.999478351591028	95395
hmmscan	44.1201804482777	6.9e-20	1916	1	691	0	1	0.00144508670520231	0	0.998554913294798	0.999478351591028	0	692	0	0.999616564417178	0.000521648408972353	1	0.999478351591028	-	0.999277456647399	0.9997391077485	0.999739141772006	0.999016525745699	0.999478351591028	95018
hmmscan	44.2599423906529	5.99999999999974e-20	1916	1	691	0	1	0.00144508670520231	0	0.998554913294798	0.999478351591028	0	692	0	0.999616564417178	0.000521648408972353	1	0.999478351591028	-	0.999277456647399	0.9997391077485	0.999739141772006	0.999016525745699	0.999478351591028	94545
hmmscan	44.4030432342935	5.20000000000017e-20	1916	1	691	0	1	0.00144508670520231	0	0.998554913294798	0.999478351591028	0	692	0	0.999616564417178	0.000521648408972353	1	0.999478351591028	-	0.999277456647399	0.9997391077485	0.999739141772006	0.999016525745699	0.999478351591028	94164
hmmscan	44.5476244631046	4.50000000000019e-20	1916	1	691	0	1	0.00144508670520231	0	0.998554913294798	0.999478351591028	0	692	0	0.999616564417178	0.000521648408972353	1	0.999478351591028	-	0.999277456647399	0.9997391077485	0.999739141772006	0.999016525745699	0.999478351591028	93745
hmmscan	44.6907253067453	3.90000000000005e-20	1916	1	691	0	1	0.00144508670520231	0	0.998554913294798	0.999478351591028	0	692	0	0.999616564417178	0.000521648408972353	1	0.999478351591028	-	0.999277456647399	0.9997391077485	0.999739141772006	0.999016525745699	0.999478351591028	93337
hmmscan	44.8279264282588	3.4e-20	1916	1	691	0	1	0.00144508670520231	0	0.998554913294798	0.999478351591028	0	692	0	0.999616564417178	0.000521648408972353	1	0.999478351591028	-	0.999277456647399	0.9997391077485	0.999739141772006	0.999016525745699	0.999478351591028	92948
hmmscan	44.9869911228885	2.89999999999997e-20	1916	1	691	0	1	0.00144508670520231	0	0.998554913294798	0.999478351591028	0	692	0	0.999616564417178	0.000521648408972353	1	0.999478351591028	-	0.999277456647399	0.9997391077485	0.999739141772006	0.999016525745699	0.999478351591028	92382
hmmscan	45.1354111280068	2.49999999999989e-20	1916	1	691	0	1	0.00144508670520231	0	0.998554913294798	0.999478351591028	0	692	0	0.999616564417178	0.000521648408972353	1	0.999478351591028	-	0.999277456647399	0.9997391077485	0.999739141772006	0.999016525745699	0.999478351591028	91962
hmmscan	45.3097645151515	2.10000000000008e-20	1916	1	691	0	1	0.00144508670520231	0	0.998554913294798	0.999478351591028	0	692	0	0.999616564417178	0.000521648408972353	1	0.999478351591028	-	0.999277456647399	0.9997391077485	0.999739141772006	0.999016525745699	0.999478351591028	91624
hmmscan	45.4639151949788	1.79999999999999e-20	1916	1	691	0	1	0.00144508670520231	0	0.998554913294798	0.999478351591028	0	692	0	0.999616564417178	0.000521648408972353	1	0.999478351591028	-	0.999277456647399	0.9997391077485	0.999739141772006	0.999016525745699	0.999478351591028	91075
hmmscan	45.5816982306352	1.59999999999997e-20	1916	1	691	0	1	0.00144508670520231	0	0.998554913294798	0.999478351591028	0	692	0	0.999616564417178	0.000521648408972353	1	0.999478351591028	-	0.999277456647399	0.9997391077485	0.999739141772006	0.999016525745699	0.999478351591028	90716
hmmscan	45.7152296232597	1.4e-20	1916	1	691	0	1	0.00144508670520231	0	0.998554913294798	0.999478351591028	0	692	0	0.999616564417178	0.000521648408972353	1	0.999478351591028	-	0.999277456647399	0.9997391077485	0.999739141772006	0.999016525745699	0.999478351591028	90540
hmmscan	45.869380303087	1.19999999999995e-20	1916	1	691	0	1	0.00144508670520231	0	0.998554913294798	0.999478351591028	0	692	0	0.999616564417178	0.000521648408972353	1	0.999478351591028	-	0.999277456647399	0.9997391077485	0.999739141772006	0.999016525745699	0.999478351591028	89873
hmmscan	46.0517018598809	1.00000000000001e-20	1916	1	691	0	1	0.00144508670520231	0	0.998554913294798	0.999478351591028	0	692	0	0.999616564417178	0.000521648408972353	1	0.999478351591028	-	0.999277456647399	0.9997391077485	0.999739141772006	0.999016525745699	0.999478351591028	89623
hmmscan	46.2260552470257	8.39999999999994e-21	1916	1	691	0	1	0.00144508670520231	0	0.998554913294798	0.999478351591028	0	692	0	0.999616564417178	0.000521648408972353	1	0.999478351591028	-	0.999277456647399	0.9997391077485	0.999739141772006	0.999016525745699	0.999478351591028	89048
hmmscan	46.380205926853	7.19999999999963e-21	1916	1	691	0	1	0.00144508670520231	0	0.998554913294798	0.999478351591028	0	692	0	0.999616564417178	0.000521648408972353	1	0.999478351591028	-	0.999277456647399	0.9997391077485	0.999739141772006	0.999016525745699	0.999478351591028	88615
hmmscan	46.5137373194775	6.29999999999983e-21	1916	1	691	0	1	0.00144508670520231	0	0.998554913294798	0.999478351591028	0	692	0	0.999616564417178	0.000521648408972353	1	0.999478351591028	-	0.999277456647399	0.9997391077485	0.999739141772006	0.999016525745699	0.999478351591028	88217
hmmscan	46.6865801323169	5.29999999999992e-21	1916	1	691	0	1	0.00144508670520231	0	0.998554913294798	0.999478351591028	0	692	0	0.999616564417178	0.000521648408972353	1	0.999478351591028	-	0.999277456647399	0.9997391077485	0.999739141772006	0.999016525745699	0.999478351591028	87743
hmmscan	46.8282306493799	4.60000000000006e-21	1916	1	691	0	1	0.00144508670520231	0	0.998554913294798	0.999478351591028	0	692	0	0.999616564417178	0.000521648408972353	1	0.999478351591028	-	0.999277456647399	0.9997391077485	0.999739141772006	0.999016525745699	0.999478351591028	87377
hmmscan	46.9679925917551	3.99999999999988e-21	1916	1	691	0	1	0.00144508670520231	0	0.998554913294798	0.999478351591028	0	692	0	0.999616564417178	0.000521648408972353	1	0.999478351591028	-	0.999277456647399	0.9997391077485	0.999739141772006	0.999016525745699	0.999478351591028	86927
hmmscan	47.1305115212528	3.40000000000015e-21	1916	1	691	0	1	0.00144508670520231	0	0.998554913294798	0.999478351591028	0	692	0	0.999616564417178	0.000521648408972353	1	0.999478351591028	-	0.999277456647399	0.9997391077485	0.999739141772006	0.999016525745699	0.999478351591028	86562
hmmscan	47.2556746642069	2.99999999999985e-21	1916	1	691	0	1	0.00144508670520231	0	0.998554913294798	0.999478351591028	0	692	0	0.999616564417178	0.000521648408972353	1	0.999478351591028	-	0.999277456647399	0.9997391077485	0.999739141772006	0.999016525745699	0.999478351591028	86088
hmmscan	47.3987755078475	2.60000000000005e-21	1916	1	691	0	1	0.00144508670520231	0	0.998554913294798	0.999478351591028	0	692	0	0.999616564417178	0.000521648408972353	1	0.999478351591028	-	0.999277456647399	0.9997391077485	0.999739141772006	0.999016525745699	0.999478351591028	85776
hmmscan	47.5658295925107	2.19999999999997e-21	1916	1	691	0	1	0.00144508670520231	0	0.998554913294798	0.999478351591028	0	692	0	0.999616564417178	0.000521648408972353	1	0.999478351591028	-	0.999277456647399	0.9997391077485	0.999739141772006	0.999016525745699	0.999478351591028	85170
hmmscan	47.7124330667026	1.89999999999993e-21	1916	1	691	0	1	0.00144508670520231	0	0.998554913294798	0.999478351591028	0	692	0	0.999616564417178	0.000521648408972353	1	0.999478351591028	-	0.999277456647399	0.9997391077485	0.999739141772006	0.999016525745699	0.999478351591028	84797
hmmscan	47.8842833236292	1.60000000000004e-21	1916	1	691	0	1	0.00144508670520231	0	0.998554913294798	0.999478351591028	0	692	0	0.999616564417178	0.000521648408972353	1	0.999478351591028	-	0.999277456647399	0.9997391077485	0.999739141772006	0.999016525745699	0.999478351591028	84522
hmmscan	48.0178147162537	1.40000000000006e-21	1916	1	691	0	1	0.00144508670520231	0	0.998554913294798	0.999478351591028	0	692	0	0.999616564417178	0.000521648408972353	1	0.999478351591028	-	0.999277456647399	0.9997391077485	0.999739141772006	0.999016525745699	0.999478351591028	84184
hmmscan	48.2589767730706	1.10000000000004e-21	1916	1	691	0	1	0.00144508670520231	0	0.998554913294798	0.999478351591028	0	692	0	0.999616564417178	0.000521648408972353	1	0.999478351591028	-	0.999277456647399	0.9997391077485	0.999739141772006	0.999016525745699	0.999478351591028	83605
hmmscan	48.416162356593	9.40000000000045e-22	1916	1	691	0	1	0.00144508670520231	0	0.998554913294798	0.999478351591028	0	692	0	0.999616564417178	0.000521648408972353	1	0.999478351591028	-	0.999277456647399	0.9997391077485	0.999739141772006	0.999016525745699	0.999478351591028	83154
hmmscan	48.5774305041892	7.99999999999974e-22	1916	1	691	0	1	0.00144508670520231	0	0.998554913294798	0.999478351591028	0	692	0	0.999616564417178	0.000521648408972353	1	0.999478351591028	-	0.999277456647399	0.9997391077485	0.999739141772006	0.999016525745699	0.999478351591028	82710
hmmscan	48.7399494336869	6.80000000000028e-22	1916	1	691	0	1	0.00144508670520231	0	0.998554913294798	0.999478351591028	0	692	0	0.999616564417178	0.000521648408972353	1	0.999478351591028	-	0.999277456647399	0.9997391077485	0.999739141772006	0.999016525745699	0.999478351591028	82339
hmmscan	48.8990141283166	5.80000000000018e-22	1916	1	691	0	1	0.00144508670520231	0	0.998554913294798	0.999478351591028	0	692	0	0.999616564417178	0.000521648408972353	1	0.999478351591028	-	0.999277456647399	0.9997391077485	0.999739141772006	0.999016525745699	0.999478351591028	81912
hmmscan	49.0676368407524	4.90000000000012e-22	1916	1	691	0	1	0.00144508670520231	0	0.998554913294798	0.999478351591028	0	692	0	0.999616564417178	0.000521648408972353	1	0.999478351591028	-	0.999277456647399	0.9997391077485	0.999739141772006	0.999016525745699	0.999478351591028	81485
hmmscan	49.2217875205797	4.19999999999991e-22	1916	1	691	0	1	0.00144508670520231	0	0.998554913294798	0.999478351591028	0	692	0	0.999616564417178	0.000521648408972353	1	0.999478351591028	-	0.999277456647399	0.9997391077485	0.999739141772006	0.999016525745699	0.999478351591028	81014
hmmscan	49.3759382004069	3.60000000000015e-22	1916	1	691	0	1	0.00144508670520231	0	0.998554913294798	0.999478351591028	0	692	0	0.999616564417178	0.000521648408972353	1	0.999478351591028	-	0.999277456647399	0.9997391077485	0.999739141772006	0.999016525745699	0.999478351591028	80679
hmmscan	49.5582597572009	2.99999999999998e-22	1916	0	692	0	1	0	0	1	1	0	-	0	1	0	1	1	-	1	1	1	1	1	80186
hmmscan	49.7405813139949	2.49999999999987e-22	1916	0	692	0	1	0	0	1	1	0	-	0	1	0	1	1	-	1	1	1	1	1	79697
hmmscan	49.9149347011396	2.10000000000006e-22	1916	0	692	0	1	0	0	1	1	0	-	0	1	0	1	1	-	1	1	1	1	1	79380
hmmscan	50.0690853809669	1.79999999999998e-22	1916	0	692	0	1	0	0	1	1	0	-	0	1	0	1	1	-	1	1	1	1	1	78911
hmmscan	50.2514069377608	1.50000000000006e-22	1916	0	692	0	1	0	0	1	1	0	-	0	1	0	1	1	-	1	1	1	1	1	78662
hmmscan	50.474550489075	1.20000000000006e-22	1916	0	692	0	1	0	0	1	1	0	-	0	1	0	1	1	-	1	1	1	1	1	78145
hmmscan	50.656872045869	1e-22	1916	0	692	0	1	0	0	1	1	0	-	0	1	0	1	1	-	1	1	1	1	1	77702
hmmscan	50.8076949356036	8.59999999999991e-23	1916	0	692	0	1	0	0	1	1	0	-	0	1	0	1	1	-	1	1	1	1	1	77235
hmmscan	50.9993623548158	7.09999999999986e-23	1916	0	692	0	1	0	0	1	1	0	-	0	1	0	1	1	-	1	1	1	1	1	76810
hmmscan	51.2189909640225	5.70000000000025e-23	1916	0	692	0	1	0	0	1	1	0	-	0	1	0	1	1	-	1	1	1	1	1	76403
hmmscan	51.411894630147	4.70000000000016e-23	1916	0	692	0	1	0	0	1	1	0	-	0	1	0	1	1	-	1	1	1	1	1	76007
hmmscan	51.6244560721307	3.80000000000005e-23	1916	0	692	0	1	0	0	1	1	0	-	0	1	0	1	1	-	1	1	1	1	1	75554
hmmscan	51.7963063290574	3.1999999999999e-23	1916	0	692	0	1	0	0	1	1	0	-	0	1	0	1	1	-	1	1	1	1	1	75109
hmmscan	52.0039456938356	2.60000000000005e-23	1916	0	692	0	1	0	0	1	1	0	-	0	1	0	1	1	-	1	1	1	1	1	74750
hmmscan	52.2175197941337	2.09999999999994e-23	1916	0	692	0	1	0	0	1	1	0	-	0	1	0	1	1	-	1	1	1	1	1	74280
hmmscan	52.4288288878009	1.69999999999997e-23	1916	0	692	0	1	0	0	1	1	0	-	0	1	0	1	1	-	1	1	1	1	1	73837
hmmscan	52.6229849022418	1.40000000000006e-23	1916	0	692	0	1	0	0	1	1	0	-	0	1	0	1	1	-	1	1	1	1	1	73576
hmmscan	52.8641469590587	1.10000000000003e-23	1916	0	692	0	1	0	0	1	1	0	-	0	1	0	1	1	-	1	1	1	1	1	73080
hmmscan	53.0428387478021	9.20000000000001e-24	1916	0	692	0	1	0	0	1	1	0	-	0	1	0	1	1	-	1	1	1	1	1	72599
hmmscan	53.2471392113148	7.50000000000022e-24	1916	0	692	0	1	0	0	1	1	0	-	0	1	0	1	1	-	1	1	1	1	1	72174
hmmscan	53.4214925984596	6.30000000000005e-24	1916	0	692	0	1	0	0	1	1	0	-	0	1	0	1	1	-	1	1	1	1	1	71770
hmmscan	53.6328016921268	5.1000000000001e-24	1916	0	692	0	1	0	0	1	1	0	-	0	1	0	1	1	-	1	1	1	1	1	71349
hmmscan	53.8510552581468	4.10000000000014e-24	1916	0	692	0	1	0	0	1	1	0	-	0	1	0	1	1	-	1	1	1	1	1	70912
hmmscan	54.038266800235	3.39999999999993e-24	1916	0	692	0	1	0	0	1	1	0	-	0	1	0	1	1	-	1	1	1	1	1	70434
hmmscan	54.2324228146759	2.80000000000011e-24	1916	0	692	0	1	0	0	1	1	0	-	0	1	0	1	1	-	1	1	1	1	1	70062
hmmscan	54.429133108922	2.29999999999998e-24	1916	0	692	0	1	0	0	1	1	0	-	0	1	0	1	1	-	1	1	1	1	1	69527
hmmscan	54.5688950512972	1.99999999999991e-24	1916	0	692	0	1	0	0	1	1	0	-	0	1	0	1	1	-	1	1	1	1	1	69178
hmmscan	54.7920386026114	1.59999999999994e-24	1916	0	692	0	1	0	0	1	1	0	-	0	1	0	1	1	-	1	1	1	1	1	68710
hmmscan	54.9996779673896	1.30000000000001e-24	1916	0	692	0	1	0	0	1	1	0	-	0	1	0	1	1	-	1	1	1	1	1	68372
hmmscan	55.1667320520528	1.09999999999997e-24	1916	0	692	0	1	0	0	1	1	0	-	0	1	0	1	1	-	1	1	1	1	1	67769
hmmscan	55.3239176355752	9.39999999999985e-25	1916	0	692	0	1	0	0	1	1	0	-	0	1	0	1	1	-	1	1	1	1	1	67519
hmmscan	55.4851857831713	8.00000000000002e-25	1916	0	692	0	1	0	0	1	1	0	-	0	1	0	1	1	-	1	1	1	1	1	67130
hmmscan	55.6625197984542	6.70000000000016e-25	1916	0	692	0	1	0	0	1	1	0	-	0	1	0	1	1	-	1	1	1	1	1	66701
hmmscan	55.84186072711	5.6000000000002e-25	1916	0	692	0	1	0	0	1	1	0	-	0	1	0	1	1	-	1	1	1	1	1	66284
hmmscan	56.0170648161351	4.70000000000015e-25	1916	0	692	0	1	0	0	1	1	0	-	0	1	0	1	1	-	1	1	1	1	1	65854
hmmscan	56.1783329637313	3.99999999999981e-25	1916	0	692	0	1	0	0	1	1	0	-	0	1	0	1	1	-	1	1	1	1	1	65403
hmmscan	56.340851893229	3.40000000000009e-25	1916	0	692	0	1	0	0	1	1	0	-	0	1	0	1	1	-	1	1	1	1	1	65074
hmmscan	56.53500790767	2.79999999999996e-25	1916	0	692	0	1	0	0	1	1	0	-	0	1	0	1	1	-	1	1	1	1	1	64486
hmmscan	56.6891585874972	2.40000000000011e-25	1916	0	692	0	1	0	0	1	1	0	-	0	1	0	1	1	-	1	1	1	1	1	64207
hmmscan	56.8714801442912	2e-25	1916	0	692	0	1	0	0	1	1	0	-	0	1	0	1	1	-	1	1	1	1	1	63753
hmmscan	57.033999073789	1.69999999999996e-25	1916	0	692	0	1	0	0	1	1	0	-	0	1	0	1	1	-	1	1	1	1	1	63192
hmmscan	57.159162216743	1.49999999999997e-25	1916	0	692	0	1	0	0	1	1	0	-	0	1	0	1	1	-	1	1	1	1	1	62862
hmmscan	57.3823057680572	1.19999999999998e-25	1916	0	692	0	1	0	0	1	1	0	-	0	1	0	1	1	-	1	1	1	1	1	62240
hmmscan	57.4693171450468	1.10000000000002e-25	1916	0	692	0	1	0	0	1	1	0	-	0	1	0	1	1	-	1	1	1	1	1	62240
hmmscan	57.6589380043224	9.09999999999984e-26	1916	0	692	0	1	0	0	1	1	0	-	0	1	0	1	1	-	1	1	1	1	1	61584
hmmscan	57.8130886841496	7.80000000000034e-26	1916	0	692	0	1	0	0	1	1	0	-	0	1	0	1	1	-	1	1	1	1	1	61203
hmmscan	57.9954102409436	6.49999999999998e-26	1916	0	692	0	1	0	0	1	1	0	-	0	1	0	1	1	-	1	1	1	1	1	60780
hmmscan	58.1444458201041	5.59999999999989e-26	1916	0	692	0	1	0	0	1	1	0	-	0	1	0	1	1	-	1	1	1	1	1	60306
hmmscan	58.2779772127286	4.90000000000003e-26	1916	0	692	0	1	0	0	1	1	0	-	0	1	0	1	1	-	1	1	1	1	1	59978
hmmscan	58.4321278925559	4.19999999999987e-26	1916	0	692	0	1	0	0	1	1	0	-	0	1	0	1	1	-	1	1	1	1	1	59467
hmmscan	58.5862785723831	3.60000000000008e-26	1916	0	692	0	1	0	0	1	1	0	-	0	1	0	1	1	-	1	1	1	1	1	59111
hmmscan	58.7358103063541	3.09999999999997e-26	1916	0	692	0	1	0	0	1	1	0	-	0	1	0	1	1	-	1	1	1	1	1	58633
hmmscan	58.9117009728177	2.60000000000014e-26	1916	0	692	0	1	0	0	1	1	0	-	0	1	0	1	1	-	1	1	1	1	1	58283
hmmscan	59.0787550574809	2.20000000000004e-26	1916	0	692	0	1	0	0	1	1	0	-	0	1	0	1	1	-	1	1	1	1	1	57835
hmmscan	59.2253585316728	1.89999999999998e-26	1916	0	692	0	1	0	0	1	1	0	-	0	1	0	1	1	-	1	1	1	1	1	57321
hmmscan	59.3972087885994	1.60000000000008e-26	1916	0	692	0	1	0	0	1	1	0	-	0	1	0	1	1	-	1	1	1	1	1	57032
hmmscan	59.6048481533777	1.29999999999999e-26	1916	0	692	0	1	0	0	1	1	0	-	0	1	0	1	1	-	1	1	1	1	1	56373
hmmscan	59.7719022380409	1.09999999999996e-26	1916	0	692	0	1	0	0	1	1	0	-	0	1	0	1	1	-	1	1	1	1	1	55931
hmmscan	59.9185057122327	9.50000000000035e-27	1916	0	692	0	1	0	0	1	1	0	-	0	1	0	1	1	-	1	1	1	1	1	55720
hmmscan	60.1156737771437	7.79999999999992e-27	1916	0	692	0	1	0	0	1	1	0	-	0	1	0	1	1	-	1	1	1	1	1	55267
hmmscan	60.2979953339376	6.50000000000028e-27	1916	0	692	0	1	0	0	1	1	0	-	0	1	0	1	1	-	1	1	1	1	1	54863
hmmscan	60.5020906902812	5.29999999999977e-27	1916	0	692	0	1	0	0	1	1	0	-	0	1	0	1	1	-	1	1	1	1	1	54418
hmmscan	60.7111824881397	4.30000000000008e-27	1916	0	692	0	1	0	0	1	1	0	-	0	1	0	1	1	-	1	1	1	1	1	54045
hmmscan	60.9170345423439	3.49999999999988e-27	1916	0	692	0	1	0	0	1	1	0	-	0	1	0	1	1	-	1	1	1	1	1	53575
hmmscan	61.1050867738468	2.90000000000001e-27	1916	0	692	0	1	0	0	1	1	0	-	0	1	0	1	1	-	1	1	1	1	1	53243
hmmscan	61.2943287734853	2.40000000000009e-27	1916	0	692	0	1	0	0	1	1	0	-	0	1	0	1	1	-	1	1	1	1	1	52813
hmmscan	61.5279436246668	1.90000000000008e-27	1916	0	692	0	1	0	0	1	1	0	-	0	1	0	1	1	-	1	1	1	1	1	52384
hmmscan	61.7643324027311	1.49999999999995e-27	1916	0	692	0	1	0	0	1	1	0	-	0	1	0	1	1	-	1	1	1	1	1	51778
hmmscan	61.9874759540453	1.19999999999997e-27	1916	0	692	0	1	0	0	1	1	0	-	0	1	0	1	1	-	1	1	1	1	1	51346
hmmscan	62.2002567183239	9.70000000000041e-28	1916	0	692	0	1	0	0	1	1	0	-	0	1	0	1	1	-	1	1	1	1	1	51054
hmmscan	62.3929410621534	8.00000000000037e-28	1916	0	692	0	1	0	0	1	1	0	-	0	1	0	1	1	-	1	1	1	1	1	50659
hmmscan	62.6160846134677	6.39999999999971e-28	1916	0	692	0	1	0	0	1	1	0	-	0	1	0	1	1	-	1	1	1	1	1	50196
hmmscan	62.8237239782459	5.19999999999998e-28	1916	0	692	0	1	0	0	1	1	0	-	0	1	0	1	1	-	1	1	1	1	1	49781
hmmscan	63.037298078544	4.19999999999983e-28	1916	0	692	0	1	0	0	1	1	0	-	0	1	0	1	1	-	1	1	1	1	1	49355
hmmscan	63.2486071722112	3.39999999999987e-28	1916	0	692	0	1	0	0	1	1	0	-	0	1	0	1	1	-	1	1	1	1	1	48904
hmmscan	63.479130830823	2.69999999999998e-28	1916	0	692	0	1	0	0	1	1	0	-	0	1	0	1	1	-	1	1	1	1	1	48459
hmmscan	63.683925243469	2.20000000000002e-28	1916	0	692	0	1	0	0	1	1	0	-	0	1	0	1	1	-	1	1	1	1	1	48151
hmmscan	63.9417543527711	1.70000000000002e-28	1916	0	692	0	1	0	0	1	1	0	-	0	1	0	1	1	-	1	1	1	1	1	47698
hmmscan	64.1359103672121	1.39999999999995e-28	1916	0	692	0	1	0	0	1	1	0	-	0	1	0	1	1	-	1	1	1	1	1	47201
hmmscan	64.377072424029	1.09999999999996e-28	1916	0	692	0	1	0	0	1	1	0	-	0	1	0	1	1	-	1	1	1	1	1	46739
hmmscan	64.5889164200892	8.90000000000022e-29	1916	0	692	0	1	0	0	1	1	0	-	0	1	0	1	1	-	1	1	1	1	1	46419
hmmscan	64.8148729127801	7.09999999999966e-29	1916	0	692	0	1	0	0	1	1	0	-	0	1	0	1	1	-	1	1	1	1	1	45977
hmmscan	65.0345015219868	5.70000000000013e-29	1916	0	692	0	1	0	0	1	1	0	-	0	1	0	1	1	-	1	1	1	1	1	45562
hmmscan	65.2489113933323	4.59999999999986e-29	1916	0	692	0	1	0	0	1	1	0	-	0	1	0	1	1	-	1	1	1	1	1	45127
hmmscan	65.4940338513653	3.59999999999985e-29	1916	0	692	0	1	0	0	1	1	0	-	0	1	0	1	1	-	1	1	1	1	1	44662
hmmscan	65.7102569598349	2.90000000000001e-29	1916	0	692	0	1	0	0	1	1	0	-	0	1	0	1	1	-	1	1	1	1	1	44353
hmmscan	65.9420585738922	2.30000000000005e-29	1916	0	692	0	1	0	0	1	1	0	-	0	1	0	1	1	-	1	1	1	1	1	43920
hmmscan	66.1871810319252	1.8e-29	1916	0	692	0	1	0	0	1	1	0	-	0	1	0	1	1	-	1	1	1	1	1	43463
hmmscan	66.4384954602061	1.40000000000002e-29	1916	0	692	0	1	0	0	1	1	0	-	0	1	0	1	1	-	1	1	1	1	1	43032
hmmscan	66.5926461400334	1.19999999999997e-29	1916	0	692	0	1	0	0	1	1	0	-	0	1	0	1	1	-	1	1	1	1	1	42600
hmmscan	66.8583493057664	9.19999999999982e-30	1916	0	692	0	1	0	0	1	1	0	-	0	1	0	1	1	-	1	1	1	1	1	42169
hmmscan	67.0760727896112	7.40000000000032e-30	1916	0	692	0	1	0	0	1	1	0	-	0	1	0	1	1	-	1	1	1	1	1	41764
hmmscan	67.2692640186421	6.1e-30	1916	0	692	0	1	0	0	1	1	0	-	0	1	0	1	1	-	1	1	1	1	1	41361
hmmscan	67.4883175847048	4.89999999999994e-30	1916	0	692	0	1	0	0	1	1	0	-	0	1	0	1	1	-	1	1	1	1	1	40907
hmmscan	67.7165762366858	3.8999999999999e-30	1916	0	692	0	1	0	0	1	1	0	-	0	1	0	1	1	-	1	1	1	1	1	40449
hmmscan	67.9144019800157	3.19999999999998e-30	1916	0	692	0	1	0	0	1	1	0	-	0	1	0	1	1	-	1	1	1	1	1	40027
hmmscan	68.0843010168111	2.69999999999997e-30	1916	0	692	0	1	0	0	1	1	0	-	0	1	0	1	1	-	1	1	1	1	1	39635
hmmscan	68.335615445092	2.09999999999998e-30	1916	0	692	0	1	0	0	1	1	0	-	0	1	0	1	1	-	1	1	1	1	1	39158
hmmscan	68.4897661249193	1.79999999999991e-30	1916	0	692	0	1	0	0	1	1	0	-	0	1	0	1	1	-	1	1	1	1	1	38794
hmmscan	68.6720876817132	1.50000000000002e-30	1916	0	692	0	1	0	0	1	1	0	-	0	1	0	1	1	-	1	1	1	1	1	38518
hmmscan	68.8952312330274	1.20000000000002e-30	1916	0	692	0	1	0	0	1	1	0	-	0	1	0	1	1	-	1	1	1	1	1	38088
hmmscan	69.1080119973061	9.69999999999986e-31	1916	0	692	0	1	0	0	1	1	0	-	0	1	0	1	1	-	1	1	1	1	1	37523
hmmscan	69.3006963411356	7.9999999999998e-31	1916	0	692	0	1	0	0	1	1	0	-	0	1	0	1	1	-	1	1	1	1	1	37111
hmmscan	69.5083357059138	6.5000000000002e-31	1916	0	692	0	1	0	0	1	1	0	-	0	1	0	1	1	-	1	1	1	1	1	36699
hmmscan	69.7124310622573	5.30000000000024e-31	1916	0	692	0	1	0	0	1	1	0	-	0	1	0	1	1	-	1	1	1	1	1	36279
hmmscan	69.9215228601159	4.3e-31	1916	0	692	0	1	0	0	1	1	0	-	0	1	0	1	1	-	1	1	1	1	1	35869
hmmscan	70.12737491432	3.50000000000017e-31	1916	0	692	0	1	0	0	1	1	0	-	0	1	0	1	1	-	1	1	1	1	1	35436
hmmscan	70.3505184656343	2.7999999999999e-31	1916	0	692	0	1	0	0	1	1	0	-	0	1	0	1	1	-	1	1	1	1	1	34951
hmmscan	70.5472287598803	2.30000000000003e-31	1916	0	692	0	1	0	0	1	1	0	-	0	1	0	1	1	-	1	1	1	1	1	34613
hmmscan	70.738283996643	1.90000000000003e-31	1916	0	692	0	1	0	0	1	1	0	-	0	1	0	1	1	-	1	1	1	1	1	34222
hmmscan	70.9746727747073	1.49999999999993e-31	1916	0	692	0	1	0	0	1	1	0	-	0	1	0	1	1	-	1	1	1	1	1	33636
hmmscan	71.1978163260215	1.19999999999996e-31	1916	0	692	0	1	0	0	1	1	0	-	0	1	0	1	1	-	1	1	1	1	1	33199
hmmscan	71.4209598773357	9.59999999999968e-32	1916	0	692	0	1	0	0	1	1	0	-	0	1	0	1	1	-	1	1	1	1	1	32881
hmmscan	71.6545747285172	7.59999999999979e-32	1916	0	692	0	1	0	0	1	1	0	-	0	1	0	1	1	-	1	1	1	1	1	32447
hmmscan	71.8744342046302	6.09999999999995e-32	1916	0	692	0	1	0	0	1	1	0	-	0	1	0	1	1	-	1	1	1	1	1	32037
hmmscan	72.1141070578956	4.80000000000011e-32	1916	0	692	0	1	0	0	1	1	0	-	0	1	0	1	1	-	1	1	1	1	1	31653
hmmscan	72.3217464226739	3.89999999999986e-32	1916	0	692	0	1	0	0	1	1	0	-	0	1	0	1	1	-	1	1	1	1	1	31196
hmmscan	72.5513208643184	3.09999999999988e-32	1916	0	692	0	1	0	0	1	1	0	-	0	1	0	1	1	-	1	1	1	1	1	30745
hmmscan	72.7664322439353	2.50000000000002e-32	1916	0	692	0	1	0	0	1	1	0	-	0	1	0	1	1	-	1	1	1	1	1	30415
hmmscan	72.9895757952495	2.00000000000005e-32	1916	0	692	0	1	0	0	1	1	0	-	0	1	0	1	1	-	1	1	1	1	1	29987
hmmscan	73.2127193465637	1.60000000000004e-32	1916	0	692	0	1	0	0	1	1	0	-	0	1	0	1	1	-	1	1	1	1	1	29585
hmmscan	73.420358711342	1.29999999999996e-32	1916	0	692	0	1	0	0	1	1	0	-	0	1	0	1	1	-	1	1	1	1	1	29061
hmmscan	73.6827229758095	9.99999999999965e-33	1916	0	692	0	1	0	0	1	1	0	-	0	1	0	1	1	-	1	1	1	1	1	28634
hmmscan	73.9184453093305	7.9000000000003e-33	1916	0	692	0	1	0	0	1	1	0	-	0	1	0	1	1	-	1	1	1	1	1	28263
hmmscan	74.1770192976242	6.10000000000026e-33	1916	0	692	0	1	0	0	1	1	0	-	0	1	0	1	1	-	1	1	1	1	1	27826
hmmscan	74.4377455600875	4.69999999999994e-33	1916	0	692	0	1	0	0	1	1	0	-	0	1	0	1	1	-	1	1	1	1	1	27376
hmmscan	74.7043742233414	3.60000000000014e-33	1916	0	692	0	1	0	0	1	1	0	-	0	1	0	1	1	-	1	1	1	1	1	27008
hmmscan	74.9556886516224	2.79999999999987e-33	1916	0	692	0	1	0	0	1	1	0	-	0	1	0	1	1	-	1	1	1	1	1	26544
hmmscan	75.2433707240741	2.10000000000007e-33	1916	0	692	0	1	0	0	1	1	0	-	0	1	0	1	1	-	1	1	1	1	1	26161
hmmscan	75.5798429606953	1.50000000000006e-33	1916	0	692	0	1	0	0	1	1	0	-	0	1	0	1	1	-	1	1	1	1	1	25726
hmmscan	75.8899978889992	1.09999999999998e-33	1916	0	692	0	1	0	0	1	1	0	-	0	1	0	1	1	-	1	1	1	1	1	25184
hmmscan	76.1837590075273	8.20000000000038e-34	1916	0	692	0	1	0	0	1	1	0	-	0	1	0	1	1	-	1	1	1	1	1	24881
hmmscan	76.5300352442452	5.79999999999989e-34	1916	0	692	0	1	0	0	1	1	0	-	0	1	0	1	1	-	1	1	1	1	1	24437
hmmscan	76.8769061880873	4.09999999999995e-34	1916	0	692	0	1	0	0	1	1	0	-	0	1	0	1	1	-	1	1	1	1	1	23988
hmmscan	77.2231824248051	2.90000000000006e-34	1916	0	692	0	1	0	0	1	1	0	-	0	1	0	1	1	-	1	1	1	1	1	23611
hmmscan	77.5947459812376	2.00000000000003e-34	1916	0	692	0	1	0	0	1	1	0	-	0	1	0	1	1	-	1	1	1	1	1	23219
hmmscan	77.9514209251763	1.40000000000007e-34	1916	0	692	0	1	0	0	1	1	0	-	0	1	0	1	1	-	1	1	1	1	1	22813
hmmscan	78.3604638546324	9.2999999999999e-35	1916	0	692	0	1	0	0	1	1	0	-	0	1	0	1	1	-	1	1	1	1	1	22322
hmmscan	78.8155259038799	5.90000000000014e-35	1916	0	692	0	1	0	0	1	1	0	-	0	1	0	1	1	-	1	1	1	1	1	21910
hmmscan	79.1794912810813	4.10000000000016e-35	1916	0	692	0	1	0	0	1	1	0	-	0	1	0	1	1	-	1	1	1	1	1	21492
hmmscan	79.5608588376104	2.80000000000012e-35	1916	0	692	0	1	0	0	1	1	0	-	0	1	0	1	1	-	1	1	1	1	1	21101
hmmscan	80.0026915898895	1.79999999999997e-35	1916	0	692	0	1	0	0	1	1	0	-	0	1	0	1	1	-	1	1	1	1	1	20631
hmmscan	80.4081566979976	1.20000000000006e-35	1916	0	692	0	1	0	0	1	1	0	-	0	1	0	1	1	-	1	1	1	1	1	20294
hmmscan	80.8649151004934	7.59999999999965e-36	1916	0	692	0	1	0	0	1	1	0	-	0	1	0	1	1	-	1	1	1	1	1	19779
hmmscan	81.2836254353515	5.00000000000024e-36	1916	0	692	0	1	0	0	1	1	0	-	0	1	0	1	1	-	1	1	1	1	1	19377
hmmscan	81.6991408793132	3.30000000000002e-36	1916	0	692	0	1	0	0	1	1	0	-	0	1	0	1	1	-	1	1	1	1	1	18962
hmmscan	82.1511260030563	2.09999999999992e-36	1916	0	692	0	1	0	0	1	1	0	-	0	1	0	1	1	-	1	1	1	1	1	18478
hmmscan	82.5565911111644	1.40000000000005e-36	1916	0	692	0	1	0	0	1	1	0	-	0	1	0	1	1	-	1	1	1	1	1	18165
hmmscan	83.0438862375202	8.60000000000026e-37	1916	0	692	0	1	0	0	1	1	0	-	0	1	0	1	1	-	1	1	1	1	1	17691
hmmscan	83.6064132356631	4.90000000000006e-37	1916	0	692	0	1	0	0	1	1	0	-	0	1	0	1	1	-	1	1	1	1	1	17260
hmmscan	84.1309377037873	2.8999999999999e-37	1916	0	692	0	1	0	0	1	1	0	-	0	1	0	1	1	-	1	1	1	1	1	16821
hmmscan	84.6650201897175	1.70000000000004e-37	1916	0	692	0	1	0	0	1	1	0	-	0	1	0	1	1	-	1	1	1	1	1	16439
hmmscan	85.2575238444978	9.39999999999982e-38	1916	0	692	0	1	0	0	1	1	0	-	0	1	0	1	1	-	1	1	1	1	1	15989
hmmscan	85.9506710250577	4.7000000000001e-38	1916	0	692	0	1	0	0	1	1	0	-	0	1	0	1	1	-	1	1	1	1	1	15580
hmmscan	86.8050863532138	1.99999999999999e-38	1916	0	692	0	1	0	0	1	1	0	-	0	1	0	1	1	-	1	1	1	1	1	15171
hmmscan	87.8407238427205	7.10000000000013e-39	1916	0	692	0	1	0	0	1	1	0	-	0	1	0	1	1	-	1	1	1	1	1	14725
hmmscan	89.0588812820384	2.10000000000001e-39	1916	0	692	0	1	0	0	1	1	0	-	0	1	0	1	1	-	1	1	1	1	1	14314
hmmscan	90.0621833909022	7.69999999999987e-40	1916	0	692	0	1	0	0	1	1	0	-	0	1	0	1	1	-	1	1	1	1	1	13879
hmmscan	91.4615498335894	1.90000000000006e-40	1916	0	692	0	1	0	0	1	1	0	-	0	1	0	1	1	-	1	1	1	1	1	13473
hmmscan	93.1822133811338	3.39999999999983e-41	1916	0	692	0	1	0	0	1	1	0	-	0	1	0	1	1	-	1	1	1	1	1	13032
hmmscan	94.8367717288483	6.50000000000015e-42	1916	0	692	0	1	0	0	1	1	0	-	0	1	0	1	1	-	1	1	1	1	1	12615
hmmscan	96.6132637259456	1.09999999999999e-42	1916	0	692	0	1	0	0	1	1	0	-	0	1	0	1	1	-	1	1	1	1	1	12192
hmmscan	99.011158998744	9.9999999999997e-44	1916	0	692	0	1	0	0	1	1	0	-	0	1	0	1	1	-	1	1	1	1	1	11766
hmmscan	104.666151309231	3.49999999999908e-46	1916	0	692	0	1	0	0	1	1	0	-	0	1	0	1	1	-	1	1	1	1	1	11345
hmmscan	108.126189190916	1.09999999999981e-47	1916	0	692	0	1	0	0	1	1	0	-	0	1	0	1	1	-	1	1	1	1	1	10913
hmmscan	111.573906588213	3.49999999999952e-49	1916	0	692	0	1	0	0	1	1	0	-	0	1	0	1	1	-	1	1	1	1	1	10498
hmmscan	114.659251020457	1.59999999999927e-50	1916	0	692	0	1	0	0	1	1	0	-	0	1	0	1	1	-	1	1	1	1	1	10078
hmmscan	117.336529562892	1.10000000000001e-51	1916	0	692	0	1	0	0	1	1	0	-	0	1	0	1	1	-	1	1	1	1	1	9661
hmmscan	120.196460295287	6.29999999999961e-53	1916	0	692	0	1	0	0	1	1	0	-	0	1	0	1	1	-	1	1	1	1	1	9232
hmmscan	123.423304289804	2.50000000000079e-54	1916	0	692	0	1	0	0	1	1	0	-	0	1	0	1	1	-	1	1	1	1	1	8813
hmmscan	126.172176485427	1.59999999999964e-55	1916	0	692	0	1	0	0	1	1	0	-	0	1	0	1	1	-	1	1	1	1	1	8381
hmmscan	131.319920993495	9.30000000000406e-58	1916	0	692	0	1	0	0	1	1	0	-	0	1	0	1	1	-	1	1	1	1	1	7968
hmmscan	143.701884305489	3.90000000000113e-63	1912	0	692	4	0.997912317327766	0	0.00208768267223382	1	1	0.00574712643678161	-	0.00208768267223382	0.998466257668712	0	0.994252873563218	0.994252873563218	0	0.998956158663883	0.998955067920585	0.998955613292085	0.996080914919698	0.997912317327766	7550
hmmscan	150.178856668379	5.99999999999969e-66	1910	0	692	6	0.996868475991649	0	0.00313152400835073	1	1	0.00859598853868195	-	0.00313152400835073	0.997699386503067	0	0.991404011461318	0.991404011461318	0	0.998434237995825	0.998431782540512	0.998433010267414	0.994132489156979	0.996868475991649	7126
hmmscan	157.962080684715	2.49999999999998e-69	1902	0	692	14	0.992693110647182	0	0.00730688935281837	1	1	0.0198300283286119	-	0.00730688935281837	0.994631901840491	0	0.980169971671388	0.980169971671388	0	0.996346555323591	0.996333158721844	0.996339857000201	0.986411667683138	0.992693110647182	6716
hmmscan	168.098762124419	9.89999999999827e-74	1807	0	692	109	0.943110647181628	0	0.0568893528183716	1	1	0.136079900124844	-	0.0568893528183716	0.958205521472393	0	0.863920099875156	0.863920099875156	0	0.971555323590814	0.970722535589578	0.97113884032183	0.902647353348181	0.943110647181628	6391
hmmscan	173.171917775496	6.20000000000256e-76	1732	0	692	184	0.903966597077244	0	0.0960334029227557	1	1	0.210045662100457	-	0.0960334029227557	0.929447852760736	0	0.789954337899543	0.789954337899543	0	0.951983298538622	0.949561403508772	0.950771579864083	0.845039842065129	0.903966597077244	6048
hmmscan	177.793348482356	6.10000000000176e-78	1599	0	692	317	0.83455114822547	0	0.16544885177453	1	1	0.314172447968285	-	0.16544885177453	0.878450920245399	0	0.685827552031715	0.685827552031715	0	0.917275574112735	0.909815078236131	0.913537710346688	0.756543568496045	0.83455114822547	5764
hmmscan	181.1622850018	2.10000000000049e-79	1470	0	692	446	0.767223382045929	0	0.232776617954071	1	1	0.391915641476274	-	0.232776617954071	0.82898773006135	0	0.608084358523726	0.608084358523726	0	0.883611691022965	0.86828115770821	0.875912884963984	0.683034800076689	0.767223382045929	5479
hmmscan	185.005315135741	4.50000000000192e-81	1374	0	692	542	0.717118997912317	0	0.282881002087683	1	1	0.439222042139384	-	0.282881002087683	0.792177914110429	0	0.560777957860616	0.560777957860616	0	0.858559498956159	0.835258358662614	0.84682878901955	0.634148663321402	0.717118997912317	5157
hmmscan	187.979068502577	2.29999999999916e-82	1284	0	692	632	0.670146137787056	0	0.329853862212944	1	1	0.477341389728097	-	0.329853862212944	0.757668711656442	0	0.522658610271903	0.522658610271903	0	0.835073068893528	0.8025	0.818624540181307	0.591825691445434	0.670146137787056	4831
hmmscan	192.500857079626	2.4999999999992e-84	1223	0	692	693	0.638308977035491	0	0.361691022964509	1	1	0.500361010830325	-	0.361691022964509	0.734279141104294	0	0.499638989169675	0.499638989169675	0	0.819154488517745	0.779229053838802	0.798942411588902	0.564733611593946	0.638308977035491	4480
hmmscan	196.713985177838	3.69999999999908e-86	1192	0	692	724	0.622129436325679	0	0.377870563674321	1	1	0.511299435028249	-	0.377870563674321	0.72239263803681	0	0.488700564971751	0.488700564971751	0	0.811064718162839	0.767052767052767	0.788751821757439	0.551393695119845	0.622129436325679	4091
hmmscan	200.37619638487	9.49999999999536e-88	1151	0	692	765	0.600730688935282	0	0.399269311064718	1	1	0.525051475634866	-	0.399269311064718	0.706671779141104	0	0.474948524365134	0.474948524365134	0	0.800365344467641	0.750570590153244	0.775068183410519	0.534149936114067	0.600730688935282	3716
hmmscan	203.649139431008	3.60000000000002e-89	1113	0	692	803	0.580897703549061	0	0.419102296450939	1	1	0.537123745819398	-	0.419102296450939	0.692101226993865	0	0.462876254180602	0.462876254180602	0	0.79044885177453	0.734896005282271	0.762166453964658	0.518540020712869	0.580897703549061	3345
hmmscan	206.399749246529	2.29999999999999e-90	1090	0	692	826	0.568893528183716	0	0.431106471816284	1	1	0.544137022397892	-	0.431106471816284	0.683282208588957	0	0.455862977602108	0.455862977602108	0	0.784446764091858	0.72521623419827	0.754250308706411	0.50925190004201	0.568893528183716	2951
hmmscan	209.555446169776	9.79999999999692e-92	1070	0	692	846	0.558455114822547	0	0.441544885177453	1	1	0.550065019505852	-	0.441544885177453	0.675613496932515	0	0.449934980494148	0.449934980494148	0	0.779227557411273	0.716677829872739	0.747298544640994	0.501266886193912	0.558455114822547	2542
hmmscan	214.586700751075	6.39999999999788e-94	1000	0	692	916	0.521920668058455	0	0.478079331941545	1	1	0.569651741293532	-	0.478079331941545	0.648773006134969	0	0.430348258706468	0.430348258706468	0	0.760960334029228	0.685871056241427	0.722440771315168	0.473927896079005	0.521920668058455	2193
hmmscan	219.687192374293	3.89999999999914e-96	803	0	692	1113	0.419102296450939	0	0.580897703549061	1	1	0.616620498614958	-	0.580897703549061	0.573236196319018	0	0.383379501385042	0.383379501385042	0	0.70955114822547	0.590658330268481	0.647381106034876	0.400843148179792	0.419102296450939	1987
hmmscan	224.084723195503	4.79999999999829e-98	634	0	692	1282	0.330897703549061	0	0.669102296450939	1	1	0.649442755825735	-	0.669102296450939	0.508435582822086	0	0.350557244174265	0.350557244174265	0	0.66544885177453	0.497254901960784	0.575237084643419	0.340585653044505	0.330897703549061	1763
hmmscan	228.284428273383	7.19999999999672e-100	466	0	692	1450	0.24321503131524	0	0.75678496868476	1	1	0.676937441643324	-	0.75678496868476	0.444018404907975	0	0.323062558356676	0.323062558356676	0	0.62160751565762	0.391267842149454	0.493168360010291	0.280309953885873	0.24321503131524	1553
hmmscan	233.140912887652	5.59999999999748e-102	319	0	692	1597	0.166492693110647	0	0.833507306889353	1	1	0.697684578418523	-	0.833507306889353	0.387653374233129	0	0.302315421581477	0.302315421581477	0	0.583246346555324	0.285458612975391	0.408035161610672	0.224350860724849	0.166492693110647	1305
hmmscan	236.903900313919	1.30000000000028e-103	233	0	692	1683	0.12160751565762	0	0.87839248434238	1	1	0.708631578947368	-	0.87839248434238	0.354677914110429	0	0.291368421052632	0.291368421052631	0	0.56080375782881	0.216845044206608	0.348722691629925	0.188235463782184	0.12160751565762	989
hmmscan	241.183648099473	1.79999999999941e-105	166	0	692	1750	0.0866388308977036	0	0.913361169102296	1	1	0.716625716625717	-	0.913361169102296	0.32898773006135	0	0.283374283374283	0.283374283374283	0	0.543319415448852	0.159462055715658	0.294344748377992	0.156688278495944	0.0866388308977036	646
hmmscan	255.659516015174	9.29999999999907e-112	119	0	692	1797	0.0621085594989562	0	0.937891440501044	1	1	0.721976697468863	-	0.937891440501044	0.310966257668712	0	0.278023302531137	0.278023302531137	0	0.531054279749478	0.116953316953317	0.249215889338854	0.131406342416762	0.0621085594989562	280
hmmscan	398.595682447268	7.800000000003e-174	0	0	692	1916	0	0	1	1	-	0.734662576687117	-	1	0.265337423312883	-	0.265337423312883	-	0	0.5	0	-	-	0	1
