Method	Threshold	e-value	TP	FP	TN	FN	TPR	FPR	FNR	TNR	PPV	FOR	LR+	LR-	ACC	FDR	NPV	MK	DOR	BA	F1	FM	MCC	Jaccard	Potential_BLAs
MMSeqs2	6.91881622634156	0.000989000000000002	1916	560	132	0	1	0.809248554913295	0	0.190751445086705	0.773828756058158	0	1.23571428571429	0	0.785276073619632	0.226171243941842	1	0.773828756058158	-	0.595375722543353	0.872495446265938	0.879675369700754	0.384199106542091	0.773828756058158	410382
MMSeqs2	6.92897891543376	0.000979000000000004	1916	560	132	0	1	0.809248554913295	0	0.190751445086705	0.773828756058158	0	1.23571428571429	0	0.785276073619632	0.226171243941842	1	0.773828756058158	-	0.595375722543353	0.872495446265938	0.879675369700754	0.384199106542091	0.773828756058158	409980
MMSeqs2	6.94131206251098	0.000966999999999999	1916	560	132	0	1	0.809248554913295	0	0.190751445086705	0.773828756058158	0	1.23571428571429	0	0.785276073619632	0.226171243941842	1	0.773828756058158	-	0.595375722543353	0.872495446265938	0.879675369700754	0.384199106542091	0.773828756058158	409525
MMSeqs2	6.95170716651132	0.000957	1916	560	132	0	1	0.809248554913295	0	0.190751445086705	0.773828756058158	0	1.23571428571429	0	0.785276073619632	0.226171243941842	1	0.773828756058158	-	0.595375722543353	0.872495446265938	0.879675369700754	0.384199106542091	0.773828756058158	409221
MMSeqs2	6.96432563047053	0.000945000000000002	1916	560	132	0	1	0.809248554913295	0	0.190751445086705	0.773828756058158	0	1.23571428571429	0	0.785276073619632	0.226171243941842	1	0.773828756058158	-	0.595375722543353	0.872495446265938	0.879675369700754	0.384199106542091	0.773828756058158	408738
MMSeqs2	6.97603411973543	0.000934000000000002	1916	560	132	0	1	0.809248554913295	0	0.190751445086705	0.773828756058158	0	1.23571428571429	0	0.785276073619632	0.226171243941842	1	0.773828756058158	-	0.595375722543353	0.872495446265938	0.879675369700754	0.384199106542091	0.773828756058158	408347
MMSeqs2	6.98896533440768	0.000922000000000001	1916	560	132	0	1	0.809248554913295	0	0.190751445086705	0.773828756058158	0	1.23571428571429	0	0.785276073619632	0.226171243941842	1	0.773828756058158	-	0.595375722543353	0.872495446265938	0.879675369700754	0.384199106542091	0.773828756058158	407911
MMSeqs2	6.99987056788994	0.000912000000000002	1916	560	132	0	1	0.809248554913295	0	0.190751445086705	0.773828756058158	0	1.23571428571429	0	0.785276073619632	0.226171243941842	1	0.773828756058158	-	0.595375722543353	0.872495446265938	0.879675369700754	0.384199106542091	0.773828756058158	407503
MMSeqs2	7.01200530035594	0.000900999999999996	1916	560	132	0	1	0.809248554913295	0	0.190751445086705	0.773828756058158	0	1.23571428571429	0	0.785276073619632	0.226171243941842	1	0.773828756058158	-	0.595375722543353	0.872495446265938	0.879675369700754	0.384199106542091	0.773828756058158	407056
MMSeqs2	7.02879360735919	0.000886000000000003	1916	560	132	0	1	0.809248554913295	0	0.190751445086705	0.773828756058158	0	1.23571428571429	0	0.785276073619632	0.226171243941842	1	0.773828756058158	-	0.595375722543353	0.872495446265938	0.879675369700754	0.384199106542091	0.773828756058158	406668
MMSeqs2	7.04128667160666	0.000874999999999999	1916	555	137	0	1	0.802023121387283	0	0.197976878612717	0.775394577094294	0	1.24684684684685	0	0.787193251533742	0.224605422905706	1	0.775394577094294	-	0.598988439306358	0.873489856393891	0.880564919295729	0.391803774951641	0.775394577094294	406179
MMSeqs2	7.04816743269888	0.000869000000000002	1916	555	137	0	1	0.802023121387283	0	0.197976878612717	0.775394577094294	0	1.24684684684685	0	0.787193251533742	0.224605422905706	1	0.775394577094294	-	0.598988439306358	0.873489856393891	0.880564919295729	0.391803774951641	0.775394577094294	405841
MMSeqs2	7.05857816871672	0.00086	1916	555	137	0	1	0.802023121387283	0	0.197976878612717	0.775394577094294	0	1.24684684684685	0	0.787193251533742	0.224605422905706	1	0.775394577094294	-	0.598988439306358	0.873489856393891	0.880564919295729	0.391803774951641	0.775394577094294	405428
MMSeqs2	7.07027420847991	0.000850000000000002	1916	555	137	0	1	0.802023121387283	0	0.197976878612717	0.775394577094294	0	1.24684684684685	0	0.787193251533742	0.224605422905706	1	0.775394577094294	-	0.598988439306358	0.873489856393891	0.880564919295729	0.391803774951641	0.775394577094294	405063
MMSeqs2	7.08329985149707	0.000838999999999998	1916	553	139	0	1	0.799132947976879	0	0.200867052023121	0.776022681247469	0	1.25135623869801	0	0.787960122699387	0.223977318752531	1	0.776022681247469	-	0.600433526011561	0.873888255416192	0.880921495507669	0.394813105513555	0.776022681247469	404588
MMSeqs2	7.09649740357901	0.000828000000000004	1916	553	139	0	1	0.799132947976879	0	0.200867052023121	0.776022681247469	0	1.25135623869801	0	0.787960122699387	0.223977318752531	1	0.776022681247469	-	0.600433526011561	0.873888255416192	0.880921495507669	0.394813105513555	0.776022681247469	404205
MMSeqs2	7.10620621770598	0.000819999999999996	1916	553	139	0	1	0.799132947976879	0	0.200867052023121	0.776022681247469	0	1.25135623869801	0	0.787960122699387	0.223977318752531	1	0.776022681247469	-	0.600433526011561	0.873888255416192	0.880921495507669	0.394813105513555	0.776022681247469	403741
MMSeqs2	7.11724250384886	0.000811000000000001	1916	553	139	0	1	0.799132947976879	0	0.200867052023121	0.776022681247469	0	1.25135623869801	0	0.787960122699387	0.223977318752531	1	0.776022681247469	-	0.600433526011561	0.873888255416192	0.880921495507669	0.394813105513555	0.776022681247469	403378
MMSeqs2	7.12591128878531	0.000803999999999998	1916	553	139	0	1	0.799132947976879	0	0.200867052023121	0.776022681247469	0	1.25135623869801	0	0.787960122699387	0.223977318752531	1	0.776022681247469	-	0.600433526011561	0.873888255416192	0.880921495507669	0.394813105513555	0.776022681247469	402939
MMSeqs2	7.14221259019662	0.000791	1916	553	139	0	1	0.799132947976879	0	0.200867052023121	0.776022681247469	0	1.25135623869801	0	0.787960122699387	0.223977318752531	1	0.776022681247469	-	0.600433526011561	0.873888255416192	0.880921495507669	0.394813105513555	0.776022681247469	402579
MMSeqs2	7.16007020759663	0.000776999999999998	1916	553	139	0	1	0.799132947976879	0	0.200867052023121	0.776022681247469	0	1.25135623869801	0	0.787960122699387	0.223977318752531	1	0.776022681247469	-	0.600433526011561	0.873888255416192	0.880921495507669	0.394813105513555	0.776022681247469	402117
MMSeqs2	7.17432838822368	0.000766000000000002	1916	553	139	0	1	0.799132947976879	0	0.200867052023121	0.776022681247469	0	1.25135623869801	0	0.787960122699387	0.223977318752531	1	0.776022681247469	-	0.600433526011561	0.873888255416192	0.880921495507669	0.394813105513555	0.776022681247469	401706
MMSeqs2	7.18879280871525	0.000755	1916	553	139	0	1	0.799132947976879	0	0.200867052023121	0.776022681247469	0	1.25135623869801	0	0.787960122699387	0.223977318752531	1	0.776022681247469	-	0.600433526011561	0.873888255416192	0.880921495507669	0.394813105513555	0.776022681247469	401302
MMSeqs2	7.19944537283146	0.000746999999999998	1916	553	139	0	1	0.799132947976879	0	0.200867052023121	0.776022681247469	0	1.25135623869801	0	0.787960122699387	0.223977318752531	1	0.776022681247469	-	0.600433526011561	0.873888255416192	0.880921495507669	0.394813105513555	0.776022681247469	400846
MMSeqs2	7.2115667333638	0.000738000000000001	1916	553	139	0	1	0.799132947976879	0	0.200867052023121	0.776022681247469	0	1.25135623869801	0	0.787960122699387	0.223977318752531	1	0.776022681247469	-	0.600433526011561	0.873888255416192	0.880921495507669	0.394813105513555	0.776022681247469	400581
MMSeqs2	7.21973004400296	0.000732000000000002	1916	553	139	0	1	0.799132947976879	0	0.200867052023121	0.776022681247469	0	1.25135623869801	0	0.787960122699387	0.223977318752531	1	0.776022681247469	-	0.600433526011561	0.873888255416192	0.880921495507669	0.394813105513555	0.776022681247469	400094
MMSeqs2	7.23348541907145	0.000721999999999998	1916	552	140	0	1	0.797687861271676	0	0.202312138728324	0.776337115072934	0	1.2536231884058	0	0.788343558282209	0.223662884927066	1	0.776337115072934	-	0.601156069364162	0.874087591240876	0.881099946131501	0.396311016910434	0.776337115072934	399625
MMSeqs2	7.24322801527027	0.000714999999999998	1916	552	140	0	1	0.797687861271676	0	0.202312138728324	0.776337115072934	0	1.2536231884058	0	0.788343558282209	0.223662884927066	1	0.776337115072934	-	0.601156069364162	0.874087591240876	0.881099946131501	0.396311016910434	0.776337115072934	399216
MMSeqs2	7.26015366615361	0.000702999999999999	1916	552	140	0	1	0.797687861271676	0	0.202312138728324	0.776337115072934	0	1.2536231884058	0	0.788343558282209	0.223662884927066	1	0.776337115072934	-	0.601156069364162	0.874087591240876	0.881099946131501	0.396311016910434	0.776337115072934	398803
MMSeqs2	7.27448055877437	0.000693	1916	552	140	0	1	0.797687861271676	0	0.202312138728324	0.776337115072934	0	1.2536231884058	0	0.788343558282209	0.223662884927066	1	0.776337115072934	-	0.601156069364162	0.874087591240876	0.881099946131501	0.396311016910434	0.776337115072934	398463
MMSeqs2	7.29341775979412	0.000680000000000001	1916	552	140	0	1	0.797687861271676	0	0.202312138728324	0.776337115072934	0	1.2536231884058	0	0.788343558282209	0.223662884927066	1	0.776337115072934	-	0.601156069364162	0.874087591240876	0.881099946131501	0.396311016910434	0.776337115072934	397998
MMSeqs2	7.31122238442763	0.000667999999999999	1916	552	140	0	1	0.797687861271676	0	0.202312138728324	0.776337115072934	0	1.2536231884058	0	0.788343558282209	0.223662884927066	1	0.776337115072934	-	0.601156069364162	0.874087591240876	0.881099946131501	0.396311016910434	0.776337115072934	397562
MMSeqs2	7.3232707229438	0.000660000000000002	1916	552	140	0	1	0.797687861271676	0	0.202312138728324	0.776337115072934	0	1.2536231884058	0	0.788343558282209	0.223662884927066	1	0.776337115072934	-	0.601156069364162	0.874087591240876	0.881099946131501	0.396311016910434	0.776337115072934	397237
MMSeqs2	7.33240320650708	0.000653999999999997	1916	552	140	0	1	0.797687861271676	0	0.202312138728324	0.776337115072934	0	1.2536231884058	0	0.788343558282209	0.223662884927066	1	0.776337115072934	-	0.601156069364162	0.874087591240876	0.881099946131501	0.396311016910434	0.776337115072934	396675
MMSeqs2	7.34316426346337	0.000647000000000002	1916	551	141	0	1	0.796242774566474	0	0.203757225433526	0.776651803810296	0	1.25589836660617	0	0.788726993865031	0.223348196189704	1	0.776651803810296	-	0.601878612716763	0.874287018024184	0.881278505246949	0.397804495540622	0.776651803810296	396360
MMSeqs2	7.35874090239211	0.000637	1916	549	143	0	1	0.793352601156069	0	0.206647398843931	0.777281947261663	0	1.26047358834244	0	0.789493865030675	0.222718052738337	1	0.777281947261663	-	0.603323699421965	0.874686144715818	0.881635949392754	0.400778358410192	0.777281947261663	395959
MMSeqs2	7.37424508892808	0.000627199999999997	1916	549	143	0	1	0.793352601156069	0	0.206647398843931	0.777281947261663	0	1.26047358834244	0	0.789493865030675	0.222718052738337	1	0.777281947261663	-	0.603323699421965	0.874686144715818	0.881635949392754	0.400778358410192	0.777281947261663	395500
MMSeqs2	7.38740528527968	0.000618999999999999	1916	549	143	0	1	0.793352601156069	0	0.206647398843931	0.777281947261663	0	1.26047358834244	0	0.789493865030675	0.222718052738337	1	0.777281947261663	-	0.603323699421965	0.874686144715818	0.881635949392754	0.400778358410192	0.777281947261663	395056
MMSeqs2	7.39877827545195	0.000611999999999999	1916	549	143	0	1	0.793352601156069	0	0.206647398843931	0.777281947261663	0	1.26047358834244	0	0.789493865030675	0.222718052738337	1	0.777281947261663	-	0.603323699421965	0.874686144715818	0.881635949392754	0.400778358410192	0.777281947261663	394613
MMSeqs2	7.41028209993343	0.000605000000000002	1916	549	143	0	1	0.793352601156069	0	0.206647398843931	0.777281947261663	0	1.26047358834244	0	0.789493865030675	0.222718052738337	1	0.777281947261663	-	0.603323699421965	0.874686144715818	0.881635949392754	0.400778358410192	0.777281947261663	394292
MMSeqs2	7.42694915241864	0.000595000000000003	1916	549	143	0	1	0.793352601156069	0	0.206647398843931	0.777281947261663	0	1.26047358834244	0	0.789493865030675	0.222718052738337	1	0.777281947261663	-	0.603323699421965	0.874686144715818	0.881635949392754	0.400778358410192	0.777281947261663	393855
MMSeqs2	7.44732337161378	0.000583000000000001	1916	549	143	0	1	0.793352601156069	0	0.206647398843931	0.777281947261663	0	1.26047358834244	0	0.789493865030675	0.222718052738337	1	0.777281947261663	-	0.603323699421965	0.874686144715818	0.881635949392754	0.400778358410192	0.777281947261663	393454
MMSeqs2	7.45940289726838	0.000576000000000001	1916	549	143	0	1	0.793352601156069	0	0.206647398843931	0.777281947261663	0	1.26047358834244	0	0.789493865030675	0.222718052738337	1	0.777281947261663	-	0.603323699421965	0.874686144715818	0.881635949392754	0.400778358410192	0.777281947261663	393045
MMSeqs2	7.47515125423652	0.000567000000000001	1916	549	143	0	1	0.793352601156069	0	0.206647398843931	0.777281947261663	0	1.26047358834244	0	0.789493865030675	0.222718052738337	1	0.777281947261663	-	0.603323699421965	0.874686144715818	0.881635949392754	0.400778358410192	0.777281947261663	392626
MMSeqs2	7.48936108480917	0.000559000000000003	1916	549	143	0	1	0.793352601156069	0	0.206647398843931	0.777281947261663	0	1.26047358834244	0	0.789493865030675	0.222718052738337	1	0.777281947261663	-	0.603323699421965	0.874686144715818	0.881635949392754	0.400778358410192	0.777281947261663	392244
MMSeqs2	7.50559227973776	0.000549999999999999	1916	549	143	0	1	0.793352601156069	0	0.206647398843931	0.777281947261663	0	1.26047358834244	0	0.789493865030675	0.222718052738337	1	0.777281947261663	-	0.603323699421965	0.874686144715818	0.881635949392754	0.400778358410192	0.777281947261663	391745
MMSeqs2	7.51840123803034	0.000542999999999999	1916	549	143	0	1	0.793352601156069	0	0.206647398843931	0.777281947261663	0	1.26047358834244	0	0.789493865030675	0.222718052738337	1	0.777281947261663	-	0.603323699421965	0.874686144715818	0.881635949392754	0.400778358410192	0.777281947261663	391311
MMSeqs2	7.53511471900408	0.000533999999999999	1916	549	143	0	1	0.793352601156069	0	0.206647398843931	0.777281947261663	0	1.26047358834244	0	0.789493865030675	0.222718052738337	1	0.777281947261663	-	0.603323699421965	0.874686144715818	0.881635949392754	0.400778358410192	0.777281947261663	390932
MMSeqs2	7.55020934522656	0.000526000000000002	1916	549	143	0	1	0.793352601156069	0	0.206647398843931	0.777281947261663	0	1.26047358834244	0	0.789493865030675	0.222718052738337	1	0.777281947261663	-	0.603323699421965	0.874686144715818	0.881635949392754	0.400778358410192	0.777281947261663	390559
MMSeqs2	7.56940379248271	0.000516000000000001	1916	549	143	0	1	0.793352601156069	0	0.206647398843931	0.777281947261663	0	1.26047358834244	0	0.789493865030675	0.222718052738337	1	0.777281947261663	-	0.603323699421965	0.874686144715818	0.881635949392754	0.400778358410192	0.777281947261663	390157
MMSeqs2	7.58897388867681	0.000505999999999999	1916	549	143	0	1	0.793352601156069	0	0.206647398843931	0.777281947261663	0	1.26047358834244	0	0.789493865030675	0.222718052738337	1	0.777281947261663	-	0.603323699421965	0.874686144715818	0.881635949392754	0.400778358410192	0.777281947261663	389656
MMSeqs2	7.60090245954208	0.000500000000000001	1916	549	143	0	1	0.793352601156069	0	0.206647398843931	0.777281947261663	0	1.26047358834244	0	0.789493865030675	0.222718052738337	1	0.777281947261663	-	0.603323699421965	0.874686144715818	0.881635949392754	0.400778358410192	0.777281947261663	389306
MMSeqs2	7.61095279539558	0.000495000000000002	1916	549	143	0	1	0.793352601156069	0	0.206647398843931	0.777281947261663	0	1.26047358834244	0	0.789493865030675	0.222718052738337	1	0.777281947261663	-	0.603323699421965	0.874686144715818	0.881635949392754	0.400778358410192	0.777281947261663	389007
MMSeqs2	7.6231480684894	0.000489000000000001	1916	549	143	0	1	0.793352601156069	0	0.206647398843931	0.777281947261663	0	1.26047358834244	0	0.789493865030675	0.222718052738337	1	0.777281947261663	-	0.603323699421965	0.874686144715818	0.881635949392754	0.400778358410192	0.777281947261663	388512
MMSeqs2	7.63964328785851	0.000481000000000001	1916	549	143	0	1	0.793352601156069	0	0.206647398843931	0.777281947261663	0	1.26047358834244	0	0.789493865030675	0.222718052738337	1	0.777281947261663	-	0.603323699421965	0.874686144715818	0.881635949392754	0.400778358410192	0.777281947261663	388070
MMSeqs2	7.65853157237872	0.000471999999999999	1916	548	144	0	1	0.791907514450867	0	0.208092485549133	0.777597402597403	0	1.26277372262774	0	0.789877300613497	0.222402597402597	1	0.777597402597403	-	0.604046242774567	0.874885844748858	0.881814834643534	0.402258842367751	0.777597402597403	387625
MMSeqs2	7.67433373762797	0.000464599999999998	1916	547	145	0	1	0.790462427745665	0	0.209537572254335	0.77791311408851	0	1.26508226691042	0	0.790260736196319	0.22208688591149	1	0.77791311408851	-	0.604768786127168	0.875085635989952	0.881993828826772	0.403735093038636	0.77791311408851	387233
MMSeqs2	7.68646034790373	0.000458999999999999	1916	547	145	0	1	0.790462427745665	0	0.209537572254335	0.77791311408851	0	1.26508226691042	0	0.790260736196319	0.22208688591149	1	0.77791311408851	-	0.604768786127168	0.875085635989952	0.881993828826772	0.403735093038636	0.77791311408851	386729
MMSeqs2	7.70182837813204	0.000452000000000001	1916	547	145	0	1	0.790462427745665	0	0.209537572254335	0.77791311408851	0	1.26508226691042	0	0.790260736196319	0.22208688591149	1	0.77791311408851	-	0.604768786127168	0.875085635989952	0.881993828826772	0.403735093038636	0.77791311408851	386465
MMSeqs2	7.72646568251743	0.000440999999999999	1916	547	145	0	1	0.790462427745665	0	0.209537572254335	0.77791311408851	0	1.26508226691042	0	0.790260736196319	0.22208688591149	1	0.77791311408851	-	0.604768786127168	0.875085635989952	0.881993828826772	0.403735093038636	0.77791311408851	385986
MMSeqs2	7.74246602386387	0.000434	1916	547	145	0	1	0.790462427745665	0	0.209537572254335	0.77791311408851	0	1.26508226691042	0	0.790260736196319	0.22208688591149	1	0.77791311408851	-	0.604768786127168	0.875085635989952	0.881993828826772	0.403735093038636	0.77791311408851	385378
MMSeqs2	7.75405363903626	0.000428999999999999	1916	547	145	0	1	0.790462427745665	0	0.209537572254335	0.77791311408851	0	1.26508226691042	0	0.790260736196319	0.22208688591149	1	0.77791311408851	-	0.604768786127168	0.875085635989952	0.881993828826772	0.403735093038636	0.77791311408851	385019
MMSeqs2	7.768138378918	0.000422999999999999	1916	547	145	0	1	0.790462427745665	0	0.209537572254335	0.77791311408851	0	1.26508226691042	0	0.790260736196319	0.22208688591149	1	0.77791311408851	-	0.604768786127168	0.875085635989952	0.881993828826772	0.403735093038636	0.77791311408851	384702
MMSeqs2	7.78290406752512	0.000416799999999999	1916	547	145	0	1	0.790462427745665	0	0.209537572254335	0.77791311408851	0	1.26508226691042	0	0.790260736196319	0.22208688591149	1	0.77791311408851	-	0.604768786127168	0.875085635989952	0.881993828826772	0.403735093038636	0.77791311408851	384337
MMSeqs2	7.79935339826592	0.00041	1916	547	145	0	1	0.790462427745665	0	0.209537572254335	0.77791311408851	0	1.26508226691042	0	0.790260736196319	0.22208688591149	1	0.77791311408851	-	0.604768786127168	0.875085635989952	0.881993828826772	0.403735093038636	0.77791311408851	383940
MMSeqs2	7.81162349085773	0.000405000000000002	1916	547	145	0	1	0.790462427745665	0	0.209537572254335	0.77791311408851	0	1.26508226691042	0	0.790260736196319	0.22208688591149	1	0.77791311408851	-	0.604768786127168	0.875085635989952	0.881993828826772	0.403735093038636	0.77791311408851	383544
MMSeqs2	7.83157427727708	0.000397000000000001	1916	547	145	0	1	0.790462427745665	0	0.209537572254335	0.77791311408851	0	1.26508226691042	0	0.790260736196319	0.22208688591149	1	0.77791311408851	-	0.604768786127168	0.875085635989952	0.881993828826772	0.403735093038636	0.77791311408851	383136
MMSeqs2	7.84936381884058	0.000390000000000001	1916	547	145	0	1	0.790462427745665	0	0.209537572254335	0.77791311408851	0	1.26508226691042	0	0.790260736196319	0.22208688591149	1	0.77791311408851	-	0.604768786127168	0.875085635989952	0.881993828826772	0.403735093038636	0.77791311408851	382702
MMSeqs2	7.8700899493577	0.000382	1916	547	145	0	1	0.790462427745665	0	0.209537572254335	0.77791311408851	0	1.26508226691042	0	0.790260736196319	0.22208688591149	1	0.77791311408851	-	0.604768786127168	0.875085635989952	0.881993828826772	0.403735093038636	0.77791311408851	382260
MMSeqs2	7.88592141457438	0.000376	1916	547	145	0	1	0.790462427745665	0	0.209537572254335	0.77791311408851	0	1.26508226691042	0	0.790260736196319	0.22208688591149	1	0.77791311408851	-	0.604768786127168	0.875085635989952	0.881993828826772	0.403735093038636	0.77791311408851	381862
MMSeqs2	7.89930849535684	0.000370999999999999	1916	547	145	0	1	0.790462427745665	0	0.209537572254335	0.77791311408851	0	1.26508226691042	0	0.790260736196319	0.22208688591149	1	0.77791311408851	-	0.604768786127168	0.875085635989952	0.881993828826772	0.403735093038636	0.77791311408851	381397
MMSeqs2	7.91287722456291	0.000365999999999999	1916	547	145	0	1	0.790462427745665	0	0.209537572254335	0.77791311408851	0	1.26508226691042	0	0.790260736196319	0.22208688591149	1	0.77791311408851	-	0.604768786127168	0.875085635989952	0.881993828826772	0.403735093038636	0.77791311408851	381002
MMSeqs2	7.932188169476	0.000358999999999998	1916	546	146	0	1	0.789017341040462	0	0.210982658959538	0.778229082047116	0	1.26739926739927	0	0.790644171779141	0.221770917952884	1	0.778229082047116	-	0.605491329479769	0.875285518501599	0.882172932053073	0.405207158142524	0.778229082047116	380609
MMSeqs2	7.95187938236618	0.000351999999999999	1916	546	146	0	1	0.789017341040462	0	0.210982658959538	0.778229082047116	0	1.26739926739927	0	0.790644171779141	0.221770917952884	1	0.778229082047116	-	0.605491329479769	0.875285518501599	0.882172932053073	0.405207158142524	0.778229082047116	380189
MMSeqs2	7.96445816457304	0.000347599999999999	1916	546	146	0	1	0.789017341040462	0	0.210982658959538	0.778229082047116	0	1.26739926739927	0	0.790644171779141	0.221770917952884	1	0.778229082047116	-	0.605491329479769	0.875285518501599	0.882172932053073	0.405207158142524	0.778229082047116	379788
MMSeqs2	7.98656494035407	0.000339999999999999	1916	546	146	0	1	0.789017341040462	0	0.210982658959538	0.778229082047116	0	1.26739926739927	0	0.790644171779141	0.221770917952884	1	0.778229082047116	-	0.605491329479769	0.875285518501599	0.882172932053073	0.405207158142524	0.778229082047116	379321
MMSeqs2	8.01037558904779	0.000331999999999999	1916	546	146	0	1	0.789017341040462	0	0.210982658959538	0.778229082047116	0	1.26739926739927	0	0.790644171779141	0.221770917952884	1	0.778229082047116	-	0.605491329479769	0.875285518501599	0.882172932053073	0.405207158142524	0.778229082047116	378957
MMSeqs2	8.03045536317934	0.000325399999999999	1916	546	146	0	1	0.789017341040462	0	0.210982658959538	0.778229082047116	0	1.26739926739927	0	0.790644171779141	0.221770917952884	1	0.778229082047116	-	0.605491329479769	0.875285518501599	0.882172932053073	0.405207158142524	0.778229082047116	378548
MMSeqs2	8.0534591751841	0.000317999999999999	1916	546	146	0	1	0.789017341040462	0	0.210982658959538	0.778229082047116	0	1.26739926739927	0	0.790644171779141	0.221770917952884	1	0.778229082047116	-	0.605491329479769	0.875285518501599	0.882172932053073	0.405207158142524	0.778229082047116	378084
MMSeqs2	8.06930736742412	0.000313	1916	546	146	0	1	0.789017341040462	0	0.210982658959538	0.778229082047116	0	1.26739926739927	0	0.790644171779141	0.221770917952884	1	0.778229082047116	-	0.605491329479769	0.875285518501599	0.882172932053073	0.405207158142524	0.778229082047116	377865
MMSeqs2	8.08866281037708	0.000306999999999999	1916	546	146	0	1	0.789017341040462	0	0.210982658959538	0.778229082047116	0	1.26739926739927	0	0.790644171779141	0.221770917952884	1	0.778229082047116	-	0.605491329479769	0.875285518501599	0.882172932053073	0.405207158142524	0.778229082047116	377233
MMSeqs2	8.1084002932154	0.000301	1916	546	146	0	1	0.789017341040462	0	0.210982658959538	0.778229082047116	0	1.26739926739927	0	0.790644171779141	0.221770917952884	1	0.778229082047116	-	0.605491329479769	0.875285518501599	0.882172932053073	0.405207158142524	0.778229082047116	376781
MMSeqs2	8.12177841916157	0.000297000000000001	1916	546	146	0	1	0.789017341040462	0	0.210982658959538	0.778229082047116	0	1.26739926739927	0	0.790644171779141	0.221770917952884	1	0.778229082047116	-	0.605491329479769	0.875285518501599	0.882172932053073	0.405207158142524	0.778229082047116	376568
MMSeqs2	8.14562963498375	0.000290000000000001	1916	546	146	0	1	0.789017341040462	0	0.210982658959538	0.778229082047116	0	1.26739926739927	0	0.790644171779141	0.221770917952884	1	0.778229082047116	-	0.605491329479769	0.875285518501599	0.882172932053073	0.405207158142524	0.778229082047116	376155
MMSeqs2	8.1574230425702	0.000286600000000001	1916	546	146	0	1	0.789017341040462	0	0.210982658959538	0.778229082047116	0	1.26739926739927	0	0.790644171779141	0.221770917952884	1	0.778229082047116	-	0.605491329479769	0.875285518501599	0.882172932053073	0.405207158142524	0.778229082047116	375655
MMSeqs2	8.17360348702616	0.000282	1916	546	146	0	1	0.789017341040462	0	0.210982658959538	0.778229082047116	0	1.26739926739927	0	0.790644171779141	0.221770917952884	1	0.778229082047116	-	0.605491329479769	0.875285518501599	0.882172932053073	0.405207158142524	0.778229082047116	375241
MMSeqs2	8.18788944427364	0.000277999999999999	1916	546	146	0	1	0.789017341040462	0	0.210982658959538	0.778229082047116	0	1.26739926739927	0	0.790644171779141	0.221770917952884	1	0.778229082047116	-	0.605491329479769	0.875285518501599	0.882172932053073	0.405207158142524	0.778229082047116	374714
MMSeqs2	8.2023824515762	0.000274000000000001	1916	546	146	0	1	0.789017341040462	0	0.210982658959538	0.778229082047116	0	1.26739926739927	0	0.790644171779141	0.221770917952884	1	0.778229082047116	-	0.605491329479769	0.875285518501599	0.882172932053073	0.405207158142524	0.778229082047116	374458
MMSeqs2	8.23126265200326	0.000266200000000001	1916	546	146	0	1	0.789017341040462	0	0.210982658959538	0.778229082047116	0	1.26739926739927	0	0.790644171779141	0.221770917952884	1	0.778229082047116	-	0.605491329479769	0.875285518501599	0.882172932053073	0.405207158142524	0.778229082047116	373999
MMSeqs2	8.24945875677415	0.000261400000000001	1916	546	146	0	1	0.789017341040462	0	0.210982658959538	0.778229082047116	0	1.26739926739927	0	0.790644171779141	0.221770917952884	1	0.778229082047116	-	0.605491329479769	0.875285518501599	0.882172932053073	0.405207158142524	0.778229082047116	373590
MMSeqs2	8.26255097304266	0.000257999999999999	1916	546	146	0	1	0.789017341040462	0	0.210982658959538	0.778229082047116	0	1.26739926739927	0	0.790644171779141	0.221770917952884	1	0.778229082047116	-	0.605491329479769	0.875285518501599	0.882172932053073	0.405207158142524	0.778229082047116	373153
MMSeqs2	8.28608147045285	0.000252	1916	546	146	0	1	0.789017341040462	0	0.210982658959538	0.778229082047116	0	1.26739926739927	0	0.790644171779141	0.221770917952884	1	0.778229082047116	-	0.605491329479769	0.875285518501599	0.882172932053073	0.405207158142524	0.778229082047116	372797
MMSeqs2	8.3061222213363	0.000246999999999999	1916	546	146	0	1	0.789017341040462	0	0.210982658959538	0.778229082047116	0	1.26739926739927	0	0.790644171779141	0.221770917952884	1	0.778229082047116	-	0.605491329479769	0.875285518501599	0.882172932053073	0.405207158142524	0.778229082047116	372198
MMSeqs2	8.32244911462373	0.000242999999999999	1916	546	146	0	1	0.789017341040462	0	0.210982658959538	0.778229082047116	0	1.26739926739927	0	0.790644171779141	0.221770917952884	1	0.778229082047116	-	0.605491329479769	0.875285518501599	0.882172932053073	0.405207158142524	0.778229082047116	371927
MMSeqs2	8.3432398842928	0.000238	1916	546	146	0	1	0.789017341040462	0	0.210982658959538	0.778229082047116	0	1.26739926739927	0	0.790644171779141	0.221770917952884	1	0.778229082047116	-	0.605491329479769	0.875285518501599	0.882172932053073	0.405207158142524	0.778229082047116	371594
MMSeqs2	8.35592504382011	0.000235000000000001	1916	546	146	0	1	0.789017341040462	0	0.210982658959538	0.778229082047116	0	1.26739926739927	0	0.790644171779141	0.221770917952884	1	0.778229082047116	-	0.605491329479769	0.875285518501599	0.882172932053073	0.405207158142524	0.778229082047116	371328
MMSeqs2	8.37309284744248	0.000231	1916	544	148	0	1	0.786127167630058	0	0.213872832369942	0.778861788617886	0	1.27205882352941	0	0.791411042944785	0.221138211382114	1	0.778861788617886	-	0.606936416184971	0.875685557586837	0.882531466078058	0.408138918453541	0.778861788617886	370774
MMSeqs2	8.39056054048287	0.000227	1916	544	148	0	1	0.786127167630058	0	0.213872832369942	0.778861788617886	0	1.27205882352941	0	0.791411042944785	0.221138211382114	1	0.778861788617886	-	0.606936416184971	0.875685557586837	0.882531466078058	0.408138918453541	0.778861788617886	370329
MMSeqs2	8.40833878650415	0.000223000000000001	1916	544	148	0	1	0.786127167630058	0	0.213872832369942	0.778861788617886	0	1.27205882352941	0	0.791411042944785	0.221138211382114	1	0.778861788617886	-	0.606936416184971	0.875685557586837	0.882531466078058	0.408138918453541	0.778861788617886	369931
MMSeqs2	8.42643882814777	0.000219000000000001	1916	544	148	0	1	0.786127167630058	0	0.213872832369942	0.778861788617886	0	1.27205882352941	0	0.791411042944785	0.221138211382114	1	0.778861788617886	-	0.606936416184971	0.875685557586837	0.882531466078058	0.408138918453541	0.778861788617886	369477
MMSeqs2	8.43884422500526	0.0002163	1916	544	148	0	1	0.786127167630058	0	0.213872832369942	0.778861788617886	0	1.27205882352941	0	0.791411042944785	0.221138211382114	1	0.778861788617886	-	0.606936416184971	0.875685557586837	0.882531466078058	0.408138918453541	0.778861788617886	369048
MMSeqs2	8.45892428329226	0.000212	1916	544	148	0	1	0.786127167630058	0	0.213872832369942	0.778861788617886	0	1.27205882352941	0	0.791411042944785	0.221138211382114	1	0.778861788617886	-	0.606936416184971	0.875685557586837	0.882531466078058	0.408138918453541	0.778861788617886	368629
MMSeqs2	8.47317630599946	0.000209000000000001	1916	544	148	0	1	0.786127167630058	0	0.213872832369942	0.778861788617886	0	1.27205882352941	0	0.791411042944785	0.221138211382114	1	0.778861788617886	-	0.606936416184971	0.875685557586837	0.882531466078058	0.408138918453541	0.778861788617886	368278
MMSeqs2	8.50082783732997	0.000203300000000001	1916	542	150	0	1	0.783236994219653	0	0.216763005780347	0.779495524816924	0	1.27675276752768	0	0.792177914110429	0.220504475183076	1	0.779495524816924	-	0.608381502890173	0.876085962505716	0.882890437606459	0.411054489029916	0.779495524816924	367800
MMSeqs2	8.51719319141624	0.000199999999999999	1916	540	152	0	1	0.780346820809249	0	0.219653179190751	0.780130293159609	0	1.28148148148148	0	0.792944785276074	0.219869706840391	1	0.780130293159609	-	0.609826589595376	0.876486733760293	0.883249847528778	0.413954223405827	0.780130293159609	367377
MMSeqs2	8.53230682922629	0.000196999999999999	1916	540	152	0	1	0.780346820809249	0	0.219653179190751	0.780130293159609	0	1.28148148148148	0	0.792944785276074	0.219869706840391	1	0.780130293159609	-	0.609826589595376	0.876486733760293	0.883249847528778	0.413954223405827	0.780130293159609	366923
MMSeqs2	8.54816799571567	0.0001939	1916	540	152	0	1	0.780346820809249	0	0.219653179190751	0.780130293159609	0	1.28148148148148	0	0.792944785276074	0.219869706840391	1	0.780130293159609	-	0.609826589595376	0.876486733760293	0.883249847528778	0.413954223405827	0.780130293159609	366560
MMSeqs2	8.57376354290463	0.000189	1916	540	152	0	1	0.780346820809249	0	0.219653179190751	0.780130293159609	0	1.28148148148148	0	0.792944785276074	0.219869706840391	1	0.780130293159609	-	0.609826589595376	0.876486733760293	0.883249847528778	0.413954223405827	0.780130293159609	366211
MMSeqs2	8.60057480035529	0.000184	1916	540	152	0	1	0.780346820809249	0	0.219653179190751	0.780130293159609	0	1.28148148148148	0	0.792944785276074	0.219869706840391	1	0.780130293159609	-	0.609826589595376	0.876486733760293	0.883249847528778	0.413954223405827	0.780130293159609	365686
MMSeqs2	8.62812475212352	0.000179	1916	540	152	0	1	0.780346820809249	0	0.219653179190751	0.780130293159609	0	1.28148148148148	0	0.792944785276074	0.219869706840391	1	0.780130293159609	-	0.609826589595376	0.876486733760293	0.883249847528778	0.413954223405827	0.780130293159609	365242
MMSeqs2	8.63936082539045	0.000176999999999999	1916	540	152	0	1	0.780346820809249	0	0.219653179190751	0.780130293159609	0	1.28148148148148	0	0.792944785276074	0.219869706840391	1	0.780130293159609	-	0.609826589595376	0.876486733760293	0.883249847528778	0.413954223405827	0.780130293159609	364898
MMSeqs2	8.65645525874974	0.000174000000000001	1916	540	152	0	1	0.780346820809249	0	0.219653179190751	0.780130293159609	0	1.28148148148148	0	0.792944785276074	0.219869706840391	1	0.780130293159609	-	0.609826589595376	0.876486733760293	0.883249847528778	0.413954223405827	0.780130293159609	364662
MMSeqs2	8.67384700146161	0.000171000000000001	1916	540	152	0	1	0.780346820809249	0	0.219653179190751	0.780130293159609	0	1.28148148148148	0	0.792944785276074	0.219869706840391	1	0.780130293159609	-	0.609826589595376	0.876486733760293	0.883249847528778	0.413954223405827	0.780130293159609	364126
MMSeqs2	8.69751674554752	0.000167	1916	540	152	0	1	0.780346820809249	0	0.219653179190751	0.780130293159609	0	1.28148148148148	0	0.792944785276074	0.219869706840391	1	0.780130293159609	-	0.609826589595376	0.876486733760293	0.883249847528778	0.413954223405827	0.780130293159609	363618
MMSeqs2	8.71564413014008	0.000163999999999999	1916	540	152	0	1	0.780346820809249	0	0.219653179190751	0.780130293159609	0	1.28148148148148	0	0.792944785276074	0.219869706840391	1	0.780130293159609	-	0.609826589595376	0.876486733760293	0.883249847528778	0.413954223405827	0.780130293159609	363120
MMSeqs2	8.73410619297981	0.000161	1916	540	152	0	1	0.780346820809249	0	0.219653179190751	0.780130293159609	0	1.28148148148148	0	0.792944785276074	0.219869706840391	1	0.780130293159609	-	0.609826589595376	0.876486733760293	0.883249847528778	0.413954223405827	0.780130293159609	362895
MMSeqs2	8.74660635574404	0.000159	1916	540	152	0	1	0.780346820809249	0	0.219653179190751	0.780130293159609	0	1.28148148148148	0	0.792944785276074	0.219869706840391	1	0.780130293159609	-	0.609826589595376	0.876486733760293	0.883249847528778	0.413954223405827	0.780130293159609	362654
MMSeqs2	8.76565455071474	0.000156	1916	540	152	0	1	0.780346820809249	0	0.219653179190751	0.780130293159609	0	1.28148148148148	0	0.792944785276074	0.219869706840391	1	0.780130293159609	-	0.609826589595376	0.876486733760293	0.883249847528778	0.413954223405827	0.780130293159609	361985
MMSeqs2	8.791630037118	0.000152	1916	535	157	0	1	0.773121387283237	0	0.226878612716763	0.78172174622603	0	1.29345794392523	0	0.794861963190184	0.21827825377397	1	0.78172174622603	-	0.613439306358382	0.87749026791848	0.884150296174825	0.421136492498913	0.78172174622603	361528
MMSeqs2	8.81156425201882	0.000148999999999999	1916	535	157	0	1	0.773121387283237	0	0.226878612716763	0.78172174622603	0	1.29345794392523	0	0.794861963190184	0.21827825377397	1	0.78172174622603	-	0.613439306358382	0.87749026791848	0.884150296174825	0.421136492498913	0.78172174622603	361154
MMSeqs2	8.83190393625594	0.000146	1916	535	157	0	1	0.773121387283237	0	0.226878612716763	0.78172174622603	0	1.29345794392523	0	0.794861963190184	0.21827825377397	1	0.78172174622603	-	0.613439306358382	0.87749026791848	0.884150296174825	0.421136492498913	0.78172174622603	360720
MMSeqs2	8.86109294386625	0.0001418	1916	535	157	0	1	0.773121387283237	0	0.226878612716763	0.78172174622603	0	1.29345794392523	0	0.794861963190184	0.21827825377397	1	0.78172174622603	-	0.613439306358382	0.87749026791848	0.884150296174825	0.421136492498913	0.78172174622603	360358
MMSeqs2	8.88825687280707	0.000138	1916	535	157	0	1	0.773121387283237	0	0.226878612716763	0.78172174622603	0	1.29345794392523	0	0.794861963190184	0.21827825377397	1	0.78172174622603	-	0.613439306358382	0.87749026791848	0.884150296174825	0.421136492498913	0.78172174622603	360055
MMSeqs2	8.91023577952584	0.000135000000000001	1916	535	157	0	1	0.773121387283237	0	0.226878612716763	0.78172174622603	0	1.29345794392523	0	0.794861963190184	0.21827825377397	1	0.78172174622603	-	0.613439306358382	0.87749026791848	0.884150296174825	0.421136492498913	0.78172174622603	359631
MMSeqs2	8.92516142974252	0.000133	1916	534	158	0	1	0.771676300578035	0	0.228323699421965	0.782040816326531	0	1.29588014981273	0	0.795245398773006	0.217959183673469	1	0.782040816326531	-	0.614161849710983	0.877691250572607	0.884330716602409	0.422561773333376	0.782040816326531	359315
MMSeqs2	8.94797610750869	0.00013	1916	534	158	0	1	0.771676300578035	0	0.228323699421965	0.782040816326531	0	1.29588014981273	0	0.795245398773006	0.217959183673469	1	0.782040816326531	-	0.614161849710983	0.877691250572607	0.884330716602409	0.422561773333376	0.782040816326531	358752
MMSeqs2	8.96348029404466	0.000128	1916	534	158	0	1	0.771676300578035	0	0.228323699421965	0.782040816326531	0	1.29588014981273	0	0.795245398773006	0.217959183673469	1	0.782040816326531	-	0.614161849710983	0.877691250572607	0.884330716602409	0.422561773333376	0.782040816326531	358208
MMSeqs2	8.9792286510128	0.000125999999999999	1916	534	158	0	1	0.771676300578035	0	0.228323699421965	0.782040816326531	0	1.29588014981273	0	0.795245398773006	0.217959183673469	1	0.782040816326531	-	0.614161849710983	0.877691250572607	0.884330716602409	0.422561773333376	0.782040816326531	357837
MMSeqs2	8.99522899235924	0.000124	1916	534	158	0	1	0.771676300578035	0	0.228323699421965	0.782040816326531	0	1.29588014981273	0	0.795245398773006	0.217959183673469	1	0.782040816326531	-	0.614161849710983	0.877691250572607	0.884330716602409	0.422561773333376	0.782040816326531	357299
MMSeqs2	9.01148951323102	0.000122	1916	534	158	0	1	0.771676300578035	0	0.228323699421965	0.782040816326531	0	1.29588014981273	0	0.795245398773006	0.217959183673469	1	0.782040816326531	-	0.614161849710983	0.877691250572607	0.884330716602409	0.422561773333376	0.782040816326531	356973
MMSeqs2	9.03638706485274	0.000119000000000001	1916	534	158	0	1	0.771676300578035	0	0.228323699421965	0.782040816326531	0	1.29588014981273	0	0.795245398773006	0.217959183673469	1	0.782040816326531	-	0.614161849710983	0.877691250572607	0.884330716602409	0.422561773333376	0.782040816326531	356701
MMSeqs2	9.06192036685791	0.000116	1916	533	159	0	1	0.770231213872832	0	0.229768786127168	0.782360146998775	0	1.29831144465291	0	0.795628834355828	0.217639853001225	1	0.782360146998775	-	0.614884393063584	0.877892325315006	0.884511247525307	0.42398342100863	0.782360146998775	356235
MMSeqs2	9.07931210956978	0.000114	1916	532	160	0	1	0.76878612716763	0	0.23121387283237	0.782679738562091	0	1.30075187969925	0	0.79601226993865	0.217320261437909	1	0.782679738562091	-	0.615606936416185	0.878093492208983	0.884691889056349	0.425401473364125	0.782679738562091	355682
MMSeqs2	9.09701168666918	0.000112	1916	531	161	0	1	0.767341040462428	0	0.232658959537572	0.78299959133633	0	1.30320150659134	0	0.796395705521472	0.21700040866367	1	0.78299959133633	-	0.616329479768786	0.878294751317901	0.884872641308528	0.426815967647246	0.78299959133633	355487
MMSeqs2	9.11503019217186	0.00011	1916	531	161	0	1	0.767341040462428	0	0.232658959537572	0.78299959133633	0	1.30320150659134	0	0.796395705521472	0.21700040866367	1	0.78299959133633	-	0.616329479768786	0.878294751317901	0.884872641308528	0.426815967647246	0.78299959133633	354985
MMSeqs2	9.15207146385221	0.000106	1916	531	161	0	1	0.767341040462428	0	0.232658959537572	0.78299959133633	0	1.30320150659134	0	0.796395705521472	0.21700040866367	1	0.78299959133633	-	0.616329479768786	0.878294751317901	0.884872641308528	0.426815967647246	0.78299959133633	354541
MMSeqs2	9.18078156973464	0.000103	1916	531	161	0	1	0.767341040462428	0	0.232658959537572	0.78299959133633	0	1.30320150659134	0	0.796395705521472	0.21700040866367	1	0.78299959133633	-	0.616329479768786	0.878294751317901	0.884872641308528	0.426815967647246	0.78299959133633	354102
MMSeqs2	9.20039004112301	0.000101000000000001	1916	531	161	0	1	0.767341040462428	0	0.232658959537572	0.78299959133633	0	1.30320150659134	0	0.796395705521472	0.21700040866367	1	0.78299959133633	-	0.616329479768786	0.878294751317901	0.884872641308528	0.426815967647246	0.78299959133633	353908
MMSeqs2	9.22140131933561	9.88999999999997e-05	1916	531	161	0	1	0.767341040462428	0	0.232658959537572	0.78299959133633	0	1.30320150659134	0	0.796395705521472	0.21700040866367	1	0.78299959133633	-	0.616329479768786	0.878294751317901	0.884872641308528	0.426815967647246	0.78299959133633	353292
MMSeqs2	9.239769182667	9.70999999999994e-05	1916	531	161	0	1	0.767341040462428	0	0.232658959537572	0.78299959133633	0	1.30320150659134	0	0.796395705521472	0.21700040866367	1	0.78299959133633	-	0.616329479768786	0.878294751317901	0.884872641308528	0.426815967647246	0.78299959133633	352879
MMSeqs2	9.26268685234839	9.49000000000002e-05	1916	531	161	0	1	0.767341040462428	0	0.232658959537572	0.78299959133633	0	1.30320150659134	0	0.796395705521472	0.21700040866367	1	0.78299959133633	-	0.616329479768786	0.878294751317901	0.884872641308528	0.426815967647246	0.78299959133633	352529
MMSeqs2	9.27009037638196	9.41999999999997e-05	1916	531	161	0	1	0.767341040462428	0	0.232658959537572	0.78299959133633	0	1.30320150659134	0	0.796395705521472	0.21700040866367	1	0.78299959133633	-	0.616329479768786	0.878294751317901	0.884872641308528	0.426815967647246	0.78299959133633	352090
MMSeqs2	9.29263561470301	9.21000000000004e-05	1916	530	162	0	1	0.765895953757225	0	0.234104046242775	0.783319705641864	0	1.30566037735849	0	0.796779141104294	0.216680294358136	1	0.783319705641864	-	0.617052023121387	0.878496102705181	0.885053504394997	0.428226940526235	0.783319705641864	351690
MMSeqs2	9.31237309754133	9.03000000000003e-05	1916	529	163	0	1	0.764450867052023	0	0.235549132947977	0.783640081799591	0	1.30812854442344	0	0.797162576687117	0.216359918200409	1	0.783640081799591	-	0.617774566473988	0.878697546434304	0.885234478429072	0.429634428102748	0.783640081799591	351288
MMSeqs2	9.33817374348607	8.79999999999998e-05	1916	529	163	0	1	0.764450867052023	0	0.235549132947977	0.783640081799591	0	1.30812854442344	0	0.797162576687117	0.216359918200409	1	0.783640081799591	-	0.617774566473988	0.878697546434304	0.885234478429072	0.429634428102748	0.783640081799591	350830
MMSeqs2	9.35421074239589	8.65999999999995e-05	1916	529	163	0	1	0.764450867052023	0	0.235549132947977	0.783640081799591	0	1.30812854442344	0	0.797162576687117	0.216359918200409	1	0.783640081799591	-	0.617774566473988	0.878697546434304	0.885234478429072	0.429634428102748	0.783640081799591	350422
MMSeqs2	9.37521501516642	8.47999999999997e-05	1916	526	166	0	1	0.760115606936416	0	0.239884393063584	0.784602784602785	0	1.31558935361217	0	0.798312883435583	0.215397215397215	1	0.784602784602785	-	0.619942196531792	0.879302432308398	0.885778067352531	0.433836331789347	0.784602784602785	350023
MMSeqs2	9.39787549582302	8.29000000000003e-05	1916	526	166	0	1	0.760115606936416	0	0.239884393063584	0.784602784602785	0	1.31558935361217	0	0.798312883435583	0.215397215397215	1	0.784602784602785	-	0.619942196531792	0.879302432308398	0.885778067352531	0.433836331789347	0.784602784602785	349639
MMSeqs2	9.43473470519205	7.98999999999997e-05	1916	526	166	0	1	0.760115606936416	0	0.239884393063584	0.784602784602785	0	1.31558935361217	0	0.798312883435583	0.215397215397215	1	0.784602784602785	-	0.619942196531792	0.879302432308398	0.885778067352531	0.433836331789347	0.784602784602785	349201
MMSeqs2	9.46136912677993	7.77999999999999e-05	1916	526	166	0	1	0.760115606936416	0	0.239884393063584	0.784602784602785	0	1.31558935361217	0	0.798312883435583	0.215397215397215	1	0.784602784602785	-	0.619942196531792	0.879302432308398	0.885778067352531	0.433836331789347	0.784602784602785	348731
MMSeqs2	9.48083761967386	7.63000000000002e-05	1916	526	166	0	1	0.760115606936416	0	0.239884393063584	0.784602784602785	0	1.31558935361217	0	0.798312883435583	0.215397215397215	1	0.784602784602785	-	0.619942196531792	0.879302432308398	0.885778067352531	0.433836331789347	0.784602784602785	348398
MMSeqs2	9.5020304658255	7.47000000000002e-05	1916	526	166	0	1	0.760115606936416	0	0.239884393063584	0.784602784602785	0	1.31558935361217	0	0.798312883435583	0.215397215397215	1	0.784602784602785	-	0.619942196531792	0.879302432308398	0.885778067352531	0.433836331789347	0.784602784602785	347976
MMSeqs2	9.51822515174548	7.35000000000003e-05	1916	526	166	0	1	0.760115606936416	0	0.239884393063584	0.784602784602785	0	1.31558935361217	0	0.798312883435583	0.215397215397215	1	0.784602784602785	-	0.619942196531792	0.879302432308398	0.885778067352531	0.433836331789347	0.784602784602785	347599
MMSeqs2	9.53745651367337	7.21000000000001e-05	1916	526	166	0	1	0.760115606936416	0	0.239884393063584	0.784602784602785	0	1.31558935361217	0	0.798312883435583	0.215397215397215	1	0.784602784602785	-	0.619942196531792	0.879302432308398	0.885778067352531	0.433836331789347	0.784602784602785	347157
MMSeqs2	9.54861423054402	7.13000000000003e-05	1916	526	166	0	1	0.760115606936416	0	0.239884393063584	0.784602784602785	0	1.31558935361217	0	0.798312883435583	0.215397215397215	1	0.784602784602785	-	0.619942196531792	0.879302432308398	0.885778067352531	0.433836331789347	0.784602784602785	346818
MMSeqs2	9.56345024975042	7.02499999999999e-05	1916	526	166	0	1	0.760115606936416	0	0.239884393063584	0.784602784602785	0	1.31558935361217	0	0.798312883435583	0.215397215397215	1	0.784602784602785	-	0.619942196531792	0.879302432308398	0.885778067352531	0.433836331789347	0.784602784602785	346309
MMSeqs2	9.58721802323243	6.86000000000004e-05	1916	526	166	0	1	0.760115606936416	0	0.239884393063584	0.784602784602785	0	1.31558935361217	0	0.798312883435583	0.215397215397215	1	0.784602784602785	-	0.619942196531792	0.879302432308398	0.885778067352531	0.433836331789347	0.784602784602785	345930
MMSeqs2	9.60783731043517	6.72e-05	1916	524	168	0	1	0.757225433526012	0	0.242774566473988	0.785245901639344	0	1.3206106870229	0	0.799079754601227	0.214754098360656	1	0.785245901639344	-	0.621387283236994	0.879706152433425	0.886141016790976	0.436620811856201	0.785245901639344	345488
MMSeqs2	9.63498829950112	6.54e-05	1916	524	168	0	1	0.757225433526012	0	0.242774566473988	0.785245901639344	0	1.3206106870229	0	0.799079754601227	0.214754098360656	1	0.785245901639344	-	0.621387283236994	0.879706152433425	0.886141016790976	0.436620811856201	0.785245901639344	345149
MMSeqs2	9.64574935645742	6.46999999999999e-05	1916	523	169	0	1	0.755780346820809	0	0.244219653179191	0.785567855678557	0	1.32313575525813	0	0.799463190184049	0.214432144321443	1	0.785567855678557	-	0.622109826589595	0.879908151549943	0.886322658899431	0.43800811552132	0.785567855678557	344655
MMSeqs2	9.66447065206563	6.34999999999999e-05	1916	523	169	0	1	0.755780346820809	0	0.244219653179191	0.785567855678557	0	1.32313575525813	0	0.799463190184049	0.214432144321443	1	0.785567855678557	-	0.622109826589595	0.879908151549943	0.886322658899431	0.43800811552132	0.785567855678557	344169
MMSeqs2	9.68837617291918	6.20000000000002e-05	1916	523	169	0	1	0.755780346820809	0	0.244219653179191	0.785567855678557	0	1.32313575525813	0	0.799463190184049	0.214432144321443	1	0.785567855678557	-	0.622109826589595	0.879908151549943	0.886322658899431	0.43800811552132	0.785567855678557	343835
MMSeqs2	9.72283405284287	5.99e-05	1916	523	169	0	1	0.755780346820809	0	0.244219653179191	0.785567855678557	0	1.32313575525813	0	0.799463190184049	0.214432144321443	1	0.785567855678557	-	0.622109826589595	0.879908151549943	0.886322658899431	0.43800811552132	0.785567855678557	343441
MMSeqs2	9.75162520322688	5.82000000000001e-05	1916	523	169	0	1	0.755780346820809	0	0.244219653179191	0.785567855678557	0	1.32313575525813	0	0.799463190184049	0.214432144321443	1	0.785567855678557	-	0.622109826589595	0.879908151549943	0.886322658899431	0.43800811552132	0.785567855678557	343015
MMSeqs2	9.77597423223717	5.67999999999999e-05	1916	523	169	0	1	0.755780346820809	0	0.244219653179191	0.785567855678557	0	1.32313575525813	0	0.799463190184049	0.214432144321443	1	0.785567855678557	-	0.622109826589595	0.879908151549943	0.886322658899431	0.43800811552132	0.785567855678557	342583
MMSeqs2	9.79194617780322	5.59e-05	1916	523	169	0	1	0.755780346820809	0	0.244219653179191	0.785567855678557	0	1.32313575525813	0	0.799463190184049	0.214432144321443	1	0.785567855678557	-	0.622109826589595	0.879908151549943	0.886322658899431	0.43800811552132	0.785567855678557	342187
MMSeqs2	9.80545381226476	5.51500000000001e-05	1916	523	169	0	1	0.755780346820809	0	0.244219653179191	0.785567855678557	0	1.32313575525813	0	0.799463190184049	0.214432144321443	1	0.785567855678557	-	0.622109826589595	0.879908151549943	0.886322658899431	0.43800811552132	0.785567855678557	341768
MMSeqs2	9.82282964951867	5.42000000000002e-05	1916	523	169	0	1	0.755780346820809	0	0.244219653179191	0.785567855678557	0	1.32313575525813	0	0.799463190184049	0.214432144321443	1	0.785567855678557	-	0.622109826589595	0.879908151549943	0.886322658899431	0.43800811552132	0.785567855678557	341391
MMSeqs2	9.83414807445751	5.35900000000003e-05	1916	523	169	0	1	0.755780346820809	0	0.244219653179191	0.785567855678557	0	1.32313575525813	0	0.799463190184049	0.214432144321443	1	0.785567855678557	-	0.622109826589595	0.879908151549943	0.886322658899431	0.43800811552132	0.785567855678557	340938
MMSeqs2	9.8585141868934	5.22999999999998e-05	1916	522	170	0	1	0.754335260115607	0	0.245664739884393	0.785890073831009	0	1.32567049808429	0	0.799846625766871	0.214109926168991	1	0.785890073831009	-	0.622832369942196	0.880110243454295	0.886504412753264	0.439392171716135	0.785890073831009	340503
MMSeqs2	9.88172606075462	5.10999999999998e-05	1916	521	171	0	1	0.752890173410405	0	0.247109826589595	0.78621255642183	0	1.32821497120921	0	0.800230061349693	0.21378744357817	1	0.78621255642183	-	0.623554913294798	0.88031242821043	0.886686278467097	0.44077301242245	0.78621255642183	340106
MMSeqs2	9.9155601337704	4.93999999999999e-05	1916	521	171	0	1	0.752890173410405	0	0.247109826589595	0.78621255642183	0	1.32821497120921	0	0.800230061349693	0.21378744357817	1	0.78621255642183	-	0.623554913294798	0.88031242821043	0.886686278467097	0.44077301242245	0.78621255642183	339644
MMSeqs2	9.93394676002084	4.84999999999998e-05	1916	518	174	0	1	0.748554913294798	0	0.251445086705202	0.787181594083813	0	1.33590733590734	0	0.801380368098159	0.212818405916187	1	0.787181594083813	-	0.625722543352601	0.880919540229885	0.887232547917294	0.444896554467602	0.787181594083813	339275
MMSeqs2	9.95900026246639	4.72999999999999e-05	1916	518	174	0	1	0.748554913294798	0	0.251445086705202	0.787181594083813	0	1.33590733590734	0	0.801380368098159	0.212818405916187	1	0.787181594083813	-	0.625722543352601	0.880919540229885	0.887232547917294	0.444896554467602	0.787181594083813	338850
MMSeqs2	9.98686916147518	4.59999999999999e-05	1916	518	174	0	1	0.748554913294798	0	0.251445086705202	0.787181594083813	0	1.33590733590734	0	0.801380368098159	0.212818405916187	1	0.787181594083813	-	0.625722543352601	0.880919540229885	0.887232547917294	0.444896554467602	0.787181594083813	338435
MMSeqs2	10.0245258809132	4.42999999999993e-05	1916	518	174	0	1	0.748554913294798	0	0.251445086705202	0.787181594083813	0	1.33590733590734	0	0.801380368098159	0.212818405916187	1	0.787181594083813	-	0.625722543352601	0.880919540229885	0.887232547917294	0.444896554467602	0.787181594083813	338007
MMSeqs2	10.0473579229558	4.33000000000013e-05	1916	518	174	0	1	0.748554913294798	0	0.251445086705202	0.787181594083813	0	1.33590733590734	0	0.801380368098159	0.212818405916187	1	0.787181594083813	-	0.625722543352601	0.880919540229885	0.887232547917294	0.444896554467602	0.787181594083813	337644
MMSeqs2	10.0683621957264	4.23999999999984e-05	1916	518	174	0	1	0.748554913294798	0	0.251445086705202	0.787181594083813	0	1.33590733590734	0	0.801380368098159	0.212818405916187	1	0.787181594083813	-	0.625722543352601	0.880919540229885	0.887232547917294	0.444896554467602	0.787181594083813	337171
MMSeqs2	10.0826142184336	4.17999999999985e-05	1916	518	174	0	1	0.748554913294798	0	0.251445086705202	0.787181594083813	0	1.33590733590734	0	0.801380368098159	0.212818405916187	1	0.787181594083813	-	0.625722543352601	0.880919540229885	0.887232547917294	0.444896554467602	0.787181594083813	336803
MMSeqs2	10.0970723016088	4.11999999999997e-05	1916	518	174	0	1	0.748554913294798	0	0.251445086705202	0.787181594083813	0	1.33590733590734	0	0.801380368098159	0.212818405916187	1	0.787181594083813	-	0.625722543352601	0.880919540229885	0.887232547917294	0.444896554467602	0.787181594083813	336327
MMSeqs2	10.1092824655157	4.0700000000001e-05	1916	518	174	0	1	0.748554913294798	0	0.251445086705202	0.787181594083813	0	1.33590733590734	0	0.801380368098159	0.212818405916187	1	0.787181594083813	-	0.625722543352601	0.880919540229885	0.887232547917294	0.444896554467602	0.787181594083813	336006
MMSeqs2	10.1392098860572	3.94999999999999e-05	1916	517	175	0	1	0.747109826589595	0	0.252890173410405	0.787505137690095	0	1.3384912959381	0	0.801763803680982	0.212494862309905	1	0.787505137690095	-	0.626445086705202	0.881122097033801	0.88741486222065	0.446264843822626	0.787505137690095	335544
MMSeqs2	10.1674530983706	3.83999999999997e-05	1916	517	175	0	1	0.747109826589595	0	0.252890173410405	0.787505137690095	0	1.3384912959381	0	0.801763803680982	0.212494862309905	1	0.787505137690095	-	0.626445086705202	0.881122097033801	0.88741486222065	0.446264843822626	0.787505137690095	335121
MMSeqs2	10.2018935883509	3.70999999999994e-05	1916	517	175	0	1	0.747109826589595	0	0.252890173410405	0.787505137690095	0	1.3384912959381	0	0.801763803680982	0.212494862309905	1	0.787505137690095	-	0.626445086705202	0.881122097033801	0.88741486222065	0.446264843822626	0.787505137690095	334699
MMSeqs2	10.2236928166935	3.62999999999989e-05	1916	517	175	0	1	0.747109826589595	0	0.252890173410405	0.787505137690095	0	1.3384912959381	0	0.801763803680982	0.212494862309905	1	0.787505137690095	-	0.626445086705202	0.881122097033801	0.88741486222065	0.446264843822626	0.787505137690095	334279
MMSeqs2	10.2462595913059	3.54899999999989e-05	1916	517	175	0	1	0.747109826589595	0	0.252890173410405	0.787505137690095	0	1.3384912959381	0	0.801763803680982	0.212494862309905	1	0.787505137690095	-	0.626445086705202	0.881122097033801	0.88741486222065	0.446264843822626	0.787505137690095	333912
MMSeqs2	10.2774539935849	3.44000000000008e-05	1916	517	175	0	1	0.747109826589595	0	0.252890173410405	0.787505137690095	0	1.3384912959381	0	0.801763803680982	0.212494862309905	1	0.787505137690095	-	0.626445086705202	0.881122097033801	0.88741486222065	0.446264843822626	0.787505137690095	333535
MMSeqs2	10.3069546579816	3.34000000000007e-05	1916	517	175	0	1	0.747109826589595	0	0.252890173410405	0.787505137690095	0	1.3384912959381	0	0.801763803680982	0.212494862309905	1	0.787505137690095	-	0.626445086705202	0.881122097033801	0.88741486222065	0.446264843822626	0.787505137690095	333208
MMSeqs2	10.3342704686286	3.24999999999994e-05	1916	517	175	0	1	0.747109826589595	0	0.252890173410405	0.787505137690095	0	1.3384912959381	0	0.801763803680982	0.212494862309905	1	0.787505137690095	-	0.626445086705202	0.881122097033801	0.88741486222065	0.446264843822626	0.787505137690095	332608
MMSeqs2	10.3529045481735	3.18999999999992e-05	1916	517	175	0	1	0.747109826589595	0	0.252890173410405	0.787505137690095	0	1.3384912959381	0	0.801763803680982	0.212494862309905	1	0.787505137690095	-	0.626445086705202	0.881122097033801	0.88741486222065	0.446264843822626	0.787505137690095	332176
MMSeqs2	10.3671115748178	3.14500000000008e-05	1916	517	175	0	1	0.747109826589595	0	0.252890173410405	0.787505137690095	0	1.3384912959381	0	0.801763803680982	0.212494862309905	1	0.787505137690095	-	0.626445086705202	0.881122097033801	0.88741486222065	0.446264843822626	0.787505137690095	331850
MMSeqs2	10.3815233534791	3.10000000000009e-05	1916	517	175	0	1	0.747109826589595	0	0.252890173410405	0.787505137690095	0	1.3384912959381	0	0.801763803680982	0.212494862309905	1	0.787505137690095	-	0.626445086705202	0.881122097033801	0.88741486222065	0.446264843822626	0.787505137690095	331633
MMSeqs2	10.3912479033711	3.07000000000007e-05	1916	517	175	0	1	0.747109826589595	0	0.252890173410405	0.787505137690095	0	1.3384912959381	0	0.801763803680982	0.212494862309905	1	0.787505137690095	-	0.626445086705202	0.881122097033801	0.88741486222065	0.446264843822626	0.787505137690095	331026
MMSeqs2	10.4210021644529	2.98000000000004e-05	1916	515	177	0	1	0.744219653179191	0	0.255780346820809	0.788153023447141	0	1.34368932038835	0	0.802530674846626	0.211846976552859	1	0.788153023447141	-	0.627890173410405	0.881527490223142	0.887779828249742	0.448992264616195	0.788153023447141	330659
MMSeqs2	10.4551351708224	2.87999999999992e-05	1916	515	177	0	1	0.744219653179191	0	0.255780346820809	0.788153023447141	0	1.34368932038835	0	0.802530674846626	0.211846976552859	1	0.788153023447141	-	0.627890173410405	0.881527490223142	0.887779828249742	0.448992264616195	0.788153023447141	330133
MMSeqs2	10.4833060477891	2.79999999999992e-05	1916	513	179	0	1	0.741329479768786	0	0.258670520231214	0.788801976121861	0	1.34892787524366	0	0.80329754601227	0.211198023878139	1	0.788801976121861	-	0.629335260115607	0.881933256616801	0.88814524494694	0.451707668213471	0.788801976121861	329777
MMSeqs2	10.5049675445702	2.74000000000014e-05	1916	511	181	0	1	0.738439306358382	0	0.261560693641618	0.789451998351875	0	1.35420743639922	0	0.804064417177914	0.210548001648125	1	0.789451998351875	-	0.630780346820809	0.882339396730371	0.888511113240501	0.454411280984174	0.789451998351875	329401
MMSeqs2	10.5308469925581	2.66999999999992e-05	1916	511	181	0	1	0.738439306358382	0	0.261560693641618	0.789451998351875	0	1.35420743639922	0	0.804064417177914	0.210548001648125	1	0.789451998351875	-	0.630780346820809	0.882339396730371	0.888511113240501	0.454411280984174	0.789451998351875	328930
MMSeqs2	10.5574140199428	2.59999999999998e-05	1916	510	182	0	1	0.736994219653179	0	0.263005780346821	0.789777411376752	0	1.35686274509804	0	0.804447852760736	0.210222588623248	1	0.789777411376752	-	0.63150289017341	0.882542607093505	0.88869421702673	0.455758734836135	0.789777411376752	328528
MMSeqs2	10.5847061622308	2.53e-05	1916	510	182	0	1	0.736994219653179	0	0.263005780346821	0.789777411376752	0	1.35686274509804	0	0.804447852760736	0.210222588623248	1	0.789777411376752	-	0.63150289017341	0.882542607093505	0.88869421702673	0.455758734836135	0.789777411376752	328191
MMSeqs2	10.612764115026	2.45999999999989e-05	1916	510	182	0	1	0.736994219653179	0	0.263005780346821	0.789777411376752	0	1.35686274509804	0	0.804447852760736	0.210222588623248	1	0.789777411376752	-	0.63150289017341	0.882542607093505	0.88869421702673	0.455758734836135	0.789777411376752	327656
MMSeqs2	10.6291579248016	2.42000000000008e-05	1916	510	182	0	1	0.736994219653179	0	0.263005780346821	0.789777411376752	0	1.35686274509804	0	0.804447852760736	0.210222588623248	1	0.789777411376752	-	0.63150289017341	0.882542607093505	0.88869421702673	0.455758734836135	0.789777411376752	327385
MMSeqs2	10.6470862765922	2.37699999999993e-05	1916	510	182	0	1	0.736994219653179	0	0.263005780346821	0.789777411376752	0	1.35686274509804	0	0.804447852760736	0.210222588623248	1	0.789777411376752	-	0.63150289017341	0.882542607093505	0.88869421702673	0.455758734836135	0.789777411376752	326888
MMSeqs2	10.6585101368142	2.34999999999991e-05	1916	510	182	0	1	0.736994219653179	0	0.263005780346821	0.789777411376752	0	1.35686274509804	0	0.804447852760736	0.210222588623248	1	0.789777411376752	-	0.63150289017341	0.882542607093505	0.88869421702673	0.455758734836135	0.789777411376752	326403
MMSeqs2	10.6670571973926	2.33000000000005e-05	1916	510	182	0	1	0.736994219653179	0	0.263005780346821	0.789777411376752	0	1.35686274509804	0	0.804447852760736	0.210222588623248	1	0.789777411376752	-	0.63150289017341	0.882542607093505	0.88869421702673	0.455758734836135	0.789777411376752	326140
MMSeqs2	10.6887500220039	2.27999999999995e-05	1916	510	182	0	1	0.736994219653179	0	0.263005780346821	0.789777411376752	0	1.35686274509804	0	0.804447852760736	0.210222588623248	1	0.789777411376752	-	0.63150289017341	0.882542607093505	0.88869421702673	0.455758734836135	0.789777411376752	325645
MMSeqs2	10.7212913376956	2.20700000000006e-05	1916	505	187	0	1	0.729768786127168	0	0.270231213872832	0.791408508880628	0	1.37029702970297	0	0.806365030674847	0.208591491119372	1	0.791408508880628	-	0.635115606936416	0.883560064560756	0.889611437022157	0.462453545801198	0.791408508880628	325241
MMSeqs2	10.7568034852489	2.12999999999999e-05	1916	504	188	0	1	0.728323699421965	0	0.271676300578035	0.791735537190083	0	1.37301587301587	0	0.806748466257669	0.208264462809917	1	0.791735537190083	-	0.635838150289017	0.883763837638376	0.889795222053975	0.463784197423721	0.791735537190083	324824
MMSeqs2	10.785376857693	2.0699999999999e-05	1916	502	190	0	1	0.725433526011561	0	0.274566473988439	0.792390405293631	0	1.37848605577689	0	0.807515337423313	0.207609594706369	1	0.792390405293631	-	0.63728323699422	0.884171665897554	0.890163134090393	0.466437390872283	0.792390405293631	324391
MMSeqs2	10.8048896719165	2.03000000000006e-05	1916	502	190	0	1	0.725433526011561	0	0.274566473988439	0.792390405293631	0	1.37848605577689	0	0.807515337423313	0.207609594706369	1	0.792390405293631	-	0.63728323699422	0.884171665897554	0.890163134090393	0.466437390872283	0.792390405293631	324011
MMSeqs2	10.8298286202638	1.97999999999997e-05	1916	502	190	0	1	0.725433526011561	0	0.274566473988439	0.792390405293631	0	1.37848605577689	0	0.807515337423313	0.207609594706369	1	0.792390405293631	-	0.63728323699422	0.884171665897554	0.890163134090393	0.466437390872283	0.792390405293631	323568
MMSeqs2	10.8658222229117	1.90999999999998e-05	1916	502	190	0	1	0.725433526011561	0	0.274566473988439	0.792390405293631	0	1.37848605577689	0	0.807515337423313	0.207609594706369	1	0.792390405293631	-	0.63728323699422	0.884171665897554	0.890163134090393	0.466437390872283	0.792390405293631	323122
MMSeqs2	10.8869870341037	1.87000000000006e-05	1916	502	190	0	1	0.725433526011561	0	0.274566473988439	0.792390405293631	0	1.37848605577689	0	0.807515337423313	0.207609594706369	1	0.792390405293631	-	0.63728323699422	0.884171665897554	0.890163134090393	0.466437390872283	0.792390405293631	322790
MMSeqs2	10.9086094981169	1.83e-05	1916	502	190	0	1	0.725433526011561	0	0.274566473988439	0.792390405293631	0	1.37848605577689	0	0.807515337423313	0.207609594706369	1	0.792390405293631	-	0.63728323699422	0.884171665897554	0.890163134090393	0.466437390872283	0.792390405293631	322283
MMSeqs2	10.9195986196925	1.80999999999999e-05	1916	502	190	0	1	0.725433526011561	0	0.274566473988439	0.792390405293631	0	1.37848605577689	0	0.807515337423313	0.207609594706369	1	0.792390405293631	-	0.63728323699422	0.884171665897554	0.890163134090393	0.466437390872283	0.792390405293631	321929
MMSeqs2	10.9363121006662	1.78000000000006e-05	1916	502	190	0	1	0.725433526011561	0	0.274566473988439	0.792390405293631	0	1.37848605577689	0	0.807515337423313	0.207609594706369	1	0.792390405293631	-	0.63728323699422	0.884171665897554	0.890163134090393	0.466437390872283	0.792390405293631	321634
MMSeqs2	10.9419459183845	1.76999999999998e-05	1916	502	190	0	1	0.725433526011561	0	0.274566473988439	0.792390405293631	0	1.37848605577689	0	0.807515337423313	0.207609594706369	1	0.792390405293631	-	0.63728323699422	0.884171665897554	0.890163134090393	0.466437390872283	0.792390405293631	321020
MMSeqs2	10.9590403517438	1.73999999999998e-05	1916	502	190	0	1	0.725433526011561	0	0.274566473988439	0.792390405293631	0	1.37848605577689	0	0.807515337423313	0.207609594706369	1	0.792390405293631	-	0.63728323699422	0.884171665897554	0.890163134090393	0.466437390872283	0.792390405293631	320605
MMSeqs2	10.9764320944557	1.70999999999993e-05	1916	502	190	0	1	0.725433526011561	0	0.274566473988439	0.792390405293631	0	1.37848605577689	0	0.807515337423313	0.207609594706369	1	0.792390405293631	-	0.63728323699422	0.884171665897554	0.890163134090393	0.466437390872283	0.792390405293631	320264
MMSeqs2	11.0061078626018	1.65999999999996e-05	1916	500	192	0	1	0.722543352601156	0	0.277456647398844	0.793046357615894	0	1.384	0	0.808282208588957	0.206953642384106	1	0.793046357615894	-	0.638728323699422	0.884579870729455	0.890531502876734	0.469079933077477	0.793046357615894	319700
MMSeqs2	11.0304993157259	1.62000000000006e-05	1916	500	192	0	1	0.722543352601156	0	0.277456647398844	0.793046357615894	0	1.384	0	0.808282208588957	0.206953642384106	1	0.793046357615894	-	0.638728323699422	0.884579870729455	0.890531502876734	0.469079933077477	0.793046357615894	319543
MMSeqs2	11.0682396437088	1.55999999999997e-05	1916	495	197	0	1	0.715317919075145	0	0.284682080924855	0.794690999585234	0	1.3979797979798	0	0.810199386503067	0.205309000414766	1	0.794690999585234	-	0.642341040462428	0.885602033741622	0.89145442933738	0.475640922812764	0.794690999585234	318974
MMSeqs2	11.0876577295659	1.52999999999998e-05	1916	494	198	0	1	0.713872832369942	0	0.286127167630058	0.795020746887967	0	1.40080971659919	0	0.81058282208589	0.204979253112033	1	0.795020746887967	-	0.643063583815029	0.88580674988442	0.891639359207503	0.476945525730336	0.795020746887967	318608
MMSeqs2	11.1208833771942	1.48000000000001e-05	1916	488	204	0	1	0.705202312138728	0	0.294797687861272	0.797004991680532	0	1.41803278688525	0	0.812883435582822	0.202995008319468	1	0.797004991680532	-	0.647398843930636	0.887037037037037	0.892751360503322	0.484721805535209	0.797004991680532	318261
MMSeqs2	11.1538533964318	1.43199999999996e-05	1916	486	206	0	1	0.702312138728324	0	0.297687861271676	0.79766860949209	0	1.4238683127572	0	0.813650306748466	0.20233139050791	1	0.79766860949209	-	0.648843930635838	0.887447892542844	0.893122953177271	0.487294841305808	0.79766860949209	317817
MMSeqs2	11.176453228349	1.40000000000002e-05	1916	486	206	0	1	0.702312138728324	0	0.297687861271676	0.79766860949209	0	1.4238683127572	0	0.813650306748466	0.20233139050791	1	0.79766860949209	-	0.648843930635838	0.887447892542844	0.893122953177271	0.487294841305808	0.79766860949209	317508
MMSeqs2	11.1908419658011	1.38000000000002e-05	1916	486	206	0	1	0.702312138728324	0	0.297687861271676	0.79766860949209	0	1.4238683127572	0	0.813650306748466	0.20233139050791	1	0.79766860949209	-	0.648843930635838	0.887447892542844	0.893122953177271	0.487294841305808	0.79766860949209	317229
MMSeqs2	11.2054407652223	1.35999999999996e-05	1916	486	206	0	1	0.702312138728324	0	0.297687861271676	0.79766860949209	0	1.4238683127572	0	0.813650306748466	0.20233139050791	1	0.79766860949209	-	0.648843930635838	0.887447892542844	0.893122953177271	0.487294841305808	0.79766860949209	316493
MMSeqs2	11.2128208725199	1.34999999999999e-05	1916	486	206	0	1	0.702312138728324	0	0.297687861271676	0.79766860949209	0	1.4238683127572	0	0.813650306748466	0.20233139050791	1	0.79766860949209	-	0.648843930635838	0.887447892542844	0.893122953177271	0.487294841305808	0.79766860949209	316125
MMSeqs2	11.2277465227366	1.32999999999995e-05	1916	486	206	0	1	0.702312138728324	0	0.297687861271676	0.79766860949209	0	1.4238683127572	0	0.813650306748466	0.20233139050791	1	0.79766860949209	-	0.648843930635838	0.887447892542844	0.893122953177271	0.487294841305808	0.79766860949209	315604
MMSeqs2	11.2428983277572	1.30999999999996e-05	1916	486	206	0	1	0.702312138728324	0	0.297687861271676	0.79766860949209	0	1.4238683127572	0	0.813650306748466	0.20233139050791	1	0.79766860949209	-	0.648843930635838	0.887447892542844	0.893122953177271	0.487294841305808	0.79766860949209	315164
MMSeqs2	11.2660653870387	1.28e-05	1916	486	206	0	1	0.702312138728324	0	0.297687861271676	0.79766860949209	0	1.4238683127572	0	0.813650306748466	0.20233139050791	1	0.79766860949209	-	0.648843930635838	0.887447892542844	0.893122953177271	0.487294841305808	0.79766860949209	314925
MMSeqs2	11.289781913656	1.25000000000002e-05	1916	483	209	0	1	0.697976878612717	0	0.302023121387283	0.798666110879533	0	1.43271221532091	0	0.814800613496933	0.201333889120467	1	0.798666110879533	-	0.651011560693642	0.888064889918888	0.893681213229602	0.491137080410427	0.798666110879533	314580
MMSeqs2	11.3306039081763	1.19999999999997e-05	1916	481	211	0	1	0.695086705202312	0	0.304913294797688	0.79933249895703	0	1.43866943866944	0	0.815567484662577	0.20066750104297	1	0.79933249895703	-	0.652456647398844	0.888476698353814	0.894053968704926	0.493687255148295	0.79933249895703	314001
MMSeqs2	11.3559217161606	1.16999999999996e-05	1916	473	219	0	1	0.683526011560694	0	0.316473988439306	0.802009208874006	0	1.4630021141649	0	0.818634969325153	0.197990791125994	1	0.802009208874006	-	0.658236994219653	0.890127758420441	0.895549668568978	0.503800608472647	0.802009208874006	313666
MMSeqs2	11.3818972025638	1.14000000000003e-05	1916	473	219	0	1	0.683526011560694	0	0.316473988439306	0.802009208874006	0	1.4630021141649	0	0.818634969325153	0.197990791125994	1	0.802009208874006	-	0.658236994219653	0.890127758420441	0.895549668568978	0.503800608472647	0.802009208874006	313359
MMSeqs2	11.4176152851659	1.1e-05	1916	470	222	0	1	0.679190751445087	0	0.320809248554913	0.803017602682313	0	1.47234042553192	0	0.81978527607362	0.196982397317686	1	0.803017602682313	-	0.660404624277457	0.890748489074849	0.896112494434886	0.507558345112048	0.803017602682313	312944
MMSeqs2	11.4452668164964	1.07000000000001e-05	1916	469	223	0	1	0.677745664739884	0	0.322254335260116	0.80335429769392	0	1.47547974413646	0	0.820168711656442	0.19664570230608	1	0.80335429769392	-	0.661127167630058	0.890955591722855	0.896300339001342	0.508806844668693	0.80335429769392	312568
MMSeqs2	11.4737047518169	1.04000000000005e-05	1916	469	223	0	1	0.677745664739884	0	0.322254335260116	0.80335429769392	0	1.47547974413646	0	0.820168711656442	0.19664570230608	1	0.80335429769392	-	0.661127167630058	0.890955591722855	0.896300339001342	0.508806844668693	0.80335429769392	312078
MMSeqs2	11.4833666627287	1.02999999999998e-05	1916	469	223	0	1	0.677745664739884	0	0.322254335260116	0.80335429769392	0	1.47547974413646	0	0.820168711656442	0.19664570230608	1	0.80335429769392	-	0.661127167630058	0.890955591722855	0.896300339001342	0.508806844668693	0.80335429769392	311560
MMSeqs2	11.493122837674	1.02000000000005e-05	1916	469	223	0	1	0.677745664739884	0	0.322254335260116	0.80335429769392	0	1.47547974413646	0	0.820168711656442	0.19664570230608	1	0.80335429769392	-	0.661127167630058	0.890955591722855	0.896300339001342	0.508806844668693	0.80335429769392	311538
MMSeqs2	11.5189435372958	9.93999999999992e-06	1916	469	223	0	1	0.677745664739884	0	0.322254335260116	0.80335429769392	0	1.47547974413646	0	0.820168711656442	0.19664570230608	1	0.80335429769392	-	0.661127167630058	0.890955591722855	0.896300339001342	0.508806844668693	0.80335429769392	310758
MMSeqs2	11.5331281722877	9.80000000000047e-06	1916	469	223	0	1	0.677745664739884	0	0.322254335260116	0.80335429769392	0	1.47547974413646	0	0.820168711656442	0.19664570230608	1	0.80335429769392	-	0.661127167630058	0.890955591722855	0.896300339001342	0.508806844668693	0.80335429769392	310425
MMSeqs2	11.5600170725041	9.53999999999979e-06	1916	469	223	0	1	0.677745664739884	0	0.322254335260116	0.80335429769392	0	1.47547974413646	0	0.820168711656442	0.19664570230608	1	0.80335429769392	-	0.661127167630058	0.890955591722855	0.896300339001342	0.508806844668693	0.80335429769392	309977
MMSeqs2	11.5865720051385	9.29000000000025e-06	1916	469	223	0	1	0.677745664739884	0	0.322254335260116	0.80335429769392	0	1.47547974413646	0	0.820168711656442	0.19664570230608	1	0.80335429769392	-	0.661127167630058	0.890955591722855	0.896300339001342	0.508806844668693	0.80335429769392	309569
MMSeqs2	11.6269904212582	8.92200000000002e-06	1916	465	227	0	1	0.671965317919075	0	0.328034682080925	0.804703905921882	0	1.48817204301075	0	0.82170245398773	0.195296094078118	1	0.804703905921881	-	0.664017341040462	0.891784966255527	0.897052900291773	0.513780877367349	0.804703905921882	309157
MMSeqs2	11.6521875323037	8.70000000000032e-06	1916	462	230	0	1	0.667630057803468	0	0.332369942196532	0.805719091673675	0	1.4978354978355	0	0.822852760736196	0.194280908326325	1	0.805719091673675	-	0.666184971098266	0.892408011178388	0.897618566916747	0.51749087714299	0.805719091673675	308756
MMSeqs2	11.6801613843461	8.46000000000036e-06	1916	460	232	0	1	0.664739884393064	0	0.335260115606936	0.806397306397306	0	1.50434782608696	0	0.823619631901841	0.193602693602694	1	0.806397306397306	-	0.667630057803468	0.8928238583411	0.897996273041991	0.519954665492948	0.806397306397306	308343
MMSeqs2	11.7101576344999	8.2100000000003e-06	1916	458	234	0	1	0.661849710982659	0	0.338150289017341	0.807076663858467	0	1.51091703056769	0	0.824386503067485	0.192923336141533	1	0.807076663858467	-	0.669075144508671	0.893240093240093	0.898374456370208	0.522410956185733	0.807076663858467	307925
MMSeqs2	11.7385721465026	7.97999999999966e-06	1916	458	234	0	1	0.661849710982659	0	0.338150289017341	0.807076663858467	0	1.51091703056769	0	0.824386503067485	0.192923336141533	1	0.807076663858467	-	0.669075144508671	0.893240093240093	0.898374456370208	0.522410956185733	0.807076663858467	307508
MMSeqs2	11.7575480479616	7.8299999999997e-06	1916	458	234	0	1	0.661849710982659	0	0.338150289017341	0.807076663858467	0	1.51091703056769	0	0.824386503067485	0.192923336141533	1	0.807076663858467	-	0.669075144508671	0.893240093240093	0.898374456370208	0.522410956185733	0.807076663858467	307094
MMSeqs2	11.7691088703626	7.74000000000029e-06	1916	458	234	0	1	0.661849710982659	0	0.338150289017341	0.807076663858467	0	1.51091703056769	0	0.824386503067485	0.192923336141533	1	0.807076663858467	-	0.669075144508671	0.893240093240093	0.898374456370208	0.522410956185733	0.807076663858467	306906
MMSeqs2	11.7781939425851	7.67000000000007e-06	1916	458	234	0	1	0.661849710982659	0	0.338150289017341	0.807076663858467	0	1.51091703056769	0	0.824386503067485	0.192923336141533	1	0.807076663858467	-	0.669075144508671	0.893240093240093	0.898374456370208	0.522410956185733	0.807076663858467	306273
MMSeqs2	11.7939629947033	7.55000000000031e-06	1916	458	234	0	1	0.661849710982659	0	0.338150289017341	0.807076663858467	0	1.51091703056769	0	0.824386503067485	0.192923336141533	1	0.807076663858467	-	0.669075144508671	0.893240093240093	0.898374456370208	0.522410956185733	0.807076663858467	305859
MMSeqs2	11.811331500785	7.41999999999989e-06	1916	458	234	0	1	0.661849710982659	0	0.338150289017341	0.807076663858467	0	1.51091703056769	0	0.824386503067485	0.192923336141533	1	0.807076663858467	-	0.669075144508671	0.893240093240093	0.898374456370208	0.522410956185733	0.807076663858467	305365
MMSeqs2	11.8345090890977	7.24999999999993e-06	1916	458	234	0	1	0.661849710982659	0	0.338150289017341	0.807076663858467	0	1.51091703056769	0	0.824386503067485	0.192923336141533	1	0.807076663858467	-	0.669075144508671	0.893240093240093	0.898374456370208	0.522410956185733	0.807076663858467	305028
MMSeqs2	11.8631924126136	7.04500000000022e-06	1916	457	235	0	1	0.660404624277457	0	0.339595375722543	0.807416772018542	0	1.51422319474836	0	0.824769938650307	0.192583227981458	1	0.807416772018542	-	0.669797687861272	0.8934483562602	0.898563727299596	0.523636326144701	0.807416772018542	304619
MMSeqs2	11.901533456012	6.77999999999979e-06	1916	455	237	0	1	0.657514450867052	0	0.342485549132948	0.808097849008857	0	1.52087912087912	0	0.825536809815951	0.191902150991143	1	0.808097849008857	-	0.671242774566474	0.893865173781199	0.898942628318881	0.52608158642073	0.808097849008857	304191
MMSeqs2	11.928592435563	6.59899999999993e-06	1916	451	241	0	1	0.651734104046243	0	0.348265895953757	0.809463455851289	0	1.53436807095344	0	0.827070552147239	0.190536544148711	1	0.809463455851289	-	0.674132947976879	0.89469997665188	0.899701870538952	0.530950577449421	0.809463455851289	303792
MMSeqs2	11.9668982771434	6.35100000000023e-06	1916	447	245	0	1	0.645953757225434	0	0.354046242774566	0.810833685992383	0	1.54809843400447	0	0.828604294478528	0.189166314007617	1	0.810833685992383	-	0.677023121387283	0.895536340266417	0.900463039770308	0.535791582651926	0.810833685992383	303393
MMSeqs2	11.9974337804188	6.16000000000028e-06	1916	447	245	0	1	0.645953757225434	0	0.354046242774566	0.810833685992383	0	1.54809843400447	0	0.828604294478528	0.189166314007617	1	0.810833685992383	-	0.677023121387283	0.895536340266417	0.900463039770308	0.535791582651926	0.810833685992383	302991
MMSeqs2	12.0194271172562	6.02599999999979e-06	1916	447	245	0	1	0.645953757225434	0	0.354046242774566	0.810833685992383	0	1.54809843400447	0	0.828604294478528	0.189166314007617	1	0.810833685992383	-	0.677023121387283	0.895536340266417	0.900463039770308	0.535791582651926	0.810833685992383	302565
MMSeqs2	12.0456559241243	5.86999999999981e-06	1916	447	245	0	1	0.645953757225434	0	0.354046242774566	0.810833685992383	0	1.54809843400447	0	0.828604294478528	0.189166314007617	1	0.810833685992383	-	0.677023121387283	0.895536340266417	0.900463039770308	0.535791582651926	0.810833685992383	302100
MMSeqs2	12.0542102962209	5.82000000000016e-06	1916	447	245	0	1	0.645953757225434	0	0.354046242774566	0.810833685992383	0	1.54809843400447	0	0.828604294478528	0.189166314007617	1	0.810833685992383	-	0.677023121387283	0.895536340266417	0.900463039770308	0.535791582651926	0.810833685992383	301783
MMSeqs2	12.066310703155	5.75000000000008e-06	1916	447	245	0	1	0.645953757225434	0	0.354046242774566	0.810833685992383	0	1.54809843400447	0	0.828604294478528	0.189166314007617	1	0.810833685992383	-	0.677023121387283	0.895536340266417	0.900463039770308	0.535791582651926	0.810833685992383	301334
MMSeqs2	12.0820866657492	5.6599999999999e-06	1916	447	245	0	1	0.645953757225434	0	0.354046242774566	0.810833685992383	0	1.54809843400447	0	0.828604294478528	0.189166314007617	1	0.810833685992383	-	0.677023121387283	0.895536340266417	0.900463039770308	0.535791582651926	0.810833685992383	300872
MMSeqs2	12.0999124497018	5.55999999999991e-06	1916	447	245	0	1	0.645953757225434	0	0.354046242774566	0.810833685992383	0	1.54809843400447	0	0.828604294478528	0.189166314007617	1	0.810833685992383	-	0.677023121387283	0.895536340266417	0.900463039770308	0.535791582651926	0.810833685992383	300458
MMSeqs2	12.1254147425127	5.42000000000011e-06	1916	446	246	0	1	0.644508670520231	0	0.355491329479769	0.811176968670618	0	1.55156950672646	0	0.82898773006135	0.188823031329382	1	0.811176968670618	-	0.677745664739884	0.895745675549322	0.900653634129468	0.536997559618372	0.811176968670618	300121
MMSeqs2	12.1591890596313	5.24000000000012e-06	1916	444	248	0	1	0.641618497109827	0	0.358381502890173	0.811864406779661	0	1.55855855855856	0	0.829754601226994	0.188135593220339	1	0.811864406779661	-	0.679190751445087	0.896164639850327	0.901035186205101	0.539404473697367	0.811864406779661	299703
MMSeqs2	12.196122314677	5.05000000000003e-06	1916	443	249	0	1	0.640173410404624	0	0.359826589595376	0.812208562950403	0	1.56207674943567	0	0.830138036809816	0.187791437049597	1	0.812208562950403	-	0.679913294797688	0.896374269005848	0.901226144178254	0.540605435827836	0.812208562950403	299289
MMSeqs2	12.2303653380992	4.88000000000009e-06	1916	441	251	0	1	0.63728323699422	0	0.36271676300578	0.812897751378871	0	1.56916099773243	0	0.83090490797546	0.187102248621129	1	0.812897751378872	-	0.68135838150289	0.896793821670957	0.901608424638363	0.543002431886655	0.812897751378871	298867
MMSeqs2	12.2637017583668	4.72000000000005e-06	1916	440	252	0	1	0.635838150289017	0	0.364161849710983	0.813242784380306	0	1.57272727272727	0	0.831288343558282	0.186757215619694	1	0.813242784380306	-	0.682080924855491	0.897003745318352	0.901799747383146	0.544198490097172	0.813242784380306	298462
MMSeqs2	12.2916305338918	4.59000000000009e-06	1916	440	252	0	1	0.635838150289017	0	0.364161849710983	0.813242784380306	0	1.57272727272727	0	0.831288343558282	0.186757215619694	1	0.813242784380306	-	0.682080924855491	0.897003745318352	0.901799747383146	0.544198490097172	0.813242784380306	298038
MMSeqs2	12.311433161188	4.5e-06	1916	440	252	0	1	0.635838150289017	0	0.364161849710983	0.813242784380306	0	1.57272727272727	0	0.831288343558282	0.186757215619694	1	0.813242784380306	-	0.682080924855491	0.897003745318352	0.901799747383146	0.544198490097172	0.813242784380306	297655
MMSeqs2	12.3271109739072	4.43000000000013e-06	1916	440	252	0	1	0.635838150289017	0	0.364161849710983	0.813242784380306	0	1.57272727272727	0	0.831288343558282	0.186757215619694	1	0.813242784380306	-	0.682080924855491	0.897003745318352	0.901799747383146	0.544198490097172	0.813242784380306	297255
MMSeqs2	12.3339060170401	4.39999999999982e-06	1916	440	252	0	1	0.635838150289017	0	0.364161849710983	0.813242784380306	0	1.57272727272727	0	0.831288343558282	0.186757215619694	1	0.813242784380306	-	0.682080924855491	0.897003745318352	0.901799747383146	0.544198490097172	0.813242784380306	296710
MMSeqs2	12.3430385006033	4.36000000000014e-06	1916	440	252	0	1	0.635838150289017	0	0.364161849710983	0.813242784380306	0	1.57272727272727	0	0.831288343558282	0.186757215619694	1	0.813242784380306	-	0.682080924855491	0.897003745318352	0.901799747383146	0.544198490097172	0.813242784380306	296481
MMSeqs2	12.3638967307237	4.27000000000017e-06	1916	440	252	0	1	0.635838150289017	0	0.364161849710983	0.813242784380306	0	1.57272727272727	0	0.831288343558282	0.186757215619694	1	0.813242784380306	-	0.682080924855491	0.897003745318352	0.901799747383146	0.544198490097172	0.813242784380306	295960
MMSeqs2	12.3828098240302	4.19000000000011e-06	1916	440	252	0	1	0.635838150289017	0	0.364161849710983	0.813242784380306	0	1.57272727272727	0	0.831288343558282	0.186757215619694	1	0.813242784380306	-	0.682080924855491	0.897003745318352	0.901799747383146	0.544198490097172	0.813242784380306	295684
MMSeqs2	12.4118675585098	4.06999999999988e-06	1916	440	252	0	1	0.635838150289017	0	0.364161849710983	0.813242784380306	0	1.57272727272727	0	0.831288343558282	0.186757215619694	1	0.813242784380306	-	0.682080924855491	0.897003745318352	0.901799747383146	0.544198490097172	0.813242784380306	295098
MMSeqs2	12.4425547612836	3.94699999999986e-06	1916	440	252	0	1	0.635838150289017	0	0.364161849710983	0.813242784380306	0	1.57272727272727	0	0.831288343558282	0.186757215619694	1	0.813242784380306	-	0.682080924855491	0.897003745318352	0.901799747383146	0.544198490097172	0.813242784380306	294714
MMSeqs2	12.4778813688257	3.80999999999986e-06	1916	429	263	0	1	0.619942196531792	0	0.380057803468208	0.817057569296375	0	1.61305361305361	0	0.835506134969325	0.182942430703625	1	0.817057569296375	-	0.690028901734104	0.899319408589533	0.903912368151015	0.557251384111205	0.817057569296375	294267
MMSeqs2	12.5071777383141	3.69999999999998e-06	1916	428	264	0	1	0.61849710982659	0	0.38150289017341	0.81740614334471	0	1.61682242990654	0	0.835889570552147	0.18259385665529	1	0.81740614334471	-	0.690751445086705	0.899530516431925	0.904105161662464	0.558428872938629	0.81740614334471	293859
MMSeqs2	12.5401477575517	3.57999999999987e-06	1916	427	265	0	1	0.617052023121387	0	0.382947976878613	0.817755014938114	0	1.62060889929742	0	0.836273006134969	0.182244985061886	1	0.817755014938113	-	0.691473988439306	0.899741723409251	0.904298078588091	0.559604886105268	0.817755014938114	293456
MMSeqs2	12.5656088217499	3.49000000000014e-06	1916	427	265	0	1	0.617052023121387	0	0.382947976878613	0.817755014938114	0	1.62060889929742	0	0.836273006134969	0.182244985061886	1	0.817755014938113	-	0.691473988439306	0.899741723409251	0.904298078588091	0.559604886105268	0.817755014938114	293105
MMSeqs2	12.5887982666688	3.41000000000017e-06	1916	427	265	0	1	0.617052023121387	0	0.382947976878613	0.817755014938114	0	1.62060889929742	0	0.836273006134969	0.182244985061886	1	0.817755014938113	-	0.691473988439306	0.899741723409251	0.904298078588091	0.559604886105268	0.817755014938114	292733
MMSeqs2	12.6005978136	3.37000000000001e-06	1916	427	265	0	1	0.617052023121387	0	0.382947976878613	0.817755014938114	0	1.62060889929742	0	0.836273006134969	0.182244985061886	1	0.817755014938113	-	0.691473988439306	0.899741723409251	0.904298078588091	0.559604886105268	0.817755014938114	292264
MMSeqs2	12.6095397509757	3.33999999999989e-06	1916	427	265	0	1	0.617052023121387	0	0.382947976878613	0.817755014938114	0	1.62060889929742	0	0.836273006134969	0.182244985061886	1	0.817755014938113	-	0.691473988439306	0.899741723409251	0.904298078588091	0.559604886105268	0.817755014938114	291794
MMSeqs2	12.6215880894918	3.30000000000013e-06	1916	427	265	0	1	0.617052023121387	0	0.382947976878613	0.817755014938114	0	1.62060889929742	0	0.836273006134969	0.182244985061886	1	0.817755014938113	-	0.691473988439306	0.899741723409251	0.904298078588091	0.559604886105268	0.817755014938114	291514
MMSeqs2	12.6368555616226	3.25000000000009e-06	1916	427	265	0	1	0.617052023121387	0	0.382947976878613	0.817755014938114	0	1.62060889929742	0	0.836273006134969	0.182244985061886	1	0.817755014938113	-	0.691473988439306	0.899741723409251	0.904298078588091	0.559604886105268	0.817755014938114	291083
MMSeqs2	12.6586293611722	3.17999999999997e-06	1916	426	266	0	1	0.615606936416185	0	0.384393063583815	0.818104184457728	0	1.62441314553991	0	0.836656441717791	0.181895815542272	1	0.818104184457729	-	0.692196531791908	0.899953029591357	0.904491119059623	0.560779434175724	0.818104184457728	290533
MMSeqs2	12.6767164796633	3.1230000000001e-06	1916	426	266	0	1	0.615606936416185	0	0.384393063583815	0.818104184457728	0	1.62441314553991	0	0.836656441717791	0.181895815542272	1	0.818104184457729	-	0.692196531791908	0.899953029591357	0.904491119059623	0.560779434175724	0.818104184457728	290179
MMSeqs2	12.7036530425461	3.04000000000014e-06	1916	426	266	0	1	0.615606936416185	0	0.384393063583815	0.818104184457728	0	1.62441314553991	0	0.836656441717791	0.181895815542272	1	0.818104184457729	-	0.692196531791908	0.899953029591357	0.904491119059623	0.560779434175724	0.818104184457728	289791
MMSeqs2	12.7411909618652	2.92800000000003e-06	1916	425	267	0	1	0.614161849710983	0	0.385838150289017	0.818453652285348	0	1.62823529411765	0	0.837039877300613	0.181546347714652	1	0.818453652285348	-	0.692919075144509	0.900164435048156	0.904684283208981	0.561952527616941	0.818453652285348	289353
MMSeqs2	12.7681915636837	2.85000000000004e-06	1916	422	270	0	1	0.609826589595376	0	0.390173410404624	0.819503849443969	0	1.63981042654028	0	0.83819018404908	0.180496150556031	1	0.819503849443969	-	0.695086705202312	0.900799247766808	0.905264519046212	0.565463183396825	0.819503849443969	288998
MMSeqs2	12.8039096462858	2.74999999999998e-06	1916	420	272	0	1	0.606936416184971	0	0.393063583815029	0.820205479452055	0	1.64761904761905	0	0.838957055214724	0.179794520547945	1	0.820205479452055	-	0.696531791907514	0.901222953904045	0.905651963754319	0.567796535052961	0.820205479452055	288482
MMSeqs2	12.8319350792845	2.67400000000006e-06	1916	420	272	0	1	0.606936416184971	0	0.393063583815029	0.820205479452055	0	1.64761904761905	0	0.838957055214724	0.179794520547945	1	0.820205479452055	-	0.696531791907514	0.901222953904045	0.905651963754319	0.567796535052961	0.820205479452055	288118
MMSeqs2	12.8599991129368	2.6000000000001e-06	1916	420	272	0	1	0.606936416184971	0	0.393063583815029	0.820205479452055	0	1.64761904761905	0	0.838957055214724	0.179794520547945	1	0.820205479452055	-	0.696531791907514	0.901222953904045	0.905651963754319	0.567796535052961	0.820205479452055	287770
MMSeqs2	12.8794171987939	2.5500000000001e-06	1916	420	272	0	1	0.606936416184971	0	0.393063583815029	0.820205479452055	0	1.64761904761905	0	0.838957055214724	0.179794520547945	1	0.820205479452055	-	0.696531791907514	0.901222953904045	0.905651963754319	0.567796535052961	0.820205479452055	287329
MMSeqs2	12.8833464769338	2.54000000000007e-06	1916	420	272	0	1	0.606936416184971	0	0.393063583815029	0.820205479452055	0	1.64761904761905	0	0.838957055214724	0.179794520547945	1	0.820205479452055	-	0.696531791907514	0.901222953904045	0.905651963754319	0.567796535052961	0.820205479452055	287077
MMSeqs2	12.8992198260901	2.50000000000005e-06	1916	420	272	0	1	0.606936416184971	0	0.393063583815029	0.820205479452055	0	1.64761904761905	0	0.838957055214724	0.179794520547945	1	0.820205479452055	-	0.696531791907514	0.901222953904045	0.905651963754319	0.567796535052961	0.820205479452055	286464
MMSeqs2	12.9194225334076	2.45000000000009e-06	1916	420	272	0	1	0.606936416184971	0	0.393063583815029	0.820205479452055	0	1.64761904761905	0	0.838957055214724	0.179794520547945	1	0.820205479452055	-	0.696531791907514	0.901222953904045	0.905651963754319	0.567796535052961	0.820205479452055	286069
MMSeqs2	12.9400418206104	2.39999999999994e-06	1916	420	272	0	1	0.606936416184971	0	0.393063583815029	0.820205479452055	0	1.64761904761905	0	0.838957055214724	0.179794520547945	1	0.820205479452055	-	0.696531791907514	0.901222953904045	0.905651963754319	0.567796535052961	0.820205479452055	285623
MMSeqs2	12.9610952298082	2.35000000000002e-06	1916	420	272	0	1	0.606936416184971	0	0.393063583815029	0.820205479452055	0	1.64761904761905	0	0.838957055214724	0.179794520547945	1	0.820205479452055	-	0.696531791907514	0.901222953904045	0.905651963754319	0.567796535052961	0.820205479452055	285274
MMSeqs2	12.9869587403981	2.29000000000006e-06	1916	420	272	0	1	0.606936416184971	0	0.393063583815029	0.820205479452055	0	1.64761904761905	0	0.838957055214724	0.179794520547945	1	0.820205479452055	-	0.696531791907514	0.901222953904045	0.905651963754319	0.567796535052961	0.820205479452055	284873
MMSeqs2	13.0225180424346	2.21000000000003e-06	1916	420	272	0	1	0.606936416184971	0	0.393063583815029	0.820205479452055	0	1.64761904761905	0	0.838957055214724	0.179794520547945	1	0.820205479452055	-	0.696531791907514	0.901222953904045	0.905651963754319	0.567796535052961	0.820205479452055	284400
MMSeqs2	13.0500427158247	2.15000000000001e-06	1916	417	275	0	1	0.602601156069364	0	0.397398843930636	0.821260180025718	0	1.65947242206235	0	0.84010736196319	0.178739819974282	1	0.821260180025718	-	0.698699421965318	0.901859261002589	0.906234064701674	0.57128613330667	0.821260180025718	283987
MMSeqs2	13.0812214340732	2.0839999999999e-06	1916	413	279	0	1	0.596820809248555	0	0.403179190751445	0.82267067410906	0	1.67554479418886	0	0.841641104294479	0.17732932589094	1	0.82267067410906	-	0.701589595375723	0.902709069493522	0.907011948162239	0.575919869983869	0.82267067410906	283564
MMSeqs2	13.1094471521378	2.02599999999996e-06	1916	413	279	0	1	0.596820809248555	0	0.403179190751445	0.82267067410906	0	1.67554479418886	0	0.841641104294479	0.17732932589094	1	0.82267067410906	-	0.701589595375723	0.902709069493522	0.907011948162239	0.575919869983869	0.82267067410906	283159
MMSeqs2	13.1374770152144	1.96999999999996e-06	1916	413	279	0	1	0.596820809248555	0	0.403179190751445	0.82267067410906	0	1.67554479418886	0	0.841641104294479	0.17732932589094	1	0.82267067410906	-	0.701589595375723	0.902709069493522	0.907011948162239	0.575919869983869	0.82267067410906	282710
MMSeqs2	13.1579905550475	1.92999999999996e-06	1916	412	280	0	1	0.595375722543353	0	0.404624277456647	0.823024054982818	0	1.67961165048544	0	0.842024539877301	0.176975945017182	1	0.823024054982818	-	0.702312138728324	0.902921771913289	0.907206732218637	0.577074963567874	0.823024054982818	282158
MMSeqs2	13.1631853719246	1.91999999999997e-06	1916	412	280	0	1	0.595375722543353	0	0.404624277456647	0.823024054982818	0	1.67961165048544	0	0.842024539877301	0.176975945017182	1	0.823024054982818	-	0.702312138728324	0.902921771913289	0.907206732218637	0.577074963567874	0.823024054982818	281553
MMSeqs2	13.1684073159057	1.91000000000007e-06	1916	412	280	0	1	0.595375722543353	0	0.404624277456647	0.823024054982818	0	1.67961165048544	0	0.842024539877301	0.176975945017182	1	0.823024054982818	-	0.702312138728324	0.902921771913289	0.907206732218637	0.577074963567874	0.823024054982818	281544
MMSeqs2	13.1789337288927	1.89000000000004e-06	1916	412	280	0	1	0.595375722543353	0	0.404624277456647	0.823024054982818	0	1.67961165048544	0	0.842024539877301	0.176975945017182	1	0.823024054982818	-	0.702312138728324	0.902921771913289	0.907206732218637	0.577074963567874	0.823024054982818	281225
MMSeqs2	13.1949340702392	1.85999999999993e-06	1916	412	280	0	1	0.595375722543353	0	0.404624277456647	0.823024054982818	0	1.67961165048544	0	0.842024539877301	0.176975945017182	1	0.823024054982818	-	0.702312138728324	0.902921771913289	0.907206732218637	0.577074963567874	0.823024054982818	280591
MMSeqs2	13.2111945911109	1.83000000000008e-06	1916	412	280	0	1	0.595375722543353	0	0.404624277456647	0.823024054982818	0	1.67961165048544	0	0.842024539877301	0.176975945017182	1	0.823024054982818	-	0.702312138728324	0.902921771913289	0.907206732218637	0.577074963567874	0.823024054982818	280298
MMSeqs2	13.2388971936603	1.77999999999997e-06	1916	412	280	0	1	0.595375722543353	0	0.404624277456647	0.823024054982818	0	1.67961165048544	0	0.842024539877301	0.176975945017182	1	0.823024054982818	-	0.702312138728324	0.902921771913289	0.907206732218637	0.577074963567874	0.823024054982818	279546
MMSeqs2	13.2445310113785	1.77000000000006e-06	1916	412	280	0	1	0.595375722543353	0	0.404624277456647	0.823024054982818	0	1.67961165048544	0	0.842024539877301	0.176975945017182	1	0.823024054982818	-	0.702312138728324	0.902921771913289	0.907206732218637	0.577074963567874	0.823024054982818	279543
MMSeqs2	13.2731862671389	1.72000000000002e-06	1916	412	280	0	1	0.595375722543353	0	0.404624277456647	0.823024054982818	0	1.67961165048544	0	0.842024539877301	0.176975945017182	1	0.823024054982818	-	0.702312138728324	0.902921771913289	0.907206732218637	0.577074963567874	0.823024054982818	279110
MMSeqs2	13.3147352700518	1.64999999999997e-06	1916	408	284	0	1	0.589595375722543	0	0.410404624277457	0.824440619621343	0	1.69607843137255	0	0.843558282208589	0.175559380378657	1	0.824440619621343	-	0.705202312138728	0.90377358490566	0.907987125250872	0.581682252380774	0.824440619621343	278461
MMSeqs2	13.33308440872	1.61999999999997e-06	1916	408	284	0	1	0.589595375722543	0	0.410404624277457	0.824440619621343	0	1.69607843137255	0	0.843558282208589	0.175559380378657	1	0.824440619621343	-	0.705202312138728	0.90377358490566	0.907987125250872	0.581682252380774	0.824440619621343	278142
MMSeqs2	13.3708247367028	1.56000000000004e-06	1916	404	288	0	1	0.583815028901734	0	0.416184971098266	0.825862068965517	0	1.71287128712871	0	0.845092024539877	0.174137931034483	1	0.825862068965517	-	0.708092485549133	0.904627006610009	0.908769535672008	0.586269034917902	0.825862068965517	277809
MMSeqs2	13.4034009071374	1.51000000000006e-06	1916	404	288	0	1	0.583815028901734	0	0.416184971098266	0.825862068965517	0	1.71287128712871	0	0.845092024539877	0.174137931034483	1	0.825862068965517	-	0.708092485549133	0.904627006610009	0.908769535672008	0.586269034917902	0.825862068965517	277405
MMSeqs2	13.4234684701883	1.47999999999993e-06	1916	403	289	0	1	0.582369942196532	0	0.417630057803468	0.826218197498922	0	1.71712158808933	0	0.845475460122699	0.173781802501078	1	0.826218197498922	-	0.708815028901734	0.904840613931523	0.908965454513494	0.587412592289059	0.826218197498922	276904
MMSeqs2	13.4439470015318	1.44999999999999e-06	1916	403	289	0	1	0.582369942196532	0	0.417630057803468	0.826218197498922	0	1.71712158808933	0	0.845475460122699	0.173781802501078	1	0.826218197498922	-	0.708815028901734	0.904840613931523	0.908965454513494	0.587412592289059	0.826218197498922	276067
MMSeqs2	13.4439470015318	1.44999999999999e-06	1916	403	289	0	1	0.582369942196532	0	0.417630057803468	0.826218197498922	0	1.71712158808933	0	0.845475460122699	0.173781802501078	1	0.826218197498922	-	0.708815028901734	0.904840613931523	0.908965454513494	0.587412592289059	0.826218197498922	276067
MMSeqs2	13.4648536863511	1.42000000000001e-06	1916	403	289	0	1	0.582369942196532	0	0.417630057803468	0.826218197498922	0	1.71712158808933	0	0.845475460122699	0.173781802501078	1	0.826218197498922	-	0.708815028901734	0.904840613931523	0.908965454513494	0.587412592289059	0.826218197498922	275728
MMSeqs2	13.4790383213431	1.39999999999994e-06	1916	403	289	0	1	0.582369942196532	0	0.417630057803468	0.826218197498922	0	1.71712158808933	0	0.845475460122699	0.173781802501078	1	0.826218197498922	-	0.708815028901734	0.904840613931523	0.908965454513494	0.587412592289059	0.826218197498922	275267
MMSeqs2	13.5028920002225	1.36699999999995e-06	1916	403	289	0	1	0.582369942196532	0	0.417630057803468	0.826218197498922	0	1.71712158808933	0	0.845475460122699	0.173781802501078	1	0.826218197498922	-	0.708815028901734	0.904840613931523	0.908965454513494	0.587412592289059	0.826218197498922	274897
MMSeqs2	13.5228409440015	1.33999999999994e-06	1916	403	289	0	1	0.582369942196532	0	0.417630057803468	0.826218197498922	0	1.71712158808933	0	0.845475460122699	0.173781802501078	1	0.826218197498922	-	0.708815028901734	0.904840613931523	0.908965454513494	0.587412592289059	0.826218197498922	274377
MMSeqs2	13.5531462934968	1.29999999999998e-06	1916	403	289	0	1	0.582369942196532	0	0.417630057803468	0.826218197498922	0	1.71712158808933	0	0.845475460122699	0.173781802501078	1	0.826218197498922	-	0.708815028901734	0.904840613931523	0.908965454513494	0.587412592289059	0.826218197498922	273954
MMSeqs2	13.5843988370009	1.25999999999998e-06	1916	403	289	0	1	0.582369942196532	0	0.417630057803468	0.826218197498922	0	1.71712158808933	0	0.845475460122699	0.173781802501078	1	0.826218197498922	-	0.708815028901734	0.904840613931523	0.908965454513494	0.587412592289059	0.826218197498922	273612
MMSeqs2	13.6166596992191	1.22000000000001e-06	1916	395	297	0	1	0.570809248554913	0	0.429190751445087	0.829078321073129	0	1.75189873417721	0	0.848542944785276	0.170921678926871	1	0.829078321073129	-	0.714595375722543	0.906553110953395	0.910537380382117	0.596517181335296	0.829078321073129	273293
MMSeqs2	13.6499961194867	1.18e-06	1916	392	300	0	1	0.566473988439306	0	0.433526011560694	0.830155979202773	0	1.76530612244898	0	0.849693251533742	0.169844020797227	1	0.830155979202773	-	0.716763005780347	0.90719696969697	0.911128958601785	0.599911835720083	0.830155979202773	272892
MMSeqs2	13.6844822955579	1.13999999999996e-06	1916	392	300	0	1	0.566473988439306	0	0.433526011560694	0.830155979202773	0	1.76530612244898	0	0.849693251533742	0.169844020797227	1	0.830155979202773	-	0.716763005780347	0.90719696969697	0.911128958601785	0.599911835720083	0.830155979202773	272371
MMSeqs2	13.7057596940052	1.11599999999995e-06	1916	391	301	0	1	0.565028901734104	0	0.434971098265896	0.830515821413091	0	1.76982097186701	0	0.850076687116564	0.169484178586909	1	0.830515821413091	-	0.717485549132948	0.907411792564528	0.911326407722881	0.601041079267678	0.830515821413091	272013
MMSeqs2	13.7202003781599	1.10000000000005e-06	1916	391	301	0	1	0.565028901734104	0	0.434971098265896	0.830515821413091	0	1.76982097186701	0	0.850076687116564	0.169484178586909	1	0.830515821413091	-	0.717485549132948	0.907411792564528	0.911326407722881	0.601041079267678	0.830515821413091	271861
MMSeqs2	13.7293328617232	1.09000000000002e-06	1916	391	301	0	1	0.565028901734104	0	0.434971098265896	0.830515821413091	0	1.76982097186701	0	0.850076687116564	0.169484178586909	1	0.830515821413091	-	0.717485549132948	0.907411792564528	0.911326407722881	0.601041079267678	0.830515821413091	271288
MMSeqs2	13.7478519094905	1.06999999999996e-06	1916	391	301	0	1	0.565028901734104	0	0.434971098265896	0.830515821413091	0	1.76982097186701	0	0.850076687116564	0.169484178586909	1	0.830515821413091	-	0.717485549132948	0.907411792564528	0.911326407722881	0.601041079267678	0.830515821413091	270660
MMSeqs2	13.7667203937948	1.05000000000004e-06	1916	391	301	0	1	0.565028901734104	0	0.434971098265896	0.830515821413091	0	1.76982097186701	0	0.850076687116564	0.169484178586909	1	0.830515821413091	-	0.717485549132948	0.907411792564528	0.911326407722881	0.601041079267678	0.830515821413091	270422
MMSeqs2	13.7957079306681	1.02e-06	1916	391	301	0	1	0.565028901734104	0	0.434971098265896	0.830515821413091	0	1.76982097186701	0	0.850076687116564	0.169484178586909	1	0.830515821413091	-	0.717485549132948	0.907411792564528	0.911326407722881	0.601041079267678	0.830515821413091	269821
MMSeqs2	13.8055602271111	1.01000000000001e-06	1916	391	301	0	1	0.565028901734104	0	0.434971098265896	0.830515821413091	0	1.76982097186701	0	0.850076687116564	0.169484178586909	1	0.830515821413091	-	0.717485549132948	0.907411792564528	0.911326407722881	0.601041079267678	0.830515821413091	269807
MMSeqs2	13.8387791849036	9.77000000000027e-07	1916	391	301	0	1	0.565028901734104	0	0.434971098265896	0.830515821413091	0	1.76982097186701	0	0.850076687116564	0.169484178586909	1	0.830515821413091	-	0.717485549132948	0.907411792564528	0.911326407722881	0.601041079267678	0.830515821413091	269196
MMSeqs2	13.87526056237	9.42000000000045e-07	1916	389	303	0	1	0.562138728323699	0	0.437861271676301	0.831236442516269	0	1.77892030848329	0	0.850843558282209	0.168763557483731	1	0.831236442516269	-	0.71893063583815	0.907841743662639	0.91172169137093	0.603296150977161	0.831236442516269	268710
MMSeqs2	13.9032494722723	9.15999999999982e-07	1916	382	310	0	1	0.552023121387283	0	0.447976878612717	0.833768494342907	0	1.81151832460733	0	0.853527607361963	0.166231505657093	1	0.833768494342907	-	0.723988439306358	0.909349786426198	0.913109245568627	0.611153832992447	0.833768494342907	268300
MMSeqs2	13.9433439294742	8.79999999999964e-07	1916	379	313	0	1	0.547687861271676	0	0.452312138728324	0.834858387799564	0	1.82585751978892	0	0.854677914110429	0.165141612200436	1	0.834858387799564	-	0.726156069364162	0.909997625267157	0.913705854090672	0.614505152883929	0.834858387799564	267860
MMSeqs2	13.976853708373	8.51000000000032e-07	1916	378	314	0	1	0.546242774566474	0	0.453757225433526	0.835222319093287	0	1.83068783068783	0	0.855061349693252	0.164777680906713	1	0.835222319093287	-	0.726878612716763	0.91021377672209	0.913904983624275	0.615620144351957	0.835222319093287	267492
MMSeqs2	13.9970324345877	8.3399999999997e-07	1916	377	315	0	1	0.544797687861272	0	0.455202312138728	0.835586567815089	0	1.83554376657825	0	0.855444785276074	0.164413432184911	1	0.835586567815089	-	0.727601156069364	0.910430030886196	0.914104243407222	0.616734089913549	0.835586567815089	267030
MMSeqs2	14.0018401361558	8.29999999999974e-07	1916	377	315	0	1	0.544797687861272	0	0.455202312138728	0.835586567815089	0	1.83554376657825	0	0.855444785276074	0.164413432184911	1	0.835586567815089	-	0.727601156069364	0.910430030886196	0.914104243407222	0.616734089913549	0.835586567815089	266622
MMSeqs2	14.012742727494	8.20999999999986e-07	1916	377	315	0	1	0.544797687861272	0	0.455202312138728	0.835586567815089	0	1.83554376657825	0	0.855444785276074	0.164413432184911	1	0.835586567815089	-	0.727601156069364	0.910430030886196	0.914104243407222	0.616734089913549	0.835586567815089	266219
MMSeqs2	14.0349111229996	8.03000000000039e-07	1916	376	316	0	1	0.543352601156069	0	0.456647398843931	0.835951134380454	0	1.84042553191489	0	0.855828220858896	0.164048865619546	1	0.835951134380454	-	0.728323699421965	0.9106463878327	0.914303633581566	0.617846996493037	0.835951134380454	265846
MMSeqs2	14.057582119164	7.85000000000002e-07	1916	376	316	0	1	0.543352601156069	0	0.456647398843931	0.835951134380454	0	1.84042553191489	0	0.855828220858896	0.164048865619546	1	0.835951134380454	-	0.728323699421965	0.9106463878327	0.914303633581566	0.617846996493037	0.835951134380454	265462
MMSeqs2	14.0846980477799	7.63999999999992e-07	1916	376	316	0	1	0.543352601156069	0	0.456647398843931	0.835951134380454	0	1.84042553191489	0	0.855828220858896	0.164048865619546	1	0.835951134380454	-	0.728323699421965	0.9106463878327	0.914303633581566	0.617846996493037	0.835951134380454	264990
MMSeqs2	14.1018601851823	7.50999999999982e-07	1916	376	316	0	1	0.543352601156069	0	0.456647398843931	0.835951134380454	0	1.84042553191489	0	0.855828220858896	0.164048865619546	1	0.835951134380454	-	0.728323699421965	0.9106463878327	0.914303633581566	0.617846996493037	0.835951134380454	264584
MMSeqs2	14.1343393594129	7.26999999999994e-07	1916	376	316	0	1	0.543352601156069	0	0.456647398843931	0.835951134380454	0	1.84042553191489	0	0.855828220858896	0.164048865619546	1	0.835951134380454	-	0.728323699421965	0.9106463878327	0.914303633581566	0.617846996493037	0.835951134380454	264164
MMSeqs2	14.1679089451357	7.03000000000032e-07	1916	357	335	0	1	0.515895953757225	0	0.484104046242775	0.842938847338319	0	1.93837535014006	0	0.863113496932515	0.157061152661681	1	0.842938847338319	-	0.742052023121387	0.914776796371449	0.918117011790066	0.638803652722572	0.842938847338319	263782
MMSeqs2	14.1953079193239	6.83999999999973e-07	1916	354	338	0	1	0.511560693641618	0	0.488439306358382	0.844052863436123	0	1.95480225988701	0	0.864263803680982	0.155947136563877	1	0.844052863436124	-	0.744219653179191	0.915432393693263	0.918723496725823	0.642081455227096	0.844052863436123	263341
MMSeqs2	14.2310260019259	6.60000000000027e-07	1916	352	340	0	1	0.508670520231214	0	0.491329479768786	0.844797178130511	0	1.96590909090909	0	0.865030674846626	0.155202821869489	1	0.844797178130511	-	0.745664739884393	0.915869980879541	0.919128488368471	0.644262181135136	0.844797178130511	262968
MMSeqs2	14.2617976605927	6.39999999999996e-07	1916	352	340	0	1	0.508670520231214	0	0.491329479768786	0.844797178130511	0	1.96590909090909	0	0.865030674846626	0.155202821869489	1	0.844797178130511	-	0.745664739884393	0.915869980879541	0.919128488368471	0.644262181135136	0.844797178130511	262509
MMSeqs2	14.2775460175608	6.30000000000021e-07	1916	352	340	0	1	0.508670520231214	0	0.491329479768786	0.844797178130511	0	1.96590909090909	0	0.865030674846626	0.155202821869489	1	0.844797178130511	-	0.745664739884393	0.915869980879541	0.919128488368471	0.644262181135136	0.844797178130511	262171
MMSeqs2	14.2903257442072	6.2200000000002e-07	1916	352	340	0	1	0.508670520231214	0	0.491329479768786	0.844797178130511	0	1.96590909090909	0	0.865030674846626	0.155202821869489	1	0.844797178130511	-	0.745664739884393	0.915869980879541	0.919128488368471	0.644262181135136	0.844797178130511	261740
MMSeqs2	14.3098068797791	6.09999999999972e-07	1916	352	340	0	1	0.508670520231214	0	0.491329479768786	0.844797178130511	0	1.96590909090909	0	0.865030674846626	0.155202821869489	1	0.844797178130511	-	0.745664739884393	0.915869980879541	0.919128488368471	0.644262181135136	0.844797178130511	261298
MMSeqs2	14.3347044314008	5.94999999999989e-07	1916	352	340	0	1	0.508670520231214	0	0.491329479768786	0.844797178130511	0	1.96590909090909	0	0.865030674846626	0.155202821869489	1	0.844797178130511	-	0.745664739884393	0.915869980879541	0.919128488368471	0.644262181135136	0.844797178130511	260868
MMSeqs2	14.3619633593734	5.79000000000009e-07	1916	352	340	0	1	0.508670520231214	0	0.491329479768786	0.844797178130511	0	1.96590909090909	0	0.865030674846626	0.155202821869489	1	0.844797178130511	-	0.745664739884393	0.915869980879541	0.919128488368471	0.644262181135136	0.844797178130511	260500
MMSeqs2	14.3846717587432	5.66000000000016e-07	1916	352	340	0	1	0.508670520231214	0	0.491329479768786	0.844797178130511	0	1.96590909090909	0	0.865030674846626	0.155202821869489	1	0.844797178130511	-	0.745664739884393	0.915869980879541	0.919128488368471	0.644262181135136	0.844797178130511	260080
MMSeqs2	14.4188170345244	5.47000000000016e-07	1916	352	340	0	1	0.508670520231214	0	0.491329479768786	0.844797178130511	0	1.96590909090909	0	0.865030674846626	0.155202821869489	1	0.844797178130511	-	0.745664739884393	0.915869980879541	0.919128488368471	0.644262181135136	0.844797178130511	259667
MMSeqs2	14.456065288405	5.27000000000026e-07	1916	337	355	0	1	0.486994219653179	0	0.513005780346821	0.850421660008877	0	2.05341246290801	0	0.870782208588957	0.149578339991123	1	0.850421660008877	-	0.75650289017341	0.919165267450228	0.92218309462323	0.660508309801393	0.850421660008877	259313
MMSeqs2	14.4906213760381	5.09100000000011e-07	1916	333	359	0	1	0.48121387283237	0	0.51878612716763	0.851934192974655	0	2.07807807807808	0	0.872315950920245	0.148065807025345	1	0.851934192974655	-	0.759393063583815	0.920048019207683	0.92300281309141	0.66480947689921	0.851934192974655	258849
MMSeqs2	14.5207303197585	4.93999999999995e-07	1916	331	361	0	1	0.478323699421965	0	0.521676300578035	0.852692478860703	0	2.09063444108761	0	0.87308282208589	0.147307521139297	1	0.852692478860703	-	0.760838150289017	0.92049003122748	0.923413492895086	0.666955364250686	0.852692478860703	258400
MMSeqs2	14.5453217228958	4.82000000000005e-07	1916	331	361	0	1	0.478323699421965	0	0.521676300578035	0.852692478860703	0	2.09063444108761	0	0.87308282208589	0.147307521139297	1	0.852692478860703	-	0.760838150289017	0.92049003122748	0.923413492895086	0.666955364250686	0.852692478860703	258043
MMSeqs2	14.557847982715	4.75999999999996e-07	1916	330	362	0	1	0.476878612716763	0	0.523121387283237	0.853072128227961	0	2.0969696969697	0	0.873466257668712	0.146927871772039	1	0.853072128227961	-	0.761560693641618	0.920711196540125	0.92361903847201	0.668027151522507	0.853072128227961	257222
MMSeqs2	14.5599510329118	4.74999999999986e-07	1916	330	362	0	1	0.476878612716763	0	0.523121387283237	0.853072128227961	0	2.0969696969697	0	0.873466257668712	0.146927871772039	1	0.853072128227961	-	0.761560693641618	0.920711196540125	0.92361903847201	0.668027151522507	0.853072128227961	257194
MMSeqs2	14.5747975410288	4.67999999999983e-07	1916	330	362	0	1	0.476878612716763	0	0.523121387283237	0.853072128227961	0	2.0969696969697	0	0.873466257668712	0.146927871772039	1	0.853072128227961	-	0.761560693641618	0.920711196540125	0.92361903847201	0.668027151522507	0.853072128227961	256698
MMSeqs2	14.5920393474633	4.59999999999986e-07	1916	330	362	0	1	0.476878612716763	0	0.523121387283237	0.853072128227961	0	2.0969696969697	0	0.873466257668712	0.146927871772039	1	0.853072128227961	-	0.761560693641618	0.920711196540125	0.92361903847201	0.668027151522507	0.853072128227961	256334
MMSeqs2	14.614018254182	4.50000000000021e-07	1916	330	362	0	1	0.476878612716763	0	0.523121387283237	0.853072128227961	0	2.0969696969697	0	0.873466257668712	0.146927871772039	1	0.853072128227961	-	0.761560693641618	0.920711196540125	0.92361903847201	0.668027151522507	0.853072128227961	256116
MMSeqs2	14.6364911100341	4.40000000000002e-07	1916	330	362	0	1	0.476878612716763	0	0.523121387283237	0.853072128227961	0	2.0969696969697	0	0.873466257668712	0.146927871772039	1	0.853072128227961	-	0.761560693641618	0.920711196540125	0.92361903847201	0.668027151522507	0.853072128227961	255577
MMSeqs2	14.6641426413646	4.28000000000006e-07	1916	330	362	0	1	0.476878612716763	0	0.523121387283237	0.853072128227961	0	2.0969696969697	0	0.873466257668712	0.146927871772039	1	0.853072128227961	-	0.761560693641618	0.920711196540125	0.92361903847201	0.668027151522507	0.853072128227961	255147
MMSeqs2	14.6718827996272	4.24699999999994e-07	1916	330	362	0	1	0.476878612716763	0	0.523121387283237	0.853072128227961	0	2.0969696969697	0	0.873466257668712	0.146927871772039	1	0.853072128227961	-	0.761560693641618	0.920711196540125	0.92361903847201	0.668027151522507	0.853072128227961	254716
MMSeqs2	14.7022424875969	4.11999999999994e-07	1916	329	363	0	1	0.475433526011561	0	0.524566473988439	0.853452115812918	0	2.10334346504559	0	0.873849693251534	0.146547884187082	1	0.853452115812918	-	0.76228323699422	0.920932468156693	0.92382472136922	0.669098174493067	0.853452115812918	254267
MMSeqs2	14.7343044200565	3.99000000000019e-07	1916	328	364	0	1	0.473988439306358	0	0.526011560693642	0.853832442067736	0	2.10975609756098	0	0.874233128834356	0.146167557932264	1	0.853832442067736	-	0.763005780346821	0.921153846153846	0.924030541739685	0.67016843809815	0.853832442067736	253950
MMSeqs2	14.7622604973231	3.88000000000015e-07	1916	306	386	0	1	0.442196531791907	0	0.557803468208092	0.862286228622862	0	2.26143790849673	0	0.882668711656442	0.137713771377138	1	0.862286228622862	-	0.778901734104046	0.926051232479459	0.928593683277494	0.693531721634929	0.862286228622862	253533
MMSeqs2	14.796339810976	3.75e-07	1916	304	388	0	1	0.439306358381503	0	0.560693641618497	0.863063063063063	0	2.27631578947368	0	0.883435582822086	0.136936936936937	1	0.863063063063063	-	0.780346820809249	0.926499032882012	0.929011874554391	0.695639254050002	0.863063063063063	253116
MMSeqs2	14.8151828987775	3.67999999999993e-07	1916	301	391	0	1	0.434971098265896	0	0.565028901734104	0.864230942715381	0	2.29900332225914	0	0.884585889570552	0.135769057284619	1	0.864230942715381	-	0.782514450867052	0.927171546092427	0.929640222191026	0.698795721514593	0.864230942715381	252310
MMSeqs2	14.8179039888918	3.67000000000015e-07	1916	301	391	0	1	0.434971098265896	0	0.565028901734104	0.864230942715381	0	2.29900332225914	0	0.884585889570552	0.135769057284619	1	0.864230942715381	-	0.782514450867052	0.927171546092427	0.929640222191026	0.698795721514593	0.864230942715381	252304
MMSeqs2	14.8371618054963	3.59999999999984e-07	1916	297	395	0	1	0.429190751445087	0	0.570809248554913	0.865793041120651	0	2.32996632996633	0	0.886119631901841	0.134206958879349	1	0.865793041120651	-	0.785404624277457	0.928069750544926	0.930480005760817	0.702995501554705	0.865793041120651	251495
MMSeqs2	14.8399434484581	3.59000000000011e-07	1916	297	395	0	1	0.429190751445087	0	0.570809248554913	0.865793041120651	0	2.32996632996633	0	0.886119631901841	0.134206958879349	1	0.865793041120651	-	0.785404624277457	0.928069750544926	0.930480005760817	0.702995501554705	0.865793041120651	251483
MMSeqs2	14.8567977800131	3.53000000000005e-07	1916	296	396	0	1	0.427745664739884	0	0.572254335260116	0.86618444846293	0	2.33783783783784	0	0.886503067484663	0.133815551537071	1	0.86618444846293	-	0.786127167630058	0.928294573643411	0.930690307493814	0.704043894773475	0.86618444846293	251051
MMSeqs2	14.8768270618887	3.45999999999995e-07	1916	294	398	0	1	0.42485549132948	0	0.57514450867052	0.866968325791855	0	2.35374149659864	0	0.887269938650307	0.133031674208145	1	0.866968325791855	-	0.78757225433526	0.928744546776539	0.931111339095307	0.706138847373843	0.866968325791855	250612
MMSeqs2	14.9061546769832	3.36000000000003e-07	1916	294	398	0	1	0.42485549132948	0	0.57514450867052	0.866968325791855	0	2.35374149659864	0	0.887269938650307	0.133031674208145	1	0.866968325791855	-	0.78757225433526	0.928744546776539	0.931111339095307	0.706138847373843	0.866968325791855	250239
MMSeqs2	14.9333056660492	3.26999999999986e-07	1916	293	399	0	1	0.423410404624277	0	0.576589595375723	0.867360796740607	0	2.3617747440273	0	0.887653374233129	0.132639203259393	1	0.867360796740607	-	0.788294797687861	0.928969696969697	0.931322069286778	0.707185414751627	0.867360796740607	249764
MMSeqs2	14.9549448411526	3.20000000000013e-07	1916	293	399	0	1	0.423410404624277	0	0.576589595375723	0.867360796740607	0	2.3617747440273	0	0.887653374233129	0.132639203259393	1	0.867360796740607	-	0.788294797687861	0.928969696969697	0.931322069286778	0.707185414751627	0.867360796740607	249513
MMSeqs2	14.9866935394672	3.10000000000006e-07	1916	293	399	0	1	0.423410404624277	0	0.576589595375723	0.867360796740607	0	2.3617747440273	0	0.887653374233129	0.132639203259393	1	0.867360796740607	-	0.788294797687861	0.928969696969697	0.931322069286778	0.707185414751627	0.867360796740607	249008
MMSeqs2	15.0194833622902	3.00000000000003e-07	1916	293	399	0	1	0.423410404624277	0	0.576589595375723	0.867360796740607	0	2.3617747440273	0	0.887653374233129	0.132639203259393	1	0.867360796740607	-	0.788294797687861	0.928969696969697	0.931322069286778	0.707185414751627	0.867360796740607	248563
MMSeqs2	15.0526954964963	2.90200000000007e-07	1916	285	407	0	1	0.411849710982659	0	0.588150289017341	0.870513402998637	0	2.4280701754386	0	0.890720858895706	0.129486597001363	1	0.870513402998637	-	0.79407514450867	0.930774836045664	0.93301307761394	0.715536658436951	0.870513402998637	248157
MMSeqs2	15.0849111676127	2.8099999999999e-07	1916	284	408	0	1	0.410404624277457	0	0.589595375722543	0.870909090909091	0	2.43661971830986	0	0.891104294478528	0.129090909090909	1	0.870909090909091	-	0.794797687861272	0.931000971817298	0.933225101949734	0.71657795994206	0.870909090909091	247681
MMSeqs2	15.1028649712293	2.75999999999989e-07	1916	284	408	0	1	0.410404624277457	0	0.589595375722543	0.870909090909091	0	2.43661971830986	0	0.891104294478528	0.129090909090909	1	0.870909090909091	-	0.794797687861272	0.931000971817298	0.933225101949734	0.71657795994206	0.870909090909091	247316
MMSeqs2	15.1174637706504	2.72000000000004e-07	1916	283	409	0	1	0.408959537572254	0	0.591040462427746	0.871305138699409	0	2.4452296819788	0	0.89148773006135	0.128694861300591	1	0.871305138699409	-	0.795520231213873	0.931227217496962	0.933437270896877	0.717618695473139	0.871305138699409	247110
MMSeqs2	15.1322788564356	2.67999999999988e-07	1916	283	409	0	1	0.408959537572254	0	0.591040462427746	0.871305138699409	0	2.4452296819788	0	0.89148773006135	0.128694861300591	1	0.871305138699409	-	0.795520231213873	0.931227217496962	0.933437270896877	0.717618695473139	0.871305138699409	246405
MMSeqs2	15.1511118047686	2.63000000000012e-07	1916	283	409	0	1	0.408959537572254	0	0.591040462427746	0.871305138699409	0	2.4452296819788	0	0.89148773006135	0.128694861300591	1	0.871305138699409	-	0.795520231213873	0.931227217496962	0.933437270896877	0.717618695473139	0.871305138699409	246090
MMSeqs2	15.1741897520512	2.56999999999998e-07	1916	283	409	0	1	0.408959537572254	0	0.591040462427746	0.871305138699409	0	2.4452296819788	0	0.89148773006135	0.128694861300591	1	0.871305138699409	-	0.795520231213873	0.931227217496962	0.933437270896877	0.717618695473139	0.871305138699409	245670
MMSeqs2	15.2018049190842	2.49999999999991e-07	1916	283	409	0	1	0.408959537572254	0	0.591040462427746	0.871305138699409	0	2.4452296819788	0	0.89148773006135	0.128694861300591	1	0.871305138699409	-	0.795520231213873	0.931227217496962	0.933437270896877	0.717618695473139	0.871305138699409	245257
MMSeqs2	15.2343281107897	2.42000000000006e-07	1916	283	409	0	1	0.408959537572254	0	0.591040462427746	0.871305138699409	0	2.4452296819788	0	0.89148773006135	0.128694861300591	1	0.871305138699409	-	0.795520231213873	0.931227217496962	0.933437270896877	0.717618695473139	0.871305138699409	244893
MMSeqs2	15.2636803228023	2.34999999999989e-07	1916	283	409	0	1	0.408959537572254	0	0.591040462427746	0.871305138699409	0	2.4452296819788	0	0.89148773006135	0.128694861300591	1	0.871305138699409	-	0.795520231213873	0.931227217496962	0.933437270896877	0.717618695473139	0.871305138699409	244427
MMSeqs2	15.298315819465	2.27000000000002e-07	1916	283	409	0	1	0.408959537572254	0	0.591040462427746	0.871305138699409	0	2.4452296819788	0	0.89148773006135	0.128694861300591	1	0.871305138699409	-	0.795520231213873	0.931227217496962	0.933437270896877	0.717618695473139	0.871305138699409	244073
MMSeqs2	15.329638290594	2.20000000000011e-07	1916	264	428	0	1	0.38150289017341	0	0.61849710982659	0.878899082568807	0	2.62121212121212	0	0.898773006134969	0.121100917431193	1	0.878899082568807	-	0.809248554913295	0.935546875	0.937496177362237	0.737289998845806	0.878899082568807	243628
MMSeqs2	15.361973671237	2.12999999999997e-07	1916	264	428	0	1	0.38150289017341	0	0.61849710982659	0.878899082568807	0	2.62121212121212	0	0.898773006134969	0.121100917431193	1	0.878899082568807	-	0.809248554913295	0.935546875	0.937496177362237	0.737289998845806	0.878899082568807	243185
MMSeqs2	15.3857277572451	2.07999999999999e-07	1916	264	428	0	1	0.38150289017341	0	0.61849710982659	0.878899082568807	0	2.62121212121212	0	0.898773006134969	0.121100917431193	1	0.878899082568807	-	0.809248554913295	0.935546875	0.937496177362237	0.737289998845806	0.878899082568807	242735
MMSeqs2	15.3953896681568	2.06000000000006e-07	1916	262	430	0	1	0.378612716763006	0	0.621387283236994	0.879706152433425	0	2.6412213740458	0	0.899539877300613	0.120293847566575	1	0.879706152433425	-	0.810693641618497	0.93600390815828	0.937926517608616	0.739349860422977	0.879706152433425	242587
MMSeqs2	15.400255857808	2.05000000000001e-07	1916	262	430	0	1	0.378612716763006	0	0.621387283236994	0.879706152433425	0	2.6412213740458	0	0.899539877300613	0.120293847566575	1	0.879706152433425	-	0.810693641618497	0.93600390815828	0.937926517608616	0.739349860422977	0.879706152433425	242208
MMSeqs2	15.4199609288873	2.01000000000007e-07	1916	261	431	0	1	0.377167630057803	0	0.622832369942196	0.880110243454295	0	2.65134099616858	0	0.899923312883436	0.119889756545705	1	0.880110243454295	-	0.811416184971098	0.936232592230638	0.938141910083061	0.740379057470592	0.880110243454295	241640
MMSeqs2	15.4400621082084	1.97000000000005e-07	1916	261	431	0	1	0.377167630057803	0	0.622832369942196	0.880110243454295	0	2.65134099616858	0	0.899923312883436	0.119889756545705	1	0.880110243454295	-	0.811416184971098	0.936232592230638	0.938141910083061	0.740379057470592	0.880110243454295	241232
MMSeqs2	15.4605756480415	1.93000000000005e-07	1916	261	431	0	1	0.377167630057803	0	0.622832369942196	0.880110243454295	0	2.65134099616858	0	0.899923312883436	0.119889756545705	1	0.880110243454295	-	0.811416184971098	0.936232592230638	0.938141910083061	0.740379057470592	0.880110243454295	240783
MMSeqs2	15.4815188218868	1.88999999999994e-07	1916	261	431	0	1	0.377167630057803	0	0.622832369942196	0.880110243454295	0	2.65134099616858	0	0.899923312883436	0.119889756545705	1	0.880110243454295	-	0.811416184971098	0.936232592230638	0.938141910083061	0.740379057470592	0.880110243454295	240313
MMSeqs2	15.513779684105	1.82999999999998e-07	1916	261	431	0	1	0.377167630057803	0	0.622832369942196	0.880110243454295	0	2.65134099616858	0	0.899923312883436	0.119889756545705	1	0.880110243454295	-	0.811416184971098	0.936232592230638	0.938141910083061	0.740379057470592	0.880110243454295	239862
MMSeqs2	15.5397983120773	1.78300000000003e-07	1916	261	431	0	1	0.377167630057803	0	0.622832369942196	0.880110243454295	0	2.65134099616858	0	0.899923312883436	0.119889756545705	1	0.880110243454295	-	0.811416184971098	0.936232592230638	0.938141910083061	0.740379057470592	0.880110243454295	239495
MMSeqs2	15.575771360133	1.71999999999993e-07	1916	260	432	0	1	0.375722543352601	0	0.624277456647399	0.880514705882353	0	2.66153846153846	0	0.900306748466258	0.119485294117647	1	0.880514705882353	-	0.812138728323699	0.936461388074291	0.938357451018722	0.741407769806109	0.880514705882353	239031
MMSeqs2	15.6052720245297	1.66999999999993e-07	1916	247	445	0	1	0.356936416184971	0	0.643063583815029	0.88580674988442	0	2.80161943319838	0	0.905291411042945	0.11419325011558	1	0.88580674988442	-	0.821531791907514	0.939445942632998	0.941173071164076	0.754738407097597	0.88580674988442	238637
MMSeqs2	15.6418614719619	1.61000000000008e-07	1916	247	445	0	1	0.356936416184971	0	0.643063583815029	0.88580674988442	0	2.80161943319838	0	0.905291411042945	0.11419325011558	1	0.88580674988442	-	0.821531791907514	0.939445942632998	0.941173071164076	0.754738407097597	0.88580674988442	238281
MMSeqs2	15.6734098296969	1.55999999999996e-07	1916	244	448	0	1	0.352601156069364	0	0.647398843930636	0.887037037037037	0	2.83606557377049	0	0.906441717791411	0.112962962962963	1	0.887037037037037	-	0.823699421965318	0.940137389597645	0.94182643679026	0.757803900954221	0.887037037037037	237593
MMSeqs2	15.6798407200272	1.54999999999995e-07	1916	243	449	0	1	0.351156069364162	0	0.648843930635838	0.887447892542844	0	2.8477366255144	0	0.906825153374233	0.112552107457156	1	0.887447892542844	-	0.824421965317919	0.940368098159509	0.942044527898148	0.758824867035859	0.887447892542844	237266
MMSeqs2	15.692827915554	1.52999999999996e-07	1916	243	449	0	1	0.351156069364162	0	0.648843930635838	0.887447892542844	0	2.8477366255144	0	0.906825153374233	0.112552107457156	1	0.887447892542844	-	0.824421965317919	0.940368098159509	0.942044527898148	0.758824867035859	0.887447892542844	236991
MMSeqs2	15.719319531001	1.48999999999993e-07	1916	241	451	0	1	0.348265895953757	0	0.651734104046243	0.888270746407047	0	2.87136929460581	0	0.907592024539877	0.111729253592953	1	0.888270746407047	-	0.825867052023121	0.940829855143629	0.942481165014478	0.760865519694567	0.888270746407047	236609
MMSeqs2	15.7465320945258	1.45000000000005e-07	1916	241	451	0	1	0.348265895953757	0	0.651734104046243	0.888270746407047	0	2.87136929460581	0	0.907592024539877	0.111729253592953	1	0.888270746407047	-	0.825867052023121	0.940829855143629	0.942481165014478	0.760865519694567	0.888270746407047	236283
MMSeqs2	15.7745059465682	1.41000000000006e-07	1916	240	452	0	1	0.346820809248555	0	0.653179190751445	0.888682745825603	0	2.88333333333333	0	0.907975460122699	0.111317254174397	1	0.888682745825603	-	0.826589595375723	0.941060903732809	0.94269971137452	0.761885212320819	0.888682745825603	235852
MMSeqs2	15.8106109512104	1.35999999999994e-07	1916	239	453	0	1	0.345375722543353	0	0.654624277456647	0.889095127610209	0	2.89539748953975	0	0.908358895705521	0.110904872389791	1	0.889095127610209	-	0.827312138728324	0.941292065831491	0.942918409837356	0.762904486487043	0.889095127610209	235309
MMSeqs2	15.84046391436	1.32000000000005e-07	1916	239	453	0	1	0.345375722543353	0	0.654624277456647	0.889095127610209	0	2.89539748953975	0	0.908358895705521	0.110904872389791	1	0.889095127610209	-	0.827312138728324	0.941292065831491	0.942918409837356	0.762904486487043	0.889095127610209	234974
MMSeqs2	15.8712355730268	1.27999999999999e-07	1916	227	465	0	1	0.328034682080925	0	0.671965317919075	0.894073728418106	0	3.04845814977974	0	0.912960122699387	0.105926271581895	1	0.894073728418106	-	0.835982658959538	0.944074895294407	0.945554719949145	0.775104210515957	0.894073728418106	234539
MMSeqs2	15.9029842713414	1.23999999999997e-07	1916	227	465	0	1	0.328034682080925	0	0.671965317919075	0.894073728418106	0	3.04845814977974	0	0.912960122699387	0.105926271581895	1	0.894073728418106	-	0.835982658959538	0.944074895294407	0.945554719949145	0.775104210515957	0.894073728418106	234143
MMSeqs2	15.9357740941644	1.19999999999996e-07	1916	227	465	0	1	0.328034682080925	0	0.671965317919075	0.894073728418106	0	3.04845814977974	0	0.912960122699387	0.105926271581895	1	0.894073728418106	-	0.835982658959538	0.944074895294407	0.945554719949145	0.775104210515957	0.894073728418106	233613
MMSeqs2	15.9525812124807	1.18000000000005e-07	1916	227	465	0	1	0.328034682080925	0	0.671965317919075	0.894073728418106	0	3.04845814977974	0	0.912960122699387	0.105926271581895	1	0.894073728418106	-	0.835982658959538	0.944074895294407	0.945554719949145	0.775104210515957	0.894073728418106	233447
MMSeqs2	15.9610919021487	1.16999999999995e-07	1916	226	466	0	1	0.326589595375723	0	0.673410404624277	0.894491129785247	0	3.06194690265487	0	0.913343558282209	0.105508870214753	1	0.894491129785247	-	0.836705202312139	0.944307540660424	0.945775411916195	0.776118311626205	0.894491129785247	232885
MMSeqs2	15.9783337085832	1.14999999999995e-07	1916	226	466	0	1	0.326589595375723	0	0.673410404624277	0.894491129785247	0	3.06194690265487	0	0.913343558282209	0.105508870214753	1	0.894491129785247	-	0.836705202312139	0.944307540660424	0.945775411916195	0.776118311626205	0.894491129785247	232398
MMSeqs2	16.0047669656513	1.12000000000002e-07	1916	225	467	0	1	0.32514450867052	0	0.67485549132948	0.894908921064923	0	3.07555555555556	0	0.913726993865031	0.105091078935077	1	0.894908921064923	-	0.83742774566474	0.944540300714814	0.945996258483575	0.777132034869496	0.894908921064923	232162
MMSeqs2	16.0319179547173	1.08999999999996e-07	1916	225	467	0	1	0.32514450867052	0	0.67485549132948	0.894908921064923	0	3.07555555555556	0	0.913726993865031	0.105091078935077	1	0.894908921064923	-	0.83742774566474	0.944540300714814	0.945996258483575	0.777132034869496	0.894908921064923	231559
MMSeqs2	16.0598267428343	1.06000000000005e-07	1916	225	467	0	1	0.32514450867052	0	0.67485549132948	0.894908921064923	0	3.07555555555556	0	0.913726993865031	0.105091078935077	1	0.894908921064923	-	0.83742774566474	0.944540300714814	0.945996258483575	0.777132034869496	0.894908921064923	231266
MMSeqs2	16.094379124341	1.024e-07	1916	225	467	0	1	0.32514450867052	0	0.67485549132948	0.894908921064923	0	3.07555555555556	0	0.913726993865031	0.105091078935077	1	0.894908921064923	-	0.83742774566474	0.944540300714814	0.945996258483575	0.777132034869496	0.894908921064923	230851
MMSeqs2	16.1221036723559	9.95999999999957e-08	1916	223	469	0	1	0.322254335260116	0	0.677745664739884	0.895745675549322	0	3.10313901345291	0	0.914493865030675	0.104254324450678	1	0.895745675549322	-	0.838872832369942	0.945006165228113	0.946438416141971	0.779158358944478	0.895745675549322	230435
MMSeqs2	16.1597513262272	9.59199999999953e-08	1916	206	486	0	1	0.297687861271676	0	0.702312138728324	0.902921771913289	0	3.35922330097087	0	0.92101226993865	0.0970782280867107	1	0.902921771913289	-	0.851156069364162	0.948984645864289	0.950221959288086	0.796324632757765	0.902921771913289	230041
MMSeqs2	16.1895916526634	9.30999999999991e-08	1916	206	486	0	1	0.297687861271676	0	0.702312138728324	0.902921771913289	0	3.35922330097087	0	0.92101226993865	0.0970782280867107	1	0.902921771913289	-	0.851156069364162	0.948984645864289	0.950221959288086	0.796324632757765	0.902921771913289	229626
MMSeqs2	16.213505835763	9.08999999999979e-08	1916	206	486	0	1	0.297687861271676	0	0.702312138728324	0.902921771913289	0	3.35922330097087	0	0.92101226993865	0.0970782280867107	1	0.902921771913289	-	0.851156069364162	0.948984645864289	0.950221959288086	0.796324632757765	0.902921771913289	229172
MMSeqs2	16.231264349064	8.92999999999964e-08	1916	205	487	0	1	0.296242774566474	0	0.703757225433526	0.903347477604903	0	3.37560975609756	0	0.921395705521472	0.0966525223950967	1	0.903347477604903	-	0.851878612716763	0.949219717612088	0.950445936182013	0.797331370536492	0.903347477604903	228681
MMSeqs2	16.2436588739337	8.81999999999969e-08	1916	205	487	0	1	0.296242774566474	0	0.703757225433526	0.903347477604903	0	3.37560975609756	0	0.921395705521472	0.0966525223950967	1	0.903347477604903	-	0.851878612716763	0.949219717612088	0.950445936182013	0.797331370536492	0.903347477604903	228351
MMSeqs2	16.2596592152801	8.68000000000007e-08	1916	205	487	0	1	0.296242774566474	0	0.703757225433526	0.903347477604903	0	3.37560975609756	0	0.921395705521472	0.0966525223950967	1	0.903347477604903	-	0.851878612716763	0.949219717612088	0.950445936182013	0.797331370536492	0.903347477604903	228010
MMSeqs2	16.2826165831268	8.48299999999973e-08	1916	204	488	0	1	0.294797687861272	0	0.705202312138728	0.90377358490566	0	3.3921568627451	0	0.921779141104294	0.0962264150943396	1	0.903773584905661	-	0.852601156069364	0.949454905847374	0.950670071531475	0.798337786732771	0.90377358490566	227558
MMSeqs2	16.3056307748052	8.2899999999997e-08	1916	204	488	0	1	0.294797687861272	0	0.705202312138728	0.90377358490566	0	3.3921568627451	0	0.921779141104294	0.0962264150943396	1	0.903773584905661	-	0.852601156069364	0.949454905847374	0.950670071531475	0.798337786732771	0.90377358490566	227104
MMSeqs2	16.3214365749763	8.16000000000041e-08	1916	204	488	0	1	0.294797687861272	0	0.705202312138728	0.90377358490566	0	3.3921568627451	0	0.921779141104294	0.0962264150943396	1	0.903773584905661	-	0.852601156069364	0.949454905847374	0.950670071531475	0.798337786732771	0.90377358490566	226757
MMSeqs2	16.3588941375112	7.86000000000039e-08	1916	203	489	0	1	0.293352601156069	0	0.706647398843931	0.904200094384144	0	3.40886699507389	0	0.922162576687117	0.0957999056158565	1	0.904200094384144	-	0.853323699421965	0.949690210656753	0.950894365523397	0.799343883901661	0.904200094384144	226326
MMSeqs2	16.3925324966601	7.59999999999986e-08	1916	199	493	0	1	0.28757225433526	0	0.71242774566474	0.905910165484634	0	3.47738693467337	0	0.923696319018405	0.0940898345153664	1	0.905910165484634	-	0.85621387283237	0.95063259737038	0.951793131664982	0.803365133031668	0.905910165484634	225912
MMSeqs2	16.4300704159791	7.32000000000034e-08	1916	199	493	0	1	0.28757225433526	0	0.71242774566474	0.905910165484634	0	3.47738693467337	0	0.923696319018405	0.0940898345153664	1	0.905910165484634	-	0.85621387283237	0.95063259737038	0.951793131664982	0.803365133031668	0.905910165484634	225504
MMSeqs2	16.4662356924472	7.06000000000011e-08	1916	191	501	0	1	0.276011560693642	0	0.723988439306358	0.909349786426198	0	3.62303664921466	0	0.926763803680982	0.0906502135738016	1	0.909349786426198	-	0.861994219653179	0.952522992791449	0.953598336002218	0.811393081470549	0.909349786426198	225098
MMSeqs2	16.4927891003997	6.8750000000002e-08	1916	191	501	0	1	0.276011560693642	0	0.723988439306358	0.909349786426198	0	3.62303664921466	0	0.926763803680982	0.0906502135738016	1	0.909349786426198	-	0.861994219653179	0.952522992791449	0.953598336002218	0.811393081470549	0.909349786426198	224681
MMSeqs2	16.5111382390679	6.75000000000018e-08	1916	191	501	0	1	0.276011560693642	0	0.723988439306358	0.909349786426198	0	3.62303664921466	0	0.926763803680982	0.0906502135738016	1	0.909349786426198	-	0.861994219653179	0.952522992791449	0.953598336002218	0.811393081470549	0.909349786426198	224295
MMSeqs2	16.5170817929688	6.70999999999984e-08	1916	191	501	0	1	0.276011560693642	0	0.723988439306358	0.909349786426198	0	3.62303664921466	0	0.926763803680982	0.0906502135738016	1	0.909349786426198	-	0.861994219653179	0.952522992791449	0.953598336002218	0.811393081470549	0.909349786426198	223752
MMSeqs2	16.5305853740034	6.62000000000031e-08	1916	191	501	0	1	0.276011560693642	0	0.723988439306358	0.909349786426198	0	3.62303664921466	0	0.926763803680982	0.0906502135738016	1	0.909349786426198	-	0.861994219653179	0.952522992791449	0.953598336002218	0.811393081470549	0.909349786426198	223477
MMSeqs2	16.5581522038361	6.44000000000001e-08	1916	186	506	0	1	0.26878612716763	0	0.73121387283237	0.91151284490961	0	3.72043010752688	0	0.928680981595092	0.0884871550903901	1	0.91151284490961	-	0.865606936416185	0.95370831259333	0.954731818318427	0.816401149841674	0.91151284490961	223061
MMSeqs2	16.5865005588404	6.25999999999975e-08	1916	182	510	0	1	0.263005780346821	0	0.736994219653179	0.913250714966635	0	3.8021978021978	0	0.93021472392638	0.0867492850333651	1	0.913250714966635	-	0.86849710982659	0.954658694569008	0.955641520114439	0.820402643842975	0.913250714966635	222596
MMSeqs2	16.6091186474281	6.12000000000018e-08	1916	179	513	0	1	0.258670520231214	0	0.741329479768786	0.914558472553699	0	3.8659217877095	0	0.931365030674847	0.0854415274463007	1	0.914558472553699	-	0.870664739884393	0.955372725006233	0.956325505543849	0.823400969562442	0.914558472553699	222276
MMSeqs2	16.6440349125344	5.90999999999975e-08	1916	179	513	0	1	0.258670520231214	0	0.741329479768786	0.914558472553699	0	3.8659217877095	0	0.931365030674847	0.0854415274463007	1	0.914558472553699	-	0.870664739884393	0.955372725006233	0.956325505543849	0.823400969562442	0.914558472553699	221810
MMSeqs2	16.6767119385607	5.71999999999976e-08	1916	179	513	0	1	0.258670520231214	0	0.741329479768786	0.914558472553699	0	3.8659217877095	0	0.931365030674847	0.0854415274463007	1	0.914558472553699	-	0.870664739884393	0.955372725006233	0.956325505543849	0.823400969562442	0.914558472553699	221372
MMSeqs2	16.7141161207875	5.51000000000022e-08	1916	177	515	0	1	0.255780346820809	0	0.744219653179191	0.915432393693263	0	3.90960451977401	0	0.932131901840491	0.0845676063067367	1	0.915432393693263	-	0.872109826589595	0.955849338987279	0.956782312594282	0.825398557391153	0.915432393693263	221018
MMSeqs2	16.7426500400527	5.35499999999976e-08	1916	170	522	0	1	0.245664739884393	0	0.754335260115607	0.918504314477469	0	4.07058823529412	0	0.934815950920245	0.0814956855225312	1	0.918504314477469	-	0.877167630057804	0.95752123938031	0.958386307538598	0.832382238505044	0.918504314477469	220580
MMSeqs2	16.7701008881871	5.20999999999996e-08	1916	170	522	0	1	0.245664739884393	0	0.754335260115607	0.918504314477469	0	4.07058823529412	0	0.934815950920245	0.0814956855225312	1	0.918504314477469	-	0.877167630057804	0.95752123938031	0.958386307538598	0.832382238505044	0.918504314477469	220162
MMSeqs2	16.7894813397368	5.10999999999976e-08	1916	170	522	0	1	0.245664739884393	0	0.754335260115607	0.918504314477469	0	4.07058823529412	0	0.934815950920245	0.0814956855225312	1	0.918504314477469	-	0.877167630057804	0.95752123938031	0.958386307538598	0.832382238505044	0.918504314477469	219524
MMSeqs2	16.795369482362	5.07999999999988e-08	1916	170	522	0	1	0.245664739884393	0	0.754335260115607	0.918504314477469	0	4.07058823529412	0	0.934815950920245	0.0814956855225312	1	0.918504314477469	-	0.877167630057804	0.95752123938031	0.958386307538598	0.832382238505044	0.918504314477469	219310
MMSeqs2	16.8192750032155	4.96000000000015e-08	1916	170	522	0	1	0.245664739884393	0	0.754335260115607	0.918504314477469	0	4.07058823529412	0	0.934815950920245	0.0814956855225312	1	0.918504314477469	-	0.877167630057804	0.95752123938031	0.958386307538598	0.832382238505044	0.918504314477469	218929
MMSeqs2	16.8479068158899	4.81999999999979e-08	1916	168	524	0	1	0.242774566473988	0	0.757225433526012	0.919385796545106	0	4.11904761904762	0	0.93558282208589	0.0806142034548944	1	0.919385796545106	-	0.878612716763006	0.958	0.958846075522607	0.834375400144638	0.919385796545106	218447
MMSeqs2	16.8688719443549	4.72e-08	1916	168	524	0	1	0.242774566473988	0	0.757225433526012	0.919385796545106	0	4.11904761904762	0	0.93558282208589	0.0806142034548944	1	0.919385796545106	-	0.878612716763006	0.958	0.958846075522607	0.834375400144638	0.919385796545106	218132
MMSeqs2	16.8902860388587	4.62000000000008e-08	1916	166	526	0	1	0.239884393063584	0	0.760115606936416	0.920268972142171	0	4.16867469879518	0	0.936349693251534	0.079731027857829	1	0.920268972142171	-	0.880057803468208	0.95847923961981	0.959306505837509	0.836367627484827	0.920268972142171	217787
MMSeqs2	16.9210576975255	4.47999999999987e-08	1916	166	526	0	1	0.239884393063584	0	0.760115606936416	0.920268972142171	0	4.16867469879518	0	0.936349693251534	0.079731027857829	1	0.920268972142171	-	0.880057803468208	0.95847923961981	0.959306505837509	0.836367627484827	0.920268972142171	217271
MMSeqs2	16.9620657212528	4.30000000000021e-08	1916	166	526	0	1	0.239884393063584	0	0.760115606936416	0.920268972142171	0	4.16867469879518	0	0.936349693251534	0.079731027857829	1	0.920268972142171	-	0.880057803468208	0.95847923961981	0.959306505837509	0.836367627484827	0.920268972142171	216877
MMSeqs2	16.9999849561151	4.14000000000018e-08	1916	165	527	0	1	0.238439306358382	0	0.761560693641618	0.920711196540125	0	4.19393939393939	0	0.936733128834356	0.0792888034598751	1	0.920711196540125	-	0.880780346820809	0.95871903927946	0.95953696986626	0.837363396310528	0.920711196540125	216454
MMSeqs2	17.0318895026339	4.00999999999996e-08	1916	160	532	0	1	0.23121387283237	0	0.76878612716763	0.922928709055877	0	4.325	0	0.938650306748466	0.0770712909441233	1	0.922928709055877	-	0.884393063583815	0.959919839679359	0.960691786711991	0.842338879481939	0.922928709055877	216038
MMSeqs2	17.0579109278794	3.90700000000012e-08	1916	160	532	0	1	0.23121387283237	0	0.76878612716763	0.922928709055877	0	4.325	0	0.938650306748466	0.0770712909441233	1	0.922928709055877	-	0.884393063583815	0.959919839679359	0.960691786711991	0.842338879481939	0.922928709055877	215631
MMSeqs2	17.0752083773527	3.84000000000012e-08	1916	160	532	0	1	0.23121387283237	0	0.76878612716763	0.922928709055877	0	4.325	0	0.938650306748466	0.0770712909441233	1	0.922928709055877	-	0.884393063583815	0.959919839679359	0.960691786711991	0.842338879481939	0.922928709055877	215251
MMSeqs2	17.09892490397	3.75000000000017e-08	1916	160	532	0	1	0.23121387283237	0	0.76878612716763	0.922928709055877	0	4.325	0	0.938650306748466	0.0770712909441233	1	0.922928709055877	-	0.884393063583815	0.959919839679359	0.960691786711991	0.842338879481939	0.922928709055877	214850
MMSeqs2	17.125953576358	3.64999999999987e-08	1916	160	532	0	1	0.23121387283237	0	0.76878612716763	0.922928709055877	0	4.325	0	0.938650306748466	0.0770712909441233	1	0.922928709055877	-	0.884393063583815	0.959919839679359	0.960691786711991	0.842338879481939	0.922928709055877	214321
MMSeqs2	17.1481151481608	3.57000000000006e-08	1916	160	532	0	1	0.23121387283237	0	0.76878612716763	0.922928709055877	0	4.325	0	0.938650306748466	0.0770712909441233	1	0.922928709055877	-	0.884393063583815	0.959919839679359	0.960691786711991	0.842338879481939	0.922928709055877	213996
MMSeqs2	17.173648450166	3.47999999999994e-08	1916	156	536	0	1	0.225433526011561	0	0.774566473988439	0.924710424710425	0	4.43589743589744	0	0.940184049079755	0.0752895752895753	1	0.924710424710425	-	0.88728323699422	0.960882647943831	0.961618648275097	0.84631536269189	0.924710424710425	213566
MMSeqs2	17.19985082256	3.39000000000003e-08	1916	156	536	0	1	0.225433526011561	0	0.774566473988439	0.924710424710425	0	4.43589743589744	0	0.940184049079755	0.0752895752895753	1	0.924710424710425	-	0.88728323699422	0.960882647943831	0.961618648275097	0.84631536269189	0.924710424710425	213197
MMSeqs2	17.2389535485738	3.25999999999983e-08	1916	156	536	0	1	0.225433526011561	0	0.774566473988439	0.924710424710425	0	4.43589743589744	0	0.940184049079755	0.0752895752895753	1	0.924710424710425	-	0.88728323699422	0.960882647943831	0.961618648275097	0.84631536269189	0.924710424710425	212740
MMSeqs2	17.2701087163535	3.16000000000014e-08	1916	155	537	0	1	0.223988439306358	0	0.776011560693642	0.925156929019797	0	4.46451612903226	0	0.940567484662577	0.0748430709802028	1	0.925156929019797	-	0.888005780346821	0.961123651868573	0.96185078313624	0.847308959220419	0.925156929019797	212360
MMSeqs2	17.3121181244311	3.02999999999996e-08	1916	152	540	0	1	0.219653179190751	0	0.780346820809249	0.926499032882012	0	4.55263157894737	0	0.941717791411043	0.0735009671179884	1	0.926499032882012	-	0.890173410404624	0.961847389558233	0.962548197692984	0.850288524438806	0.926499032882012	211849
MMSeqs2	17.3287574434351	2.97999999999985e-08	1916	152	540	0	1	0.219653179190751	0	0.780346820809249	0.926499032882012	0	4.55263157894737	0	0.941717791411043	0.0735009671179884	1	0.926499032882012	-	0.890173410404624	0.961847389558233	0.962548197692984	0.850288524438806	0.926499032882012	211499
MMSeqs2	17.3490971276722	2.91999999999993e-08	1916	152	540	0	1	0.219653179190751	0	0.780346820809249	0.926499032882012	0	4.55263157894737	0	0.941717791411043	0.0735009671179884	1	0.926499032882012	-	0.890173410404624	0.961847389558233	0.962548197692984	0.850288524438806	0.926499032882012	211008
MMSeqs2	17.359424241828	2.89000000000008e-08	1916	152	540	0	1	0.219653179190751	0	0.780346820809249	0.926499032882012	0	4.55263157894737	0	0.941717791411043	0.0735009671179884	1	0.926499032882012	-	0.890173410404624	0.961847389558233	0.962548197692984	0.850288524438806	0.926499032882012	210715
MMSeqs2	17.3874962606067	2.81000000000003e-08	1916	152	540	0	1	0.219653179190751	0	0.780346820809249	0.926499032882012	0	4.55263157894737	0	0.941717791411043	0.0735009671179884	1	0.926499032882012	-	0.890173410404624	0.961847389558233	0.962548197692984	0.850288524438806	0.926499032882012	210276
MMSeqs2	17.4127228235524	2.73999999999996e-08	1916	150	542	0	1	0.216763005780347	0	0.783236994219653	0.927395934172314	0	4.61333333333333	0	0.942484662576687	0.0726040658276863	1	0.927395934172314	-	0.891618497109827	0.962330487192366	0.963013984411604	0.852273901942709	0.927395934172314	209821
MMSeqs2	17.437853488278	2.67199999999991e-08	1916	149	543	0	1	0.215317919075144	0	0.784682080924855	0.927845036319613	0	4.64429530201342	0	0.942868098159509	0.0721549636803874	1	0.927845036319613	-	0.892341040462428	0.962572218035669	0.963247131487871	0.853266297163477	0.927845036319613	209441
MMSeqs2	17.4575064261794	2.6199999999999e-08	1916	147	545	0	1	0.21242774566474	0	0.78757225433526	0.928744546776539	0	4.70748299319728	0	0.943634969325153	0.071255453223461	1	0.928744546776539	-	0.89378612716763	0.963056044232219	0.963713934098983	0.855250510906821	0.928744546776539	209025
MMSeqs2	17.4885166629219	2.54000000000005e-08	1916	147	545	0	1	0.21242774566474	0	0.78757225433526	0.928744546776539	0	4.70748299319728	0	0.943634969325153	0.071255453223461	1	0.928744546776539	-	0.89378612716763	0.963056044232219	0.963713934098983	0.855250510906821	0.928744546776539	208636
MMSeqs2	17.5205193940081	2.45999999999998e-08	1916	147	545	0	1	0.21242774566474	0	0.78757225433526	0.928744546776539	0	4.70748299319728	0	0.943634969325153	0.071255453223461	1	0.928744546776539	-	0.89378612716763	0.963056044232219	0.963713934098983	0.855250510906821	0.928744546776539	208200
MMSeqs2	17.5577907888053	2.37000000000006e-08	1916	147	545	0	1	0.21242774566474	0	0.78757225433526	0.928744546776539	0	4.70748299319728	0	0.943634969325153	0.071255453223461	1	0.928744546776539	-	0.89378612716763	0.963056044232219	0.963713934098983	0.855250510906821	0.928744546776539	207814
MMSeqs2	17.5877716210173	2.29999999999991e-08	1916	141	551	0	1	0.203757225433526	0	0.796242774566474	0.931453573164803	0	4.90780141843972	0	0.945935582822086	0.0685464268351969	1	0.931453573164803	-	0.898121387283237	0.964510445507173	0.965118424425108	0.861198686411329	0.931453573164803	207381
MMSeqs2	17.6053159306682	2.25999999999993e-08	1916	141	551	0	1	0.203757225433526	0	0.796242774566474	0.931453573164803	0	4.90780141843972	0	0.945935582822086	0.0685464268351969	1	0.931453573164803	-	0.898121387283237	0.964510445507173	0.965118424425108	0.861198686411329	0.931453573164803	206957
MMSeqs2	17.6276882284227	2.21000000000001e-08	1916	141	551	0	1	0.203757225433526	0	0.796242774566474	0.931453573164803	0	4.90780141843972	0	0.945935582822086	0.0685464268351969	1	0.931453573164803	-	0.898121387283237	0.964510445507173	0.965118424425108	0.861198686411329	0.931453573164803	206655
MMSeqs2	17.6413558671514	2.17999999999993e-08	1916	141	551	0	1	0.203757225433526	0	0.796242774566474	0.931453573164803	0	4.90780141843972	0	0.945935582822086	0.0685464268351969	1	0.931453573164803	-	0.898121387283237	0.964510445507173	0.965118424425108	0.861198686411329	0.931453573164803	206106
MMSeqs2	17.6692646552684	2.12000000000009e-08	1916	137	555	0	1	0.197976878612717	0	0.802023121387283	0.93326838772528	0	5.05109489051095	0	0.947469325153374	0.0667316122747199	1	0.93326838772528	-	0.901011560693642	0.965482489292013	0.966058169949036	0.865160577820965	0.93326838772528	205741
MMSeqs2	17.6979747611509	2.05999999999995e-08	1916	135	557	0	1	0.195086705202312	0	0.804913294797688	0.934178449536811	0	5.12592592592593	0	0.948236196319018	0.0658215504631887	1	0.934178449536811	-	0.902456647398844	0.965969246281825	0.966529073301373	0.86714050403938	0.934178449536811	205255
MMSeqs2	17.7175832325393	2.0199999999999e-08	1916	133	559	0	1	0.192196531791908	0	0.807803468208092	0.935090287945339	0	5.20300751879699	0	0.949003067484663	0.0649097120546608	1	0.935090287945339	-	0.903901734104046	0.966456494325347	0.967000665948757	0.869119771774839	0.935090287945339	204896
MMSeqs2	17.7477362707099	1.96000000000008e-08	1916	130	562	0	1	0.187861271676301	0	0.812138728323699	0.936461388074291	0	5.32307692307692	0	0.950153374233129	0.0635386119257087	1	0.936461388074291	-	0.90606936416185	0.967188288743059	0.96770935103175	0.87208747315559	0.936461388074291	204524
MMSeqs2	17.7777747798292	1.90199999999993e-08	1916	130	562	0	1	0.187861271676301	0	0.812138728323699	0.936461388074291	0	5.32307692307692	0	0.950153374233129	0.0635386119257087	1	0.936461388074291	-	0.90606936416185	0.967188288743059	0.96770935103175	0.87208747315559	0.936461388074291	204085
MMSeqs2	17.8218442428637	1.81999999999993e-08	1916	130	562	0	1	0.187861271676301	0	0.812138728323699	0.936461388074291	0	5.32307692307692	0	0.950153374233129	0.0635386119257087	1	0.936461388074291	-	0.90606936416185	0.967188288743059	0.96770935103175	0.87208747315559	0.936461388074291	203577
MMSeqs2	17.8497011973666	1.77000000000005e-08	1916	130	562	0	1	0.187861271676301	0	0.812138728323699	0.936461388074291	0	5.32307692307692	0	0.950153374233129	0.0635386119257087	1	0.936461388074291	-	0.90606936416185	0.967188288743059	0.96770935103175	0.87208747315559	0.936461388074291	203328
MMSeqs2	17.878356453127	1.72e-08	1916	126	566	0	1	0.182080924855491	0	0.817919075144509	0.938295788442703	0	5.49206349206349	0	0.951687116564417	0.0617042115572968	1	0.938295788442703	-	0.908959537572254	0.968165740272865	0.968656692767207	0.876042249834472	0.938295788442703	202896
MMSeqs2	17.8959522150174	1.68999999999997e-08	1916	126	566	0	1	0.182080924855491	0	0.817919075144509	0.938295788442703	0	5.49206349206349	0	0.951687116564417	0.0617042115572968	1	0.938295788442703	-	0.908959537572254	0.968165740272865	0.968656692767207	0.876042249834472	0.938295788442703	202426
MMSeqs2	17.9138631415839	1.66000000000002e-08	1916	126	566	0	1	0.182080924855491	0	0.817919075144509	0.938295788442703	0	5.49206349206349	0	0.951687116564417	0.0617042115572968	1	0.938295788442703	-	0.908959537572254	0.968165740272865	0.968656692767207	0.876042249834472	0.938295788442703	202171
MMSeqs2	17.9382545947081	1.61999999999996e-08	1916	125	567	0	1	0.180635838150289	0	0.819364161849711	0.93875551200392	0	5.536	0	0.952070552147239	0.0612444879960804	1	0.93875551200392	-	0.909682080924855	0.968410411928228	0.968893963240519	0.877030571459677	0.93875551200392	201606
MMSeqs2	17.9696051245921	1.57000000000008e-08	1916	125	567	0	1	0.180635838150289	0	0.819364161849711	0.93875551200392	0	5.536	0	0.952070552147239	0.0612444879960804	1	0.93875551200392	-	0.909682080924855	0.968410411928228	0.968893963240519	0.877030571459677	0.93875551200392	201228
MMSeqs2	17.995413008548	1.53000000000003e-08	1916	118	574	0	1	0.170520231213873	0	0.829479768786127	0.941986234021632	0	5.86440677966102	0	0.954754601226994	0.0580137659783677	1	0.941986234021632	-	0.914739884393064	0.970126582278481	0.970559752937258	0.883944864567909	0.941986234021632	200842
MMSeqs2	18.0286386561763	1.48000000000006e-08	1916	115	577	0	1	0.166184971098266	0	0.833815028901734	0.943377646479567	0	6.01739130434783	0	0.95590490797546	0.0566223535204333	1	0.943377646479567	-	0.916907514450867	0.970863947301748	0.971276297702959	0.886906116544818	0.943377646479567	200457
MMSeqs2	18.0560376303645	1.43999999999994e-08	1916	115	577	0	1	0.166184971098266	0	0.833815028901734	0.943377646479567	0	6.01739130434783	0	0.95590490797546	0.0566223535204333	1	0.943377646479567	-	0.916907514450867	0.970863947301748	0.971276297702959	0.886906116544818	0.943377646479567	199953
MMSeqs2	18.0985972447833	1.37999999999994e-08	1916	114	578	0	1	0.164739884393064	0	0.835260115606936	0.94384236453202	0	6.07017543859649	0	0.956288343558282	0.0561576354679803	1	0.94384236453202	-	0.917630057803468	0.971109984794729	0.971515498863513	0.887892945412756	0.94384236453202	199506
MMSeqs2	18.1280111299895	1.34000000000006e-08	1916	114	578	0	1	0.164739884393064	0	0.835260115606936	0.94384236453202	0	6.07017543859649	0	0.956288343558282	0.0561576354679803	1	0.94384236453202	-	0.917630057803468	0.971109984794729	0.971515498863513	0.887892945412756	0.94384236453202	199186
MMSeqs2	18.1583164794849	1.29999999999997e-08	1916	114	578	0	1	0.164739884393064	0	0.835260115606936	0.94384236453202	0	6.07017543859649	0	0.956288343558282	0.0561576354679803	1	0.94384236453202	-	0.917630057803468	0.971109984794729	0.971515498863513	0.887892945412756	0.94384236453202	198669
MMSeqs2	18.1816638434819	1.26999999999996e-08	1916	114	578	0	1	0.164739884393064	0	0.835260115606936	0.94384236453202	0	6.07017543859649	0	0.956288343558282	0.0561576354679803	1	0.94384236453202	-	0.917630057803468	0.971109984794729	0.971515498863513	0.887892945412756	0.94384236453202	198207
MMSeqs2	18.1975371926382	1.24999999999994e-08	1916	114	578	0	1	0.164739884393064	0	0.835260115606936	0.94384236453202	0	6.07017543859649	0	0.956288343558282	0.0561576354679803	1	0.94384236453202	-	0.917630057803468	0.971109984794729	0.971515498863513	0.887892945412756	0.94384236453202	197830
MMSeqs2	18.2218298852072	1.22e-08	1916	113	579	0	1	0.163294797687861	0	0.836705202312139	0.944307540660424	0	6.12389380530974	0	0.956671779141104	0.0556924593395761	1	0.944307540660424	-	0.918352601156069	0.971356147021546	0.971754876839023	0.888879649813831	0.944307540660424	197544
MMSeqs2	18.2467274368289	1.19000000000003e-08	1916	113	579	0	1	0.163294797687861	0	0.836705202312139	0.944307540660424	0	6.12389380530974	0	0.956671779141104	0.0556924593395761	1	0.944307540660424	-	0.918352601156069	0.971356147021546	0.971754876839023	0.888879649813831	0.944307540660424	197164
MMSeqs2	18.2800496142126	1.15100000000002e-08	1916	112	580	0	1	0.161849710982659	0	0.838150289017341	0.944773175542406	0	6.17857142857143	0	0.957055214723926	0.0552268244575937	1	0.944773175542406	-	0.91907514450867	0.971602434077079	0.971994431847429	0.88986623159703	0.944773175542406	196665
MMSeqs2	18.3073520586454	1.11999999999996e-08	1916	111	581	0	1	0.160404624277457	0	0.839595375722543	0.945239269856931	0	6.23423423423423	0	0.957438650306748	0.0547607301430686	1	0.945239269856931	-	0.919797687861272	0.971848846056302	0.972234164107049	0.890852692605928	0.945239269856931	196161
MMSeqs2	18.3345030477113	1.09000000000001e-08	1916	110	582	0	1	0.158959537572254	0	0.841040462427746	0.945705824284304	0	6.29090909090909	0	0.957822085889571	0.054294175715696	1	0.945705824284304	-	0.920520231213873	0.972095383054287	0.972474073836575	0.891839034678727	0.945705824284304	195929
MMSeqs2	18.3643004105163	1.05799999999996e-08	1916	110	582	0	1	0.158959537572254	0	0.841040462427746	0.945705824284304	0	6.29090909090909	0	0.957822085889571	0.054294175715696	1	0.945705824284304	-	0.920520231213873	0.972095383054287	0.972474073836575	0.891839034678727	0.945705824284304	195418
MMSeqs2	18.3911219417108	1.03000000000002e-08	1916	109	583	0	1	0.157514450867052	0	0.842485549132948	0.946172839506173	0	6.34862385321101	0	0.958205521472393	0.0538271604938272	1	0.946172839506173	-	0.921242774566474	0.972342045166201	0.972714161255079	0.892825259648291	0.946172839506173	195155
MMSeqs2	18.4307310798059	9.89999999999969e-09	1916	109	583	0	1	0.157514450867052	0	0.842485549132948	0.946172839506173	0	6.34862385321101	0	0.958205521472393	0.0538271604938272	1	0.946172839506173	-	0.921242774566474	0.972342045166201	0.972714161255079	0.892825259648291	0.946172839506173	194585
MMSeqs2	18.4532039356579	9.68000000000025e-09	1916	108	584	0	1	0.15606936416185	0	0.84393063583815	0.946640316205534	0	6.40740740740741	0	0.958588957055215	0.0533596837944664	1	0.946640316205534	-	0.921965317919075	0.97258883248731	0.972954426582013	0.893811369342192	0.946640316205534	194203
MMSeqs2	18.4709219603891	9.51000000000013e-09	1916	108	584	0	1	0.15606936416185	0	0.84393063583815	0.946640316205534	0	6.40740740740741	0	0.958588957055215	0.0533596837944664	1	0.946640316205534	-	0.921965317919075	0.97258883248731	0.972954426582013	0.893811369342192	0.946640316205534	193798
MMSeqs2	18.4964824573686	9.27000000000044e-09	1916	108	584	0	1	0.15606936416185	0	0.84393063583815	0.946640316205534	0	6.40740740740741	0	0.958588957055215	0.0533596837944664	1	0.946640316205534	-	0.921965317919075	0.97258883248731	0.972954426582013	0.893811369342192	0.946640316205534	193364
MMSeqs2	18.533849442058	8.93000000000004e-09	1916	108	584	0	1	0.15606936416185	0	0.84393063583815	0.946640316205534	0	6.40740740740741	0	0.958588957055215	0.0533596837944664	1	0.946640316205534	-	0.921965317919075	0.97258883248731	0.972954426582013	0.893811369342192	0.946640316205534	192959
MMSeqs2	18.5657065160026	8.65000000000021e-09	1916	107	585	0	1	0.154624277456647	0	0.845375722543353	0.947108255066733	0	6.46728971962617	0	0.958972392638037	0.0528917449332674	1	0.947108255066733	-	0.922687861271676	0.972835745112973	0.973194870037205	0.894797365582741	0.947108255066733	192533
MMSeqs2	18.5890993955773	8.45000000000024e-09	1916	101	591	0	1	0.145953757225434	0	0.854046242774566	0.949925632126921	0	6.85148514851485	0	0.961273006134969	0.0500743678730788	1	0.949925632126921	-	0.927023121387283	0.974319857615052	0.97464128382032	0.900711061902346	0.949925632126921	192132
MMSeqs2	18.6252479096936	8.15000000000034e-09	1916	97	595	0	1	0.140173410404624	0	0.859826589595376	0.951813214108296	0	7.1340206185567	0	0.962806748466258	0.0481867858917039	1	0.951813214108296	-	0.929913294797688	0.975311784169	0.975609150279094	0.90465148527958	0.951813214108296	191721
MMSeqs2	18.6564030774734	7.90000000000028e-09	1916	96	596	0	1	0.138728323699422	0	0.861271676300578	0.952286282306163	0	7.20833333333333	0	0.96319018404908	0.047713717693837	1	0.952286282306163	-	0.930635838150289	0.975560081466395	0.975851567763337	0.905636352340096	0.952286282306163	191309
MMSeqs2	18.6794514729097	7.7200000000002e-09	1916	96	596	0	1	0.138728323699422	0	0.861271676300578	0.952286282306163	0	7.20833333333333	0	0.96319018404908	0.047713717693837	1	0.952286282306163	-	0.930635838150289	0.975560081466395	0.975851567763337	0.905636352340096	0.952286282306163	190889
MMSeqs2	18.7150518045549	7.45000000000032e-09	1916	96	596	0	1	0.138728323699422	0	0.861271676300578	0.952286282306163	0	7.20833333333333	0	0.96319018404908	0.047713717693837	1	0.952286282306163	-	0.930635838150289	0.975560081466395	0.975851567763337	0.905636352340096	0.952286282306163	190498
MMSeqs2	18.739509545401	7.26999999999988e-09	1916	94	598	0	1	0.135838150289017	0	0.864161849710983	0.953233830845771	0	7.36170212765958	0	0.963957055214724	0.0467661691542289	1	0.953233830845771	-	0.932080924855491	0.976057055527254	0.976336945345085	0.907605812272469	0.953233830845771	190000
MMSeqs2	18.7603581115225	7.12000000000019e-09	1916	94	598	0	1	0.135838150289017	0	0.864161849710983	0.953233830845771	0	7.36170212765958	0	0.963957055214724	0.0467661691542289	1	0.953233830845771	-	0.932080924855491	0.976057055527254	0.976336945345085	0.907605812272469	0.953233830845771	189666
MMSeqs2	18.7874060237446	6.92999999999998e-09	1916	94	598	0	1	0.135838150289017	0	0.864161849710983	0.953233830845771	0	7.36170212765958	0	0.963957055214724	0.0467661691542289	1	0.953233830845771	-	0.932080924855491	0.976057055527254	0.976336945345085	0.907605812272469	0.953233830845771	189228
MMSeqs2	18.8196668859628	6.71000000000014e-09	1916	93	599	0	1	0.134393063583815	0	0.865606936416185	0.95370831259333	0	7.44086021505376	0	0.964340490797546	0.04629168740667	1	0.95370831259333	-	0.932803468208093	0.976305732484076	0.976579905892667	0.908590408654286	0.95370831259333	188827
MMSeqs2	18.8483914610079	6.51999999999967e-09	1916	93	599	0	1	0.134393063583815	0	0.865606936416185	0.95370831259333	0	7.44086021505376	0	0.964340490797546	0.04629168740667	1	0.95370831259333	-	0.932803468208093	0.976305732484076	0.976579905892667	0.908590408654286	0.95370831259333	188407
MMSeqs2	18.8779656007903	6.33000000000016e-09	1916	92	600	0	1	0.132947976878613	0	0.867052023121387	0.954183266932271	0	7.52173913043478	0	0.964723926380368	0.0458167330677291	1	0.954183266932271	-	0.933526011560694	0.976554536187564	0.976823047912093	0.909574918311955	0.954183266932271	188028
MMSeqs2	18.9133390637629	6.11000000000004e-09	1916	92	600	0	1	0.132947976878613	0	0.867052023121387	0.954183266932271	0	7.52173913043478	0	0.964723926380368	0.0458167330677291	1	0.954183266932271	-	0.933526011560694	0.976554536187564	0.976823047912093	0.909574918311955	0.954183266932271	187592
MMSeqs2	18.9415567035719	5.93999999999974e-09	1916	92	600	0	1	0.132947976878613	0	0.867052023121387	0.954183266932271	0	7.52173913043478	0	0.964723926380368	0.0458167330677291	1	0.954183266932271	-	0.933526011560694	0.976554536187564	0.976823047912093	0.909574918311955	0.954183266932271	187133
MMSeqs2	18.9705937564264	5.77000000000002e-09	1916	92	600	0	1	0.132947976878613	0	0.867052023121387	0.954183266932271	0	7.52173913043478	0	0.964723926380368	0.0458167330677291	1	0.954183266932271	-	0.933526011560694	0.976554536187564	0.976823047912093	0.909574918311955	0.954183266932271	186771
MMSeqs2	19.0022865497794	5.59000000000003e-09	1916	92	600	0	1	0.132947976878613	0	0.867052023121387	0.954183266932271	0	7.52173913043478	0	0.964723926380368	0.0458167330677291	1	0.954183266932271	-	0.933526011560694	0.976554536187564	0.976823047912093	0.909574918311955	0.954183266932271	186362
MMSeqs2	19.0221607359865	5.47999999999993e-09	1916	89	603	0	1	0.128612716763006	0	0.871387283236994	0.955610972568579	0	7.7752808988764	0	0.965874233128834	0.0443890274314214	1	0.955610972568579	-	0.935693641618497	0.977301708747768	0.977553565063613	0.912527944349101	0.955610972568579	185922
MMSeqs2	19.0461692760385	5.34999999999997e-09	1916	89	603	0	1	0.128612716763006	0	0.871387283236994	0.955610972568579	0	7.7752808988764	0	0.965874233128834	0.0443890274314214	1	0.955610972568579	-	0.935693641618497	0.977301708747768	0.977553565063613	0.912527944349101	0.955610972568579	185498
MMSeqs2	19.0765321397686	5.19000000000008e-09	1916	89	603	0	1	0.128612716763006	0	0.871387283236994	0.955610972568579	0	7.7752808988764	0	0.965874233128834	0.0443890274314214	1	0.955610972568579	-	0.935693641618497	0.977301708747768	0.977553565063613	0.912527944349101	0.955610972568579	185117
MMSeqs2	19.1038775936591	5.05000000000022e-09	1916	88	604	0	1	0.127167630057803	0	0.872832369942196	0.956087824351297	0	7.86363636363636	0	0.966257668711656	0.0439121756487026	1	0.956087824351297	-	0.936416184971098	0.977551020408163	0.977797435234567	0.913512124496124	0.956087824351297	184841
MMSeqs2	19.1340306318298	4.90000000000016e-09	1916	88	604	0	1	0.127167630057803	0	0.872832369942196	0.956087824351297	0	7.86363636363636	0	0.966257668711656	0.0439121756487026	1	0.956087824351297	-	0.936416184971098	0.977551020408163	0.977797435234567	0.913512124496124	0.956087824351297	184326
MMSeqs2	19.158825290443	4.78000000000022e-09	1916	86	606	0	1	0.124277456647399	0	0.875722543352601	0.957042957042957	0	8.04651162790698	0	0.967024539877301	0.042957042957043	1	0.957042957042957	-	0.937861271676301	0.978050025523226	0.978285723622172	0.915480252348106	0.957042957042957	183951
MMSeqs2	19.1928711318528	4.61999999999983e-09	1916	86	606	0	1	0.124277456647399	0	0.875722543352601	0.957042957042957	0	8.04651162790698	0	0.967024539877301	0.042957042957043	1	0.957042957042957	-	0.937861271676301	0.978050025523226	0.978285723622172	0.915480252348106	0.957042957042957	183420
MMSeqs2	19.2258774283209	4.47000000000015e-09	1916	86	606	0	1	0.124277456647399	0	0.875722543352601	0.957042957042957	0	8.04651162790698	0	0.967024539877301	0.042957042957043	1	0.957042957042957	-	0.937861271676301	0.978050025523226	0.978285723622172	0.915480252348106	0.957042957042957	183064
MMSeqs2	19.251252600424	4.35799999999993e-09	1916	86	606	0	1	0.124277456647399	0	0.875722543352601	0.957042957042957	0	8.04651162790698	0	0.967024539877301	0.042957042957043	1	0.957042957042957	-	0.937861271676301	0.978050025523226	0.978285723622172	0.915480252348106	0.957042957042957	182624
MMSeqs2	19.2879432447592	4.20099999999985e-09	1916	86	606	0	1	0.124277456647399	0	0.875722543352601	0.957042957042957	0	8.04651162790698	0	0.967024539877301	0.042957042957043	1	0.957042957042957	-	0.937861271676301	0.978050025523226	0.978285723622172	0.915480252348106	0.957042957042957	182211
MMSeqs2	19.3049884299735	4.12999999999988e-09	1916	85	607	0	1	0.122832369942197	0	0.877167630057804	0.95752123938031	0	8.14117647058824	0	0.967407975460123	0.0424787606196902	1	0.95752123938031	-	0.938583815028902	0.978299719172836	0.978530142295223	0.916464203489278	0.95752123938031	181793
MMSeqs2	19.3270211449734	4.03999999999981e-09	1916	85	607	0	1	0.122832369942197	0	0.877167630057804	0.95752123938031	0	8.14117647058824	0	0.967407975460123	0.0424787606196902	1	0.95752123938031	-	0.938583815028902	0.978299719172836	0.978530142295223	0.916464203489278	0.95752123938031	181380
MMSeqs2	19.3597284629491	3.91000000000014e-09	1916	85	607	0	1	0.122832369942197	0	0.877167630057804	0.95752123938031	0	8.14117647058824	0	0.967407975460123	0.0424787606196902	1	0.95752123938031	-	0.938583815028902	0.978299719172836	0.978530142295223	0.916464203489278	0.95752123938031	181050
MMSeqs2	19.3935418273149	3.78000000000006e-09	1916	84	608	0	1	0.121387283236994	0	0.878612716763006	0.958	0	8.23809523809524	0	0.967791411042945	0.042	1	0.958	-	0.939306358381503	0.978549540347293	0.978774744259372	0.917448081723952	0.958	180634
MMSeqs2	19.428538669352	3.65000000000004e-09	1916	84	608	0	1	0.121387283236994	0	0.878612716763006	0.958	0	8.23809523809524	0	0.967791411042945	0.042	1	0.958	-	0.939306358381503	0.978549540347293	0.978774744259372	0.917448081723952	0.958	180240
MMSeqs2	19.4574456292944	3.54599999999998e-09	1916	82	610	0	1	0.11849710982659	0	0.88150289017341	0.958958958958959	0	8.4390243902439	0	0.968558282208589	0.041041041041041	1	0.958958958958959	-	0.940751445086705	0.979049565661727	0.979264498978166	0.919415626297491	0.958958958958959	179734
MMSeqs2	19.4936252858719	3.41999999999999e-09	1916	82	610	0	1	0.11849710982659	0	0.88150289017341	0.958958958958959	0	8.4390243902439	0	0.968558282208589	0.041041041041041	1	0.958958958958959	-	0.940751445086705	0.979049565661727	0.979264498978166	0.919415626297491	0.958958958958959	179317
MMSeqs2	19.5202935329541	3.32999999999987e-09	1916	82	610	0	1	0.11849710982659	0	0.88150289017341	0.958958958958959	0	8.4390243902439	0	0.968558282208589	0.041041041041041	1	0.958958958958959	-	0.940751445086705	0.979049565661727	0.979264498978166	0.919415626297491	0.958958958958959	178858
MMSeqs2	19.5507836997118	3.23000000000015e-09	1916	82	610	0	1	0.11849710982659	0	0.88150289017341	0.958958958958959	0	8.4390243902439	0	0.968558282208589	0.041041041041041	1	0.958958958958959	-	0.940751445086705	0.979049565661727	0.979264498978166	0.919415626297491	0.958958958958959	178500
MMSeqs2	19.5726938093476	3.15999999999997e-09	1916	82	610	0	1	0.11849710982659	0	0.88150289017341	0.958958958958959	0	8.4390243902439	0	0.968558282208589	0.041041041041041	1	0.958958958958959	-	0.940751445086705	0.979049565661727	0.979264498978166	0.919415626297491	0.958958958958959	178074
MMSeqs2	19.5912187721921	3.10199999999989e-09	1916	81	611	0	1	0.117052023121387	0	0.882947976878613	0.959439158738107	0	8.54320987654321	0	0.968941717791411	0.0405608412618928	1	0.959439158738107	-	0.941473988439306	0.979299769997444	0.979509652192416	0.920399296037285	0.959439158738107	177666
MMSeqs2	19.6213257581856	3.01000000000009e-09	1916	81	611	0	1	0.117052023121387	0	0.882947976878613	0.959439158738107	0	8.54320987654321	0	0.968941717791411	0.0405608412618928	1	0.959439158738107	-	0.941473988439306	0.979299769997444	0.979509652192416	0.920399296037285	0.959439158738107	177271
MMSeqs2	19.6448562555958	2.94000000000006e-09	1916	81	611	0	1	0.117052023121387	0	0.882947976878613	0.959439158738107	0	8.54320987654321	0	0.968941717791411	0.0405608412618928	1	0.959439158738107	-	0.941473988439306	0.979299769997444	0.979509652192416	0.920399296037285	0.959439158738107	176847
MMSeqs2	19.6759468426659	2.84999999999986e-09	1916	81	611	0	1	0.117052023121387	0	0.882947976878613	0.959439158738107	0	8.54320987654321	0	0.968941717791411	0.0405608412618928	1	0.959439158738107	-	0.941473988439306	0.979299769997444	0.979509652192416	0.920399296037285	0.959439158738107	176418
MMSeqs2	19.709485483795	2.756e-09	1916	81	611	0	1	0.117052023121387	0	0.882947976878613	0.959439158738107	0	8.54320987654321	0	0.968941717791411	0.0405608412618928	1	0.959439158738107	-	0.941473988439306	0.979299769997444	0.979509652192416	0.920399296037285	0.959439158738107	176015
MMSeqs2	19.7411873645343	2.66999999999987e-09	1916	78	614	0	1	0.11271676300578	0	0.88728323699422	0.960882647943831	0	8.87179487179487	0	0.970092024539877	0.0391173520561685	1	0.960882647943831	-	0.94364161849711	0.980051150895141	0.980246218020672	0.923349915383751	0.960882647943831	175569
MMSeqs2	19.771607961235	2.58999999999991e-09	1916	77	615	0	1	0.111271676300578	0	0.888728323699422	0.961364776718515	0	8.98701298701299	0	0.970475460122699	0.0386352232814852	1	0.961364776718515	-	0.944364161849711	0.98030186748529	0.980492109462649	0.924333330826448	0.961364776718515	175187
MMSeqs2	19.7990069354231	2.51999999999994e-09	1916	77	615	0	1	0.111271676300578	0	0.888728323699422	0.961364776718515	0	8.98701298701299	0	0.970475460122699	0.0386352232814852	1	0.961364776718515	-	0.944364161849711	0.98030186748529	0.980492109462649	0.924333330826448	0.961364776718515	174684
MMSeqs2	19.8231044870021	2.46000000000009e-09	1916	77	615	0	1	0.111271676300578	0	0.888728323699422	0.961364776718515	0	8.98701298701299	0	0.970475460122699	0.0386352232814852	1	0.961364776718515	-	0.944364161849711	0.98030186748529	0.980492109462649	0.924333330826448	0.961364776718515	174384
MMSeqs2	19.851972471003	2.38999999999998e-09	1916	77	615	0	1	0.111271676300578	0	0.888728323699422	0.961364776718515	0	8.98701298701299	0	0.970475460122699	0.0386352232814852	1	0.961364776718515	-	0.944364161849711	0.98030186748529	0.980492109462649	0.924333330826448	0.961364776718515	173886
MMSeqs2	19.8731149075768	2.34000000000001e-09	1916	77	615	0	1	0.111271676300578	0	0.888728323699422	0.961364776718515	0	8.98701298701299	0	0.970475460122699	0.0386352232814852	1	0.961364776718515	-	0.944364161849711	0.98030186748529	0.980492109462649	0.924333330826448	0.961364776718515	173537
MMSeqs2	19.9079010236622	2.26000000000004e-09	1916	77	615	0	1	0.111271676300578	0	0.888728323699422	0.961364776718515	0	8.98701298701299	0	0.970475460122699	0.0386352232814852	1	0.961364776718515	-	0.944364161849711	0.98030186748529	0.980492109462649	0.924333330826448	0.961364776718515	173187
MMSeqs2	19.939364293118	2.19e-09	1916	77	615	0	1	0.111271676300578	0	0.888728323699422	0.961364776718515	0	8.98701298701299	0	0.970475460122699	0.0386352232814852	1	0.961364776718515	-	0.944364161849711	0.98030186748529	0.980492109462649	0.924333330826448	0.961364776718515	172760
MMSeqs2	19.9765778894584	2.11000000000007e-09	1916	77	615	0	1	0.111271676300578	0	0.888728323699422	0.961364776718515	0	8.98701298701299	0	0.970475460122699	0.0386352232814852	1	0.961364776718515	-	0.944364161849711	0.98030186748529	0.980492109462649	0.924333330826448	0.961364776718515	172313
MMSeqs2	19.9908979432332	2.07999999999997e-09	1916	77	615	0	1	0.111271676300578	0	0.888728323699422	0.961364776718515	0	8.98701298701299	0	0.970475460122699	0.0386352232814852	1	0.961364776718515	-	0.944364161849711	0.98030186748529	0.980492109462649	0.924333330826448	0.961364776718515	171845
MMSeqs2	20.0201683255333	2.01999999999999e-09	1916	77	615	0	1	0.111271676300578	0	0.888728323699422	0.961364776718515	0	8.98701298701299	0	0.970475460122699	0.0386352232814852	1	0.961364776718515	-	0.944364161849711	0.98030186748529	0.980492109462649	0.924333330826448	0.961364776718515	171448
MMSeqs2	20.0554364643708	1.94999999999991e-09	1916	71	621	0	1	0.102601156069364	0	0.897398843930636	0.964267740312028	0	9.74647887323944	0	0.972776073619632	0.0357322596879718	1	0.964267740312028	-	0.948699421965318	0.98180886497566	0.981971354119879	0.93023263509491	0.964267740312028	171033
MMSeqs2	20.0866890078749	1.88999999999993e-09	1916	71	621	0	1	0.102601156069364	0	0.897398843930636	0.964267740312028	0	9.74647887323944	0	0.972776073619632	0.0357322596879718	1	0.964267740312028	-	0.948699421965318	0.98180886497566	0.981971354119879	0.93023263509491	0.964267740312028	170625
MMSeqs2	20.1135002653255	1.84000000000003e-09	1916	70	622	0	1	0.101156069364162	0	0.898843930635838	0.964753272910373	0	9.88571428571428	0	0.973159509202454	0.0352467270896274	1	0.964753272910372	-	0.949421965317919	0.982060481804203	0.982218546409287	0.93121566992644	0.964753272910373	170244
MMSeqs2	20.1404917138678	1.79100000000007e-09	1916	70	622	0	1	0.101156069364162	0	0.898843930635838	0.964753272910373	0	9.88571428571428	0	0.973159509202454	0.0352467270896274	1	0.964753272910372	-	0.949421965317919	0.982060481804203	0.982218546409287	0.93121566992644	0.964753272910373	169821
MMSeqs2	20.1579520278963	1.76000000000009e-09	1916	70	622	0	1	0.101156069364162	0	0.898843930635838	0.964753272910373	0	9.88571428571428	0	0.973159509202454	0.0352467270896274	1	0.964753272910372	-	0.949421965317919	0.982060481804203	0.982218546409287	0.93121566992644	0.964753272910373	169446
MMSeqs2	20.1867724664318	1.71000000000007e-09	1916	70	622	0	1	0.101156069364162	0	0.898843930635838	0.964753272910373	0	9.88571428571428	0	0.973159509202454	0.0352467270896274	1	0.964753272910372	-	0.949421965317919	0.982060481804203	0.982218546409287	0.93121566992644	0.964753272910373	169033
MMSeqs2	20.2104422105177	1.67000000000008e-09	1916	70	622	0	1	0.101156069364162	0	0.898843930635838	0.964753272910373	0	9.88571428571428	0	0.973159509202454	0.0352467270896274	1	0.964753272910372	-	0.949421965317919	0.982060481804203	0.982218546409287	0.93121566992644	0.964753272910373	168632
MMSeqs2	20.24703165795	1.61000000000006e-09	1916	70	622	0	1	0.101156069364162	0	0.898843930635838	0.964753272910373	0	9.88571428571428	0	0.973159509202454	0.0352467270896274	1	0.964753272910372	-	0.949421965317919	0.982060481804203	0.982218546409287	0.93121566992644	0.964753272910373	168194
MMSeqs2	20.2914834205209	1.53999999999996e-09	1916	70	622	0	1	0.101156069364162	0	0.898843930635838	0.964753272910373	0	9.88571428571428	0	0.973159509202454	0.0352467270896274	1	0.964753272910372	-	0.949421965317919	0.982060481804203	0.982218546409287	0.93121566992644	0.964753272910373	167711
MMSeqs2	20.324489716989	1.49000000000007e-09	1916	69	623	0	1	0.0997109826589595	0	0.90028901734104	0.965239294710327	0	10.0289855072464	0	0.973542944785276	0.0347607052896725	1	0.965239294710327	-	0.95014450867052	0.98231222763394	0.982465925470358	0.932198657011326	0.965239294710327	167378
MMSeqs2	20.3586227233585	1.44e-09	1916	67	625	0	1	0.0968208092485549	0	0.903179190751445	0.966212808875441	0	10.3283582089552	0	0.97430981595092	0.0337871911245587	1	0.966212808875441	-	0.951589595375723	0.982816106694024	0.982961244849176	0.934164494515715	0.966212808875441	166941
MMSeqs2	20.3867936003252	1.4e-09	1916	67	625	0	1	0.0968208092485549	0	0.903179190751445	0.966212808875441	0	10.3283582089552	0	0.97430981595092	0.0337871911245587	1	0.966212808875441	-	0.951589595375723	0.982816106694024	0.982961244849176	0.934164494515715	0.966212808875441	166592
MMSeqs2	20.4084550971064	1.36999999999997e-09	1916	67	625	0	1	0.0968208092485549	0	0.903179190751445	0.966212808875441	0	10.3283582089552	0	0.97430981595092	0.0337871911245587	1	0.966212808875441	-	0.951589595375723	0.982816106694024	0.982961244849176	0.934164494515715	0.966212808875441	166100
MMSeqs2	20.4380868947128	1.32999999999993e-09	1916	65	627	0	1	0.0939306358381503	0	0.90606936416185	0.967188288743059	0	10.6461538461538	0	0.975076687116564	0.0328117112569409	1	0.967188288743059	-	0.953034682080925	0.983320502950988	0.983457314143862	0.936130160718162	0.967188288743059	165560
MMSeqs2	20.4609015724789	1.30000000000003e-09	1916	65	627	0	1	0.0939306358381503	0	0.90606936416185	0.967188288743059	0	10.6461538461538	0	0.975076687116564	0.0328117112569409	1	0.967188288743059	-	0.953034682080925	0.983320502950988	0.983457314143862	0.936130160718162	0.967188288743059	165401
MMSeqs2	20.5001222856322	1.25e-09	1916	65	627	0	1	0.0939306358381503	0	0.90606936416185	0.967188288743059	0	10.6461538461538	0	0.975076687116564	0.0328117112569409	1	0.967188288743059	-	0.953034682080925	0.983320502950988	0.983457314143862	0.936130160718162	0.967188288743059	164864
MMSeqs2	20.5326454773378	1.20999999999995e-09	1916	64	628	0	1	0.092485549132948	0	0.907514450867052	0.967676767676768	0	10.8125	0	0.975460122699387	0.0323232323232323	1	0.967676767676768	-	0.953757225433526	0.983572895277207	0.983705630601334	0.937112933661139	0.967676767676768	164385
MMSeqs2	20.5748458318281	1.16000000000004e-09	1916	62	630	0	1	0.0895953757225433	0	0.910404624277457	0.968655207280081	0	11.1612903225806	0	0.976226993865031	0.0313447927199191	1	0.968655207280081	-	0.955202312138728	0.984078068823832	0.984202828323553	0.939078367357179	0.968655207280081	164086
MMSeqs2	20.6099371516394	1.12000000000001e-09	1916	61	631	0	1	0.088150289017341	0	0.911849710982659	0.96914516944866	0	11.344262295082	0	0.976610429447853	0.0308548305513404	1	0.96914516944866	-	0.95592485549133	0.984330850244028	0.984451710064369	0.940061031349561	0.96914516944866	163711
MMSeqs2	20.6463047958103	1.07999999999998e-09	1916	59	633	0	1	0.0852601156069364	0	0.914739884393064	0.970126582278481	0	11.728813559322	0	0.977377300613497	0.029873417721519	1	0.970126582278481	-	0.957369942196532	0.984836802878437	0.984950040498746	0.942026261693407	0.970126582278481	163164
MMSeqs2	20.674475672777	1.04999999999998e-09	1916	59	633	0	1	0.0852601156069364	0	0.914739884393064	0.970126582278481	0	11.728813559322	0	0.977377300613497	0.029873417721519	1	0.970126582278481	-	0.957369942196532	0.984836802878437	0.984950040498746	0.942026261693407	0.970126582278481	162650
MMSeqs2	20.6937070347049	1.02999999999997e-09	1916	59	633	0	1	0.0852601156069364	0	0.914739884393064	0.970126582278481	0	11.728813559322	0	0.977377300613497	0.029873417721519	1	0.970126582278481	-	0.957369942196532	0.984836802878437	0.984950040498746	0.942026261693407	0.970126582278481	162328
MMSeqs2	20.7272738583439	9.9600000000005e-10	1916	59	633	0	1	0.0852601156069364	0	0.914739884393064	0.970126582278481	0	11.728813559322	0	0.977377300613497	0.029873417721519	1	0.970126582278481	-	0.957369942196532	0.984836802878437	0.984950040498746	0.942026261693407	0.970126582278481	161991
MMSeqs2	20.7537250444311	9.70000000000019e-10	1916	59	633	0	1	0.0852601156069364	0	0.914739884393064	0.970126582278481	0	11.728813559322	0	0.977377300613497	0.029873417721519	1	0.970126582278481	-	0.957369942196532	0.984836802878437	0.984950040498746	0.942026261693407	0.970126582278481	161570
MMSeqs2	20.7958365297812	9.30000000000042e-10	1916	59	633	0	1	0.0852601156069364	0	0.914739884393064	0.970126582278481	0	11.728813559322	0	0.977377300613497	0.029873417721519	1	0.970126582278481	-	0.957369942196532	0.984836802878437	0.984950040498746	0.942026261693407	0.970126582278481	161162
MMSeqs2	20.8375549833485	8.92000000000034e-10	1916	59	633	0	1	0.0852601156069364	0	0.914739884393064	0.970126582278481	0	11.728813559322	0	0.977377300613497	0.029873417721519	1	0.970126582278481	-	0.957369942196532	0.984836802878437	0.984950040498746	0.942026261693407	0.970126582278481	160747
MMSeqs2	20.8799196469918	8.54999999999988e-10	1916	59	633	0	1	0.0852601156069364	0	0.914739884393064	0.970126582278481	0	11.728813559322	0	0.977377300613497	0.029873417721519	1	0.970126582278481	-	0.957369942196532	0.984836802878437	0.984950040498746	0.942026261693407	0.970126582278481	160313
MMSeqs2	20.9156377295939	8.24999999999973e-10	1916	59	633	0	1	0.0852601156069364	0	0.914739884393064	0.970126582278481	0	11.728813559322	0	0.977377300613497	0.029873417721519	1	0.970126582278481	-	0.957369942196532	0.984836802878437	0.984950040498746	0.942026261693407	0.970126582278481	159887
MMSeqs2	20.9489125184787	7.98000000000031e-10	1916	56	636	0	1	0.0809248554913295	0	0.919075144508671	0.971602434077079	0	12.3571428571429	0	0.978527607361963	0.0283975659229209	1	0.971602434077079	-	0.959537572254335	0.98559670781893	0.985698957124882	0.944973887207667	0.971602434077079	159506
MMSeqs2	20.9717271962449	7.80000000000009e-10	1916	56	636	0	1	0.0809248554913295	0	0.919075144508671	0.971602434077079	0	12.3571428571429	0	0.978527607361963	0.0283975659229209	1	0.971602434077079	-	0.959537572254335	0.98559670781893	0.985698957124882	0.944973887207667	0.971602434077079	159090
MMSeqs2	20.9977026826482	7.59999999999979e-10	1916	56	636	0	1	0.0809248554913295	0	0.919075144508671	0.971602434077079	0	12.3571428571429	0	0.978527607361963	0.0283975659229209	1	0.971602434077079	-	0.959537572254335	0.98559670781893	0.985698957124882	0.944973887207667	0.971602434077079	158656
MMSeqs2	21.0311506167157	7.35000000000009e-10	1916	55	637	0	1	0.0794797687861272	0	0.920520231213873	0.972095383054287	0	12.5818181818182	0	0.978911042944785	0.0279046169457128	1	0.972095383054287	-	0.960260115606936	0.985850270131207	0.985948975887843	0.945956376780172	0.972095383054287	158269
MMSeqs2	21.0657561458932	7.09999999999991e-10	1916	55	637	0	1	0.0794797687861272	0	0.920520231213873	0.972095383054287	0	12.5818181818182	0	0.978911042944785	0.0279046169457128	1	0.972095383054287	-	0.960260115606936	0.985850270131207	0.985948975887843	0.945956376780172	0.972095383054287	157806
MMSeqs2	21.1103999883699	6.78999999999968e-10	1916	55	637	0	1	0.0794797687861272	0	0.920520231213873	0.972095383054287	0	12.5818181818182	0	0.978911042944785	0.0279046169457128	1	0.972095383054287	-	0.960260115606936	0.985850270131207	0.985948975887843	0.945956376780172	0.972095383054287	157413
MMSeqs2	21.15251147372	6.50999999999986e-10	1916	55	637	0	1	0.0794797687861272	0	0.920520231213873	0.972095383054287	0	12.5818181818182	0	0.978911042944785	0.0279046169457128	1	0.972095383054287	-	0.960260115606936	0.985850270131207	0.985948975887843	0.945956376780172	0.972095383054287	157002
MMSeqs2	21.1932694661921	6.2500000000003e-10	1916	55	637	0	1	0.0794797687861272	0	0.920520231213873	0.972095383054287	0	12.5818181818182	0	0.978911042944785	0.0279046169457128	1	0.972095383054287	-	0.960260115606936	0.985850270131207	0.985948975887843	0.945956376780172	0.972095383054287	156605
MMSeqs2	21.2340914607124	6.00000000000002e-10	1916	55	637	0	1	0.0794797687861272	0	0.920520231213873	0.972095383054287	0	12.5818181818182	0	0.978911042944785	0.0279046169457128	1	0.972095383054287	-	0.960260115606936	0.985850270131207	0.985948975887843	0.945956376780172	0.972095383054287	156198
MMSeqs2	21.2611201331003	5.84000000000013e-10	1916	55	637	0	1	0.0794797687861272	0	0.920520231213873	0.972095383054287	0	12.5818181818182	0	0.978911042944785	0.0279046169457128	1	0.972095383054287	-	0.960260115606936	0.985850270131207	0.985948975887843	0.945956376780172	0.972095383054287	155833
MMSeqs2	21.2977414877889	5.62999999999976e-10	1916	55	637	0	1	0.0794797687861272	0	0.920520231213873	0.972095383054287	0	12.5818181818182	0	0.978911042944785	0.0279046169457128	1	0.972095383054287	-	0.960260115606936	0.985850270131207	0.985948975887843	0.945956376780172	0.972095383054287	155343
MMSeqs2	21.3376018370821	5.40999999999982e-10	1916	54	638	0	1	0.0780346820809249	0	0.921965317919075	0.97258883248731	0	12.8148148148148	0	0.979294478527607	0.0274111675126904	1	0.97258883248731	-	0.960982658959538	0.986103962943901	0.986199184996271	0.946938842876722	0.97258883248731	154927
MMSeqs2	21.3771923043531	5.19999999999988e-10	1916	54	638	0	1	0.0780346820809249	0	0.921965317919075	0.97258883248731	0	12.8148148148148	0	0.979294478527607	0.0274111675126904	1	0.97258883248731	-	0.960982658959538	0.986103962943901	0.986199184996271	0.946938842876722	0.97258883248731	154534
MMSeqs2	21.4284855987406	4.94000000000012e-10	1916	54	638	0	1	0.0780346820809249	0	0.921965317919075	0.97258883248731	0	12.8148148148148	0	0.979294478527607	0.0274111675126904	1	0.97258883248731	-	0.960982658959538	0.986103962943901	0.986199184996271	0.946938842876722	0.97258883248731	154135
MMSeqs2	21.474042130343	4.71999999999996e-10	1916	54	638	0	1	0.0780346820809249	0	0.921965317919075	0.97258883248731	0	12.8148148148148	0	0.979294478527607	0.0274111675126904	1	0.97258883248731	-	0.960982658959538	0.986103962943901	0.986199184996271	0.946938842876722	0.97258883248731	153682
MMSeqs2	21.5072133818329	4.56599999999978e-10	1916	52	640	0	1	0.0751445086705202	0	0.92485549132948	0.973577235772358	0	13.3076923076923	0	0.980061349693252	0.0264227642276423	1	0.973577235772358	-	0.96242774566474	0.986611740473738	0.986700175216544	0.948903710993608	0.973577235772358	153295
MMSeqs2	21.5397112338508	4.42000000000023e-10	1916	50	642	0	1	0.0722543352601156	0	0.927745664739884	0.974567650050865	0	13.84	0	0.980828220858896	0.0254323499491353	1	0.974567650050865	-	0.963872832369942	0.987120041215868	0.987201929724038	0.950868504226755	0.974567650050865	152884
MMSeqs2	21.5674684924263	4.29900000000005e-10	1916	50	642	0	1	0.0722543352601156	0	0.927745664739884	0.974567650050865	0	13.84	0	0.980828220858896	0.0254323499491353	1	0.974567650050865	-	0.963872832369942	0.987120041215868	0.987201929724038	0.950868504226755	0.974567650050865	152471
MMSeqs2	21.6051551421032	4.14000000000014e-10	1916	46	646	0	1	0.0664739884393064	0	0.933526011560694	0.976554536187564	0	15.0434782608696	0	0.982361963190184	0.0234454638124363	1	0.976554536187564	-	0.966763005780347	0.988138215575039	0.988207739388619	0.954797916440269	0.976554536187564	152113
MMSeqs2	21.6420596990387	3.98999999999994e-10	1916	46	646	0	1	0.0664739884393064	0	0.933526011560694	0.976554536187564	0	15.0434782608696	0	0.982361963190184	0.0234454638124363	1	0.976554536187564	-	0.966763005780347	0.988138215575039	0.988207739388619	0.954797916440269	0.976554536187564	151615
MMSeqs2	21.6882217408018	3.81000000000018e-10	1916	46	646	0	1	0.0664739884393064	0	0.933526011560694	0.976554536187564	0	15.0434782608696	0	0.982361963190184	0.0234454638124363	1	0.976554536187564	-	0.966763005780347	0.988138215575039	0.988207739388619	0.954797916440269	0.976554536187564	151261
MMSeqs2	21.7338672482918	3.64000000000002e-10	1916	46	646	0	1	0.0664739884393064	0	0.933526011560694	0.976554536187564	0	15.0434782608696	0	0.982361963190184	0.0234454638124363	1	0.976554536187564	-	0.966763005780347	0.988138215575039	0.988207739388619	0.954797916440269	0.976554536187564	150825
MMSeqs2	21.7730879614451	3.49999999999996e-10	1916	46	646	0	1	0.0664739884393064	0	0.933526011560694	0.976554536187564	0	15.0434782608696	0	0.982361963190184	0.0234454638124363	1	0.976554536187564	-	0.966763005780347	0.988138215575039	0.988207739388619	0.954797916440269	0.976554536187564	150398
MMSeqs2	21.8079752204455	3.3800000000001e-10	1916	46	646	0	1	0.0664739884393064	0	0.933526011560694	0.976554536187564	0	15.0434782608696	0	0.982361963190184	0.0234454638124363	1	0.976554536187564	-	0.966763005780347	0.988138215575039	0.988207739388619	0.954797916440269	0.976554536187564	150026
MMSeqs2	21.8410609450313	3.26999999999999e-10	1916	44	648	0	1	0.0635838150289017	0	0.936416184971098	0.977551020408163	0	15.7272727272727	0	0.983128834355828	0.0224489795918367	1	0.977551020408163	-	0.968208092485549	0.988648090815273	0.988711798457044	0.956762560484688	0.977551020408163	149578
MMSeqs2	21.8787659878216	3.14899999999991e-10	1916	43	649	0	1	0.0621387283236994	0	0.937861271676301	0.978050025523226	0	16.093023255814	0	0.98351226993865	0.0219499744767739	1	0.978050025523226	-	0.96893063583815	0.988903225806452	0.988964117409336	0.957744872447904	0.978050025523226	149166
MMSeqs2	21.9172883104192	3.02999999999994e-10	1916	43	649	0	1	0.0621387283236994	0	0.937861271676301	0.978050025523226	0	16.093023255814	0	0.98351226993865	0.0219499744767739	1	0.978050025523226	-	0.96893063583815	0.988903225806452	0.988964117409336	0.957744872447904	0.978050025523226	148727
MMSeqs2	21.961140192948	2.90000000000008e-10	1916	43	649	0	1	0.0621387283236994	0	0.937861271676301	0.978050025523226	0	16.093023255814	0	0.98351226993865	0.0219499744767739	1	0.978050025523226	-	0.96893063583815	0.988903225806452	0.988964117409336	0.957744872447904	0.978050025523226	148349
MMSeqs2	22.0106202502114	2.76e-10	1916	42	650	0	1	0.0606936416184971	0	0.939306358381503	0.978549540347293	0	16.4761904761905	0	0.983895705521472	0.0214504596527068	1	0.978549540347293	-	0.969653179190751	0.989158492514197	0.989216629635437	0.958727179775096	0.978549540347293	147943
MMSeqs2	22.0588670837508	2.62999999999995e-10	1916	42	650	0	1	0.0606936416184971	0	0.939306358381503	0.978549540347293	0	16.4761904761905	0	0.983895705521472	0.0214504596527068	1	0.978549540347293	-	0.969653179190751	0.989158492514197	0.989216629635437	0.958727179775096	0.978549540347293	147479
MMSeqs2	22.0897575707701	2.55000000000006e-10	1916	40	652	0	1	0.0578034682080925	0	0.942196531791908	0.979550102249489	0	17.3	0	0.984662576687117	0.0204498977505112	1	0.979550102249489	-	0.971098265895954	0.989669421487603	0.989722234896988	0.960691786711991	0.979550102249489	147218
MMSeqs2	22.1256895799962	2.45999999999996e-10	1916	38	654	0	1	0.0549132947976879	0	0.945086705202312	0.980552712384852	0	18.2105263157895	0	0.985429447852761	0.0194472876151484	1	0.980552712384851	-	0.972543352601156	0.990180878552972	0.990228616221957	0.962656393644684	0.980552712384852	146673
MMSeqs2	22.1671893109029	2.36000000000009e-10	1916	33	659	0	1	0.0476878612716763	0	0.952312138728324	0.98306824012314	0	20.969696969697	0	0.987346625766871	0.0169317598768599	1	0.98306824012314	-	0.976156069364162	0.991461836998706	0.991497977871433	0.967567991547652	0.98306824012314	146294
MMSeqs2	22.2060710984471	2.2700000000001e-10	1916	33	659	0	1	0.0476878612716763	0	0.952312138728324	0.98306824012314	0	20.969696969697	0	0.987346625766871	0.0169317598768599	1	0.98306824012314	-	0.976156069364162	0.991461836998706	0.991497977871433	0.967567991547652	0.98306824012314	145900
MMSeqs2	22.2557427082444	2.15999999999996e-10	1916	33	659	0	1	0.0476878612716763	0	0.952312138728324	0.98306824012314	0	20.969696969697	0	0.987346625766871	0.0169317598768599	1	0.98306824012314	-	0.976156069364162	0.991461836998706	0.991497977871433	0.967567991547652	0.98306824012314	145451
MMSeqs2	22.3080111367901	2.05000000000008e-10	1916	33	659	0	1	0.0476878612716763	0	0.952312138728324	0.98306824012314	0	20.969696969697	0	0.987346625766871	0.0169317598768599	1	0.98306824012314	-	0.976156069364162	0.991461836998706	0.991497977871433	0.967567991547652	0.98306824012314	145102
MMSeqs2	22.3478173871906	1.96999999999992e-10	1916	33	659	0	1	0.0476878612716763	0	0.952312138728324	0.98306824012314	0	20.969696969697	0	0.987346625766871	0.0169317598768599	1	0.98306824012314	-	0.976156069364162	0.991461836998706	0.991497977871433	0.967567991547652	0.98306824012314	144627
MMSeqs2	22.3839970437681	1.89999999999993e-10	1916	32	660	0	1	0.046242774566474	0	0.953757225433526	0.983572895277207	0	21.625	0	0.987730061349693	0.0164271047227926	1	0.983572895277207	-	0.976878612716763	0.991718426501035	0.99175243648665	0.968550337159205	0.983572895277207	144119
MMSeqs2	22.4160853583196	1.83999999999993e-10	1916	30	662	0	1	0.0433526011560694	0	0.956647398843931	0.984583761562179	0	23.0666666666667	0	0.988496932515337	0.0154162384378212	1	0.984583761562179	-	0.978323699421965	0.992232004142931	0.992261942010364	0.970515066571576	0.984583761562179	143781
MMSeqs2	22.4605371208904	1.75999999999999e-10	1916	24	668	0	1	0.0346820809248555	0	0.965317919075145	0.987628865979381	0	28.8333333333333	0	0.99079754601227	0.0123711340206186	1	0.987628865979381	-	0.982658959537572	0.993775933609959	0.993795183113393	0.976409669004645	0.987628865979381	143333
MMSeqs2	22.4958110872507	1.69899999999993e-10	1916	24	668	0	1	0.0346820809248555	0	0.965317919075145	0.987628865979381	0	28.8333333333333	0	0.99079754601227	0.0123711340206186	1	0.987628865979381	-	0.982658959537572	0.993775933609959	0.993795183113393	0.976409669004645	0.987628865979381	142981
MMSeqs2	22.5496167509441	1.60999999999998e-10	1916	22	670	0	1	0.0317919075144509	0	0.968208092485549	0.988648090815273	0	31.4545454545455	0	0.991564417177914	0.0113519091847265	1	0.988648090815273	-	0.984104046242775	0.99429164504411	0.994307845093899	0.978374714589321	0.988648090815273	142540
MMSeqs2	22.6005831945361	1.53000000000002e-10	1916	22	670	0	1	0.0317919075144509	0	0.968208092485549	0.988648090815273	0	31.4545454545455	0	0.991564417177914	0.0113519091847265	1	0.988648090815273	-	0.984104046242775	0.99429164504411	0.994307845093899	0.978374714589321	0.988648090815273	142168
MMSeqs2	22.6405885291498	1.47000000000002e-10	1916	22	670	0	1	0.0317919075144509	0	0.968208092485549	0.988648090815273	0	31.4545454545455	0	0.991564417177914	0.0113519091847265	1	0.988648090815273	-	0.984104046242775	0.99429164504411	0.994307845093899	0.978374714589321	0.988648090815273	141814
MMSeqs2	22.6751940583273	1.41999999999998e-10	1916	21	671	0	1	0.0303468208092486	0	0.969653179190751	0.989158492514197	0	32.952380952381	0	0.991947852760736	0.0108415074858028	1	0.989158492514197	-	0.984826589595376	0.994549701531274	0.994564473784479	0.979357277498831	0.989158492514197	141313
MMSeqs2	22.7183662301925	1.35999999999999e-10	1916	20	672	0	1	0.0289017341040462	0	0.971098265895954	0.989669421487603	0	34.6	0	0.992331288343558	0.0103305785123967	1	0.989669421487603	-	0.985549132947977	0.994807892004154	0.994821301283604	0.98033986913563	0.989669421487603	140913
MMSeqs2	22.7558237927274	1.30999999999999e-10	1916	20	672	0	1	0.0289017341040462	0	0.971098265895954	0.989669421487603	0	34.6	0	0.992331288343558	0.0103305785123967	1	0.989669421487603	-	0.985549132947977	0.994807892004154	0.994821301283604	0.98033986913563	0.989669421487603	140503
MMSeqs2	22.8051102632426	1.24699999999995e-10	1916	20	672	0	1	0.0289017341040462	0	0.971098265895954	0.989669421487603	0	34.6	0	0.992331288343558	0.0103305785123967	1	0.989669421487603	-	0.985549132947977	0.994807892004154	0.994821301283604	0.98033986913563	0.989669421487603	140098
MMSeqs2	22.8603364914629	1.17999999999998e-10	1916	20	672	0	1	0.0289017341040462	0	0.971098265895954	0.989669421487603	0	34.6	0	0.992331288343558	0.0103305785123967	1	0.989669421487603	-	0.985549132947977	0.994807892004154	0.994821301283604	0.98033986913563	0.989669421487603	139635
MMSeqs2	22.9018649501595	1.13199999999996e-10	1916	20	672	0	1	0.0289017341040462	0	0.971098265895954	0.989669421487603	0	34.6	0	0.992331288343558	0.0103305785123967	1	0.989669421487603	-	0.985549132947977	0.994807892004154	0.994821301283604	0.98033986913563	0.989669421487603	139271
MMSeqs2	22.9488898888043	1.08000000000003e-10	1916	20	672	0	1	0.0289017341040462	0	0.971098265895954	0.989669421487603	0	34.6	0	0.992331288343558	0.0103305785123967	1	0.989669421487603	-	0.985549132947977	0.994807892004154	0.994821301283604	0.98033986913563	0.989669421487603	138892
MMSeqs2	22.9866302167872	1.03999999999997e-10	1916	18	674	0	1	0.0260115606936416	0	0.973988439306358	0.990692864529473	0	38.4444444444444	0	0.993098159509202	0.0093071354705274	1	0.990692864529473	-	0.986994219653179	0.995324675324675	0.995335553735258	0.982305144522315	0.990692864529473	138411
MMSeqs2	23.029858951338	9.95999999999996e-11	1916	18	674	0	1	0.0260115606936416	0	0.973988439306358	0.990692864529473	0	38.4444444444444	0	0.993098159509202	0.0093071354705274	1	0.990692864529473	-	0.986994219653179	0.995324675324675	0.995335553735258	0.982305144522315	0.990692864529473	138019
MMSeqs2	23.0739913052684	9.52999999999992e-11	1916	18	674	0	1	0.0260115606936416	0	0.973988439306358	0.990692864529473	0	38.4444444444444	0	0.993098159509202	0.0093071354705274	1	0.990692864529473	-	0.986994219653179	0.995324675324675	0.995335553735258	0.982305144522315	0.990692864529473	137618
MMSeqs2	23.1311003406596	9.00099999999959e-11	1916	18	674	0	1	0.0260115606936416	0	0.973988439306358	0.990692864529473	0	38.4444444444444	0	0.993098159509202	0.0093071354705274	1	0.990692864529473	-	0.986994219653179	0.995324675324675	0.995335553735258	0.982305144522315	0.990692864529473	137204
MMSeqs2	23.176673819675	8.60000000000036e-11	1916	15	677	0	1	0.0216763005780347	0	0.978323699421965	0.992232004142931	0	46.1333333333333	0	0.994248466257669	0.00776799585706888	1	0.992232004142931	-	0.989161849710983	0.996100857811282	0.996108429912593	0.985253310056852	0.992232004142931	136796
MMSeqs2	23.2097737681014	8.31999999999988e-11	1916	15	677	0	1	0.0216763005780347	0	0.978323699421965	0.992232004142931	0	46.1333333333333	0	0.994248466257669	0.00776799585706888	1	0.992232004142931	-	0.989161849710983	0.996100857811282	0.996108429912593	0.985253310056852	0.992232004142931	136366
MMSeqs2	23.2489944812547	7.99999999999972e-11	1916	15	677	0	1	0.0216763005780347	0	0.978323699421965	0.992232004142931	0	46.1333333333333	0	0.994248466257669	0.00776799585706888	1	0.992232004142931	-	0.989161849710983	0.996100857811282	0.996108429912593	0.985253310056852	0.992232004142931	135936
MMSeqs2	23.2872156940749	7.69999999999974e-11	1916	15	677	0	1	0.0216763005780347	0	0.978323699421965	0.992232004142931	0	46.1333333333333	0	0.994248466257669	0.00776799585706888	1	0.992232004142931	-	0.989161849710983	0.996100857811282	0.996108429912593	0.985253310056852	0.992232004142931	135552
MMSeqs2	23.3364605070359	7.33000000000032e-11	1916	14	678	0	1	0.0202312138728324	0	0.979768786127168	0.992746113989637	0	49.4285714285714	0	0.994631901840491	0.00725388601036269	1	0.992746113989637	-	0.989884393063584	0.996359854394176	0.996366455672629	0.986236105116868	0.992746113989637	135148
MMSeqs2	23.3802427678646	7.01600000000014e-11	1916	14	678	0	1	0.0202312138728324	0	0.979768786127168	0.992746113989637	0	49.4285714285714	0	0.994631901840491	0.00725388601036269	1	0.992746113989637	-	0.989884393063584	0.996359854394176	0.996366455672629	0.986236105116868	0.992746113989637	134729
MMSeqs2	23.4338191682667	6.65000000000025e-11	1916	14	678	0	1	0.0202312138728324	0	0.979768786127168	0.992746113989637	0	49.4285714285714	0	0.994631901840491	0.00725388601036269	1	0.992746113989637	-	0.989884393063584	0.996359854394176	0.996366455672629	0.986236105116868	0.992746113989637	134316
MMSeqs2	23.4784076455825	6.35999999999982e-11	1916	14	678	0	1	0.0202312138728324	0	0.979768786127168	0.992746113989637	0	49.4285714285714	0	0.994631901840491	0.00725388601036269	1	0.992746113989637	-	0.989884393063584	0.996359854394176	0.996366455672629	0.986236105116868	0.992746113989637	133872
MMSeqs2	23.5237603284399	6.07800000000002e-11	1916	14	678	0	1	0.0202312138728324	0	0.979768786127168	0.992746113989637	0	49.4285714285714	0	0.994631901840491	0.00725388601036269	1	0.992746113989637	-	0.989884393063584	0.996359854394176	0.996366455672629	0.986236105116868	0.992746113989637	133487
MMSeqs2	23.556879261024	5.8799999999998e-11	1916	13	679	0	1	0.0187861271676301	0	0.98121387283237	0.993260756868844	0	53.2307692307692	0	0.995015337423313	0.00673924313115604	1	0.993260756868844	-	0.990606936416185	0.996618985695709	0.996624682048786	0.987218939232676	0.993260756868844	133059
MMSeqs2	23.612837914672	5.56000000000007e-11	1916	13	679	0	1	0.0187861271676301	0	0.98121387283237	0.993260756868844	0	53.2307692307692	0	0.995015337423313	0.00673924313115604	1	0.993260756868844	-	0.990606936416185	0.996618985695709	0.996624682048786	0.987218939232676	0.993260756868844	132668
MMSeqs2	23.6607292023764	5.30000000000013e-11	1916	13	679	0	1	0.0187861271676301	0	0.98121387283237	0.993260756868844	0	53.2307692307692	0	0.995015337423313	0.00673924313115604	1	0.993260756868844	-	0.990606936416185	0.996618985695709	0.996624682048786	0.987218939232676	0.993260756868844	132256
MMSeqs2	23.7110299408512	5.04000000000012e-11	1916	13	679	0	1	0.0187861271676301	0	0.98121387283237	0.993260756868844	0	53.2307692307692	0	0.995015337423313	0.00673924313115604	1	0.993260756868844	-	0.990606936416185	0.996618985695709	0.996624682048786	0.987218939232676	0.993260756868844	131838
MMSeqs2	23.7577389388168	4.81000000000016e-11	1916	13	679	0	1	0.0187861271676301	0	0.98121387283237	0.993260756868844	0	53.2307692307692	0	0.995015337423313	0.00673924313115604	1	0.993260756868844	-	0.990606936416185	0.996618985695709	0.996624682048786	0.987218939232676	0.993260756868844	131458
MMSeqs2	23.8023797194395	4.59999999999978e-11	1916	13	679	0	1	0.0187861271676301	0	0.98121387283237	0.993260756868844	0	53.2307692307692	0	0.995015337423313	0.00673924313115604	1	0.993260756868844	-	0.990606936416185	0.996618985695709	0.996624682048786	0.987218939232676	0.993260756868844	130999
MMSeqs2	23.8491067958474	4.39000000000009e-11	1916	12	680	0	1	0.0173410404624277	0	0.982658959537572	0.993775933609959	0	57.6666666666667	0	0.995398773006135	0.00622406639004149	1	0.993775933609959	-	0.991329479768786	0.99687825182102	0.996883109301165	0.988201813869334	0.993775933609959	130619
MMSeqs2	23.9005199871238	4.16999999999997e-11	1916	12	680	0	1	0.0173410404624277	0	0.982658959537572	0.993775933609959	0	57.6666666666667	0	0.995398773006135	0.00622406639004149	1	0.993775933609959	-	0.991329479768786	0.99687825182102	0.996883109301165	0.988201813869334	0.993775933609959	130173
MMSeqs2	23.9547204440215	3.94999999999989e-11	1916	12	680	0	1	0.0173410404624277	0	0.982658959537572	0.993775933609959	0	57.6666666666667	0	0.995398773006135	0.00622406639004149	1	0.993775933609959	-	0.991329479768786	0.99687825182102	0.996883109301165	0.988201813869334	0.993775933609959	129758
MMSeqs2	24.0093504115081	3.73999999999986e-11	1916	12	680	0	1	0.0173410404624277	0	0.982658959537572	0.993775933609959	0	57.6666666666667	0	0.995398773006135	0.00622406639004149	1	0.993775933609959	-	0.991329479768786	0.99687825182102	0.996883109301165	0.988201813869334	0.993775933609959	129337
MMSeqs2	24.0475021774724	3.60000000000014e-11	1916	12	680	0	1	0.0173410404624277	0	0.982658959537572	0.993775933609959	0	57.6666666666667	0	0.995398773006135	0.00622406639004149	1	0.993775933609959	-	0.991329479768786	0.99687825182102	0.996883109301165	0.988201813869334	0.993775933609959	128962
MMSeqs2	24.0958757617567	3.42999999999984e-11	1916	12	680	0	1	0.0173410404624277	0	0.982658959537572	0.993775933609959	0	57.6666666666667	0	0.995398773006135	0.00622406639004149	1	0.993775933609959	-	0.991329479768786	0.99687825182102	0.996883109301165	0.988201813869334	0.993775933609959	128490
MMSeqs2	24.1513206727784	3.24500000000016e-11	1916	11	681	0	1	0.0158959537572254	0	0.984104046242775	0.99429164504411	0	62.9090909090909	0	0.995782208588957	0.00570835495588998	1	0.99429164504411	-	0.992052023121387	0.997137652875358	0.99714173769034	0.989184730489353	0.99429164504411	128113
MMSeqs2	24.2067584613354	3.06999999999999e-11	1916	11	681	0	1	0.0158959537572254	0	0.984104046242775	0.99429164504411	0	62.9090909090909	0	0.995782208588957	0.00570835495588998	1	0.99429164504411	-	0.992052023121387	0.997137652875358	0.99714173769034	0.989184730489353	0.99429164504411	127661
MMSeqs2	24.2568524066543	2.92000000000004e-11	1916	11	681	0	1	0.0158959537572254	0	0.984104046242775	0.99429164504411	0	62.9090909090909	0	0.995782208588957	0.00570835495588998	1	0.99429164504411	-	0.992052023121387	0.997137652875358	0.99714173769034	0.989184730489353	0.99429164504411	127349
MMSeqs2	24.3204781025345	2.74000000000006e-11	1916	11	681	0	1	0.0158959537572254	0	0.984104046242775	0.99429164504411	0	62.9090909090909	0	0.995782208588957	0.00570835495588998	1	0.99429164504411	-	0.992052023121387	0.997137652875358	0.99714173769034	0.989184730489353	0.99429164504411	126873
MMSeqs2	24.3576571057763	2.63999999999994e-11	1916	11	681	0	1	0.0158959537572254	0	0.984104046242775	0.99429164504411	0	62.9090909090909	0	0.995782208588957	0.00570835495588998	1	0.99429164504411	-	0.992052023121387	0.997137652875358	0.99714173769034	0.989184730489353	0.99429164504411	126440
MMSeqs2	24.4002167201951	2.52999999999993e-11	1916	11	681	0	1	0.0158959537572254	0	0.984104046242775	0.99429164504411	0	62.9090909090909	0	0.995782208588957	0.00570835495588998	1	0.99429164504411	-	0.992052023121387	0.997137652875358	0.99714173769034	0.989184730489353	0.99429164504411	126038
MMSeqs2	24.4655460677875	2.36999999999991e-11	1916	11	681	0	1	0.0158959537572254	0	0.984104046242775	0.99429164504411	0	62.9090909090909	0	0.995782208588957	0.00570835495588998	1	0.99429164504411	-	0.992052023121387	0.997137652875358	0.99714173769034	0.989184730489353	0.99429164504411	125545
MMSeqs2	24.5086561914412	2.26999999999998e-11	1916	11	681	0	1	0.0158959537572254	0	0.984104046242775	0.99429164504411	0	62.9090909090909	0	0.995782208588957	0.00570835495588998	1	0.99429164504411	-	0.992052023121387	0.997137652875358	0.99714173769034	0.989184730489353	0.99429164504411	125184
MMSeqs2	24.5583278012384	2.16000000000007e-11	1916	9	683	0	1	0.0130057803468208	0	0.986994219653179	0.995324675324675	0	76.8888888888889	0	0.996549079754601	0.00467532467532468	1	0.995324675324675	-	0.99349710982659	0.997656860192658	0.997659598923739	0.991150695516899	0.995324675324675	124829
MMSeqs2	24.605730040133	2.06000000000003e-11	1916	9	683	0	1	0.0130057803468208	0	0.986994219653179	0.995324675324675	0	76.8888888888889	0	0.996549079754601	0.00467532467532468	1	0.995324675324675	-	0.99349710982659	0.997656860192658	0.997659598923739	0.991150695516899	0.995324675324675	124424
MMSeqs2	24.6403013841981	1.99e-11	1916	9	683	0	1	0.0130057803468208	0	0.986994219653179	0.995324675324675	0	76.8888888888889	0	0.996549079754601	0.00467532467532468	1	0.995324675324675	-	0.99349710982659	0.997656860192658	0.997659598923739	0.991150695516899	0.995324675324675	124016
MMSeqs2	24.691859193863	1.88999999999991e-11	1916	7	685	0	1	0.0101156069364162	0	0.989884393063584	0.996359854394176	0	98.8571428571429	0	0.997315950920245	0.00364014560582423	1	0.996359854394176	-	0.994942196531792	0.998176608491795	0.998178267843062	0.993116845965216	0.996359854394176	123525
MMSeqs2	24.7574564763488	1.76999999999994e-11	1916	6	686	0	1	0.00867052023121387	0	0.991329479768786	0.99687825182102	0	115.333333333333	0	0.997699386503067	0.00312174817898023	1	0.99687825182102	-	0.995664739884393	0.998436685773841	0.99843790584143	0.994099994351951	0.99687825182102	123118
MMSeqs2	24.8037074939995	1.69000000000003e-11	1916	6	686	0	1	0.00867052023121387	0	0.991329479768786	0.99687825182102	0	115.333333333333	0	0.997699386503067	0.00312174817898023	1	0.99687825182102	-	0.995664739884393	0.998436685773841	0.99843790584143	0.994099994351951	0.99687825182102	122787
MMSeqs2	24.8647020067024	1.58999999999994e-11	1916	6	686	0	1	0.00867052023121387	0	0.991329479768786	0.99687825182102	0	115.333333333333	0	0.997699386503067	0.00312174817898023	1	0.99687825182102	-	0.995664739884393	0.998436685773841	0.99843790584143	0.994099994351951	0.99687825182102	122297
MMSeqs2	24.9097256880763	1.52000000000003e-11	1916	6	686	0	1	0.00867052023121387	0	0.991329479768786	0.99687825182102	0	115.333333333333	0	0.997699386503067	0.00312174817898023	1	0.99687825182102	-	0.995664739884393	0.998436685773841	0.99843790584143	0.994099994351951	0.99687825182102	121926
MMSeqs2	24.9707615786627	1.42999999999998e-11	1916	6	686	0	1	0.00867052023121387	0	0.991329479768786	0.99687825182102	0	115.333333333333	0	0.997699386503067	0.00312174817898023	1	0.99687825182102	-	0.995664739884393	0.998436685773841	0.99843790584143	0.994099994351951	0.99687825182102	121497
MMSeqs2	25.0432570807008	1.33000000000005e-11	1916	6	686	0	1	0.00867052023121387	0	0.991329479768786	0.99687825182102	0	115.333333333333	0	0.997699386503067	0.00312174817898023	1	0.99687825182102	-	0.995664739884393	0.998436685773841	0.99843790584143	0.994099994351951	0.99687825182102	121090
MMSeqs2	25.0957382588155	1.26199999999997e-11	1916	6	686	0	1	0.00867052023121387	0	0.991329479768786	0.99687825182102	0	115.333333333333	0	0.997699386503067	0.00312174817898023	1	0.99687825182102	-	0.995664739884393	0.998436685773841	0.99843790584143	0.994099994351951	0.99687825182102	120670
MMSeqs2	25.1629215844569	1.18000000000003e-11	1916	6	686	0	1	0.00867052023121387	0	0.991329479768786	0.99687825182102	0	115.333333333333	0	0.997699386503067	0.00312174817898023	1	0.99687825182102	-	0.995664739884393	0.998436685773841	0.99843790584143	0.994099994351951	0.99687825182102	120262
MMSeqs2	25.1974077605281	1.14e-11	1916	6	686	0	1	0.00867052023121387	0	0.991329479768786	0.99687825182102	0	115.333333333333	0	0.997699386503067	0.00312174817898023	1	0.99687825182102	-	0.995664739884393	0.998436685773841	0.99843790584143	0.994099994351951	0.99687825182102	119817
MMSeqs2	25.2468560359421	1.08499999999998e-11	1916	5	687	0	1	0.00722543352601156	0	0.992774566473988	0.997397188964081	0	138.4	0	0.99808282208589	0.00260281103591879	1	0.997397188964081	-	0.996387283236994	0.998696898618713	0.998697746550017	0.995083193444744	0.997397188964081	119431
MMSeqs2	25.3184856920813	1.01000000000003e-11	1916	5	687	0	1	0.00722543352601156	0	0.992774566473988	0.997397188964081	0	138.4	0	0.99808282208589	0.00260281103591879	1	0.997397188964081	-	0.996387283236994	0.998696898618713	0.998697746550017	0.995083193444744	0.997397188964081	119038
MMSeqs2	25.3641668328903	9.649e-12	1916	5	687	0	1	0.00722543352601156	0	0.992774566473988	0.997397188964081	0	138.4	0	0.99808282208589	0.00260281103591879	1	0.997397188964081	-	0.996387283236994	0.998696898618713	0.998697746550017	0.995083193444744	0.997397188964081	118607
MMSeqs2	25.4282563582167	9.05000000000012e-12	1916	5	687	0	1	0.00722543352601156	0	0.992774566473988	0.997397188964081	0	138.4	0	0.99808282208589	0.00260281103591879	1	0.997397188964081	-	0.996387283236994	0.998696898618713	0.998697746550017	0.995083193444744	0.997397188964081	118194
MMSeqs2	25.4804223799324	8.58999999999987e-12	1916	5	687	0	1	0.00722543352601156	0	0.992774566473988	0.997397188964081	0	138.4	0	0.99808282208589	0.00260281103591879	1	0.997397188964081	-	0.996387283236994	0.998696898618713	0.998697746550017	0.995083193444744	0.997397188964081	117744
MMSeqs2	25.520807915582	8.24999999999965e-12	1916	5	687	0	1	0.00722543352601156	0	0.992774566473988	0.997397188964081	0	138.4	0	0.99808282208589	0.00260281103591879	1	0.997397188964081	-	0.996387283236994	0.998696898618713	0.998697746550017	0.995083193444744	0.997397188964081	117358
MMSeqs2	25.5937045005494	7.66999999999987e-12	1916	5	687	0	1	0.00722543352601156	0	0.992774566473988	0.997397188964081	0	138.4	0	0.99808282208589	0.00260281103591879	1	0.997397188964081	-	0.996387283236994	0.998696898618713	0.998697746550017	0.995083193444744	0.997397188964081	116935
MMSeqs2	25.6569400899065	7.20000000000029e-12	1916	5	687	0	1	0.00722543352601156	0	0.992774566473988	0.997397188964081	0	138.4	0	0.99808282208589	0.00260281103591879	1	0.997397188964081	-	0.996387283236994	0.998696898618713	0.998697746550017	0.995083193444744	0.997397188964081	116542
MMSeqs2	25.7185200290044	6.76999999999977e-12	1916	5	687	0	1	0.00722543352601156	0	0.992774566473988	0.997397188964081	0	138.4	0	0.99808282208589	0.00260281103591879	1	0.997397188964081	-	0.996387283236994	0.998696898618713	0.998697746550017	0.995083193444744	0.997397188964081	116122
MMSeqs2	25.7684925758123	6.43999999999991e-12	1916	5	687	0	1	0.00722543352601156	0	0.992774566473988	0.997397188964081	0	138.4	0	0.99808282208589	0.00260281103591879	1	0.997397188964081	-	0.996387283236994	0.998696898618713	0.998697746550017	0.995083193444744	0.997397188964081	115676
MMSeqs2	25.8227323447493	6.09999999999989e-12	1916	5	687	0	1	0.00722543352601156	0	0.992774566473988	0.997397188964081	0	138.4	0	0.99808282208589	0.00260281103591879	1	0.997397188964081	-	0.996387283236994	0.998696898618713	0.998697746550017	0.995083193444744	0.997397188964081	115294
MMSeqs2	25.9029116737769	5.63000000000028e-12	1916	5	687	0	1	0.00722543352601156	0	0.992774566473988	0.997397188964081	0	138.4	0	0.99808282208589	0.00260281103591879	1	0.997397188964081	-	0.996387283236994	0.998696898618713	0.998697746550017	0.995083193444744	0.997397188964081	114894
MMSeqs2	25.9623713438626	5.30500000000001e-12	1916	5	687	0	1	0.00722543352601156	0	0.992774566473988	0.997397188964081	0	138.4	0	0.99808282208589	0.00260281103591879	1	0.997397188964081	-	0.996387283236994	0.998696898618713	0.998697746550017	0.995083193444744	0.997397188964081	114470
MMSeqs2	26.0296153751917	4.96000000000006e-12	1916	5	687	0	1	0.00722543352601156	0	0.992774566473988	0.997397188964081	0	138.4	0	0.99808282208589	0.00260281103591879	1	0.997397188964081	-	0.996387283236994	0.998696898618713	0.998697746550017	0.995083193444744	0.997397188964081	114055
MMSeqs2	26.0707734476852	4.76000000000008e-12	1916	5	687	0	1	0.00722543352601156	0	0.992774566473988	0.997397188964081	0	138.4	0	0.99808282208589	0.00260281103591879	1	0.997397188964081	-	0.996387283236994	0.998696898618713	0.998697746550017	0.995083193444744	0.997397188964081	113647
MMSeqs2	26.1471464264698	4.40999999999997e-12	1916	5	687	0	1	0.00722543352601156	0	0.992774566473988	0.997397188964081	0	138.4	0	0.99808282208589	0.00260281103591879	1	0.997397188964081	-	0.996387283236994	0.998696898618713	0.998697746550017	0.995083193444744	0.997397188964081	113202
MMSeqs2	26.2200341422183	4.09999999999994e-12	1916	5	687	0	1	0.00722543352601156	0	0.992774566473988	0.997397188964081	0	138.4	0	0.99808282208589	0.00260281103591879	1	0.997397188964081	-	0.996387283236994	0.998696898618713	0.998697746550017	0.995083193444744	0.997397188964081	112811
MMSeqs2	26.2751859622934	3.87999999999987e-12	1916	4	688	0	1	0.00578034682080925	0	0.994219653179191	0.997916666666667	0	173	0	0.998466257668712	0.00208333333333333	1	0.997916666666667	-	0.997109826589595	0.99895724713243	0.998957790232734	0.996066444688841	0.997916666666667	112392
MMSeqs2	26.3417884676518	3.62999999999996e-12	1916	4	688	0	1	0.00578034682080925	0	0.994219653179191	0.997916666666667	0	173	0	0.998466257668712	0.00208333333333333	1	0.997916666666667	-	0.997109826589595	0.99895724713243	0.998957790232734	0.996066444688841	0.997916666666667	111987
MMSeqs2	26.401380564854	3.42000000000011e-12	1916	3	689	0	1	0.00433526011560694	0	0.995664739884393	0.998436685773841	0	230.666666666667	0	0.998849693251534	0.00156331422615946	1	0.998436685773841	-	0.997832369942196	0.999217731421121	0.999218037153974	0.997049749527097	0.998436685773841	111586
MMSeqs2	26.4772895280394	3.16999999999987e-12	1916	3	689	0	1	0.00433526011560694	0	0.995664739884393	0.998436685773841	0	230.666666666667	0	0.998849693251534	0.00156331422615946	1	0.998436685773841	-	0.997832369942196	0.999217731421121	0.999218037153974	0.997049749527097	0.998436685773841	111141
MMSeqs2	26.5421225194481	2.97099999999993e-12	1916	2	690	0	1	0.00289017341040462	0	0.997109826589595	0.99895724713243	0	346	0	0.999233128834356	0.00104275286757039	1	0.99895724713243	-	0.998554913294798	0.999478351591028	0.999478487578612	0.998033109400002	0.99895724713243	110747
MMSeqs2	26.5978366325829	2.80999999999998e-12	1916	2	690	0	1	0.00289017341040462	0	0.997109826589595	0.99895724713243	0	346	0	0.999233128834356	0.00104275286757039	1	0.99895724713243	-	0.998554913294798	0.999478351591028	0.999478487578612	0.998033109400002	0.99895724713243	110328
MMSeqs2	26.6526949931349	2.66000000000011e-12	1916	2	690	0	1	0.00289017341040462	0	0.997109826589595	0.99895724713243	0	346	0	0.999233128834356	0.00104275286757039	1	0.99895724713243	-	0.998554913294798	0.999478351591028	0.999478487578612	0.998033109400002	0.99895724713243	109927
MMSeqs2	26.7187384054519	2.49000000000008e-12	1916	2	690	0	1	0.00289017341040462	0	0.997109826589595	0.99895724713243	0	346	0	0.999233128834356	0.00104275286757039	1	0.99895724713243	-	0.998554913294798	0.999478351591028	0.999478487578612	0.998033109400002	0.99895724713243	109530
MMSeqs2	26.7937735913948	2.31000000000011e-12	1916	2	690	0	1	0.00289017341040462	0	0.997109826589595	0.99895724713243	0	346	0	0.999233128834356	0.00104275286757039	1	0.99895724713243	-	0.998554913294798	0.999478351591028	0.999478487578612	0.998033109400002	0.99895724713243	109116
MMSeqs2	26.8609128942325	2.15999999999995e-12	1916	2	690	0	1	0.00289017341040462	0	0.997109826589595	0.99895724713243	0	346	0	0.999233128834356	0.00104275286757039	1	0.99895724713243	-	0.998554913294798	0.999478351591028	0.999478487578612	0.998033109400002	0.99895724713243	108628
MMSeqs2	26.9131813227782	2.05000000000006e-12	1916	2	690	0	1	0.00289017341040462	0	0.997109826589595	0.99895724713243	0	346	0	0.999233128834356	0.00104275286757039	1	0.99895724713243	-	0.998554913294798	0.999478351591028	0.999478487578612	0.998033109400002	0.99895724713243	108284
MMSeqs2	26.96936460246	1.93799999999995e-12	1916	2	690	0	1	0.00289017341040462	0	0.997109826589595	0.99895724713243	0	346	0	0.999233128834356	0.00104275286757039	1	0.99895724713243	-	0.998554913294798	0.999478351591028	0.999478487578612	0.998033109400002	0.99895724713243	107851
MMSeqs2	27.0432344510264	1.80000000000005e-12	1916	2	690	0	1	0.00289017341040462	0	0.997109826589595	0.99895724713243	0	346	0	0.999233128834356	0.00104275286757039	1	0.99895724713243	-	0.998554913294798	0.999478351591028	0.999478487578612	0.998033109400002	0.99895724713243	107461
MMSeqs2	27.1122273225134	1.67999999999996e-12	1916	2	690	0	1	0.00289017341040462	0	0.997109826589595	0.99895724713243	0	346	0	0.999233128834356	0.00104275286757039	1	0.99895724713243	-	0.998554913294798	0.999478351591028	0.999478487578612	0.998033109400002	0.99895724713243	107014
MMSeqs2	27.1622682685845	1.59799999999994e-12	1916	2	690	0	1	0.00289017341040462	0	0.997109826589595	0.99895724713243	0	346	0	0.999233128834356	0.00104275286757039	1	0.99895724713243	-	0.998554913294798	0.999478351591028	0.999478487578612	0.998033109400002	0.99895724713243	106611
MMSeqs2	27.2322449959712	1.48999999999997e-12	1916	2	690	0	1	0.00289017341040462	0	0.997109826589595	0.99895724713243	0	346	0	0.999233128834356	0.00104275286757039	1	0.99895724713243	-	0.998554913294798	0.999478351591028	0.999478487578612	0.998033109400002	0.99895724713243	106193
MMSeqs2	27.3089376167594	1.38000000000005e-12	1916	2	690	0	1	0.00289017341040462	0	0.997109826589595	0.99895724713243	0	346	0	0.999233128834356	0.00104275286757039	1	0.99895724713243	-	0.998554913294798	0.999478351591028	0.999478487578612	0.998033109400002	0.99895724713243	105791
MMSeqs2	27.376378897555	1.28999999999996e-12	1916	2	690	0	1	0.00289017341040462	0	0.997109826589595	0.99895724713243	0	346	0	0.999233128834356	0.00104275286757039	1	0.99895724713243	-	0.998554913294798	0.999478351591028	0.999478487578612	0.998033109400002	0.99895724713243	105371
MMSeqs2	27.4486995591346	1.19999999999999e-12	1916	2	690	0	1	0.00289017341040462	0	0.997109826589595	0.99895724713243	0	346	0	0.999233128834356	0.00104275286757039	1	0.99895724713243	-	0.998554913294798	0.999478351591028	0.999478487578612	0.998033109400002	0.99895724713243	104843
MMSeqs2	27.4999928535221	1.14000000000005e-12	1916	2	690	0	1	0.00289017341040462	0	0.997109826589595	0.99895724713243	0	346	0	0.999233128834356	0.00104275286757039	1	0.99895724713243	-	0.998554913294798	0.999478351591028	0.999478487578612	0.998033109400002	0.99895724713243	104582
MMSeqs2	27.5633624674547	1.07000000000004e-12	1916	2	690	0	1	0.00289017341040462	0	0.997109826589595	0.99895724713243	0	346	0	0.999233128834356	0.00104275286757039	1	0.99895724713243	-	0.998554913294798	0.999478351591028	0.999478487578612	0.998033109400002	0.99895724713243	104168
MMSeqs2	27.6390532876258	9.92000000000013e-13	1916	2	690	0	1	0.00289017341040462	0	0.997109826589595	0.99895724713243	0	346	0	0.999233128834356	0.00104275286757039	1	0.99895724713243	-	0.998554913294798	0.999478351591028	0.999478487578612	0.998033109400002	0.99895724713243	103735
MMSeqs2	27.7111471604078	9.23000000000029e-13	1916	2	690	0	1	0.00289017341040462	0	0.997109826589595	0.99895724713243	0	346	0	0.999233128834356	0.00104275286757039	1	0.99895724713243	-	0.998554913294798	0.999478351591028	0.999478487578612	0.998033109400002	0.99895724713243	103311
MMSeqs2	27.7565843389039	8.81999999999996e-13	1916	2	690	0	1	0.00289017341040462	0	0.997109826589595	0.99895724713243	0	346	0	0.999233128834356	0.00104275286757039	1	0.99895724713243	-	0.998554913294798	0.999478351591028	0.999478487578612	0.998033109400002	0.99895724713243	102881
MMSeqs2	27.8294720546524	8.1999999999999e-13	1916	2	690	0	1	0.00289017341040462	0	0.997109826589595	0.99895724713243	0	346	0	0.999233128834356	0.00104275286757039	1	0.99895724713243	-	0.998554913294798	0.999478351591028	0.999478487578612	0.998033109400002	0.99895724713243	102465
MMSeqs2	27.904143037049	7.61e-13	1916	2	690	0	1	0.00289017341040462	0	0.997109826589595	0.99895724713243	0	346	0	0.999233128834356	0.00104275286757039	1	0.99895724713243	-	0.998554913294798	0.999478351591028	0.999478487578612	0.998033109400002	0.99895724713243	102078
MMSeqs2	27.9834195031	7.03000000000015e-13	1916	2	690	0	1	0.00289017341040462	0	0.997109826589595	0.99895724713243	0	346	0	0.999233128834356	0.00104275286757039	1	0.99895724713243	-	0.998554913294798	0.999478351591028	0.999478487578612	0.998033109400002	0.99895724713243	101649
MMSeqs2	28.045022555059	6.61e-13	1916	2	690	0	1	0.00289017341040462	0	0.997109826589595	0.99895724713243	0	346	0	0.999233128834356	0.00104275286757039	1	0.99895724713243	-	0.998554913294798	0.999478351591028	0.999478487578612	0.998033109400002	0.99895724713243	101298
MMSeqs2	28.1155294313772	6.15999999999978e-13	1916	2	690	0	1	0.00289017341040462	0	0.997109826589595	0.99895724713243	0	346	0	0.999233128834356	0.00104275286757039	1	0.99895724713243	-	0.998554913294798	0.999478351591028	0.999478487578612	0.998033109400002	0.99895724713243	100813
MMSeqs2	28.1878906781959	5.73000000000027e-13	1916	2	690	0	1	0.00289017341040462	0	0.997109826589595	0.99895724713243	0	346	0	0.999233128834356	0.00104275286757039	1	0.99895724713243	-	0.998554913294798	0.999478351591028	0.999478487578612	0.998033109400002	0.99895724713243	100418
MMSeqs2	28.2753781323191	5.24999999999979e-13	1916	2	690	0	1	0.00289017341040462	0	0.997109826589595	0.99895724713243	0	346	0	0.999233128834356	0.00104275286757039	1	0.99895724713243	-	0.998554913294798	0.999478351591028	0.999478487578612	0.998033109400002	0.99895724713243	99952
MMSeqs2	28.3362408777228	4.93999999999981e-13	1916	2	690	0	1	0.00289017341040462	0	0.997109826589595	0.99895724713243	0	346	0	0.999233128834356	0.00104275286757039	1	0.99895724713243	-	0.998554913294798	0.999478351591028	0.999478487578612	0.998033109400002	0.99895724713243	99566
MMSeqs2	28.3988918426844	4.64000000000014e-13	1916	2	690	0	1	0.00289017341040462	0	0.997109826589595	0.99895724713243	0	346	0	0.999233128834356	0.00104275286757039	1	0.99895724713243	-	0.998554913294798	0.999478351591028	0.999478487578612	0.998033109400002	0.99895724713243	99173
MMSeqs2	28.4796531993289	4.27999999999995e-13	1916	2	690	0	1	0.00289017341040462	0	0.997109826589595	0.99895724713243	0	346	0	0.999233128834356	0.00104275286757039	1	0.99895724713243	-	0.998554913294798	0.999478351591028	0.999478487578612	0.998033109400002	0.99895724713243	98752
MMSeqs2	28.5598906300096	3.94999999999985e-13	1916	2	690	0	1	0.00289017341040462	0	0.997109826589595	0.99895724713243	0	346	0	0.999233128834356	0.00104275286757039	1	0.99895724713243	-	0.998554913294798	0.999478351591028	0.999478487578612	0.998033109400002	0.99895724713243	98306
MMSeqs2	28.6306934567418	3.67999999999984e-13	1916	2	690	0	1	0.00289017341040462	0	0.997109826589595	0.99895724713243	0	346	0	0.999233128834356	0.00104275286757039	1	0.99895724713243	-	0.998554913294798	0.999478351591028	0.999478487578612	0.998033109400002	0.99895724713243	97925
MMSeqs2	28.7010459477447	3.43000000000016e-13	1916	2	690	0	1	0.00289017341040462	0	0.997109826589595	0.99895724713243	0	346	0	0.999233128834356	0.00104275286757039	1	0.99895724713243	-	0.998554913294798	0.999478351591028	0.999478487578612	0.998033109400002	0.99895724713243	97521
MMSeqs2	28.7925732043705	3.13000000000011e-13	1916	2	690	0	1	0.00289017341040462	0	0.997109826589595	0.99895724713243	0	346	0	0.999233128834356	0.00104275286757039	1	0.99895724713243	-	0.998554913294798	0.999478351591028	0.999478487578612	0.998033109400002	0.99895724713243	97112
MMSeqs2	28.8733883082418	2.88699999999999e-13	1916	2	690	0	1	0.00289017341040462	0	0.997109826589595	0.99895724713243	0	346	0	0.999233128834356	0.00104275286757039	1	0.99895724713243	-	0.998554913294798	0.999478351591028	0.999478487578612	0.998033109400002	0.99895724713243	96683
MMSeqs2	28.9433217971401	2.69200000000003e-13	1916	2	690	0	1	0.00289017341040462	0	0.997109826589595	0.99895724713243	0	346	0	0.999233128834356	0.00104275286757039	1	0.99895724713243	-	0.998554913294798	0.999478351591028	0.999478487578612	0.998033109400002	0.99895724713243	96272
MMSeqs2	29.0053869061832	2.52999999999991e-13	1916	2	690	0	1	0.00289017341040462	0	0.997109826589595	0.99895724713243	0	346	0	0.999233128834356	0.00104275286757039	1	0.99895724713243	-	0.998554913294798	0.999478351591028	0.999478487578612	0.998033109400002	0.99895724713243	95856
MMSeqs2	29.0920390232444	2.31999999999994e-13	1916	2	690	0	1	0.00289017341040462	0	0.997109826589595	0.99895724713243	0	346	0	0.999233128834356	0.00104275286757039	1	0.99895724713243	-	0.998554913294798	0.999478351591028	0.999478487578612	0.998033109400002	0.99895724713243	95442
MMSeqs2	29.168138366783	2.15000000000005e-13	1916	2	690	0	1	0.00289017341040462	0	0.997109826589595	0.99895724713243	0	346	0	0.999233128834356	0.00104275286757039	1	0.99895724713243	-	0.998554913294798	0.999478351591028	0.999478487578612	0.998033109400002	0.99895724713243	95038
MMSeqs2	29.2404590283626	2.0000000000001e-13	1916	2	690	0	1	0.00289017341040462	0	0.997109826589595	0.99895724713243	0	346	0	0.999233128834356	0.00104275286757039	1	0.99895724713243	-	0.998554913294798	0.999478351591028	0.999478487578612	0.998033109400002	0.99895724713243	94619
MMSeqs2	29.3130297211975	1.85999999999997e-13	1916	2	690	0	1	0.00289017341040462	0	0.997109826589595	0.99895724713243	0	346	0	0.999233128834356	0.00104275286757039	1	0.99895724713243	-	0.998554913294798	0.999478351591028	0.999478487578612	0.998033109400002	0.99895724713243	94194
MMSeqs2	29.4029779578604	1.70000000000004e-13	1916	2	690	0	1	0.00289017341040462	0	0.997109826589595	0.99895724713243	0	346	0	0.999233128834356	0.00104275286757039	1	0.99895724713243	-	0.998554913294798	0.999478351591028	0.999478487578612	0.998033109400002	0.99895724713243	93800
MMSeqs2	29.4761813618837	1.58000000000003e-13	1916	2	690	0	1	0.00289017341040462	0	0.997109826589595	0.99895724713243	0	346	0	0.999233128834356	0.00104275286757039	1	0.99895724713243	-	0.998554913294798	0.999478351591028	0.999478487578612	0.998033109400002	0.99895724713243	93418
MMSeqs2	29.5551697732023	1.46000000000007e-13	1916	2	690	0	1	0.00289017341040462	0	0.997109826589595	0.99895724713243	0	346	0	0.999233128834356	0.00104275286757039	1	0.99895724713243	-	0.998554913294798	0.999478351591028	0.999478487578612	0.998033109400002	0.99895724713243	92972
MMSeqs2	29.6409365949598	1.33999999999996e-13	1916	2	690	0	1	0.00289017341040462	0	0.997109826589595	0.99895724713243	0	346	0	0.999233128834356	0.00104275286757039	1	0.99895724713243	-	0.998554913294798	0.999478351591028	0.999478487578612	0.998033109400002	0.99895724713243	92548
MMSeqs2	29.7265920395383	1.22999999999996e-13	1916	2	690	0	1	0.00289017341040462	0	0.997109826589595	0.99895724713243	0	346	0	0.999233128834356	0.00104275286757039	1	0.99895724713243	-	0.998554913294798	0.999478351591028	0.999478487578612	0.998033109400002	0.99895724713243	92125
MMSeqs2	29.8113885761983	1.13000000000005e-13	1916	2	690	0	1	0.00289017341040462	0	0.997109826589595	0.99895724713243	0	346	0	0.999233128834356	0.00104275286757039	1	0.99895724713243	-	0.998554913294798	0.999478351591028	0.999478487578612	0.998033109400002	0.99895724713243	91738
MMSeqs2	29.8753373007986	1.06000000000002e-13	1916	2	690	0	1	0.00289017341040462	0	0.997109826589595	0.99895724713243	0	346	0	0.999233128834356	0.00104275286757039	1	0.99895724713243	-	0.998554913294798	0.999478351591028	0.999478487578612	0.998033109400002	0.99895724713243	91317
MMSeqs2	29.9754704130213	9.58999999999994e-14	1916	2	690	0	1	0.00289017341040462	0	0.997109826589595	0.99895724713243	0	346	0	0.999233128834356	0.00104275286757039	1	0.99895724713243	-	0.998554913294798	0.999478351591028	0.999478487578612	0.998033109400002	0.99895724713243	90894
MMSeqs2	30.0557738428968	8.85e-14	1916	2	690	0	1	0.00289017341040462	0	0.997109826589595	0.99895724713243	0	346	0	0.999233128834356	0.00104275286757039	1	0.99895724713243	-	0.998554913294798	0.999478351591028	0.999478487578612	0.998033109400002	0.99895724713243	90481
MMSeqs2	30.1332774040517	8.18999999999968e-14	1916	2	690	0	1	0.00289017341040462	0	0.997109826589595	0.99895724713243	0	346	0	0.999233128834356	0.00104275286757039	1	0.99895724713243	-	0.998554913294798	0.999478351591028	0.999478487578612	0.998033109400002	0.99895724713243	90066
MMSeqs2	30.2212882813744	7.49999999999982e-14	1916	2	690	0	1	0.00289017341040462	0	0.997109826589595	0.99895724713243	0	346	0	0.999233128834356	0.00104275286757039	1	0.99895724713243	-	0.998554913294798	0.999478351591028	0.999478487578612	0.998033109400002	0.99895724713243	89651
MMSeqs2	30.3134035702822	6.83999999999986e-14	1916	2	690	0	1	0.00289017341040462	0	0.997109826589595	0.99895724713243	0	346	0	0.999233128834356	0.00104275286757039	1	0.99895724713243	-	0.998554913294798	0.999478351591028	0.999478487578612	0.998033109400002	0.99895724713243	89236
MMSeqs2	30.3924720937579	6.31999999999984e-14	1916	2	690	0	1	0.00289017341040462	0	0.997109826589595	0.99895724713243	0	346	0	0.999233128834356	0.00104275286757039	1	0.99895724713243	-	0.998554913294798	0.999478351591028	0.999478487578612	0.998033109400002	0.99895724713243	88809
MMSeqs2	30.4731743015542	5.83000000000023e-14	1916	2	690	0	1	0.00289017341040462	0	0.997109826589595	0.99895724713243	0	346	0	0.999233128834356	0.00104275286757039	1	0.99895724713243	-	0.998554913294798	0.999478351591028	0.999478487578612	0.998033109400002	0.99895724713243	88425
MMSeqs2	30.576060275167	5.26000000000012e-14	1916	2	690	0	1	0.00289017341040462	0	0.997109826589595	0.99895724713243	0	346	0	0.999233128834356	0.00104275286757039	1	0.99895724713243	-	0.998554913294798	0.999478351591028	0.999478487578612	0.998033109400002	0.99895724713243	88001
MMSeqs2	30.6469560968001	4.8999999999998e-14	1916	2	690	0	1	0.00289017341040462	0	0.997109826589595	0.99895724713243	0	346	0	0.999233128834356	0.00104275286757039	1	0.99895724713243	-	0.998554913294798	0.999478351591028	0.999478487578612	0.998033109400002	0.99895724713243	87580
MMSeqs2	30.7232642898634	4.53999999999992e-14	1916	2	690	0	1	0.00289017341040462	0	0.997109826589595	0.99895724713243	0	346	0	0.999233128834356	0.00104275286757039	1	0.99895724713243	-	0.998554913294798	0.999478351591028	0.999478487578612	0.998033109400002	0.99895724713243	87170
MMSeqs2	30.813082967674	4.15000000000014e-14	1916	2	690	0	1	0.00289017341040462	0	0.997109826589595	0.99895724713243	0	346	0	0.999233128834356	0.00104275286757039	1	0.99895724713243	-	0.998554913294798	0.999478351591028	0.999478487578612	0.998033109400002	0.99895724713243	86778
MMSeqs2	30.9091163004567	3.77000000000008e-14	1916	2	690	0	1	0.00289017341040462	0	0.997109826589595	0.99895724713243	0	346	0	0.999233128834356	0.00104275286757039	1	0.99895724713243	-	0.998554913294798	0.999478351591028	0.999478487578612	0.998033109400002	0.99895724713243	86405
MMSeqs2	30.9920367079579	3.4699999999999e-14	1916	2	690	0	1	0.00289017341040462	0	0.997109826589595	0.99895724713243	0	346	0	0.999233128834356	0.00104275286757039	1	0.99895724713243	-	0.998554913294798	0.999478351591028	0.999478487578612	0.998033109400002	0.99895724713243	85917
MMSeqs2	31.0761703851199	3.18999999999995e-14	1916	2	690	0	1	0.00289017341040462	0	0.997109826589595	0.99895724713243	0	346	0	0.999233128834356	0.00104275286757039	1	0.99895724713243	-	0.998554913294798	0.999478351591028	0.999478487578612	0.998033109400002	0.99895724713243	85493
MMSeqs2	31.1714805649242	2.90000000000004e-14	1916	2	690	0	1	0.00289017341040462	0	0.997109826589595	0.99895724713243	0	346	0	0.999233128834356	0.00104275286757039	1	0.99895724713243	-	0.998554913294798	0.999478351591028	0.999478487578612	0.998033109400002	0.99895724713243	85125
MMSeqs2	31.2466501083029	2.68999999999997e-14	1916	2	690	0	1	0.00289017341040462	0	0.997109826589595	0.99895724713243	0	346	0	0.999233128834356	0.00104275286757039	1	0.99895724713243	-	0.998554913294798	0.999478351591028	0.999478487578612	0.998033109400002	0.99895724713243	84689
MMSeqs2	31.3199005700425	2.49999999999996e-14	1916	2	690	0	1	0.00289017341040462	0	0.997109826589595	0.99895724713243	0	346	0	0.999233128834356	0.00104275286757039	1	0.99895724713243	-	0.998554913294798	0.999478351591028	0.999478487578612	0.998033109400002	0.99895724713243	84262
MMSeqs2	31.4208264886324	2.2600000000001e-14	1916	2	690	0	1	0.00289017341040462	0	0.997109826589595	0.99895724713243	0	346	0	0.999233128834356	0.00104275286757039	1	0.99895724713243	-	0.998554913294798	0.999478351591028	0.999478487578612	0.998033109400002	0.99895724713243	83865
MMSeqs2	31.5134853191152	2.05999999999989e-14	1916	2	690	0	1	0.00289017341040462	0	0.997109826589595	0.99895724713243	0	346	0	0.999233128834356	0.00104275286757039	1	0.99895724713243	-	0.998554913294798	0.999478351591028	0.999478487578612	0.998033109400002	0.99895724713243	83442
MMSeqs2	31.583866115877	1.9199999999999e-14	1916	2	690	0	1	0.00289017341040462	0	0.997109826589595	0.99895724713243	0	346	0	0.999233128834356	0.00104275286757039	1	0.99895724713243	-	0.998554913294798	0.999478351591028	0.999478487578612	0.998033109400002	0.99895724713243	83033
MMSeqs2	31.6823061886902	1.74e-14	1916	2	690	0	1	0.00289017341040462	0	0.997109826589595	0.99895724713243	0	346	0	0.999233128834356	0.00104275286757039	1	0.99895724713243	-	0.998554913294798	0.999478351591028	0.999478487578612	0.998033109400002	0.99895724713243	82623
MMSeqs2	31.7915054806552	1.55999999999999e-14	1916	2	690	0	1	0.00289017341040462	0	0.997109826589595	0.99895724713243	0	346	0	0.999233128834356	0.00104275286757039	1	0.99895724713243	-	0.998554913294798	0.999478351591028	0.999478487578612	0.998033109400002	0.99895724713243	82176
MMSeqs2	31.8646277454842	1.44999999999994e-14	1916	1	691	0	1	0.00144508670520231	0	0.998554913294798	0.999478351591028	0	692	0	0.999616564417178	0.000521648408972353	1	0.999478351591028	-	0.999277456647399	0.9997391077485	0.999739141772006	0.999016525745699	0.999478351591028	81791
MMSeqs2	31.9661641647036	1.30999999999997e-14	1916	1	691	0	1	0.00144508670520231	0	0.998554913294798	0.999478351591028	0	692	0	0.999616564417178	0.000521648408972353	1	0.999478351591028	-	0.999277456647399	0.9997391077485	0.999739141772006	0.999016525745699	0.999478351591028	81372
MMSeqs2	32.0706768634391	1.17999999999996e-14	1916	1	691	0	1	0.00144508670520231	0	0.998554913294798	0.999478351591028	0	692	0	0.999616564417178	0.000521648408972353	1	0.999478351591028	-	0.999277456647399	0.9997391077485	0.999739141772006	0.999016525745699	0.999478351591028	80948
MMSeqs2	32.1318312865924	1.10999999999999e-14	1916	1	691	0	1	0.00144508670520231	0	0.998554913294798	0.999478351591028	0	692	0	0.999616564417178	0.000521648408972353	1	0.999478351591028	-	0.999277456647399	0.9997391077485	0.999739141772006	0.999016525745699	0.999478351591028	80510
MMSeqs2	32.2262409710635	1.00999999999997e-14	1916	1	691	0	1	0.00144508670520231	0	0.998554913294798	0.999478351591028	0	692	0	0.999616564417178	0.000521648408972353	1	0.999478351591028	-	0.999277456647399	0.9997391077485	0.999739141772006	0.999016525745699	0.999478351591028	80114
MMSeqs2	32.3239302162246	9.16000000000039e-15	1916	1	691	0	1	0.00144508670520231	0	0.998554913294798	0.999478351591028	0	692	0	0.999616564417178	0.000521648408972353	1	0.999478351591028	-	0.999277456647399	0.9997391077485	0.999739141772006	0.999016525745699	0.999478351591028	79729
MMSeqs2	32.3963600540695	8.51999999999969e-15	1916	1	691	0	1	0.00144508670520231	0	0.998554913294798	0.999478351591028	0	692	0	0.999616564417178	0.000521648408972353	1	0.999478351591028	-	0.999277456647399	0.9997391077485	0.999739141772006	0.999016525745699	0.999478351591028	79309
MMSeqs2	32.4719136354377	7.90000000000006e-15	1916	1	691	0	1	0.00144508670520231	0	0.998554913294798	0.999478351591028	0	692	0	0.999616564417178	0.000521648408972353	1	0.999478351591028	-	0.999277456647399	0.9997391077485	0.999739141772006	0.999016525745699	0.999478351591028	78904
MMSeqs2	32.5591551885131	7.23999999999969e-15	1916	1	691	0	1	0.00144508670520231	0	0.998554913294798	0.999478351591028	0	692	0	0.999616564417178	0.000521648408972353	1	0.999478351591028	-	0.999277456647399	0.9997391077485	0.999739141772006	0.999016525745699	0.999478351591028	78486
MMSeqs2	32.6517067458783	6.60000000000003e-15	1916	1	691	0	1	0.00144508670520231	0	0.998554913294798	0.999478351591028	0	692	0	0.999616564417178	0.000521648408972353	1	0.999478351591028	-	0.999277456647399	0.9997391077485	0.999739141772006	0.999016525745699	0.999478351591028	78074
MMSeqs2	32.740372382964	6.03999999999979e-15	1916	1	691	0	1	0.00144508670520231	0	0.998554913294798	0.999478351591028	0	692	0	0.999616564417178	0.000521648408972353	1	0.999478351591028	-	0.999277456647399	0.9997391077485	0.999739141772006	0.999016525745699	0.999478351591028	77651
MMSeqs2	32.8449973340428	5.44000000000018e-15	1916	1	691	0	1	0.00144508670520231	0	0.998554913294798	0.999478351591028	0	692	0	0.999616564417178	0.000521648408972353	1	0.999478351591028	-	0.999277456647399	0.9997391077485	0.999739141772006	0.999016525745699	0.999478351591028	77246
MMSeqs2	32.9373706541738	4.96000000000026e-15	1916	0	692	0	1	0	0	1	1	0	-	0	1	0	1	1	-	1	1	1	1	1	76837
MMSeqs2	33.0391533484838	4.47999999999996e-15	1916	0	692	0	1	0	0	1	1	0	-	0	1	0	1	1	-	1	1	1	1	1	76400
MMSeqs2	33.1142233216737	4.15600000000002e-15	1916	0	692	0	1	0	0	1	1	0	-	0	1	0	1	1	-	1	1	1	1	1	76006
MMSeqs2	33.207202245991	3.78700000000011e-15	1916	0	692	0	1	0	0	1	1	0	-	0	1	0	1	1	-	1	1	1	1	1	75592
MMSeqs2	33.3004021638674	3.45000000000005e-15	1916	0	692	0	1	0	0	1	1	0	-	0	1	0	1	1	-	1	1	1	1	1	75195
MMSeqs2	33.3913739420731	3.15000000000013e-15	1916	0	692	0	1	0	0	1	1	0	-	0	1	0	1	1	-	1	1	1	1	1	74782
MMSeqs2	33.4775198927863	2.89000000000014e-15	1916	0	692	0	1	0	0	1	1	0	-	0	1	0	1	1	-	1	1	1	1	1	74370
MMSeqs2	33.5679974777525	2.6399999999999e-15	1916	0	692	0	1	0	0	1	1	0	-	0	1	0	1	1	-	1	1	1	1	1	73928
MMSeqs2	33.6508851375582	2.43000000000007e-15	1916	0	692	0	1	0	0	1	1	0	-	0	1	0	1	1	-	1	1	1	1	1	73577
MMSeqs2	33.7323005290437	2.24000000000009e-15	1916	0	692	0	1	0	0	1	1	0	-	0	1	0	1	1	-	1	1	1	1	1	73123
MMSeqs2	33.8209366017604	2.04999999999993e-15	1916	0	692	0	1	0	0	1	1	0	-	0	1	0	1	1	-	1	1	1	1	1	72693
MMSeqs2	33.9128379640442	1.86999999999998e-15	1916	0	692	0	1	0	0	1	1	0	-	0	1	0	1	1	-	1	1	1	1	1	72281
MMSeqs2	33.9964521040853	1.72000000000004e-15	1916	0	692	0	1	0	0	1	1	0	-	0	1	0	1	1	-	1	1	1	1	1	71872
MMSeqs2	34.0940905736492	1.56000000000007e-15	1916	0	692	0	1	0	0	1	1	0	-	0	1	0	1	1	-	1	1	1	1	1	71469
MMSeqs2	34.2109125328261	1.38799999999996e-15	1916	0	692	0	1	0	0	1	1	0	-	0	1	0	1	1	-	1	1	1	1	1	71040
MMSeqs2	34.2942628178603	1.27699999999998e-15	1916	0	692	0	1	0	0	1	1	0	-	0	1	0	1	1	-	1	1	1	1	1	70628
MMSeqs2	34.3903563897924	1.16000000000001e-15	1916	0	692	0	1	0	0	1	1	0	-	0	1	0	1	1	-	1	1	1	1	1	70220
MMSeqs2	34.4899862307413	1.04999999999995e-15	1916	0	692	0	1	0	0	1	1	0	-	0	1	0	1	1	-	1	1	1	1	1	69785
MMSeqs2	34.5848203334121	9.54999999999996e-16	1916	0	692	0	1	0	0	1	1	0	-	0	1	0	1	1	-	1	1	1	1	1	69387
MMSeqs2	34.6814926971123	8.66999999999985e-16	1916	0	692	0	1	0	0	1	1	0	-	0	1	0	1	1	-	1	1	1	1	1	68970
MMSeqs2	34.7988433003295	7.70999999999993e-16	1916	0	692	0	1	0	0	1	1	0	-	0	1	0	1	1	-	1	1	1	1	1	68539
MMSeqs2	34.8787347008167	7.11800000000021e-16	1916	0	692	0	1	0	0	1	1	0	-	0	1	0	1	1	-	1	1	1	1	1	68147
MMSeqs2	34.9847510463571	6.40199999999976e-16	1916	0	692	0	1	0	0	1	1	0	-	0	1	0	1	1	-	1	1	1	1	1	67732
MMSeqs2	35.0869578052204	5.78000000000026e-16	1916	0	692	0	1	0	0	1	1	0	-	0	1	0	1	1	-	1	1	1	1	1	67333
MMSeqs2	35.1793311253515	5.26999999999977e-16	1916	0	692	0	1	0	0	1	1	0	-	0	1	0	1	1	-	1	1	1	1	1	66889
MMSeqs2	35.2811138196614	4.76000000000001e-16	1916	0	692	0	1	0	0	1	1	0	-	0	1	0	1	1	-	1	1	1	1	1	66525
MMSeqs2	35.3781060856487	4.32000000000004e-16	1916	0	692	0	1	0	0	1	1	0	-	0	1	0	1	1	-	1	1	1	1	1	66092
MMSeqs2	35.4778241139075	3.90999999999982e-16	1916	0	692	0	1	0	0	1	1	0	-	0	1	0	1	1	-	1	1	1	1	1	65655
MMSeqs2	35.5800636169595	3.53000000000009e-16	1916	0	692	0	1	0	0	1	1	0	-	0	1	0	1	1	-	1	1	1	1	1	65269
MMSeqs2	35.6876299000155	3.17000000000013e-16	1916	0	692	0	1	0	0	1	1	0	-	0	1	0	1	1	-	1	1	1	1	1	64845
MMSeqs2	35.7732084067213	2.91000000000008e-16	1916	0	692	0	1	0	0	1	1	0	-	0	1	0	1	1	-	1	1	1	1	1	64427
MMSeqs2	35.8820112665701	2.61000000000007e-16	1916	0	692	0	1	0	0	1	1	0	-	0	1	0	1	1	-	1	1	1	1	1	64011
MMSeqs2	35.9826998688672	2.36000000000003e-16	1916	0	692	0	1	0	0	1	1	0	-	0	1	0	1	1	-	1	1	1	1	1	63615
MMSeqs2	36.0712532662087	2.15999999999991e-16	1916	0	692	0	1	0	0	1	1	0	-	0	1	0	1	1	-	1	1	1	1	1	63177
MMSeqs2	36.1786735148295	1.93999999999999e-16	1916	0	692	0	1	0	0	1	1	0	-	0	1	0	1	1	-	1	1	1	1	1	62754
MMSeqs2	36.2817456999693	1.75000000000002e-16	1916	0	692	0	1	0	0	1	1	0	-	0	1	0	1	1	-	1	1	1	1	1	62361
MMSeqs2	36.3776274716726	1.58999999999999e-16	1916	0	692	0	1	0	0	1	1	0	-	0	1	0	1	1	-	1	1	1	1	1	61938
MMSeqs2	36.5048892512835	1.40000000000002e-16	1916	0	692	0	1	0	0	1	1	0	-	0	1	0	1	1	-	1	1	1	1	1	61543
MMSeqs2	36.5906027695575	1.28500000000006e-16	1916	0	692	0	1	0	0	1	1	0	-	0	1	0	1	1	-	1	1	1	1	1	61118
MMSeqs2	36.7015995455296	1.14999999999997e-16	1916	0	692	0	1	0	0	1	1	0	-	0	1	0	1	1	-	1	1	1	1	1	60692
MMSeqs2	36.8215588606086	1.01999999999995e-16	1916	0	692	0	1	0	0	1	1	0	-	0	1	0	1	1	-	1	1	1	1	1	60248
MMSeqs2	36.917163201321	9.27000000000009e-17	1916	0	692	0	1	0	0	1	1	0	-	0	1	0	1	1	-	1	1	1	1	1	59874
MMSeqs2	37.0337333805522	8.2499999999999e-17	1916	0	692	0	1	0	0	1	1	0	-	0	1	0	1	1	-	1	1	1	1	1	59459
MMSeqs2	37.1330515817541	7.46999999999961e-17	1916	0	692	0	1	0	0	1	1	0	-	0	1	0	1	1	-	1	1	1	1	1	59045
MMSeqs2	37.2314454939746	6.76999999999997e-17	1916	0	692	0	1	0	0	1	1	0	-	0	1	0	1	1	-	1	1	1	1	1	58630
MMSeqs2	37.3471995701597	6.02999999999988e-17	1916	0	692	0	1	0	0	1	1	0	-	0	1	0	1	1	-	1	1	1	1	1	58218
MMSeqs2	37.4301486531404	5.55000000000019e-17	1916	0	692	0	1	0	0	1	1	0	-	0	1	0	1	1	-	1	1	1	1	1	57812
MMSeqs2	37.5588013610337	4.88000000000009e-17	1916	0	692	0	1	0	0	1	1	0	-	0	1	0	1	1	-	1	1	1	1	1	57403
MMSeqs2	37.6876598479588	4.29000000000023e-17	1916	0	692	0	1	0	0	1	1	0	-	0	1	0	1	1	-	1	1	1	1	1	56983
MMSeqs2	37.7868235970792	3.88499999999987e-17	1916	0	692	0	1	0	0	1	1	0	-	0	1	0	1	1	-	1	1	1	1	1	56564
MMSeqs2	37.9290338365345	3.37000000000002e-17	1916	0	692	0	1	0	0	1	1	0	-	0	1	0	1	1	-	1	1	1	1	1	56156
MMSeqs2	38.0281494674766	3.05199999999989e-17	1916	0	692	0	1	0	0	1	1	0	-	0	1	0	1	1	-	1	1	1	1	1	55736
MMSeqs2	38.1731676637405	2.64000000000014e-17	1916	0	692	0	1	0	0	1	1	0	-	0	1	0	1	1	-	1	1	1	1	1	55331
MMSeqs2	38.2937956515292	2.33999999999992e-17	1916	0	692	0	1	0	0	1	1	0	-	0	1	0	1	1	-	1	1	1	1	1	54882
MMSeqs2	38.4359107878451	2.02999999999996e-17	1916	0	692	0	1	0	0	1	1	0	-	0	1	0	1	1	-	1	1	1	1	1	54494
MMSeqs2	38.5617309610461	1.79000000000002e-17	1916	0	692	0	1	0	0	1	1	0	-	0	1	0	1	1	-	1	1	1	1	1	54092
MMSeqs2	38.6553665660801	1.63000000000001e-17	1916	0	692	0	1	0	0	1	1	0	-	0	1	0	1	1	-	1	1	1	1	1	53689
MMSeqs2	38.8003568765087	1.41e-17	1916	0	692	0	1	0	0	1	1	0	-	0	1	0	1	1	-	1	1	1	1	1	53268
MMSeqs2	38.9049296804283	1.26999999999997e-17	1916	0	692	0	1	0	0	1	1	0	-	0	1	0	1	1	-	1	1	1	1	1	52841
MMSeqs2	39.0577688846577	1.09000000000003e-17	1916	0	692	0	1	0	0	1	1	0	-	0	1	0	1	1	-	1	1	1	1	1	52436
MMSeqs2	39.1858107849975	9.58999999999976e-18	1916	0	692	0	1	0	0	1	1	0	-	0	1	0	1	1	-	1	1	1	1	1	52011
MMSeqs2	39.3278694190597	8.32000000000002e-18	1916	0	692	0	1	0	0	1	1	0	-	0	1	0	1	1	-	1	1	1	1	1	51606
MMSeqs2	39.4586573257385	7.29999999999983e-18	1916	0	692	0	1	0	0	1	1	0	-	0	1	0	1	1	-	1	1	1	1	1	51183
MMSeqs2	39.5871135561909	6.42000000000034e-18	1916	0	692	0	1	0	0	1	1	0	-	0	1	0	1	1	-	1	1	1	1	1	50776
MMSeqs2	39.7184222317412	5.63000000000013e-18	1916	0	692	0	1	0	0	1	1	0	-	0	1	0	1	1	-	1	1	1	1	1	50362
MMSeqs2	39.8613864540278	4.87999999999983e-18	1916	0	692	0	1	0	0	1	1	0	-	0	1	0	1	1	-	1	1	1	1	1	49941
MMSeqs2	40.0157420728864	4.18199999999993e-18	1916	0	692	0	1	0	0	1	1	0	-	0	1	0	1	1	-	1	1	1	1	1	49532
MMSeqs2	40.1463400118263	3.67000000000017e-18	1916	0	692	0	1	0	0	1	1	0	-	0	1	0	1	1	-	1	1	1	1	1	49130
MMSeqs2	40.2991292210553	3.14999999999993e-18	1916	0	692	0	1	0	0	1	1	0	-	0	1	0	1	1	-	1	1	1	1	1	48694
MMSeqs2	40.4349307622143	2.75000000000012e-18	1916	0	692	0	1	0	0	1	1	0	-	0	1	0	1	1	-	1	1	1	1	1	48295
MMSeqs2	40.5963807445232	2.34000000000002e-18	1916	0	692	0	1	0	0	1	1	0	-	0	1	0	1	1	-	1	1	1	1	1	47881
MMSeqs2	40.7533844933329	1.99999999999995e-18	1916	0	692	0	1	0	0	1	1	0	-	0	1	0	1	1	-	1	1	1	1	1	47456
MMSeqs2	40.9042073830675	1.71999999999993e-18	1916	0	692	0	1	0	0	1	1	0	-	0	1	0	1	1	-	1	1	1	1	1	47038
MMSeqs2	41.0612692731022	1.46999999999997e-18	1916	0	692	0	1	0	0	1	1	0	-	0	1	0	1	1	-	1	1	1	1	1	46626
MMSeqs2	41.2154199529294	1.26000000000004e-18	1916	0	692	0	1	0	0	1	1	0	-	0	1	0	1	1	-	1	1	1	1	1	46240
MMSeqs2	41.378873025419	1.07000000000001e-18	1916	0	692	0	1	0	0	1	1	0	-	0	1	0	1	1	-	1	1	1	1	1	45831
MMSeqs2	41.5305656695028	9.1940000000003e-19	1916	0	692	0	1	0	0	1	1	0	-	0	1	0	1	1	-	1	1	1	1	1	45397
MMSeqs2	41.6784637312401	7.93000000000009e-19	1916	0	692	0	1	0	0	1	1	0	-	0	1	0	1	1	-	1	1	1	1	1	44984
MMSeqs2	41.8292572950315	6.81999999999996e-19	1916	0	692	0	1	0	0	1	1	0	-	0	1	0	1	1	-	1	1	1	1	1	44558
MMSeqs2	41.9674076335123	5.94000000000007e-19	1916	0	692	0	1	0	0	1	1	0	-	0	1	0	1	1	-	1	1	1	1	1	44168
MMSeqs2	42.1396788544528	4.99999999999986e-19	1916	0	692	0	1	0	0	1	1	0	-	0	1	0	1	1	-	1	1	1	1	1	43739
MMSeqs2	42.2743537577794	4.36999999999986e-19	1916	0	692	0	1	0	0	1	1	0	-	0	1	0	1	1	-	1	1	1	1	1	43327
MMSeqs2	42.4434903088344	3.69000000000012e-19	1916	0	692	0	1	0	0	1	1	0	-	0	1	0	1	1	-	1	1	1	1	1	42915
MMSeqs2	42.6209456759772	3.09000000000005e-19	1916	0	692	0	1	0	0	1	1	0	-	0	1	0	1	1	-	1	1	1	1	1	42518
MMSeqs2	42.8075482278284	2.56400000000012e-19	1916	0	692	0	1	0	0	1	1	0	-	0	1	0	1	1	-	1	1	1	1	1	42088
MMSeqs2	42.9743895993345	2.17e-19	1916	0	692	0	1	0	0	1	1	0	-	0	1	0	1	1	-	1	1	1	1	1	41690
MMSeqs2	43.117844990045	1.88000000000002e-19	1916	0	692	0	1	0	0	1	1	0	-	0	1	0	1	1	-	1	1	1	1	1	41274
MMSeqs2	43.3044309456254	1.56000000000004e-19	1916	0	692	0	1	0	0	1	1	0	-	0	1	0	1	1	-	1	1	1	1	1	40849
MMSeqs2	43.4790896296738	1.31000000000001e-19	1916	0	692	0	1	0	0	1	1	0	-	0	1	0	1	1	-	1	1	1	1	1	40447
MMSeqs2	43.6538065870825	1.10000000000005e-19	1916	0	692	0	1	0	0	1	1	0	-	0	1	0	1	1	-	1	1	1	1	1	40044
MMSeqs2	43.8004100612744	9.50000000000019e-20	1916	0	692	0	1	0	0	1	1	0	-	0	1	0	1	1	-	1	1	1	1	1	39613
MMSeqs2	43.9697634380025	8.01999999999991e-20	1916	0	692	0	1	0	0	1	1	0	-	0	1	0	1	1	-	1	1	1	1	1	39192
MMSeqs2	44.1661485113665	6.58999999999998e-20	1916	0	692	0	1	0	0	1	1	0	-	0	1	0	1	1	-	1	1	1	1	1	38781
MMSeqs2	44.3253701959753	5.62000000000006e-20	1916	0	692	0	1	0	0	1	1	0	-	0	1	0	1	1	-	1	1	1	1	1	38380
MMSeqs2	44.5062692774227	4.69000000000011e-20	1916	0	692	0	1	0	0	1	1	0	-	0	1	0	1	1	-	1	1	1	1	1	37956
MMSeqs2	44.6529849787625	4.04999999999987e-20	1916	0	692	0	1	0	0	1	1	0	-	0	1	0	1	1	-	1	1	1	1	1	37533
MMSeqs2	44.8308719384886	3.38999999999985e-20	1916	0	692	0	1	0	0	1	1	0	-	0	1	0	1	1	-	1	1	1	1	1	37124
MMSeqs2	45.0437439394809	2.7400000000001e-20	1916	0	692	0	1	0	0	1	1	0	-	0	1	0	1	1	-	1	1	1	1	1	36711
MMSeqs2	45.1930402408434	2.35999999999998e-20	1916	0	692	0	1	0	0	1	1	0	-	0	1	0	1	1	-	1	1	1	1	1	36295
MMSeqs2	45.3686050151745	1.97999999999994e-20	1916	0	692	0	1	0	0	1	1	0	-	0	1	0	1	1	-	1	1	1	1	1	35881
MMSeqs2	45.5509265719684	1.65000000000005e-20	1916	0	692	0	1	0	0	1	1	0	-	0	1	0	1	1	-	1	1	1	1	1	35478
MMSeqs2	45.7296183607118	1.38e-20	1916	0	692	0	1	0	0	1	1	0	-	0	1	0	1	1	-	1	1	1	1	1	35076
MMSeqs2	45.9206735974745	1.14000000000001e-20	1916	0	692	0	1	0	0	1	1	0	-	0	1	0	1	1	-	1	1	1	1	1	34678
MMSeqs2	46.1103908562296	9.42999999999994e-21	1916	0	692	0	1	0	0	1	1	0	-	0	1	0	1	1	-	1	1	1	1	1	34223
MMSeqs2	46.3027306146847	7.7799999999997e-21	1916	0	692	0	1	0	0	1	1	0	-	0	1	0	1	1	-	1	1	1	1	1	33812
MMSeqs2	46.4855664425108	6.47999999999983e-21	1916	0	692	0	1	0	0	1	1	0	-	0	1	0	1	1	-	1	1	1	1	1	33401
MMSeqs2	46.6660378600166	5.40999999999983e-21	1916	0	692	0	1	0	0	1	1	0	-	0	1	0	1	1	-	1	1	1	1	1	32984
MMSeqs2	46.8636325764308	4.4400000000001e-21	1916	0	692	0	1	0	0	1	1	0	-	0	1	0	1	1	-	1	1	1	1	1	32581
MMSeqs2	47.0568238054617	3.65999999999995e-21	1916	0	692	0	1	0	0	1	1	0	-	0	1	0	1	1	-	1	1	1	1	1	32159
MMSeqs2	47.2724817825232	2.95000000000009e-21	1916	0	692	0	1	0	0	1	1	0	-	0	1	0	1	1	-	1	1	1	1	1	31751
MMSeqs2	47.4622889135699	2.43999999999988e-21	1916	0	692	0	1	0	0	1	1	0	-	0	1	0	1	1	-	1	1	1	1	1	31332
MMSeqs2	47.661139772315	2.00000000000002e-21	1916	0	692	0	1	0	0	1	1	0	-	0	1	0	1	1	-	1	1	1	1	1	30923
MMSeqs2	47.8842833236292	1.60000000000004e-21	1916	0	692	0	1	0	0	1	1	0	-	0	1	0	1	1	-	1	1	1	1	1	30517
MMSeqs2	48.0616173389121	1.34000000000005e-21	1916	0	692	0	1	0	0	1	1	0	-	0	1	0	1	1	-	1	1	1	1	1	30109
MMSeqs2	48.2773259117388	1.08000000000003e-21	1916	0	692	0	1	0	0	1	1	0	-	0	1	0	1	1	-	1	1	1	1	1	29683
MMSeqs2	48.500469463053	8.64000000000034e-22	1916	0	692	0	1	0	0	1	1	0	-	0	1	0	1	1	-	1	1	1	1	1	29266
MMSeqs2	48.7095343448225	7.01000000000004e-22	1916	0	692	0	1	0	0	1	1	0	-	0	1	0	1	1	-	1	1	1	1	1	28852
MMSeqs2	48.8990141283166	5.80000000000018e-22	1916	0	692	0	1	0	0	1	1	0	-	0	1	0	1	1	-	1	1	1	1	1	28449
MMSeqs2	49.1135739359394	4.68000000000024e-22	1916	0	692	0	1	0	0	1	1	0	-	0	1	0	1	1	-	1	1	1	1	1	28037
MMSeqs2	49.3087988975693	3.85000000000006e-22	1916	0	692	0	1	0	0	1	1	0	-	0	1	0	1	1	-	1	1	1	1	1	27613
MMSeqs2	49.4874906863127	3.21999999999997e-22	1916	0	692	0	1	0	0	1	1	0	-	0	1	0	1	1	-	1	1	1	1	1	27145
MMSeqs2	49.7013606008416	2.59999999999991e-22	1916	0	692	0	1	0	0	1	1	0	-	0	1	0	1	1	-	1	1	1	1	1	26778
MMSeqs2	49.8821448783166	2.17000000000008e-22	1916	0	692	0	1	0	0	1	1	0	-	0	1	0	1	1	-	1	1	1	1	1	26372
MMSeqs2	50.0580355447803	1.82e-22	1916	0	692	0	1	0	0	1	1	0	-	0	1	0	1	1	-	1	1	1	1	1	25971
MMSeqs2	50.3062151742558	1.42000000000005e-22	1916	0	692	0	1	0	0	1	1	0	-	0	1	0	1	1	-	1	1	1	1	1	25567
MMSeqs2	50.5084520407507	1.16000000000004e-22	1916	0	692	0	1	0	0	1	1	0	-	0	1	0	1	1	-	1	1	1	1	1	25132
MMSeqs2	50.6832160212086	9.74000000000006e-23	1916	0	692	0	1	0	0	1	1	0	-	0	1	0	1	1	-	1	1	1	1	1	24732
MMSeqs2	50.9027725843058	7.82000000000024e-23	1916	0	692	0	1	0	0	1	1	0	-	0	1	0	1	1	-	1	1	1	1	1	24314
MMSeqs2	51.131687232112	6.21999999999977e-23	1916	0	692	0	1	0	0	1	1	0	-	0	1	0	1	1	-	1	1	1	1	1	23884
MMSeqs2	51.2974267763098	5.2699999999999e-23	1916	0	692	0	1	0	0	1	1	0	-	0	1	0	1	1	-	1	1	1	1	1	23474
MMSeqs2	51.5008421161635	4.30000000000016e-23	1916	0	692	0	1	0	0	1	1	0	-	0	1	0	1	1	-	1	1	1	1	1	23084
MMSeqs2	51.7777299434844	3.2600000000001e-23	1916	0	692	0	1	0	0	1	1	0	-	0	1	0	1	1	-	1	1	1	1	1	22661
MMSeqs2	52.0116677399295	2.58000000000006e-23	1916	0	692	0	1	0	0	1	1	0	-	0	1	0	1	1	-	1	1	1	1	1	22235
MMSeqs2	52.2080410501791	2.12000000000007e-23	1916	0	692	0	1	0	0	1	1	0	-	0	1	0	1	1	-	1	1	1	1	1	21820
MMSeqs2	52.4055720256366	1.74000000000002e-23	1916	0	692	0	1	0	0	1	1	0	-	0	1	0	1	1	-	1	1	1	1	1	21408
MMSeqs2	52.6667875249002	1.34000000000004e-23	1916	0	692	0	1	0	0	1	1	0	-	0	1	0	1	1	-	1	1	1	1	1	21066
MMSeqs2	52.9634651602606	9.95999999999992e-24	1916	0	692	0	1	0	0	1	1	0	-	0	1	0	1	1	-	1	1	1	1	1	20560
MMSeqs2	53.2338939845648	7.60000000000007e-24	1916	0	692	0	1	0	0	1	1	0	-	0	1	0	1	1	-	1	1	1	1	1	20177
MMSeqs2	53.5215760570166	5.69999999999994e-24	1916	0	692	0	1	0	0	1	1	0	-	0	1	0	1	1	-	1	1	1	1	1	19744
MMSeqs2	53.8151232489208	4.24999999999988e-24	1916	0	692	0	1	0	0	1	1	0	-	0	1	0	1	1	-	1	1	1	1	1	19336
MMSeqs2	54.1469006412378	3.04999999999993e-24	1916	0	692	0	1	0	0	1	1	0	-	0	1	0	1	1	-	1	1	1	1	1	18903
MMSeqs2	54.5248781658804	2.08999999999995e-24	1916	0	692	0	1	0	0	1	1	0	-	0	1	0	1	1	-	1	1	1	1	1	18506
MMSeqs2	54.9043677875853	1.42999999999997e-24	1916	0	692	0	1	0	0	1	1	0	-	0	1	0	1	1	-	1	1	1	1	1	18096
MMSeqs2	55.3039064359558	9.58999999999993e-25	1916	0	692	0	1	0	0	1	1	0	-	0	1	0	1	1	-	1	1	1	1	1	17683
MMSeqs2	55.7778803974466	5.97000000000018e-25	1916	0	692	0	1	0	0	1	1	0	-	0	1	0	1	1	-	1	1	1	1	1	17272
MMSeqs2	56.1683826328781	4.03999999999993e-25	1916	0	692	0	1	0	0	1	1	0	-	0	1	0	1	1	-	1	1	1	1	1	16856
MMSeqs2	56.6324632438207	2.53999999999999e-25	1916	0	692	0	1	0	0	1	1	0	-	0	1	0	1	1	-	1	1	1	1	1	16419
MMSeqs2	57.159162216743	1.49999999999997e-25	1916	0	692	0	1	0	0	1	1	0	-	0	1	0	1	1	-	1	1	1	1	1	16026
MMSeqs2	57.637198017686	9.29999999999976e-26	1916	0	692	0	1	0	0	1	1	0	-	0	1	0	1	1	-	1	1	1	1	1	15613
MMSeqs2	58.17159680917	5.4500000000002e-26	1916	0	692	0	1	0	0	1	1	0	-	0	1	0	1	1	-	1	1	1	1	1	15205
MMSeqs2	58.732589691654	3.11000000000014e-26	1916	0	692	0	1	0	0	1	1	0	-	0	1	0	1	1	-	1	1	1	1	1	14802
MMSeqs2	59.2612584489876	1.83300000000004e-26	1916	0	692	0	1	0	0	1	1	0	-	0	1	0	1	1	-	1	1	1	1	1	14376
MMSeqs2	59.9111643053744	9.56999999999973e-27	1916	0	692	0	1	0	0	1	1	0	-	0	1	0	1	1	-	1	1	1	1	1	13960
MMSeqs2	60.5385981066236	5.11000000000009e-27	1916	0	692	0	1	0	0	1	1	0	-	0	1	0	1	1	-	1	1	1	1	1	13548
MMSeqs2	61.2985041448958	2.39000000000003e-27	1916	0	692	0	1	0	0	1	1	0	-	0	1	0	1	1	-	1	1	1	1	1	13134
MMSeqs2	62.1115286027153	1.05999999999995e-27	1916	0	692	0	1	0	0	1	1	0	-	0	1	0	1	1	-	1	1	1	1	1	12716
MMSeqs2	63.0091272015773	4.31999999999983e-28	1916	0	692	0	1	0	0	1	1	0	-	0	1	0	1	1	-	1	1	1	1	1	12304
MMSeqs2	64.0276967825718	1.56000000000006e-28	1916	0	692	0	1	0	0	1	1	0	-	0	1	0	1	1	-	1	1	1	1	1	11894
MMSeqs2	65.0275084864958	5.74000000000026e-29	1916	0	692	0	1	0	0	1	1	0	-	0	1	0	1	1	-	1	1	1	1	1	11486
MMSeqs2	66.1927520769747	1.78999999999993e-29	1916	0	692	0	1	0	0	1	1	0	-	0	1	0	1	1	-	1	1	1	1	1	11062
MMSeqs2	67.4079609545675	5.31000000000012e-30	1916	0	692	0	1	0	0	1	1	0	-	0	1	0	1	1	-	1	1	1	1	1	10656
MMSeqs2	68.870538620437	1.23000000000005e-30	1916	0	692	0	1	0	0	1	1	0	-	0	1	0	1	1	-	1	1	1	1	1	10238
MMSeqs2	70.7595613950903	1.86000000000001e-31	1916	0	692	0	1	0	0	1	1	0	-	0	1	0	1	1	-	1	1	1	1	1	9833
MMSeqs2	73.420358711342	1.29999999999996e-32	1916	0	692	0	1	0	0	1	1	0	-	0	1	0	1	1	-	1	1	1	1	1	9410
MMSeqs2	76.1052183654761	8.86999999999964e-34	1916	0	692	0	1	0	0	1	1	0	-	0	1	0	1	1	-	1	1	1	1	1	8989
MMSeqs2	79.740327325422	2.33999999999997e-35	1916	0	692	0	1	0	0	1	1	0	-	0	1	0	1	1	-	1	1	1	1	1	8583
MMSeqs2	87.3159119769798	1.19999999999997e-38	1916	0	692	0	1	0	0	1	1	0	-	0	1	0	1	1	-	1	1	1	1	1	8169
MMSeqs2	106.997723939098	3.40000000000013e-47	1916	0	692	0	1	0	0	1	1	0	-	0	1	0	1	1	-	1	1	1	1	1	7765
MMSeqs2	125.876712272533	2.14999999999988e-55	1915	0	692	1	0.999478079331942	0	0.000521920668058455	1	1	0.00144300144300144	-	0.000521920668058455	0.999616564417178	0	0.998556998556999	0.998556998556999	0	0.999739039665971	0.999738971547899	0.999739005606934	0.999017432791449	0.999478079331942	7343
MMSeqs2	135.388786470417	1.58999999999931e-59	1914	0	692	2	0.998956158663883	0	0.00104384133611691	1	1	0.00288184438040346	-	0.00104384133611691	0.999233128834356	0	0.997118155619596	0.997118155619596	0	0.999478079331942	0.999477806788512	0.999477943060217	0.998036734029248	0.998956158663883	6930
MMSeqs2	140.536192900792	9.24499999999761e-62	1914	0	692	2	0.998956158663883	0	0.00104384133611691	1	1	0.00288184438040346	-	0.00104384133611691	0.999233128834356	0	0.997118155619596	0.997118155619596	0	0.999478079331942	0.999477806788512	0.999477943060217	0.998036734029248	0.998956158663883	6517
MMSeqs2	144.464024357536	1.82000000000031e-63	1914	0	692	2	0.998956158663883	0	0.00104384133611691	1	1	0.00288184438040346	-	0.00104384133611691	0.999233128834356	0	0.997118155619596	0.997118155619596	0	0.999478079331942	0.999477806788512	0.999477943060217	0.998036734029248	0.998956158663883	6109
MMSeqs2	148.9649335332	2.01999999999972e-65	1913	0	692	3	0.998434237995825	0	0.00156576200417537	1	1	0.00431654676258993	-	0.00156576200417537	0.998849693251534	0	0.99568345323741	0.99568345323741	0	0.999217118997912	0.999216505615043	0.999216812306431	0.997057896973965	0.998434237995825	5691
MMSeqs2	154.338273227345	9.36999999999778e-68	1911	0	692	5	0.997390396659708	0	0.00260960334029228	1	1	0.00717360114777618	-	0.00260960334029228	0.99808282208589	0	0.992826398852224	0.992826398852224	0	0.998695198329854	0.998693493598119	0.998694345963622	0.995105781193863	0.997390396659708	5278
MMSeqs2	159.624919373876	4.74000000000102e-70	1904	0	692	12	0.993736951983299	0	0.00626304801670146	1	1	0.0170454545454545	-	0.00626304801670146	0.995398773006135	0	0.982954545454545	0.982954545454545	0	0.996868475991649	0.996858638743455	0.996863557355418	0.988331044710288	0.993736951983299	4881
MMSeqs2	165.681766680247	1.11000000000006e-72	1883	0	692	33	0.982776617954071	0	0.017223382045929	1	1	0.0455172413793103	-	0.017223382045929	0.987346625766871	0	0.95448275862069	0.95448275862069	0	0.991388308977035	0.991313503553567	0.991350905559717	0.968526374144098	0.982776617954071	4490
MMSeqs2	171.104646769437	4.89999999999919e-75	1804	0	692	112	0.941544885177453	0	0.058455114822547	1	1	0.139303482587065	-	0.058455114822547	0.957055214723926	0	0.860696517412935	0.860696517412935	0	0.970772442588727	0.96989247311828	0.970332358100797	0.900213532257873	0.941544885177453	4169
MMSeqs2	176.976968661372	1.38000000000054e-77	1657	0	692	259	0.86482254697286	0	0.13517745302714	1	1	0.272344900105152	-	0.13517745302714	0.90069018404908	0	0.727655099894848	0.727655099894847	0	0.93241127348643	0.927511894766303	0.929958357655255	0.793279608214438	0.86482254697286	3944
MMSeqs2	181.773194084123	1.14000000000024e-79	1613	0	692	303	0.841858037578288	0	0.158141962421712	1	1	0.304522613065327	-	0.158141962421712	0.883819018404908	0	0.695477386934673	0.695477386934673	0	0.920929018789144	0.914139982998016	0.917528221679469	0.765175292429715	0.841858037578288	3601
MMSeqs2	185.448136030393	2.89000000000108e-81	1591	0	692	325	0.830375782881002	0	0.169624217118998	1	1	0.319567354965585	-	0.169624217118998	0.875383435582822	0	0.680432645034415	0.680432645034415	0	0.915187891440501	0.907328200741374	0.911249572225415	0.751674657227609	0.830375782881002	3216
MMSeqs2	190.214401368562	2.45999999999884e-83	1566	0	692	350	0.817327766179541	0	0.182672233820459	1	1	0.335892514395393	-	0.182672233820459	0.86579754601227	0	0.664107485604607	0.664107485604607	0	0.90866388308977	0.899483055715106	0.904061815463711	0.736745198635407	0.817327766179541	2820
MMSeqs2	196.35461117693	5.29999999999918e-86	1458	0	692	458	0.760960334029228	0	0.239039665970772	1	1	0.398260869565217	-	0.239039665970772	0.824386503067485	0	0.601739130434783	0.601739130434783	0	0.880480167014614	0.864256075874333	0.872330404164172	0.676682798432256	0.760960334029228	2526
MMSeqs2	201.032149195421	4.93000000000208e-88	1352	0	692	564	0.705636743215031	0	0.294363256784969	1	1	0.449044585987261	-	0.294363256784969	0.783742331288344	0	0.550955414012739	0.550955414012739	0	0.852818371607516	0.827417380660955	0.84002187067661	0.623517749547387	0.705636743215031	2226
MMSeqs2	205.72414637562	4.5199999999999e-90	1313	0	692	603	0.685281837160752	0	0.314718162839248	1	1	0.465637065637066	-	0.314718162839248	0.768788343558282	0	0.534362934362934	0.534362934362934	0	0.842640918580376	0.813254877671106	0.827817514408068	0.605135698311413	0.685281837160752	1850
MMSeqs2	213.755151247656	1.46999999999944e-93	1268	0	692	648	0.661795407098121	0	0.338204592901879	1	1	0.483582089552239	-	0.338204592901879	0.751533742331288	0	0.516417910447761	0.516417910447761	0	0.830897703549061	0.796482412060301	0.813508086682684	0.584604995939598	0.661795407098121	1485
MMSeqs2	220.406315041256	1.9e-96	1212	0	692	704	0.632567849686848	0	0.367432150313152	1	1	0.504297994269341	-	0.367432150313152	0.730061349693252	0	0.495702005730659	0.495702005730659	0	0.816283924843424	0.774936061381074	0.79534134161808	0.559968884716375	0.632567849686848	1144
MMSeqs2	229.429957481838	2.29000000000099e-100	1105	0	692	811	0.576722338204593	0	0.423277661795407	1	1	0.5395874916833	-	0.423277661795407	0.689033742331288	0	0.4604125083167	0.4604125083167	0	0.788361169102296	0.731545845746442	0.759422371414349	0.515296204464043	0.576722338204593	855
MMSeqs2	249.173486365172	6.09999999999819e-109	954	0	692	962	0.497912317327766	0	0.502087682672234	1	1	0.581620314389359	-	0.502087682672234	0.631134969325153	0	0.418379685610641	0.418379685610641	0	0.748956158663883	0.664808362369338	0.705629022452851	0.456416913342677	0.497912317327766	611
MMSeqs2	267.185428675671	9.17999999999946e-117	765	0	692	1151	0.399269311064718	0	0.600730688935282	1	1	0.624525230602279	-	0.600730688935282	0.558665644171779	0	0.375474769397721	0.375474769397721	0	0.699634655532359	0.570682581126445	0.631877607662052	0.387189298017923	0.399269311064718	393
MMSeqs2	287.25215707767	1.76999999999994e-125	530	0	692	1386	0.276617954070981	0	0.723382045929019	1	1	0.666987487969201	-	0.723382045929019	0.468558282208589	0	0.333012512030799	0.333012512030799	0	0.638308977035491	0.433360588716271	0.5259448203671	0.303508220247817	0.276617954070981	223
MMSeqs2	321.198762209361	3.19999999999907e-140	253	0	692	1663	0.132045929018789	0	0.867954070981211	1	1	0.706157112526539	-	0.867954070981211	0.362346625766871	0	0.293842887473461	0.293842887473461	0	0.566022964509395	0.233287229137852	0.363381244726237	0.196979077726536	0.132045929018789	121
MMSeqs2	515.1531223998	1.86999999999941e-224	0	0	692	1916	0	0	1	1	-	0.734662576687117	-	1	0.265337423312883	-	0.265337423312883	-	0	0.5	0	-	-	0	0
