unifrac.S3.10.ribosomal_protein_S19_rpsS.unifrac	Richness R	Shannon H	Simpson λ	Simpson dominance 1/λ	Gini 1-λ	Pielou J	Hmax	Efficiency η	
CS1_filtp_woHU_1	159	4.61891445813799	0.0175871959497392	56.8595473012188	0.982412804050261	0.911225439240864	5.06890420222023	0.911225439240865	
ERR4182668_filtp_woHU_1	399	4.9003236639242	0.0191762691471146	52.1477870553598	0.980823730852885	0.818225953185217	5.98896141688986	0.818225953185218	
ERR4182669_filtp_woHU_1	482	5.623969558977	0.00768723620880371	130.085764615215	0.992312763791196	0.910330274141896	6.1779441140506	0.910330274141898	
ERR4182670_filtp_woHU_1	578	5.45103349548516	0.0113589205713819	88.0365342565596	0.988641079428618	0.857138168067716	6.35957386867238	0.857138168067705	
ERR4182673_filtp_woHU_1	719	6.45686606664307	0.00189215093352009	528.499065420557	0.99810784906648	0.981605679338931	6.57786135772105	0.98160567933894	
ERR4183043_filtp_woHU_1	734	6.27169011126528	0.00324018340558875	308.624505105228	0.996759816594411	0.950470793336497	6.59850902861452	0.950470793336482	
ERR4183044_filtp_woHU_1	707	6.31286428659869	0.00269204832415059	371.464357095271	0.997307951675849	0.962175701968927	6.56103066589657	0.962175701968943	
ERR4183116_filtp_woHU_1	532	5.52778794645271	0.00913526486926978	109.465901023178	0.99086473513073	0.880691719362336	6.27664348934164	0.880691719362333	
ERR4183117_filtp_woHU_1	438	5.31626260159378	0.0125981014117847	79.3770400248221	0.987401898588215	0.874066303750443	6.08221891037645	0.874066303750445	
ERR4183124_filtp_woHU_1	518	5.39239889909467	0.0141592613238302	70.6251531862747	0.98584073867617	0.86278724156117	6.24997524225948	0.862787241561181	
ERR4183125_filtp_woHU_1	354	5.16981464901943	0.0117821895663791	84.8738678295871	0.988217810433621	0.88082349990693	5.86929691313377	0.880823499906928	
ERR5891181_filtp_woHU_1	209	5.2744736217072	0.00572916666666667	174.545454545454	0.994270833333333	0.987297569366302	5.34233425196481	0.987297569366299	
ERR5891183_filtp_woHU_1	154	4.44571115712942	0.0255056513979774	39.2069970845481	0.974494348602023	0.882619216031356	5.03695260241363	0.882619216031357	
ERR5891186_filtp_woHU_1	140	4.22061387509502	0.0296109129343375	33.771332961517	0.970389087065663	0.854091315022028	4.9416424226093	0.854091315022029	
ERR5891188_filtp_woHU_1	226	5.37201423039417	0.00499807766243751	200.076923076924	0.995001922337562	0.991048712187149	5.42053499927229	0.991048712187145	
ERR5891191_filtp_woHU_1	244	5.43778565482139	0.00473616345963102	211.141361256545	0.995263836540369	0.98919760719736	5.4971682252932	0.989197607197366	
ERR5891194_filtp_woHU_1	294	5.33464670402321	0.00818438052555102	122.183957219251	0.991815619474449	0.938606815141285	5.68357976733868	0.938606815141293	
HTP3_filtp_woHU_1	173	5.06763936202942	0.0073513031855647	136.030303030303	0.992648696814435	0.98337912169383	5.15329159449778	0.983379121693834	
IA6_filtp_woHU_1	160	4.78740756280978	0.0131333760677389	76.1418842224748	0.986866623932261	0.943299232124764	5.07517381523383	0.943299232124762	
RDP_CKDN230001569-1A_HT3KTDSX5_L3_filtp_woHU_1	422	4.57540791155979	0.0254005146071708	39.3692811136074	0.974599485392829	0.756890635139072	6.04500531403601	0.756890635139071	
RUP_CKDN230001570-1A_HT3KTDSX5_L3_filtp_woHU_1	773	5.96206570313354	0.00618985204491722	161.554750055964	0.993810147955083	0.896513613876087	6.65027904858742	0.896513613876094	
SRR13165308_filtp_woHU_1	1191	6.20062037112401	0.00942407505988806	106.111209179172	0.990575924940112	0.875478693919981	7.0825485693553	0.875478693919978	
SRR17689980_filtp_woHU_1	341	5.46675389578927	0.00673942863958969	148.380530973451	0.99326057136041	0.937390956879446	5.83188247728352	0.937390956879448	
SRR17689983_filtp_woHU_1	280	5.26589314313812	0.0100048305588585	99.9517177344473	0.989995169441142	0.934532345302893	5.63478960316925	0.934532345302896	
SRR17689995_filtp_woHU_1	213	4.73020639710694	0.0187890808339263	53.2224012892829	0.981210919166074	0.882288495180531	5.36129216570943	0.882288495180529	
SRR17689998_filtp_woHU_1	293	5.21662848687813	0.00980029585798812	102.037735849057	0.990199704142012	0.918392599301811	5.68017260901707	0.918392599301811	
SRR17689999_filtp_woHU_1	186	4.67286395422453	0.0180530016224986	55.3924505692032	0.981946998377501	0.894200244671292	5.2257466737132	0.894200244671295	
SRR17690002_filtp_woHU_1	262	5.22695085322048	0.00914440923494791	109.356435643565	0.990855590765052	0.938690278536103	5.5683445037611	0.938690278536104	
SRR20770298_filtp_woHU_1	418	5.87516871564715	0.00348531499652918	286.91811242193	0.996514685003471	0.97343828844975	6.03548143252476	0.973438288449749	
SRR20770299_filtp_woHU_1	365	5.4340277284085	0.00732325962030859	136.551215148352	0.992676740379691	0.921037672817967	5.89989735358249	0.921037672817968	
SRR24605825_filtp_woHU_1	699	5.60479513797686	0.0142995586083691	69.9322284965305	0.985700441391631	0.855739543764634	6.54965074223381	0.855739543764632	
SRR24605827_filtp_woHU_1	1090	6.44557416977673	0.0029720358134801	336.469700487577	0.99702796418652	0.921595072845409	6.99393297522319	0.921595072845403	
SRR24605828_filtp_woHU_1	584	5.84864685584981	0.00624457466907362	160.139009139008	0.993755425330926	0.918169194720044	6.36990098282823	0.918169194720042	
SRR24605834_filtp_woHU_1	258	4.74972879546364	0.0160885998622472	62.1558127221844	0.983911400137753	0.855350867015303	5.55295958492162	0.855350867015302	
SRR24605835_filtp_woHU_1	882	6.39627697491085	0.00287995163290596	347.228053615251	0.997120048367094	0.9430987683762	6.78219205600679	0.943098768376211	
SRR24605838_filtp_woHU_1	829	5.9702980628873	0.00547608795387969	182.612114418564	0.99452391204612	0.88840810644054	6.7202201551353	0.888408106440555	
SRR24605839_filtp_woHU_1	1001	6.58081530251745	0.0021256045105595	470.454402515724	0.99787439548944	0.952532766428529	6.90875477931522	0.952532766428517	
SRR24605841_filtp_woHU_1	939	6.3637782992964	0.00314575406525665	317.888804800261	0.996854245934743	0.929722403566166	6.84481547920826	0.929722403566172	
SRR24605842_filtp_woHU_1	446	5.00655168500233	0.0229918761004203	43.4936233838577	0.97700812389958	0.820703265579983	6.10031895202006	0.820703265579984	
SRR5830676_filtp_woHU_1	380	5.32647847595105	0.00936357254052076	106.796844438649	0.990636427459479	0.896687696253146	5.94017125272043	0.896687696253137	
SRR5881985_filtp_woHU_1	1057	5.66958359346423	0.0187960413527794	53.202692057928	0.981203958647221	0.814222160384679	6.96318998587024	0.814222160384676	
SRR5882128_filtp_woHU_1	360	5.70260389784904	0.00427554091039064	233.888535031848	0.995724459089609	0.968824857219537	5.88610403145016	0.968824857219543	
SRR5882551_filtp_woHU_1	376	5.11605253879256	0.0135720154960218	73.6810240375219	0.986427984503978	0.862800510301083	5.92958914338989	0.862800510301084	
SRR6263181_filtp_woHU_1	264	4.08588969479977	0.0682074969905659	14.6611449491881	0.931792503009434	0.732770263719632	5.57594910314632	0.73277026371963	
SRR6263202_filtp_woHU_1	445	5.23424264174806	0.0129721384107883	77.0882924875629	0.987027861589212	0.85834353593487	6.09807428216624	0.858343535934862	
SRR6263206_filtp_woHU_1	570	4.85588588727999	0.0380614035474981	26.2733348430535	0.961938596452502	0.765232296835541	6.3456363608286	0.765232296835537	
SRR6263248_filtp_woHU_1	468	5.16989219759127	0.0108646222777136	92.0418560755012	0.989135377722286	0.840842295799734	6.14846829591765	0.840842295799732	
SRR6263258_filtp_woHU_1	782	5.09613431678184	0.0368913968721662	27.1065908256372	0.963108603127834	0.764972296043293	6.66185474054531	0.764972296043296	
SRR6263259_filtp_woHU_1	365	4.02731934826168	0.0740863571394125	13.4977617824864	0.925913642860588	0.682608375519659	5.89989735358249	0.682608375519668	
SRR6263322_filtp_woHU_1	473	4.92344767575406	0.0331274400020704	30.1864556976785	0.96687255999793	0.79937837705085	6.15909538849193	0.799378377050848	
SRR6263654_filtp_woHU_1	436	5.10390742293124	0.0210570685495036	47.4899911945993	0.978942931450496	0.839784116697	6.07764224334903	0.839784116696997	
SRR6263655_filtp_woHU_1	342	4.82096531028888	0.0272343097018421	36.7183898159299	0.972765690298158	0.82624193440692	5.8348107370626	0.826241934406919	
SRR6263736_filtp_woHU_1	341	4.74420502970844	0.0293778191000636	34.039286462821	0.970622180899936	0.813494621708887	5.83188247728352	0.813494621708889	
SRR6263737_filtp_woHU_1	343	4.85835359411086	0.0300277869905604	33.3024874698346	0.96997221300944	0.832233286219898	5.83773044716594	0.832233286219894	
SRR6265700_filtp_woHU_1	411	4.95609893768509	0.0328056097293071	30.4825914912547	0.967194390270693	0.823464680375466	6.01859321449623	0.82346468037546	
SRR6265795_filtp_woHU_1	189	3.65684240834815	0.0758790299928216	13.1788716868759	0.924120970007178	0.697638096199982	5.24174701505964	0.697638096199982	
SRR6265865_filtp_woHU_1	283	4.16534903781899	0.0604728793374938	16.53633845379	0.939527120662506	0.737824500582561	5.64544689764324	0.73782450058256	
SRR6265866_filtp_woHU_1	443	5.18100090315072	0.0174153977542921	57.4204513792139	0.982584602245708	0.850240679711187	6.09356977004514	0.85024067971119	
SRR6266047_filtp_woHU_1	252	4.13401195959008	0.0750911433348866	13.3171497408192	0.924908856665113	0.747638118540486	5.52942908751142	0.747638118540489	
SRR6266108_filtp_woHU_1	280	4.43838048517771	0.0429749527410209	23.2693682300544	0.957025047258979	0.787674571324078	5.63478960316925	0.787674571324082	
SRR6266133_filtp_woHU_1	528	5.82586166345905	0.00579534502931515	172.552280311457	0.994204654970685	0.929298482558131	6.26909628370626	0.929298482558126	
SRR6266134_filtp_woHU_1	467	5.4804990575955	0.00866529329249928	115.402902849879	0.991334706707501	0.891670268194203	6.1463292576689	0.891670268194204	
SRR6266221_filtp_woHU_1	294	4.78654615126718	0.0186469882070474	53.627963341665	0.981353011792953	0.842171016719708	5.68357976733868	0.842171016719704	
SRR6266334_filtp_woHU_1	631	6.19955702061619	0.00310312579703575	322.255707762555	0.996896874202964	0.961573276154859	6.44730586254121	0.961573276154871	
SRR6266336_filtp_woHU_1	564	6.10120373851732	0.00361561053755784	276.578461538463	0.996384389462442	0.963086265137281	6.33505425149806	0.963086265137268	
SRR6266338_filtp_woHU_1	384	5.38996564221309	0.00824394567634159	121.301138952164	0.991756054323658	0.905778761634605	5.95064255258773	0.905778761634601	
SRR6266341_filtp_woHU_1	265	4.39301347336165	0.0475083099281097	21.0489491525423	0.95249169007189	0.787316520757379	5.57972982598622	0.78731652075738	
SRR6266357_filtp_woHU_1	331	4.80627182037652	0.0237277243252955	42.1447917335219	0.976272275674705	0.828365005576808	5.80211837537706	0.828365005576814	
SRR6266358_filtp_woHU_1	582	5.88664686134882	0.00723862504255066	138.147782779426	0.992761374957449	0.924632715988874	6.36647044773144	0.924632715988886	
SRR6429832_filtp_woHU_1	173	5.04290842336006	0.00822635831978449	121.560471976402	0.991773641680216	0.978580064971371	5.15329159449778	0.978580064971371	
SRR6429834_filtp_woHU_1	190	5.10897362388445	0.00836422208853269	119.556844547564	0.991635777911467	0.973689762734557	5.24702407216049	0.973689762734552	
shotgun_illumina_1st_ARH_ECA53_filtp_woHU_1	364	5.82886743504513	0.00326333166967403	306.435294117649	0.996736668330326	0.988420442449981	5.89715386763674	0.988420442449972	
shotgun_illumina_1st_COP_ECA53_filtp_woHU_1	314	5.39179613741647	0.00786590576171875	127.130940834142	0.992134094238281	0.937802677714281	5.74939298590825	0.937802677714276	
shotgun_illumina_1st_DEH_ECA53_filtp_woHU_1	370	5.62403511490518	0.00582666677451792	171.624710782047	0.994173333225482	0.951049675554896	5.91350300563827	0.951049675554885	
shotgun_illumina_1st_DEP_ECA53_filtp_woHU_1	359	5.7846960605232	0.00371011357490533	269.533527696794	0.996289886425095	0.983236287007141	5.88332238848828	0.983236287007143	
shotgun_illumina_2nd_BARR2_ECA53_filtp_woHU_1	332	5.71787370995624	0.00382653061224487	261.333333333335	0.996173469387755	0.984968263541247	5.80513496891649	0.984968263541246	
shotgun_illumina_2nd_PRH_ECA55_filtp_woHU_1	479	6.09082091268509	0.00255610054996712	391.220916568742	0.997443899450033	0.986895073173227	6.17170059741091	0.986895073173211	
shotgun_illumina_2nd_PRP_ECA55_filtp_woHU_1	377	5.40600088285762	0.0163140492514909	61.2968604289711	0.983685950748509	0.911290870831862	5.93224518744801	0.911290870831852	
shotgun_illumina_3rd_ARH_ECA55_filtp_woHU_1	819	6.26749403745394	0.00408828124999997	244.60156697879	0.99591171875	0.934319540290249	6.70808408385307	0.934319540290238	
shotgun_illumina_3rd_COP_ECA55_filtp_woHU_1	969	6.59588429956982	0.00208302860446806	480.070219801598	0.997916971395532	0.959224909431772	6.87626461189077	0.959224909431795	
shotgun_illumina_3rd_DEP_ECA55_filtp_woHU_1	1076	6.76517864220906	0.00179509663693404	557.073073073083	0.998204903363066	0.969083666948774	6.98100574072173	0.96908366694877	
unifrac.S3.11.pheS.unifrac	Richness R	Shannon H	Simpson λ	Simpson dominance 1/λ	Gini 1-λ	Pielou J	Hmax	Efficiency η	
CS1_filtp_woHU_1	172	4.70892061345863	0.0159366598608661	62.7484057971014	0.984063340139134	0.914798575242704	5.14749447681345	0.914798575242701	
ERR4182668_filtp_woHU_1	433	5.09920011073075	0.0147028818469689	68.0138771710361	0.985297118153031	0.839963829636334	6.07073772800249	0.83996382963634	
ERR4182669_filtp_woHU_1	543	5.76175979986922	0.00780623998977319	128.102646256082	0.992193760010227	0.91498487752626	6.29710931993394	0.914984877526259	
ERR4182670_filtp_woHU_1	738	5.81717596326835	0.0085861342165681	116.46684931507	0.991413865783432	0.880863937939429	6.60394382460047	0.880863937939438	
ERR4182673_filtp_woHU_1	796	6.5899731911697	0.00166675073020649	599.969738651991	0.998333249269793	0.986582129828295	6.67959918584438	0.986582129828311	
ERR4183043_filtp_woHU_1	763	6.37120403578022	0.00263861964198667	378.986036519867	0.997361380358013	0.959915074229418	6.63725803128446	0.959915074229414	
ERR4183044_filtp_woHU_1	696	6.31009269876448	0.00271111406827358	368.852056688561	0.997288885931726	0.964057388256028	6.54534966033442	0.964057388256039	
ERR4183116_filtp_woHU_1	761	6.00487604510923	0.00637742479113624	156.803103564603	0.993622575208864	0.905080314346801	6.63463335786169	0.905080314346802	
ERR4183117_filtp_woHU_1	506	5.6851106578879	0.00679768948999715	147.108808290156	0.993202310510003	0.913045399046606	6.22653666928747	0.913045399046612	
ERR4183124_filtp_woHU_1	592	5.77891892537874	0.00633304306003152	157.901973904315	0.993666956939968	0.905289092017017	6.38350663488401	0.905289092017025	
ERR4183125_filtp_woHU_1	465	5.45302859084424	0.0108592981729724	92.0869824247844	0.989140701827028	0.887820804523865	6.14203740558736	0.887820804523852	
ERR5891181_filtp_woHU_1	172	5.08860711315482	0.00681130834976991	146.814671814671	0.99318869165023	0.988559994785057	5.14749447681345	0.988559994785054	
ERR5891183_filtp_woHU_1	108	4.19572658029002	0.0297496570644719	33.613832853026	0.970250342935528	0.896114691528424	4.68213122712422	0.896114691528422	
ERR5891186_filtp_woHU_1	117	4.22589645665049	0.0271073430808225	36.890373099954	0.972892656919177	0.887388095124241	4.76217393479776	0.88738809512424	
ERR5891188_filtp_woHU_1	198	5.24072770631954	0.00570247933884296	175.36231884058	0.994297520661157	0.991010415302581	5.28826703069454	0.991010415302579	
ERR5891191_filtp_woHU_1	156	5.02182838132467	0.0068735827664399	145.484536082474	0.99312641723356	0.9944498168097	5.04985600724954	0.994449816809697	
ERR5891194_filtp_woHU_1	257	5.35389324746421	0.00663010302160082	150.827218934911	0.993369896978399	0.964826065736906	5.54907608489522	0.964826065736903	
HTP3_filtp_woHU_1	150	4.94367673123415	0.00802768166089965	124.568965517241	0.9919723183391	0.986636711927327	5.01063529409626	0.986636711927331	
IA6_filtp_woHU_1	229	5.30539178246243	0.00614872685185186	162.635294117647	0.993851273148148	0.976382630357631	5.43372200355424	0.976382630357631	
RDP_CKDN230001569-1A_HT3KTDSX5_L3_filtp_woHU_1	434	4.92521238755643	0.0182168099841549	54.8943531205411	0.981783190015845	0.810995598649269	6.07304453410041	0.810995598649265	
RUP_CKDN230001570-1A_HT3KTDSX5_L3_filtp_woHU_1	627	5.7959985802489	0.00730129919552726	136.961925983337	0.992698700804473	0.899867518490435	6.44094654063292	0.89986751849044	
SRR13165308_filtp_woHU_1	1247	6.40825923625898	0.00533997602642461	187.266758324672	0.994660023973575	0.898963720410401	7.12849594568004	0.898963720410397	
SRR17689980_filtp_woHU_1	346	5.60526892163941	0.00501582663744826	199.368932038835	0.994984173362552	0.958749272386603	5.84643877505772	0.9587492723866	
SRR17689983_filtp_woHU_1	288	5.31671934514669	0.00943100812319255	106.033203125	0.990568991876807	0.938858634771729	5.66296048013595	0.938858634771727	
SRR17689995_filtp_woHU_1	192	4.68699182058441	0.0194289724134906	51.469525959368	0.980571027586509	0.891487578956568	5.25749537202778	0.891487578956568	
SRR17689998_filtp_woHU_1	293	5.16273300722721	0.0122854826359173	81.3968835930341	0.987714517364083	0.9089042468589	5.68017260901707	0.908904246858895	
SRR17689999_filtp_woHU_1	224	4.87081445792908	0.0158162609247515	63.2260687122999	0.984183739075249	0.900061536038453	5.41164605185504	0.900061536038456	
SRR17690002_filtp_woHU_1	271	5.31843108593267	0.0079834801202882	125.258657243816	0.992016519879712	0.94936063585626	5.6021188208797	0.949360635856257	
SRR20770298_filtp_woHU_1	408	5.886012964548	0.00320532828152605	311.980524978834	0.996794671718474	0.9791634265751	6.01126717440416	0.979163426575106	
SRR20770299_filtp_woHU_1	382	5.49594646121028	0.00730206557909256	136.947551233068	0.992697934420907	0.924399941234496	5.94542060860658	0.924399941234497	
SRR24605825_filtp_woHU_1	704	6.05169218212483	0.0043261173309129	231.154155911203	0.995673882669087	0.9229673253239	6.55677835615804	0.922967325323911	
SRR24605827_filtp_woHU_1	1143	6.57159113854153	0.00250909375209059	398.550273048504	0.997490906247909	0.933277509157861	7.04141166379481	0.933277509157863	
SRR24605828_filtp_woHU_1	587	6.0723120555068	0.00321201085770589	311.331450701954	0.996787989142294	0.952515829682768	6.3750248198281	0.952515829682763	
SRR24605834_filtp_woHU_1	229	4.56552309561836	0.0217073111724005	46.0674282529952	0.9782926888276	0.840220219700605	5.43372200355424	0.840220219700603	
SRR24605835_filtp_woHU_1	1014	6.57950148813916	0.00211776316491457	472.196332700092	0.997882236835085	0.950567235926874	6.92165818415113	0.950567235926891	
SRR24605838_filtp_woHU_1	882	6.07161309740654	0.00537739331867085	185.963707829944	0.994622606681329	0.895228717687091	6.78219205600679	0.895228717687086	
SRR24605839_filtp_woHU_1	1050	6.67238755192891	0.00190138684706435	525.93190151912	0.998098613152936	0.959152442322878	6.95654544315157	0.95915244232289	
SRR24605841_filtp_woHU_1	1016	6.47526146984343	0.0026069395655246	383.591554336155	0.997393060434475	0.935241015603758	6.92362862813843	0.935241015603738	
SRR24605842_filtp_woHU_1	439	5.36159352782476	0.00942132068206422	106.142231407508	0.990578679317936	0.881188930070905	6.08449941307517	0.881188930070906	
SRR5830676_filtp_woHU_1	449	5.57702480009289	0.00786207766500421	127.192841715519	0.992137922334996	0.913214982587808	6.10702288774225	0.913214982587813	
SRR5881985_filtp_woHU_1	1107	5.85258038938254	0.0171301073222242	58.3767504306658	0.982869892677776	0.834960614449547	7.00940893270864	0.83496061444956	
SRR5882128_filtp_woHU_1	332	5.66012648907345	0.00424952969631819	235.320158102767	0.995750470303682	0.975020653159749	5.80513496891649	0.975020653159743	
SRR5882551_filtp_woHU_1	441	5.2733631305675	0.0144843976824552	69.0398055841347	0.985515602317545	0.866041101426521	6.08904487544685	0.866041101426517	
SRR6263181_filtp_woHU_1	297	3.9817690291936	0.116991448830467	8.5476332671895	0.883008551169533	0.699324965088874	5.6937321388027	0.699324965088869	
SRR6263202_filtp_woHU_1	560	5.60805567999862	0.00799644107863137	125.055632895522	0.992003558921369	0.886237627154939	6.32793678372919	0.886237627154945	
SRR6263206_filtp_woHU_1	599	4.72950017056788	0.0786620129366163	12.712616454473	0.921337987063384	0.739531932823759	6.39526159811545	0.739531932823757	
SRR6263248_filtp_woHU_1	542	5.41336290966392	0.00872093899585864	114.666551443013	0.991279061004141	0.859910114747487	6.29526600143965	0.85991011474749	
SRR6263258_filtp_woHU_1	800	5.18050223135955	0.048664947322951	20.5486711690817	0.951335052677049	0.774989250298144	6.68461172766793	0.774989250298152	
SRR6263259_filtp_woHU_1	380	4.05924944218398	0.0996934564236429	10.0307486155415	0.900306543576357	0.683355625534358	5.94017125272043	0.683355625534361	
SRR6263322_filtp_woHU_1	469	4.78933816891669	0.054010179031665	18.5150284248034	0.945989820968335	0.778677854711553	6.15060276844628	0.778677854711553	
SRR6263654_filtp_woHU_1	437	5.14870148659313	0.0192941574469125	51.8291613796291	0.980705842553088	0.846835207127992	6.07993319509559	0.846835207127982	
SRR6263655_filtp_woHU_1	350	4.6029737703215	0.0609129184494738	16.4168788075633	0.939087081550526	0.785767547859187	5.85793315448346	0.78576754785919	
SRR6263736_filtp_woHU_1	355	4.78273490107446	0.0362549477335073	27.5824421910775	0.963745052266493	0.814482112338848	5.87211778947542	0.814482112338851	
SRR6263737_filtp_woHU_1	373	5.00674935960516	0.0210470565382607	47.5125820174491	0.978952943461739	0.845509255268178	5.92157841964382	0.845509255268181	
SRR6265700_filtp_woHU_1	408	4.99501434966411	0.0243241346349877	41.1114317120086	0.975675865365012	0.830941996877592	6.01126717440416	0.830941996877594	
SRR6265795_filtp_woHU_1	241	3.63841172460286	0.134821847933134	7.41719547187899	0.865178152066866	0.663363068628192	5.48479693349065	0.663363068628194	
SRR6265865_filtp_woHU_1	293	4.33416628860979	0.0663672577345154	15.0676709289426	0.933632742265485	0.763034257397294	5.68017260901707	0.763034257397289	
SRR6265866_filtp_woHU_1	453	5.20933611673983	0.0215325131241559	46.4413974455294	0.978467486875844	0.85177043836894	6.11589212548303	0.851770438368932	
SRR6266047_filtp_woHU_1	240	4.20269832255584	0.0888616395825073	11.2534497978907	0.911138360417493	0.766826346588276	5.48063892334199	0.766826346588271	
SRR6266108_filtp_woHU_1	319	4.45367782200848	0.070417503797113	14.2010146068398	0.929582496202887	0.77251174204046	5.76519110278484	0.772511742040459	
SRR6266133_filtp_woHU_1	537	5.87643673311152	0.00703729906841255	142.099971918001	0.992962700931587	0.934845452505766	6.28599809450886	0.934845452505766	
SRR6266134_filtp_woHU_1	485	5.57214668592821	0.00786271808999082	127.182481751825	0.992137281910009	0.901036954995355	6.18414889093748	0.901036954995357	
SRR6266221_filtp_woHU_1	331	4.83889541735418	0.0227228894412733	44.0084876786674	0.977277110558727	0.833987710055935	5.80211837537706	0.833987710055939	
SRR6266334_filtp_woHU_1	513	6.06937131834921	0.00308147036236778	324.520401757688	0.996918529637632	0.972612664718368	6.24027584517077	0.972612664718369	
SRR6266336_filtp_woHU_1	574	6.15927568281991	0.00298898261009914	334.562000000003	0.997011017389901	0.969563199513626	6.35262939631957	0.969563199513629	
SRR6266338_filtp_woHU_1	394	5.46260547459089	0.00784660286464822	127.443687064291	0.992153397135352	0.914036936166555	5.97635090929793	0.914036936166558	
SRR6266341_filtp_woHU_1	261	4.25430617306968	0.0602718990493431	16.5914798732544	0.939728100950657	0.764541391109138	5.56452040732269	0.764541391109139	
SRR6266357_filtp_woHU_1	383	5.11913143356212	0.0181518529539679	55.0907944514504	0.981848147046032	0.860642454671789	5.94803498918065	0.860642454671789	
SRR6266358_filtp_woHU_1	584	5.95578238595696	0.00554825095365634	180.236980690463	0.994451749046344	0.934988220697993	6.36990098282823	0.934988220697994	
SRR6429832_filtp_woHU_1	165	5.03829966580731	0.00748701847602949	133.564516129032	0.99251298152397	0.986751560814926	5.10594547390058	0.986751560814926	
SRR6429834_filtp_woHU_1	175	5.11614884800638	0.00655135550012334	152.640167364017	0.993448644499877	0.990582934866479	5.16478597392351	0.990582934866484	
shotgun_illumina_1st_ARH_ECA53_filtp_woHU_1	374	5.8493408156371	0.00335486348532447	298.074721780604	0.996645136514676	0.987354532900128	5.92425579741453	0.987354532900129	
shotgun_illumina_1st_COP_ECA53_filtp_woHU_1	342	5.55740807969923	0.00603165029126522	165.792105263158	0.993968349708735	0.952457299839852	5.8348107370626	0.952457299839842	
shotgun_illumina_1st_DEH_ECA53_filtp_woHU_1	392	5.66736486809814	0.00575129283263259	173.873949579831	0.994248707167367	0.949106741615775	5.97126183979046	0.949106741615771	
shotgun_illumina_1st_DEP_ECA53_filtp_woHU_1	406	5.94950568068006	0.00286214703746424	349.388059701491	0.997137852962536	0.990535441821166	6.00635315960173	0.990535441821165	
shotgun_illumina_2nd_BARR2_ECA53_filtp_woHU_1	380	5.87335633109322	0.0031247463679896	320.025974025975	0.99687525363201	0.988752020979764	5.94017125272043	0.988752020979768	
shotgun_illumina_2nd_PRH_ECA55_filtp_woHU_1	491	6.13875731986239	0.00237730086426495	420.645116918844	0.997622699135735	0.990690336789551	6.19644412779452	0.990690336789545	
shotgun_illumina_2nd_PRP_ECA55_filtp_woHU_1	372	5.37603226539046	0.0193900689527514	51.572792362768	0.980609931047249	0.908283270109539	5.91889385427315	0.908283270109541	
shotgun_illumina_3rd_ARH_ECA55_filtp_woHU_1	852	6.36876722571879	0.0032855716985768	304.361034164364	0.996714428301423	0.943858548592999	6.74758652682932	0.943858548593018	
shotgun_illumina_3rd_COP_ECA55_filtp_woHU_1	1033	6.72389960591589	0.00164251406962798	608.822790922268	0.998357485930372	0.968830557785969	6.94022246911964	0.968830557785982	
shotgun_illumina_3rd_DEP_ECA55_filtp_woHU_1	1095	6.81760432496027	0.00157989726502847	632.9525483304	0.998420102734972	0.974150879753285	6.9985096422506	0.974150879753286	
unifrac.S3.12.ribosomal_L1.unifrac	Richness R	Shannon H	Simpson λ	Simpson dominance 1/λ	Gini 1-λ	Pielou J	Hmax	Efficiency η	
CS1_filtp_woHU_1	145	4.62417709614552	0.015844286032524	63.1142355008786	0.984155713967476	0.929159029893453	4.97673374242057	0.929159029893455	
ERR4182668_filtp_woHU_1	430	5.09960037885803	0.0148590714263294	67.2989563956236	0.985140928573671	0.84099291174625	6.06378520868761	0.840992911746251	
ERR4182669_filtp_woHU_1	534	5.78640186848908	0.00709342221350845	140.975677169708	0.992906577786491	0.921343497585512	6.2803958389602	0.921343497585516	
ERR4182670_filtp_woHU_1	656	5.63356628366941	0.0100930709582187	99.0778727445395	0.989906929041781	0.86855174686265	6.48616078894409	0.868551746862643	
ERR4182673_filtp_woHU_1	766	6.54700550802657	0.00166364870982347	601.088435374144	0.998336351290177	0.985819292513444	6.64118216974059	0.98581929251345	
ERR4183043_filtp_woHU_1	762	6.37019799055647	0.00261980549046092	381.707727402336	0.997380194509539	0.959953178811779	6.63594655568665	0.959953178811767	
ERR4183044_filtp_woHU_1	729	6.33403507625472	0.0026753874382121	373.777638975639	0.997324612561788	0.960914531539559	6.59167373200866	0.960914531539545	
ERR4183116_filtp_woHU_1	584	5.63898829326072	0.00831399216862834	120.279160686891	0.991686007831372	0.885255250978331	6.36990098282823	0.885255250978325	
ERR4183117_filtp_woHU_1	479	5.5894503872951	0.00736308847934323	135.812574139975	0.992636911520657	0.905658059569502	6.17170059741091	0.905658059569502	
ERR4183124_filtp_woHU_1	543	5.61717020186092	0.0076550100378836	130.633401530649	0.992344989962116	0.892023612180176	6.29710931993394	0.892023612180183	
ERR4183125_filtp_woHU_1	361	5.19534295255793	0.0117764628533859	84.9151406878074	0.988223537146614	0.882229686082458	5.88887795833288	0.882229686082454	
ERR5891181_filtp_woHU_1	231	5.3865341539476	0.00500579850560033	199.768328445748	0.9949942014944	0.98973185088933	5.44241771052179	0.989731850889336	
ERR5891183_filtp_woHU_1	153	4.45027746176373	0.0267775258251448	37.3447497177268	0.973222474174855	0.884669989234633	5.03043792139244	0.884669989234632	
ERR5891186_filtp_woHU_1	141	4.43246034017907	0.0201978014634636	49.5103391232423	0.979802198536536	0.895670923294756	4.94875989037817	0.895670923294755	
ERR5891188_filtp_woHU_1	251	5.48422996837092	0.00442523678898606	225.976608187135	0.995574763211014	0.992539440437738	5.52545293913178	0.992539440437733	
ERR5891191_filtp_woHU_1	235	5.40577526237946	0.00491771993951939	203.346268656716	0.995082280060481	0.990143894325807	5.45958551414416	0.990143894325814	
ERR5891194_filtp_woHU_1	286	5.40421604624622	0.00811250000000003	123.26656394453	0.9918875	0.955485125687065	5.65599181081985	0.955485125687068	
HTP3_filtp_woHU_1	166	5.06308308772519	0.00679040289723856	147.266666666667	0.993209597102761	0.990433329918599	5.11198778835654	0.9904333299186	
IA6_filtp_woHU_1	189	5.08197093960023	0.00807381776239904	123.857142857143	0.991926182237601	0.969518545057522	5.24174701505964	0.969518545057517	
RDP_CKDN230001569-1A_HT3KTDSX5_L3_filtp_woHU_1	522	4.88487658539103	0.0191654538568947	52.1772146627383	0.980834546143105	0.780622574911156	6.25766758788264	0.780622574911163	
RUP_CKDN230001570-1A_HT3KTDSX5_L3_filtp_woHU_1	758	5.93402344495235	0.00787021006463524	127.061411549038	0.992129789935365	0.894933915529955	6.63068338564237	0.894933915529951	
SRR13165308_filtp_woHU_1	1331	6.43450325243721	0.00613016297315912	163.127800089246	0.993869837026841	0.894465426330327	7.19368581839511	0.894465426330328	
SRR17689980_filtp_woHU_1	344	5.58535639356885	0.00549642992138547	181.936277602523	0.994503570078615	0.956291572265478	5.8406416573734	0.956291572265477	
SRR17689983_filtp_woHU_1	309	5.40370209259178	0.00786849454783049	127.089113924051	0.99213150545217	0.942504873094816	5.73334127689775	0.942504873094814	
SRR17689995_filtp_woHU_1	224	4.91295090041895	0.0143927941546989	69.4792122538294	0.985607205845301	0.907847788518034	5.41164605185504	0.907847788518035	
SRR17689998_filtp_woHU_1	291	5.17715226130244	0.0112067642092087	89.2318229715489	0.988793235790791	0.912543145788972	5.67332326717149	0.912543145788975	
SRR17689999_filtp_woHU_1	186	4.46739347538326	0.031269623532998	31.9799181126925	0.968730376467002	0.854881369939985	5.2257466737132	0.854881369939982	
SRR17690002_filtp_woHU_1	287	5.32414611317947	0.0086271904625108	115.912591050988	0.991372809537489	0.940747918308434	5.65948221575962	0.940747918308429	
SRR20770298_filtp_woHU_1	346	5.68753397891957	0.00419473659574619	238.39399141631	0.995805263404254	0.97282024113276	5.84643877505772	0.972820241132748	
SRR20770299_filtp_woHU_1	381	5.54546759182643	0.00637910041694682	156.761915417319	0.993620899583053	0.933140636555345	5.9427993751267	0.93314063655534	
SRR24605825_filtp_woHU_1	641	5.81453142727059	0.00642901795315118	155.544751513697	0.993570982046849	0.899660362996542	6.46302945692067	0.899660362996543	
SRR24605827_filtp_woHU_1	1087	6.48708455802696	0.0030315258116757	329.86689281964	0.996968474188324	0.927895926932865	6.99117688712121	0.927895926932875	
SRR24605828_filtp_woHU_1	607	6.11292860821911	0.0030394432522182	329.007623113278	0.996960556747782	0.953873940107318	6.4085287910595	0.953873940107322	
SRR24605834_filtp_woHU_1	193	4.35573856327458	0.0273168754253585	36.6074078542559	0.972683124574641	0.82766387663435	5.26269018890489	0.827663876634353	
SRR24605835_filtp_woHU_1	731	6.22930651509211	0.00317574592412182	314.886651480636	0.996824254075878	0.944633901576513	6.59441345974978	0.944633901576524	
SRR24605838_filtp_woHU_1	748	5.9668382690792	0.00571989272638803	174.828453580365	0.994280107273612	0.901688817945555	6.61740297797448	0.901688817945572	
SRR24605839_filtp_woHU_1	948	6.59088223506766	0.00191983334162582	520.878546235239	0.998080166658374	0.961561330523439	6.85435450225502	0.961561330523437	
SRR24605841_filtp_woHU_1	908	6.41492147470419	0.0028110150773843	355.743378271211	0.997188984922616	0.941813436448967	6.81124437860129	0.941813436448976	
SRR24605842_filtp_woHU_1	393	5.04104538184991	0.0226545743167194	44.1411957699857	0.977345425683281	0.843857723860825	5.97380961186926	0.843857723860828	
SRR5830676_filtp_woHU_1	470	5.6481447775326	0.00664876809288661	150.403802032121	0.993351231907113	0.917989624739294	6.1527326947041	0.917989624739288	
SRR5881985_filtp_woHU_1	1103	5.81482482809827	0.0183856327867499	54.3902954877177	0.98161436721325	0.830002846519901	7.0057890192535	0.830002846519915	
SRR5882128_filtp_woHU_1	325	5.62783859477867	0.00449494733744383	222.472016895458	0.995505052662556	0.973030549397029	5.78382518232974	0.973030549397026	
SRR5882551_filtp_woHU_1	414	5.28420274067013	0.0124852926264834	80.0942380700662	0.987514707373517	0.876920058232832	6.02586597382531	0.876920058232833	
SRR6263181_filtp_woHU_1	283	3.90358952567688	0.108800189296562	9.19116047927316	0.891199810703438	0.691458018550574	5.64544689764324	0.691458018550575	
SRR6263202_filtp_woHU_1	455	5.44167719802153	0.00878753675806634	113.79753252037	0.991212463241934	0.889119731530018	6.12029741895095	0.88911973153002	
SRR6263206_filtp_woHU_1	601	4.85096850482569	0.0558244858403707	17.9132863464159	0.944175514159629	0.758130269919651	6.39859493453521	0.758130269919644	
SRR6263248_filtp_woHU_1	516	5.43613809977859	0.00837769044950668	119.364639458466	0.991622309550493	0.870324236181941	6.24610676548156	0.870324236181943	
SRR6263258_filtp_woHU_1	789	5.20239775280787	0.039919436236756	25.050453971072	0.960080563763244	0.779880077128558	6.67076632084587	0.779880077128555	
SRR6263259_filtp_woHU_1	399	4.0899630438168	0.0974194999103486	10.264885376339	0.902580500089651	0.682916913153327	5.98896141688986	0.682916913153328	
SRR6263322_filtp_woHU_1	476	4.87158447604725	0.0453126886849416	22.0688736206537	0.954687311315058	0.790146684495002	6.16541785423142	0.79014668449501	
SRR6263654_filtp_woHU_1	450	5.11784363653977	0.0251370838532398	39.7818619629227	0.97486291614676	0.837720777756399	6.10924758276437	0.837720777756397	
SRR6263655_filtp_woHU_1	353	4.78377738630966	0.0381023011176856	26.2451340382652	0.961897698882314	0.8154442059317	5.8664680569333	0.815444205931698	
SRR6263736_filtp_woHU_1	368	5.05505107972584	0.01983642578125	50.4123076923077	0.98016357421875	0.855616133461479	5.90808293816893	0.855616133461482	
SRR6263737_filtp_woHU_1	407	5.09443398612527	0.0254807505848623	39.2453117371701	0.974519249415138	0.847826988275727	6.00881318544259	0.847826988275721	
SRR6265700_filtp_woHU_1	436	5.02608687839054	0.0338915079626774	29.5059163818039	0.966108492037323	0.826979719625773	6.07764224334903	0.826979719625774	
SRR6265795_filtp_woHU_1	241	3.94109537268416	0.0863566118201326	11.5798892397822	0.913643388179867	0.718549003814432	5.48479693349065	0.718549003814429	
SRR6265865_filtp_woHU_1	266	4.2855425475516	0.0559569943289227	17.8708669397407	0.944043005671077	0.767537455126695	5.5834963087817	0.767537455126697	
SRR6265866_filtp_woHU_1	452	5.30794287750457	0.0166560829868907	60.0381254576517	0.983343917013109	0.86820719843998	6.11368217983223	0.868207198439982	
SRR6266047_filtp_woHU_1	238	4.22438160797961	0.0699188765135897	14.3022893081761	0.93008112348641	0.77196137762414	5.47227067367148	0.771961377624142	
SRR6266108_filtp_woHU_1	342	4.58151058107481	0.0526237808228868	19.0028155401006	0.947376219177113	0.785202946168098	5.8348107370626	0.785202946168102	
SRR6266133_filtp_woHU_1	529	6.00583293033115	0.00384285578175118	260.223140495869	0.996157144218249	0.957717111997832	6.2709884318583	0.957717111997831	
SRR6266134_filtp_woHU_1	458	5.52178192961087	0.00940195651943257	106.360840739173	0.990598043480567	0.901240382923109	6.12686918411419	0.901240382923108	
SRR6266221_filtp_woHU_1	293	4.85229679424661	0.0168957270408163	59.1865622345947	0.983104272959184	0.854251644843286	5.68017260901707	0.854251644843286	
SRR6266334_filtp_woHU_1	575	6.17753074046056	0.00272908637765581	366.42299349241	0.997270913622344	0.972170443458373	6.35437004079735	0.972170443458374	
SRR6266336_filtp_woHU_1	563	6.13280725109253	0.0031393302862918	318.539277108433	0.996860669713708	0.968346198365151	6.33327962813969	0.968346198365168	
SRR6266338_filtp_woHU_1	371	5.42790445447126	0.00784865743861244	127.41032562848	0.992151342561388	0.917464345712193	5.91620206260743	0.917464345712189	
SRR6266341_filtp_woHU_1	294	4.57766483249246	0.0398423557406307	25.0989175065322	0.960157644259369	0.805419299083039	5.68357976733868	0.805419299083037	
SRR6266357_filtp_woHU_1	376	5.09862182344317	0.0161667831949713	61.8552242545723	0.983833216805029	0.859860894262285	5.92958914338989	0.85986089426228	
SRR6266358_filtp_woHU_1	591	5.87445720239557	0.0090534111102101	110.455604835203	0.99094658888979	0.920499304018365	6.3818160174061	0.92049930401837	
SRR6429832_filtp_woHU_1	169	4.99078083058403	0.00873705621301774	114.455026455027	0.991262943786982	0.972880968598007	5.12989871492307	0.972880968598005	
SRR6429834_filtp_woHU_1	142	4.8219883911664	0.0112391022723294	88.9750778816199	0.988760897727671	0.972993676962641	4.95582705760126	0.97299367696264	
shotgun_illumina_1st_ARH_ECA53_filtp_woHU_1	395	5.91050510667458	0.00299510555920814	333.878048780486	0.997004894440792	0.98856297629435	5.97888576490112	0.988562976294353	
shotgun_illumina_1st_COP_ECA53_filtp_woHU_1	350	5.62643349295129	0.0051217970062367	195.243973703433	0.994878202993763	0.960480999795126	5.85793315448346	0.960480999795134	
shotgun_illumina_1st_DEH_ECA53_filtp_woHU_1	361	5.64149015429409	0.00516825109400933	193.489051094892	0.994831748905991	0.957990672282701	5.88887795833288	0.957990672282702	
shotgun_illumina_1st_DEP_ECA53_filtp_woHU_1	339	5.77001043970676	0.00340698262776184	293.514851485149	0.996593017372238	0.990389689900149	5.82600010738045	0.990389689900147	
shotgun_illumina_2nd_BARR2_ECA53_filtp_woHU_1	386	5.87607045184775	0.00319369496621961	313.116941529235	0.99680630503378	0.986606934899526	5.95583736946483	0.986606934899524	
shotgun_illumina_2nd_PRH_ECA55_filtp_woHU_1	459	6.05612415999144	0.00276531357612438	361.622641509435	0.997234686423876	0.988101574049858	6.12905021006055	0.988101574049847	
shotgun_illumina_2nd_PRP_ECA55_filtp_woHU_1	345	5.31736115937646	0.0154049552120585	64.9141776937613	0.984595044787941	0.909954777425613	5.84354441703136	0.909954777425606	
shotgun_illumina_3rd_ARH_ECA55_filtp_woHU_1	802	6.27404063191534	0.00358204512540239	279.170129071913	0.996417954874598	0.938229210833326	6.68710860786651	0.93822921083332	
shotgun_illumina_3rd_COP_ECA55_filtp_woHU_1	922	6.59375641171271	0.00196044135438077	510.089219330851	0.998039558645619	0.965899469758057	6.82654522355659	0.965899469758049	
shotgun_illumina_3rd_DEP_ECA55_filtp_woHU_1	1051	6.76696146639278	0.00179061100400345	558.468588523246	0.998209388995997	0.972614304493779	6.95749737087695	0.972614304493762	
unifrac.S3.13.ribosomal_S9.unifrac	Richness R	Shannon H	Simpson λ	Simpson dominance 1/λ	Gini 1-λ	Pielou J	Hmax	Efficiency η	
CS1_filtp_woHU_1	148	4.47896312168383	0.0226590354663164	44.1325051759834	0.977340964533684	0.896292347875406	4.99721227376411	0.896292347875405	
ERR4182668_filtp_woHU_1	440	5.16918329059535	0.0138957969732926	71.9642062935991	0.986104203026707	0.849248333068763	6.08677472691231	0.849248333068764	
ERR4182669_filtp_woHU_1	551	5.84830102158229	0.00541107216032133	184.80625842192	0.994588927839679	0.92657584616854	6.31173480915291	0.92657584616853	
ERR4182670_filtp_woHU_1	644	5.58105100609105	0.0104460529439231	95.7299379361979	0.989553947056077	0.862911406736573	6.46769872610435	0.862911406736571	
ERR4182673_filtp_woHU_1	838	6.62723163696988	0.00160079043814939	624.691387559799	0.998399209561851	0.984580866970961	6.73101810048208	0.984580866970939	
ERR4183043_filtp_woHU_1	824	6.4621506724532	0.0025459795262555	392.776135741653	0.997454020473745	0.962464483686613	6.71417052990947	0.962464483686618	
ERR4183044_filtp_woHU_1	753	6.3767142263722	0.00257284311338367	388.67507886435	0.997427156886616	0.962658731017683	6.62406522779989	0.962658731017685	
ERR4183116_filtp_woHU_1	623	5.73540993610657	0.00735387223523096	135.982781317467	0.992646127764769	0.891346409472749	6.43454651878745	0.891346409472743	
ERR4183117_filtp_woHU_1	497	5.48139962652925	0.0120427985343969	83.0371775417297	0.987957201465603	0.882873503241353	6.20859002609663	0.882873503241359	
ERR4183124_filtp_woHU_1	630	5.84271211987044	0.00582184844847759	171.766752235108	0.994178151551522	0.906448353882589	6.44571981938558	0.906448353882596	
ERR4183125_filtp_woHU_1	383	5.20352592553555	0.0128727157223183	77.6836855230348	0.987127284277682	0.874831088754632	5.94803498918065	0.874831088754638	
ERR5891181_filtp_woHU_1	228	5.35110499346027	0.00535123432415138	186.872773536895	0.994648765675849	0.985589306549777	5.42934562895444	0.98558930654977	
ERR5891183_filtp_woHU_1	138	4.42996815906153	0.0224126789783355	44.6176024279211	0.977587321021664	0.899074503187508	4.92725368515721	0.899074503187509	
ERR5891186_filtp_woHU_1	145	4.36153014249054	0.0245064899945917	40.8055172413792	0.975493510005408	0.876384063972284	4.97673374242057	0.876384063972283	
ERR5891188_filtp_woHU_1	248	5.47845460039501	0.00442748941857877	225.861635220125	0.995572510581421	0.993656552504773	5.51342874616498	0.993656552504776	
ERR5891191_filtp_woHU_1	208	5.29058606365211	0.00542508917954816	184.328767123288	0.994574910820452	0.991203432116435	5.33753807970132	0.991203432116433	
ERR5891194_filtp_woHU_1	323	5.55183054249033	0.00608856823979592	164.242225859247	0.993911431760204	0.960914612354803	5.77765232322266	0.960914612354795	
HTP3_filtp_woHU_1	169	5.07397466514369	0.00680199808693804	147.015625	0.993198001913062	0.989098410536508	5.12989871492307	0.989098410536511	
IA6_filtp_woHU_1	186	4.96670749203829	0.00982476299913818	101.783625730994	0.990175237000862	0.950430206849111	5.2257466737132	0.95043020684911	
RDP_CKDN230001569-1A_HT3KTDSX5_L3_filtp_woHU_1	460	4.98239331356507	0.0157458251936681	63.5088976093888	0.984254174806332	0.812625878706543	6.13122648948314	0.81262587870654	
RUP_CKDN230001570-1A_HT3KTDSX5_L3_filtp_woHU_1	799	6.04748455417773	0.00537886118865788	185.91295906811	0.994621138811342	0.904856793348659	6.68336094576627	0.904856793348662	
SRR13165308_filtp_woHU_1	1327	6.34920850059194	0.00707172992844021	141.408115145676	0.99292827007156	0.882977966227008	7.19067603433221	0.882977966227023	
SRR17689980_filtp_woHU_1	331	5.55417148972934	0.00550215882045413	181.746843853821	0.994497841179546	0.957266144948032	5.80211837537706	0.95726614494803	
SRR17689983_filtp_woHU_1	284	5.29828914216788	0.00892017012307581	112.105485232067	0.991079829876924	0.937920570849076	5.64897423816121	0.937920570849073	
SRR17689995_filtp_woHU_1	218	4.87973384096881	0.0144045745965193	69.4223903177005	0.985595425403481	0.906256535490475	5.38449506278909	0.906256535490474	
SRR17689998_filtp_woHU_1	253	5.20038264617911	0.00832500279988881	120.120079720977	0.991674997200111	0.939818651257643	5.53338948872752	0.939818651257641	
SRR17689999_filtp_woHU_1	181	4.59229190191307	0.0213943981491881	46.7412073490813	0.978605601850812	0.883388385968714	5.19849703126583	0.883388385968716	
SRR17690002_filtp_woHU_1	272	5.32444791734931	0.00770349798320437	129.811158798284	0.992296502016796	0.949810188511956	5.605802066296	0.949810188511953	
SRR20770298_filtp_woHU_1	407	5.80514071345903	0.00403665926455641	247.729603729605	0.995963340735444	0.966104376072634	6.00881318544259	0.966104376072644	
SRR20770299_filtp_woHU_1	392	5.52581565861714	0.0069566342575259	143.74767495045	0.993043365742474	0.925401666661975	5.97126183979046	0.925401666661972	
SRR24605825_filtp_woHU_1	707	5.65157873783667	0.0125904391865199	79.4253468989913	0.98740956081348	0.861385813544948	6.56103066589657	0.861385813544957	
SRR24605827_filtp_woHU_1	1037	6.46997541576135	0.00262361518921149	381.153457302763	0.997376384810788	0.931724389649615	6.94408720822953	0.931724389649618	
SRR24605828_filtp_woHU_1	633	6.12055333363376	0.00305254789371914	327.595187632463	0.996947452106281	0.948853794077123	6.45047042214418	0.948853794077136	
SRR24605834_filtp_woHU_1	211	4.48567111484544	0.0213134545540087	46.9187196972683	0.978686545445991	0.83815209651904	5.35185813347607	0.838152096519041	
SRR24605835_filtp_woHU_1	885	6.42480968474263	0.00252624795620712	395.843962008142	0.997473752043793	0.946831729374136	6.78558764500793	0.946831729374145	
SRR24605838_filtp_woHU_1	871	6.13786295723129	0.00439511219140397	227.525477496528	0.995604887808596	0.906674677659252	6.7696419768525	0.906674677659242	
SRR24605839_filtp_woHU_1	1022	6.66460200545312	0.0017722932969318	564.240694094597	0.998227706703068	0.961770095365347	6.92951677076365	0.961770095365364	
SRR24605841_filtp_woHU_1	898	6.39936459444676	0.00274783189151653	363.923281874459	0.997252168108483	0.941059492655378	6.8001700683022	0.941059492655386	
SRR24605842_filtp_woHU_1	427	5.10523319588514	0.0139793850453424	71.5339048718154	0.986020614954658	0.842895038808516	6.05678401322862	0.842895038808518	
SRR5830676_filtp_woHU_1	492	5.71046703349718	0.00590380042105042	169.382419574081	0.99409619957895	0.921269120163843	6.19847871649231	0.921269120163843	
SRR5881985_filtp_woHU_1	1102	5.84205803426753	0.0169723245079197	58.9194485135715	0.98302767549208	0.833998066326739	7.00488198971286	0.833998066326733	
SRR5882128_filtp_woHU_1	295	5.54033216635881	0.00484792022497111	206.274021352313	0.995152079775029	0.97421420336954	5.68697535633982	0.974214203369537	
SRR5882551_filtp_woHU_1	450	5.27814622637144	0.0133106510311633	75.1278053687057	0.986689348968837	0.863960112086853	6.10924758276437	0.863960112086852	
SRR6263181_filtp_woHU_1	315	4.09853135690552	0.0919093563105863	10.8802850998187	0.908090643689414	0.712469292302968	5.75257263882563	0.712469292302961	
SRR6263202_filtp_woHU_1	523	5.72185668805891	0.0056670027349273	176.46012306236	0.994332997265073	0.914095730027161	6.25958146406492	0.914095730027158	
SRR6263206_filtp_woHU_1	647	4.86402649356777	0.0593176581400414	16.8583863786249	0.940682341859959	0.751509000329663	6.4723462945009	0.751509000329665	
SRR6263248_filtp_woHU_1	546	5.43183966649897	0.00852591750248153	117.289429519925	0.991474082497518	0.861838497202979	6.30261897574491	0.861838497202979	
SRR6263258_filtp_woHU_1	861	5.36331541240845	0.0399943879962191	25.003507994535	0.960005612003781	0.793613556142865	6.75809450442773	0.793613556142874	
SRR6263259_filtp_woHU_1	409	4.10413071483614	0.0931002994329886	10.7411040145985	0.906899700567011	0.682461774184992	6.0137151560428	0.682461774184995	
SRR6263322_filtp_woHU_1	532	4.97977062863185	0.0416907428937422	23.9861401018618	0.958309257106258	0.793381149827609	6.27664348934164	0.793381149827608	
SRR6263654_filtp_woHU_1	474	5.24755328218761	0.0166058310376491	60.2198106034427	0.983394168962351	0.851708603232636	6.16120732169508	0.851708603232634	
SRR6263655_filtp_woHU_1	394	4.68141113266961	0.0563312509989872	17.7521354890198	0.943668749001013	0.783322666911397	5.97635090929793	0.783322666911395	
SRR6263736_filtp_woHU_1	350	4.87016048935078	0.0267433660687402	37.3924508018039	0.97325663393126	0.83137863832115	5.85793315448346	0.831378638321147	
SRR6263737_filtp_woHU_1	422	5.12300458120493	0.0206884054096795	48.336253094312	0.979311594590321	0.847477266779191	6.04500531403601	0.847477266779188	
SRR6265700_filtp_woHU_1	452	5.12918844318317	0.0230170955278906	43.4459681843117	0.976982904472109	0.838968774023501	6.11368217983223	0.838968774023503	
SRR6265795_filtp_woHU_1	227	3.61072965405284	0.126196825396825	7.92412960354197	0.873803174603175	0.665578418679913	5.4249500174814	0.665578418679912	
SRR6265865_filtp_woHU_1	286	4.17867665424512	0.0650098815947332	15.3822769011321	0.934990118405267	0.738805287209107	5.65599181081985	0.738805287209107	
SRR6265866_filtp_woHU_1	486	5.37600221997958	0.0186836484329713	53.5227369315773	0.981316351567029	0.869030216538339	6.18620862390049	0.869030216538339	
SRR6266047_filtp_woHU_1	238	4.16743271600558	0.0803804393569565	12.4408376963351	0.919619560643044	0.761554565649719	5.47227067367148	0.761554565649715	
SRR6266108_filtp_woHU_1	325	4.44287194940679	0.0551336102672205	18.1377565364071	0.944866389732779	0.768154605187634	5.78382518232974	0.768154605187631	
SRR6266133_filtp_woHU_1	526	6.00381364168805	0.00342474746590574	291.992332268368	0.996575252534094	0.958264166051899	6.26530121273771	0.958264166051898	
SRR6266134_filtp_woHU_1	472	5.64120040809891	0.00715850986121254	139.693877551021	0.992841490138787	0.916228627920582	6.15697898558556	0.916228627920585	
SRR6266221_filtp_woHU_1	360	4.9958870760488	0.0155815420794325	64.1785001062247	0.984418457920568	0.848759561393272	5.88610403145016	0.848759561393271	
SRR6266334_filtp_woHU_1	562	6.1030137469917	0.00353353827662723	283.002452984464	0.996466461723373	0.963912495278537	6.33150184989369	0.963912495278542	
SRR6266336_filtp_woHU_1	601	6.23019146329989	0.00263048518298094	380.158005249348	0.997369514817019	0.973681179546717	6.39859493453521	0.973681179546711	
SRR6266338_filtp_woHU_1	414	5.51786745467036	0.00753611407475152	132.694382022471	0.992463885925248	0.915697009963123	6.02586597382531	0.915697009963125	
SRR6266341_filtp_woHU_1	322	4.59319549901197	0.0431972009024531	23.1496481047042	0.956802799097547	0.795420295893979	5.77455154554441	0.795420295893982	
SRR6266357_filtp_woHU_1	370	5.12650447573243	0.014055886091105	71.1445719976939	0.985944113908895	0.86691500297616	5.91350300563827	0.866915002976158	
SRR6266358_filtp_woHU_1	609	5.90295512591248	0.00998104394182484	100.189920596339	0.990018956058175	0.920636686732051	6.4118182677099	0.920636686732035	
SRR6429832_filtp_woHU_1	171	5.07330757389271	0.00716145833333332	139.636363636364	0.992838541666667	0.986705473460335	5.14166355650266	0.986705473460331	
SRR6429834_filtp_woHU_1	138	4.81239626166884	0.0101130279595479	98.8823529411764	0.989886972040452	0.976689362710436	4.92725368515721	0.976689362710433	
shotgun_illumina_1st_ARH_ECA53_filtp_woHU_1	368	5.83169880383445	0.00330476845770523	302.593059936908	0.996695231542295	0.987071248807121	5.90808293816893	0.987071248807125	
shotgun_illumina_1st_COP_ECA53_filtp_woHU_1	324	5.4923120753291	0.00666924727020534	149.941958887545	0.993330752729795	0.950104785020255	5.78074351579233	0.950104785020256	
shotgun_illumina_1st_DEH_ECA53_filtp_woHU_1	350	5.57351435177821	0.00558404558404557	179.081632653062	0.994415954415954	0.951447243386933	5.85793315448346	0.951447243386942	
shotgun_illumina_1st_DEP_ECA53_filtp_woHU_1	381	5.89203094014639	0.0030062283737024	332.642725598529	0.996993771626298	0.991457151457476	5.9427993751267	0.991457151457463	
shotgun_illumina_2nd_BARR2_ECA53_filtp_woHU_1	394	5.89852921647227	0.0031124985547462	321.285289747401	0.996887501445254	0.986978393001558	5.97635090929793	0.986978393001545	
shotgun_illumina_2nd_PRH_ECA55_filtp_woHU_1	501	6.14323361081898	0.00241352950776021	414.330960854095	0.99758647049224	0.988197339662058	6.21660610108486	0.988197339662045	
shotgun_illumina_2nd_PRP_ECA55_filtp_woHU_1	358	5.32822236625201	0.0208062379666536	48.0625090226649	0.979193762033346	0.906078135872043	5.8805329864007	0.906078135872037	
shotgun_illumina_3rd_ARH_ECA55_filtp_woHU_1	828	6.30813652142582	0.00361489614307962	276.633120404968	0.99638510385692	0.938848663707218	6.71901315438526	0.938848663707228	
shotgun_illumina_3rd_COP_ECA55_filtp_woHU_1	1019	6.73362861237875	0.00155958075786078	641.197959746352	0.998440419242139	0.972143755866929	6.92657703322272	0.972143755866924	
shotgun_illumina_3rd_DEP_ECA55_filtp_woHU_1	1103	6.79594594177872	0.00183780273853459	544.12803889789	0.998162197261465	0.970047188561048	7.0057890192535	0.970047188561028	
unifrac.S3.14.hisS.unifrac	Richness R	Shannon H	Simpson λ	Simpson dominance 1/λ	Gini 1-λ	Pielou J	Hmax	Efficiency η	
CS1_filtp_woHU_1	149	4.72349757642266	0.012482782369146	80.1103448275861	0.987517217630854	0.943954488642377	5.00394630594546	0.943954488642382	
ERR4182668_filtp_woHU_1	484	5.19060896773459	0.014605283083291	68.4683750597097	0.985394716916709	0.839621106157109	6.18208490671663	0.839621106157114	
ERR4182669_filtp_woHU_1	636	6.03135192933485	0.00490509075580239	203.86982622433	0.995094909244198	0.934340263921183	6.45519856334012	0.934340263921167	
ERR4182670_filtp_woHU_1	786	5.94099226760244	0.00704450000000007	141.954716445453	0.9929555	0.891110060042515	6.66695679242921	0.891110060042532	
ERR4182673_filtp_woHU_1	877	6.68976401873549	0.0014459974844996	691.564135290357	0.9985540025155	0.987199456337264	6.77650699237218	0.987199456337272	
ERR4183043_filtp_woHU_1	899	6.55553778756216	0.00220309197649525	453.907513017606	0.997796908023505	0.963867810578692	6.80128303447162	0.963867810578705	
ERR4183044_filtp_woHU_1	822	6.47129883443233	0.00237322477850025	421.367587705681	0.9976267752215	0.964175974267277	6.71174039505618	0.96417597426727	
ERR4183116_filtp_woHU_1	799	6.19935986118457	0.00456810356791195	218.909222423145	0.995431896432088	0.927581184300945	6.68336094576627	0.927581184300955	
ERR4183117_filtp_woHU_1	514	5.6425456473595	0.00791113374578753	126.40413272402	0.992088866254212	0.903932045908336	6.24222326545517	0.903932045908327	
ERR4183124_filtp_woHU_1	625	5.82359610644697	0.00651577659933741	153.473647347223	0.993484223400663	0.90460092642521	6.4377516497364	0.904600926425204	
ERR4183125_filtp_woHU_1	425	5.4199301427681	0.00931926262544476	107.304627006611	0.990680737374555	0.895546974191614	6.05208916892442	0.895546974191607	
ERR5891181_filtp_woHU_1	187	5.19587186610574	0.00588177629644151	170.016666666667	0.994118223703559	0.9932639994063	5.23110861685459	0.993263999406303	
ERR5891183_filtp_woHU_1	119	4.19075955048115	0.0330312217266393	30.2743873137914	0.966968778273361	0.876888734204415	4.77912349311153	0.876888734204414	
ERR5891186_filtp_woHU_1	116	4.20580337976232	0.027801513671875	35.9692645444566	0.972198486328125	0.88476355989439	4.75359019110636	0.88476355989439	
ERR5891188_filtp_woHU_1	191	5.22464782236337	0.00562283737024223	177.846153846153	0.994377162629758	0.994740257516728	5.25227342804663	0.994740257516734	
ERR5891191_filtp_woHU_1	187	5.22139395637362	0.00547960069444443	182.495049504951	0.994520399305556	0.998142905989438	5.23110861685459	0.998142905989435	
ERR5891194_filtp_woHU_1	266	5.50323587219874	0.00461016164499826	216.912133891214	0.995389838355002	0.985625416021728	5.5834963087817	0.985625416021728	
HTP3_filtp_woHU_1	153	5.00027047005339	0.00704020902888665	142.041237113402	0.992959790971113	0.994003016872398	5.03043792139244	0.994003016872394	
IA6_filtp_woHU_1	183	5.08073051395214	0.00805371732422522	124.166265060241	0.991946282675775	0.975284387920091	5.20948615284142	0.975284387920086	
RDP_CKDN230001569-1A_HT3KTDSX5_L3_filtp_woHU_1	522	5.04695083950791	0.0141757329740217	70.5430895060303	0.985824267025978	0.806522680955574	6.25766758788264	0.806522680955577	
RUP_CKDN230001570-1A_HT3KTDSX5_L3_filtp_woHU_1	875	6.14258516296752	0.00521692506219451	191.683796120956	0.994783074937805	0.906758510792339	6.77422388635761	0.906758510792345	
SRR13165308_filtp_woHU_1	1507	6.61930432626495	0.00503264972961948	198.702483527621	0.994967350270381	0.904538987350911	7.3178761986265	0.904538987350906	
SRR17689980_filtp_woHU_1	387	5.71115186311841	0.00462136407385368	216.386327503974	0.995378635926146	0.958500301228841	5.95842469302978	0.958500301228838	
SRR17689983_filtp_woHU_1	346	5.4936103157641	0.00699398105115973	142.980084258905	0.99300601894884	0.9396507048361	5.84643877505772	0.939650704836106	
SRR17689995_filtp_woHU_1	231	4.84500567353914	0.0156896575909327	63.7362539114886	0.984310342409067	0.890230395982343	5.44241771052179	0.890230395982344	
SRR17689998_filtp_woHU_1	339	5.43411674817096	0.00793740881116057	125.985699337286	0.992062591188839	0.932735435635669	5.82600010738045	0.932735435635668	
SRR17689999_filtp_woHU_1	245	4.93181605705987	0.0152639558610627	65.5138162808063	0.984736044138937	0.896488742812806	5.50125821054473	0.896488742812808	
SRR17690002_filtp_woHU_1	321	5.49094249494277	0.00609939306532061	163.950738916256	0.993900606934679	0.951398858239565	5.77144112313002	0.951398858239572	
SRR20770298_filtp_woHU_1	479	6.04060346679945	0.00278531751041534	359.025495750709	0.997214682489585	0.978758345687336	6.17170059741091	0.978758345687337	
SRR20770299_filtp_woHU_1	455	5.73463697434401	0.00507772257961125	196.938683498648	0.994922277420389	0.936986649796988	6.12029741895095	0.936986649796994	
SRR24605825_filtp_woHU_1	752	6.16205683398173	0.00356956695272174	280.146027023675	0.996430433047278	0.930439705367379	6.62273632394984	0.930439705367377	
SRR24605827_filtp_woHU_1	1202	6.63415624713632	0.00224189887961871	446.050448167437	0.997758101120381	0.935476239754286	7.09174211509515	0.935476239754284	
SRR24605828_filtp_woHU_1	652	6.19434157780272	0.0027450499116024	364.292101128412	0.997254950088398	0.955910336511792	6.48004456192665	0.955910336511805	
SRR24605834_filtp_woHU_1	239	4.58894363444739	0.0208461972133481	47.9703799098518	0.979153802786652	0.837939226826206	5.47646355193151	0.837939226826204	
SRR24605835_filtp_woHU_1	1008	6.59436922260961	0.00198261239239028	504.385024444631	0.99801738760761	0.953532811366929	6.91572344863131	0.95353281136693	
SRR24605838_filtp_woHU_1	924	6.20509846614893	0.00420759795041666	237.665293068454	0.995792402049583	0.908677712729681	6.82871207164168	0.908677712729695	
SRR24605839_filtp_woHU_1	1075	6.74173610944601	0.00159422507907356	627.264000000002	0.998405774920926	0.96585426388691	6.98007594056176	0.965854263886919	
SRR24605841_filtp_woHU_1	1055	6.565303870336	0.00222191464821221	450.062292358807	0.997778085351788	0.943115165198753	6.96129604591017	0.943115165198748	
SRR24605842_filtp_woHU_1	471	5.24882968125539	0.0168376456702122	59.3907259712157	0.983162354329788	0.852794589424923	6.15485809401642	0.852794589424919	
SRR5830676_filtp_woHU_1	531	5.80166338442918	0.00560812007660199	178.312872467223	0.994391879923398	0.92460293550398	6.27476202124194	0.924602935503968	
SRR5881985_filtp_woHU_1	1419	5.92544144532355	0.0139976300847999	71.440664879829	0.9860023699152	0.816434294256694	7.25770767716004	0.816434294256678	
SRR5882128_filtp_woHU_1	381	5.81774331842154	0.00353549902914073	282.845502645504	0.996464500970859	0.978956708983215	5.9427993751267	0.978956708983217	
SRR5882551_filtp_woHU_1	564	5.54270043321368	0.0106049557888253	94.2955369086707	0.989395044211175	0.874925488112906	6.33505425149806	0.874925488112911	
SRR6263181_filtp_woHU_1	424	4.38814089836709	0.0550163075247103	18.1764288624942	0.94498369247529	0.725344501677528	6.04973345523196	0.725344501677524	
SRR6263202_filtp_woHU_1	619	5.60590329437371	0.00883175592489999	113.227766766134	0.9911682440751	0.872092639520898	6.4281052726846	0.872092639520899	
SRR6263206_filtp_woHU_1	814	5.01780858408705	0.0421400805220044	23.7303770570117	0.957859919477996	0.748707588535021	6.70196036600254	0.74870758853503	
SRR6263248_filtp_woHU_1	608	5.51765349931329	0.00914307402795863	109.372405488799	0.990856925972041	0.860764893456523	6.41017488196617	0.860764893456522	
SRR6263258_filtp_woHU_1	1098	5.48970379367526	0.0225153166778572	44.414209860235	0.977484683322143	0.784103870941265	7.00124562206948	0.784103870941262	
SRR6263259_filtp_woHU_1	497	4.33378795820808	0.0554625639716129	18.0301797895933	0.944537436028387	0.698030944222734	6.20859002609663	0.698030944222732	
SRR6263322_filtp_woHU_1	645	5.12126446835611	0.0301977388918961	33.1150621435554	0.969802261108104	0.791631830207596	6.46925031679577	0.791631830207603	
SRR6263654_filtp_woHU_1	564	5.34824515187315	0.0149772466119644	66.767946466286	0.985022753388036	0.844230363237765	6.33505425149806	0.844230363237757	
SRR6263655_filtp_woHU_1	477	4.9806627749178	0.0309816470816115	32.2771735591014	0.969018352918389	0.807563754758668	6.16751649088834	0.807563754758666	
SRR6263736_filtp_woHU_1	462	5.19484587824076	0.0162463112727693	61.5524338546999	0.983753688727231	0.846677685015059	6.13556489108174	0.84667768501506	
SRR6263737_filtp_woHU_1	530	5.30505767972574	0.0179431087442678	55.7317025857887	0.982056891255732	0.845713645300164	6.27287700654617	0.845713645300167	
SRR6265700_filtp_woHU_1	561	5.24683246248671	0.0206922962522307	48.3271642649228	0.979307703747769	0.828920033094798	6.3297209055227	0.828920033094793	
SRR6265795_filtp_woHU_1	296	4.07211818297992	0.0632619215455066	15.8072972740903	0.936738078454493	0.715617038899985	5.69035945432406	0.715617038899985	
SRR6265865_filtp_woHU_1	392	4.67663785733589	0.0279694619267115	35.7532798671746	0.972030538073289	0.783190887087275	5.97126183979046	0.783190887087276	
SRR6265866_filtp_woHU_1	552	5.4449588138277	0.0133301076990554	75.0181485833653	0.986669892300945	0.862424547008622	6.31354804627709	0.86242454700862	
SRR6266047_filtp_woHU_1	311	4.37951180767417	0.054322457309064	18.4085928644679	0.945677542690936	0.763008679003263	5.73979291217923	0.763008679003261	
SRR6266108_filtp_woHU_1	410	4.69649796660926	0.0364895025110154	27.4051420596409	0.963510497488985	0.780647486749621	6.01615715969835	0.78064748674962	
SRR6266133_filtp_woHU_1	672	6.18646229289638	0.00339968000000002	294.145331325299	0.99660032	0.950263717553066	6.51025834052315	0.950263717553069	
SRR6266134_filtp_woHU_1	598	5.79597853340626	0.00649304842029071	154.010864430798	0.993506951579709	0.906529484988526	6.39359075395063	0.90652948498852	
SRR6266221_filtp_woHU_1	423	5.10746976861666	0.014234566219771	70.2515260781923	0.985765433780229	0.844576721491309	6.04737217904628	0.844576721491303	
SRR6266334_filtp_woHU_1	626	6.26088466227596	0.0026191571507472	381.802214393556	0.997380842849253	0.972285137701918	6.4393503711001	0.972285137701929	
SRR6266336_filtp_woHU_1	695	6.35794750551998	0.00236329368509376	423.138269402318	0.997636706314906	0.971582083555901	6.54391184556479	0.971582083555888	
SRR6266338_filtp_woHU_1	475	5.70187757893288	0.00581673533466268	171.91774121832	0.994183264665337	0.925131647534912	6.16331480403464	0.925131647534907	
SRR6266341_filtp_woHU_1	377	4.57322554425227	0.0346727091128637	28.8411267993188	0.965327290887136	0.770909731433341	5.93224518744801	0.77090973143334	
SRR6266357_filtp_woHU_1	497	5.31599180626584	0.0139989880249622	71.4337349397584	0.986001011975038	0.856231734406859	6.20859002609663	0.856231734406867	
SRR6266358_filtp_woHU_1	691	6.04647177328687	0.0067531126725838	148.079863091843	0.993246887327416	0.924800009829482	6.53813982376767	0.924800009829495	
SRR6429832_filtp_woHU_1	165	5.00260848707221	0.00813051333829312	122.993464052288	0.991869486661707	0.979761439412822	5.10594547390058	0.979761439412819	
SRR6429834_filtp_woHU_1	183	5.17226215750545	0.00601470260637111	166.25925925926	0.993985297393629	0.992854574473593	5.20948615284142	0.992854574473592	
shotgun_illumina_1st_ARH_ECA53_filtp_woHU_1	357	5.82077761295536	0.00324723066366044	307.954716981131	0.99675276933634	0.990309505064716	5.87773578177964	0.99030950506471	
shotgun_illumina_1st_COP_ECA53_filtp_woHU_1	368	5.71766690958024	0.00456067898022893	219.26559714795	0.995439321019771	0.967770251267375	5.90808293816893	0.967770251267375	
shotgun_illumina_1st_DEH_ECA53_filtp_woHU_1	363	5.61297672389573	0.00566587395957197	176.495278069254	0.994334126040428	0.95225536525377	5.89440283426485	0.952255365253773	
shotgun_illumina_1st_DEP_ECA53_filtp_woHU_1	375	5.86067555258125	0.00328798185941043	304.137931034483	0.99671201814059	0.988822119071696	5.92692602597041	0.988822119071694	
shotgun_illumina_2nd_BARR2_ECA53_filtp_woHU_1	379	5.84196144165553	0.00344829311992952	289.998548621191	0.99655170688007	0.983903295891469	5.93753620508243	0.983903295891481	
shotgun_illumina_2nd_PRH_ECA55_filtp_woHU_1	480	6.11875323497188	0.0024618103774776	406.205128205127	0.997538189622522	0.991086042178352	6.17378610390194	0.991086042178336	
shotgun_illumina_2nd_PRP_ECA55_filtp_woHU_1	377	5.38049688989076	0.0200074749228392	49.9813196746014	0.979992525077161	0.906991656594928	5.93224518744801	0.906991656594929	
shotgun_illumina_3rd_ARH_ECA55_filtp_woHU_1	970	6.49645657678736	0.00291751071798503	342.757952468002	0.997082489282015	0.944623658666022	6.87729607149743	0.944623658666005	
shotgun_illumina_3rd_COP_ECA55_filtp_woHU_1	1211	6.90601644909866	0.00140881723988913	709.815277444147	0.998591182760111	0.972787744110827	7.09920174355309	0.972787744110847	
shotgun_illumina_3rd_DEP_ECA55_filtp_woHU_1	1271	6.93988156753625	0.00158471385222147	631.02874919544	0.998415286147779	0.970944248830462	7.14755927118945	0.970944248830471	
unifrac.S3.15.glyS_dimeric.unifrac	Richness R	Shannon H	Simpson λ	Simpson dominance 1/λ	Gini 1-λ	Pielou J	Hmax	Efficiency η	
CS1_filtp_woHU_1	84	4.27615706679578	0.0174669187145558	57.2510822510822	0.982533081285444	0.965094532437471	4.43081679884331	0.965094532437473	
ERR4182668_filtp_woHU_1	349	4.81074995247892	0.0237242005645797	42.1510515086862	0.97627579943542	0.821638062930801	5.85507192220243	0.821638062930804	
ERR4182669_filtp_woHU_1	313	5.1885850606961	0.01276672	78.3286545017043	0.98723328	0.90295885624754	5.74620319054015	0.902958856247536	
ERR4182670_filtp_woHU_1	502	5.40326079093114	0.0114571099847216	87.2820459377216	0.988542890015278	0.868886998188106	6.21860011969173	0.868886998188098	
ERR4182673_filtp_woHU_1	487	6.04198383432471	0.00352438294668188	283.737611697808	0.996475617053318	0.976361660419076	6.18826412308259	0.976361660419075	
ERR4183043_filtp_woHU_1	525	5.98681867303216	0.00372476426477767	268.473366074803	0.996275235735222	0.955841928300911	6.26339826259162	0.95584192830092	
ERR4183044_filtp_woHU_1	484	5.88901910527942	0.00446777482140069	223.825067281813	0.995532225178599	0.952594342222831	6.18208490671663	0.952594342222835	
ERR4183116_filtp_woHU_1	564	5.7837485351057	0.00756534529320982	132.181673306774	0.99243465470679	0.912975375662807	6.33505425149806	0.912975375662816	
ERR4183117_filtp_woHU_1	381	5.46895037256227	0.00826880934989046	120.936395759717	0.99173119065011	0.920265017771304	5.9427993751267	0.920265017771293	
ERR4183124_filtp_woHU_1	435	5.62056814844813	0.00640019321338001	156.245283018868	0.99359980678662	0.925143706989961	6.07534603108868	0.92514370698996	
ERR4183125_filtp_woHU_1	313	5.1000280512247	0.0160080350620892	62.468628793064	0.983991964937911	0.887547460838274	5.74620319054015	0.887547460838269	
ERR5891181_filtp_woHU_1	83	4.40598819063304	0.0124391563007031	80.391304347826	0.987560843699297	0.997091450381604	4.4188406077966	0.997091450381605	
ERR5891183_filtp_woHU_1	51	3.55239384805964	0.057047466976339	17.529262086514	0.942952533023661	0.903497301226508	3.93182563272433	0.903497301226509	
ERR5891186_filtp_woHU_1	49	3.7121398959911	0.0311418685121107	32.1111111111111	0.968858131487889	0.953831269597223	3.89182029811063	0.953831269597224	
ERR5891188_filtp_woHU_1	109	4.64886230667006	0.0102777777777778	97.2972972972973	0.989722222222222	0.990943844578226	4.69134788222914	0.990943844578223	
ERR5891191_filtp_woHU_1	79	4.36021966427441	0.0129553421734492	77.1882352941177	0.987044657826551	0.997888019607008	4.36944785246702	0.997888019607011	
ERR5891194_filtp_woHU_1	108	4.36846730075929	0.0264	37.8787878787879	0.9736	0.933008300889169	4.68213122712422	0.933008300889169	
HTP3_filtp_woHU_1	87	4.44075901238204	0.0122873345935728	81.3846153846155	0.987712665406427	0.99436864673335	4.46590811865458	0.994368646733351	
IA6_filtp_woHU_1	88	4.44337315987697	0.0123697916666666	80.842105263158	0.987630208333333	0.992414317705246	4.47733681447821	0.992414317705244	
RDP_CKDN230001569-1A_HT3KTDSX5_L3_filtp_woHU_1	335	4.33322172844103	0.0335480831891005	29.8079623316569	0.966451916810899	0.745291442068953	5.81413053182507	0.745291442068952	
RUP_CKDN230001570-1A_HT3KTDSX5_L3_filtp_woHU_1	630	5.6035166954427	0.0127071403898363	78.6959118512487	0.987292859610164	0.869339166525678	6.44571981938558	0.869339166525684	
SRR13165308_filtp_woHU_1	890	6.11392850547329	0.00530864197530862	188.372093023256	0.994691358024691	0.900269346100663	6.79122146272619	0.90026934610066	
SRR17689980_filtp_woHU_1	202	4.82346660114671	0.0147797501643656	67.6601423487542	0.985220249835634	0.908670563752494	5.30826769740121	0.908670563752496	
SRR17689983_filtp_woHU_1	221	4.88732352897105	0.0165625818848808	60.3770599868159	0.983437418115119	0.905367955581799	5.39816270151775	0.905367955581799	
SRR17689995_filtp_woHU_1	122	4.32187660734912	0.025855739036698	38.6761329305136	0.974144260963302	0.899637317802194	4.80402104473326	0.899637317802193	
SRR17689998_filtp_woHU_1	200	4.93488397138067	0.0115330606732606	86.7072521623422	0.988466939326739	0.931405884165797	5.29831736654804	0.9314058841658	
SRR17689999_filtp_woHU_1	119	4.38336071933876	0.0275712099653682	36.269717624148	0.972428790034632	0.917189255656773	4.77912349311153	0.917189255656776	
SRR17690002_filtp_woHU_1	205	4.89087635301314	0.0142136223834692	70.3550420168069	0.985786377616531	0.918817806500672	5.32300997913841	0.918817806500674	
SRR20770298_filtp_woHU_1	214	5.23615751851269	0.00625850340136053	159.782608695653	0.993741496598639	0.975807104589036	5.36597601502185	0.975807104589034	
SRR20770299_filtp_woHU_1	201	4.87655115808218	0.0131889490490074	75.821052631579	0.986811050950993	0.919530602638294	5.30330490805908	0.919530602638296	
SRR24605825_filtp_woHU_1	434	5.72410623559336	0.00477754578869283	209.312488928255	0.995222454211307	0.942543102302685	6.07304453410041	0.942543102302683	
SRR24605827_filtp_woHU_1	704	6.00932720867163	0.00466052348917409	214.568170790877	0.995339476510826	0.91650607695588	6.55677835615804	0.916506076955883	
SRR24605828_filtp_woHU_1	373	5.49327496141528	0.0065564841311134	152.520768753875	0.993443515868887	0.927670727654688	5.92157841964382	0.927670727654687	
SRR24605834_filtp_woHU_1	117	4.20837496425994	0.0243784381316187	41.0198551113496	0.975621561868381	0.883708789699775	4.76217393479776	0.883708789699775	
SRR24605835_filtp_woHU_1	501	5.858808209826	0.00462400109282152	216.262924667652	0.995375998907178	0.942444818693527	6.21660610108486	0.942444818693537	
SRR24605838_filtp_woHU_1	667	5.79324930947379	0.00613956984935328	162.877860263343	0.993860430150647	0.890886722248169	6.50279004591562	0.890886722248166	
SRR24605839_filtp_woHU_1	628	6.11755701448564	0.0035462618122932	281.987076231506	0.996453738187707	0.949556674295333	6.4425401664682	0.949556674295335	
SRR24605841_filtp_woHU_1	459	5.65473568035804	0.00621675380032063	160.855654272238	0.993783246199679	0.922612066560666	6.12905021006055	0.922612066560672	
SRR24605842_filtp_woHU_1	335	4.58838522721323	0.0373290567138065	26.788783002656	0.962670943286194	0.789178227440471	5.81413053182507	0.789178227440471	
SRR5830676_filtp_woHU_1	297	5.24490635017066	0.00938200799262946	106.586990843069	0.990617992007371	0.92117195229939	5.6937321388027	0.921171952299389	
SRR5881985_filtp_woHU_1	861	5.4663908421465	0.0186194592551168	53.7072525199779	0.981380540744883	0.808865700023145	6.75809450442773	0.808865700023158	
SRR5882128_filtp_woHU_1	286	5.48215846293703	0.00516316554366494	193.679631525077	0.994836834456335	0.969265629495735	5.65599181081985	0.969265629495737	
SRR5882551_filtp_woHU_1	354	5.07233297230465	0.0161873294329186	61.7767127149705	0.983812670567081	0.864214751336612	5.86929691313377	0.864214751336607	
SRR6263181_filtp_woHU_1	245	3.88336060043018	0.0714214111688843	14.0014035515958	0.928578588831116	0.705904077177584	5.50125821054473	0.705904077177588	
SRR6263202_filtp_woHU_1	418	5.05560504597015	0.0175927105406792	56.8417241725045	0.982407289459321	0.837647352989254	6.03548143252476	0.837647352989255	
SRR6263206_filtp_woHU_1	497	4.57378416075531	0.0534060019356711	18.7244872065976	0.946593998064329	0.736686452403892	6.20859002609663	0.736686452403882	
SRR6263248_filtp_woHU_1	341	4.801418446403	0.0173512918992292	57.6325962244011	0.982648708100771	0.823305076037727	5.83188247728352	0.823305076037727	
SRR6263258_filtp_woHU_1	722	4.90711653398173	0.0382548718996615	26.140461341052	0.961745128100339	0.745532937117764	6.58202513889283	0.745532937117756	
SRR6263259_filtp_woHU_1	311	3.98399898035852	0.0599085950322486	16.6920956744471	0.940091404967751	0.694101519221171	5.73979291217923	0.69410151922117	
SRR6263322_filtp_woHU_1	421	4.76089067186333	0.0349175500473081	28.6388935834601	0.965082449952692	0.787883494314851	6.04263283368238	0.787883494314851	
SRR6263654_filtp_woHU_1	356	4.82719347969727	0.0276547075194285	36.1602088648907	0.972345292480571	0.821659641763503	5.87493073085203	0.821659641763506	
SRR6263655_filtp_woHU_1	287	4.48489563313074	0.0446440082851255	22.3994224177487	0.955355991714875	0.792456882476266	5.65948221575962	0.792456882476265	
SRR6263736_filtp_woHU_1	342	4.90273458644432	0.0212822785271158	46.9874500855676	0.978717721472884	0.840255975279925	5.8348107370626	0.84025597527993	
SRR6263737_filtp_woHU_1	329	4.82306607129223	0.0312973075259516	31.951630317426	0.968702692474048	0.832128712081128	5.79605775076537	0.83212871208113	
SRR6265700_filtp_woHU_1	358	4.77863504628385	0.0361766743033724	27.6421207658322	0.963823325696628	0.812619376055691	5.8805329864007	0.812619376055689	
SRR6265795_filtp_woHU_1	194	3.67371285481939	0.0850222558159059	11.7616262989451	0.914977744184094	0.697382644690002	5.26785815906333	0.697382644689999	
SRR6265865_filtp_woHU_1	246	3.96828766411405	0.0585219530614209	17.08760469683	0.941478046938579	0.72080811813307	5.50533153593236	0.720808118133072	
SRR6265866_filtp_woHU_1	404	5.15957439544262	0.0146220786268732	68.3897293618806	0.985377921373127	0.859726331267314	6.00141487796115	0.859726331267309	
SRR6266047_filtp_woHU_1	187	3.9044720603238	0.0638625697078173	15.6586245209859	0.936137430292183	0.746394759945076	5.23110861685459	0.746394759945075	
SRR6266108_filtp_woHU_1	273	4.31110615403211	0.0497329515192828	20.1073929749026	0.950267048480717	0.76854048142869	5.60947179518496	0.768540481428688	
SRR6266133_filtp_woHU_1	434	5.48377560369835	0.0100449001547902	99.5530054644813	0.98995509984521	0.902969766302012	6.07304453410041	0.902969766302014	
SRR6266134_filtp_woHU_1	434	5.44236898332546	0.00978094980417089	102.239559554183	0.990219050195829	0.896151667053704	6.07304453410041	0.896151667053702	
SRR6266221_filtp_woHU_1	234	4.43474586511259	0.0259312402445369	38.5635237871307	0.974068759755463	0.812921140907359	5.4553211153577	0.812921140907358	
SRR6266334_filtp_woHU_1	395	5.80879198027462	0.00377749308557128	264.725832012679	0.996222506914429	0.971550922477055	5.97888576490112	0.971550922477055	
SRR6266336_filtp_woHU_1	390	5.76807130933823	0.00440051020408165	227.246376811594	0.995599489795918	0.966800107599338	5.96614673912369	0.966800107599342	
SRR6266338_filtp_woHU_1	254	5.21815397827857	0.00773691507282242	129.250481695568	0.992263084927178	0.94235849357315	5.53733426701854	0.942358493573145	
SRR6266341_filtp_woHU_1	227	4.17472101688401	0.0407507979305747	24.5393967917795	0.959249202069425	0.769540918060324	5.4249500174814	0.769540918060324	
SRR6266357_filtp_woHU_1	322	4.97482474119426	0.016162793957975	61.8704911168272	0.983837206042025	0.86150841358976	5.77455154554441	0.861508413589757	
SRR6266358_filtp_woHU_1	447	5.79103108218065	0.00462569400066835	216.183776932826	0.995374305999332	0.948951327938434	6.10255859461357	0.948951327938442	
SRR6429832_filtp_woHU_1	115	4.68583378025541	0.0101010101010101	99.0000000000001	0.98989898989899	0.987544953961601	4.74493212836325	0.987544953961603	
SRR6429834_filtp_woHU_1	128	4.76262733376598	0.00995450655375884	100.457013574661	0.990045493446241	0.981574119432344	4.85203026391962	0.981574119432343	
shotgun_illumina_1st_ARH_ECA53_filtp_woHU_1	218	5.34702133844228	0.00503472222222223	198.620689655172	0.994965277777778	0.993040438535123	5.38449506278909	0.993040438535123	
shotgun_illumina_1st_COP_ECA53_filtp_woHU_1	233	5.24654737651331	0.00765883537661329	130.568154402895	0.992341164623387	0.962485849477244	5.4510384535657	0.962485849477245	
shotgun_illumina_1st_DEH_ECA53_filtp_woHU_1	236	5.20962645228412	0.00825685303707279	121.111517367459	0.991743146962927	0.953474894211114	5.46383180502561	0.953474894211122	
shotgun_illumina_1st_DEP_ECA53_filtp_woHU_1	210	5.28137101764989	0.00569893769046675	175.471299093656	0.994301062309533	0.987706154647173	5.34710753071747	0.987706154647174	
shotgun_illumina_2nd_BARR2_ECA53_filtp_woHU_1	232	5.36068478878232	0.00548777239064413	182.223300970874	0.994512227609356	0.984201077266616	5.44673737166631	0.984201077266612	
shotgun_illumina_2nd_PRH_ECA55_filtp_woHU_1	284	5.57512379764613	0.00431588613406796	231.702127659574	0.995684113865932	0.986926752114361	5.64897423816121	0.986926752114359	
shotgun_illumina_2nd_PRP_ECA55_filtp_woHU_1	207	4.42950787847093	0.0558408173677567	17.9080473234157	0.944159182632243	0.830628437423872	5.33271879326537	0.830628437423875	
shotgun_illumina_3rd_ARH_ECA55_filtp_woHU_1	580	5.94674759829806	0.00619726353361095	161.361542005836	0.993802736466389	0.934578238777418	6.36302810354046	0.934578238777411	
shotgun_illumina_3rd_COP_ECA55_filtp_woHU_1	653	6.27996781388705	0.00254123263888889	393.509820666098	0.997458767361111	0.968895021787407	6.48157712927643	0.968895021787421	
shotgun_illumina_3rd_DEP_ECA55_filtp_woHU_1	684	6.32793478907871	0.00282740161552128	353.681625740895	0.997172598384479	0.969359004597155	6.52795791762255	0.96935900459716	
unifrac.S3.16.SRP_SPB.unifrac	Richness R	Shannon H	Simpson λ	Simpson dominance 1/λ	Gini 1-λ	Pielou J	Hmax	Efficiency η	
CS1_filtp_woHU_1	248	5.22026616986197	0.00810114420473406	123.43935309973	0.991898855795266	0.946827538760352	5.51342874616498	0.94682753876035	
ERR4182668_filtp_woHU_1	692	5.50779307121817	0.0108939680607714	91.7939170026525	0.989106031939229	0.842223515157996	6.53958595561767	0.842223515157995	
ERR4182669_filtp_woHU_1	916	6.40905198478723	0.0031387807674743	318.595045045047	0.996861219232526	0.939741437862878	6.82001636467413	0.939741437862852	
ERR4182670_filtp_woHU_1	1116	6.26594195438669	0.00505216964593294	197.934762702399	0.994947830354067	0.892901527516218	7.01750614294126	0.892901527516206	
ERR4182673_filtp_woHU_1	1312	7.08765584357345	0.000982728445625366	1017.57510373442	0.999017271554375	0.987233849513086	7.17930796950403	0.987233849513092	
ERR4183043_filtp_woHU_1	1194	6.82459169565014	0.00170230234856265	587.43971119135	0.998297697651437	0.963236381845577	7.08506429395255	0.963236381845574	
ERR4183044_filtp_woHU_1	1143	6.81954905331822	0.00156547043617875	638.785617977531	0.998434529563821	0.968491742697369	7.04141166379481	0.968491742697349	
ERR4183116_filtp_woHU_1	1154	6.48661765748631	0.0031957918208381	312.911496136738	0.996804208179162	0.919958497482021	7.05098944706805	0.91995849748203	
ERR4183117_filtp_woHU_1	750	5.97907245958425	0.00560658881844502	178.361572853375	0.994393411181555	0.903173163355083	6.62007320653036	0.903173163355098	
ERR4183124_filtp_woHU_1	948	6.25906391266947	0.0040546552147528	246.630094801037	0.995945344785247	0.913151473360518	6.85435450225502	0.913151473360538	
ERR4183125_filtp_woHU_1	649	5.82862289035572	0.00622208542799491	160.71781906123	0.993777914572005	0.900113265839385	6.47543271670409	0.900113265839381	
ERR5891181_filtp_woHU_1	284	5.6062795038691	0.00400573452521503	249.642105263159	0.995994265474785	0.992442037705946	5.64897423816121	0.992442037705943	
ERR5891183_filtp_woHU_1	174	4.61834300944016	0.0208665989258238	47.9234782608696	0.979133401074176	0.895191608072762	5.15905529921453	0.895191608072762	
ERR5891186_filtp_woHU_1	192	4.81094343585228	0.0148296373454675	67.4325323475044	0.985170362654533	0.915063750973256	5.25749537202778	0.915063750973256	
ERR5891188_filtp_woHU_1	294	5.63870478151143	0.00381097560975612	262.399999999999	0.996189024390244	0.992104450423106	5.68357976733868	0.992104450423099	
ERR5891191_filtp_woHU_1	270	5.55575753895269	0.00416057318414219	240.351498637603	0.995839426815858	0.992379206076614	5.59842195899838	0.992379206076612	
ERR5891194_filtp_woHU_1	364	5.67781815375967	0.00504616538299305	198.17027863777	0.994953834617007	0.962806513311316	5.89715386763674	0.962806513311317	
HTP3_filtp_woHU_1	212	5.30137340007815	0.00542346033987017	184.384126984128	0.99457653966013	0.989692525843384	5.35658627467201	0.989692525843376	
IA6_filtp_woHU_1	304	5.62772564009433	0.00415061662038284	240.928057553955	0.995849383379617	0.984379634667517	5.71702770140622	0.984379634667525	
RDP_CKDN230001569-1A_HT3KTDSX5_L3_filtp_woHU_1	688	5.43708033703379	0.00949193411750751	105.3526064994	0.990508065882493	0.832148156589883	6.53378883793334	0.832148156589881	
RUP_CKDN230001570-1A_HT3KTDSX5_L3_filtp_woHU_1	1077	6.36808746777207	0.0037667545812379	265.480529307901	0.996233245418762	0.912080642720317	6.98193467715639	0.912080642720293	
SRR13165308_filtp_woHU_1	1987	6.81295487477776	0.0052189394274928	191.609811513065	0.994781060572507	0.897104669515974	7.59438124255182	0.897104669515991	
SRR17689980_filtp_woHU_1	496	5.98123208123248	0.0033839762888282	295.510344827587	0.996616023711172	0.963692727173104	6.20657592672493	0.963692727173095	
SRR17689983_filtp_woHU_1	473	5.75739238378833	0.0059904818560381	166.931479642502	0.994009518143962	0.934778895378991	6.15909538849193	0.934778895379003	
SRR17689995_filtp_woHU_1	329	5.29086003669609	0.00881239461712211	113.476534296029	0.991187605382878	0.912837701797817	5.79605775076537	0.912837701797824	
SRR17689998_filtp_woHU_1	476	5.70051013699824	0.00668246828760471	149.645304244077	0.993317531712395	0.924594288947649	6.16541785423142	0.924594288947642	
SRR17689999_filtp_woHU_1	342	5.38390381920484	0.00803714017446574	124.422366450324	0.991962859825534	0.922721243554034	5.8348107370626	0.92272124355403	
SRR17690002_filtp_woHU_1	454	5.74751795125478	0.00613789383325356	162.922335766424	0.993862106166746	0.939429003039507	6.11809719804135	0.939429003039504	
SRR20770298_filtp_woHU_1	651	6.34103277600119	0.00209857750716588	476.513255567338	0.997901422492834	0.978779553662822	6.47850964220857	0.978779553662822	
SRR20770299_filtp_woHU_1	650	5.99382974341689	0.00492075859833379	203.220698600945	0.995079241401666	0.925406101430818	6.47697236288968	0.925406101430814	
SRR24605825_filtp_woHU_1	1077	6.552855162052	0.00237741964937908	420.624099855983	0.997622580350621	0.938544324038399	6.98193467715639	0.938544324038407	
SRR24605827_filtp_woHU_1	1627	6.94742411844482	0.00167567156794181	596.775656478005	0.998324328432058	0.939540279192666	7.39449310721904	0.939540279192659	
SRR24605828_filtp_woHU_1	782	6.33700316921884	0.00250267262410569	399.572836801754	0.997497327375894	0.951237067756918	6.66185474054531	0.95123706775691	
SRR24605834_filtp_woHU_1	314	4.95759559698947	0.0137305717103697	72.8301793322106	0.98626942828963	0.862281567661234	5.74939298590825	0.862281567661235	
SRR24605835_filtp_woHU_1	1139	6.71452471106713	0.00185713375073914	538.464178792724	0.998142866249261	0.954051495706309	7.03790596344718	0.954051495706309	
SRR24605838_filtp_woHU_1	1226	6.5210941671832	0.00304923000643264	327.951646117349	0.996950769993567	0.916977157650705	7.11151211649616	0.916977157650695	
SRR24605839_filtp_woHU_1	1481	7.09634213044385	0.0010593158257725	944.005532316821	0.998940684174228	0.972038703654235	7.3004728142678	0.97203870365423	
SRR24605841_filtp_woHU_1	1352	6.84957780928637	0.00164205939616631	608.99136921276	0.998357940603834	0.95009772954092	7.20934025660291	0.950097729540913	
SRR24605842_filtp_woHU_1	631	5.55900041723971	0.0123526298227282	80.9544213945479	0.987647370177272	0.862220675699202	6.44730586254121	0.862220675699211	
SRR5830676_filtp_woHU_1	782	6.20582941551919	0.0038042526717311	262.863717605003	0.996195747328269	0.931546792479478	6.66185474054531	0.931546792479466	
SRR5881985_filtp_woHU_1	1786	6.33144969693855	0.00929479587868691	107.587085617772	0.990705204121313	0.845576231562476	7.48773376143644	0.845576231562473	
SRR5882128_filtp_woHU_1	495	6.06241133236905	0.00284494447314049	351.500709219859	0.997155055526859	0.977089998088633	6.20455776256869	0.977089998088639	
SRR5882551_filtp_woHU_1	752	5.88129030924904	0.00713875236294905	140.080499947038	0.992861247637051	0.88804536698532	6.62273632394984	0.88804536698532	
SRR6263181_filtp_woHU_1	527	4.84874128565467	0.0390453889561697	25.6112188080018	0.96095461104383	0.773669399614661	6.26720054854136	0.773669399614665	
SRR6263202_filtp_woHU_1	769	5.81006798930883	0.00738833783711593	135.348439939551	0.992611662162884	0.874339872241217	6.64509096950564	0.874339872241215	
SRR6263206_filtp_woHU_1	1029	5.57780677545766	0.0223522250743049	44.7382753473414	0.977647774925695	0.804142325125023	6.93634273583405	0.804142325125036	
SRR6263248_filtp_woHU_1	849	5.89896953722989	0.0058971312764844	169.573976415895	0.994102868723516	0.874691246660947	6.74405918631135	0.874691246660948	
SRR6263258_filtp_woHU_1	1303	5.91460852011817	0.0154154560377524	64.869958926353	0.984584543962248	0.824631678802416	7.17242457712485	0.824631678802422	
SRR6263259_filtp_woHU_1	638	4.72895287926285	0.0467682552124488	21.3820249538371	0.953231744787551	0.732224400734505	6.45833828334479	0.732224400734505	
SRR6263322_filtp_woHU_1	801	5.53511335186963	0.0203792124638678	49.0696096217159	0.979620787536132	0.827883408837075	6.68586094706836	0.827883408837082	
SRR6263654_filtp_woHU_1	740	5.70160623794074	0.0130783524092839	76.4622307692316	0.986921647590716	0.863010160557891	6.60665018619822	0.863010160557884	
SRR6263655_filtp_woHU_1	659	5.40639706137517	0.0196035640495868	51.0111323364731	0.980396435950413	0.832942126195421	6.49072353450251	0.832942126195423	
SRR6263736_filtp_woHU_1	575	5.48540789574022	0.0120391982792004	83.0620093472219	0.9879608017208	0.863249678649798	6.35437004079735	0.863249678649804	
SRR6263737_filtp_woHU_1	703	5.72276226026087	0.0130972983343091	76.351624165149	0.986902701665691	0.872990190268676	6.55535689181067	0.872990190268672	
SRR6265700_filtp_woHU_1	751	5.69935672483932	0.0152197064004015	65.7042897998097	0.984780293599599	0.860747252861762	6.62140565176413	0.860747252861748	
SRR6265795_filtp_woHU_1	376	4.4290200265604	0.0430044307879095	23.2534178845856	0.956995569212091	0.746935397960535	5.92958914338989	0.746935397960535	
SRR6265865_filtp_woHU_1	483	4.96884379862595	0.0254496068923808	39.293337780372	0.974550393107619	0.804017865500284	6.18001665365257	0.804017865500284	
SRR6265866_filtp_woHU_1	711	5.81940701877587	0.00859601007131987	116.333041923304	0.99140398992868	0.886203336771321	6.56667242980324	0.886203336771309	
SRR6266047_filtp_woHU_1	354	4.69490490830607	0.0389353124385259	25.6836259264357	0.961064687561474	0.799909252810203	5.86929691313377	0.799909252810198	
SRR6266108_filtp_woHU_1	537	5.18824666328016	0.0215737904386375	46.3525407296557	0.978426209561363	0.825365611836942	6.28599809450886	0.82536561183693	
SRR6266133_filtp_woHU_1	846	6.44524262455355	0.00244767501092172	408.550970017637	0.997552324989078	0.956193770939644	6.74051935960622	0.956193770939654	
SRR6266134_filtp_woHU_1	747	6.09922984187687	0.00465268765794687	214.929536112742	0.995347312342053	0.921881763738159	6.61606518513282	0.921881763738155	
SRR6266221_filtp_woHU_1	580	5.56191038601532	0.00947046219773498	105.591467356173	0.990529537802265	0.874098038781348	6.36302810354046	0.874098038781337	
SRR6266334_filtp_woHU_1	871	6.58408063724838	0.00191118088742436	523.236710130389	0.998088819112576	0.972589194489367	6.7696419768525	0.972589194489343	
SRR6266336_filtp_woHU_1	959	6.68327497410772	0.0017027717339892	587.277777777782	0.998297228266011	0.973402418013336	6.86589107488344	0.973402418013324	
SRR6266338_filtp_woHU_1	654	6.05416323620203	0.00398680645099158	250.827325653415	0.996013193549008	0.933836647767562	6.4831073514572	0.933836647767565	
SRR6266341_filtp_woHU_1	492	5.09685308639768	0.0198872139940854	50.283564118001	0.980112786005915	0.822274838636853	6.19847871649231	0.822274838636854	
SRR6266357_filtp_woHU_1	649	5.64888589051108	0.0115598104487243	86.5066087749176	0.988440189551276	0.872356510776363	6.47543271670409	0.872356510776361	
SRR6266358_filtp_woHU_1	934	6.40032120298974	0.00391649086191434	255.330609787561	0.996083509138086	0.935791103426504	6.83947643822884	0.935791103426498	
SRR6429832_filtp_woHU_1	272	5.52992484164471	0.00471916151572158	211.902050113895	0.995280838484278	0.986464519482861	5.605802066296	0.986464519482858	
SRR6429834_filtp_woHU_1	233	5.32474843857276	0.00623711080931538	160.330645161291	0.993762889190685	0.976831934672864	5.4510384535657	0.976831934672861	
shotgun_illumina_1st_ARH_ECA53_filtp_woHU_1	504	6.16904196895846	0.00228623685413811	437.399999999996	0.997713763145862	0.991396762882988	6.22257626807137	0.991396762882976	
shotgun_illumina_1st_COP_ECA53_filtp_woHU_1	434	5.87447305861062	0.00389237314152887	256.912676056339	0.996107626858471	0.967302812555581	6.07304453410041	0.967302812555568	
shotgun_illumina_1st_DEH_ECA53_filtp_woHU_1	375	5.76021241074938	0.00406225309700211	246.168807339451	0.995937746902998	0.971871824535935	5.92692602597041	0.971871824535934	
shotgun_illumina_1st_DEP_ECA53_filtp_woHU_1	463	6.07252324755337	0.00255905719686436	390.768913342504	0.997440942803136	0.989376554878005	6.13772705408623	0.989376554878007	
shotgun_illumina_2nd_BARR2_ECA53_filtp_woHU_1	459	6.02975570029145	0.00284254663192807	351.797219003478	0.997157453368072	0.98379936427897	6.12905021006055	0.983799364278977	
shotgun_illumina_2nd_PRH_ECA55_filtp_woHU_1	592	6.3351120465565	0.00192483309339673	519.52556480381	0.998075166906603	0.992418808173075	6.38350663488401	0.992418808173076	
shotgun_illumina_2nd_PRP_ECA55_filtp_woHU_1	418	5.32236326857944	0.021423844266529	46.6769636466375	0.978576155733471	0.881845686724778	6.03548143252476	0.881845686724778	
shotgun_illumina_3rd_ARH_ECA55_filtp_woHU_1	1186	6.66482451701667	0.00253129574269792	395.054589288795	0.997468704257302	0.941579950911772	7.07834157955767	0.941579950911771	
shotgun_illumina_3rd_COP_ECA55_filtp_woHU_1	1465	7.06558602871755	0.00123817726449431	807.638799932589	0.998761822735506	0.969267975007117	7.28961052145117	0.969267975007136	
shotgun_illumina_3rd_DEP_ECA55_filtp_woHU_1	1710	7.27444548680817	0.00101699470728491	983.28928640122	0.998983005292715	0.977190020016323	7.44424864949671	0.977190020016352	
unifrac.S3.17.dph5.unifrac	Richness R	Shannon H	Simpson λ	Simpson dominance 1/λ	Gini 1-λ	Pielou J	Hmax	Efficiency η	
CS1_filtp_woHU_1	2	0.693147180559945	0.5	2	0.5	1	0.693147180559945	1	
ERR4182668_filtp_woHU_1	3	1.09861228866811	0.333333333333333	3	0.666666666666667	1	1.09861228866811	1	
ERR4182669_filtp_woHU_1	3	1.09861228866811	0.333333333333333	3	0.666666666666667	1	1.09861228866811	1	
ERR4182670_filtp_woHU_1	2	0.693147180559945	0.5	2	0.5	1	0.693147180559945	1	
ERR4182673_filtp_woHU_1	3	1.09861228866811	0.333333333333333	3	0.666666666666667	1	1.09861228866811	1	
ERR4183043_filtp_woHU_1	13	2.21261697239791	0.143984220907298	6.94520547945206	0.856015779092702	0.862635734292891	2.56494935746154	0.862635734292891	
ERR4183044_filtp_woHU_1	16	2.70726970978481	0.0740740740740741	13.5	0.925925925925926	0.976441146163863	2.77258872223978	0.976441146163863	
ERR4183116_filtp_woHU_1	4	1.27703425946614	0.306122448979592	3.26666666666667	0.693877551020408	0.921185496588554	1.38629436111989	0.921185496588554	
ERR4183117_filtp_woHU_1	2	0.693147180559945	0.5	2	0.5	1	0.693147180559945	1	
ERR4183124_filtp_woHU_1	2	0.693147180559945	0.5	2	0.5	1	0.693147180559945	1	
ERR4183125_filtp_woHU_1	1
ERR5891183_filtp_woHU_1	7	1.88915916375402	0.160493827160494	6.23076923076923	0.839506172839506	0.970835762725816	1.94591014905531	0.970835762725816	
ERR5891186_filtp_woHU_1	4	1.33217904021012	0.28	3.57142857142857	0.72	0.960964047443681	1.38629436111989	0.960964047443681	
ERR5891188_filtp_woHU_1	1
ERR5891191_filtp_woHU_1	1
ERR5891194_filtp_woHU_1	2	0.693147180559945	0.5	2	0.5	1	0.693147180559945	1	
IA6_filtp_woHU_1	1
RDP_CKDN230001569-1A_HT3KTDSX5_L3_filtp_woHU_1	1
RUP_CKDN230001570-1A_HT3KTDSX5_L3_filtp_woHU_1	3	0.683738905848754	0.62962962962963	1.58823529411765	0.37037037037037	0.622365972874449	1.09861228866811	0.622365972874449	
SRR13165308_filtp_woHU_1	6	1.67698777432242	0.209876543209877	4.76470588235294	0.790123456790123	0.935944697445866	1.79175946922805	0.935944697445866	
SRR17689980_filtp_woHU_1	1
SRR17689995_filtp_woHU_1	3	1.03972077083992	0.375	2.66666666666667	0.625	0.946394630357186	1.09861228866811	0.946394630357186	
SRR17689998_filtp_woHU_1	1
SRR17690002_filtp_woHU_1	2	0.693147180559945	0.5	2	0.5	1	0.693147180559945	1	
SRR20770298_filtp_woHU_1	1
SRR20770299_filtp_woHU_1	1
SRR24605825_filtp_woHU_1	10	2.19793546424114	0.12	8.33333333333333	0.88	0.954551243699387	2.30258509299405	0.954551243699387	
SRR24605827_filtp_woHU_1	19	2.69932599051725	0.0849107625743645	11.7770700636943	0.915089237425636	0.916753924810975	2.94443897916644	0.916753924810974	
SRR24605828_filtp_woHU_1	4	1.32966134885476	0.277777777777778	3.6	0.722222222222222	0.959147917027245	1.38629436111989	0.959147917027245	
SRR24605834_filtp_woHU_1	9	1.68589347474768	0.25	4	0.75	0.767283186314778	2.19722457733622	0.767283186314778	
SRR24605835_filtp_woHU_1	5	1.15805104969053	0.398865784499055	2.50710900473934	0.601134215500945	0.719537573176157	1.6094379124341	0.719537573176157	
SRR24605838_filtp_woHU_1	2	0.693147180559945	0.5	2	0.5	1	0.693147180559945	1	
SRR24605839_filtp_woHU_1	8	1.96009513512456	0.15625	6.4	0.84375	0.942606510371594	2.07944154167984	0.942606510371594	
SRR24605841_filtp_woHU_1	9	2.04428169995886	0.1424	7.02247191011236	0.8576	0.930392696788977	2.19722457733622	0.930392696788976	
SRR24605842_filtp_woHU_1	8	1.56421354113321	0.294484911550468	3.39575971731449	0.705515088449532	0.752227706228081	2.07944154167984	0.75222770622808	
SRR5830676_filtp_woHU_1	2	0.693147180559945	0.5	2	0.5	1	0.693147180559945	1	
SRR5881985_filtp_woHU_1	2	0.673011667009257	0.52	1.92307692307692	0.48	0.970950594454669	0.693147180559945	0.970950594454669	
SRR5882128_filtp_woHU_1	1
SRR5882551_filtp_woHU_1	2	0.636514168294813	0.555555555555556	1.8	0.444444444444444	0.918295834054489	0.693147180559945	0.91829583405449	
SRR6263202_filtp_woHU_1	3	1.07899220787758	0.346938775510204	2.88235294117647	0.653061224489796	0.982141032834875	1.09861228866811	0.982141032834875	
SRR6263206_filtp_woHU_1	1
SRR6263248_filtp_woHU_1	2	0.500402423538188	0.68	1.47058823529412	0.32	0.721928094887362	0.693147180559945	0.721928094887362	
SRR6263258_filtp_woHU_1	3	0.943348392329039	0.42	2.38095238095238	0.58	0.858672711073255	1.09861228866811	0.858672711073255	
SRR6263259_filtp_woHU_1	1
SRR6263322_filtp_woHU_1	5	1.56071040904141	0.222222222222222	4.5	0.777777777777778	0.969723899868247	1.6094379124341	0.969723899868247	
SRR6263737_filtp_woHU_1	1
SRR6265700_filtp_woHU_1	1
SRR6266108_filtp_woHU_1	2	0.693147180559945	0.5	2	0.5	1	0.693147180559945	1	
SRR6266133_filtp_woHU_1	1
SRR6266134_filtp_woHU_1	1
SRR6266334_filtp_woHU_1	4	1.32966134885476	0.277777777777778	3.6	0.722222222222222	0.959147917027245	1.38629436111989	0.959147917027245	
SRR6266336_filtp_woHU_1	3	1.03972077083992	0.375	2.66666666666667	0.625	0.946394630357186	1.09861228866811	0.946394630357186	
SRR6266338_filtp_woHU_1	1
SRR6266357_filtp_woHU_1	1
SRR6429832_filtp_woHU_1	1
SRR6429834_filtp_woHU_1	4	1.38629436111989	0.25	4	0.75	1	1.38629436111989	1	
shotgun_illumina_1st_ARH_ECA53_filtp_woHU_1	2	0.693147180559945	0.5	2	0.5	1	0.693147180559945	1	
shotgun_illumina_1st_COP_ECA53_filtp_woHU_1	4	0.857174043642079	0.564444444444444	1.77165354330709	0.435555555555556	0.618320370970584	1.38629436111989	0.618320370970584	
shotgun_illumina_1st_DEH_ECA53_filtp_woHU_1	2	0.636514168294813	0.555555555555556	1.8	0.444444444444444	0.918295834054489	0.693147180559945	0.91829583405449	
shotgun_illumina_1st_DEP_ECA53_filtp_woHU_1	1
shotgun_illumina_2nd_BARR2_ECA53_filtp_woHU_1	2	0.693147180559945	0.5	2	0.5	1	0.693147180559945	1	
shotgun_illumina_2nd_PRH_ECA55_filtp_woHU_1	2	0.693147180559945	0.5	2	0.5	1	0.693147180559945	1	
shotgun_illumina_2nd_PRP_ECA55_filtp_woHU_1	2	0.693147180559945	0.5	2	0.5	1	0.693147180559945	1	
shotgun_illumina_3rd_ARH_ECA55_filtp_woHU_1	9	2.13833305950803	0.125	8	0.875	0.973197315178593	2.19722457733622	0.973197315178593	
shotgun_illumina_3rd_COP_ECA55_filtp_woHU_1	8	1.97920451743432	0.152777777777778	6.54545454545454	0.847222222222222	0.951796180735845	2.07944154167984	0.951796180735845	
shotgun_illumina_3rd_DEP_ECA55_filtp_woHU_1	4	1.33217904021012	0.28	3.57142857142857	0.72	0.960964047443681	1.38629436111989	0.960964047443681	
unifrac.S3.18.EIF_2_alpha.unifrac	Richness R	Shannon H	Simpson λ	Simpson dominance 1/λ	Gini 1-λ	Pielou J	Hmax	Efficiency η	
CS1_filtp_woHU_1	91	4.4244697052836	0.0135522959183673	73.7882352941178	0.986447704081633	0.98084848328607	4.51085950651685	0.980848483286072	
ERR4182668_filtp_woHU_1	905	5.87069290934992	0.00671954867355722	148.819518777385	0.993280451326443	0.862330935577267	6.80793494369993	0.862330935577264	
ERR4182669_filtp_woHU_1	1169	6.58019143943487	0.00337838379750682	295.999525198404	0.996621616202493	0.931523343936233	7.06390396147207	0.931523343936215	
ERR4182670_filtp_woHU_1	1414	6.55207770806293	0.00339363619754485	294.669181311614	0.996606363802455	0.903214374770734	7.25417784645652	0.90321437477073	
ERR4182673_filtp_woHU_1	1663	7.28067039060782	0.00090976925399147	1099.17981467571	0.999090230746009	0.981701569173439	7.41637847919293	0.98170156917348	
ERR4183043_filtp_woHU_1	1640	7.0959151814741	0.00144096189027749	693.980879541114	0.998559038109722	0.958589888973665	7.40245152081824	0.958589888973656	
ERR4183044_filtp_woHU_1	1682	7.18815890217788	0.0011436819989962	874.368924996362	0.998856318001004	0.967745239365762	7.42773884053289	0.967745239365744	
ERR4183116_filtp_woHU_1	1389	6.64014385178444	0.0030203401327933	331.088538387619	0.996979659867207	0.917610899277842	7.23633934275434	0.917610899277835	
ERR4183117_filtp_woHU_1	1070	6.5003292528794	0.00284404257180448	351.612176946255	0.997155957428196	0.931891543710894	6.97541392745595	0.931891543710891	
ERR4183124_filtp_woHU_1	1363	6.67267794728479	0.0025844697956806	386.926557110976	0.997415530204319	0.924520990075333	7.21744343169653	0.924520990075313	
ERR4183125_filtp_woHU_1	821	6.15163177084318	0.00406188286266367	246.191245245371	0.995938117137336	0.916714192098974	6.71052310945243	0.916714192098967	
ERR5891181_filtp_woHU_1	221	5.3583399486956	0.00508438669585484	196.680555555555	0.994915613304145	0.992622906158246	5.39816270151775	0.992622906158241	
ERR5891183_filtp_woHU_1	151	4.49632523977524	0.0248911927233605	40.1748526522595	0.97510880727664	0.896167920868771	5.01727983681492	0.89616792086877	
ERR5891186_filtp_woHU_1	184	4.81336574951247	0.0148669502051262	67.2632911392407	0.985133049794874	0.922996173536636	5.21493575760899	0.922996173536637	
ERR5891188_filtp_woHU_1	218	5.35000620754662	0.00502729100833096	198.914285714285	0.994972708991669	0.993594783755897	5.38449506278909	0.993594783755899	
ERR5891191_filtp_woHU_1	197	5.21664500949013	0.00612190577588503	163.347826086956	0.993878094224115	0.987401826114368	5.28320372873799	0.987401826114373	
ERR5891194_filtp_woHU_1	205	5.15888966527888	0.00746107266435988	134.028985507246	0.99253892733564	0.969167761378856	5.32300997913841	0.969167761378859	
HTP3_filtp_woHU_1	165	5.04096136919668	0.00729968311453145	136.992248062016	0.992700316885469	0.987272855725531	5.10594547390058	0.987272855725534	
IA6_filtp_woHU_1	120	4.73417178019946	0.00951557093425607	105.090909090909	0.990484429065744	0.988862651791938	4.78749174278205	0.98886265179194	
RDP_CKDN230001569-1A_HT3KTDSX5_L3_filtp_woHU_1	814	5.44941698192155	0.0121768756926782	82.122871682207	0.987823124307322	0.813107909376061	6.70196036600254	0.813107909376062	
RUP_CKDN230001570-1A_HT3KTDSX5_L3_filtp_woHU_1	1499	6.68490042661544	0.00317789156743434	314.67404685785	0.996822108432566	0.914167729282252	7.3125534981026	0.914167729282238	
SRR13165308_filtp_woHU_1	2595	7.18089428886223	0.00269763707411039	370.694786781047	0.99730236292589	0.913443846555735	7.86134179559999	0.913443846555784	
SRR17689980_filtp_woHU_1	696	6.2133483035075	0.00369091085619132	270.935831008368	0.996309089143809	0.949276757689679	6.54534966033442	0.949276757689663	
SRR17689983_filtp_woHU_1	600	5.97877202591841	0.00535783840539217	186.642433820623	0.994642161594608	0.934631510453336	6.39692965521615	0.934631510453326	
SRR17689995_filtp_woHU_1	506	5.88618692292289	0.00427659827032506	233.83070767692	0.995723401729675	0.945338835304165	6.22653666928747	0.945338835304158	
SRR17689998_filtp_woHU_1	653	6.08316307645573	0.00388167751552293	257.620576671033	0.996118322484477	0.938531310377976	6.48157712927643	0.938531310377988	
SRR17689999_filtp_woHU_1	501	5.7278998569996	0.00596410104309231	167.66986219293	0.994035898956908	0.921386969652143	6.21660610108486	0.921386969652144	
SRR17690002_filtp_woHU_1	622	6.03716300903558	0.00555032112866127	180.169755374352	0.994449678871339	0.938476485402015	6.43294009273918	0.938476485401999	
SRR20770298_filtp_woHU_1	976	6.74623822201799	0.00139469741893201	717.001398601392	0.998605302581068	0.980064631328721	6.88346258641309	0.980064631328694	
SRR20770299_filtp_woHU_1	1040	6.57148425785181	0.00230598857068844	433.65349365173	0.997694011429312	0.945948894208258	6.94697599213542	0.945948894208252	
SRR24605825_filtp_woHU_1	1259	6.62989919083648	0.00252555924330517	395.951907543183	0.997474440756695	0.928807979298589	7.13807303404435	0.928807979298596	
SRR24605827_filtp_woHU_1	2403	7.39778436579204	0.00101231111551522	987.838604825598	0.998987688884485	0.950325621498801	7.78447323573647	0.950325621498817	
SRR24605828_filtp_woHU_1	1300	6.8248556443865	0.00167462314936115	597.149275275149	0.998325376850639	0.951846842026707	7.17011954344963	0.951846842026704	
SRR24605834_filtp_woHU_1	410	5.19931027701281	0.0123476838745133	80.9868482350835	0.987652316125487	0.864224477352832	6.01615715969835	0.864224477352826	
SRR24605835_filtp_woHU_1	2140	7.31103256607221	0.00103466404178923	966.497297297308	0.998965335958211	0.953377362857555	7.6685611080159	0.953377362857589	
SRR24605838_filtp_woHU_1	1683	6.73401762401179	0.00271010463683818	368.989442845527	0.997289895363162	0.906531444938147	7.42833319419081	0.906531444938144	
SRR24605839_filtp_woHU_1	2334	7.50999227911887	0.000772731387333757	1294.11075619746	0.999227268612666	0.968364176002056	7.7553388128465	0.968364176002084	
SRR24605841_filtp_woHU_1	2456	7.426342223547	0.00103056013840538	970.346089212548	0.998969439861595	0.951328082826442	7.80628928926703	0.951328082826438	
SRR24605842_filtp_woHU_1	929	5.95005240110874	0.0072134486352264	138.629946724312	0.992786551364774	0.870640580726472	6.83410873881384	0.87064058072647	
SRR5830676_filtp_woHU_1	978	6.38674509427818	0.00337962701239319	295.890640101103	0.996620372987607	0.927563158043736	6.88550967003482	0.927563158043742	
SRR5881985_filtp_woHU_1	2412	6.49769006568005	0.00938871643745075	106.510832088941	0.990611283562549	0.834298094937245	7.78821155784708	0.834298094937252	
SRR5882128_filtp_woHU_1	837	6.5571833206305	0.00185229333469052	539.87129428778	0.998147706665309	0.974346914859779	6.72982407048948	0.974346914859775	
SRR5882551_filtp_woHU_1	915	5.96725844533036	0.00789962868763971	126.588228325803	0.99210037131236	0.875102639097837	6.81892406527552	0.875102639097821	
SRR6263181_filtp_woHU_1	565	4.54675107991589	0.0533520403028627	18.74342563702	0.946647959697137	0.717512406498404	6.33682573114644	0.717512406498403	
SRR6263202_filtp_woHU_1	926	6.02788563261699	0.00815042162698405	122.693039178396	0.991849578373016	0.882447169359899	6.83087423464618	0.8824471693599	
SRR6263206_filtp_woHU_1	1285	5.51319422896838	0.0322443141550756	31.0132197320311	0.967755685844924	0.770159034546167	7.15851399732932	0.770159034546179	
SRR6263248_filtp_woHU_1	1031	6.06575014316907	0.00537945713517868	185.892363275943	0.994620542864821	0.874243504592834	6.93828448401696	0.874243504592848	
SRR6263258_filtp_woHU_1	1756	6.00426639497327	0.0186903180823907	53.5036373159513	0.981309681917609	0.80369858631524	7.47079377419506	0.803698586315255	
SRR6263259_filtp_woHU_1	835	4.81448533926173	0.0420609241641697	23.775036328181	0.95793907583583	0.715649825397294	6.72743172485086	0.715649825397294	
SRR6263322_filtp_woHU_1	1053	5.57063669103613	0.0232554167786394	43.000734388838	0.976744583221361	0.800448010172648	6.95939851213398	0.800448010172642	
SRR6263654_filtp_woHU_1	950	5.73397747262674	0.0119874285159968	83.420726861106	0.988012571484003	0.836288086408137	6.85646198459459	0.836288086408129	
SRR6263655_filtp_woHU_1	771	5.51282716997045	0.021745996386228	45.9854762338373	0.978254003613772	0.829284837101267	6.64768837356333	0.829284837101262	
SRR6263736_filtp_woHU_1	796	5.6590301402239	0.0137733437843118	72.604010736959	0.986226656215688	0.847211035089754	6.67959918584438	0.847211035089755	
SRR6263737_filtp_woHU_1	819	5.70502304243627	0.0114141506870628	87.6105482936579	0.988585849312937	0.850469816883891	6.70808408385307	0.850469816883902	
SRR6265700_filtp_woHU_1	876	5.67281474603662	0.0130867341344679	76.413258627009	0.986913265865532	0.837270587286098	6.77536609093639	0.837270587286091	
SRR6265795_filtp_woHU_1	463	4.42303974668333	0.0518759244913694	19.2767648924766	0.948124075508631	0.720631547754906	6.13772705408623	0.72063154775491	
SRR6265865_filtp_woHU_1	556	4.70410310488766	0.0374326989026062	26.7146112707993	0.962567301097394	0.744229638850478	6.32076829425058	0.744229638850479	
SRR6265866_filtp_woHU_1	1073	6.2015840825081	0.00742272548773522	134.721404105854	0.992577274512265	0.888706524510983	6.9782137426307	0.888706524510974	
SRR6266047_filtp_woHU_1	494	4.82095603981554	0.0416133022887478	24.030777299556	0.958386697711252	0.777255692685053	6.20253551718792	0.777255692685048	
SRR6266108_filtp_woHU_1	640	5.1160788963966	0.0262498508531206	38.0954545454539	0.973750149146879	0.791782727510648	6.46146817635372	0.791782727510631	
SRR6266133_filtp_woHU_1	1202	6.64069918169162	0.0037409297070827	267.313229143734	0.996259070292917	0.9363988529076	7.09174211509515	0.936398852907622	
SRR6266134_filtp_woHU_1	1112	6.33264328961272	0.00515425674527881	194.014394202613	0.994845743254721	0.902868492264485	7.01391547481053	0.902868492264485	
SRR6266221_filtp_woHU_1	662	5.66711658491082	0.00916693996754665	109.087656681538	0.990833060032453	0.872499597761754	6.49526555593701	0.872499597761741	
SRR6266334_filtp_woHU_1	1430	7.10465732779429	0.00104551867528034	956.463068181798	0.99895448132472	0.977871591690565	7.26542972325395	0.977871591690539	
SRR6266336_filtp_woHU_1	1393	7.08750328580408	0.00109381661238787	914.23003515821	0.998906183387612	0.979043074625465	7.23921497377981	0.979043074625479	
SRR6266338_filtp_woHU_1	1002	6.55463078835075	0.002291748584627	436.348038658332	0.997708251415373	0.948605618924569	6.90975328164481	0.948605618924558	
SRR6266341_filtp_woHU_1	576	4.97023782521299	0.0286075601938723	34.9557946648731	0.971392439806128	0.781962498204259	6.35610766069589	0.781962498204261	
SRR6266357_filtp_woHU_1	786	5.86154339817748	0.00739558561236625	135.215796613576	0.992604414387634	0.879193248234887	6.66695679242921	0.879193248234893	
SRR6266358_filtp_woHU_1	1338	6.71902552358046	0.00300119654477206	333.200436919719	0.996998803455228	0.933336532734846	7.19893124068817	0.933336532734854	
SRR6429832_filtp_woHU_1	460	6.04715149232333	0.00279137875806526	358.245901639344	0.997208621241935	0.986287409655471	6.13122648948314	0.986287409655464	
SRR6429834_filtp_woHU_1	417	5.91426300901175	0.00360502426539724	277.390643274855	0.996394975734603	0.980304738169045	6.0330862217988	0.980304738169041	
shotgun_illumina_1st_ARH_ECA53_filtp_woHU_1	356	5.80817995422948	0.00334324806662699	299.110320284699	0.996656751933373	0.988638031718057	5.87493073085203	0.988638031718057	
shotgun_illumina_1st_COP_ECA53_filtp_woHU_1	278	5.50077844961353	0.00511020408163267	195.686900958466	0.994889795918367	0.977460695822515	5.62762111369064	0.977460695822517	
shotgun_illumina_1st_DEH_ECA53_filtp_woHU_1	324	5.55458121743112	0.00545675106841729	183.259230164964	0.994543248931583	0.960876607352781	5.78074351579233	0.960876607352781	
shotgun_illumina_1st_DEP_ECA53_filtp_woHU_1	352	5.83107028554729	0.00308379704503716	324.275555555554	0.996916202954963	0.994446975078121	5.8636311755981	0.994446975078117	
shotgun_illumina_2nd_BARR2_ECA53_filtp_woHU_1	400	5.94771691256154	0.00279257669486177	358.092224231463	0.997207423305138	0.992698340413688	5.99146454710798	0.992698340413689	
shotgun_illumina_2nd_PRH_ECA55_filtp_woHU_1	371	5.86986955279117	0.00311243995686699	321.291338582675	0.996887560043133	0.992168538307861	5.91620206260743	0.99216853830786	
shotgun_illumina_2nd_PRP_ECA55_filtp_woHU_1	307	4.96316757638528	0.0343093872070312	29.1465421392039	0.965690612792969	0.866649122717875	5.7268477475872	0.866649122717872	
shotgun_illumina_3rd_ARH_ECA55_filtp_woHU_1	1941	7.23975873549802	0.00132656249999998	753.828032979989	0.9986734375	0.956253908401073	7.57095858316901	0.9562539084011	
shotgun_illumina_3rd_COP_ECA55_filtp_woHU_1	2227	7.51055098592611	0.000753883713340999	1326.46452271569	0.999246116286659	0.974331974531183	7.70841066725737	0.974331974531134	
shotgun_illumina_3rd_DEP_ECA55_filtp_woHU_1	2531	7.64838912775858	0.000689907593468774	1449.46947890821	0.999310092406531	0.976011770943607	7.83636976054512	0.976011770943569	
unifrac.S3.19.eIF_5A.unifrac	Richness R	Shannon H	Simpson λ	Simpson dominance 1/λ	Gini 1-λ	Pielou J	Hmax	Efficiency η	
CS1_filtp_woHU_1	1
ERR4182668_filtp_woHU_1	14	1.83669323188639	0.233996539792388	4.2735674676525	0.766003460207612	0.695965643214791	2.63905732961526	0.695965643214791	
ERR4182669_filtp_woHU_1	23	2.73729891622395	0.103706788837984	9.6425702811245	0.896293211162016	0.873003975678774	3.13549421592915	0.873003975678773	
ERR4182670_filtp_woHU_1	31	2.53353248085479	0.175537109375	5.69680111265647	0.824462890625	0.73778157284504	3.43398720448515	0.73778157284504	
ERR4182673_filtp_woHU_1	17	2.78778811938601	0.065	15.3846153846154	0.935	0.983966888774717	2.83321334405622	0.983966888774717	
ERR4183043_filtp_woHU_1	13	2.2412298517563	0.1456	6.86813186813187	0.8544	0.873791073198571	2.56494935746154	0.873791073198571	
ERR4183044_filtp_woHU_1	13	2.50702643555742	0.0865051903114187	11.56	0.913494809688581	0.977417518308649	2.56494935746154	0.977417518308649	
ERR4183116_filtp_woHU_1	25	3.02500547400116	0.0600832837596668	16.6435643564357	0.939916716240333	0.939770789115488	3.2188758248682	0.939770789115488	
ERR4183117_filtp_woHU_1	19	2.7588432032235	0.076216712580349	13.1204819277108	0.923783287419651	0.936967355324347	2.94443897916644	0.936967355324346	
ERR4183124_filtp_woHU_1	24	2.57608497646002	0.120242214532872	8.31654676258993	0.879757785467128	0.81058569614536	3.17805383034795	0.81058569614536	
ERR4183125_filtp_woHU_1	23	3.04439022811584	0.0535077288941736	18.6888888888889	0.946492271105826	0.970944297281596	3.13549421592915	0.970944297281596	
ERR5891181_filtp_woHU_1	1
ERR5891183_filtp_woHU_1	2	0.693147180559945	0.5	2	0.5	1	0.693147180559945	1	
ERR5891186_filtp_woHU_1	5	1.56071040904141	0.222222222222222	4.5	0.777777777777778	0.969723899868247	1.6094379124341	0.969723899868247	
ERR5891188_filtp_woHU_1	1
ERR5891191_filtp_woHU_1	2	0.693147180559945	0.5	2	0.5	1	0.693147180559945	1	
HTP3_filtp_woHU_1	2	0.693147180559945	0.5	2	0.5	1	0.693147180559945	1	
IA6_filtp_woHU_1	1
RDP_CKDN230001569-1A_HT3KTDSX5_L3_filtp_woHU_1	11	1.43636475785215	0.414840445982315	2.41056533827618	0.585159554017685	0.59901062992459	2.39789527279837	0.59901062992459	
RUP_CKDN230001570-1A_HT3KTDSX5_L3_filtp_woHU_1	11	1.98111469902278	0.178638941398866	5.5978835978836	0.821361058601134	0.826189000619198	2.39789527279837	0.826189000619198	
SRR13165308_filtp_woHU_1	20	1.0367848224098	0.640522352187149	1.56122576610382	0.359477647812851	0.346087276076848	2.99573227355399	0.346087276076848	
SRR17689980_filtp_woHU_1	3	0.735621939758795	0.59375	1.68421052631579	0.40625	0.669591945535779	1.09861228866811	0.669591945535779	
SRR17689983_filtp_woHU_1	2	0.562335144618808	0.625	1.6	0.375	0.811278124459133	0.693147180559945	0.811278124459133	
SRR17689995_filtp_woHU_1	7	1.57923313461134	0.280276816608997	3.5679012345679	0.719723183391003	0.811565290092153	1.94591014905531	0.811565290092153	
SRR17689998_filtp_woHU_1	12	2.34393298130802	0.114186851211073	8.75757575757576	0.885813148788927	0.943268022365344	2.484906649788	0.943268022365344	
SRR17689999_filtp_woHU_1	5	1.56071040904141	0.222222222222222	4.5	0.777777777777778	0.969723899868247	1.6094379124341	0.969723899868247	
SRR17690002_filtp_woHU_1	2	0.693147180559945	0.5	2	0.5	1	0.693147180559945	1	
SRR20770298_filtp_woHU_1	3	1.05492016798614	0.36	2.77777777777778	0.64	0.960229717860761	1.09861228866811	0.960229717860761	
SRR20770299_filtp_woHU_1	6	1.58678470752805	0.244444444444444	4.09090909090909	0.755555555555556	0.885601407320416	1.79175946922805	0.885601407320416	
SRR24605825_filtp_woHU_1	23	2.96619578505699	0.0616319444444444	16.2253521126761	0.938368055555556	0.946005822618943	3.13549421592915	0.946005822618942	
SRR24605827_filtp_woHU_1	89	4.20284127668388	0.0205387755102041	48.6883942766296	0.979461224489796	0.936329194546602	4.48863636973214	0.936329194546601	
SRR24605828_filtp_woHU_1	16	2.56352937105891	0.09765625	10.24	0.90234375	0.924597777699975	2.77258872223978	0.924597777699975	
SRR24605834_filtp_woHU_1	15	2.22121289023893	0.138855859426609	7.20171265461465	0.861144140573391	0.82022589143099	2.70805020110221	0.82022589143099	
SRR24605835_filtp_woHU_1	15	2.48920030436042	0.102040816326531	9.8	0.897959183673469	0.919185435833976	2.70805020110221	0.919185435833976	
SRR24605838_filtp_woHU_1	27	2.60546133921894	0.138492614568868	7.22060164083865	0.861507385431132	0.790531038138924	3.29583686600433	0.790531038138925	
SRR24605839_filtp_woHU_1	52	3.70058890051002	0.0324	30.8641975308642	0.9676	0.936563058134667	3.95124371858143	0.936563058134667	
SRR24605841_filtp_woHU_1	16	2.49712431012058	0.110582639714625	9.04301075268817	0.889417360285375	0.900647214673559	2.77258872223978	0.90064721467356	
SRR24605842_filtp_woHU_1	17	2.11745131320314	0.213839750260146	4.67639902676399	0.786160249739854	0.747367407980527	2.83321334405622	0.747367407980527	
SRR5830676_filtp_woHU_1	20	2.81664706090032	0.0738813735691988	13.5352112676056	0.926118626430801	0.940219887392937	2.99573227355399	0.940219887392937	
SRR5881985_filtp_woHU_1	12	2.19765355941704	0.145557655954631	6.87012987012987	0.854442344045369	0.884400852484551	2.484906649788	0.88440085248455	
SRR5882128_filtp_woHU_1	9	2.13833305950803	0.125	8	0.875	0.973197315178593	2.19722457733622	0.973197315178593	
SRR5882551_filtp_woHU_1	4	1.2130075659799	0.34375	2.90909090909091	0.65625	0.875	1.38629436111989	0.875	
SRR6263181_filtp_woHU_1	4	1.03356205420682	0.454545454545455	2.2	0.545454545454545	0.745557425027593	1.38629436111989	0.745557425027593	
SRR6263202_filtp_woHU_1	9	2.10337044276352	0.129259058950784	7.73640167364017	0.870740941049216	0.957285142565408	2.19722457733622	0.957285142565408	
SRR6263206_filtp_woHU_1	7	0.933628515650652	0.604897959183674	1.6531713900135	0.395102040816326	0.479790146582001	1.94591014905531	0.479790146582001	
SRR6263248_filtp_woHU_1	8	1.66473593483376	0.2576	3.88198757763975	0.7424	0.800568759191438	2.07944154167984	0.800568759191438	
SRR6263258_filtp_woHU_1	12	1.5939818278531	0.358107127304398	2.79246047831374	0.641892872695602	0.641465476374771	2.484906649788	0.641465476374771	
SRR6263259_filtp_woHU_1	2	0.636514168294813	0.555555555555556	1.8	0.444444444444444	0.918295834054489	0.693147180559945	0.91829583405449	
SRR6263322_filtp_woHU_1	10	1.67262544615032	0.322314049586777	3.1025641025641	0.677685950413223	0.726412001554049	2.30258509299405	0.726412001554049	
SRR6263654_filtp_woHU_1	6	1.79175946922805	0.166666666666667	6	0.833333333333333	1	1.79175946922805	1	
SRR6263655_filtp_woHU_1	3	0.291139838831965	0.873333333333333	1.14503816793893	0.126666666666667	0.26500690173867	1.09861228866811	0.26500690173867	
SRR6263736_filtp_woHU_1	3	0.158733612008459	0.939881656804734	1.06396373709393	0.0601183431952663	0.144485560234264	1.09861228866811	0.144485560234264	
SRR6263737_filtp_woHU_1	5	1.42706104338072	0.283950617283951	3.52173913043478	0.716049382716049	0.886682880001534	1.6094379124341	0.886682880001534	
SRR6265700_filtp_woHU_1	4	1.00271826451752	0.481481481481481	2.07692307692308	0.518518518518519	0.723308333814104	1.38629436111989	0.723308333814104	
SRR6265795_filtp_woHU_1	3	1.03972077083992	0.375	2.66666666666667	0.625	0.946394630357186	1.09861228866811	0.946394630357186	
SRR6265865_filtp_woHU_1	3	0.70291893077351	0.6015625	1.66233766233766	0.3984375	0.639824383928643	1.09861228866811	0.639824383928643	
SRR6265866_filtp_woHU_1	6	0.446518861807548	0.828282828282828	1.20731707317073	0.171717171717172	0.24920692173036	1.79175946922805	0.24920692173036	
SRR6266047_filtp_woHU_1	5	1.52295506753132	0.234567901234568	4.26315789473684	0.765432098765432	0.946265187221801	1.6094379124341	0.946265187221801	
SRR6266108_filtp_woHU_1	3	0.485094091302212	0.76	1.31578947368421	0.24	0.441551670508173	1.09861228866811	0.441551670508173	
SRR6266133_filtp_woHU_1	6	1.73512645696292	0.185185185185185	5.4	0.814814814814815	0.968392514041223	1.79175946922805	0.968392514041222	
SRR6266134_filtp_woHU_1	9	1.5576572015363	0.333333333333333	3	0.666666666666667	0.708920343238062	2.19722457733622	0.708920343238062	
SRR6266221_filtp_woHU_1	4	1.32966134885476	0.277777777777778	3.6	0.722222222222222	0.959147917027245	1.38629436111989	0.959147917027245	
SRR6266334_filtp_woHU_1	12	2.4410152780267	0.0918367346938775	10.8888888888889	0.908163265306122	0.982336812626325	2.484906649788	0.982336812626325	
SRR6266336_filtp_woHU_1	6	1.74786809746676	0.183673469387755	5.44444444444444	0.816326530612245	0.975503759006108	1.79175946922805	0.975503759006109	
SRR6266338_filtp_woHU_1	11	2.18083952705862	0.141868512110727	7.04878048780488	0.858131487889273	0.909480723281779	2.39789527279837	0.909480723281779	
SRR6266341_filtp_woHU_1	6	1.79175946922805	0.166666666666667	6	0.833333333333333	1	1.79175946922805	1	
SRR6266357_filtp_woHU_1	5	1.56071040904141	0.222222222222222	4.5	0.777777777777778	0.969723899868247	1.6094379124341	0.969723899868247	
SRR6266358_filtp_woHU_1	8	1.97300140639361	0.16	6.25	0.84	0.948813114890338	2.07944154167984	0.948813114890339	
SRR6429832_filtp_woHU_1	5	1.56071040904141	0.222222222222222	4.5	0.777777777777778	0.969723899868247	1.6094379124341	0.969723899868247	
SRR6429834_filtp_woHU_1	6	1.79175946922805	0.166666666666667	6	0.833333333333333	1	1.79175946922805	1	
shotgun_illumina_1st_COP_ECA53_filtp_woHU_1	5	1.46481638489081	0.259259259259259	3.85714285714286	0.740740740740741	0.91014159264798	1.6094379124341	0.91014159264798	
shotgun_illumina_1st_DEH_ECA53_filtp_woHU_1	5	1.6094379124341	0.2	5	0.8	1	1.6094379124341	1	
shotgun_illumina_2nd_BARR2_ECA53_filtp_woHU_1	4	1.38629436111989	0.25	4	0.75	1	1.38629436111989	1	
shotgun_illumina_2nd_PRH_ECA55_filtp_woHU_1	3	1.09861228866811	0.333333333333333	3	0.666666666666667	1	1.09861228866811	1	
shotgun_illumina_3rd_ARH_ECA55_filtp_woHU_1	26	3.19891652872068	0.0444444444444445	22.5	0.955555555555555	0.981836017254192	3.25809653802148	0.981836017254192	
shotgun_illumina_3rd_COP_ECA55_filtp_woHU_1	17	2.77097388095569	0.0692520775623269	14.44	0.930747922437673	0.978032200352613	2.83321334405622	0.978032200352614	
shotgun_illumina_3rd_DEP_ECA55_filtp_woHU_1	22	3.02469555385825	0.0532544378698225	18.7777777777778	0.946745562130177	0.978535752743226	3.09104245335832	0.978535752743226	
unifrac.S3.1.ribosomal_protein_L2_rplB.unifrac	Richness R	Shannon H	Simpson λ	Simpson dominance 1/λ	Gini 1-λ	Pielou J	Hmax	Efficiency η	
CS1_filtp_woHU_1	152	4.63538504775956	0.0159424313943264	62.7256894049347	0.984057568605674	0.922670240370033	5.02388052084628	0.922670240370033	
ERR4182668_filtp_woHU_1	414	5.00170072310634	0.0179309076505205	55.7696252465486	0.982069092349479	0.830038494854073	6.02586597382531	0.830038494854074	
ERR4182669_filtp_woHU_1	552	5.8756537183216	0.00508904557926258	196.50049983339	0.994910954420737	0.930642116802499	6.31354804627709	0.930642116802506	
ERR4182670_filtp_woHU_1	663	5.65861152321365	0.00906136837045341	110.358608006791	0.990938631629547	0.870987764200183	6.49677499018586	0.870987764200197	
ERR4182673_filtp_woHU_1	805	6.60802874031206	0.00153262544666293	652.47513812155	0.998467374553337	0.987622853196525	6.69084227741856	0.987622853196512	
ERR4183043_filtp_woHU_1	764	6.37300778514909	0.00258961987549167	386.157060912323	0.997410380124508	0.959997395153395	6.63856778916652	0.959997395153391	
ERR4183044_filtp_woHU_1	702	6.34095947597177	0.00250896993006792	398.569942196528	0.997491030069932	0.967504410721779	6.55393340402581	0.967504410721773	
ERR4183116_filtp_woHU_1	578	5.62677080581024	0.00953862173583605	104.836948952809	0.990461378264164	0.884771672128542	6.35957386867238	0.884771672128549	
ERR4183117_filtp_woHU_1	533	5.69055244123028	0.0072088172273485	138.719011519149	0.992791182772652	0.906352317175747	6.27852142416584	0.906352317175747	
ERR4183124_filtp_woHU_1	617	5.83622674957124	0.00582018090062406	171.815965358186	0.994179819099376	0.908380657699954	6.42486902390539	0.908380657699955	
ERR4183125_filtp_woHU_1	373	5.21448500355507	0.0124599091102683	80.2574072691988	0.987540090889732	0.880590382161776	5.92157841964382	0.880590382161778	
ERR5891181_filtp_woHU_1	232	5.37948802229258	0.00512363555357543	195.173913043478	0.994876364446425	0.987653278506954	5.44673737166631	0.987653278506958	
ERR5891183_filtp_woHU_1	153	4.53736874887432	0.0211773297091159	47.2203065134102	0.978822670290884	0.901982853138632	5.03043792139244	0.901982853138637	
ERR5891186_filtp_woHU_1	163	4.60498116986781	0.0178139258083714	56.1358574610244	0.982186074191629	0.90404534740209	5.09375020080676	0.904045347402089	
ERR5891188_filtp_woHU_1	296	5.64522917423069	0.00382024163498816	261.763546798028	0.996179758365012	0.992068993100414	5.69035945432406	0.992068993100414	
ERR5891191_filtp_woHU_1	232	5.39303471755066	0.00495309131169511	201.894117647059	0.995046908688305	0.990140399572962	5.44673737166631	0.990140399572961	
ERR5891194_filtp_woHU_1	335	5.53889080639482	0.00660002450937482	151.514588859417	0.993399975490625	0.952660208792414	5.81413053182507	0.952660208792422	
HTP3_filtp_woHU_1	158	5.02082721741724	0.00703770661157024	142.091743119266	0.99296229338843	0.99174972216082	5.06259503302697	0.991749722160824	
IA6_filtp_woHU_1	178	4.90555354039376	0.0106117658565211	94.2350230414744	0.989388234143479	0.946692097958674	5.18178355029209	0.946692097958672	
RDP_CKDN230001569-1A_HT3KTDSX5_L3_filtp_woHU_1	470	4.87243411051298	0.016791021630084	59.555637651513	0.983208978369916	0.791913829558511	6.1527326947041	0.791913829558511	
RUP_CKDN230001570-1A_HT3KTDSX5_L3_filtp_woHU_1	767	5.94650358411882	0.00687855112697458	145.379452960443	0.993121448873025	0.895222491506467	6.64248680136726	0.895222491506459	
SRR13165308_filtp_woHU_1	1319	6.47199067235697	0.00418612390650068	238.884472207592	0.995813876093499	0.900810679965185	7.18462915271731	0.900810679965178	
SRR17689980_filtp_woHU_1	337	5.5427085197471	0.0056226843100189	177.850995158687	0.994377315689981	0.952341845653311	5.82008293035236	0.95234184565331	
SRR17689983_filtp_woHU_1	310	5.35120204385617	0.00927670052323788	107.79694757797	0.990723299476762	0.932822209215011	5.73657229747919	0.932822209215012	
SRR17689995_filtp_woHU_1	217	4.73586596874527	0.0180751628628077	55.3245360824742	0.981924837137192	0.880289280171608	5.37989735354046	0.88028928017161	
SRR17689998_filtp_woHU_1	294	5.17207747677482	0.0116288422866992	85.9930830039524	0.988371157713301	0.910003499290489	5.68357976733868	0.910003499290486	
SRR17689999_filtp_woHU_1	216	4.78633236506218	0.0171509780382741	58.3057128152341	0.982849021961726	0.890434318382456	5.37527840768417	0.890434318382458	
SRR17690002_filtp_woHU_1	307	5.3516686702422	0.00891428571428565	112.179487179488	0.991085714285714	0.934487680853212	5.7268477475872	0.934487680853213	
SRR20770298_filtp_woHU_1	423	5.86791739699675	0.00364673353517399	274.218006430867	0.996353266464826	0.970325163271523	6.04737217904628	0.970325163271532	
SRR20770299_filtp_woHU_1	377	5.46719549408362	0.00741659442262145	134.832774049217	0.992583405577379	0.921606461184648	5.93224518744801	0.921606461184651	
SRR24605825_filtp_woHU_1	804	5.65712095161857	0.0152313160879097	65.654208357857	0.98476868391209	0.845659167909005	6.68959926917897	0.845659167909013	
SRR24605827_filtp_woHU_1	1143	6.47496561968319	0.00283084678447983	353.251191651388	0.99716915321552	0.919555045045279	7.04141166379481	0.919555045045289	
SRR24605828_filtp_woHU_1	698	5.87215720148139	0.0126145361932296	79.27362407004	0.98738546380677	0.896756371362745	6.54821910276237	0.896756371362751	
SRR24605834_filtp_woHU_1	212	4.53843998489151	0.0203031276938927	49.253495080997	0.979696872306107	0.847263490621067	5.35658627467201	0.847263490621067	
SRR24605835_filtp_woHU_1	921	6.43474605593891	0.00263363315338367	379.703604017594	0.997366366846616	0.942756388838113	6.82546003625531	0.942756388838117	
SRR24605838_filtp_woHU_1	937	6.13004086656569	0.00539047375713684	185.512451234185	0.994609526242863	0.895853368294491	6.84268328223842	0.895853368294511	
SRR24605839_filtp_woHU_1	1072	6.69927781113859	0.00178127471529749	561.39571926332	0.998218725284702	0.960155894985427	6.97728134163075	0.960155894985424	
SRR24605841_filtp_woHU_1	970	6.44005633541559	0.00268119274874445	372.968336747994	0.997318807251256	0.936422726092314	6.87729607149743	0.936422726092306	
SRR24605842_filtp_woHU_1	474	5.20971081183694	0.0147452460444187	67.8184682024018	0.985254753955581	0.84556654886329	6.16120732169508	0.845566548863288	
SRR5830676_filtp_woHU_1	480	5.65563468794724	0.00672242711804026	148.755796446853	0.99327757288196	0.916072340823855	6.17378610390194	0.916072340823861	
SRR5881985_filtp_woHU_1	1089	5.81030545675121	0.0174150881528171	57.4214721869345	0.982584911847183	0.830872714359911	6.99301512293296	0.830872714359903	
SRR5882128_filtp_woHU_1	303	5.58641591961012	0.00448542534205827	222.944297082229	0.995514574657942	0.977717388923667	5.71373280550937	0.977717388923663	
SRR5882551_filtp_woHU_1	421	5.24394578106936	0.0130071694843035	76.8806773223609	0.986992830515696	0.867824659449596	6.04263283368238	0.867824659449596	
SRR6263181_filtp_woHU_1	276	4.10867859792129	0.0761081623966631	13.1391951731559	0.923891837603337	0.731029457877828	5.62040086571715	0.731029457877824	
SRR6263202_filtp_woHU_1	496	5.53491114144069	0.00823405800034092	121.446800588312	0.991765941999659	0.891781749999688	6.20657592672493	0.89178174999969	
SRR6263206_filtp_woHU_1	625	4.87122821621143	0.0522012930539413	19.1566135912892	0.947798706946059	0.756666066236166	6.4377516497364	0.756666066236161	
SRR6263248_filtp_woHU_1	550	5.32953972793509	0.0106017754310877	94.3238240142013	0.989398224568912	0.844628962363207	6.30991827822652	0.844628962363212	
SRR6263258_filtp_woHU_1	890	5.41550356076474	0.0264578959788799	37.7959003542177	0.97354210402112	0.797427029951517	6.79122146272619	0.79742702995151	
SRR6263259_filtp_woHU_1	401	4.12156135059944	0.0835976852839189	11.9620536932781	0.916402314716081	0.687618931250195	5.99396142730657	0.687618931250198	
SRR6263322_filtp_woHU_1	492	4.87883567308404	0.0430609174199834	23.2229144178876	0.956939082580017	0.787102109442258	6.19847871649231	0.787102109442264	
SRR6263654_filtp_woHU_1	461	5.20609078269341	0.0202966807638089	49.2691397000787	0.979703319236191	0.848810193989924	6.13339804299665	0.848810193989922	
SRR6263655_filtp_woHU_1	359	4.77457424719041	0.0343724165243434	29.0930956015785	0.965627583475657	0.811543874687655	5.88332238848828	0.811543874687654	
SRR6263736_filtp_woHU_1	357	4.94408209809683	0.0212525111363438	47.0532631925036	0.978747488863656	0.841154192984136	5.87773578177964	0.84115419298414	
SRR6263737_filtp_woHU_1	393	5.0600996862381	0.0261446223105565	38.2487835594483	0.973855377689444	0.847047364245468	5.97380961186926	0.847047364245465	
SRR6265700_filtp_woHU_1	417	5.06437900791683	0.0292645794815348	34.1710018635659	0.970735420518465	0.839434216871984	6.0330862217988	0.83943421687198	
SRR6265795_filtp_woHU_1	224	3.90878115795202	0.0699867165801231	14.2884257022569	0.930013283419877	0.722290615553495	5.41164605185504	0.722290615553494	
SRR6265865_filtp_woHU_1	302	4.37822216540599	0.0494887359375883	20.2066183557634	0.950511264062412	0.766706614423854	5.71042701737487	0.766706614423852	
SRR6265866_filtp_woHU_1	509	5.51367825210072	0.0120080490299637	83.2774747591966	0.987991950970036	0.884672962768228	6.23244801655052	0.884672962768224	
SRR6266047_filtp_woHU_1	232	4.22514800548204	0.0608436992969175	16.4355555555555	0.939156300703083	0.775720898066625	5.44673737166631	0.775720898066627	
SRR6266108_filtp_woHU_1	315	4.44226151738922	0.0476599882406573	20.9819606952175	0.952340011759343	0.772221716490327	5.75257263882563	0.772221716490327	
SRR6266133_filtp_woHU_1	557	6.04223563006826	0.00349594420171249	286.045755395681	0.996504055798287	0.955662045511412	6.32256523992728	0.955662045511419	
SRR6266134_filtp_woHU_1	478	5.59369779435192	0.00858477100401805	116.485343584815	0.991415228995982	0.906653277960217	6.16961073249146	0.906653277960213	
SRR6266221_filtp_woHU_1	310	4.82968840888277	0.0178492849078049	56.0246533777235	0.982150715092195	0.841911887174344	5.73657229747919	0.841911887174345	
SRR6266334_filtp_woHU_1	511	6.01290822756109	0.0037837837837838	264.285714285713	0.996216216216216	0.964168037283481	6.2363695902037	0.964168037283473	
SRR6266336_filtp_woHU_1	598	6.19085569503966	0.002895933791594	345.311761927255	0.997104066208406	0.968290892127292	6.39359075395063	0.968290892127283	
SRR6266338_filtp_woHU_1	386	5.45948800933775	0.00772112573099414	129.514792899408	0.992278874269006	0.916661700221731	5.95583736946483	0.916661700221727	
SRR6266341_filtp_woHU_1	278	4.50648124527351	0.0368544846652586	27.1337398713558	0.963145515334741	0.800779077736832	5.62762111369064	0.800779077736829	
SRR6266357_filtp_woHU_1	373	5.11397283202927	0.0170028795832057	58.8135671435167	0.982997120416794	0.86361650046963	5.92157841964382	0.86361650046963	
SRR6266358_filtp_woHU_1	647	5.90655425042402	0.011210449320523	89.2024905878923	0.988789550679477	0.912583162529855	6.4723462945009	0.912583162529864	
SRR6429832_filtp_woHU_1	169	5.05084723138775	0.00759002770083101	131.751824817519	0.992409972299169	0.984590049837561	5.12989871492307	0.984590049837561	
SRR6429834_filtp_woHU_1	147	4.88410871017996	0.00938036728762055	106.605633802817	0.990619632712379	0.978694456893284	4.99043258677874	0.978694456893286	
shotgun_illumina_1st_ARH_ECA53_filtp_woHU_1	388	5.87163091963982	0.00327032136105859	305.78034682081	0.996729678638941	0.985006821015681	5.96100533962327	0.98500682101568	
shotgun_illumina_1st_COP_ECA53_filtp_woHU_1	362	5.66636680587332	0.00490702479338846	203.789473684209	0.995092975206612	0.961763236568109	5.89164421182577	0.961763236568122	
shotgun_illumina_1st_DEH_ECA53_filtp_woHU_1	362	5.68145326273779	0.00464328056826375	215.364974245769	0.995356719431736	0.964323889642541	5.89164421182577	0.964323889642546	
shotgun_illumina_1st_DEP_ECA53_filtp_woHU_1	369	5.82513762808325	0.00349353828757953	286.242748091603	0.99650646171242	0.985508042127681	5.91079664404053	0.985508042127679	
shotgun_illumina_2nd_BARR2_ECA53_filtp_woHU_1	370	5.85694256866698	0.00315059861373663	317.399999999998	0.996849401386263	0.990435375289848	5.91350300563827	0.990435375289853	
shotgun_illumina_2nd_PRH_ECA55_filtp_woHU_1	517	6.19464081796497	0.00221318827243185	451.836842105258	0.997786811727568	0.991452994543086	6.24804287450843	0.991452994543084	
shotgun_illumina_2nd_PRP_ECA55_filtp_woHU_1	377	5.38835818413284	0.0154003250421468	64.9336944034139	0.984599674957853	0.908316836858668	5.93224518744801	0.908316836858668	
shotgun_illumina_3rd_ARH_ECA55_filtp_woHU_1	880	6.37396487120689	0.00328374303152637	304.530528241479	0.996716256968474	0.940123641274106	6.77992190747225	0.940123641274109	
shotgun_illumina_3rd_COP_ECA55_filtp_woHU_1	1068	6.76747620005197	0.00155923272168327	641.341081477849	0.998440767278317	0.970450197425992	6.97354301952014	0.97045019742601	
shotgun_illumina_3rd_DEP_ECA55_filtp_woHU_1	1112	6.81377490465514	0.00160915297417281	621.444956477211	0.998390847025827	0.971465214989522	7.01391547481053	0.971465214989493	
unifrac.S3.20.eS8.unifrac	Richness R	Shannon H	Simpson λ	Simpson dominance 1/λ	Gini 1-λ	Pielou J	Hmax	Efficiency η	
ERR4182669_filtp_woHU_1	1
ERR4182670_filtp_woHU_1	3	1.09861228866811	0.333333333333333	3	0.666666666666667	1	1.09861228866811	1	
ERR4182673_filtp_woHU_1	3	1.09861228866811	0.333333333333333	3	0.666666666666667	1	1.09861228866811	1	
ERR4183043_filtp_woHU_1	5	0.960891979667283	0.54320987654321	1.84090909090909	0.45679012345679	0.597035755305427	1.6094379124341	0.597035755305427	
ERR4183044_filtp_woHU_1	4	1.33217904021012	0.28	3.57142857142857	0.72	0.960964047443681	1.38629436111989	0.960964047443681	
ERR4183116_filtp_woHU_1	4	1.242453324894	0.333333333333333	3	0.666666666666667	0.896240625180289	1.38629436111989	0.896240625180289	
ERR5891181_filtp_woHU_1	1
ERR5891183_filtp_woHU_1	3	1.09861228866811	0.333333333333333	3	0.666666666666667	1	1.09861228866811	1	
ERR5891186_filtp_woHU_1	2	0.562335144618808	0.625	1.6	0.375	0.811278124459133	0.693147180559945	0.811278124459133	
ERR5891188_filtp_woHU_1	1
RUP_CKDN230001570-1A_HT3KTDSX5_L3_filtp_woHU_1	3	0.79026796807459	0.538461538461538	1.85714285714286	0.461538461538462	0.719332904088177	1.09861228866811	0.719332904088177	
SRR20770298_filtp_woHU_1	1
SRR20770299_filtp_woHU_1	5	1.56071040904141	0.222222222222222	4.5	0.777777777777778	0.969723899868247	1.6094379124341	0.969723899868247	
SRR24605825_filtp_woHU_1	7	1.90615474653985	0.15625	6.4	0.84375	0.979569764547061	1.94591014905531	0.979569764547061	
SRR24605827_filtp_woHU_1	15	2.424514870464	0.114958448753463	8.69879518072289	0.885041551246537	0.895299086212357	2.70805020110221	0.895299086212357	
SRR24605828_filtp_woHU_1	8	1.90966042154043	0.168975069252078	5.91803278688525	0.831024930747922	0.918352539979436	2.07944154167984	0.918352539979436	
SRR24605834_filtp_woHU_1	15	1.76916954264155	0.294232823068708	3.39866908650938	0.705767176931292	0.653300127863758	2.70805020110221	0.653300127863759	
SRR24605835_filtp_woHU_1	9	1.92739212613927	0.1953125	5.12	0.8046875	0.877193959151834	2.19722457733622	0.877193959151834	
SRR24605838_filtp_woHU_1	2	0.636514168294813	0.555555555555556	1.8	0.444444444444444	0.918295834054489	0.693147180559945	0.91829583405449	
SRR24605839_filtp_woHU_1	1
SRR24605841_filtp_woHU_1	9	2.00970918189415	0.1640625	6.09523809523809	0.8359375	0.91465806573609	2.19722457733622	0.914658065736091	
SRR24605842_filtp_woHU_1	4	0.854806284951481	0.555555555555556	1.8	0.444444444444444	0.61661239411011	1.38629436111989	0.61661239411011	
SRR5830676_filtp_woHU_1	2	0.636514168294813	0.555555555555556	1.8	0.444444444444444	0.918295834054489	0.693147180559945	0.91829583405449	
SRR5881985_filtp_woHU_1	5	0.997614864139987	0.522491349480969	1.91390728476821	0.477508650519031	0.619852966326115	1.6094379124341	0.619852966326115	
SRR5882128_filtp_woHU_1	3	0.848685557726417	0.506172839506173	1.97560975609756	0.493827160493827	0.77250688571426	1.09861228866811	0.77250688571426	
SRR5882551_filtp_woHU_1	1
SRR6263202_filtp_woHU_1	1
SRR6263206_filtp_woHU_1	1
SRR6263248_filtp_woHU_1	1
SRR6263258_filtp_woHU_1	6	1.58109375017182	0.259259259259259	3.85714285714286	0.740740740740741	0.882425223544658	1.79175946922805	0.882425223544658	
SRR6263259_filtp_woHU_1	1
SRR6263322_filtp_woHU_1	1
SRR6266108_filtp_woHU_1	1
SRR6266133_filtp_woHU_1	3	1.03972077083992	0.375	2.66666666666667	0.625	0.946394630357186	1.09861228866811	0.946394630357186	
SRR6266334_filtp_woHU_1	2	0.693147180559945	0.5	2	0.5	1	0.693147180559945	1	
SRR6266336_filtp_woHU_1	4	1.242453324894	0.333333333333333	3	0.666666666666667	0.896240625180289	1.38629436111989	0.896240625180289	
SRR6266338_filtp_woHU_1	2	0.693147180559945	0.5	2	0.5	1	0.693147180559945	1	
SRR6266341_filtp_woHU_1	1
SRR6429834_filtp_woHU_1	2	0.693147180559945	0.5	2	0.5	1	0.693147180559945	1	
shotgun_illumina_1st_COP_ECA53_filtp_woHU_1	1
shotgun_illumina_1st_DEP_ECA53_filtp_woHU_1	1
shotgun_illumina_2nd_BARR2_ECA53_filtp_woHU_1	1
shotgun_illumina_2nd_PRP_ECA55_filtp_woHU_1	1
shotgun_illumina_3rd_ARH_ECA55_filtp_woHU_1	6	1.67698777432242	0.209876543209877	4.76470588235294	0.790123456790123	0.935944697445866	1.79175946922805	0.935944697445866	
shotgun_illumina_3rd_COP_ECA55_filtp_woHU_1	4	1.38629436111989	0.25	4	0.75	1	1.38629436111989	1	
shotgun_illumina_3rd_DEP_ECA55_filtp_woHU_1	5	1.6094379124341	0.2	5	0.8	1	1.6094379124341	1	
unifrac.S3.21.Fibrillarin.unifrac	Richness R	Shannon H	Simpson λ	Simpson dominance 1/λ	Gini 1-λ	Pielou J	Hmax	Efficiency η	
ERR4182668_filtp_woHU_1	1
ERR4182669_filtp_woHU_1	4	1.38629436111989	0.25	4	0.75	1	1.38629436111989	1	
ERR4182670_filtp_woHU_1	1
ERR4182673_filtp_woHU_1	4	1.38629436111989	0.25	4	0.75	1	1.38629436111989	1	
ERR4183043_filtp_woHU_1	4	0.895332665968091	0.540816326530612	1.84905660377359	0.459183673469388	0.64584599856903	1.38629436111989	0.64584599856903	
ERR4183044_filtp_woHU_1	2	0.693147180559945	0.5	2	0.5	1	0.693147180559945	1	
ERR4183116_filtp_woHU_1	3	1.05492016798614	0.36	2.77777777777778	0.64	0.960229717860761	1.09861228866811	0.960229717860761	
ERR4183117_filtp_woHU_1	1
ERR4183124_filtp_woHU_1	4	1.38629436111989	0.25	4	0.75	1	1.38629436111989	1	
ERR4183125_filtp_woHU_1	1
ERR5891181_filtp_woHU_1	1
ERR5891183_filtp_woHU_1	7	1.94591014905531	0.142857142857143	7	0.857142857142857	1	1.94591014905531	1	
ERR5891186_filtp_woHU_1	3	1.09861228866811	0.333333333333333	3	0.666666666666667	1	1.09861228866811	1	
ERR5891188_filtp_woHU_1	1
ERR5891194_filtp_woHU_1	1
RDP_CKDN230001569-1A_HT3KTDSX5_L3_filtp_woHU_1	2	0.636514168294813	0.555555555555556	1.8	0.444444444444444	0.918295834054489	0.693147180559945	0.91829583405449	
RUP_CKDN230001570-1A_HT3KTDSX5_L3_filtp_woHU_1	3	0.639031859650177	0.66	1.51515151515151	0.34	0.581671865717887	1.09861228866811	0.581671865717887	
SRR13165308_filtp_woHU_1	2	0.562335144618808	0.625	1.6	0.375	0.811278124459133	0.693147180559945	0.811278124459133	
SRR17689995_filtp_woHU_1	2	0.636514168294813	0.555555555555556	1.8	0.444444444444444	0.918295834054489	0.693147180559945	0.91829583405449	
SRR17689999_filtp_woHU_1	2	0.693147180559945	0.5	2	0.5	1	0.693147180559945	1	
SRR17690002_filtp_woHU_1	1
SRR20770298_filtp_woHU_1	1
SRR24605825_filtp_woHU_1	5	1.12753478981913	0.448979591836735	2.22727272727273	0.551020408163265	0.700576754845952	1.6094379124341	0.700576754845952	
SRR24605827_filtp_woHU_1	16	2.51971828820773	0.105263157894737	9.5	0.894736842105263	0.908796269708632	2.77258872223978	0.908796269708631	
SRR24605828_filtp_woHU_1	9	2.08850161933547	0.134948096885813	7.41025641025641	0.865051903114187	0.950518049396406	2.19722457733622	0.950518049396406	
SRR24605834_filtp_woHU_1	17	2.33280674841466	0.132190354109918	7.56484848484849	0.867809645890082	0.823378427645994	2.83321334405622	0.823378427645994	
SRR24605835_filtp_woHU_1	7	1.32725807356867	0.404786680541103	2.47043701799486	0.595213319458897	0.682075723903807	1.94591014905531	0.682075723903807	
SRR24605838_filtp_woHU_1	4	1.33217904021012	0.28	3.57142857142857	0.72	0.960964047443681	1.38629436111989	0.960964047443681	
SRR24605839_filtp_woHU_1	5	1.47080847632211	0.26	3.84615384615385	0.74	0.913864688385322	1.6094379124341	0.913864688385321	
SRR24605841_filtp_woHU_1	15	2.51232488657169	0.0969387755102041	10.3157894736842	0.903061224489796	0.927724635809609	2.70805020110221	0.927724635809609	
SRR24605842_filtp_woHU_1	6	0.949791656088359	0.576530612244898	1.73451327433628	0.423469387755102	0.530088816272621	1.79175946922805	0.530088816272621	
SRR5830676_filtp_woHU_1	3	1.09861228866811	0.333333333333333	3	0.666666666666667	1	1.09861228866811	1	
SRR5881985_filtp_woHU_1	8	1.77213938843753	0.23469387755102	4.26086956521739	0.76530612244898	0.852218902487608	2.07944154167984	0.852218902487608	
SRR5882128_filtp_woHU_1	1
SRR5882551_filtp_woHU_1	2	0.610864302054894	0.58	1.72413793103448	0.42	0.881290899230693	0.693147180559945	0.881290899230693	
SRR6263202_filtp_woHU_1	1
SRR6263206_filtp_woHU_1	1
SRR6263248_filtp_woHU_1	2	0.636514168294813	0.555555555555556	1.8	0.444444444444444	0.918295834054489	0.693147180559945	0.91829583405449	
SRR6263258_filtp_woHU_1	5	1.5498260458782	0.224489795918367	4.45454545454546	0.775510204081633	0.962961064794514	1.6094379124341	0.962961064794515	
SRR6263259_filtp_woHU_1	1
SRR6263322_filtp_woHU_1	1
SRR6263654_filtp_woHU_1	1
SRR6265795_filtp_woHU_1	1
SRR6265866_filtp_woHU_1	1
SRR6266108_filtp_woHU_1	2	0.562335144618808	0.625	1.6	0.375	0.811278124459133	0.693147180559945	0.811278124459133	
SRR6266133_filtp_woHU_1	2	0.693147180559945	0.5	2	0.5	1	0.693147180559945	1	
SRR6266134_filtp_woHU_1	2	0.693147180559945	0.5	2	0.5	1	0.693147180559945	1	
SRR6266221_filtp_woHU_1	1
SRR6266334_filtp_woHU_1	3	1.09861228866811	0.333333333333333	3	0.666666666666667	1	1.09861228866811	1	
SRR6266336_filtp_woHU_1	1
SRR6266338_filtp_woHU_1	1
SRR6266357_filtp_woHU_1	2	0.693147180559945	0.5	2	0.5	1	0.693147180559945	1	
SRR6266358_filtp_woHU_1	2	0.693147180559945	0.5	2	0.5	1	0.693147180559945	1	
SRR6429834_filtp_woHU_1	3	1.09861228866811	0.333333333333333	3	0.666666666666667	1	1.09861228866811	1	
shotgun_illumina_1st_COP_ECA53_filtp_woHU_1	2	0.500402423538188	0.68	1.47058823529412	0.32	0.721928094887362	0.693147180559945	0.721928094887362	
shotgun_illumina_1st_DEH_ECA53_filtp_woHU_1	1
shotgun_illumina_1st_DEP_ECA53_filtp_woHU_1	2	0.693147180559945	0.5	2	0.5	1	0.693147180559945	1	
shotgun_illumina_2nd_PRP_ECA55_filtp_woHU_1	3	1.03972077083992	0.375	2.66666666666667	0.625	0.946394630357186	1.09861228866811	0.946394630357186	
shotgun_illumina_3rd_ARH_ECA55_filtp_woHU_1	4	1.38629436111989	0.25	4	0.75	1	1.38629436111989	1	
shotgun_illumina_3rd_COP_ECA55_filtp_woHU_1	4	1.38629436111989	0.25	4	0.75	1	1.38629436111989	1	
shotgun_illumina_3rd_DEP_ECA55_filtp_woHU_1	1
unifrac.S3.22.gatD_arch.unifrac	Richness R	Shannon H	Simpson λ	Simpson dominance 1/λ	Gini 1-λ	Pielou J	Hmax	Efficiency η	
CS1_filtp_woHU_1	91	4.2556427532888	0.0203405620827079	49.1628498727737	0.979659437917292	0.943421702037197	4.51085950651685	0.943421702037201	
ERR4182668_filtp_woHU_1	159	4.42919030038374	0.024671963815465	40.5318363580437	0.975328036184535	0.873796411154053	5.06890420222023	0.873796411154054	
ERR4182669_filtp_woHU_1	167	4.90075188413513	0.00995212899974805	100.481012658228	0.990047871000252	0.957553303844453	5.11799381241676	0.957553303844457	
ERR4182670_filtp_woHU_1	346	5.23535003206636	0.0110204081632654	90.7407407407401	0.988979591836735	0.895476756620045	5.84643877505772	0.895476756620045	
ERR4182673_filtp_woHU_1	184	5.15364577696757	0.00663206459054212	150.782608695652	0.993367935409458	0.9882472223072	5.21493575760899	0.988247222307203	
ERR4183043_filtp_woHU_1	156	4.88435730640478	0.0104643898375676	95.5621890547269	0.989535610162432	0.967227045561859	5.04985600724954	0.967227045561857	
ERR4183044_filtp_woHU_1	135	4.78085092865544	0.0103458049886621	96.6575342465753	0.989654195011338	0.974634682988626	4.90527477843843	0.974634682988627	
ERR4183116_filtp_woHU_1	456	5.49101269637445	0.00965806067816776	103.540455306987	0.990341939321832	0.89685898656204	6.12249280951439	0.896858986562032	
ERR4183117_filtp_woHU_1	164	4.84607117207944	0.0119591507659232	83.6179775280897	0.988040849234077	0.950234920985365	5.0998664278242	0.950234920985361	
ERR4183124_filtp_woHU_1	155	4.63161705191369	0.0188361133759898	53.0895084372708	0.98116388662401	0.918347540518831	5.04342511691925	0.918347540518831	
ERR4183125_filtp_woHU_1	182	4.59349372288039	0.0221238078589049	45.2001755926251	0.977876192141095	0.882684054631885	5.2040066870768	0.882684054631885	
ERR5891181_filtp_woHU_1	59	4.03837166511896	0.018698224852071	53.4810126582279	0.981301775147929	0.990394746994832	4.07753744390572	0.990394746994833	
ERR5891183_filtp_woHU_1	43	3.12322719907967	0.0814918333478906	12.2711682743837	0.918508166652109	0.830380491069337	3.76120011569356	0.830380491069337	
ERR5891186_filtp_woHU_1	41	3.19762332115781	0.0600936524453694	16.6406926406926	0.939906347554631	0.861064027766562	3.71357206670431	0.861064027766563	
ERR5891188_filtp_woHU_1	28	3.31949257615475	0.0368608799048751	27.1290322580645	0.963139120095125	0.996185127899073	3.3322045101752	0.996185127899073	
ERR5891191_filtp_woHU_1	43	3.74504940705388	0.0241975308641976	41.3265306122449	0.975802469135802	0.995705969333486	3.76120011569356	0.995705969333486	
ERR5891194_filtp_woHU_1	70	4.19326725022987	0.0163084895595183	61.3177570093459	0.983691510440482	0.98700057581026	4.24849524204936	0.987000575810263	
HTP3_filtp_woHU_1	18	2.857102837442	0.06	16.6666666666667	0.94	0.988489743451417	2.89037175789616	0.988489743451418	
IA6_filtp_woHU_1	85	4.38561089483031	0.013671875	73.1428571428573	0.986328125	0.98716073840442	4.44265125649032	0.987160738404419	
RDP_CKDN230001569-1A_HT3KTDSX5_L3_filtp_woHU_1	83	3.34456064797985	0.0825407228275973	12.1152319212021	0.917459277172403	0.756886465214135	4.4188406077966	0.756886465214135	
RUP_CKDN230001570-1A_HT3KTDSX5_L3_filtp_woHU_1	111	4.28912063642977	0.0220433739949068	45.3651060963288	0.977956626005093	0.910732165011828	4.70953020131233	0.910732165011827	
SRR13165308_filtp_woHU_1	264	5.21577460430417	0.00906153687921383	110.356555772994	0.990938463120786	0.935405705436064	5.57594910314632	0.935405705436059	
SRR17689980_filtp_woHU_1	71	4.16534464836629	0.0180785123966942	55.3142857142858	0.981921487603306	0.977165719340251	4.26267987704132	0.977165719340249	
SRR17689983_filtp_woHU_1	56	3.95860568183978	0.0211202938475666	47.3478260869565	0.978879706152433	0.983418589474058	4.02535169073515	0.983418589474059	
SRR17689995_filtp_woHU_1	66	3.67602109369182	0.0455111111111111	21.97265625	0.954488888888889	0.877404301795481	4.18965474202643	0.877404301795482	
SRR17689998_filtp_woHU_1	74	3.85226758522882	0.0370025056814871	27.0251968503937	0.962997494318513	0.895030047596467	4.30406509320417	0.895030047596464	
SRR17689999_filtp_woHU_1	49	3.22457180877929	0.107354184277261	9.31496062992126	0.892645815722739	0.828551053691954	3.89182029811063	0.828551053691954	
SRR17690002_filtp_woHU_1	71	4.06132119961876	0.0240384615384616	41.6	0.975961538461538	0.952762421004903	4.26267987704132	0.952762421004902	
SRR20770298_filtp_woHU_1	83	4.25701563231088	0.0170162247724575	58.7674418604651	0.982983775227543	0.963378408535444	4.4188406077966	0.963378408535443	
SRR20770299_filtp_woHU_1	65	3.97520804007481	0.0240195650275133	41.6327272727273	0.975980434972487	0.95228539736664	4.17438726989564	0.952285397366641	
SRR24605825_filtp_woHU_1	339	5.19609121127628	0.0125503540039062	79.6790273556231	0.987449645996094	0.891879697134542	5.82600010738045	0.89187969713454	
SRR24605827_filtp_woHU_1	304	5.39541874014054	0.00683597425571153	146.284927735719	0.993164025744288	0.943745425409331	5.71702770140622	0.943745425409334	
SRR24605828_filtp_woHU_1	157	4.78737988250844	0.010814269217565	92.4704184704185	0.989185730782435	0.946824989687907	5.05624580534831	0.946824989687906	
SRR24605834_filtp_woHU_1	94	3.86691522368528	0.033836425909895	29.5539488320356	0.966163574090105	0.851125759828691	4.54329478227	0.85112575982869	
SRR24605835_filtp_woHU_1	226	5.08509032289088	0.00887289568004689	112.702778896496	0.991127104319953	0.938115946778972	5.42053499927229	0.938115946778972	
SRR24605838_filtp_woHU_1	255	5.18851150583047	0.00890673152665108	112.274631497285	0.991093268473349	0.936340865859707	5.54126354515843	0.936340865859707	
SRR24605839_filtp_woHU_1	250	5.29839606124744	0.00644342041954158	155.197074672825	0.993556579580458	0.959600392009807	5.52146091786225	0.959600392009809	
SRR24605841_filtp_woHU_1	235	5.15383911921741	0.0082139502988924	121.744101633394	0.991786049701108	0.943998240501106	5.45958551414416	0.943998240501105	
SRR24605842_filtp_woHU_1	117	4.09279057282002	0.0340056384282428	29.4068879815374	0.965994361571757	0.859437439467199	4.76217393479776	0.859437439467198	
SRR5830676_filtp_woHU_1	136	4.70681382323056	0.012243648607285	81.6749999999999	0.987756351392715	0.95809983251558	4.91265488573605	0.958099832515577	
SRR5881985_filtp_woHU_1	200	4.053544930851	0.0639905325443788	15.6273117325048	0.936009467455621	0.765062688853607	5.29831736654804	0.765062688853612	
SRR5882128_filtp_woHU_1	62	3.99769061337647	0.0221002895900015	45.248275862069	0.977899710409998	0.968635920328238	4.12713438504509	0.96863592032824	
SRR5882551_filtp_woHU_1	81	3.78071646871951	0.0462547258979206	21.6194125159642	0.953745274102079	0.860339108645648	4.39444915467244	0.860339108645648	
SRR6263181_filtp_woHU_1	66	2.82578648352534	0.212562585343651	4.70449678800856	0.787437414656349	0.674467625024057	4.18965474202643	0.674467625024056	
SRR6263202_filtp_woHU_1	147	4.33480771097708	0.0251223500123361	39.8051933640348	0.974877649987664	0.868623638451981	4.99043258677874	0.868623638451981	
SRR6263206_filtp_woHU_1	112	3.13320621244431	0.185949135509805	5.37781473013232	0.814050864490195	0.664026059538789	4.71849887129509	0.664026059538791	
SRR6263248_filtp_woHU_1	147	4.13542142427611	0.0310263361412391	32.2306828446571	0.968973663858761	0.828669930384829	4.99043258677874	0.828669930384828	
SRR6263258_filtp_woHU_1	177	3.84808531128447	0.0975363091657489	10.2525921736555	0.902463690834251	0.743426197095541	5.17614973257383	0.743426197095541	
SRR6263259_filtp_woHU_1	85	2.5312574617242	0.276163578295744	3.62104230460505	0.723836421704256	0.569762809544472	4.44265125649032	0.569762809544473	
SRR6263322_filtp_woHU_1	72	3.03550403571012	0.13856	7.21709006928407	0.86144	0.709782796045933	4.27666611901606	0.709782796045933	
SRR6263654_filtp_woHU_1	81	3.73339394809728	0.0538442115894457	18.5720984759672	0.946155788410554	0.849570405002345	4.39444915467244	0.849570405002345	
SRR6263655_filtp_woHU_1	62	3.07968622368269	0.152881610695779	6.54100905562742	0.84711838930422	0.746204493568736	4.12713438504509	0.746204493568735	
SRR6263736_filtp_woHU_1	65	3.5907185561852	0.0572609208972846	17.4639175257732	0.942739079102715	0.860178590060468	4.17438726989564	0.860178590060469	
SRR6263737_filtp_woHU_1	64	3.80535255477315	0.0360118247782854	27.7686567164179	0.963988175221715	0.914993876600895	4.15888308335967	0.914993876600894	
SRR6265700_filtp_woHU_1	79	3.91302001623675	0.0364045787202101	27.4690721649485	0.96359542127979	0.895541072547058	4.36944785246702	0.895541072547058	
SRR6265795_filtp_woHU_1	47	2.74530729607479	0.184232701850754	5.42791800779265	0.815767298149246	0.713039493565248	3.85014760171006	0.713039493565248	
SRR6265865_filtp_woHU_1	55	3.0547020685738	0.117455418381344	8.51386861313869	0.882544581618656	0.762278035634961	4.00733318523247	0.762278035634961	
SRR6265866_filtp_woHU_1	89	4.02362515576764	0.0398610043770257	25.0871751886001	0.960138995622974	0.896402565130877	4.48863636973214	0.896402565130877	
SRR6266047_filtp_woHU_1	55	3.43314844120038	0.0559830994416779	17.8625336927224	0.944016900558322	0.856716495112501	4.00733318523247	0.856716495112502	
SRR6266108_filtp_woHU_1	56	3.39949000741341	0.0677490234375	14.7603603603604	0.9322509765625	0.844519999392291	4.02535169073515	0.84451999939229	
SRR6266133_filtp_woHU_1	117	4.4147006920215	0.0196689213243147	50.841628959276	0.980331078675685	0.927034743473516	4.76217393479776	0.927034743473514	
SRR6266134_filtp_woHU_1	108	4.38138554780181	0.0205782098219922	48.5950920245398	0.979421790178008	0.935767353640121	4.68213122712422	0.935767353640121	
SRR6266221_filtp_woHU_1	60	3.16380878191391	0.113088880977809	8.84260230849947	0.886911119022191	0.77272655826427	4.0943445622221	0.77272655826427	
SRR6266334_filtp_woHU_1	102	4.50460463721822	0.0127603677988366	78.3676470588235	0.987239632201163	0.973974295433625	4.62497281328427	0.973974295433625	
SRR6266336_filtp_woHU_1	113	4.665668450659	0.010176354627311	98.2670157068064	0.989823645372689	0.986944297692472	4.72738781871234	0.98694429769247	
SRR6266338_filtp_woHU_1	164	4.71115709080562	0.0130945603229646	76.3675889328063	0.986905439677035	0.923780486701018	5.0998664278242	0.923780486701021	
SRR6266341_filtp_woHU_1	60	3.25784480890099	0.0893351800554017	11.1937984496124	0.910664819944598	0.795693855119237	4.0943445622221	0.795693855119237	
SRR6266357_filtp_woHU_1	59	3.10923435825607	0.116701119493141	8.5688980906372	0.883298880506859	0.762527481606116	4.07753744390572	0.762527481606116	
SRR6266358_filtp_woHU_1	106	4.48192333756096	0.0153626634958383	65.092879256966	0.984637336504162	0.961076846317071	4.66343909411207	0.961076846317072	
SRR6429832_filtp_woHU_1	41	3.27833014310785	0.0669822485207101	14.9293286219081	0.93301775147929	0.882796963199174	3.71357206670431	0.882796963199175	
SRR6429834_filtp_woHU_1	34	3.45517900694745	0.03601108033241	27.7692307692308	0.96398891966759	0.979814452557582	3.52636052461616	0.979814452557582	
shotgun_illumina_1st_ARH_ECA53_filtp_woHU_1	56	3.97882003212878	0.0205555555555555	48.6486486486487	0.979444444444444	0.988440349519405	4.02535169073515	0.988440349519404	
shotgun_illumina_1st_COP_ECA53_filtp_woHU_1	51	3.89223169163936	0.0216836734693878	46.1176470588235	0.978316326530612	0.989929883778307	3.93182563272433	0.989929883778308	
shotgun_illumina_1st_DEH_ECA53_filtp_woHU_1	76	4.2364356821914	0.0167769376181475	59.6056338028169	0.983223062381853	0.978225937575575	4.33073334028633	0.978225937575575	
shotgun_illumina_1st_DEP_ECA53_filtp_woHU_1	56	3.96709734720171	0.0209120685311162	47.8192771084337	0.979087931468884	0.985528135673829	4.02535169073515	0.985528135673829	
shotgun_illumina_2nd_BARR2_ECA53_filtp_woHU_1	38	3.59937374409152	0.0291493158834027	34.3061224489796	0.970850684116597	0.989495117378131	3.63758615972639	0.989495117378131	
shotgun_illumina_2nd_PRH_ECA55_filtp_woHU_1	81	4.36706339938913	0.0131714876033058	75.9215686274511	0.986828512396694	0.993768102822581	4.39444915467244	0.993768102822582	
shotgun_illumina_2nd_PRP_ECA55_filtp_woHU_1	57	2.58562813428935	0.2065625	4.84114977307111	0.7934375	0.63952395431142	4.04305126783455	0.63952395431142	
shotgun_illumina_3rd_ARH_ECA55_filtp_woHU_1	190	5.06989304728507	0.00837924701561065	119.342465753425	0.991620752984389	0.966241621452581	5.24702407216049	0.966241621452581	
shotgun_illumina_3rd_COP_ECA55_filtp_woHU_1	172	5.06105938647778	0.00716219757184033	139.621951219512	0.99283780242816	0.983208318003056	5.14749447681345	0.983208318003058	
shotgun_illumina_3rd_DEP_ECA55_filtp_woHU_1	238	5.38509622963351	0.00528143185485844	189.342592592592	0.994718568145142	0.984069785791594	5.47227067367148	0.984069785791593	
unifrac.S3.23.KOW_elon_Spt5.unifrac	Richness R	Shannon H	Simpson λ	Simpson dominance 1/λ	Gini 1-λ	Pielou J	Hmax	Efficiency η	
CS1_filtp_woHU_1	14	2.55323700299371	0.0864197530864197	11.5714285714286	0.91358024691358	0.967480688782894	2.63905732961526	0.967480688782893	
ERR4182668_filtp_woHU_1	105	4.27907349955657	0.024337479718767	41.0888888888888	0.975662520281233	0.919447777291815	4.65396035015752	0.919447777291816	
ERR4182669_filtp_woHU_1	116	4.61598146732322	0.01200393011235	83.306049822064	0.98799606988765	0.971051622405187	4.75359019110636	0.971051622405187	
ERR4182670_filtp_woHU_1	105	4.05526125794766	0.0363760413674232	27.4906219151036	0.963623958632577	0.871357070717287	4.65396035015752	0.871357070717286	
ERR4182673_filtp_woHU_1	129	4.82706641181644	0.00839997988028772	119.047904191617	0.991600020119712	0.993261881360721	4.85981240436167	0.993261881360723	
ERR4183043_filtp_woHU_1	144	4.82568352595637	0.0102245004248787	97.8042895442357	0.989775499575121	0.970998956111304	4.969813299576	0.970998956111303	
ERR4183044_filtp_woHU_1	119	4.59649853669116	0.0133983761569047	74.635910224439	0.986601623843095	0.961786935055434	4.77912349311153	0.961786935055434	
ERR4183116_filtp_woHU_1	155	4.67332627297289	0.0147044237254513	68.0067453625632	0.985295576274549	0.926617559423103	5.04342511691925	0.926617559423105	
ERR4183117_filtp_woHU_1	99	4.56176180681085	0.0109739368998628	91.1249999999998	0.989026063100137	0.992740549885165	4.59511985013459	0.992740549885168	
ERR4183124_filtp_woHU_1	106	4.44969288740592	0.0162742382271468	61.4468085106384	0.983725761772853	0.954165541268456	4.66343909411207	0.954165541268454	
ERR4183125_filtp_woHU_1	81	3.65721050467459	0.0749769888231426	13.3374254647492	0.925023011176857	0.832234115346636	4.39444915467244	0.832234115346636	
ERR5891181_filtp_woHU_1	19	2.926417555498	0.055	18.1818181818182	0.945	0.993879505129515	2.94443897916644	0.993879505129516	
ERR5891183_filtp_woHU_1	21	2.96839189154196	0.056241426611797	17.7804878048781	0.943758573388203	0.974994256820657	3.04452243772342	0.974994256820657	
ERR5891186_filtp_woHU_1	28	3.08780863708657	0.0621957815035154	16.0782608695652	0.937804218496485	0.926656400487321	3.3322045101752	0.926656400487321	
ERR5891188_filtp_woHU_1	16	2.77258872223978	0.0625	16	0.9375	1	2.77258872223978	1	
ERR5891191_filtp_woHU_1	18	2.87147611805487	0.0581717451523546	17.1904761904762	0.941828254847645	0.993462557268048	2.89037175789616	0.993462557268048	
ERR5891194_filtp_woHU_1	20	2.6885678425124	0.10969387755102	9.11627906976744	0.89030612244898	0.8974659939564	2.99573227355399	0.897465993956399	
HTP3_filtp_woHU_1	12	2.484906649788	0.0833333333333334	12	0.916666666666667	1	2.484906649788	1	
IA6_filtp_woHU_1	19	2.94443897916644	0.0526315789473684	19	0.947368421052632	1	2.94443897916644	1	
RDP_CKDN230001569-1A_HT3KTDSX5_L3_filtp_woHU_1	71	3.33091669624854	0.0796293908526589	12.558177191765	0.920370609147341	0.781413756681278	4.26267987704132	0.781413756681278	
RUP_CKDN230001570-1A_HT3KTDSX5_L3_filtp_woHU_1	118	4.13182188839885	0.0333675648360963	29.9692232535418	0.966632435163904	0.866085732686978	4.77068462446567	0.866085732686979	
SRR13165308_filtp_woHU_1	187	4.81261386420876	0.0142492720760648	70.1790235081374	0.985750727923935	0.919998840915396	5.23110861685459	0.919998840915397	
SRR17689980_filtp_woHU_1	46	3.57867178463647	0.0374228395061729	26.7216494845361	0.962577160493827	0.934710622916564	3.8286413964891	0.934710622916563	
SRR17689983_filtp_woHU_1	55	3.88365751290717	0.0238919667590027	41.8550724637682	0.976108033240997	0.969137661729487	4.00733318523247	0.969137661729488	
SRR17689995_filtp_woHU_1	35	3.06539529582838	0.0771428571428572	12.962962962963	0.922857142857143	0.862192742542404	3.55534806148941	0.862192742542404	
SRR17689998_filtp_woHU_1	56	3.54637834542024	0.0562227654373472	17.7863894139887	0.943777234562653	0.881010807970561	4.02535169073515	0.881010807970562	
SRR17689999_filtp_woHU_1	38	3.27863634996431	0.0704832256078793	14.1877729257642	0.929516774392121	0.901321977267179	3.63758615972639	0.901321977267178	
SRR17690002_filtp_woHU_1	65	4.10057782563943	0.018384213189408	54.3944954128441	0.981615786810592	0.982318496228538	4.17438726989564	0.982318496228539	
SRR20770298_filtp_woHU_1	76	4.20948698572328	0.0170861038633112	58.5270935960591	0.982913896136689	0.972003274033254	4.33073334028633	0.972003274033254	
SRR20770299_filtp_woHU_1	52	3.1739937351992	0.101824	9.82086737900693	0.898176	0.803289789559913	3.95124371858143	0.803289789559914	
SRR24605825_filtp_woHU_1	115	4.32910844847128	0.0194805194805195	51.3333333333333	0.98051948051948	0.912364672740766	4.74493212836325	0.912364672740766	
SRR24605827_filtp_woHU_1	180	4.87522451737633	0.0109126216324606	91.6370083816893	0.989087378367539	0.938814755709088	5.19295685089021	0.938814755709087	
SRR24605828_filtp_woHU_1	98	4.40996919847475	0.0147348725316583	67.8662131519275	0.985265127468342	0.961832165438486	4.58496747867057	0.961832165438487	
SRR24605834_filtp_woHU_1	41	2.98893498001218	0.0909339625867789	10.9969913501316	0.909066037413221	0.804867907859071	3.71357206670431	0.804867907859072	
SRR24605835_filtp_woHU_1	132	4.62718893292377	0.0134434726271461	74.3855421686748	0.986556527372854	0.947650346314436	4.88280192258637	0.947650346314437	
SRR24605838_filtp_woHU_1	136	4.35099855159911	0.0233142129840645	42.8922906676503	0.976685787015936	0.885671526455539	4.91265488573605	0.885671526455541	
SRR24605839_filtp_woHU_1	171	4.92092172031098	0.00961718896603489	103.980487804878	0.990382811033965	0.957068012372668	5.14166355650266	0.957068012372668	
SRR24605841_filtp_woHU_1	130	4.64596988916241	0.0127297419646899	78.5561877667143	0.98727025803531	0.954481151895609	4.86753445045558	0.954481151895607	
SRR24605842_filtp_woHU_1	69	3.71332392097903	0.042629669443698	23.4578408195429	0.957370330556302	0.87700295610118	4.23410650459726	0.87700295610118	
SRR5830676_filtp_woHU_1	72	3.89456820753008	0.0328896604938271	30.4046920821114	0.967110339506173	0.910655192420331	4.27666611901606	0.910655192420332	
SRR5881985_filtp_woHU_1	182	4.85963579258865	0.0113958077154051	87.7515683814305	0.988604192284595	0.933825816299712	5.2040066870768	0.933825816299711	
SRR5882128_filtp_woHU_1	74	4.06193738224399	0.0257002154509079	38.9101796407186	0.974299784549092	0.943744412382963	4.30406509320417	0.943744412382963	
SRR5882551_filtp_woHU_1	77	3.8723962203722	0.0377205348370285	26.510758776897	0.962279465162972	0.891475525328593	4.34380542185368	0.891475525328593	
SRR6263181_filtp_woHU_1	34	3.00211350079466	0.103305785123967	9.68	0.896694214876033	0.8513348195223	3.52636052461616	0.8513348195223	
SRR6263202_filtp_woHU_1	66	3.53953715989229	0.0610343993040339	16.3842031936556	0.938965600695966	0.844827886266424	4.18965474202643	0.844827886266424	
SRR6263206_filtp_woHU_1	109	4.45474884895477	0.0166857142857143	59.9315068493151	0.983314285714286	0.949566939136914	4.69134788222914	0.949566939136915	
SRR6263248_filtp_woHU_1	69	3.6327400859471	0.042603550295858	23.4722222222222	0.957396449704142	0.857970880515826	4.23410650459726	0.857970880515827	
SRR6263258_filtp_woHU_1	146	4.61578337658487	0.014367336028601	69.6023255813953	0.985632663971399	0.92619336295099	4.98360662170834	0.926193362950989	
SRR6263259_filtp_woHU_1	64	3.91679716407189	0.0285606560467528	35.013201320132	0.971439343953247	0.941790640795745	4.15888308335967	0.941790640795746	
SRR6263322_filtp_woHU_1	84	4.20001936181641	0.0198079561042524	50.4847645429363	0.980192043895748	0.947910859892209	4.43081679884331	0.947910859892209	
SRR6263654_filtp_woHU_1	86	4.09381878808408	0.0297603643703742	33.6017391304348	0.970239635629626	0.919061428265223	4.45434729625351	0.919061428265226	
SRR6263655_filtp_woHU_1	48	3.66097391163554	0.036764705882353	27.2	0.963235294117647	0.945694605193584	3.87120101090789	0.945694605193585	
SRR6263736_filtp_woHU_1	51	3.68875551475795	0.0331112036651395	30.2012578616352	0.96688879633486	0.938178815473577	3.93182563272433	0.938178815473577	
SRR6263737_filtp_woHU_1	61	3.90288220448514	0.0245361328125	40.7562189054726	0.9754638671875	0.949404514329462	4.11087386417331	0.949404514329461	
SRR6265700_filtp_woHU_1	63	3.70485932934004	0.0442197104897878	22.6143497757848	0.955780289510212	0.894216474723909	4.14313472639153	0.894216474723909	
SRR6265795_filtp_woHU_1	36	3.31484404432262	0.0492314546669637	20.3122171945701	0.950768545333036	0.925024843248285	3.58351893845611	0.925024843248286	
SRR6265865_filtp_woHU_1	35	3.28667744178995	0.0493877551020409	20.2479338842975	0.950612244897959	0.924431978233121	3.55534806148941	0.924431978233121	
SRR6265866_filtp_woHU_1	90	4.127288344734	0.0325862900749967	30.6877523553163	0.967413709925003	0.91721398172627	4.49980967033027	0.917213981726268	
SRR6266047_filtp_woHU_1	57	3.78218987159532	0.0331830269395306	30.1358885017422	0.966816973060469	0.935479077815665	4.04305126783455	0.935479077815665	
SRR6266108_filtp_woHU_1	53	3.70385101219796	0.0404993467847292	24.6917562724015	0.959500653215271	0.932891357321938	3.97029191355212	0.932891357321938	
SRR6266133_filtp_woHU_1	79	4.11388983568287	0.024390243902439	41	0.975609756097561	0.941512514758618	4.36944785246702	0.941512514758617	
SRR6266134_filtp_woHU_1	90	4.23155224138151	0.0194347742660563	51.4541607898449	0.980565225733944	0.94038471655423	4.49980967033027	0.940384716554228	
SRR6266221_filtp_woHU_1	46	3.50642568695871	0.0412826663300088	24.2232415902141	0.958717333669991	0.915840718374445	3.8286413964891	0.915840718374445	
SRR6266334_filtp_woHU_1	108	4.50491256744758	0.0141354372123603	70.7441860465115	0.98586456278764	0.962150001552713	4.68213122712422	0.962150001552713	
SRR6266336_filtp_woHU_1	118	4.62384319471502	0.0131146140373361	76.2508143322476	0.986885385962664	0.969220050934075	4.77068462446567	0.969220050934075	
SRR6266338_filtp_woHU_1	87	4.13776359750452	0.0254234018749277	39.3338391502276	0.974576598125072	0.926522330412628	4.46590811865458	0.926522330412628	
SRR6266341_filtp_woHU_1	48	3.47398284034245	0.0510204081632654	19.6	0.948979591836735	0.897391489244243	3.87120101090789	0.897391489244244	
SRR6266357_filtp_woHU_1	74	3.97751971538674	0.0290780581561163	34.3901918976546	0.970921941843884	0.924130938834307	4.30406509320417	0.924130938834308	
SRR6266358_filtp_woHU_1	94	3.96804360875786	0.0478203115565752	20.9116161616162	0.952179688443425	0.873384580776701	4.54329478227	0.873384580776701	
SRR6429832_filtp_woHU_1	28	3.31949257615475	0.0368608799048751	27.1290322580645	0.963139120095125	0.996185127899073	3.3322045101752	0.996185127899073	
SRR6429834_filtp_woHU_1	31	3.38865078264192	0.0363321799307958	27.5238095238095	0.963667820069204	0.986797731283328	3.43398720448515	0.986797731283328	
shotgun_illumina_1st_ARH_ECA53_filtp_woHU_1	31	3.41248972139861	0.0339761248852158	29.4324324324324	0.966023875114784	0.993739789403274	3.43398720448515	0.993739789403275	
shotgun_illumina_1st_COP_ECA53_filtp_woHU_1	26	3.03244625057664	0.0637738330046022	15.680412371134	0.936226166995398	0.930741681588762	3.25809653802148	0.930741681588762	
shotgun_illumina_1st_DEH_ECA53_filtp_woHU_1	60	3.90483543685825	0.0280156771664973	35.6943005181347	0.971984322833503	0.95371441692709	4.0943445622221	0.95371441692709	
shotgun_illumina_1st_DEP_ECA53_filtp_woHU_1	39	3.63318580167982	0.0279595478881618	35.7659574468085	0.972040452111838	0.991708657480373	3.66356164612965	0.991708657480371	
shotgun_illumina_2nd_BARR2_ECA53_filtp_woHU_1	41	3.61993955310558	0.0321412403802626	31.112676056338	0.967858759619737	0.974786401901762	3.71357206670431	0.974786401901762	
shotgun_illumina_2nd_PRH_ECA55_filtp_woHU_1	38	3.61956473605795	0.0275	36.3636363636363	0.9725	0.995045774071838	3.63758615972639	0.995045774071836	
shotgun_illumina_2nd_PRP_ECA55_filtp_woHU_1	43	3.64087763216541	0.0315500685871056	31.6956521739131	0.968449931412894	0.96800955018955	3.76120011569356	0.968009550189549	
shotgun_illumina_3rd_ARH_ECA55_filtp_woHU_1	177	4.87253238361203	0.0139560631664822	71.653444676409	0.986043936833518	0.941343012731816	5.17614973257383	0.941343012731819	
shotgun_illumina_3rd_COP_ECA55_filtp_woHU_1	212	5.20177181864873	0.00684931506849313	146	0.993150684931507	0.97109829878867	5.35658627467201	0.971098298788672	
shotgun_illumina_3rd_DEP_ECA55_filtp_woHU_1	184	5.12476530351031	0.00716062736614389	139.65256797583	0.992839372633856	0.982709191773435	5.21493575760899	0.982709191773434	
unifrac.S3.24.Nop.unifrac	Richness R	Shannon H	Simpson λ	Simpson dominance 1/λ	Gini 1-λ	Pielou J	Hmax	Efficiency η	
ERR4182668_filtp_woHU_1	2	0.693147180559945	0.5	2	0.5	1	0.693147180559945	1	
ERR4182669_filtp_woHU_1	1
ERR4182670_filtp_woHU_1	4	1.33217904021012	0.28	3.57142857142857	0.72	0.960964047443681	1.38629436111989	0.960964047443681	
ERR4182673_filtp_woHU_1	6	1.79175946922805	0.166666666666667	6	0.833333333333333	1	1.79175946922805	1	
ERR4183043_filtp_woHU_1	4	1.15374194270109	0.387755102040816	2.57894736842105	0.612244897959184	0.832248889600231	1.38629436111989	0.832248889600231	
ERR4183044_filtp_woHU_1	4	0.885574151576672	0.553719008264463	1.80597014925373	0.446280991735537	0.638806718409558	1.38629436111989	0.638806718409558	
ERR4183116_filtp_woHU_1	1
ERR4183124_filtp_woHU_1	3	1.09861228866811	0.333333333333333	3	0.666666666666667	1	1.09861228866811	1	
ERR4183125_filtp_woHU_1	1
ERR5891183_filtp_woHU_1	7	1.90615474653985	0.15625	6.4	0.84375	0.979569764547061	1.94591014905531	0.979569764547061	
ERR5891186_filtp_woHU_1	2	0.693147180559945	0.5	2	0.5	1	0.693147180559945	1	
ERR5891188_filtp_woHU_1	1
ERR5891191_filtp_woHU_1	3	1.09861228866811	0.333333333333333	3	0.666666666666667	1	1.09861228866811	1	
ERR5891194_filtp_woHU_1	1
HTP3_filtp_woHU_1	1
RDP_CKDN230001569-1A_HT3KTDSX5_L3_filtp_woHU_1	2	0.693147180559945	0.5	2	0.5	1	0.693147180559945	1	
RUP_CKDN230001570-1A_HT3KTDSX5_L3_filtp_woHU_1	9	1.74249556236799	0.223765432098765	4.46896551724138	0.776234567901235	0.793043906545268	2.19722457733622	0.793043906545268	
SRR13165308_filtp_woHU_1	1
SRR17689980_filtp_woHU_1	1
SRR17689995_filtp_woHU_1	5	1.5498260458782	0.224489795918367	4.45454545454546	0.775510204081633	0.962961064794514	1.6094379124341	0.962961064794515	
SRR17689998_filtp_woHU_1	3	1.03972077083992	0.375	2.66666666666667	0.625	0.946394630357186	1.09861228866811	0.946394630357186	
SRR17689999_filtp_woHU_1	5	1.6094379124341	0.2	5	0.8	1	1.6094379124341	1	
SRR20770298_filtp_woHU_1	1
SRR20770299_filtp_woHU_1	7	1.8446214763655	0.171597633136095	5.82758620689655	0.828402366863905	0.947947919003874	1.94591014905531	0.947947919003874	
SRR24605825_filtp_woHU_1	30	3.27002857170581	0.0428061831153389	23.3611111111111	0.957193816884661	0.961434519894802	3.40119738166216	0.961434519894803	
SRR24605827_filtp_woHU_1	18	2.37069840784737	0.156899810964083	6.37349397590361	0.843100189035917	0.820205359871406	2.89037175789616	0.820205359871406	
SRR24605828_filtp_woHU_1	11	2.26352987314321	0.115702479338843	8.64285714285714	0.884297520661157	0.943965276057134	2.39789527279837	0.943965276057134	
SRR24605834_filtp_woHU_1	8	1.55814461804655	0.271468144044321	3.68367346938776	0.728531855955679	0.749309171147862	2.07944154167984	0.749309171147862	
SRR24605835_filtp_woHU_1	18	2.24794912496637	0.209642074506939	4.77003484320557	0.79035792549306	0.777737022521491	2.89037175789616	0.777737022521491	
SRR24605838_filtp_woHU_1	5	1.52295506753132	0.234567901234568	4.26315789473684	0.765432098765432	0.946265187221801	1.6094379124341	0.946265187221801	
SRR24605839_filtp_woHU_1	9	2.14584175259475	0.12396694214876	8.06666666666667	0.87603305785124	0.976614668672713	2.19722457733622	0.976614668672713	
SRR24605841_filtp_woHU_1	17	2.611212599421	0.0976331360946745	10.2424242424242	0.902366863905326	0.921643477678465	2.83321334405622	0.921643477678465	
SRR24605842_filtp_woHU_1	10	1.87089127252593	0.215867768595041	4.63246554364472	0.784132231404959	0.812517755898964	2.30258509299405	0.812517755898964	
SRR5830676_filtp_woHU_1	4	1.38629436111989	0.25	4	0.75	1	1.38629436111989	1	
SRR5881985_filtp_woHU_1	4	1.16222554492109	0.355371900826446	2.81395348837209	0.644628099173554	0.838368515026066	1.38629436111989	0.838368515026066	
SRR5882128_filtp_woHU_1	3	1.05492016798614	0.36	2.77777777777778	0.64	0.960229717860761	1.09861228866811	0.960229717860761	
SRR5882551_filtp_woHU_1	3	0.950270539233235	0.44	2.27272727272727	0.56	0.864973520717927	1.09861228866811	0.864973520717927	
SRR6263202_filtp_woHU_1	1
SRR6263206_filtp_woHU_1	1
SRR6263248_filtp_woHU_1	5	1.52295506753132	0.234567901234568	4.26315789473684	0.765432098765432	0.946265187221801	1.6094379124341	0.946265187221801	
SRR6263258_filtp_woHU_1	3	1.03972077083992	0.375	2.66666666666667	0.625	0.946394630357186	1.09861228866811	0.946394630357186	
SRR6263259_filtp_woHU_1	3	1.09861228866811	0.333333333333333	3	0.666666666666667	1	1.09861228866811	1	
SRR6263322_filtp_woHU_1	1
SRR6263737_filtp_woHU_1	1
SRR6266047_filtp_woHU_1	2	0.693147180559945	0.5	2	0.5	1	0.693147180559945	1	
SRR6266133_filtp_woHU_1	1
SRR6266134_filtp_woHU_1	1
SRR6266221_filtp_woHU_1	2	0.693147180559945	0.5	2	0.5	1	0.693147180559945	1	
SRR6266334_filtp_woHU_1	6	1.74786809746676	0.183673469387755	5.44444444444444	0.816326530612245	0.975503759006108	1.79175946922805	0.975503759006109	
SRR6266336_filtp_woHU_1	4	1.38629436111989	0.25	4	0.75	1	1.38629436111989	1	
SRR6266338_filtp_woHU_1	3	0.950270539233235	0.44	2.27272727272727	0.56	0.864973520717927	1.09861228866811	0.864973520717927	
SRR6266357_filtp_woHU_1	2	0.693147180559945	0.5	2	0.5	1	0.693147180559945	1	
SRR6429834_filtp_woHU_1	2	0.693147180559945	0.5	2	0.5	1	0.693147180559945	1	
shotgun_illumina_1st_COP_ECA53_filtp_woHU_1	4	1.33217904021012	0.28	3.57142857142857	0.72	0.960964047443681	1.38629436111989	0.960964047443681	
shotgun_illumina_1st_DEH_ECA53_filtp_woHU_1	4	1.33217904021012	0.28	3.57142857142857	0.72	0.960964047443681	1.38629436111989	0.960964047443681	
shotgun_illumina_1st_DEP_ECA53_filtp_woHU_1	3	1.09861228866811	0.333333333333333	3	0.666666666666667	1	1.09861228866811	1	
shotgun_illumina_2nd_BARR2_ECA53_filtp_woHU_1	1
shotgun_illumina_2nd_PRH_ECA55_filtp_woHU_1	2	0.693147180559945	0.5	2	0.5	1	0.693147180559945	1	
shotgun_illumina_2nd_PRP_ECA55_filtp_woHU_1	3	1.03972077083992	0.375	2.66666666666667	0.625	0.946394630357186	1.09861228866811	0.946394630357186	
shotgun_illumina_3rd_ARH_ECA55_filtp_woHU_1	7	1.6987829895138	0.236111111111111	4.23529411764706	0.763888888888889	0.873001762357072	1.94591014905531	0.873001762357072	
shotgun_illumina_3rd_COP_ECA55_filtp_woHU_1	4	1.242453324894	0.333333333333333	3	0.666666666666667	0.896240625180289	1.38629436111989	0.896240625180289	
shotgun_illumina_3rd_DEP_ECA55_filtp_woHU_1	2	0.693147180559945	0.5	2	0.5	1	0.693147180559945	1	
unifrac.S3.25.ribosomal_L15e.unifrac	Richness R	Shannon H	Simpson λ	Simpson dominance 1/λ	Gini 1-λ	Pielou J	Hmax	Efficiency η	
CS1_filtp_woHU_1	1
ERR4182670_filtp_woHU_1	2	0.693147180559945	0.5	2	0.5	1	0.693147180559945	1	
ERR4182673_filtp_woHU_1	3	1.09861228866811	0.333333333333333	3	0.666666666666667	1	1.09861228866811	1	
ERR4183043_filtp_woHU_1	4	1.19884931291362	0.347222222222222	2.88	0.652777777777778	0.864786979256811	1.38629436111989	0.864786979256811	
ERR4183044_filtp_woHU_1	6	1.66746193342929	0.21875	4.57142857142857	0.78125	0.930628224416578	1.79175946922805	0.930628224416578	
ERR4183116_filtp_woHU_1	6	1.67262544615032	0.206611570247934	4.84	0.793388429752066	0.933510035736515	1.79175946922805	0.933510035736515	
ERR4183117_filtp_woHU_1	4	1.242453324894	0.333333333333333	3	0.666666666666667	0.896240625180289	1.38629436111989	0.896240625180289	
ERR4183124_filtp_woHU_1	3	1.09861228866811	0.333333333333333	3	0.666666666666667	1	1.09861228866811	1	
ERR4183125_filtp_woHU_1	1
ERR5891183_filtp_woHU_1	4	1.38629436111989	0.25	4	0.75	1	1.38629436111989	1	
ERR5891186_filtp_woHU_1	4	1.35178399428965	0.26530612244898	3.76923076923077	0.73469387755102	0.975106032457373	1.38629436111989	0.975106032457373	
HTP3_filtp_woHU_1	1
RDP_CKDN230001569-1A_HT3KTDSX5_L3_filtp_woHU_1	5	1.41848366194566	0.28	3.57142857142857	0.72	0.881353453268883	1.6094379124341	0.881353453268883	
RUP_CKDN230001570-1A_HT3KTDSX5_L3_filtp_woHU_1	7	1.50659508813164	0.324444444444444	3.08219178082192	0.675555555555556	0.774236718413257	1.94591014905531	0.774236718413257	
SRR13165308_filtp_woHU_1	3	0.950270539233235	0.44	2.27272727272727	0.56	0.864973520717927	1.09861228866811	0.864973520717927	
SRR17689980_filtp_woHU_1	3	1.09861228866811	0.333333333333333	3	0.666666666666667	1	1.09861228866811	1	
SRR17689995_filtp_woHU_1	2	0.636514168294813	0.555555555555556	1.8	0.444444444444444	0.918295834054489	0.693147180559945	0.91829583405449	
SRR17689998_filtp_woHU_1	2	0.636514168294813	0.555555555555556	1.8	0.444444444444444	0.918295834054489	0.693147180559945	0.91829583405449	
SRR17689999_filtp_woHU_1	2	0.693147180559945	0.5	2	0.5	1	0.693147180559945	1	
SRR17690002_filtp_woHU_1	2	0.693147180559945	0.5	2	0.5	1	0.693147180559945	1	
SRR20770298_filtp_woHU_1	1
SRR20770299_filtp_woHU_1	2	0.636514168294813	0.555555555555556	1.8	0.444444444444444	0.918295834054489	0.693147180559945	0.91829583405449	
SRR24605825_filtp_woHU_1	3	1.01140426470735	0.388888888888889	2.57142857142857	0.611111111111111	0.920619835714305	1.09861228866811	0.920619835714305	
SRR24605827_filtp_woHU_1	15	2.3509489793661	0.126543209876543	7.90243902439024	0.873456790123457	0.868133455727383	2.70805020110221	0.868133455727383	
SRR24605828_filtp_woHU_1	4	1.16851840574309	0.371900826446281	2.68888888888889	0.628099173553719	0.842907854576515	1.38629436111989	0.842907854576515	
SRR24605834_filtp_woHU_1	13	2.00838117917388	0.180408163265306	5.54298642533937	0.819591836734694	0.783010071263753	2.56494935746154	0.783010071263753	
SRR24605835_filtp_woHU_1	7	1.64382182483242	0.235457063711911	4.24705882352941	0.764542936288089	0.844757310932601	1.94591014905531	0.844757310932601	
SRR24605838_filtp_woHU_1	4	1.14905969697062	0.382716049382716	2.61290322580645	0.617283950617284	0.828871363252445	1.38629436111989	0.828871363252444	
SRR24605839_filtp_woHU_1	5	1.52295506753132	0.234567901234568	4.26315789473684	0.765432098765432	0.946265187221801	1.6094379124341	0.946265187221801	
SRR24605841_filtp_woHU_1	13	2.20081474224345	0.151234567901235	6.61224489795918	0.848765432098765	0.858034384125829	2.56494935746154	0.858034384125829	
SRR24605842_filtp_woHU_1	3	1.05492016798614	0.36	2.77777777777778	0.64	0.960229717860761	1.09861228866811	0.960229717860761	
SRR5830676_filtp_woHU_1	1
SRR5881985_filtp_woHU_1	3	0.881532261188164	0.4453125	2.24561403508772	0.5546875	0.802405243670521	1.09861228866811	0.802405243670521	
SRR5882128_filtp_woHU_1	1
SRR5882551_filtp_woHU_1	3	1.00424247305408	0.387755102040816	2.57894736842105	0.612244897959184	0.914100892018565	1.09861228866811	0.914100892018565	
SRR6263181_filtp_woHU_1	1
SRR6263202_filtp_woHU_1	3	0.805837811724541	0.482142857142857	2.07407407407407	0.517857142857143	0.733505186530809	1.09861228866811	0.733505186530809	
SRR6263206_filtp_woHU_1	2	0.636514168294813	0.555555555555556	1.8	0.444444444444444	0.918295834054489	0.693147180559945	0.91829583405449	
SRR6263248_filtp_woHU_1	3	0.943348392329039	0.42	2.38095238095238	0.58	0.858672711073255	1.09861228866811	0.858672711073255	
SRR6263258_filtp_woHU_1	4	1.242453324894	0.333333333333333	3	0.666666666666667	0.896240625180289	1.38629436111989	0.896240625180289	
SRR6263259_filtp_woHU_1	1
SRR6263322_filtp_woHU_1	2	0.693147180559945	0.5	2	0.5	1	0.693147180559945	1	
SRR6263654_filtp_woHU_1	1
SRR6263655_filtp_woHU_1	2	0.693147180559945	0.5	2	0.5	1	0.693147180559945	1	
SRR6263736_filtp_woHU_1	2	0.693147180559945	0.5	2	0.5	1	0.693147180559945	1	
SRR6265700_filtp_woHU_1	1
SRR6265795_filtp_woHU_1	2	0.693147180559945	0.5	2	0.5	1	0.693147180559945	1	
SRR6265866_filtp_woHU_1	2	0.636514168294813	0.555555555555556	1.8	0.444444444444444	0.918295834054489	0.693147180559945	0.91829583405449	
SRR6266108_filtp_woHU_1	2	0.562335144618808	0.625	1.6	0.375	0.811278124459133	0.693147180559945	0.811278124459133	
SRR6266134_filtp_woHU_1	3	0.801818552543337	0.54	1.85185185185185	0.46	0.729846699162098	1.09861228866811	0.729846699162098	
SRR6266221_filtp_woHU_1	2	0.693147180559945	0.5	2	0.5	1	0.693147180559945	1	
SRR6266336_filtp_woHU_1	1
SRR6266358_filtp_woHU_1	2	0.693147180559945	0.5	2	0.5	1	0.693147180559945	1	
SRR6429834_filtp_woHU_1	1
shotgun_illumina_1st_ARH_ECA53_filtp_woHU_1	2	0.693147180559945	0.5	2	0.5	1	0.693147180559945	1	
shotgun_illumina_1st_COP_ECA53_filtp_woHU_1	1
shotgun_illumina_1st_DEH_ECA53_filtp_woHU_1	1
shotgun_illumina_2nd_BARR2_ECA53_filtp_woHU_1	1
shotgun_illumina_2nd_PRP_ECA55_filtp_woHU_1	1
shotgun_illumina_3rd_ARH_ECA55_filtp_woHU_1	5	1.52295506753132	0.234567901234568	4.26315789473684	0.765432098765432	0.946265187221801	1.6094379124341	0.946265187221801	
shotgun_illumina_3rd_COP_ECA55_filtp_woHU_1	3	1.09861228866811	0.333333333333333	3	0.666666666666667	1	1.09861228866811	1	
shotgun_illumina_3rd_DEP_ECA55_filtp_woHU_1	3	1.09861228866811	0.333333333333333	3	0.666666666666667	1	1.09861228866811	1	
unifrac.S3.26.ribosomal_L19e.unifrac	Richness R	Shannon H	Simpson λ	Simpson dominance 1/λ	Gini 1-λ	Pielou J	Hmax	Efficiency η	
ERR4182668_filtp_woHU_1	1
ERR4182669_filtp_woHU_1	2	0.693147180559945	0.5	2	0.5	1	0.693147180559945	1	
ERR4182670_filtp_woHU_1	2	0.693147180559945	0.5	2	0.5	1	0.693147180559945	1	
ERR4182673_filtp_woHU_1	2	0.693147180559945	0.5	2	0.5	1	0.693147180559945	1	
ERR4183043_filtp_woHU_1	6	1.51108617607361	0.265625	3.76470588235294	0.734375	0.843353252501371	1.79175946922805	0.843353252501371	
ERR4183044_filtp_woHU_1	5	1.5498260458782	0.224489795918367	4.45454545454546	0.775510204081633	0.962961064794514	1.6094379124341	0.962961064794514	
ERR4183116_filtp_woHU_1	2	0.500402423538188	0.68	1.47058823529412	0.32	0.721928094887362	0.693147180559945	0.721928094887362	
ERR4183117_filtp_woHU_1	1
ERR4183125_filtp_woHU_1	3	1.09861228866811	0.333333333333333	3	0.666666666666667	1	1.09861228866811	1	
ERR5891183_filtp_woHU_1	3	1.09861228866811	0.333333333333333	3	0.666666666666667	1	1.09861228866811	1	
ERR5891186_filtp_woHU_1	4	1.33217904021012	0.28	3.57142857142857	0.72	0.960964047443681	1.38629436111989	0.960964047443681	
ERR5891188_filtp_woHU_1	2	0.693147180559945	0.5	2	0.5	1	0.693147180559945	1	
ERR5891194_filtp_woHU_1	1
RDP_CKDN230001569-1A_HT3KTDSX5_L3_filtp_woHU_1	1
RUP_CKDN230001570-1A_HT3KTDSX5_L3_filtp_woHU_1	6	1.53826004649516	0.256198347107438	3.90322580645161	0.743801652892562	0.858519278348164	1.79175946922805	0.858519278348165	
SRR13165308_filtp_woHU_1	1
SRR17689980_filtp_woHU_1	2	0.693147180559945	0.5	2	0.5	1	0.693147180559945	1	
SRR17689995_filtp_woHU_1	3	0.950270539233235	0.44	2.27272727272727	0.56	0.864973520717927	1.09861228866811	0.864973520717927	
SRR20770298_filtp_woHU_1	1
SRR20770299_filtp_woHU_1	3	0.801818552543337	0.54	1.85185185185185	0.46	0.729846699162097	1.09861228866811	0.729846699162098	
SRR24605825_filtp_woHU_1	13	2.33567150918526	0.120095124851367	8.32673267326733	0.879904875148633	0.910611159783995	2.56494935746154	0.910611159783996	
SRR24605827_filtp_woHU_1	16	2.38712302282302	0.130279595478882	7.67579908675799	0.869720404521118	0.860972636754661	2.77258872223978	0.860972636754662	
SRR24605828_filtp_woHU_1	5	1.50478828368119	0.24	4.16666666666667	0.76	0.934977529767123	1.6094379124341	0.934977529767123	
SRR24605834_filtp_woHU_1	13	1.80312888326748	0.259504132231405	3.85350318471338	0.740495867768595	0.702988103068044	2.56494935746154	0.702988103068043	
SRR24605835_filtp_woHU_1	9	1.99047854262386	0.159722222222222	6.26086956521739	0.840277777777778	0.905905824627628	2.19722457733622	0.905905824627628	
SRR24605838_filtp_woHU_1	3	1.09861228866811	0.333333333333333	3	0.666666666666667	1	1.09861228866811	1	
SRR24605839_filtp_woHU_1	7	1.74815545724768	0.208333333333333	4.8	0.791666666666667	0.898374191684215	1.94591014905531	0.898374191684214	
SRR24605841_filtp_woHU_1	13	2.39527417967018	0.106508875739645	9.38888888888889	0.893491124260355	0.93384852714625	2.56494935746154	0.93384852714625	
SRR24605842_filtp_woHU_1	6	0.960008377888776	0.543721236028929	1.83917775090689	0.456278763971071	0.535790877277952	1.79175946922805	0.535790877277952	
SRR5830676_filtp_woHU_1	1
SRR5881985_filtp_woHU_1	4	0.991138896613094	0.469387755102041	2.1304347826087	0.530612244897959	0.714955585487935	1.38629436111989	0.714955585487935	
SRR5882128_filtp_woHU_1	3	0.796311640173813	0.551020408163265	1.81481481481481	0.448979591836735	0.72483409150576	1.09861228866811	0.72483409150576	
SRR5882551_filtp_woHU_1	2	0.636514168294813	0.555555555555556	1.8	0.444444444444444	0.918295834054489	0.693147180559945	0.91829583405449	
SRR6263181_filtp_woHU_1	1
SRR6263202_filtp_woHU_1	1
SRR6263206_filtp_woHU_1	1
SRR6263258_filtp_woHU_1	3	0.955699891112534	0.428571428571429	2.33333333333333	0.571428571428571	0.869915529773626	1.09861228866811	0.869915529773626	
SRR6263322_filtp_woHU_1	1
SRR6263654_filtp_woHU_1	1
SRR6263655_filtp_woHU_1	1
SRR6263736_filtp_woHU_1	1
SRR6263737_filtp_woHU_1	1
SRR6265700_filtp_woHU_1	1
SRR6265865_filtp_woHU_1	1
SRR6266108_filtp_woHU_1	1
SRR6266133_filtp_woHU_1	2	0.693147180559945	0.5	2	0.5	1	0.693147180559945	1	
SRR6266134_filtp_woHU_1	2	0.636514168294813	0.555555555555556	1.8	0.444444444444444	0.918295834054489	0.693147180559945	0.91829583405449	
SRR6266334_filtp_woHU_1	5	1.30309240376172	0.358024691358025	2.79310344827586	0.641975308641975	0.809656833416415	1.6094379124341	0.809656833416415	
SRR6266336_filtp_woHU_1	2	0.636514168294813	0.555555555555556	1.8	0.444444444444444	0.918295834054489	0.693147180559945	0.91829583405449	
SRR6266338_filtp_woHU_1	1
SRR6429832_filtp_woHU_1	1
SRR6429834_filtp_woHU_1	1
shotgun_illumina_1st_COP_ECA53_filtp_woHU_1	4	1.27703425946614	0.306122448979592	3.26666666666667	0.693877551020408	0.921185496588554	1.38629436111989	0.921185496588554	
shotgun_illumina_1st_DEH_ECA53_filtp_woHU_1	2	0.693147180559945	0.5	2	0.5	1	0.693147180559945	1	
shotgun_illumina_1st_DEP_ECA53_filtp_woHU_1	1
shotgun_illumina_2nd_BARR2_ECA53_filtp_woHU_1	1
shotgun_illumina_2nd_PRH_ECA55_filtp_woHU_1	1
shotgun_illumina_2nd_PRP_ECA55_filtp_woHU_1	2	0.636514168294813	0.555555555555556	1.8	0.444444444444444	0.918295834054489	0.693147180559945	0.91829583405449	
shotgun_illumina_3rd_ARH_ECA55_filtp_woHU_1	7	1.61001243718572	0.273356401384083	3.65822784810127	0.726643598615917	0.827382722664426	1.94591014905531	0.827382722664426	
shotgun_illumina_3rd_COP_ECA55_filtp_woHU_1	1
shotgun_illumina_3rd_DEP_ECA55_filtp_woHU_1	5	1.6094379124341	0.2	5	0.8	1	1.6094379124341	1	
unifrac.S3.27.ribosomal_L21e.unifrac	Richness R	Shannon H	Simpson λ	Simpson dominance 1/λ	Gini 1-λ	Pielou J	Hmax	Efficiency η	
CS1_filtp_woHU_1	1
ERR4182669_filtp_woHU_1	3	1.03972077083992	0.375	2.66666666666667	0.625	0.946394630357186	1.09861228866811	0.946394630357186	
ERR4182670_filtp_woHU_1	4	1.38629436111989	0.25	4	0.75	1	1.38629436111989	1	
ERR4182673_filtp_woHU_1	3	1.09861228866811	0.333333333333333	3	0.666666666666667	1	1.09861228866811	1	
ERR4183043_filtp_woHU_1	7	1.6357434952315	0.255102040816327	3.92	0.744897959183674	0.840605870741569	1.94591014905531	0.840605870741569	
ERR4183044_filtp_woHU_1	8	1.97300140639361	0.16	6.25	0.84	0.948813114890338	2.07944154167984	0.948813114890339	
ERR4183116_filtp_woHU_1	4	1.33217904021012	0.28	3.57142857142857	0.72	0.960964047443681	1.38629436111989	0.960964047443681	
ERR4183117_filtp_woHU_1	4	1.38629436111989	0.25	4	0.75	1	1.38629436111989	1	
ERR4183124_filtp_woHU_1	2	0.693147180559945	0.5	2	0.5	1	0.693147180559945	1	
ERR5891181_filtp_woHU_1	2	0.693147180559945	0.5	2	0.5	1	0.693147180559945	1	
ERR5891183_filtp_woHU_1	3	0.796311640173813	0.551020408163265	1.81481481481481	0.448979591836735	0.72483409150576	1.09861228866811	0.72483409150576	
ERR5891186_filtp_woHU_1	6	1.73286795139986	0.1875	5.33333333333333	0.8125	0.967132018086354	1.79175946922805	0.967132018086354	
ERR5891188_filtp_woHU_1	1
ERR5891194_filtp_woHU_1	2	0.693147180559945	0.5	2	0.5	1	0.693147180559945	1	
RDP_CKDN230001569-1A_HT3KTDSX5_L3_filtp_woHU_1	2	0.636514168294813	0.555555555555556	1.8	0.444444444444444	0.918295834054489	0.693147180559945	0.91829583405449	
RUP_CKDN230001570-1A_HT3KTDSX5_L3_filtp_woHU_1	4	1.15956979673905	0.368888888888889	2.71084337349398	0.631111111111111	0.836452797660028	1.38629436111989	0.836452797660028	
SRR13165308_filtp_woHU_1	3	1.03972077083992	0.375	2.66666666666667	0.625	0.946394630357186	1.09861228866811	0.946394630357186	
SRR17689980_filtp_woHU_1	1
SRR17689998_filtp_woHU_1	2	0.636514168294813	0.555555555555556	1.8	0.444444444444444	0.918295834054489	0.693147180559945	0.91829583405449	
SRR17689999_filtp_woHU_1	1
SRR20770298_filtp_woHU_1	2	0.636514168294813	0.555555555555556	1.8	0.444444444444444	0.918295834054489	0.693147180559945	0.91829583405449	
SRR20770299_filtp_woHU_1	2	0.693147180559945	0.5	2	0.5	1	0.693147180559945	1	
SRR24605825_filtp_woHU_1	12	2.34546661733409	0.10562414266118	9.46753246753247	0.89437585733882	0.943885202904583	2.484906649788	0.943885202904583	
SRR24605827_filtp_woHU_1	15	2.50069151856173	0.0972222222222222	10.2857142857143	0.902777777777778	0.923428789297894	2.70805020110221	0.923428789297895	
SRR24605828_filtp_woHU_1	9	2.01269264380928	0.155	6.45161290322581	0.845	0.916015897769243	2.19722457733622	0.916015897769243	
SRR24605834_filtp_woHU_1	13	2.00518609266677	0.18904958677686	5.2896174863388	0.81095041322314	0.781764398908543	2.56494935746154	0.781764398908543	
SRR24605835_filtp_woHU_1	10	2.01124244197243	0.18	5.55555555555556	0.82	0.873471494318245	2.30258509299405	0.873471494318246	
SRR24605838_filtp_woHU_1	5	1.6094379124341	0.2	5	0.8	1	1.6094379124341	1	
SRR24605839_filtp_woHU_1	8	1.97920451743432	0.152777777777778	6.54545454545454	0.847222222222222	0.951796180735845	2.07944154167984	0.951796180735845	
SRR24605841_filtp_woHU_1	12	2.16523799966368	0.150390625	6.64935064935065	0.849609375	0.871355871597192	2.484906649788	0.871355871597192	
SRR24605842_filtp_woHU_1	3	0.562729820034514	0.708888888888889	1.41065830721003	0.291111111111111	0.512218756188075	1.09861228866811	0.512218756188075	
SRR5830676_filtp_woHU_1	3	1.09861228866811	0.333333333333333	3	0.666666666666667	1	1.09861228866811	1	
SRR5881985_filtp_woHU_1	3	0.990835386443849	0.395555555555556	2.52808988764045	0.604444444444444	0.901897235871153	1.09861228866811	0.901897235871153	
SRR5882128_filtp_woHU_1	3	1.01140426470735	0.388888888888889	2.57142857142857	0.611111111111111	0.920619835714305	1.09861228866811	0.920619835714305	
SRR5882551_filtp_woHU_1	4	1.19354960409813	0.34	2.94117647058823	0.66	0.860964047443681	1.38629436111989	0.860964047443681	
SRR6263181_filtp_woHU_1	1
SRR6263206_filtp_woHU_1	2	0.693147180559945	0.5	2	0.5	1	0.693147180559945	1	
SRR6263248_filtp_woHU_1	3	1.07899220787758	0.346938775510204	2.88235294117647	0.653061224489796	0.982141032834875	1.09861228866811	0.982141032834875	
SRR6263258_filtp_woHU_1	2	0.693147180559945	0.5	2	0.5	1	0.693147180559945	1	
SRR6263259_filtp_woHU_1	1
SRR6263322_filtp_woHU_1	4	1.38629436111989	0.25	4	0.75	1	1.38629436111989	1	
SRR6263736_filtp_woHU_1	1
SRR6263737_filtp_woHU_1	1
SRR6265700_filtp_woHU_1	1
SRR6265795_filtp_woHU_1	2	0.693147180559945	0.5	2	0.5	1	0.693147180559945	1	
SRR6265865_filtp_woHU_1	2	0.636514168294813	0.555555555555556	1.8	0.444444444444444	0.918295834054489	0.693147180559945	0.91829583405449	
SRR6265866_filtp_woHU_1	1
SRR6266047_filtp_woHU_1	2	0.636514168294813	0.555555555555556	1.8	0.444444444444444	0.918295834054489	0.693147180559945	0.91829583405449	
SRR6266133_filtp_woHU_1	2	0.693147180559945	0.5	2	0.5	1	0.693147180559945	1	
SRR6266221_filtp_woHU_1	1
SRR6266334_filtp_woHU_1	3	1.03972077083992	0.375	2.66666666666667	0.625	0.946394630357186	1.09861228866811	0.946394630357186	
SRR6266336_filtp_woHU_1	2	0.693147180559945	0.5	2	0.5	1	0.693147180559945	1	
SRR6266338_filtp_woHU_1	4	1.32966134885476	0.277777777777778	3.6	0.722222222222222	0.959147917027245	1.38629436111989	0.959147917027245	
SRR6266341_filtp_woHU_1	1
SRR6266357_filtp_woHU_1	1
SRR6429832_filtp_woHU_1	2	0.693147180559945	0.5	2	0.5	1	0.693147180559945	1	
SRR6429834_filtp_woHU_1	8	2.04319187054512	0.135802469135802	7.36363636363636	0.864197530864198	0.982567593073364	2.07944154167984	0.982567593073364	
shotgun_illumina_1st_ARH_ECA53_filtp_woHU_1	1
shotgun_illumina_1st_COP_ECA53_filtp_woHU_1	2	0.562335144618808	0.625	1.6	0.375	0.811278124459133	0.693147180559945	0.811278124459133	
shotgun_illumina_1st_DEH_ECA53_filtp_woHU_1	2	0.693147180559945	0.5	2	0.5	1	0.693147180559945	1	
shotgun_illumina_1st_DEP_ECA53_filtp_woHU_1	2	0.693147180559945	0.5	2	0.5	1	0.693147180559945	1	
shotgun_illumina_2nd_PRH_ECA55_filtp_woHU_1	1
shotgun_illumina_2nd_PRP_ECA55_filtp_woHU_1	2	0.693147180559945	0.5	2	0.5	1	0.693147180559945	1	
shotgun_illumina_3rd_ARH_ECA55_filtp_woHU_1	4	1.25548232517875	0.3125	3.2	0.6875	0.905639062229566	1.38629436111989	0.905639062229566	
shotgun_illumina_3rd_COP_ECA55_filtp_woHU_1	6	1.66746193342929	0.21875	4.57142857142857	0.78125	0.930628224416578	1.79175946922805	0.930628224416578	
shotgun_illumina_3rd_DEP_ECA55_filtp_woHU_1	2	0.636514168294813	0.555555555555556	1.8	0.444444444444444	0.918295834054489	0.693147180559945	0.91829583405449	
unifrac.S3.28.ribosomal_L31e.unifrac	Richness R	Shannon H	Simpson λ	Simpson dominance 1/λ	Gini 1-λ	Pielou J	Hmax	Efficiency η	
ERR4182668_filtp_woHU_1	1
ERR4182670_filtp_woHU_1	3	0.950270539233235	0.44	2.27272727272727	0.56	0.864973520717927	1.09861228866811	0.864973520717927	
ERR4182673_filtp_woHU_1	3	1.09861228866811	0.333333333333333	3	0.666666666666667	1	1.09861228866811	1	
ERR4183043_filtp_woHU_1	7	1.67440893725071	0.229024943310658	4.36633663366337	0.770975056689342	0.860475977302237	1.94591014905531	0.860475977302237	
ERR4183044_filtp_woHU_1	7	1.88915916375402	0.160493827160494	6.23076923076923	0.839506172839506	0.970835762725816	1.94591014905531	0.970835762725816	
ERR4183116_filtp_woHU_1	5	1.47507631105469	0.26530612244898	3.76923076923077	0.73469387755102	0.916516443199602	1.6094379124341	0.916516443199602	
ERR4183117_filtp_woHU_1	1
ERR4183124_filtp_woHU_1	2	0.693147180559945	0.5	2	0.5	1	0.693147180559945	1	
ERR5891181_filtp_woHU_1	1
ERR5891183_filtp_woHU_1	3	0.955699891112534	0.428571428571429	2.33333333333333	0.571428571428571	0.869915529773626	1.09861228866811	0.869915529773626	
ERR5891186_filtp_woHU_1	6	1.73512645696292	0.185185185185185	5.4	0.814814814814815	0.968392514041222	1.79175946922805	0.968392514041223	
RDP_CKDN230001569-1A_HT3KTDSX5_L3_filtp_woHU_1	1
RUP_CKDN230001570-1A_HT3KTDSX5_L3_filtp_woHU_1	3	0.683738905848754	0.62962962962963	1.58823529411765	0.37037037037037	0.622365972874449	1.09861228866811	0.622365972874449	
SRR13165308_filtp_woHU_1	4	1.33217904021012	0.28	3.57142857142857	0.72	0.960964047443681	1.38629436111989	0.960964047443681	
SRR17689980_filtp_woHU_1	3	1.09861228866811	0.333333333333333	3	0.666666666666667	1	1.09861228866811	1	
SRR17689983_filtp_woHU_1	2	0.693147180559945	0.5	2	0.5	1	0.693147180559945	1	
SRR17689995_filtp_woHU_1	2	0.562335144618808	0.625	1.6	0.375	0.811278124459133	0.693147180559945	0.811278124459133	
SRR17689998_filtp_woHU_1	3	1.09861228866811	0.333333333333333	3	0.666666666666667	1	1.09861228866811	1	
SRR17690002_filtp_woHU_1	1
SRR20770299_filtp_woHU_1	1
SRR24605825_filtp_woHU_1	5	1.47080847632211	0.26	3.84615384615385	0.74	0.913864688385322	1.6094379124341	0.913864688385321	
SRR24605827_filtp_woHU_1	11	2.09041331940421	0.151974040021633	6.58007117437723	0.848025959978367	0.871770065656234	2.39789527279837	0.871770065656234	
SRR24605828_filtp_woHU_1	4	1.32966134885476	0.277777777777778	3.6	0.722222222222222	0.959147917027245	1.38629436111989	0.959147917027245	
SRR24605834_filtp_woHU_1	9	1.51850050084118	0.300495867768595	3.32783278327833	0.699504132231405	0.691099360759072	2.19722457733622	0.691099360759072	
SRR24605835_filtp_woHU_1	9	2.10657733323212	0.13265306122449	7.53846153846154	0.86734693877551	0.958744661315413	2.19722457733622	0.958744661315413	
SRR24605838_filtp_woHU_1	2	0.673011667009257	0.52	1.92307692307692	0.48	0.970950594454669	0.693147180559945	0.970950594454669	
SRR24605839_filtp_woHU_1	5	1.41848366194566	0.28	3.57142857142857	0.72	0.881353453268883	1.6094379124341	0.881353453268883	
SRR24605841_filtp_woHU_1	11	2.19737006268131	0.132231404958678	7.5625	0.867768595041322	0.916374492084032	2.39789527279837	0.916374492084032	
SRR24605842_filtp_woHU_1	4	1.08889997534522	0.42	2.38095238095238	0.58	0.785475297227334	1.38629436111989	0.785475297227334	
SRR5881985_filtp_woHU_1	4	0.836988216785836	0.583333333333333	1.71428571428571	0.416666666666667	0.603759374819711	1.38629436111989	0.603759374819711	
SRR5882128_filtp_woHU_1	2	0.693147180559945	0.5	2	0.5	1	0.693147180559945	1	
SRR5882551_filtp_woHU_1	3	0.950270539233235	0.44	2.27272727272727	0.56	0.864973520717927	1.09861228866811	0.864973520717927	
SRR6263181_filtp_woHU_1	1
SRR6263202_filtp_woHU_1	1
SRR6263206_filtp_woHU_1	1
SRR6263248_filtp_woHU_1	1
SRR6263258_filtp_woHU_1	3	1.05492016798614	0.36	2.77777777777778	0.64	0.960229717860761	1.09861228866811	0.960229717860761	
SRR6263259_filtp_woHU_1	1
SRR6263322_filtp_woHU_1	2	0.636514168294813	0.555555555555556	1.8	0.444444444444444	0.918295834054489	0.693147180559945	0.91829583405449	
SRR6263654_filtp_woHU_1	1
SRR6263655_filtp_woHU_1	1
SRR6263736_filtp_woHU_1	1
SRR6266047_filtp_woHU_1	2	0.693147180559945	0.5	2	0.5	1	0.693147180559945	1	
SRR6266133_filtp_woHU_1	1
SRR6266334_filtp_woHU_1	3	1.03972077083992	0.375	2.66666666666667	0.625	0.946394630357186	1.09861228866811	0.946394630357186	
SRR6266336_filtp_woHU_1	6	1.66746193342929	0.21875	4.57142857142857	0.78125	0.930628224416578	1.79175946922805	0.930628224416578	
SRR6266338_filtp_woHU_1	2	0.693147180559945	0.5	2	0.5	1	0.693147180559945	1	
SRR6266341_filtp_woHU_1	1
SRR6266357_filtp_woHU_1	1
SRR6266358_filtp_woHU_1	1
SRR6429834_filtp_woHU_1	1
shotgun_illumina_1st_COP_ECA53_filtp_woHU_1	2	0.562335144618808	0.625	1.6	0.375	0.811278124459133	0.693147180559945	0.811278124459133	
shotgun_illumina_1st_DEH_ECA53_filtp_woHU_1	1
shotgun_illumina_1st_DEP_ECA53_filtp_woHU_1	2	0.693147180559945	0.5	2	0.5	1	0.693147180559945	1	
shotgun_illumina_2nd_PRH_ECA55_filtp_woHU_1	3	1.09861228866811	0.333333333333333	3	0.666666666666667	1	1.09861228866811	1	
shotgun_illumina_2nd_PRP_ECA55_filtp_woHU_1	3	1.03972077083992	0.375	2.66666666666667	0.625	0.946394630357186	1.09861228866811	0.946394630357186	
shotgun_illumina_3rd_ARH_ECA55_filtp_woHU_1	10	2.27186851269656	0.107438016528926	9.30769230769231	0.892561983471074	0.986659958673865	2.30258509299405	0.986659958673865	
shotgun_illumina_3rd_COP_ECA55_filtp_woHU_1	1
shotgun_illumina_3rd_DEP_ECA55_filtp_woHU_1	1
unifrac.S3.29.ribosomal_L32e.unifrac	Richness R	Shannon H	Simpson λ	Simpson dominance 1/λ	Gini 1-λ	Pielou J	Hmax	Efficiency η	
CS1_filtp_woHU_1	1
ERR4182668_filtp_woHU_1	1
ERR4183043_filtp_woHU_1	3	0.89794572485678	0.46	2.17391304347826	0.54	0.81734542214651	1.09861228866811	0.81734542214651	
ERR4183044_filtp_woHU_1	5	1.55711309805765	0.22	4.54545454545454	0.78	0.967488764883562	1.6094379124341	0.967488764883562	
ERR4183116_filtp_woHU_1	3	1.03972077083992	0.375	2.66666666666667	0.625	0.946394630357186	1.09861228866811	0.946394630357186	
ERR4183124_filtp_woHU_1	3	1.09861228866811	0.333333333333333	3	0.666666666666667	1	1.09861228866811	1	
ERR4183125_filtp_woHU_1	2	0.693147180559945	0.5	2	0.5	1	0.693147180559945	1	
ERR5891183_filtp_woHU_1	5	1.55958115625988	0.21875	4.57142857142857	0.78125	0.969022255665134	1.6094379124341	0.969022255665134	
ERR5891186_filtp_woHU_1	2	0.636514168294813	0.555555555555556	1.8	0.444444444444444	0.918295834054489	0.693147180559945	0.91829583405449	
ERR5891188_filtp_woHU_1	1
HTP3_filtp_woHU_1	3	1.09861228866811	0.333333333333333	3	0.666666666666667	1	1.09861228866811	1	
RUP_CKDN230001570-1A_HT3KTDSX5_L3_filtp_woHU_1	3	0.950270539233235	0.44	2.27272727272727	0.56	0.864973520717927	1.09861228866811	0.864973520717927	
SRR13165308_filtp_woHU_1	2	0.693147180559945	0.5	2	0.5	1	0.693147180559945	1	
SRR17689995_filtp_woHU_1	1
SRR17689998_filtp_woHU_1	2	0.636514168294813	0.555555555555556	1.8	0.444444444444444	0.918295834054489	0.693147180559945	0.91829583405449	
SRR17689999_filtp_woHU_1	1
SRR20770298_filtp_woHU_1	1
SRR20770299_filtp_woHU_1	2	0.500402423538188	0.68	1.47058823529412	0.32	0.721928094887362	0.693147180559945	0.721928094887362	
SRR24605825_filtp_woHU_1	4	1.31078367809971	0.283950617283951	3.52173913043478	0.716049382716049	0.945530556036326	1.38629436111989	0.945530556036326	
SRR24605827_filtp_woHU_1	11	2.10600307271718	0.152777777777778	6.54545454545454	0.847222222222222	0.878271497762058	2.39789527279837	0.878271497762058	
SRR24605828_filtp_woHU_1	2	0.636514168294813	0.555555555555556	1.8	0.444444444444444	0.918295834054489	0.693147180559945	0.91829583405449	
SRR24605834_filtp_woHU_1	4	0.908455185556158	0.474435196195006	2.1077694235589	0.525564803804994	0.655311895535866	1.38629436111989	0.655311895535866	
SRR24605835_filtp_woHU_1	5	0.997614864139987	0.522491349480969	1.91390728476821	0.477508650519031	0.619852966326115	1.6094379124341	0.619852966326115	
SRR24605839_filtp_woHU_1	5	1.50478828368119	0.24	4.16666666666667	0.76	0.934977529767123	1.6094379124341	0.934977529767123	
SRR24605841_filtp_woHU_1	9	1.78253562357259	0.228733459357278	4.37190082644628	0.771266540642722	0.811266923717752	2.19722457733622	0.811266923717752	
SRR5830676_filtp_woHU_1	3	1.09861228866811	0.333333333333333	3	0.666666666666667	1	1.09861228866811	1	
SRR5881985_filtp_woHU_1	2	0.529706199057654	0.654320987654321	1.52830188679245	0.345679012345679	0.76420450650862	0.693147180559945	0.76420450650862	
SRR5882128_filtp_woHU_1	4	1.25548232517875	0.3125	3.2	0.6875	0.905639062229566	1.38629436111989	0.905639062229566	
SRR5882551_filtp_woHU_1	3	1.03972077083992	0.375	2.66666666666667	0.625	0.946394630357186	1.09861228866811	0.946394630357186	
SRR6263206_filtp_woHU_1	1
SRR6263258_filtp_woHU_1	3	1.03972077083992	0.375	2.66666666666667	0.625	0.946394630357186	1.09861228866811	0.946394630357186	
SRR6263259_filtp_woHU_1	3	1.03972077083992	0.375	2.66666666666667	0.625	0.946394630357186	1.09861228866811	0.946394630357186	
SRR6263322_filtp_woHU_1	1
SRR6263654_filtp_woHU_1	1
SRR6265866_filtp_woHU_1	1
SRR6266134_filtp_woHU_1	1
SRR6266221_filtp_woHU_1	1
SRR6266334_filtp_woHU_1	2	0.693147180559945	0.5	2	0.5	1	0.693147180559945	1	
SRR6266336_filtp_woHU_1	3	1.09861228866811	0.333333333333333	3	0.666666666666667	1	1.09861228866811	1	
SRR6266357_filtp_woHU_1	1
SRR6429834_filtp_woHU_1	1
shotgun_illumina_1st_COP_ECA53_filtp_woHU_1	1
shotgun_illumina_1st_DEH_ECA53_filtp_woHU_1	1
shotgun_illumina_2nd_PRP_ECA55_filtp_woHU_1	1
shotgun_illumina_3rd_ARH_ECA55_filtp_woHU_1	5	1.41848366194566	0.28	3.57142857142857	0.72	0.881353453268883	1.6094379124341	0.881353453268883	
shotgun_illumina_3rd_COP_ECA55_filtp_woHU_1	1
shotgun_illumina_3rd_DEP_ECA55_filtp_woHU_1	2	0.693147180559945	0.5	2	0.5	1	0.693147180559945	1	
unifrac.S3.2.ribosomal_protein_L3_rplC.unifrac	Richness R	Shannon H	Simpson λ	Simpson dominance 1/λ	Gini 1-λ	Pielou J	Hmax	Efficiency η	
CS1_filtp_woHU_1	142	4.52820285705224	0.0175429834309331	57.0028469750889	0.982457016569067	0.913712848414851	4.95582705760126	0.913712848414852	
ERR4182668_filtp_woHU_1	445	5.02179153085503	0.0173137451824487	57.7575787019043	0.982686254817551	0.823504486578855	6.09807428216624	0.823504486578849	
ERR4182669_filtp_woHU_1	463	5.64695629868984	0.00689819193599714	144.96552274541	0.993101808064003	0.92004030953614	6.13772705408623	0.920040309536132	
ERR4182670_filtp_woHU_1	578	5.49307332524117	0.0106392101685058	93.9919396423052	0.989360789831494	0.863748647106744	6.35957386867238	0.863748647106751	
ERR4182673_filtp_woHU_1	716	6.43734566651959	0.00204902192798334	488.037724898437	0.997950978072017	0.97926055162734	6.57368016696065	0.979260551627357	
ERR4183043_filtp_woHU_1	745	6.3475441324345	0.00275790441904311	362.594146880174	0.997242095580957	0.959802715649539	6.61338421837956	0.959802715649557	
ERR4183044_filtp_woHU_1	722	6.37245935467997	0.00238692950327173	418.94827586207	0.997613070496728	0.968160895804766	6.58202513889283	0.968160895804763	
ERR4183116_filtp_woHU_1	574	5.68709682574905	0.00763700323703151	130.941413662239	0.992362996762968	0.895235102026242	6.35262939631957	0.895235102026247	
ERR4183117_filtp_woHU_1	454	5.45074856101395	0.0105199507241152	95.057479471617	0.989480049275885	0.890922191095453	6.11809719804135	0.890922191095456	
ERR4183124_filtp_woHU_1	517	5.59457657944538	0.00756002531545431	132.274689339437	0.992439974684546	0.895412642296495	6.24804287450843	0.895412642296497	
ERR4183125_filtp_woHU_1	348	5.12910733036015	0.0133910247817607	74.676883681229	0.986608975218239	0.87644051074559	5.85220247977447	0.876440510745595	
ERR5891181_filtp_woHU_1	181	5.10315849091142	0.00696695064914904	143.534818941504	0.993033049350851	0.981660364566719	5.19849703126583	0.981660364566716	
ERR5891183_filtp_woHU_1	141	4.4170222947466	0.0275098790292056	36.3505778756192	0.972490120970794	0.892551344698411	4.94875989037817	0.892551344698411	
ERR5891186_filtp_woHU_1	160	4.50940877772818	0.020972835406305	47.6807251202368	0.979027164593695	0.88852302244163	5.07517381523383	0.88852302244163	
ERR5891188_filtp_woHU_1	217	5.32730844247576	0.00540216086434576	185.11111111111	0.994597839135654	0.990224922966217	5.37989735354046	0.990224922966221	
ERR5891191_filtp_woHU_1	195	5.22838756369184	0.00574417009602197	174.089552238805	0.994255829903978	0.991539541322462	5.27299955856375	0.991539541322461	
ERR5891194_filtp_woHU_1	284	5.48125158880587	0.00525977079775251	190.122352941177	0.994740229202247	0.970309184945066	5.64897423816121	0.970309184945067	
HTP3_filtp_woHU_1	155	4.99274441423086	0.00727193283605379	137.515021459228	0.992728067163946	0.989951134097666	5.04342511691925	0.989951134097662	
IA6_filtp_woHU_1	143	4.65129046492466	0.0150122492585975	66.6122699386502	0.984987750741402	0.937222663906179	4.96284463025991	0.937222663906177	
RDP_CKDN230001569-1A_HT3KTDSX5_L3_filtp_woHU_1	392	4.74847680234195	0.0207341379086535	48.2296396602362	0.979265862091347	0.795221668341473	5.97126183979046	0.795221668341467	
RUP_CKDN230001570-1A_HT3KTDSX5_L3_filtp_woHU_1	658	5.89748185782843	0.00577938224442805	173.028873624704	0.994220617755572	0.908814241535127	6.48920493132532	0.908814241535126	
SRR13165308_filtp_woHU_1	1282	6.47923294119303	0.00399362294472421	250.399202388661	0.996006377055276	0.905404277929351	7.15617663748062	0.905404277929325	
SRR17689980_filtp_woHU_1	286	5.40038505153756	0.00651424083054438	153.509829619921	0.993485759169456	0.954807791837088	5.65599181081985	0.954807791837086	
SRR17689983_filtp_woHU_1	287	5.35211383383257	0.00847252481239408	118.028571428572	0.991527475187606	0.945689663787415	5.65948221575962	0.94568966378742	
SRR17689995_filtp_woHU_1	200	4.7754216109882	0.0143545244839662	69.6644462947544	0.985645475516034	0.901309091285992	5.29831736654804	0.901309091285992	
SRR17689998_filtp_woHU_1	265	5.20274488147361	0.00884982653732014	112.996565049377	0.99115017346268	0.932436702802902	5.57972982598622	0.932436702802903	
SRR17689999_filtp_woHU_1	179	4.71161437671978	0.0166542821888486	60.0446172738435	0.983345717811151	0.908283006715006	5.18738580584075	0.908283006715003	
SRR17690002_filtp_woHU_1	294	5.41896225597925	0.00723299476762079	138.255319148937	0.992767005232379	0.953441752875523	5.68357976733868	0.953441752875532	
SRR20770298_filtp_woHU_1	405	5.79122914975301	0.00449437047994741	222.500571428571	0.995505629520053	0.96457996045285	6.00388706710654	0.964579960452856	
SRR20770299_filtp_woHU_1	361	5.42797693419161	0.00728655959425189	137.23897911833	0.992713440405748	0.921733643080668	5.88887795833288	0.921733643080669	
SRR24605825_filtp_woHU_1	636	5.89351956692874	0.00488271720773128	204.803996925442	0.995117282792269	0.912988114788408	6.45519856334012	0.912988114788412	
SRR24605827_filtp_woHU_1	1125	6.57404488963886	0.00241010708952652	414.919322193462	0.997589892910474	0.935735397804475	7.02553831463852	0.935735397804477	
SRR24605828_filtp_woHU_1	575	6.01515221824084	0.003474605787898	287.802433151693	0.996525394212102	0.946616608667954	6.35437004079735	0.946616608667949	
SRR24605834_filtp_woHU_1	204	4.54173236578237	0.0202786805699749	49.312873021957	0.979721319430025	0.854010885621136	5.31811999384422	0.854010885621134	
SRR24605835_filtp_woHU_1	774	6.27979656571052	0.00310125302708665	322.450310008858	0.996898746972913	0.944107150167714	6.65157187358973	0.944107150167724	
SRR24605838_filtp_woHU_1	765	5.98114495519688	0.00570911295292226	175.15855934995	0.994290887047078	0.900791687206893	6.63987583382654	0.900791687206887	
SRR24605839_filtp_woHU_1	936	6.58751404387761	0.00189850083074372	526.7313997478	0.998101499169256	0.962859439634745	6.84161547647759	0.96285943963475	
SRR24605841_filtp_woHU_1	885	6.39478740760657	0.00267920254862845	373.245389943334	0.997320797451372	0.942407311223978	6.78558764500793	0.942407311223975	
SRR24605842_filtp_woHU_1	396	5.02740022074036	0.0217189705500184	46.0426979122706	0.978281029449982	0.84050360720395	5.98141421125448	0.840503607203954	
SRR5830676_filtp_woHU_1	400	5.29876486487472	0.0109654693559586	91.195366795367	0.989034530644041	0.884385582725743	5.99146454710798	0.884385582725738	
SRR5881985_filtp_woHU_1	1030	5.79121449324906	0.0169762694412182	58.9057568544484	0.983023730558782	0.834792028362011	6.93731408122368	0.834792028362005	
SRR5882128_filtp_woHU_1	304	5.55554036193661	0.00472337372448979	211.713080168776	0.99527662627551	0.971753269722676	5.71702770140622	0.971753269722673	
SRR5882551_filtp_woHU_1	383	5.21319461343673	0.0124140319127694	80.5540059045097	0.987585968087231	0.87645661515432	5.94803498918065	0.876456615154317	
SRR6263181_filtp_woHU_1	270	4.04172705562113	0.0903708077997366	11.0655202088712	0.909629192200264	0.72194041199857	5.59842195899838	0.721940411998571	
SRR6263202_filtp_woHU_1	417	5.31970783586892	0.0104558075953693	95.6406275535221	0.989544192404631	0.881755645501584	6.0330862217988	0.881755645501584	
SRR6263206_filtp_woHU_1	538	4.705501378919	0.0588452082126886	16.993737134647	0.941154791787311	0.74834720499787	6.28785856016178	0.748347204997868	
SRR6263248_filtp_woHU_1	482	5.27541048651126	0.0106478633174868	93.9155556549751	0.989352136682513	0.853910360651095	6.1779441140506	0.853910360651099	
SRR6263258_filtp_woHU_1	753	5.26869889304749	0.0338835937500004	29.5128080975764	0.96611640625	0.795387531954818	6.62406522779989	0.795387531954827	
SRR6263259_filtp_woHU_1	373	4.01999728967467	0.0985304626742914	10.149145481085	0.901469537325709	0.678872591864868	5.92157841964382	0.67887259186487	
SRR6263322_filtp_woHU_1	460	4.78898172758993	0.05123323777621	19.5185790202849	0.94876676222379	0.781080544945525	6.13122648948314	0.781080544945532	
SRR6263654_filtp_woHU_1	439	5.22012488043222	0.0184323313635015	54.2524968914205	0.981567668636498	0.857938266739665	6.08449941307517	0.857938266739664	
SRR6263655_filtp_woHU_1	323	4.78969251973619	0.0329084280133231	30.3873524312722	0.967091571986677	0.829003244187009	5.77765232322266	0.829003244187006	
SRR6263736_filtp_woHU_1	352	5.02795509393475	0.0204017430120097	49.0154198791417	0.97959825698799	0.85748147237823	5.8636311755981	0.857481472378232	
SRR6263737_filtp_woHU_1	370	5.07173167234658	0.0223106564010426	44.8216306156402	0.977689343598957	0.857652675159022	5.91350300563827	0.857652675159022	
SRR6265700_filtp_woHU_1	370	4.97712715521448	0.0299043609573055	33.4399387911248	0.970095639042694	0.841654625095989	5.91350300563827	0.841654625095983	
SRR6265795_filtp_woHU_1	232	3.82983093211485	0.102603448299337	9.7462611303529	0.897396551700663	0.703142206201727	5.44673737166631	0.703142206201726	
SRR6265865_filtp_woHU_1	276	4.29964504720422	0.0586815827261169	17.0411218229623	0.941318417273883	0.765006829571684	5.62040086571715	0.765006829571679	
SRR6265866_filtp_woHU_1	423	5.35214718404047	0.0132815876413652	75.2922035378904	0.986718412358635	0.88503684337228	6.04737217904628	0.885036843372278	
SRR6266047_filtp_woHU_1	216	4.08786638451868	0.0830925840276513	12.0347683454786	0.916907415972349	0.760493889707167	5.37527840768417	0.760493889707164	
SRR6266108_filtp_woHU_1	305	4.41937905138523	0.0593217416329623	16.8572259086262	0.940678258367038	0.77257660490776	5.72031177660741	0.772576604907761	
SRR6266133_filtp_woHU_1	508	5.95641399413929	0.00392137818839613	255.012383900928	0.996078621811604	0.956011833797256	6.23048144757848	0.956011833797255	
SRR6266134_filtp_woHU_1	456	5.57302346044078	0.00772443963456363	129.459229058561	0.992275560365436	0.910253982132943	6.12249280951439	0.910253982132937	
SRR6266221_filtp_woHU_1	298	4.89992615601793	0.0150733396264176	66.3422987064789	0.984926660373582	0.860074732427034	5.6970934865054	0.860074732427037	
SRR6266334_filtp_woHU_1	510	6.07940416037189	0.00288963331753118	346.064669843429	0.997110366682469	0.975136933999705	6.23441072571837	0.975136933999723	
SRR6266336_filtp_woHU_1	568	6.15480056339222	0.00289236815125269	345.737453777071	0.997107631848747	0.970464006763417	6.34212141872115	0.970464006763405	
SRR6266338_filtp_woHU_1	382	5.40900160709833	0.00778892824347365	128.387368421053	0.992211071756526	0.909776105540502	5.94542060860658	0.909776105540503	
SRR6266341_filtp_woHU_1	267	4.26046269299865	0.057395484109283	17.4229735234216	0.942604515890717	0.762533216880043	5.58724865840025	0.762533216880045	
SRR6266357_filtp_woHU_1	346	5.0671852632421	0.0154679392695909	64.6498530005187	0.984532060730409	0.866713132250679	5.84643877505772	0.866713132250677	
SRR6266358_filtp_woHU_1	546	5.73743408090882	0.0120198347107438	83.1958195819581	0.987980165289256	0.910325390601724	6.30261897574491	0.910325390601711	
SRR6429832_filtp_woHU_1	202	5.2574166008021	0.00566913580246915	176.393728222996	0.994330864197531	0.990420397105443	5.30826769740121	0.990420397105437	
SRR6429834_filtp_woHU_1	154	4.86531635588895	0.0109510680512252	91.3152941176474	0.989048931948775	0.965924585742094	5.03695260241363	0.965924585742096	
shotgun_illumina_1st_ARH_ECA53_filtp_woHU_1	369	5.84648790675099	0.00318654739509347	313.819277108435	0.996813452604907	0.989120123536246	5.91079664404053	0.989120123536249	
shotgun_illumina_1st_COP_ECA53_filtp_woHU_1	322	5.56926373243949	0.00519741616743525	192.403295750216	0.994802583832565	0.964449566085644	5.77455154554441	0.964449566085639	
shotgun_illumina_1st_DEH_ECA53_filtp_woHU_1	336	5.49909528351774	0.00636506418204795	157.107606679034	0.993634935817952	0.945330961073216	5.8171111599632	0.945330961073216	
shotgun_illumina_1st_DEP_ECA53_filtp_woHU_1	319	5.6918771339317	0.00378907031942577	263.916981132076	0.996210929680574	0.987283341081663	5.76519110278484	0.987283341081663	
shotgun_illumina_2nd_BARR2_ECA53_filtp_woHU_1	358	5.7923439455387	0.00371026273769778	269.52269170579	0.996289737262302	0.985003223166004	5.8805329864007	0.985003223166003	
shotgun_illumina_2nd_PRH_ECA55_filtp_woHU_1	450	6.04583253804839	0.00261094674556213	383.00283286119	0.997389053254438	0.989619827342587	6.10924758276437	0.989619827342582	
shotgun_illumina_2nd_PRP_ECA55_filtp_woHU_1	366	5.26613159886528	0.0272691454285299	36.6714828897339	0.97273085457147	0.892166479165444	5.90263333340137	0.892166479165444	
shotgun_illumina_3rd_ARH_ECA55_filtp_woHU_1	797	6.2465549041673	0.00386104883612986	258.996983058716	0.99613895116387	0.934993381011311	6.68085467879022	0.934993381011333	
shotgun_illumina_3rd_COP_ECA55_filtp_woHU_1	892	6.54506083906393	0.0021173252144148	472.294002447984	0.997882674785585	0.963434675514936	6.79346613258001	0.963434675514915	
shotgun_illumina_3rd_DEP_ECA55_filtp_woHU_1	1037	6.74145483505054	0.0018570425379117	538.490626673814	0.998142957462088	0.970819437155275	6.94408720822953	0.970819437155303	
unifrac.S3.30.ribosomal_S19e.unifrac	Richness R	Shannon H	Simpson λ	Simpson dominance 1/λ	Gini 1-λ	Pielou J	Hmax	Efficiency η	
CS1_filtp_woHU_1	1
ERR4182669_filtp_woHU_1	3	1.09861228866811	0.333333333333333	3	0.666666666666667	1	1.09861228866811	1	
ERR4182673_filtp_woHU_1	1
ERR4183043_filtp_woHU_1	3	0.864740096527637	0.4609375	2.16949152542373	0.5390625	0.787120356696533	1.09861228866811	0.787120356696533	
ERR4183044_filtp_woHU_1	2	0.636514168294813	0.555555555555556	1.8	0.444444444444444	0.918295834054489	0.693147180559945	0.91829583405449	
ERR4183116_filtp_woHU_1	3	1.05492016798614	0.36	2.77777777777778	0.64	0.960229717860761	1.09861228866811	0.960229717860761	
ERR4183124_filtp_woHU_1	2	0.693147180559945	0.5	2	0.5	1	0.693147180559945	1	
ERR5891183_filtp_woHU_1	4	1.33217904021012	0.28	3.57142857142857	0.72	0.960964047443681	1.38629436111989	0.960964047443681	
ERR5891186_filtp_woHU_1	5	1.5498260458782	0.224489795918367	4.45454545454546	0.775510204081633	0.962961064794514	1.6094379124341	0.962961064794514	
ERR5891194_filtp_woHU_1	1
RUP_CKDN230001570-1A_HT3KTDSX5_L3_filtp_woHU_1	4	1.00271826451752	0.481481481481481	2.07692307692308	0.518518518518519	0.723308333814104	1.38629436111989	0.723308333814104	
SRR17689980_filtp_woHU_1	2	0.693147180559945	0.5	2	0.5	1	0.693147180559945	1	
SRR17689995_filtp_woHU_1	1
SRR17689998_filtp_woHU_1	3	1.03972077083992	0.375	2.66666666666667	0.625	0.946394630357186	1.09861228866811	0.946394630357186	
SRR17690002_filtp_woHU_1	1
SRR20770299_filtp_woHU_1	1
SRR24605825_filtp_woHU_1	3	1.09861228866811	0.333333333333333	3	0.666666666666667	1	1.09861228866811	1	
SRR24605827_filtp_woHU_1	12	2.2582205338655	0.125	8	0.875	0.908774796050451	2.484906649788	0.908774796050451	
SRR24605828_filtp_woHU_1	5	1.6094379124341	0.2	5	0.8	1	1.6094379124341	1	
SRR24605834_filtp_woHU_1	12	1.72657360077411	0.244120707596254	4.09633418584825	0.755879292403746	0.694824331095662	2.484906649788	0.694824331095662	
SRR24605835_filtp_woHU_1	8	1.74956957797678	0.214024835646457	4.67235494880546	0.785975164353543	0.841365117945765	2.07944154167984	0.841365117945765	
SRR24605838_filtp_woHU_1	3	1.03972077083992	0.375	2.66666666666667	0.625	0.946394630357186	1.09861228866811	0.946394630357186	
SRR24605839_filtp_woHU_1	7	1.84622021932163	0.173553719008264	5.76190476190476	0.826446280991736	0.948769510358905	1.94591014905531	0.948769510358905	
SRR24605841_filtp_woHU_1	8	1.64622455382987	0.2890625	3.45945945945946	0.7109375	0.791666666666667	2.07944154167984	0.791666666666667	
SRR24605842_filtp_woHU_1	1
SRR5830676_filtp_woHU_1	1
SRR5881985_filtp_woHU_1	3	0.918427784993098	0.430555555555556	2.32258064516129	0.569444444444444	0.835988996724716	1.09861228866811	0.835988996724716	
SRR5882551_filtp_woHU_1	2	0.562335144618808	0.625	1.6	0.375	0.811278124459133	0.693147180559945	0.811278124459133	
SRR6263181_filtp_woHU_1	1
SRR6263202_filtp_woHU_1	1
SRR6263248_filtp_woHU_1	3	0.887694275799104	0.458333333333333	2.18181818181818	0.541666666666667	0.808014151084447	1.09861228866811	0.808014151084447	
SRR6263258_filtp_woHU_1	2	0.562335144618808	0.625	1.6	0.375	0.811278124459133	0.693147180559945	0.811278124459133	
SRR6263259_filtp_woHU_1	1
SRR6263322_filtp_woHU_1	1
SRR6263654_filtp_woHU_1	1
SRR6263655_filtp_woHU_1	1
SRR6263736_filtp_woHU_1	2	0.693147180559945	0.5	2	0.5	1	0.693147180559945	1	
SRR6263737_filtp_woHU_1	2	0.562335144618808	0.625	1.6	0.375	0.811278124459133	0.693147180559945	0.811278124459133	
SRR6265795_filtp_woHU_1	1
SRR6266047_filtp_woHU_1	1
SRR6266108_filtp_woHU_1	1
SRR6266133_filtp_woHU_1	2	0.693147180559945	0.5	2	0.5	1	0.693147180559945	1	
SRR6266334_filtp_woHU_1	1
SRR6266338_filtp_woHU_1	1
SRR6266341_filtp_woHU_1	2	0.693147180559945	0.5	2	0.5	1	0.693147180559945	1	
SRR6266357_filtp_woHU_1	1
SRR6429832_filtp_woHU_1	1
SRR6429834_filtp_woHU_1	2	0.693147180559945	0.5	2	0.5	1	0.693147180559945	1	
shotgun_illumina_1st_ARH_ECA53_filtp_woHU_1	1
shotgun_illumina_1st_COP_ECA53_filtp_woHU_1	1
shotgun_illumina_1st_DEH_ECA53_filtp_woHU_1	3	1.09861228866811	0.333333333333333	3	0.666666666666667	1	1.09861228866811	1	
shotgun_illumina_1st_DEP_ECA53_filtp_woHU_1	1
shotgun_illumina_2nd_PRH_ECA55_filtp_woHU_1	2	0.693147180559945	0.5	2	0.5	1	0.693147180559945	1	
shotgun_illumina_2nd_PRP_ECA55_filtp_woHU_1	2	0.693147180559945	0.5	2	0.5	1	0.693147180559945	1	
shotgun_illumina_3rd_ARH_ECA55_filtp_woHU_1	9	2.09472904752765	0.138888888888889	7.2	0.861111111111111	0.953352274107169	2.19722457733622	0.953352274107169	
shotgun_illumina_3rd_COP_ECA55_filtp_woHU_1	3	0.683738905848754	0.62962962962963	1.58823529411765	0.37037037037037	0.622365972874449	1.09861228866811	0.622365972874449	
shotgun_illumina_3rd_DEP_ECA55_filtp_woHU_1	2	0.693147180559945	0.5	2	0.5	1	0.693147180559945	1	
unifrac.S3.31.ribosomal_S24e.unifrac	Richness R	Shannon H	Simpson λ	Simpson dominance 1/λ	Gini 1-λ	Pielou J	Hmax	Efficiency η	
ERR4182668_filtp_woHU_1	1
ERR4182669_filtp_woHU_1	1
ERR4182670_filtp_woHU_1	2	0.693147180559945	0.5	2	0.5	1	0.693147180559945	1	
ERR4182673_filtp_woHU_1	2	0.693147180559945	0.5	2	0.5	1	0.693147180559945	1	
ERR4183043_filtp_woHU_1	3	0.900256051268537	0.46875	2.13333333333333	0.53125	0.819448371872804	1.09861228866811	0.819448371872803	
ERR4183044_filtp_woHU_1	3	1.05492016798614	0.36	2.77777777777778	0.64	0.960229717860761	1.09861228866811	0.960229717860761	
ERR4183116_filtp_woHU_1	3	1.05492016798614	0.36	2.77777777777778	0.64	0.960229717860761	1.09861228866811	0.960229717860761	
ERR4183124_filtp_woHU_1	3	1.09861228866811	0.333333333333333	3	0.666666666666667	1	1.09861228866811	1	
ERR5891183_filtp_woHU_1	1
ERR5891186_filtp_woHU_1	1
ERR5891188_filtp_woHU_1	1
RUP_CKDN230001570-1A_HT3KTDSX5_L3_filtp_woHU_1	5	1.42412991734677	0.277777777777778	3.6	0.722222222222222	0.884861668999043	1.6094379124341	0.884861668999043	
SRR13165308_filtp_woHU_1	1
SRR17689995_filtp_woHU_1	1
SRR17689998_filtp_woHU_1	4	1.38629436111989	0.25	4	0.75	1	1.38629436111989	1	
SRR17689999_filtp_woHU_1	1
SRR17690002_filtp_woHU_1	1
SRR20770298_filtp_woHU_1	2	0.636514168294813	0.555555555555556	1.8	0.444444444444444	0.918295834054489	0.693147180559945	0.91829583405449	
SRR20770299_filtp_woHU_1	1
SRR24605825_filtp_woHU_1	5	1.52295506753132	0.234567901234568	4.26315789473684	0.765432098765432	0.946265187221801	1.6094379124341	0.946265187221801	
SRR24605827_filtp_woHU_1	10	2.13338193026454	0.140625	7.11111111111111	0.859375	0.926516000106	2.30258509299405	0.926516000106	
SRR24605828_filtp_woHU_1	9	1.94996846164554	0.179138321995465	5.58227848101266	0.820861678004535	0.887468892237478	2.19722457733622	0.887468892237478	
SRR24605834_filtp_woHU_1	9	1.62374266508172	0.271049596309112	3.68936170212766	0.728950403690888	0.738997133852493	2.19722457733622	0.738997133852493	
SRR24605835_filtp_woHU_1	11	2.29412238173706	0.108367626886145	9.22784810126582	0.891632373113855	0.956723343075695	2.39789527279837	0.956723343075695	
SRR24605838_filtp_woHU_1	1
SRR24605839_filtp_woHU_1	6	1.66746193342929	0.21875	4.57142857142857	0.78125	0.930628224416578	1.79175946922805	0.930628224416578	
SRR24605841_filtp_woHU_1	11	2.23327037493805	0.125	8	0.875	0.931346085157339	2.39789527279837	0.931346085157338	
SRR24605842_filtp_woHU_1	3	0.759547391474863	0.570247933884298	1.7536231884058	0.429752066115702	0.691369830202511	1.09861228866811	0.691369830202511	
SRR5881985_filtp_woHU_1	5	1.35359135213461	0.3203125	3.1219512195122	0.6796875	0.841033594199012	1.6094379124341	0.841033594199012	
SRR5882128_filtp_woHU_1	1
SRR5882551_filtp_woHU_1	2	0.500402423538188	0.68	1.47058823529412	0.32	0.721928094887362	0.693147180559945	0.721928094887362	
SRR6263202_filtp_woHU_1	1
SRR6263206_filtp_woHU_1	1
SRR6263258_filtp_woHU_1	2	0.636514168294813	0.555555555555556	1.8	0.444444444444444	0.918295834054489	0.693147180559945	0.91829583405449	
SRR6263259_filtp_woHU_1	1
SRR6263322_filtp_woHU_1	1
SRR6263654_filtp_woHU_1	1
SRR6265866_filtp_woHU_1	1
SRR6266133_filtp_woHU_1	1
SRR6266334_filtp_woHU_1	4	1.33217904021012	0.28	3.57142857142857	0.72	0.960964047443681	1.38629436111989	0.960964047443681	
SRR6266336_filtp_woHU_1	3	1.05492016798614	0.36	2.77777777777778	0.64	0.960229717860761	1.09861228866811	0.960229717860761	
SRR6266338_filtp_woHU_1	4	1.33217904021012	0.28	3.57142857142857	0.72	0.960964047443681	1.38629436111989	0.960964047443681	
SRR6429832_filtp_woHU_1	1
SRR6429834_filtp_woHU_1	4	1.38629436111989	0.25	4	0.75	1	1.38629436111989	1	
shotgun_illumina_1st_COP_ECA53_filtp_woHU_1	2	0.693147180559945	0.5	2	0.5	1	0.693147180559945	1	
shotgun_illumina_2nd_PRP_ECA55_filtp_woHU_1	2	0.693147180559945	0.5	2	0.5	1	0.693147180559945	1	
shotgun_illumina_3rd_ARH_ECA55_filtp_woHU_1	2	0.693147180559945	0.5	2	0.5	1	0.693147180559945	1	
shotgun_illumina_3rd_COP_ECA55_filtp_woHU_1	4	1.38629436111989	0.25	4	0.75	1	1.38629436111989	1	
shotgun_illumina_3rd_DEP_ECA55_filtp_woHU_1	1
unifrac.S3.32.ribosomal_S28e.unifrac	Richness R	Shannon H	Simpson λ	Simpson dominance 1/λ	Gini 1-λ	Pielou J	Hmax	Efficiency η	
ERR4182668_filtp_woHU_1	1
ERR4182669_filtp_woHU_1	4	1.38629436111989	0.25	4	0.75	1	1.38629436111989	1	
ERR4182670_filtp_woHU_1	3	1.09861228866811	0.333333333333333	3	0.666666666666667	1	1.09861228866811	1	
ERR4182673_filtp_woHU_1	2	0.693147180559945	0.5	2	0.5	1	0.693147180559945	1	
ERR4183043_filtp_woHU_1	7	1.58023634047611	0.28	3.57142857142857	0.72	0.812080835923113	1.94591014905531	0.812080835923113	
ERR4183044_filtp_woHU_1	4	1.14905969697062	0.382716049382716	2.61290322580645	0.617283950617284	0.828871363252444	1.38629436111989	0.828871363252444	
ERR4183116_filtp_woHU_1	3	1.03972077083992	0.375	2.66666666666667	0.625	0.946394630357186	1.09861228866811	0.946394630357186	
ERR4183124_filtp_woHU_1	4	1.15374194270109	0.387755102040816	2.57894736842105	0.612244897959184	0.832248889600231	1.38629436111989	0.832248889600231	
ERR5891183_filtp_woHU_1	3	1.09861228866811	0.333333333333333	3	0.666666666666667	1	1.09861228866811	1	
ERR5891186_filtp_woHU_1	5	1.5498260458782	0.224489795918367	4.45454545454546	0.775510204081633	0.962961064794514	1.6094379124341	0.962961064794515	
ERR5891191_filtp_woHU_1	1
ERR5891194_filtp_woHU_1	1
RDP_CKDN230001569-1A_HT3KTDSX5_L3_filtp_woHU_1	2	0.693147180559945	0.5	2	0.5	1	0.693147180559945	1	
RUP_CKDN230001570-1A_HT3KTDSX5_L3_filtp_woHU_1	4	0.857174043642079	0.564444444444444	1.77165354330709	0.435555555555556	0.618320370970584	1.38629436111989	0.618320370970584	
SRR13165308_filtp_woHU_1	2	0.693147180559945	0.5	2	0.5	1	0.693147180559945	1	
SRR17689980_filtp_woHU_1	1
SRR17689983_filtp_woHU_1	1
SRR17689998_filtp_woHU_1	1
SRR17690002_filtp_woHU_1	2	0.693147180559945	0.5	2	0.5	1	0.693147180559945	1	
SRR20770298_filtp_woHU_1	2	0.636514168294813	0.555555555555556	1.8	0.444444444444444	0.918295834054489	0.693147180559945	0.91829583405449	
SRR20770299_filtp_woHU_1	2	0.562335144618808	0.625	1.6	0.375	0.811278124459133	0.693147180559945	0.811278124459133	
SRR24605825_filtp_woHU_1	3	1.03972077083992	0.375	2.66666666666667	0.625	0.946394630357186	1.09861228866811	0.946394630357186	
SRR24605827_filtp_woHU_1	12	2.24483235121933	0.130859375	7.64179104477612	0.869140625	0.903386995004762	2.484906649788	0.903386995004762	
SRR24605828_filtp_woHU_1	9	1.86439152884457	0.197265625	5.06930693069307	0.802734375	0.848521151672554	2.19722457733622	0.848521151672554	
SRR24605834_filtp_woHU_1	11	1.20105727550786	0.52685546875	1.89805375347544	0.47314453125	0.500879787842535	2.39789527279837	0.500879787842535	
SRR24605835_filtp_woHU_1	6	1.26032366005834	0.396694214876033	2.52083333333333	0.603305785123967	0.703400027572522	1.79175946922806	0.703400027572522	
SRR24605838_filtp_woHU_1	3	1.03972077083992	0.375	2.66666666666667	0.625	0.946394630357186	1.09861228866811	0.946394630357186	
SRR24605839_filtp_woHU_1	7	1.84622021932163	0.173553719008264	5.76190476190476	0.826446280991736	0.948769510358905	1.94591014905531	0.948769510358905	
SRR24605841_filtp_woHU_1	8	1.74854715517468	0.228395061728395	4.37837837837838	0.771604938271605	0.840873436510341	2.07944154167984	0.840873436510341	
SRR24605842_filtp_woHU_1	1
SRR5830676_filtp_woHU_1	1
SRR5881985_filtp_woHU_1	5	1.07349714204864	0.44671201814059	2.23857868020305	0.553287981859411	0.667001276504721	1.6094379124341	0.667001276504721	
SRR5882128_filtp_woHU_1	2	0.500402423538188	0.68	1.47058823529412	0.32	0.721928094887362	0.693147180559945	0.721928094887362	
SRR5882551_filtp_woHU_1	3	0.994923632571775	0.40495867768595	2.46938775510204	0.59504132231405	0.905618517864896	1.09861228866811	0.905618517864896	
SRR6263181_filtp_woHU_1	2	0.693147180559945	0.5	2	0.5	1	0.693147180559945	1	
SRR6263202_filtp_woHU_1	1
SRR6263248_filtp_woHU_1	2	0.682908104700472	0.510204081632653	1.96	0.489795918367347	0.985228136034252	0.693147180559945	0.985228136034252	
SRR6263258_filtp_woHU_1	3	1.09861228866811	0.333333333333333	3	0.666666666666667	1	1.09861228866811	1	
SRR6263259_filtp_woHU_1	2	0.693147180559945	0.5	2	0.5	1	0.693147180559945	1	
SRR6263322_filtp_woHU_1	2	0.693147180559945	0.5	2	0.5	1	0.693147180559945	1	
SRR6263655_filtp_woHU_1	2	0.636514168294813	0.555555555555556	1.8	0.444444444444444	0.918295834054489	0.693147180559945	0.91829583405449	
SRR6263737_filtp_woHU_1	1
SRR6265700_filtp_woHU_1	2	0.693147180559945	0.5	2	0.5	1	0.693147180559945	1	
SRR6265795_filtp_woHU_1	3	1.03972077083992	0.375	2.66666666666667	0.625	0.946394630357186	1.09861228866811	0.946394630357186	
SRR6265865_filtp_woHU_1	1
SRR6265866_filtp_woHU_1	1
SRR6266047_filtp_woHU_1	1
SRR6266108_filtp_woHU_1	3	1.09861228866811	0.333333333333333	3	0.666666666666667	1	1.09861228866811	1	
SRR6266133_filtp_woHU_1	3	1.03972077083992	0.375	2.66666666666667	0.625	0.946394630357186	1.09861228866811	0.946394630357186	
SRR6266134_filtp_woHU_1	2	0.636514168294813	0.555555555555556	1.8	0.444444444444444	0.918295834054489	0.693147180559945	0.91829583405449	
SRR6266334_filtp_woHU_1	2	0.693147180559945	0.5	2	0.5	1	0.693147180559945	1	
SRR6266336_filtp_woHU_1	2	0.693147180559945	0.5	2	0.5	1	0.693147180559945	1	
SRR6266338_filtp_woHU_1	4	1.38629436111989	0.25	4	0.75	1	1.38629436111989	1	
SRR6266357_filtp_woHU_1	2	0.693147180559945	0.5	2	0.5	1	0.693147180559945	1	
SRR6266358_filtp_woHU_1	1
SRR6429834_filtp_woHU_1	3	1.09861228866811	0.333333333333333	3	0.666666666666667	1	1.09861228866811	1	
shotgun_illumina_1st_COP_ECA53_filtp_woHU_1	3	1.05492016798614	0.36	2.77777777777778	0.64	0.960229717860761	1.09861228866811	0.960229717860761	
shotgun_illumina_2nd_BARR2_ECA53_filtp_woHU_1	1
shotgun_illumina_2nd_PRH_ECA55_filtp_woHU_1	2	0.693147180559945	0.5	2	0.5	1	0.693147180559945	1	
shotgun_illumina_2nd_PRP_ECA55_filtp_woHU_1	1
shotgun_illumina_3rd_ARH_ECA55_filtp_woHU_1	5	1.46813993901621	0.256198347107438	3.90322580645161	0.743801652892562	0.912206632932989	1.6094379124341	0.912206632932989	
shotgun_illumina_3rd_COP_ECA55_filtp_woHU_1	3	1.03972077083992	0.375	2.66666666666667	0.625	0.946394630357186	1.09861228866811	0.946394630357186	
shotgun_illumina_3rd_DEP_ECA55_filtp_woHU_1	1
unifrac.S3.33.ribosomal_S4e.unifrac	Richness R	Shannon H	Simpson λ	Simpson dominance 1/λ	Gini 1-λ	Pielou J	Hmax	Efficiency η	
CS1_filtp_woHU_1	9	2.16395565688206	0.12	8.33333333333333	0.88	0.984858661787546	2.19722457733622	0.984858661787546	
ERR4182668_filtp_woHU_1	20	2.9470047701613	0.0555555555555556	18	0.944444444444444	0.983734359768109	2.99573227355399	0.98373435976811	
ERR4182669_filtp_woHU_1	28	2.88579365084712	0.0963541666666666	10.3783783783784	0.903645833333333	0.866031374135374	3.3322045101752	0.866031374135374	
ERR4182670_filtp_woHU_1	31	3.30558218253421	0.0427257977285019	23.4050632911392	0.957274202271498	0.962607600347717	3.43398720448515	0.962607600347716	
ERR4182673_filtp_woHU_1	37	3.58490737702995	0.02875	34.7826086956522	0.97125	0.992796697060546	3.61091791264422	0.992796697060545	
ERR4183043_filtp_woHU_1	64	3.97181977116498	0.0244875346260388	40.8371040723982	0.975512465373961	0.955020781194076	4.15888308335967	0.955020781194075	
ERR4183044_filtp_woHU_1	42	3.55115342022717	0.0366666666666667	27.2727272727273	0.963333333333333	0.950098265201444	3.73766961828337	0.950098265201443	
ERR4183116_filtp_woHU_1	40	3.64367822877731	0.0276143051154368	36.2131147540984	0.972385694884563	0.987746624442765	3.68887945411394	0.987746624442764	
ERR4183117_filtp_woHU_1	19	2.39046154582184	0.159279778393352	6.27826086956522	0.840720221606648	0.811856371531453	2.94443897916644	0.811856371531454	
ERR4183124_filtp_woHU_1	22	2.94811848144049	0.0644444444444444	15.5172413793103	0.935555555555556	0.953761886459195	3.09104245335832	0.953761886459195	
ERR4183125_filtp_woHU_1	14	2.50767458252662	0.0929705215419501	10.7560975609756	0.90702947845805	0.950216031454007	2.63905732961526	0.950216031454006	
ERR5891181_filtp_woHU_1	11	2.39789527279837	0.0909090909090909	11	0.909090909090909	1	2.39789527279837	1	
ERR5891183_filtp_woHU_1	25	2.92054833336365	0.0746691871455577	13.3924050632911	0.925330812854442	0.907319353794343	3.2188758248682	0.907319353794343	
ERR5891186_filtp_woHU_1	24	2.74789269144336	0.0905670518677775	11.0415430267062	0.909432948132223	0.864646364766737	3.17805383034795	0.864646364766737	
ERR5891188_filtp_woHU_1	13	2.56494935746154	0.0769230769230769	13	0.923076923076923	1	2.56494935746154	1	
ERR5891191_filtp_woHU_1	5	1.6094379124341	0.2	5	0.8	1	1.6094379124341	1	
ERR5891194_filtp_woHU_1	5	1.5498260458782	0.224489795918367	4.45454545454546	0.775510204081633	0.962961064794514	1.6094379124341	0.962961064794515	
HTP3_filtp_woHU_1	13	2.54003630382098	0.0816326530612245	12.25	0.918367346938776	0.990287116754144	2.56494935746154	0.990287116754145	
IA6_filtp_woHU_1	19	2.87821830667085	0.0619834710743802	16.1333333333333	0.93801652892562	0.977509918539953	2.94443897916644	0.977509918539954	
RDP_CKDN230001569-1A_HT3KTDSX5_L3_filtp_woHU_1	25	2.60507490243423	0.106811957345143	9.36224768139662	0.893188042654857	0.809312022013431	3.2188758248682	0.809312022013431	
RUP_CKDN230001570-1A_HT3KTDSX5_L3_filtp_woHU_1	48	3.61507130452192	0.0353719008264463	28.2710280373832	0.964628099173554	0.933837146233359	3.87120101090789	0.933837146233359	
SRR13165308_filtp_woHU_1	62	3.93530793117019	0.0264258749107234	37.8416988416989	0.973574125089277	0.953520666889356	4.12713438504509	0.953520666889357	
SRR17689980_filtp_woHU_1	17	2.62249822891908	0.0976	10.2459016393443	0.9024	0.925626809721479	2.83321334405622	0.92562680972148	
SRR17689983_filtp_woHU_1	32	3.42948623166501	0.0339506172839506	29.4545454545454	0.966049382716049	0.989540555844018	3.46573590279973	0.989540555844018	
SRR17689995_filtp_woHU_1	16	2.73633905110507	0.0679012345679012	14.7272727272727	0.932098765432099	0.986925694805023	2.77258872223978	0.986925694805023	
SRR17689998_filtp_woHU_1	16	2.77258872223978	0.0625	16	0.9375	1	2.77258872223978	1	
SRR17689999_filtp_woHU_1	14	2.56659891811451	0.0859375	11.6363636363636	0.9140625	0.972543828173937	2.63905732961526	0.972543828173937	
SRR17690002_filtp_woHU_1	23	2.95155941612825	0.0637119113573407	15.695652173913	0.936288088642659	0.941337860275277	3.13549421592915	0.941337860275277	
SRR20770298_filtp_woHU_1	25	3.10353826909561	0.0506245890861275	19.7532467532468	0.949375410913872	0.964168373665885	3.2188758248682	0.964168373665886	
SRR20770299_filtp_woHU_1	27	3.01900128285006	0.063801652892562	15.6735751295337	0.936198347107438	0.916004464295623	3.29583686600433	0.916004464295623	
SRR24605825_filtp_woHU_1	24	2.99352130703128	0.0584319526627219	17.1139240506329	0.941568047337278	0.941935368886919	3.17805383034795	0.941935368886918	
SRR24605827_filtp_woHU_1	108	4.29317174468061	0.0221502218050235	45.1462747778538	0.977849778194977	0.91692683020281	4.68213122712422	0.91692683020281	
SRR24605828_filtp_woHU_1	40	3.39919555431483	0.0471146822498174	21.2248062015504	0.952885317750183	0.921471031134931	3.68887945411394	0.921471031134932	
SRR24605834_filtp_woHU_1	17	2.17169382841222	0.16937503329959	5.90405787983642	0.83062496670041	0.7665126358974	2.83321334405622	0.7665126358974	
SRR24605835_filtp_woHU_1	75	3.9625307349243	0.0304254513319025	32.8672199170124	0.969574548668097	0.917786136457645	4.31748811353631	0.917786136457646	
SRR24605838_filtp_woHU_1	31	2.75225164388693	0.118827160493827	8.41558441558442	0.881172839506173	0.80147405333724	3.43398720448515	0.80147405333724	
SRR24605839_filtp_woHU_1	55	3.81854918327246	0.0273955308673147	36.5023041474655	0.972604469132685	0.952890365429132	4.00733318523247	0.952890365429131	
SRR24605841_filtp_woHU_1	52	3.6745044808797	0.033650673956075	29.7170868347339	0.966349326043925	0.929961486202355	3.95124371858143	0.929961486202356	
SRR24605842_filtp_woHU_1	26	2.80114065603197	0.104578563995838	9.56218905472637	0.895421436004162	0.859747592909877	3.25809653802148	0.859747592909878	
SRR5830676_filtp_woHU_1	21	2.96839189154196	0.056241426611797	17.7804878048781	0.943758573388203	0.974994256820657	3.04452243772342	0.974994256820657	
SRR5881985_filtp_woHU_1	56	3.76239315293889	0.0315273951637588	31.7184466019418	0.968472604836241	0.934674394189832	4.02535169073515	0.934674394189833	
SRR5882128_filtp_woHU_1	28	3.23694534817614	0.0447530864197531	22.3448275862069	0.955246913580247	0.971412570354496	3.3322045101752	0.971412570354495	
SRR5882551_filtp_woHU_1	30	3.15758613601706	0.0552066115702479	18.1137724550898	0.944793388429752	0.928374857937224	3.40119738166216	0.928374857937224	
SRR6263181_filtp_woHU_1	15	2.57984396521802	0.09	11.1111111111111	0.91	0.952657363651529	2.70805020110221	0.952657363651529	
SRR6263202_filtp_woHU_1	18	2.66066253494788	0.08349609375	11.9766081871345	0.91650390625	0.920526063015686	2.89037175789616	0.920526063015686	
SRR6263206_filtp_woHU_1	39	3.46111843333215	0.0389841835598129	25.6514285714286	0.961015816440187	0.944741420412191	3.66356164612965	0.94474142041219	
SRR6263248_filtp_woHU_1	25	2.13312965600417	0.286944114149822	3.48499917122493	0.713055885850178	0.66269398761026	3.2188758248682	0.66269398761026	
SRR6263258_filtp_woHU_1	42	3.43638064687171	0.0473478106087576	21.1203007518797	0.952652189391242	0.919391224430898	3.73766961828337	0.919391224430898	
SRR6263259_filtp_woHU_1	25	2.83238227686575	0.0937109537692628	10.6711111111111	0.906289046230737	0.879929028322092	3.2188758248682	0.879929028322091	
SRR6263322_filtp_woHU_1	25	2.95593674486216	0.0689981096408318	14.4931506849315	0.931001890359168	0.918313381965642	3.2188758248682	0.918313381965642	
SRR6263654_filtp_woHU_1	30	3.26785259758786	0.0458060678167757	21.8311688311688	0.954193932183224	0.960794752814632	3.40119738166216	0.960794752814631	
SRR6263655_filtp_woHU_1	32	3.33621178467556	0.0427257977285019	23.4050632911392	0.957274202271498	0.962627239421349	3.46573590279973	0.962627239421348	
SRR6263736_filtp_woHU_1	17	2.54240420882054	0.105536332179931	9.47540983606557	0.894463667820069	0.897357134842753	2.83321334405622	0.897357134842753	
SRR6263737_filtp_woHU_1	23	2.9251703636777	0.0650826446280991	15.3650793650794	0.934917355371901	0.932921626459094	3.13549421592915	0.932921626459094	
SRR6265700_filtp_woHU_1	20	2.89766809506476	0.0617283950617284	16.2	0.938271604938272	0.967265373025844	2.99573227355399	0.967265373025844	
SRR6265795_filtp_woHU_1	20	2.90098046662068	0.0606420927467301	16.4901960784314	0.93935790725327	0.968371069814959	2.99573227355399	0.968371069814959	
SRR6265865_filtp_woHU_1	16	2.66332862058603	0.0765306122448979	13.0666666666667	0.923469387755102	0.960592748294277	2.77258872223978	0.960592748294277	
SRR6265866_filtp_woHU_1	38	3.37119651962924	0.0498046875	20.078431372549	0.9501953125	0.9267674693052	3.63758615972639	0.9267674693052	
SRR6266047_filtp_woHU_1	20	2.7670229062486	0.0817901234567902	12.2264150943396	0.91820987654321	0.923654937617618	2.99573227355399	0.923654937617617	
SRR6266108_filtp_woHU_1	23	2.95598047614735	0.0661224489795919	15.1234567901235	0.933877551020408	0.942747864477052	3.13549421592915	0.942747864477052	
SRR6266133_filtp_woHU_1	38	3.49732766591301	0.0356718192627824	28.0333333333333	0.964328180737218	0.961441877207954	3.63758615972639	0.961441877207954	
SRR6266134_filtp_woHU_1	25	3.06432203419454	0.0547759167043911	18.2561983471074	0.945224083295609	0.951985165292921	3.2188758248682	0.951985165292922	
SRR6266221_filtp_woHU_1	18	2.25664268943671	0.148139897527289	6.75037593984962	0.851860102472711	0.780744789410506	2.89037175789616	0.780744789410505	
SRR6266334_filtp_woHU_1	36	3.48696933966002	0.0350617283950617	28.5211267605634	0.964938271604938	0.973057321461321	3.58351893845611	0.973057321461321	
SRR6266336_filtp_woHU_1	47	3.77653917918731	0.025	40.0000000000001	0.975	0.980881662175741	3.85014760171006	0.980881662175742	
SRR6266338_filtp_woHU_1	19	2.84632385946773	0.0644718792866941	15.5106382978723	0.935528120713306	0.966677822025543	2.94443897916644	0.966677822025543	
SRR6266341_filtp_woHU_1	21	3.04452243772342	0.0476190476190476	21	0.952380952380952	1	3.04452243772342	1	
SRR6266357_filtp_woHU_1	35	3.4677905348299	0.0350617283950618	28.5211267605634	0.964938271604938	0.975373008452277	3.55534806148941	0.975373008452278	
SRR6266358_filtp_woHU_1	51	3.81838449348967	0.0251934140051577	39.6929133858268	0.974806585994842	0.971147973020347	3.93182563272433	0.971147973020346	
SRR6429832_filtp_woHU_1	7	1.94591014905531	0.142857142857143	7	0.857142857142857	1	1.94591014905531	1	
SRR6429834_filtp_woHU_1	10	2.30258509299405	0.1	10	0.9	1	2.30258509299405	1	
shotgun_illumina_1st_ARH_ECA53_filtp_woHU_1	15	2.52929490037055	0.102040816326531	9.8	0.897959183673469	0.933991142166086	2.70805020110221	0.933991142166086	
shotgun_illumina_1st_COP_ECA53_filtp_woHU_1	20	2.78885355225347	0.0880000000000001	11.3636363636364	0.912	0.93094218628052	2.99573227355399	0.930942186280521	
shotgun_illumina_1st_DEH_ECA53_filtp_woHU_1	9	2.0228085294147	0.166666666666667	6	0.833333333333333	0.920619835714305	2.19722457733622	0.920619835714305	
shotgun_illumina_1st_DEP_ECA53_filtp_woHU_1	10	2.30258509299405	0.1	10	0.9	1	2.30258509299405	1	
shotgun_illumina_2nd_BARR2_ECA53_filtp_woHU_1	22	3.07522054805437	0.0472589792060491	21.16	0.952741020793951	0.994881369135919	3.09104245335832	0.994881369135919	
shotgun_illumina_2nd_PRH_ECA55_filtp_woHU_1	15	2.63934058723243	0.0795847750865052	12.5652173913043	0.920415224913495	0.974627643962504	2.70805020110221	0.974627643962504	
shotgun_illumina_2nd_PRP_ECA55_filtp_woHU_1	13	2.40615957539782	0.10803324099723	9.25641025641026	0.89196675900277	0.93809242993364	2.56494935746154	0.93809242993364	
shotgun_illumina_3rd_ARH_ECA55_filtp_woHU_1	59	3.92718772055951	0.0240928019036288	41.5061728395062	0.975907198096371	0.963127322455145	4.07753744390572	0.963127322455146	
shotgun_illumina_3rd_COP_ECA55_filtp_woHU_1	69	3.9276680106776	0.028864	34.6452328159645	0.971136	0.927626172467098	4.23410650459726	0.927626172467098	
shotgun_illumina_3rd_DEP_ECA55_filtp_woHU_1	53	3.64394333256353	0.0491689750692521	20.3380281690141	0.950831024930748	0.917802371187208	3.97029191355212	0.917802371187208	
unifrac.S3.34.ribosomal_S6e.unifrac	Richness R	Shannon H	Simpson λ	Simpson dominance 1/λ	Gini 1-λ	Pielou J	Hmax	Efficiency η	
CS1_filtp_woHU_1	1
ERR4182668_filtp_woHU_1	4	1.38629436111989	0.25	4	0.75	1	1.38629436111989	1	
ERR4182669_filtp_woHU_1	5	1.56071040904141	0.222222222222222	4.5	0.777777777777778	0.969723899868247	1.6094379124341	0.969723899868247	
ERR4182670_filtp_woHU_1	3	0.950270539233235	0.44	2.27272727272727	0.56	0.864973520717927	1.09861228866811	0.864973520717927	
ERR4182673_filtp_woHU_1	5	1.6094379124341	0.2	5	0.8	1	1.6094379124341	1	
ERR4183043_filtp_woHU_1	5	1.26347949406503	0.342222222222222	2.92207792207792	0.657777777777778	0.785043948762307	1.6094379124341	0.785043948762307	
ERR4183044_filtp_woHU_1	3	0.955699891112534	0.428571428571429	2.33333333333333	0.571428571428571	0.869915529773626	1.09861228866811	0.869915529773626	
ERR4183116_filtp_woHU_1	6	1.497866136777	0.3	3.33333333333333	0.7	0.835975008086505	1.79175946922805	0.835975008086505	
ERR4183124_filtp_woHU_1	4	1.38629436111989	0.25	4	0.75	1	1.38629436111989	1	
ERR4183125_filtp_woHU_1	3	0.315396287422662	0.860082304526749	1.16267942583732	0.139917695473251	0.287086072744579	1.09861228866811	0.287086072744579	
ERR5891181_filtp_woHU_1	1
ERR5891183_filtp_woHU_1	4	1.38629436111989	0.25	4	0.75	1	1.38629436111989	1	
ERR5891186_filtp_woHU_1	6	1.74786809746676	0.183673469387755	5.44444444444444	0.816326530612245	0.975503759006108	1.79175946922805	0.975503759006109	
ERR5891191_filtp_woHU_1	1
ERR5891194_filtp_woHU_1	3	1.09861228866811	0.333333333333333	3	0.666666666666667	1	1.09861228866811	1	
HTP3_filtp_woHU_1	3	1.09861228866811	0.333333333333333	3	0.666666666666667	1	1.09861228866811	1	
RUP_CKDN230001570-1A_HT3KTDSX5_L3_filtp_woHU_1	3	0.900256051268537	0.46875	2.13333333333333	0.53125	0.819448371872804	1.09861228866811	0.819448371872803	
SRR17689983_filtp_woHU_1	1
SRR17689995_filtp_woHU_1	4	1.33217904021012	0.28	3.57142857142857	0.72	0.960964047443681	1.38629436111989	0.960964047443681	
SRR17689998_filtp_woHU_1	3	1.03972077083992	0.375	2.66666666666667	0.625	0.946394630357186	1.09861228866811	0.946394630357186	
SRR17689999_filtp_woHU_1	1
SRR20770298_filtp_woHU_1	1
SRR20770299_filtp_woHU_1	1
SRR24605825_filtp_woHU_1	13	2.43119118195921	0.0972222222222222	10.2857142857143	0.902777777777778	0.947851533554367	2.56494935746154	0.947851533554368	
SRR24605827_filtp_woHU_1	16	2.34244837302966	0.137777777777778	7.25806451612904	0.862222222222222	0.844859662827076	2.77258872223978	0.844859662827077	
SRR24605828_filtp_woHU_1	7	1.49950940967456	0.319727891156463	3.12765957446809	0.680272108843538	0.770595399999598	1.94591014905531	0.770595399999598	
SRR24605834_filtp_woHU_1	10	1.19892216378686	0.516068052930057	1.93772893772894	0.483931947069943	0.52068527996414	2.30258509299405	0.52068527996414	
SRR24605835_filtp_woHU_1	10	1.50413523692311	0.373702422145329	2.67592592592593	0.626297577854671	0.653237633431947	2.30258509299405	0.653237633431947	
SRR24605838_filtp_woHU_1	7	1.83102048111352	0.185185185185185	5.4	0.814814814814815	0.940958390089299	1.94591014905531	0.940958390089299	
SRR24605839_filtp_woHU_1	8	1.97300140639361	0.16	6.25	0.84	0.948813114890338	2.07944154167984	0.948813114890339	
SRR24605841_filtp_woHU_1	15	2.41123075335207	0.124851367419738	8.00952380952381	0.875148632580262	0.890393668614661	2.70805020110221	0.890393668614661	
SRR24605842_filtp_woHU_1	8	0.889584453349251	0.645714285714286	1.54867256637168	0.354285714285714	0.427799693099628	2.07944154167984	0.427799693099628	
SRR5881985_filtp_woHU_1	3	0.669893221613707	0.637051039697543	1.56973293768546	0.362948960302457	0.609763087964221	1.09861228866811	0.609763087964221	
SRR5882128_filtp_woHU_1	3	1.00424247305408	0.387755102040816	2.57894736842105	0.612244897959184	0.914100892018565	1.09861228866811	0.914100892018565	
SRR5882551_filtp_woHU_1	4	1.14905969697062	0.382716049382716	2.61290322580645	0.617283950617284	0.828871363252445	1.38629436111989	0.828871363252444	
SRR6263181_filtp_woHU_1	2	0.693147180559945	0.5	2	0.5	1	0.693147180559945	1	
SRR6263206_filtp_woHU_1	1
SRR6263248_filtp_woHU_1	2	0.450561208866305	0.722222222222222	1.38461538461538	0.277777777777778	0.650022421648354	0.693147180559945	0.650022421648354	
SRR6263258_filtp_woHU_1	4	1.38629436111989	0.25	4	0.75	1	1.38629436111989	1	
SRR6263259_filtp_woHU_1	1
SRR6263322_filtp_woHU_1	1
SRR6263654_filtp_woHU_1	2	0.693147180559945	0.5	2	0.5	1	0.693147180559945	1	
SRR6263655_filtp_woHU_1	1
SRR6263737_filtp_woHU_1	2	0.693147180559945	0.5	2	0.5	1	0.693147180559945	1	
SRR6265700_filtp_woHU_1	1
SRR6265795_filtp_woHU_1	3	1.03972077083992	0.375	2.66666666666667	0.625	0.946394630357186	1.09861228866811	0.946394630357186	
SRR6265866_filtp_woHU_1	1
SRR6266134_filtp_woHU_1	2	0.693147180559945	0.5	2	0.5	1	0.693147180559945	1	
SRR6266221_filtp_woHU_1	2	0.693147180559945	0.5	2	0.5	1	0.693147180559945	1	
SRR6266334_filtp_woHU_1	4	1.2130075659799	0.34375	2.90909090909091	0.65625	0.875	1.38629436111989	0.875	
SRR6266336_filtp_woHU_1	2	0.562335144618808	0.625	1.6	0.375	0.811278124459133	0.693147180559945	0.811278124459133	
SRR6266338_filtp_woHU_1	4	1.38629436111989	0.25	4	0.75	1	1.38629436111989	1	
SRR6266341_filtp_woHU_1	1
SRR6266357_filtp_woHU_1	1
SRR6266358_filtp_woHU_1	1
SRR6429834_filtp_woHU_1	4	1.38629436111989	0.25	4	0.75	1	1.38629436111989	1	
shotgun_illumina_1st_COP_ECA53_filtp_woHU_1	4	1.33217904021012	0.28	3.57142857142857	0.72	0.960964047443681	1.38629436111989	0.960964047443681	
shotgun_illumina_1st_DEH_ECA53_filtp_woHU_1	1
shotgun_illumina_2nd_BARR2_ECA53_filtp_woHU_1	2	0.693147180559945	0.5	2	0.5	1	0.693147180559945	1	
shotgun_illumina_2nd_PRH_ECA55_filtp_woHU_1	3	1.09861228866811	0.333333333333333	3	0.666666666666667	1	1.09861228866811	1	
shotgun_illumina_2nd_PRP_ECA55_filtp_woHU_1	3	1.01140426470735	0.388888888888889	2.57142857142857	0.611111111111111	0.920619835714305	1.09861228866811	0.920619835714305	
shotgun_illumina_3rd_ARH_ECA55_filtp_woHU_1	8	2.04319187054512	0.135802469135802	7.36363636363636	0.864197530864198	0.982567593073364	2.07944154167984	0.982567593073364	
shotgun_illumina_3rd_COP_ECA55_filtp_woHU_1	5	1.56071040904141	0.222222222222222	4.5	0.777777777777778	0.969723899868247	1.6094379124341	0.969723899868247	
shotgun_illumina_3rd_DEP_ECA55_filtp_woHU_1	2	0.693147180559945	0.5	2	0.5	1	0.693147180559945	1	
unifrac.S3.35.RNA_SBDS.unifrac	Richness R	Shannon H	Simpson λ	Simpson dominance 1/λ	Gini 1-λ	Pielou J	Hmax	Efficiency η	
CS1_filtp_woHU_1	2	0.693147180559945	0.5	2	0.5	1	0.693147180559945	1	
ERR4182669_filtp_woHU_1	3	1.09861228866811	0.333333333333333	3	0.666666666666667	1	1.09861228866811	1	
ERR4183043_filtp_woHU_1	6	1.64173471218752	0.223140495867769	4.48148148148148	0.776859504132231	0.916269588849909	1.79175946922805	0.916269588849909	
ERR4183044_filtp_woHU_1	4	1.33217904021012	0.28	3.57142857142857	0.72	0.960964047443681	1.38629436111989	0.960964047443681	
ERR4183116_filtp_woHU_1	3	1.03972077083992	0.375	2.66666666666667	0.625	0.946394630357186	1.09861228866811	0.946394630357186	
ERR4183124_filtp_woHU_1	3	1.09861228866811	0.333333333333333	3	0.666666666666667	1	1.09861228866811	1	
ERR4183125_filtp_woHU_1	2	0.636514168294813	0.555555555555556	1.8	0.444444444444444	0.918295834054489	0.693147180559945	0.91829583405449	
ERR5891181_filtp_woHU_1	1
ERR5891183_filtp_woHU_1	4	1.242453324894	0.333333333333333	3	0.666666666666667	0.896240625180289	1.38629436111989	0.896240625180289	
ERR5891186_filtp_woHU_1	4	1.2130075659799	0.34375	2.90909090909091	0.65625	0.875	1.38629436111989	0.875	
ERR5891191_filtp_woHU_1	1
RDP_CKDN230001569-1A_HT3KTDSX5_L3_filtp_woHU_1	1
RUP_CKDN230001570-1A_HT3KTDSX5_L3_filtp_woHU_1	3	0.955699891112534	0.428571428571429	2.33333333333333	0.571428571428571	0.869915529773626	1.09861228866811	0.869915529773626	
SRR13165308_filtp_woHU_1	2	0.693147180559945	0.5	2	0.5	1	0.693147180559945	1	
SRR17689998_filtp_woHU_1	1
SRR17690002_filtp_woHU_1	1
SRR20770299_filtp_woHU_1	2	0.693147180559945	0.5	2	0.5	1	0.693147180559945	1	
SRR24605825_filtp_woHU_1	2	0.636514168294813	0.555555555555556	1.8	0.444444444444444	0.918295834054489	0.693147180559945	0.91829583405449	
SRR24605827_filtp_woHU_1	22	2.87796605732076	0.0702479338842975	14.2352941176471	0.929752066115702	0.931066493180624	3.09104245335832	0.931066493180624	
SRR24605828_filtp_woHU_1	1
SRR24605834_filtp_woHU_1	9	1.62082892894147	0.2544	3.93081761006289	0.7456	0.737671035387045	2.19722457733622	0.737671035387045	
SRR24605835_filtp_woHU_1	6	1.43068533608729	0.316326530612245	3.16129032258065	0.683673469387755	0.798480689321361	1.79175946922805	0.798480689321361	
SRR24605838_filtp_woHU_1	1
SRR24605839_filtp_woHU_1	6	1.67698777432242	0.209876543209877	4.76470588235294	0.790123456790123	0.935944697445866	1.79175946922805	0.935944697445866	
SRR24605841_filtp_woHU_1	7	1.79865220625213	0.190082644628099	5.26086956521739	0.809917355371901	0.924324387292664	1.94591014905531	0.924324387292664	
SRR24605842_filtp_woHU_1	1
SRR5830676_filtp_woHU_1	1
SRR5881985_filtp_woHU_1	4	1.16222554492109	0.355371900826446	2.81395348837209	0.644628099173554	0.838368515026066	1.38629436111989	0.838368515026066	
SRR5882128_filtp_woHU_1	1
SRR5882551_filtp_woHU_1	2	0.598269588585257	0.591836734693878	1.68965517241379	0.408163265306122	0.863120568566631	0.693147180559945	0.863120568566631	
SRR6263202_filtp_woHU_1	3	0.801818552543337	0.54	1.85185185185185	0.46	0.729846699162098	1.09861228866811	0.729846699162098	
SRR6263206_filtp_woHU_1	1
SRR6263248_filtp_woHU_1	2	0.529706199057654	0.654320987654321	1.52830188679245	0.345679012345679	0.76420450650862	0.693147180559945	0.76420450650862	
SRR6263258_filtp_woHU_1	2	0.562335144618808	0.625	1.6	0.375	0.811278124459133	0.693147180559945	0.811278124459133	
SRR6263259_filtp_woHU_1	2	0.693147180559945	0.5	2	0.5	1	0.693147180559945	1	
SRR6263654_filtp_woHU_1	1
SRR6263737_filtp_woHU_1	1
SRR6265700_filtp_woHU_1	1
SRR6266047_filtp_woHU_1	1
SRR6266133_filtp_woHU_1	1
SRR6266221_filtp_woHU_1	1
SRR6266334_filtp_woHU_1	3	1.00424247305408	0.387755102040816	2.57894736842105	0.612244897959184	0.914100892018565	1.09861228866811	0.914100892018565	
SRR6266336_filtp_woHU_1	5	1.56071040904141	0.222222222222222	4.5	0.777777777777778	0.969723899868247	1.6094379124341	0.969723899868247	
SRR6266338_filtp_woHU_1	2	0.693147180559945	0.5	2	0.5	1	0.693147180559945	1	
SRR6429834_filtp_woHU_1	3	1.09861228866811	0.333333333333333	3	0.666666666666667	1	1.09861228866811	1	
shotgun_illumina_1st_ARH_ECA53_filtp_woHU_1	1
shotgun_illumina_1st_COP_ECA53_filtp_woHU_1	2	0.636514168294813	0.555555555555556	1.8	0.444444444444444	0.918295834054489	0.693147180559945	0.91829583405449	
shotgun_illumina_1st_DEH_ECA53_filtp_woHU_1	1
shotgun_illumina_2nd_BARR2_ECA53_filtp_woHU_1	1
shotgun_illumina_2nd_PRP_ECA55_filtp_woHU_1	1
shotgun_illumina_3rd_ARH_ECA55_filtp_woHU_1	4	1.2130075659799	0.34375	2.90909090909091	0.65625	0.875	1.38629436111989	0.875	
shotgun_illumina_3rd_COP_ECA55_filtp_woHU_1	1
shotgun_illumina_3rd_DEP_ECA55_filtp_woHU_1	4	1.38629436111989	0.25	4	0.75	1	1.38629436111989	1	
unifrac.S3.36.uL22_arch_euk.unifrac	Richness R	Shannon H	Simpson λ	Simpson dominance 1/λ	Gini 1-λ	Pielou J	Hmax	Efficiency η	
CS1_filtp_woHU_1	1
ERR4182668_filtp_woHU_1	3	1.09861228866811	0.333333333333333	3	0.666666666666667	1	1.09861228866811	1	
ERR4182669_filtp_woHU_1	1
ERR4182670_filtp_woHU_1	4	1.38629436111989	0.25	4	0.75	1	1.38629436111989	1	
ERR4182673_filtp_woHU_1	2	0.693147180559945	0.5	2	0.5	1	0.693147180559945	1	
ERR4183043_filtp_woHU_1	5	1.42706104338072	0.283950617283951	3.52173913043478	0.716049382716049	0.886682880001534	1.6094379124341	0.886682880001534	
ERR4183044_filtp_woHU_1	5	1.55958115625988	0.21875	4.57142857142857	0.78125	0.969022255665134	1.6094379124341	0.969022255665134	
ERR4183116_filtp_woHU_1	3	1.09861228866811	0.333333333333333	3	0.666666666666667	1	1.09861228866811	1	
ERR4183117_filtp_woHU_1	1
ERR4183124_filtp_woHU_1	1
ERR4183125_filtp_woHU_1	2	0.693147180559945	0.5	2	0.5	1	0.693147180559945	1	
ERR5891183_filtp_woHU_1	5	1.6094379124341	0.2	5	0.8	1	1.6094379124341	1	
ERR5891186_filtp_woHU_1	5	1.56071040904141	0.222222222222222	4.5	0.777777777777778	0.969723899868247	1.6094379124341	0.969723899868247	
IA6_filtp_woHU_1	1
RUP_CKDN230001570-1A_HT3KTDSX5_L3_filtp_woHU_1	8	1.81243222243671	0.208333333333333	4.8	0.791666666666667	0.87159565975227	2.07944154167984	0.87159565975227	
SRR13165308_filtp_woHU_1	2	0.693147180559945	0.5	2	0.5	1	0.693147180559945	1	
SRR17689980_filtp_woHU_1	1
SRR17689995_filtp_woHU_1	4	1.33217904021012	0.28	3.57142857142857	0.72	0.960964047443681	1.38629436111989	0.960964047443681	
SRR17689998_filtp_woHU_1	2	0.693147180559945	0.5	2	0.5	1	0.693147180559945	1	
SRR17689999_filtp_woHU_1	1
SRR20770299_filtp_woHU_1	3	1.03972077083992	0.375	2.66666666666667	0.625	0.946394630357186	1.09861228866811	0.946394630357186	
SRR24605825_filtp_woHU_1	10	1.71331745028384	0.269510926118626	3.71042471042471	0.730489073881374	0.744084314406819	2.30258509299405	0.744084314406819	
SRR24605827_filtp_woHU_1	11	2.25039536846272	0.117717003567182	8.49494949494949	0.882282996432818	0.938487762160055	2.39789527279837	0.938487762160056	
SRR24605828_filtp_woHU_1	6	1.74786809746676	0.183673469387755	5.44444444444444	0.816326530612245	0.975503759006108	1.79175946922805	0.975503759006109	
SRR24605834_filtp_woHU_1	18	1.85010374194349	0.270071561611607	3.702722323049	0.729928438388393	0.640091966332433	2.89037175789616	0.640091966332433	
SRR24605835_filtp_woHU_1	4	0.983087758574786	0.486111111111111	2.05714285714286	0.513888888888889	0.709147917027245	1.38629436111989	0.709147917027245	
SRR24605838_filtp_woHU_1	4	1.33217904021012	0.28	3.57142857142857	0.72	0.960964047443681	1.38629436111989	0.960964047443681	
SRR24605839_filtp_woHU_1	7	1.80951425584928	0.183673469387755	5.44444444444444	0.816326530612245	0.929906376575379	1.94591014905531	0.929906376575379	
SRR24605841_filtp_woHU_1	6	1.58325845942048	0.25	4	0.75	0.883633370779725	1.79175946922805	0.883633370779725	
SRR24605842_filtp_woHU_1	2	0.304636097349238	0.834710743801653	1.1980198019802	0.165289256198347	0.439496986921513	0.693147180559945	0.439496986921513	
SRR5830676_filtp_woHU_1	2	0.693147180559945	0.5	2	0.5	1	0.693147180559945	1	
SRR5881985_filtp_woHU_1	2	0.450561208866305	0.722222222222222	1.38461538461538	0.277777777777778	0.650022421648354	0.693147180559945	0.650022421648354	
SRR5882128_filtp_woHU_1	2	0.636514168294813	0.555555555555556	1.8	0.444444444444444	0.918295834054489	0.693147180559945	0.91829583405449	
SRR5882551_filtp_woHU_1	4	1.32966134885476	0.277777777777778	3.6	0.722222222222222	0.959147917027245	1.38629436111989	0.959147917027245	
SRR6263202_filtp_woHU_1	1
SRR6263206_filtp_woHU_1	2	0.693147180559945	0.5	2	0.5	1	0.693147180559945	1	
SRR6263248_filtp_woHU_1	3	0.943348392329039	0.42	2.38095238095238	0.58	0.858672711073255	1.09861228866811	0.858672711073255	
SRR6263258_filtp_woHU_1	2	0.693147180559945	0.5	2	0.5	1	0.693147180559945	1	
SRR6263259_filtp_woHU_1	3	1.09861228866811	0.333333333333333	3	0.666666666666667	1	1.09861228866811	1	
SRR6263322_filtp_woHU_1	3	1.03972077083992	0.375	2.66666666666667	0.625	0.946394630357186	1.09861228866811	0.946394630357186	
SRR6263654_filtp_woHU_1	1
SRR6263655_filtp_woHU_1	3	1.09861228866811	0.333333333333333	3	0.666666666666667	1	1.09861228866811	1	
SRR6263736_filtp_woHU_1	1
SRR6263737_filtp_woHU_1	1
SRR6265700_filtp_woHU_1	3	0.950270539233235	0.44	2.27272727272727	0.56	0.864973520717927	1.09861228866811	0.864973520717927	
SRR6265865_filtp_woHU_1	2	0.693147180559945	0.5	2	0.5	1	0.693147180559945	1	
SRR6266108_filtp_woHU_1	2	0.693147180559945	0.5	2	0.5	1	0.693147180559945	1	
SRR6266134_filtp_woHU_1	1
SRR6266334_filtp_woHU_1	1
SRR6266336_filtp_woHU_1	2	0.693147180559945	0.5	2	0.5	1	0.693147180559945	1	
SRR6266338_filtp_woHU_1	5	1.56071040904141	0.222222222222222	4.5	0.777777777777778	0.969723899868247	1.6094379124341	0.969723899868247	
SRR6266357_filtp_woHU_1	1
SRR6429834_filtp_woHU_1	2	0.693147180559945	0.5	2	0.5	1	0.693147180559945	1	
shotgun_illumina_1st_COP_ECA53_filtp_woHU_1	2	0.636514168294813	0.555555555555556	1.8	0.444444444444444	0.918295834054489	0.693147180559945	0.91829583405449	
shotgun_illumina_2nd_PRP_ECA55_filtp_woHU_1	2	0.636514168294813	0.555555555555556	1.8	0.444444444444444	0.918295834054489	0.693147180559945	0.91829583405449	
shotgun_illumina_3rd_ARH_ECA55_filtp_woHU_1	4	1.15374194270109	0.387755102040816	2.57894736842105	0.612244897959184	0.832248889600231	1.38629436111989	0.832248889600231	
shotgun_illumina_3rd_COP_ECA55_filtp_woHU_1	3	1.09861228866811	0.333333333333333	3	0.666666666666667	1	1.09861228866811	1	
shotgun_illumina_3rd_DEP_ECA55_filtp_woHU_1	4	1.33217904021012	0.28	3.57142857142857	0.72	0.960964047443681	1.38629436111989	0.960964047443681	
unifrac.S3.37.uS4_arch.unifrac	Richness R	Shannon H	Simpson λ	Simpson dominance 1/λ	Gini 1-λ	Pielou J	Hmax	Efficiency η	
CS1_filtp_woHU_1	148	4.67611870905766	0.0142868127643214	69.9946178686761	0.985713187235679	0.935745462246576	4.99721227376411	0.93574546224657	
ERR4182668_filtp_woHU_1	455	5.07830805556841	0.0165915688657409	60.27157576791	0.983408431134259	0.829748573957188	6.12029741895095	0.829748573957181	
ERR4182669_filtp_woHU_1	559	5.767531184985	0.00737976560146281	135.505658852062	0.992620234398537	0.911696950800706	6.3261494731551	0.911696950800705	
ERR4182670_filtp_woHU_1	715	5.75317802677586	0.00813027181807847	122.997117731833	0.991869728181922	0.875369856576131	6.57228254269401	0.875369856576133	
ERR4182673_filtp_woHU_1	811	6.57257992213214	0.00180949508737957	552.640350877192	0.99819050491262	0.981235726762824	6.69826805411541	0.981235726762822	
ERR4183043_filtp_woHU_1	752	6.32563046080609	0.0028528113286131	350.531417893013	0.997147188671387	0.955138503390309	6.62273632394984	0.955138503390293	
ERR4183044_filtp_woHU_1	730	6.3325958049633	0.00284552431922779	351.429082240765	0.997154475680772	0.960496440175644	6.59304453414244	0.96049644017565	
ERR4183116_filtp_woHU_1	651	5.79002629814932	0.00945759454974237	105.735131141485	0.990542405450258	0.893728128523007	6.47850964220857	0.893728128523004	
ERR4183117_filtp_woHU_1	494	5.58114729026225	0.00880053507253241	113.629454545455	0.991199464927468	0.899817062682877	6.20253551718792	0.899817062682866	
ERR4183124_filtp_woHU_1	595	5.74972824318085	0.00647383015653396	154.468062309406	0.993526169843466	0.900003596770591	6.38856140554563	0.900003596770582	
ERR4183125_filtp_woHU_1	357	5.20669563777764	0.0111114866895019	89.9969579178636	0.988888513310498	0.885833564332349	5.87773578177964	0.885833564332347	
ERR5891181_filtp_woHU_1	195	5.20932109958275	0.00605867346938774	165.052631578948	0.993941326530612	0.987923674509403	5.27299955856375	0.987923674509403	
ERR5891183_filtp_woHU_1	168	4.67820167495884	0.0163513688016529	61.1569595261599	0.983648631198347	0.913004403185455	5.12396397940326	0.913004403185457	
ERR5891186_filtp_woHU_1	141	4.36336109538632	0.023860623658629	41.9100529100528	0.976139376341371	0.881707981805699	4.94875989037817	0.881707981805697	
ERR5891188_filtp_woHU_1	207	5.29589466409237	0.0053135802469136	188.197026022304	0.994686419753086	0.993094680105857	5.33271879326537	0.993094680105852	
ERR5891191_filtp_woHU_1	218	5.32138207316833	0.00542005420054198	184.500000000001	0.994579945799458	0.988278754296403	5.38449506278909	0.988278754296403	
ERR5891194_filtp_woHU_1	306	5.34014417502978	0.00992411992625558	100.764602547211	0.990075880073744	0.933006861941861	5.72358510195238	0.933006861941863	
HTP3_filtp_woHU_1	130	4.79988720275511	0.00917590027700828	108.981132075472	0.990824099722992	0.986102358722054	4.86753445045558	0.986102358722052	
IA6_filtp_woHU_1	185	5.09485052022606	0.00728970706799245	137.179723502305	0.992710292932008	0.975958476958727	5.22035582507832	0.97595847695872	
RDP_CKDN230001569-1A_HT3KTDSX5_L3_filtp_woHU_1	435	4.77854115450265	0.0192630787146292	51.9127816905278	0.980736921285371	0.786546334982395	6.07534603108868	0.786546334982392	
RUP_CKDN230001570-1A_HT3KTDSX5_L3_filtp_woHU_1	822	5.93788719794195	0.00934953092158625	106.957237575544	0.990650469078414	0.884701560017988	6.71174039505618	0.884701560018002	
SRR13165308_filtp_woHU_1	1346	6.51743262019945	0.00383375675184311	260.840753529613	0.996166243248157	0.904584296152713	7.20489251020467	0.904584296152689	
SRR17689980_filtp_woHU_1	327	5.52721459644122	0.00597293383827134	167.421911421911	0.994027066161729	0.954620486721704	5.78996017089725	0.954620486721698	
SRR17689983_filtp_woHU_1	287	5.30998025214883	0.00906436992951722	110.32206405694	0.990935630070483	0.938244887025609	5.65948221575962	0.938244887025604	
SRR17689995_filtp_woHU_1	235	4.93318003961019	0.013704	72.9713952130764	0.986296	0.903581421488828	5.45958551414416	0.903581421488824	
SRR17689998_filtp_woHU_1	311	5.33274375761872	0.00942701244865085	106.078145695364	0.990572987551349	0.929082954596358	5.73979291217923	0.92908295459636	
SRR17689999_filtp_woHU_1	199	4.76024909320589	0.0183350054257694	54.5404801786711	0.981664994574231	0.899296233795426	5.29330482472449	0.899296233795428	
SRR17690002_filtp_woHU_1	327	5.56705908735223	0.00535057629252473	186.895755770663	0.994649423707475	0.961502138708067	5.78996017089725	0.961502138708066	
SRR20770298_filtp_woHU_1	428	5.87971877773415	0.0036235939643347	275.969109630527	0.996376406035665	0.970391026546801	6.0591231955818	0.970391026546803	
SRR20770299_filtp_woHU_1	390	5.5250097837059	0.00688470980678768	145.249404559375	0.993115290193212	0.926059989016866	5.96614673912369	0.926059989016869	
SRR24605825_filtp_woHU_1	702	5.71035063278902	0.00965453072078108	103.578312496073	0.990345469279219	0.871286032488732	6.55393340402581	0.871286032488725	
SRR24605827_filtp_woHU_1	1100	6.553663508069	0.00229686210933837	435.376593106871	0.997703137890662	0.935827823777712	7.00306545878646	0.935827823777734	
SRR24605828_filtp_woHU_1	609	5.89163008632175	0.00625279572287816	159.928461494613	0.993747204277122	0.918870410908583	6.4118182677099	0.918870410908579	
SRR24605834_filtp_woHU_1	247	4.66044687230713	0.0181364841113552	55.137478348072	0.981863515888645	0.845910033482875	5.50938833662798	0.845910033482875	
SRR24605835_filtp_woHU_1	884	6.3491151203645	0.00352002384052778	284.088984991097	0.996479976159472	0.93583245670894	6.78445706263764	0.935832456708939	
SRR24605838_filtp_woHU_1	859	6.13007030211971	0.0044410926883461	225.169810714401	0.995558907311654	0.907383063705978	6.75576892198425	0.907383063705974	
SRR24605839_filtp_woHU_1	1037	6.670392547974	0.00188940392254365	529.267452061668	0.998110596077456	0.960585941384612	6.94408720822953	0.96058594138462	
SRR24605841_filtp_woHU_1	964	6.45810391331818	0.00255917534155639	390.750873440286	0.997440824658444	0.939894936104793	6.87109129461055	0.939894936104799	
SRR24605842_filtp_woHU_1	418	5.07246808608484	0.0168312353854569	59.413345312968	0.983168764614543	0.840441337247712	6.03548143252476	0.840441337247713	
SRR5830676_filtp_woHU_1	462	5.61943072568931	0.00691528438912219	144.607212622088	0.993084715610878	0.915878297344284	6.13556489108174	0.915878297344284	
SRR5881985_filtp_woHU_1	1135	5.80372024080025	0.0194551957119051	51.4001511374195	0.980544804288095	0.825049783808265	7.0343879299155	0.825049783808271	
SRR5882128_filtp_woHU_1	342	5.68751478399634	0.00413359788359788	241.92	0.995866402116402	0.97475565880301	5.8348107370626	0.974755658803004	
SRR5882551_filtp_woHU_1	432	5.23476361683782	0.0154127045867576	64.8815394060811	0.984587295413242	0.862623021526164	6.06842558824411	0.862623021526161	
SRR6263181_filtp_woHU_1	293	3.95609126194763	0.116127299142019	8.61123962572349	0.883872700857981	0.696473775403845	5.68017260901707	0.696473775403845	
SRR6263202_filtp_woHU_1	533	5.56996530872408	0.00737125312220698	135.662143657413	0.992628746877793	0.887146022515021	6.27852142416584	0.887146022515024	
SRR6263206_filtp_woHU_1	623	4.6973440343847	0.0866120037911336	11.5457437332996	0.913387996208866	0.730019438148359	6.43454651878745	0.730019438148356	
SRR6263248_filtp_woHU_1	544	5.3080837236365	0.0115084080583674	86.8929911876849	0.988491591941633	0.84269352166728	6.29894924685594	0.842693521667282	
SRR6263258_filtp_woHU_1	830	5.2259798768619	0.0437063612209588	22.8799646565055	0.956293638779041	0.777510621927602	6.72142570079064	0.777510621927602	
SRR6263259_filtp_woHU_1	426	4.08875939689866	0.101761327573145	9.82691582203668	0.898238672426855	0.675332456574707	6.05443934626937	0.675332456574706	
SRR6263322_filtp_woHU_1	505	4.89028794389273	0.0537090595525174	18.6188328064502	0.946290940447483	0.785644154433946	6.22455842927536	0.785644154433942	
SRR6263654_filtp_woHU_1	447	5.15766804100827	0.0209074047192787	47.8299441478694	0.979092595280721	0.845164853568254	6.10255859461357	0.84516485356825	
SRR6263655_filtp_woHU_1	391	4.78633817547048	0.0535821805927028	18.6629209363716	0.946417819407297	0.8019052914501	5.96870755998537	0.801905291450099	
SRR6263736_filtp_woHU_1	381	4.85992628031791	0.0316555279857442	31.5900591028	0.968344472014256	0.817784006079507	5.9427993751267	0.817784006079502	
SRR6263737_filtp_woHU_1	407	5.13500229514032	0.0228311434678516	43.7998211262654	0.977168856532148	0.854578456121879	6.00881318544259	0.854578456121881	
SRR6265700_filtp_woHU_1	439	5.13279303839656	0.0268427549384726	37.2540002802299	0.973157245061527	0.843585098778469	6.08449941307517	0.843585098778462	
SRR6265795_filtp_woHU_1	205	3.5749117092636	0.120609632411392	8.29121173828855	0.879390367588608	0.671595905939338	5.32300997913841	0.67159590593934	
SRR6265865_filtp_woHU_1	293	4.28181620095473	0.0696459767292556	14.3583311910096	0.930354023270744	0.753817972742149	5.68017260901707	0.75381797274215	
SRR6265866_filtp_woHU_1	475	5.28658902983961	0.0182445163913399	54.8109896996046	0.98175548360866	0.857750934023181	6.16331480403464	0.857750934023184	
SRR6266047_filtp_woHU_1	228	3.97179704244859	0.110291113994618	9.0669135869713	0.889708886005382	0.731542494047014	5.42934562895444	0.731542494047019	
SRR6266108_filtp_woHU_1	346	4.60845420088078	0.0579427881164543	17.2584032026589	0.942057211883546	0.788249800979961	5.84643877505772	0.788249800979961	
SRR6266133_filtp_woHU_1	592	6.07436916068115	0.00348114783240358	287.261572373255	0.996518852167596	0.951572467628763	6.38350663488401	0.951572467628772	
SRR6266134_filtp_woHU_1	482	5.51483198320558	0.00910885627172369	109.783266984272	0.990891143728276	0.892664595437681	6.1779441140506	0.89266459543769	
SRR6266221_filtp_woHU_1	328	4.94337014472993	0.0153990882696551	64.9389095308043	0.984600911730345	0.853333079966438	5.79301360838414	0.853333079966439	
SRR6266334_filtp_woHU_1	589	6.10286256640315	0.00395671669294241	252.734799482535	0.996043283307058	0.956797553296967	6.37842618365159	0.95679755329696	
SRR6266336_filtp_woHU_1	587	6.16648220251942	0.0031416889579548	318.300128810647	0.996858311042045	0.967287559938582	6.3750248198281	0.967287559938585	
SRR6266338_filtp_woHU_1	402	5.54164386429749	0.00645510917040305	154.916047676628	0.993544890829597	0.924153780001888	5.99645208861902	0.924153780001899	
SRR6266341_filtp_woHU_1	283	4.26814089131271	0.063151603692144	15.8349106203996	0.936848396307856	0.756032422002676	5.64544689764324	0.756032422002679	
SRR6266357_filtp_woHU_1	396	5.18437510208703	0.015580751522227	64.1817564816069	0.984419248477773	0.866747380967571	5.98141421125448	0.866747380967575	
SRR6266358_filtp_woHU_1	622	6.04812002775829	0.00506130743776679	197.577407082236	0.994938692562233	0.940179753047097	6.43294009273918	0.940179753047104	
SRR6429832_filtp_woHU_1	172	5.02838885645156	0.00887167924713265	112.718232044199	0.991128320752867	0.976861437948423	5.14749447681345	0.976861437948425	
SRR6429834_filtp_woHU_1	179	5.07275103188754	0.0078609485544589	127.211111111111	0.992139051445541	0.977901243855019	5.18738580584075	0.977901243855023	
shotgun_illumina_1st_ARH_ECA53_filtp_woHU_1	368	5.81429098513234	0.00352523944020898	283.668674698794	0.996474760559791	0.984124807654501	5.90808293816893	0.9841248076545	
shotgun_illumina_1st_COP_ECA53_filtp_woHU_1	343	5.58342314217984	0.00573179816350875	174.465319865319	0.994268201836491	0.956437299171708	5.83773044716594	0.956437299171697	
shotgun_illumina_1st_DEH_ECA53_filtp_woHU_1	347	5.49449192556091	0.00691127007307299	144.691205730203	0.993088729926927	0.939337809450688	5.84932477994686	0.939337809450681	
shotgun_illumina_1st_DEP_ECA53_filtp_woHU_1	371	5.85317161279823	0.00321825462374901	310.727433628319	0.996781745376251	0.989346129638205	5.91620206260743	0.989346129638207	
shotgun_illumina_2nd_BARR2_ECA53_filtp_woHU_1	351	5.7918461518396	0.00344192747938844	290.534883720931	0.996558072520612	0.988237060865615	5.86078622346587	0.988237060865618	
shotgun_illumina_2nd_PRH_ECA55_filtp_woHU_1	468	6.08021401228322	0.00258104335872296	387.440217391302	0.997418956641277	0.988898977704782	6.14846829591765	0.988898977704764	
shotgun_illumina_2nd_PRP_ECA55_filtp_woHU_1	354	5.29258517235476	0.0229137735134452	43.641873278237	0.977086226486555	0.901740915596125	5.86929691313377	0.901740915596124	
shotgun_illumina_3rd_ARH_ECA55_filtp_woHU_1	900	6.42001712598114	0.00321285011208743	311.25012531328	0.996787149887913	0.943787790822609	6.80239476332431	0.943787790822626	
shotgun_illumina_3rd_COP_ECA55_filtp_woHU_1	1041	6.72106927738782	0.00169486649532968	590.016973464027	0.99830513350467	0.967347460262421	6.94793706861497	0.967347460262435	
shotgun_illumina_3rd_DEP_ECA55_filtp_woHU_1	1120	6.84189764427947	0.00160714252478647	622.222350897512	0.998392857475214	0.974478823936438	7.02108396428914	0.974478823936459	
unifrac.S3.38.ribosomal_protein_L5_rplE.unifrac	Richness R	Shannon H	Simpson λ	Simpson dominance 1/λ	Gini 1-λ	Pielou J	Hmax	Efficiency η	
CS1_filtp_woHU_1	130	4.39755841800832	0.0227038952907679	44.0453053184505	0.977296104709232	0.903446798942887	4.86753445045558	0.903446798942888	
ERR4182668_filtp_woHU_1	433	5.02882555605428	0.0173340106777598	57.6900533056113	0.98266598932224	0.828371407458079	6.07073772800249	0.828371407458076	
ERR4182669_filtp_woHU_1	529	5.78448972799069	0.0066673984466078	149.983536758445	0.993332601553392	0.922420730136247	6.2709884318583	0.922420730136247	
ERR4182670_filtp_woHU_1	658	5.6407773964152	0.00985630239292793	101.457926120197	0.990143697607072	0.869255549194554	6.48920493132532	0.869255549194552	
ERR4182673_filtp_woHU_1	763	6.54575366974571	0.00164554096876416	607.702888583213	0.998354459031236	0.986213529576906	6.63725803128446	0.986213529576908	
ERR4183043_filtp_woHU_1	774	6.32787044503479	0.00289561795646728	345.349426282748	0.997104382043533	0.951334596587582	6.65157187358973	0.95133459658759	
ERR4183044_filtp_woHU_1	696	6.24745446817081	0.00313277900142056	319.205408216331	0.996867220998579	0.954487505233083	6.54534966033442	0.954487505233103	
ERR4183116_filtp_woHU_1	611	5.68774040871941	0.00842478280749891	118.697421981003	0.991575217192501	0.886617995786908	6.4150969591716	0.886617995786914	
ERR4183117_filtp_woHU_1	471	5.46955655886052	0.0110575555330288	90.435901227266	0.988942444466971	0.888656809842273	6.15485809401642	0.888656809842279	
ERR4183124_filtp_woHU_1	616	5.80126192491873	0.0062162852309362	160.867779204108	0.993783714769064	0.903166569470867	6.42324696353352	0.90316656947088	
ERR4183125_filtp_woHU_1	383	5.19508754505239	0.0121148207846563	82.5435239839883	0.987885179215344	0.873412405021515	5.94803498918065	0.873412405021516	
ERR5891181_filtp_woHU_1	208	5.24694948214824	0.00624904740131082	160.024390243901	0.993750952598689	0.983028018498344	5.33753807970132	0.98302801849834	
ERR5891183_filtp_woHU_1	140	4.33541277600996	0.0294581325165533	33.9464831804282	0.970541867483447	0.877322235250028	4.9416424226093	0.877322235250029	
ERR5891186_filtp_woHU_1	133	4.31000104198815	0.0245137175206851	40.7934863064397	0.975486282479315	0.881327882525918	4.89034912822175	0.88132788252592	
ERR5891188_filtp_woHU_1	232	5.41525296247201	0.00466112370874276	214.54054054054	0.995338876291257	0.994219583753372	5.44673737166631	0.99421958375337	
ERR5891191_filtp_woHU_1	220	5.35285811213484	0.00505429956970151	197.851351351352	0.994945700430299	0.992441184737516	5.39362754635236	0.992441184737511	
ERR5891194_filtp_woHU_1	295	5.5414792694241	0.00488288798989925	204.796833773087	0.995117112010101	0.974415910427056	5.68697535633982	0.974415910427049	
HTP3_filtp_woHU_1	146	4.89470105662072	0.00872093023255811	114.666666666667	0.991279069767442	0.982160396709414	4.98360662170834	0.982160396709414	
IA6_filtp_woHU_1	169	4.88596623857806	0.0117819821050475	84.8753623188405	0.988218017894953	0.952448870845071	5.12989871492307	0.952448870845069	
RDP_CKDN230001569-1A_HT3KTDSX5_L3_filtp_woHU_1	441	4.77871535368193	0.0195430346051464	51.1691259931896	0.980456965394854	0.784805408965103	6.08904487544685	0.784805408965105	
RUP_CKDN230001570-1A_HT3KTDSX5_L3_filtp_woHU_1	810	5.99081263267538	0.00605393275242257	165.181881083802	0.993946067247577	0.894547110127564	6.69703424766648	0.89454711012756	
SRR13165308_filtp_woHU_1	1330	6.40729295316589	0.005040719566856	198.384374837127	0.994959280433144	0.890775969321028	7.1929342212158	0.890775969321042	
SRR17689980_filtp_woHU_1	321	5.46005486526442	0.00669860501462572	149.284813452443	0.993301394985374	0.946047052855193	5.77144112313002	0.946047052855191	
SRR17689983_filtp_woHU_1	284	5.28527820143556	0.00994598490741842	100.543084401237	0.990054015092582	0.935617331325619	5.64897423816121	0.935617331325622	
SRR17689995_filtp_woHU_1	213	4.90524028146651	0.0131035737443381	76.3150587397648	0.986896426255662	0.914936200052703	5.36129216570943	0.914936200052707	
SRR17689998_filtp_woHU_1	289	5.24678409474017	0.00949774679470349	105.288130081301	0.990502253205297	0.925942288417385	5.66642668811243	0.925942288417379	
SRR17689999_filtp_woHU_1	208	4.70038557699603	0.017927254204588	55.7809906965048	0.982072745795412	0.880628017413426	5.33753807970132	0.880628017413427	
SRR17690002_filtp_woHU_1	317	5.41256505639388	0.00826771507382285	120.95240233498	0.991732284926177	0.939860631231044	5.75890177387728	0.939860631231048	
SRR20770298_filtp_woHU_1	478	5.99265277745271	0.00318324129193559	314.145208700766	0.996816758708064	0.971317808738432	6.16961073249146	0.971317808738433	
SRR20770299_filtp_woHU_1	411	5.56563972892813	0.00701001200798389	142.65310799198	0.992989987992016	0.924740970285692	6.01859321449623	0.924740970285691	
SRR24605825_filtp_woHU_1	718	5.45556215461859	0.0223013380560362	44.8403587931504	0.977698661943964	0.829557880157293	6.57646956904822	0.829557880157301	
SRR24605827_filtp_woHU_1	1093	6.49859548483971	0.00260766900636989	383.484252624566	0.99739233099363	0.928811107926161	6.99668148817654	0.928811107926156	
SRR24605828_filtp_woHU_1	647	6.13635999686756	0.0030943538185211	323.169249106081	0.996905646181479	0.948088949146803	6.4723462945009	0.948088949146799	
SRR24605834_filtp_woHU_1	233	4.50383571846963	0.0250788283747241	39.8742710408218	0.974921171625276	0.826234442636069	5.4510384535657	0.826234442636067	
SRR24605835_filtp_woHU_1	882	6.38543540923374	0.00304773490530024	328.112526539275	0.9969522650947	0.941500234216804	6.78219205600679	0.941500234216802	
SRR24605838_filtp_woHU_1	861	6.08255333257502	0.00480520201789906	208.107795733679	0.995194797982101	0.900039697371779	6.75809450442773	0.900039697371782	
SRR24605839_filtp_woHU_1	1009	6.63084432161181	0.00188950856230965	529.238141571396	0.99811049143769	0.958669585504019	6.91671502035361	0.958669585504019	
SRR24605841_filtp_woHU_1	919	6.4091053839091	0.00267063122226798	374.443312001262	0.997329368777732	0.939298934410859	6.82328612235569	0.93929893441086	
SRR24605842_filtp_woHU_1	450	5.0964574091962	0.0172139934053618	58.0922727487814	0.982786006594638	0.834220145795779	6.10924758276437	0.834220145795783	
SRR5830676_filtp_woHU_1	461	5.63771996864627	0.00625813751627508	159.791950464395	0.993741862483725	0.919183775310921	6.13339804299665	0.91918377531091	
SRR5881985_filtp_woHU_1	1087	5.7696557417182	0.0185334133730038	53.9566015106867	0.981466586626996	0.825276750234538	6.99117688712121	0.825276750234522	
SRR5882128_filtp_woHU_1	362	5.70671098408163	0.00432139407571296	231.406805877804	0.995678605924287	0.968610930820815	5.89164421182577	0.968610930820816	
SRR5882551_filtp_woHU_1	408	5.16381798149604	0.0151895487484423	65.8347404890847	0.984810451251558	0.859023202875337	6.01126717440416	0.859023202875339	
SRR6263181_filtp_woHU_1	299	4.076431783193	0.0898856089492689	11.1252514355707	0.910114391050731	0.715107821121417	5.70044357339069	0.715107821121417	
SRR6263202_filtp_woHU_1	483	5.41872506466266	0.00996557936391603	100.345395233202	0.990034420636084	0.87681399069694	6.18001665365257	0.876813990696941	
SRR6263206_filtp_woHU_1	613	4.92510174920499	0.0500485561929164	19.9805963661652	0.949951443807084	0.767345234863401	6.41836493593621	0.7673452348634	
SRR6263248_filtp_woHU_1	523	5.31202065377165	0.0096023410657947	104.141270670148	0.990397658934205	0.848622337494441	6.25958146406492	0.848622337494433	
SRR6263258_filtp_woHU_1	812	5.14329196937366	0.0431603357186592	23.1694212602632	0.956839664281341	0.767712770837703	6.69950034016168	0.767712770837705	
SRR6263259_filtp_woHU_1	401	4.05717694417518	0.0953469031654345	10.4880176156841	0.904653096834566	0.676877386246095	5.99396142730657	0.676877386246096	
SRR6263322_filtp_woHU_1	498	4.87164989862434	0.0421013909570925	23.7521843641496	0.957898609042907	0.784408887741204	6.21060007702465	0.78440888774121	
SRR6263654_filtp_woHU_1	443	5.07907828336357	0.0254662672105589	39.2676316372498	0.974533732789441	0.833514421764954	6.09356977004514	0.833514421764958	
SRR6263655_filtp_woHU_1	338	4.74667137767974	0.0384444460943043	26.0115595773443	0.961555553905696	0.81515266458088	5.82304589548302	0.815152664580878	
SRR6263736_filtp_woHU_1	365	5.02672488348279	0.020317989272651	49.2174686471583	0.979682010727349	0.852002091261893	5.89989735358249	0.852002091261888	
SRR6263737_filtp_woHU_1	395	4.99825734724906	0.0291007071767888	34.3634260818794	0.970899292823211	0.835984754315125	5.97888576490112	0.835984754315127	
SRR6265700_filtp_woHU_1	447	4.98251328943855	0.0387277624554448	25.8212697196352	0.961272237544555	0.816462998624278	6.10255859461357	0.816462998624274	
SRR6265795_filtp_woHU_1	211	3.76150489658658	0.0988495009587492	10.1163889579707	0.901150499041251	0.702840920438125	5.35185813347607	0.702840920438125	
SRR6265865_filtp_woHU_1	288	4.26596570399335	0.0598610972762713	16.7053402877798	0.940138902723729	0.753310166821248	5.66296048013595	0.753310166821246	
SRR6265866_filtp_woHU_1	466	5.33030954340733	0.0165001190270082	60.6056234117556	0.983499880972992	0.867537190576089	6.14418563412565	0.867537190576087	
SRR6266047_filtp_woHU_1	227	4.10586847891081	0.0800176278015611	12.4972462627852	0.919982372198439	0.756849089057048	5.4249500174814	0.756849089057048	
SRR6266108_filtp_woHU_1	313	4.34557789391176	0.0641165627130626	15.5965940419365	0.935883437286937	0.756252041533405	5.74620319054015	0.756252041533406	
SRR6266133_filtp_woHU_1	537	5.90859842241421	0.00476276797897566	209.961939026699	0.995237232021024	0.939961853882149	6.28599809450886	0.939961853882141	
SRR6266134_filtp_woHU_1	505	5.63894852069778	0.00769013883944462	130.036663950819	0.992309861160555	0.905919445494585	6.22455842927536	0.905919445494583	
SRR6266221_filtp_woHU_1	331	4.9213119279371	0.0182745013264951	54.7210554276609	0.981725498673505	0.848192265228866	5.80211837537706	0.84819226522887	
SRR6266334_filtp_woHU_1	622	6.22481891700577	0.00286620508702578	348.893386773549	0.997133794912974	0.96764758061896	6.43294009273918	0.967647580618979	
SRR6266336_filtp_woHU_1	574	6.11822284555892	0.00341812244897963	292.558272831483	0.99658187755102	0.963100861684699	6.35262939631957	0.963100861684698	
SRR6266338_filtp_woHU_1	421	5.51544804893683	0.00764321414840444	130.835010060362	0.992356785851596	0.912755780591706	6.04263283368238	0.912755780591713	
SRR6266341_filtp_woHU_1	289	4.37591431479941	0.0481439395922897	20.7710463345661	0.95185606040771	0.772252877457962	5.66642668811243	0.772252877457964	
SRR6266357_filtp_woHU_1	367	4.99528728074966	0.0208075553647635	48.0594660194176	0.979192444635237	0.845890126511939	5.90536184805457	0.845890126511931	
SRR6266358_filtp_woHU_1	547	5.8640208965067	0.00687933072555494	145.362977867201	0.993120669274445	0.930140140761223	6.30444880242198	0.930140140761213	
SRR6429832_filtp_woHU_1	204	5.23976377179258	0.00613383926762327	163.03003003003	0.993866160732377	0.985266180127125	5.31811999384422	0.985266180127125	
SRR6429834_filtp_woHU_1	181	5.01564727876194	0.00975017620800374	102.562248995984	0.990249823791996	0.964826419750911	5.19849703126583	0.964826419750908	
shotgun_illumina_1st_ARH_ECA53_filtp_woHU_1	363	5.81594328749963	0.00334522393975427	298.933649289098	0.996654776060246	0.986689144096307	5.89440283426485	0.986689144096316	
shotgun_illumina_1st_COP_ECA53_filtp_woHU_1	337	5.51616383806882	0.00654161560938826	152.867435158501	0.993458384390612	0.947780968773044	5.82008293035236	0.947780968773041	
shotgun_illumina_1st_DEH_ECA53_filtp_woHU_1	435	5.76054261821208	0.00478049208368057	209.183486238531	0.995219507916319	0.948183459630826	6.07534603108868	0.948183459630836	
shotgun_illumina_1st_DEP_ECA53_filtp_woHU_1	335	5.75751061695255	0.00346260387811636	288.799999999999	0.996537396121884	0.990261671188393	5.81413053182507	0.990261671188396	
shotgun_illumina_2nd_BARR2_ECA53_filtp_woHU_1	359	5.82025103489332	0.00325243077904546	307.46234676007	0.996747569220955	0.989279636669518	5.88332238848828	0.989279636669521	
shotgun_illumina_2nd_PRH_ECA55_filtp_woHU_1	483	6.08461039097	0.00281380400974792	355.390779363339	0.997186195990252	0.98456213501849	6.18001665365257	0.984562135018475	
shotgun_illumina_2nd_PRP_ECA55_filtp_woHU_1	340	5.31644347763728	0.0158573586884591	63.0622047244094	0.984142641311541	0.912076355897957	5.82894561761021	0.91207635589796	
shotgun_illumina_3rd_ARH_ECA55_filtp_woHU_1	851	6.24820670665328	0.0042197402051749	236.981413873215	0.995780259794825	0.926152536722441	6.74641212857337	0.926152536722427	
shotgun_illumina_3rd_COP_ECA55_filtp_woHU_1	1029	6.66808398633216	0.00193664903946794	516.355818540427	0.998063350960532	0.961325620760343	6.93634273583405	0.961325620760358	
shotgun_illumina_3rd_DEP_ECA55_filtp_woHU_1	1091	6.73661988692038	0.00208771146902514	478.993392926538	0.997912288530975	0.963082825302088	6.99484998583307	0.963082825302094	
unifrac.S3.39.ribosomal_protein_L6_rplF.unifrac	Richness R	Shannon H	Simpson λ	Simpson dominance 1/λ	Gini 1-λ	Pielou J	Hmax	Efficiency η	
CS1_filtp_woHU_1	161	4.63695143818845	0.0167451044292574	59.7189467658845	0.983254895570743	0.91253344648997	5.08140436498446	0.912533446489974	
ERR4182668_filtp_woHU_1	421	4.97998450102987	0.0180144116906022	55.511110613825	0.981985588309398	0.824141502239028	6.04263283368238	0.824141502239032	
ERR4182669_filtp_woHU_1	509	5.74920507097708	0.00643655627902633	155.362581580856	0.993563443720974	0.922463381276479	6.23244801655052	0.922463381276489	
ERR4182670_filtp_woHU_1	620	5.54835831891399	0.0108030482554112	92.5664660897078	0.989196951744589	0.862923855055348	6.42971947803914	0.862923855055339	
ERR4182673_filtp_woHU_1	782	6.54237297384338	0.00172645117590062	579.222867092284	0.998273548824099	0.982064789558568	6.66185474054531	0.982064789558544	
ERR4183043_filtp_woHU_1	766	6.35793370534178	0.00262049910091666	381.606694560665	0.997379500899083	0.95734969209407	6.64118216974059	0.957349692094053	
ERR4183044_filtp_woHU_1	680	6.25830984510116	0.00284449609733701	351.556116015132	0.997155503902663	0.959555473797766	6.52209279817015	0.959555473797784	
ERR4183116_filtp_woHU_1	584	5.6664770133542	0.00838699924414211	119.232155731795	0.991613000755858	0.889570658732326	6.36990098282823	0.889570658732331	
ERR4183117_filtp_woHU_1	510	5.52648372182992	0.0102532631949104	97.529925935812	0.98974673680509	0.8864484495755	6.23441072571837	0.886448449575508	
ERR4183124_filtp_woHU_1	564	5.69437059316914	0.00688729330718725	145.194919890583	0.993112706692813	0.898866902650847	6.33505425149806	0.898866902650838	
ERR4183125_filtp_woHU_1	367	5.21289507000887	0.0113215495292349	88.3271320253261	0.988678450470765	0.882739314564809	5.90536184805457	0.882739314564813	
ERR5891181_filtp_woHU_1	244	5.43760326649408	0.00477450893479057	209.445623342176	0.995225491065209	0.9891644286007	5.4971682252932	0.989164428600702	
ERR5891183_filtp_woHU_1	145	4.23287429706846	0.0371618921687579	26.9092864125122	0.962838107831242	0.850532601531076	4.97673374242057	0.850532601531076	
ERR5891186_filtp_woHU_1	175	4.57266012928963	0.0206856097855529	48.3427856547122	0.979314390214447	0.885353265822927	5.16478597392351	0.885353265822929	
ERR5891188_filtp_woHU_1	271	5.56085903058858	0.00409487753998302	244.20754716981	0.995905122460017	0.992634966945481	5.6021188208797	0.992634966945487	
ERR5891191_filtp_woHU_1	244	5.43784761342092	0.00475328202806698	210.380952380953	0.995246717971933	0.989208878200354	5.4971682252932	0.989208878200354	
ERR5891194_filtp_woHU_1	278	5.30617374592251	0.00791166710482588	126.395611285266	0.992088332895174	0.942880417626886	5.62762111369064	0.942880417626885	
HTP3_filtp_woHU_1	170	5.06730215757486	0.00704009794918884	142.04347826087	0.992959902050811	0.98666297357364	5.13579843705026	0.986662973573636	
IA6_filtp_woHU_1	178	4.88432572604029	0.0107804370447451	92.7606177606176	0.989219562955255	0.942595474827383	5.18178355029209	0.942595474827381	
RDP_CKDN230001569-1A_HT3KTDSX5_L3_filtp_woHU_1	423	4.68405539992086	0.0200179385073586	49.9551939193139	0.979982061492641	0.774560463824401	6.04737217904628	0.7745604638244	
RUP_CKDN230001570-1A_HT3KTDSX5_L3_filtp_woHU_1	807	6.03681751038004	0.00694992420179223	143.886461343294	0.993050075798208	0.901916269042522	6.69332366826995	0.901916269042519	
SRR13165308_filtp_woHU_1	1189	6.34314795611723	0.00577553971899119	173.143991497762	0.994224460281009	0.895815039718744	7.08086789669078	0.895815039718761	
SRR17689980_filtp_woHU_1	323	5.47013969114876	0.00622908385482572	160.537251272559	0.993770916145174	0.946775504154537	5.77765232322266	0.946775504154539	
SRR17689983_filtp_woHU_1	306	5.35490191865854	0.00875429882888815	114.229593888218	0.991245701171112	0.935585270992463	5.72358510195238	0.935585270992466	
SRR17689995_filtp_woHU_1	217	4.74627010598372	0.0167489711934156	59.7051597051599	0.983251028806584	0.882223171574128	5.37989735354046	0.882223171574132	
SRR17689998_filtp_woHU_1	305	5.2545923441219	0.00926697209496046	107.91011235955	0.99073302790504	0.918584956437161	5.72031177660741	0.918584956437164	
SRR17689999_filtp_woHU_1	188	4.53710440592761	0.0240886843450946	41.5132676269901	0.975911315654905	0.866447950370409	5.23644196282995	0.866447950370411	
SRR17690002_filtp_woHU_1	288	5.3447876015839	0.0077114651783839	129.677042801556	0.992288534821616	0.943815098186169	5.66296048013595	0.943815098186166	
SRR20770298_filtp_woHU_1	369	5.74730556224893	0.00399702633682647	250.185992217898	0.996002973663173	0.972340262804264	5.91079664404053	0.972340262804265	
SRR20770299_filtp_woHU_1	367	5.42781837349487	0.00820362324617344	121.89735803219	0.991796376753827	0.919133918149822	5.90536184805457	0.919133918149827	
SRR24605825_filtp_woHU_1	679	5.86923957171383	0.0057269031358581	174.614442793463	0.994273096864142	0.900104369951526	6.5206211275587	0.90010436995152	
SRR24605827_filtp_woHU_1	1175	6.5366872322155	0.00259268820157338	385.700061963929	0.997407311798427	0.924694521118536	7.06902342657826	0.924694521118533	
SRR24605828_filtp_woHU_1	655	6.03891073896255	0.00418619045506161	238.880674621691	0.995813809544938	0.93126452291051	6.48463523563525	0.931264522910513	
SRR24605834_filtp_woHU_1	198	4.35271200821587	0.0280142687277051	35.6960950764007	0.971985731272295	0.823088543553408	5.28826703069454	0.823088543553408	
SRR24605835_filtp_woHU_1	964	6.48545810838735	0.00280630462645048	356.340502230094	0.99719369537355	0.943875991499972	6.87109129461055	0.943875991499966	
SRR24605838_filtp_woHU_1	908	6.04762611607764	0.00550991379283829	181.491042799941	0.994490086207162	0.887888582455991	6.81124437860129	0.887888582455988	
SRR24605839_filtp_woHU_1	1150	6.72649525765339	0.00182592005220418	547.669104566129	0.998174079947796	0.954448928094697	7.0475172213573	0.954448928094676	
SRR24605841_filtp_woHU_1	983	6.47681835378499	0.00253213968536515	394.922920634923	0.997467860314635	0.939948593927304	6.89060912014717	0.939948593927294	
SRR24605842_filtp_woHU_1	480	5.23597664321677	0.015908949993613	62.8576996220033	0.984091050006387	0.848098161338558	6.17378610390194	0.848098161338557	
SRR5830676_filtp_woHU_1	425	5.3741902685347	0.010476276206765	95.4537643207856	0.989523723793235	0.887989274204598	6.05208916892442	0.887989274204588	
SRR5881985_filtp_woHU_1	1092	5.82863597756051	0.0175175314196296	57.0856689818426	0.98248246858037	0.833166210438226	6.99576615630485	0.833166210438204	
SRR5882128_filtp_woHU_1	334	5.64886287079003	0.00438459899359112	228.071028037383	0.995615401006409	0.97207465411994	5.8111409929767	0.972074654119944	
SRR5882551_filtp_woHU_1	401	5.14442869418774	0.0154717621120471	64.6338789827533	0.984528237887953	0.858268568554907	5.99396142730657	0.858268568554898	
SRR6263181_filtp_woHU_1	315	4.18462486867176	0.0913349252988208	10.948714270344	0.908665074701179	0.727435380898734	5.75257263882563	0.727435380898737	
SRR6263202_filtp_woHU_1	470	5.35342167276853	0.0109688157293095	91.1675448542655	0.98903118427069	0.870088453115544	6.1527326947041	0.870088453115539	
SRR6263206_filtp_woHU_1	629	4.85144636869473	0.0706751565069574	14.1492435167308	0.929324843493043	0.752847230361783	6.44413125670044	0.752847230361786	
SRR6263248_filtp_woHU_1	491	5.05689951754793	0.0163782953411442	61.0564151623204	0.983621704658856	0.816097008744887	6.19644412779452	0.816097008744889	
SRR6263258_filtp_woHU_1	850	5.37693269017111	0.0296600502745788	33.7153845237102	0.970339949725421	0.797145186852074	6.74523634948436	0.797145186852062	
SRR6263259_filtp_woHU_1	412	4.15601431975777	0.0898358022272054	11.131419492096	0.910164197772795	0.690250490426476	6.02102334934953	0.690250490426475	
SRR6263322_filtp_woHU_1	510	4.93708909627561	0.0447594896319423	22.3416309753085	0.955240510368058	0.791909502514647	6.23441072571837	0.791909502514643	
SRR6263654_filtp_woHU_1	442	5.15988410019648	0.0192752563691716	51.8799844135601	0.980724743630828	0.847089410994879	6.0913098820777	0.847089410994877	
SRR6263655_filtp_woHU_1	377	4.80857281215208	0.0454406635875199	22.0067208762032	0.95455933641248	0.810582277065436	5.93224518744801	0.810582277065432	
SRR6263736_filtp_woHU_1	372	4.99275821207646	0.0225972576530613	44.2531574119804	0.977402742346939	0.843528932094624	5.91889385427315	0.843528932094628	
SRR6263737_filtp_woHU_1	363	5.06441421425851	0.0176536773457647	56.6454218242474	0.982346322654235	0.859190380545164	5.89440283426485	0.859190380545158	
SRR6265700_filtp_woHU_1	421	5.16439889799889	0.0198996682492486	50.2520940286408	0.980100331750751	0.854660383998824	6.04263283368238	0.85466038399882	
SRR6265795_filtp_woHU_1	239	3.84999366527029	0.0956754524613039	10.4520017859801	0.904324547538696	0.703007265320414	5.47646355193151	0.703007265320413	
SRR6265865_filtp_woHU_1	311	4.46677026868669	0.0468554096326033	21.3422528549227	0.953144590367397	0.778211049950717	5.73979291217923	0.778211049950723	
SRR6265866_filtp_woHU_1	481	5.46035320615536	0.0119331479693847	83.8001843742796	0.988066852030615	0.884143548969415	6.17586727010576	0.884143548969413	
SRR6266047_filtp_woHU_1	250	4.14899976943055	0.0920126671358204	10.8680688336519	0.90798733286418	0.751431519873354	5.52146091786225	0.751431519873356	
SRR6266108_filtp_woHU_1	344	4.5621948537497	0.0555645710215877	17.9970794629456	0.944435428978412	0.781111925945714	5.8406416573734	0.781111925945718	
SRR6266133_filtp_woHU_1	578	5.99527546340988	0.00456290584816614	219.15858737298	0.995437094151834	0.942716538437103	6.35957386867238	0.942716538437102	
SRR6266134_filtp_woHU_1	514	5.59181531834778	0.00865939032487274	115.481571159537	0.991340609675127	0.895805081066744	6.24222326545517	0.895805081066741	
SRR6266221_filtp_woHU_1	296	4.72783866600181	0.019310824795573	51.7844271586601	0.980689175204427	0.830850617426138	5.69035945432406	0.830850617426142	
SRR6266334_filtp_woHU_1	578	6.14538067160696	0.00296245435535718	337.557943531397	0.997037545644643	0.966319567711833	6.35957386867238	0.966319567711836	
SRR6266336_filtp_woHU_1	541	6.0401699475709	0.00384728188672085	259.923766816143	0.996152718113279	0.959759660042545	6.29341927884648	0.959759660042561	
SRR6266338_filtp_woHU_1	408	5.56284235460472	0.0062128693041671	160.95622667119	0.993787130695833	0.925402613660423	6.01126717440416	0.925402613660421	
SRR6266341_filtp_woHU_1	280	4.40602897216734	0.0509750118534805	19.6174549772414	0.949024988146519	0.781933183395029	5.63478960316925	0.781933183395027	
SRR6266357_filtp_woHU_1	332	4.96454360741183	0.0190996069174391	52.3570984639973	0.980900393082561	0.85519865326033	5.80513496891649	0.855198653260332	
SRR6266358_filtp_woHU_1	631	5.89040557133324	0.00829834215745118	120.505997586769	0.991701657842549	0.913622790188447	6.44730586254121	0.913622790188452	
SRR6429832_filtp_woHU_1	169	5.04583569451807	0.0075954861111111	131.657142857143	0.992404513888889	0.983613122777558	5.12989871492307	0.983613122777559	
SRR6429834_filtp_woHU_1	190	5.14145083493623	0.00747933884297519	133.701657458564	0.992520661157025	0.979879406731827	5.24702407216049	0.979879406731823	
shotgun_illumina_1st_ARH_ECA53_filtp_woHU_1	353	5.75010126124661	0.0039008916323731	256.351648351649	0.996099108367627	0.980164079211314	5.8664680569333	0.980164079211314	
shotgun_illumina_1st_COP_ECA53_filtp_woHU_1	312	5.43553256961083	0.00730035172440849	136.979701492537	0.992699648275592	0.946461701631768	5.74300318780948	0.946461701631774	
shotgun_illumina_1st_DEH_ECA53_filtp_woHU_1	393	5.63456345813188	0.00580090446112964	172.386910817225	0.99419909553887	0.943211087098701	5.97380961186926	0.943211087098713	
shotgun_illumina_1st_DEP_ECA53_filtp_woHU_1	369	5.84050473236668	0.00330181262774869	302.863945578232	0.996698187372251	0.988107878530262	5.91079664404053	0.988107878530264	
shotgun_illumina_2nd_BARR2_ECA53_filtp_woHU_1	400	5.92987229867482	0.00295949853480563	337.895081967215	0.997040501465194	0.989720001186873	5.99146454710798	0.989720001186874	
shotgun_illumina_2nd_PRH_ECA55_filtp_woHU_1	444	5.97993713374355	0.00314527567110198	317.93715545755	0.996854724328898	0.98098904791275	6.09582456243222	0.980989047912749	
shotgun_illumina_2nd_PRP_ECA55_filtp_woHU_1	321	5.07781873374197	0.0242518841221211	41.23390970221	0.975748115877879	0.879818164200232	5.77144112313002	0.879818164200233	
shotgun_illumina_3rd_ARH_ECA55_filtp_woHU_1	889	6.35974084661897	0.00385935485034588	259.110664548086	0.996140645149654	0.936619996154979	6.7900972355139	0.936619996154969	
shotgun_illumina_3rd_COP_ECA55_filtp_woHU_1	978	6.64249742320875	0.00191709382966474	521.622877569264	0.998082906170335	0.964706716209602	6.88550967003482	0.964706716209625	
shotgun_illumina_3rd_DEP_ECA55_filtp_woHU_1	1128	6.83849024155264	0.00148958838974024	671.326392503895	0.99851041161026	0.973007149504847	7.028201432058	0.973007149504843	
unifrac.S3.3.ribosomal_protein_L14b_L23e_rplN.unifrac	Richness R	Shannon H	Simpson λ	Simpson dominance 1/λ	Gini 1-λ	Pielou J	Hmax	Efficiency η	
CS1_filtp_woHU_1	134	4.22975912012543	0.0319143876337693	31.3338301043219	0.968085612366231	0.863596869821635	4.89783979995091	0.863596869821635	
ERR4182668_filtp_woHU_1	437	4.96363194262086	0.0190875526272563	52.3901633450922	0.980912447372744	0.816395802938229	6.07993319509559	0.816395802938234	
ERR4182669_filtp_woHU_1	481	5.65623650484979	0.0081035483582141	123.402731222842	0.991896451641786	0.915861085977148	6.17586727010576	0.915861085977154	
ERR4182670_filtp_woHU_1	607	5.57177168412026	0.0100516340308393	99.4863120694514	0.989948365969161	0.8694307017694	6.4085287910595	0.869430701769396	
ERR4182673_filtp_woHU_1	758	6.52585344012871	0.00172977128579667	578.111111111107	0.998270228714203	0.984190174765296	6.63068338564237	0.984190174765295	
ERR4183043_filtp_woHU_1	782	6.36691550021278	0.00284480682020509	351.517717441323	0.997155193179795	0.955727158303607	6.66185474054531	0.955727158303603	
ERR4183044_filtp_woHU_1	698	6.2597191228968	0.00300960174730769	332.269876203579	0.996990398252692	0.955942222558822	6.54821910276237	0.955942222558832	
ERR4183116_filtp_woHU_1	581	5.61949028343544	0.00861562058473257	116.068249543401	0.991384379415267	0.882908144892529	6.36475075685191	0.882908144892543	
ERR4183117_filtp_woHU_1	459	5.3103287368565	0.0148522851611817	67.3297064490537	0.985147714838818	0.86641951931473	6.12905021006055	0.866419519314731	
ERR4183124_filtp_woHU_1	605	5.63381108557057	0.00890848547394378	112.252526304822	0.991091514526056	0.879564424982676	6.40522845803084	0.879564424982684	
ERR4183125_filtp_woHU_1	380	5.1762873001448	0.0124585472603316	80.2661802459129	0.987541452739668	0.871403715469348	5.94017125272043	0.871403715469353	
ERR5891181_filtp_woHU_1	131	4.83739438997817	0.00839120370370372	119.172413793103	0.991608796296296	0.992245866020012	4.87519732320115	0.99224586602001	
ERR5891183_filtp_woHU_1	112	4.23158152577592	0.0298662082038396	33.4826568265683	0.97013379179616	0.896806726291421	4.71849887129509	0.89680672629142	
ERR5891186_filtp_woHU_1	115	4.23727426458739	0.0274919885309495	36.3742331288345	0.972508011469051	0.893010510995238	4.74493212836325	0.893010510995238	
ERR5891188_filtp_woHU_1	200	5.27039369098818	0.00537164817888024	186.162601626017	0.99462835182112	0.994729708768267	5.29831736654804	0.994729708768269	
ERR5891191_filtp_woHU_1	188	5.19440171940352	0.0058956916099773	169.615384615385	0.994104308390023	0.991971601380318	5.23644196282995	0.991971601380314	
ERR5891194_filtp_woHU_1	237	5.33034210765429	0.00599169124927274	166.897785349233	0.994008308750727	0.974814096786388	5.46806014113513	0.974814096786391	
HTP3_filtp_woHU_1	169	5.04251956032813	0.00730399408284024	136.911392405063	0.99269600591716	0.982966690094533	5.12989871492307	0.982966690094531	
IA6_filtp_woHU_1	159	4.80293114473929	0.0115485938056248	86.5906288532675	0.988451406194375	0.94752849001083	5.06890420222023	0.947528490010826	
RDP_CKDN230001569-1A_HT3KTDSX5_L3_filtp_woHU_1	457	4.69434473829888	0.0216864377691494	46.1117685921926	0.978313562230851	0.766463250211127	6.12468339089421	0.766463250211123	
RUP_CKDN230001570-1A_HT3KTDSX5_L3_filtp_woHU_1	843	5.90632563477222	0.0085364054622688	117.145325912649	0.991463594537731	0.876703963607386	6.73696695800186	0.876703963607383	
SRR13165308_filtp_woHU_1	1270	6.43349872828161	0.00423781477171373	235.970672119681	0.995762185228286	0.900196419689755	7.14677217945264	0.900196419689749	
SRR17689980_filtp_woHU_1	316	5.45042686542488	0.00637349679348881	156.899741602068	0.993626503206511	0.946954652096596	5.75574221358691	0.946954652096598	
SRR17689983_filtp_woHU_1	271	5.12608932168683	0.0126495472271796	79.0542129327239	0.98735045277282	0.915026882789658	5.6021188208797	0.915026882789656	
SRR17689995_filtp_woHU_1	203	4.85091816781568	0.013489705901264	74.1306005719737	0.986510294098736	0.912992680304581	5.31320597904179	0.912992680304583	
SRR17689998_filtp_woHU_1	270	5.04255568962605	0.0139060642092747	71.9110731081658	0.986093935790725	0.900710187005666	5.59842195899838	0.900710187005662	
SRR17689999_filtp_woHU_1	204	4.70377824101069	0.019981503501123	50.046284051838	0.980018496498877	0.88448140441648	5.31811999384422	0.88448140441648	
SRR17690002_filtp_woHU_1	305	5.34568379098431	0.00924121029314726	108.210934312526	0.990758789706853	0.934509166588594	5.72031177660741	0.934509166588597	
SRR20770298_filtp_woHU_1	455	5.92764532182369	0.00358378811982896	279.034353193773	0.996416211880171	0.968522428905051	6.12029741895095	0.968522428905047	
SRR20770299_filtp_woHU_1	415	5.52448476172828	0.00725558435675684	137.824874032198	0.992744415643243	0.916428254465731	6.0282785202307	0.916428254465737	
SRR24605825_filtp_woHU_1	653	5.70191289192549	0.00902572171390616	110.7944640548	0.990974278286094	0.879710721356798	6.48157712927643	0.879710721356804	
SRR24605827_filtp_woHU_1	1122	6.49633083623803	0.00274264216997831	364.611909984564	0.997257357830022	0.925025325352749	7.02286808608264	0.925025325352756	
SRR24605828_filtp_woHU_1	629	5.91974282701193	0.00709419376200411	140.960344973366	0.992905806237996	0.918625426950565	6.44413125670044	0.918625426950562	
SRR24605834_filtp_woHU_1	254	4.70903854502405	0.0195215750944775	51.2253747538482	0.980478424905523	0.850416160185961	5.53733426701854	0.850416160185961	
SRR24605835_filtp_woHU_1	912	6.44165307275752	0.00254485975329159	392.948962592762	0.997455140246708	0.945128129146867	6.81563999007433	0.945128129146878	
SRR24605838_filtp_woHU_1	920	6.11150594183872	0.00496369698590775	201.462740944716	0.995036303014092	0.895540929809626	6.82437367004309	0.895540929809628	
SRR24605839_filtp_woHU_1	965	6.57854591822505	0.00210203073457804	475.730437024624	0.997897969265422	0.957279291249427	6.87212810133899	0.957279291249438	
SRR24605841_filtp_woHU_1	959	6.45620534088577	0.00246910735747912	405.004665743238	0.997530892642521	0.940330289320149	6.86589107488344	0.940330289320129	
SRR24605842_filtp_woHU_1	453	5.12912597142198	0.0155251248641375	64.4117202760775	0.984474875135863	0.838655402382017	6.11589212548303	0.838655402382017	
SRR5830676_filtp_woHU_1	412	5.4231775938286	0.00884730545786349	113.028763928479	0.991152694542137	0.900706952816333	6.02102334934953	0.90070695281634	
SRR5881985_filtp_woHU_1	1059	5.82760318774577	0.0161492721853947	61.9222952291553	0.983850727814605	0.836688580545381	6.96508034560141	0.836688580545382	
SRR5882128_filtp_woHU_1	367	5.73544197693517	0.00401590779969156	249.009700889249	0.995984092200308	0.971226171148958	5.90536184805457	0.97122617114895	
SRR5882551_filtp_woHU_1	418	5.26676536206619	0.0126440769241381	79.0884147573442	0.987355923075862	0.872633843869353	6.03548143252476	0.87263384386935	
SRR6263181_filtp_woHU_1	271	3.91497789687429	0.102806567427052	9.72700504478533	0.897193432572948	0.698838782619667	5.6021188208797	0.698838782619665	
SRR6263202_filtp_woHU_1	450	5.33648684059878	0.0113444242805701	88.1490303313783	0.98865557571943	0.873509670103119	6.10924758276437	0.873509670103119	
SRR6263206_filtp_woHU_1	610	4.798482961706	0.0575656480467354	17.3714712494531	0.942434351953265	0.748189548534251	6.41345895716736	0.748189548534245	
SRR6263248_filtp_woHU_1	495	5.1852277596668	0.0124339344984905	80.4250657843985	0.987566065501509	0.835712706383141	6.20455776256869	0.835712706383141	
SRR6263258_filtp_woHU_1	883	5.20178545891114	0.0397610573698762	25.1502365919881	0.960238942630124	0.766848898597401	6.78332520060396	0.766848898597385	
SRR6263259_filtp_woHU_1	401	4.08588187184679	0.0951361643185855	10.5112499243849	0.904863835681414	0.681666360619676	5.99396142730657	0.681666360619674	
SRR6263322_filtp_woHU_1	464	4.75228272924845	0.052624504956005	19.002554054162	0.947375495043995	0.774001968412473	6.13988455222626	0.774001968412469	
SRR6263654_filtp_woHU_1	483	5.15231464135807	0.0227786501073096	43.9007577397706	0.97722134989269	0.833705624128521	6.18001665365257	0.833705624128517	
SRR6263655_filtp_woHU_1	343	4.6824061883194	0.0465551710880433	21.4798909901725	0.953444828911957	0.802093592826402	5.83773044716594	0.802093592826401	
SRR6263736_filtp_woHU_1	356	4.84559294106317	0.0270868580759745	36.9182722187695	0.972913141924026	0.824791501900895	5.87493073085203	0.824791501900893	
SRR6263737_filtp_woHU_1	382	5.09155988837488	0.0195431718196572	51.1687667297775	0.980456828180343	0.85638346276197	5.94542060860658	0.856383462761969	
SRR6265700_filtp_woHU_1	422	5.01230793446458	0.0271598079734237	36.8191115702481	0.972840192026576	0.829165182506359	6.04500531403601	0.829165182506362	
SRR6265795_filtp_woHU_1	215	3.62975364951729	0.111021151316957	9.00729264773232	0.888978848683043	0.675851478075261	5.37063802812766	0.675851478075264	
SRR6265865_filtp_woHU_1	310	4.14313044647907	0.0732839922021213	13.6455448175086	0.926716007797879	0.722231017344569	5.73657229747919	0.722231017344573	
SRR6265866_filtp_woHU_1	444	5.23442608890196	0.0172254506148317	58.0536336819522	0.982774549385168	0.858690409360048	6.09582456243222	0.858690409360047	
SRR6266047_filtp_woHU_1	229	3.79031138882766	0.128285521072605	7.79511196305652	0.871714478927395	0.697553424033911	5.43372200355424	0.697553424033915	
SRR6266108_filtp_woHU_1	309	4.38136116490637	0.0606721191483945	16.4820351429321	0.939327880851606	0.764189842066593	5.73334127689775	0.764189842066591	
SRR6266133_filtp_woHU_1	562	5.96530040524828	0.00436938345739251	228.865241458291	0.995630616542608	0.942161993579523	6.33150184989369	0.942161993579526	
SRR6266134_filtp_woHU_1	501	5.5409425652334	0.00955790064737743	104.625485961123	0.990442099352623	0.891313117661813	6.21660610108486	0.89131311766181	
SRR6266221_filtp_woHU_1	308	4.81499873343867	0.0166739494475491	59.9737934402212	0.983326050552451	0.840299282003075	5.73009978297357	0.840299282003076	
SRR6266334_filtp_woHU_1	610	6.13820081676722	0.00374147300265926	267.274412855378	0.996258526997341	0.95708117222883	6.41345895716736	0.957081172228827	
SRR6266336_filtp_woHU_1	565	6.14537966430767	0.00297545505454517	336.083046683043	0.997024544945455	0.969788333313667	6.33682573114644	0.969788333313679	
SRR6266338_filtp_woHU_1	419	5.54812854551509	0.00680874235786242	146.870001454123	0.993191257642138	0.918888233799247	6.03787091992214	0.918888233799246	
SRR6266341_filtp_woHU_1	307	4.44875291985238	0.0513592155612244	19.4707023670936	0.948640784438776	0.776824025350893	5.7268477475872	0.776824025350894	
SRR6266357_filtp_woHU_1	363	4.93696490526795	0.0265620460028286	37.6477022851896	0.973437953997171	0.837568290475295	5.89440283426485	0.837568290475301	
SRR6266358_filtp_woHU_1	547	5.82903244032972	0.00731419914148633	136.720368239357	0.992685800858514	0.924590336603318	6.30444880242198	0.92459033660332	
SRR6429832_filtp_woHU_1	196	5.17888464467045	0.00672327727532281	148.73698630137	0.993276722724677	0.98119972358188	5.27811465923052	0.981199723581883	
SRR6429834_filtp_woHU_1	204	5.19814461449234	0.00757684573398451	131.981042654028	0.992423154266015	0.977440264700543	5.31811999384422	0.977440264700544	
shotgun_illumina_1st_ARH_ECA53_filtp_woHU_1	352	5.77252321459623	0.00359201677002358	278.395136778116	0.996407983229976	0.984462194453665	5.8636311755981	0.984462194453669	
shotgun_illumina_1st_COP_ECA53_filtp_woHU_1	363	5.57653344583674	0.00700068460953599	142.84317260027	0.992999315390464	0.946072673116216	5.89440283426485	0.946072673116219	
shotgun_illumina_1st_DEH_ECA53_filtp_woHU_1	362	5.59345798434298	0.00557914539102392	179.238921001927	0.994420854608976	0.949388283344695	5.89164421182577	0.949388283344687	
shotgun_illumina_1st_DEP_ECA53_filtp_woHU_1	401	5.90666389221369	0.00314227549154783	318.240715268227	0.996857724508452	0.985435752940421	5.99396142730657	0.985435752940421	
shotgun_illumina_2nd_BARR2_ECA53_filtp_woHU_1	402	5.93661501337127	0.00288272025640556	346.894568690093	0.997117279743594	0.990021253507333	5.99645208861902	0.99002125350733	
shotgun_illumina_2nd_PRH_ECA55_filtp_woHU_1	507	6.13778643147276	0.00256790151543159	389.423034330009	0.997432098484568	0.985433987020957	6.22851100359118	0.985433987020955	
shotgun_illumina_2nd_PRP_ECA55_filtp_woHU_1	368	5.38071175687259	0.0154793586082866	64.6021599024565	0.984520641391713	0.910737342922308	5.90808293816893	0.910737342922308	
shotgun_illumina_3rd_ARH_ECA55_filtp_woHU_1	860	6.31039202531898	0.00355269623078247	281.476359091853	0.996447303769218	0.933913743958847	6.75693238924755	0.933913743958848	
shotgun_illumina_3rd_COP_ECA55_filtp_woHU_1	998	6.6597971217828	0.00192944749484665	518.283085013142	0.998070552505153	0.964383877516684	6.90575327631146	0.964383877516682	
shotgun_illumina_3rd_DEP_ECA55_filtp_woHU_1	1140	6.84045894193563	0.00150765788356932	663.280450358232	0.998492342116431	0.971824023528107	7.03878354138854	0.971824023528119	
unifrac.S3.40.ribosomal_protein_L11_rplK.unifrac	Richness R	Shannon H	Simpson λ	Simpson dominance 1/λ	Gini 1-λ	Pielou J	Hmax	Efficiency η	
CS1_filtp_woHU_1	130	4.41086547721045	0.0205612244897959	48.6352357320099	0.979438775510204	0.906180638700485	4.86753445045558	0.906180638700484	
ERR4182668_filtp_woHU_1	383	4.85443152679965	0.0187319568735012	53.3847054396452	0.981268043126499	0.816140378398877	5.94803498918065	0.816140378398873	
ERR4182669_filtp_woHU_1	475	5.52251872302091	0.0104322483572525	95.8566136229681	0.989567751642747	0.89603060992532	6.16331480403464	0.896030609925317	
ERR4182670_filtp_woHU_1	541	5.31060528280461	0.0143079928892961	69.8910048206766	0.985692007110704	0.843834654502472	6.29341927884648	0.843834654502474	
ERR4182673_filtp_woHU_1	767	6.51523957178367	0.00184972117710292	540.622020431332	0.998150278822897	0.980843435088589	6.64248680136726	0.980843435088573	
ERR4183043_filtp_woHU_1	739	6.27996707243177	0.0030169260338521	331.463214138919	0.996983073966148	0.950746983344284	6.6052979209482	0.950746983344286	
ERR4183044_filtp_woHU_1	707	6.27526915209941	0.00300024797536156	333.305782792667	0.996999752024638	0.956445636615827	6.56103066589657	0.956445636615815	
ERR4183116_filtp_woHU_1	564	5.52844379385323	0.0108953106343327	91.7826057064272	0.989104689365667	0.872675051290352	6.33505425149806	0.872675051290357	
ERR4183117_filtp_woHU_1	466	5.32585893082841	0.0130638219895677	76.5472769606449	0.986936178010432	0.866812828904104	6.14418563412565	0.866812828904106	
ERR4183124_filtp_woHU_1	534	5.50928615163982	0.00926887760336508	107.887928052578	0.990731122396635	0.877219572286061	6.2803958389602	0.877219572286051	
ERR4183125_filtp_woHU_1	318	4.94964375118659	0.0150258616818072	66.5519236883941	0.984974138318193	0.85900722197281	5.76205138278018	0.859007221972812	
ERR5891181_filtp_woHU_1	189	5.1900973671446	0.00603569497025421	165.681003584229	0.993964305029746	0.99014648212387	5.24174701505964	0.990146482123874	
ERR5891183_filtp_woHU_1	108	4.3346069981204	0.020703082747431	48.3019853709509	0.979296917252569	0.925776486786494	4.68213122712422	0.925776486786492	
ERR5891186_filtp_woHU_1	132	4.41018072040823	0.0216137286934898	46.2668896321071	0.97838627130651	0.903206968115594	4.88280192258637	0.903206968115594	
ERR5891188_filtp_woHU_1	205	5.26218710017671	0.00578449905482045	172.875816993463	0.99421550094518	0.988573592910765	5.32300997913841	0.988573592910761	
ERR5891191_filtp_woHU_1	194	5.2224703056327	0.00582947668209328	171.541984732824	0.994170523317907	0.99138400236678	5.26785815906333	0.991384002366778	
ERR5891194_filtp_woHU_1	287	5.39501116572132	0.00686983471074383	145.563909774435	0.993130165289256	0.953269391093438	5.65948221575962	0.953269391093438	
HTP3_filtp_woHU_1	159	5.01770700515595	0.00716049382716051	139.655172413793	0.992839506172839	0.989899750513759	5.06890420222023	0.989899750513757	
IA6_filtp_woHU_1	141	4.46182247396284	0.0235480016957644	42.4664484451719	0.976451998304236	0.901604153929134	4.94875989037817	0.901604153929136	
RDP_CKDN230001569-1A_HT3KTDSX5_L3_filtp_woHU_1	497	4.70469757856257	0.0218837410364643	45.6960260283526	0.978116258963536	0.757772305593906	6.20859002609663	0.757772305593911	
RUP_CKDN230001570-1A_HT3KTDSX5_L3_filtp_woHU_1	869	5.99761090405426	0.00739281341349246	135.26650059569	0.992607186586507	0.886257840490252	6.76734312526539	0.886257840490247	
SRR13165308_filtp_woHU_1	1279	6.43620719114651	0.00477321726996287	209.502300742279	0.995226782730037	0.89968642963526	7.15383380157884	0.899686429635252	
SRR17689980_filtp_woHU_1	277	5.36439549527855	0.00665674607802433	150.223545900491	0.993343253921976	0.95383691273664	5.62401750618734	0.953836912736647	
SRR17689983_filtp_woHU_1	263	5.24452818165473	0.00988697204045214	101.143200962695	0.990113027959548	0.941203016170931	5.57215403217776	0.941203016170922	
SRR17689995_filtp_woHU_1	197	4.75689919928741	0.0164683803653519	60.7224255096705	0.983531619634648	0.900381557010997	5.28320372873799	0.900381557010999	
SRR17689998_filtp_woHU_1	270	5.15349466683131	0.0111355136038537	89.8027729636043	0.988864486396146	0.920526302692864	5.59842195899838	0.920526302692857	
SRR17689999_filtp_woHU_1	170	4.61995670231189	0.0185387472301115	53.9410774410773	0.981461252769888	0.899559583371297	5.13579843705026	0.899559583371299	
SRR17690002_filtp_woHU_1	264	5.30235557780955	0.00764634509283209	130.781437125749	0.992353654907168	0.950933281442187	5.57594910314632	0.950933281442187	
SRR20770298_filtp_woHU_1	283	5.54527979585943	0.00441346340030313	226.579425113464	0.995586536599697	0.982257011074601	5.64544689764324	0.982257011074596	
SRR20770299_filtp_woHU_1	325	5.33766444732149	0.00786858159850005	127.087707928278	0.9921314184015	0.922860611975043	5.78382518232974	0.922860611975047	
SRR24605825_filtp_woHU_1	557	5.72396344439086	0.00590913685727972	169.229453328375	0.99409086314272	0.905322954715243	6.32256523992728	0.90532295471525	
SRR24605827_filtp_woHU_1	1058	6.46919761687537	0.00279714083883099	357.50791884256	0.997202859161169	0.928930448358829	6.96413561241824	0.928930448358811	
SRR24605828_filtp_woHU_1	561	5.99531357897543	0.00353920942538026	282.548976285165	0.99646079057462	0.947168709088658	6.3297209055227	0.94716870908866	
SRR24605834_filtp_woHU_1	212	4.51217161871203	0.0268754734751541	37.2086467955432	0.973124526524846	0.842359552771006	5.35658627467201	0.842359552771005	
SRR24605835_filtp_woHU_1	877	6.36684444680556	0.00280343279501717	356.70553678954	0.997196567204983	0.939546650504788	6.77650699237218	0.939546650504792	
SRR24605838_filtp_woHU_1	820	6.02651427094793	0.00531436221621468	188.169334214535	0.994685637783785	0.898232359916456	6.7093043402583	0.898232359916459	
SRR24605839_filtp_woHU_1	937	6.5415670178603	0.00217420169113735	459.938930264049	0.997825798308863	0.955994417400594	6.84268328223842	0.955994417400588	
SRR24605841_filtp_woHU_1	879	6.38232126325945	0.00257279609465877	388.682182033796	0.997427203905341	0.94151405592452	6.77878489768518	0.941514055924528	
SRR24605842_filtp_woHU_1	409	5.11906430506529	0.017827598785293	56.0928037501582	0.982172401214707	0.851231588500074	6.0137151560428	0.851231588500067	
SRR5830676_filtp_woHU_1	400	5.53401866933082	0.00691168561081432	144.682506744137	0.993088314389186	0.923650407311854	5.99146454710798	0.923650407311855	
SRR5881985_filtp_woHU_1	1158	5.89096540544172	0.0173998631292729	57.4717164480239	0.982600136870727	0.83507086887354	7.05444965813294	0.835070868873532	
SRR5882128_filtp_woHU_1	295	5.52135564886941	0.00514237051270854	194.462845010615	0.994857629487292	0.97087736501517	5.68697535633982	0.970877365015168	
SRR5882551_filtp_woHU_1	402	5.19445859907256	0.0159196548776053	62.8154320987659	0.984080345122395	0.866255332704382	5.99645208861902	0.866255332704382	
SRR6263181_filtp_woHU_1	293	4.00879785977405	0.110321220136853	9.06443926888688	0.889678779863147	0.705752824026902	5.68017260901707	0.705752824026907	
SRR6263202_filtp_woHU_1	503	5.42198698666164	0.0107386022492922	93.1219889502766	0.989261397750708	0.871619386328212	6.22059017009974	0.871619386328208	
SRR6263206_filtp_woHU_1	601	4.72104067739288	0.0754009865985866	13.2624259324843	0.924599013401413	0.737824588944043	6.39859493453521	0.737824588944042	
SRR6263248_filtp_woHU_1	497	5.34390764136255	0.00917682452111856	108.97015603804	0.990823175478881	0.860728058850794	6.20859002609663	0.86072805885079	
SRR6263258_filtp_woHU_1	882	5.01333510087672	0.0596186365254535	16.7732785967533	0.940381363474547	0.739190966501244	6.78219205600679	0.739190966501244	
SRR6263259_filtp_woHU_1	407	3.95403654790035	0.11351590519835	8.80933820025195	0.88648409480165	0.65803952059613	6.00881318544259	0.658039520596131	
SRR6263322_filtp_woHU_1	497	4.84636616496417	0.0531609464055931	18.8108013045981	0.946839053594407	0.780590463308641	6.20859002609663	0.780590463308641	
SRR6263654_filtp_woHU_1	437	5.23380290580386	0.0165782007565668	60.3201767600679	0.983421799243433	0.860832304872319	6.07993319509559	0.860832304872322	
SRR6263655_filtp_woHU_1	342	4.51321739431066	0.0651007551152883	15.3608049281315	0.934899244884712	0.773498507096861	5.8348107370626	0.773498507096863	
SRR6263736_filtp_woHU_1	363	4.73445642751109	0.0341260842838603	29.3030982307262	0.96587391571614	0.803212227028181	5.89440283426485	0.803212227028181	
SRR6263737_filtp_woHU_1	415	5.25109302637806	0.0151699010900221	65.9200079200081	0.984830098909978	0.871076710997273	6.0282785202307	0.871076710997276	
SRR6265700_filtp_woHU_1	390	5.0759835639262	0.0219092593211344	45.6428026772848	0.978090740678866	0.850797639729485	5.96614673912369	0.850797639729486	
SRR6265795_filtp_woHU_1	210	3.60534209447159	0.132305531616074	7.55826296743068	0.867694468383926	0.674260256364778	5.34710753071747	0.674260256364779	
SRR6265865_filtp_woHU_1	276	3.82328947017292	0.0979509462612031	10.2091918268286	0.902049053738797	0.680252096161664	5.62040086571715	0.680252096161663	
SRR6265866_filtp_woHU_1	463	5.26180922144944	0.0203804920728623	49.0665287386046	0.979619507927138	0.857289543031463	6.13772705408623	0.857289543031468	
SRR6266047_filtp_woHU_1	248	3.9506329360793	0.121585084700458	8.22469304079234	0.878414915299543	0.71654738239381	5.51342874616498	0.716547382393807	
SRR6266108_filtp_woHU_1	317	4.51140431233297	0.0570745813984467	17.5209344597526	0.942925418601553	0.783379277763856	5.75890177387728	0.783379277763857	
SRR6266133_filtp_woHU_1	516	5.90973787180356	0.00456136269440001	219.232730873978	0.9954386373056	0.946147431302822	6.24610676548156	0.946147431302822	
SRR6266134_filtp_woHU_1	512	5.53758930353585	0.0102297338745034	97.7542536558457	0.989770266125497	0.887672514076771	6.23832462503951	0.887672514076765	
SRR6266221_filtp_woHU_1	288	4.84508442014077	0.0157358299209979	63.5492379506213	0.984264170079002	0.855574471539391	5.66296048013595	0.855574471539393	
SRR6266334_filtp_woHU_1	572	6.14723159814423	0.00292078576480909	342.373621526248	0.997079214235191	0.968199248195748	6.3491389913798	0.968199248195739	
SRR6266336_filtp_woHU_1	572	6.10055303585703	0.00367180795186075	272.34539853677	0.996328192048139	0.960847296639706	6.3491389913798	0.960847296639709	
SRR6266338_filtp_woHU_1	387	5.4247038519228	0.008130151581295	122.998936735779	0.991869848418705	0.910425847668876	5.95842469302978	0.910425847668885	
SRR6266341_filtp_woHU_1	298	4.46532437141383	0.0521279177840529	19.1835784452899	0.947872082215947	0.78378990655336	5.6970934865054	0.783789906553361	
SRR6266357_filtp_woHU_1	382	5.1248419645257	0.0170764885937335	58.5600484848488	0.982923511406267	0.861981397431662	5.94542060860658	0.861981397431662	
SRR6266358_filtp_woHU_1	561	5.98638851062876	0.0046998757136878	212.771583956492	0.995300124286312	0.945758683515669	6.3297209055227	0.945758683515674	
SRR6429832_filtp_woHU_1	171	5.06727950759913	0.007284681130835	137.274368231046	0.992715318869165	0.985533077361808	5.14166355650266	0.98553307736181	
SRR6429834_filtp_woHU_1	173	5.02649467686261	0.00893886966551328	111.870967741935	0.991061130334487	0.975394965468178	5.15329159449778	0.975394965468185	
shotgun_illumina_1st_ARH_ECA53_filtp_woHU_1	373	5.73158970598023	0.00565983379501388	176.683633516052	0.994340166204986	0.967915866311365	5.92157841964382	0.967915866311371	
shotgun_illumina_1st_COP_ECA53_filtp_woHU_1	362	5.67353923957192	0.00503200655470296	198.727881040892	0.994967993445297	0.962980627408547	5.89164421182577	0.96298062740855	
shotgun_illumina_1st_DEH_ECA53_filtp_woHU_1	331	5.5966312971367	0.00497528616024974	200.993464052288	0.99502471383975	0.964584128598201	5.80211837537706	0.964584128598203	
shotgun_illumina_1st_DEP_ECA53_filtp_woHU_1	407	5.94455476485701	0.00291534631054775	343.012422360249	0.997084653689452	0.989305971312062	6.00881318544259	0.989305971312058	
shotgun_illumina_2nd_BARR2_ECA53_filtp_woHU_1	396	5.88518437872673	0.00325718522703201	307.0135501355	0.996742814772968	0.983911859448441	5.98141421125448	0.983911859448443	
shotgun_illumina_2nd_PRH_ECA55_filtp_woHU_1	504	6.14798760117261	0.00238851062288009	418.670945157527	0.99761148937712	0.988013217727603	6.22257626807137	0.988013217727606	
shotgun_illumina_2nd_PRP_ECA55_filtp_woHU_1	378	5.1562681719388	0.0301439289444859	33.1741758627959	0.969856071055514	0.868805407810728	5.93489419561959	0.868805407810731	
shotgun_illumina_3rd_ARH_ECA55_filtp_woHU_1	805	6.24090122593558	0.00410985134794658	243.317802844532	0.995890148652053	0.932752703945582	6.69084227741856	0.932752703945572	
shotgun_illumina_3rd_COP_ECA55_filtp_woHU_1	957	6.60852834260627	0.00211610161816207	472.567097637091	0.997883898381838	0.962808513838762	6.86380339145295	0.962808513838785	
shotgun_illumina_3rd_DEP_ECA55_filtp_woHU_1	1117	6.8297106033486	0.00159836991178661	625.637402597396	0.998401630088213	0.973114791497741	7.0184017990692	0.973114791497752	
unifrac.S3.41.ribosomal_protein_S10_rpsJ.unifrac	Richness R	Shannon H	Simpson λ	Simpson dominance 1/λ	Gini 1-λ	Pielou J	Hmax	Efficiency η	
CS1_filtp_woHU_1	161	4.68739331302141	0.0149529696318194	66.8763479511143	0.985047030368181	0.922460205159394	5.08140436498446	0.922460205159398	
ERR4182668_filtp_woHU_1	402	4.87066151069533	0.0198576136053647	50.3585183936624	0.980142386394635	0.812257221222465	5.99645208861902	0.812257221222462	
ERR4182669_filtp_woHU_1	467	5.53976445660612	0.00877111253559133	114.010622477161	0.991228887464409	0.901312673689592	6.1463292576689	0.90131267368959	
ERR4182670_filtp_woHU_1	551	5.32610437471041	0.0135273411090283	73.9243574875617	0.986472658890972	0.843841595972442	6.31173480915291	0.843841595972448	
ERR4182673_filtp_woHU_1	676	6.33897924101988	0.0024057832499391	415.665043816942	0.997594216750061	0.972804084692545	6.51619307604296	0.97280408469254	
ERR4183043_filtp_woHU_1	703	6.24943183115839	0.00311860150361704	320.656550328784	0.996881398496383	0.953332051068881	6.55535689181067	0.953332051068888	
ERR4183044_filtp_woHU_1	639	6.17998347189277	0.00320034748971464	312.466069142124	0.996799652510285	0.95666793766662	6.45990445437753	0.95666793766663	
ERR4183116_filtp_woHU_1	542	5.48210684291254	0.0101327512513316	98.689879500258	0.989867248748668	0.870830055736939	6.29526600143965	0.87083005573694	
ERR4183117_filtp_woHU_1	464	5.43074477053396	0.0118281274261166	84.5442362915361	0.988171872573883	0.884502749903471	6.13988455222626	0.884502749903462	
ERR4183124_filtp_woHU_1	547	5.57750629436596	0.00918036332179934	108.928150765606	0.990819636678201	0.88469372488571	6.30444880242198	0.88469372488572	
ERR4183125_filtp_woHU_1	369	5.1638030883924	0.0122396546609483	81.7016515335672	0.987760345339052	0.873622186545485	5.91079664404053	0.873622186545491	
ERR5891181_filtp_woHU_1	178	5.11135114824121	0.00674926035502959	148.164383561644	0.99325073964497	0.986407691219194	5.18178355029209	0.986407691219192	
ERR5891183_filtp_woHU_1	135	4.3103807842115	0.0290121007736559	34.4683760683762	0.970987899226344	0.878723614660317	4.90527477843843	0.878723614660317	
ERR5891186_filtp_woHU_1	153	4.58579780713147	0.0193806348929067	51.5978968452679	0.980619365107093	0.91161005836687	5.03043792139244	0.911610058366868	
ERR5891188_filtp_woHU_1	206	5.22525838056438	0.00683528176167765	146.299748110831	0.993164718238322	0.980739456966675	5.32787616878958	0.980739456966674	
ERR5891191_filtp_woHU_1	179	5.14265128781184	0.00622487991373394	160.645669291339	0.993775120086266	0.991376288615637	5.18738580584075	0.99137628861564	
ERR5891194_filtp_woHU_1	272	5.27065893124627	0.00910453413266915	109.835383714118	0.990895465867331	0.940214953884169	5.605802066296	0.940214953884172	
HTP3_filtp_woHU_1	143	4.89654810182458	0.00829081632653061	120.615384615385	0.991709183673469	0.986641425759917	4.96284463025991	0.986641425759916	
IA6_filtp_woHU_1	149	4.71952977442656	0.0130778842149104	76.4649681528664	0.98692211578509	0.943161554075637	5.00394630594546	0.943161554075637	
RDP_CKDN230001569-1A_HT3KTDSX5_L3_filtp_woHU_1	403	4.5685891821855	0.0247417059653576	40.4175848423776	0.975258294034642	0.761566510165424	5.99893656194668	0.76156651016542	
RUP_CKDN230001570-1A_HT3KTDSX5_L3_filtp_woHU_1	765	5.81877352974765	0.0091466468517396	109.329682911045	0.99085335314826	0.876337701994996	6.63987583382654	0.876337701994993	
SRR13165308_filtp_woHU_1	1176	6.34572180843166	0.00416020300679887	240.372885257218	0.995839796993201	0.897572105688281	7.06987412845857	0.897572105688304	
SRR17689980_filtp_woHU_1	279	5.28227283894215	0.00846286420395419	118.16330451489	0.991537135796046	0.938034839320791	5.63121178182137	0.938034839320793	
SRR17689983_filtp_woHU_1	274	5.14522863917939	0.0131762582799606	75.8940800000004	0.986823741720039	0.916641940404641	5.61312810638807	0.916641940404638	
SRR17689995_filtp_woHU_1	189	4.60134829195091	0.0202533445410483	49.3745612223827	0.979746655458952	0.87782723560125	5.24174701505964	0.877827235601251	
SRR17689998_filtp_woHU_1	270	5.07826422234033	0.0116582992598727	85.775804661487	0.988341700740127	0.907088508071102	5.59842195899838	0.907088508071096	
SRR17689999_filtp_woHU_1	178	4.52506510461295	0.02282062509122	43.820009136592	0.97717937490878	0.873264014348474	5.18178355029209	0.873264014348474	
SRR17690002_filtp_woHU_1	242	5.02848048973716	0.0152638152371983	65.5144198524479	0.984736184762802	0.916111776195732	5.48893772615669	0.916111776195735	
SRR20770298_filtp_woHU_1	477	5.94731395355515	0.00347921570530708	287.421098517874	0.996520784294693	0.964296400721666	6.16751649088834	0.96429640072167	
SRR20770299_filtp_woHU_1	381	5.42526012304169	0.0081456923548447	122.764272997033	0.991854307645155	0.912913221628994	5.9427993751267	0.912913221628986	
SRR24605825_filtp_woHU_1	630	5.85481143663117	0.00608710562414264	164.281690140846	0.993912894375857	0.908325462584141	6.44571981938558	0.908325462584139	
SRR24605827_filtp_woHU_1	1047	6.44703468007097	0.00283458418156502	352.785430224155	0.997165415818435	0.927139410500187	6.95368421087054	0.927139410500185	
SRR24605828_filtp_woHU_1	508	5.92040845632325	0.00366888328365055	272.562499999999	0.996331116716349	0.950232900320127	6.23048144757848	0.950232900320139	
SRR24605834_filtp_woHU_1	256	4.55357219501698	0.0267701185677039	37.3550829620315	0.973229881432296	0.821177003010109	5.54517744447956	0.821177003010106	
SRR24605835_filtp_woHU_1	713	6.19796282411866	0.00323912913065194	308.724956512842	0.996760870869348	0.943447804701729	6.5694814204143	0.943447804701743	
SRR24605838_filtp_woHU_1	722	5.80832618761044	0.00734338670784403	136.176949381111	0.992656613292156	0.882452750490022	6.58202513889283	0.882452750490022	
SRR24605839_filtp_woHU_1	879	6.52672808336879	0.00199770193092666	500.575178167916	0.998002298069073	0.962816814794868	6.77878489768518	0.962816814794854	
SRR24605841_filtp_woHU_1	841	6.27352909394737	0.00341647632446843	292.699233077692	0.996583523675532	0.931538155644105	6.73459165997295	0.93153815564411	
SRR24605842_filtp_woHU_1	396	5.1395231098916	0.0140209167148913	71.3220126996349	0.985979083285109	0.859248821160253	5.98141421125448	0.859248821160259	
SRR5830676_filtp_woHU_1	391	5.27225507502876	0.01109883317245	90.0995613198554	0.98890116682755	0.883316031493036	5.96870755998537	0.883316031493038	
SRR5881985_filtp_woHU_1	995	5.48627492639305	0.0277159274535547	36.0803368992707	0.972284072546445	0.794796378091788	6.90274273715859	0.79479637809178	
SRR5882128_filtp_woHU_1	344	5.64042822413051	0.00469213827444221	213.122448979592	0.995307861725558	0.965720644239467	5.8406416573734	0.965720644239469	
SRR5882551_filtp_woHU_1	385	5.04855955759283	0.0196034518797215	51.0114242193456	0.980396548120279	0.848035142208212	5.95324333428778	0.848035142208205	
SRR6263181_filtp_woHU_1	238	3.54195927282651	0.146647240571531	6.81908501041466	0.853352759428469	0.64725586215386	5.47227067367148	0.647255862153859	
SRR6263202_filtp_woHU_1	359	5.028820816561	0.0183493323519873	54.4978956627648	0.981650667648013	0.854758669421337	5.88332238848828	0.854758669421337	
SRR6263206_filtp_woHU_1	546	4.50056035089617	0.0905137077455427	11.0480503440568	0.909486292254457	0.71407780927519	6.30261897574491	0.714077809275194	
SRR6263248_filtp_woHU_1	393	5.1210387332597	0.0112730316374251	88.7072823143793	0.988726968362575	0.857248400264514	5.97380961186926	0.857248400264513	
SRR6263258_filtp_woHU_1	660	5.07006840942839	0.0397059573383191	25.1851376225333	0.960294042661681	0.780942869990631	6.49223983502047	0.780942869990628	
SRR6263259_filtp_woHU_1	377	3.78624047321829	0.130890940421125	7.63994816434677	0.869109059578875	0.638247468467683	5.93224518744801	0.63824746846768	
SRR6263322_filtp_woHU_1	431	4.51892338423394	0.0638947997964589	15.6507259305228	0.936105200203541	0.744946070381785	6.06610809010375	0.744946070381785	
SRR6263654_filtp_woHU_1	406	4.90808490375932	0.0266194444444446	37.5665240530103	0.973380555555555	0.817148904391889	6.00635315960173	0.817148904391898	
SRR6263655_filtp_woHU_1	324	4.43771405284002	0.0666020693418869	15.0145484949833	0.933397930658113	0.767671847179639	5.78074351579233	0.767671847179644	
SRR6263736_filtp_woHU_1	290	4.7668800310136	0.028666499336656	34.8839245509582	0.971333500663344	0.840737238712196	5.66988092298052	0.840737238712199	
SRR6263737_filtp_woHU_1	344	4.81560041443758	0.0297423211708925	33.6221236484614	0.970257678829108	0.824498522068756	5.8406416573734	0.824498522068753	
SRR6265700_filtp_woHU_1	376	4.86423450927144	0.0316128227477381	31.6327335897756	0.968387177252262	0.820332470200558	5.92958914338989	0.820332470200563	
SRR6265795_filtp_woHU_1	212	3.56333195890539	0.12735	7.85237534354142	0.87265	0.665224412748504	5.35658627467201	0.665224412748506	
SRR6265865_filtp_woHU_1	223	4.12882024916642	0.0703125839732574	14.222205236837	0.929687416026743	0.76358222443736	5.40717177146012	0.763582224437363	
SRR6265866_filtp_woHU_1	375	5.1507176429416	0.0178505105713723	56.0208065759052	0.982149489428628	0.869036937591654	5.92692602597041	0.869036937591655	
SRR6266047_filtp_woHU_1	210	3.58412752644295	0.139338687269783	7.17675772317156	0.860661312730217	0.670292771531758	5.34710753071747	0.670292771531753	
SRR6266108_filtp_woHU_1	286	4.23524295142478	0.0759109323883206	13.1733331226196	0.924089067611679	0.748806415052229	5.65599181081985	0.748806415052228	
SRR6266133_filtp_woHU_1	444	5.49397405238945	0.0163711452732365	61.0830814405388	0.983628854726763	0.901268400381485	6.09582456243222	0.901268400381477	
SRR6266134_filtp_woHU_1	389	5.29090466973912	0.0135265574454764	73.9286403085823	0.986473442554524	0.88720286339459	5.96357934361845	0.887202863394597	
SRR6266221_filtp_woHU_1	288	4.77922301963011	0.0181556843644756	55.079168591224	0.981844315635524	0.843944264911306	5.66296048013595	0.843944264911304	
SRR6266334_filtp_woHU_1	590	6.13374529502068	0.00311096140389078	321.444039372952	0.996889038596109	0.961383619130486	6.38012253689976	0.961383619130489	
SRR6266336_filtp_woHU_1	547	6.03788625133748	0.00379958684919993	263.186509399191	0.9962004131508	0.957718341533347	6.30444880242198	0.957718341533361	
SRR6266338_filtp_woHU_1	391	5.50981444562083	0.00683212784722461	146.367284448025	0.993167872152775	0.923116837313158	5.96870755998537	0.923116837313163	
SRR6266341_filtp_woHU_1	248	4.11461051400637	0.0646918046997194	15.4579085348092	0.935308195300281	0.746288870944129	5.51342874616498	0.746288870944129	
SRR6266357_filtp_woHU_1	355	4.9480710183802	0.0195495859147194	51.151978582169	0.980450414085281	0.842638243266955	5.87211778947542	0.842638243266953	
SRR6266358_filtp_woHU_1	493	5.76428749988017	0.00665136054611404	150.345180217938	0.993348639453886	0.929647443150526	6.20050917404269	0.929647443150544	
SRR6429832_filtp_woHU_1	205	5.24462727147711	0.0062779932909803	159.286567164179	0.99372200670902	0.98527473967389	5.32300997913841	0.985274739673894	
SRR6429834_filtp_woHU_1	168	4.91536940458116	0.0126906403719593	78.7982300884956	0.987309359628041	0.959290390084594	5.12396397940326	0.95929039008459	
shotgun_illumina_1st_ARH_ECA53_filtp_woHU_1	326	5.67677008854023	0.00413047478253145	242.10291858679	0.995869525217469	0.980969544547121	5.78689738136671	0.980969544547121	
shotgun_illumina_1st_COP_ECA53_filtp_woHU_1	319	5.48753013890506	0.00623533692147494	160.376257545271	0.993764663078525	0.951838376399064	5.76519110278484	0.951838376399067	
shotgun_illumina_1st_DEH_ECA53_filtp_woHU_1	370	5.62930729903827	0.00517388783522175	193.278252611586	0.994826112164778	0.951941225644253	5.91350300563827	0.95194122564425	
shotgun_illumina_1st_DEP_ECA53_filtp_woHU_1	362	5.81447736219339	0.00340484429065742	293.699186991872	0.996595155709343	0.986902323552143	5.89164421182577	0.986902323552142	
shotgun_illumina_2nd_BARR2_ECA53_filtp_woHU_1	312	5.64695003252771	0.0040672232811619	245.86798679868	0.995932776718838	0.983274751529711	5.74300318780948	0.983274751529707	
shotgun_illumina_2nd_PRH_ECA55_filtp_woHU_1	450	6.01654660086065	0.00286037842359074	349.604091456075	0.997139621576409	0.984826121277971	6.10924758276437	0.98482612127797	
shotgun_illumina_2nd_PRP_ECA55_filtp_woHU_1	347	5.24351540716693	0.021779755015432	45.91419872682	0.978220244984568	0.896430888081849	5.84932477994686	0.896430888081844	
shotgun_illumina_3rd_ARH_ECA55_filtp_woHU_1	799	6.2762286864742	0.00380579250148776	262.757362522807	0.996194207498512	0.939082706650763	6.68336094576627	0.939082706650778	
shotgun_illumina_3rd_COP_ECA55_filtp_woHU_1	950	6.61315816045391	0.00196971940322586	507.686525482905	0.998030280596774	0.964514668835422	6.85646198459459	0.964514668835412	
shotgun_illumina_3rd_DEP_ECA55_filtp_woHU_1	1008	6.68856373278722	0.00189176758720588	528.606160060595	0.998108232412794	0.967153152156618	6.91572344863131	0.967153152156624	
unifrac.S3.42.RNA_pol_A_bac.unifrac	Richness R	Shannon H	Simpson λ	Simpson dominance 1/λ	Gini 1-λ	Pielou J	Hmax	Efficiency η	
CS1_filtp_woHU_1	149	4.57923116907506	0.0178039056045785	56.1674512441157	0.982196094395422	0.915123961988606	5.00394630594546	0.915123961988605	
ERR4182668_filtp_woHU_1	457	5.03508481157949	0.017245543178851	57.9859961283414	0.982754456821149	0.822097158371539	6.12468339089421	0.822097158371539	
ERR4182669_filtp_woHU_1	525	5.56829485276873	0.0116943577287534	85.5113229126948	0.988305642271247	0.88902136177825	6.26339826259162	0.889021361778256	
ERR4182670_filtp_woHU_1	634	5.49917932412939	0.0114950288843653	86.9941267707582	0.988504971115635	0.8523151890141	6.45204895443723	0.852315189014093	
ERR4182673_filtp_woHU_1	803	6.53144594293815	0.0019358934836541	516.557345971559	0.998064106516346	0.976540004572213	6.68835471394676	0.976540004572203	
ERR4183043_filtp_woHU_1	820	6.37644895350822	0.00290604161577362	344.110694964632	0.997093958384226	0.95038898671613	6.7093043402583	0.950388986716112	
ERR4183044_filtp_woHU_1	820	6.47823231445252	0.00232727802790878	429.686521338651	0.997672721972091	0.965559465767671	6.7093043402583	0.965559465767673	
ERR4183116_filtp_woHU_1	646	5.79309443500122	0.0071323204329457	140.206824609392	0.992867679567054	0.895267181685166	6.4707995037826	0.895267181685164	
ERR4183117_filtp_woHU_1	581	5.69009555998359	0.00945026429784792	105.817146323381	0.990549735702152	0.894001317154167	6.36475075685191	0.894001317154163	
ERR4183124_filtp_woHU_1	661	5.91719054606754	0.00548014268727704	182.477000520743	0.994519857312723	0.911212634786705	6.49375383985169	0.911212634786703	
ERR4183125_filtp_woHU_1	392	5.25706638425208	0.0118638569030744	84.2896208349294	0.988136143096926	0.880394550649375	5.97126183979046	0.880394550649379	
ERR5891181_filtp_woHU_1	199	5.24237198848677	0.00573106235798027	174.487719298245	0.99426893764202	0.990377875840473	5.29330482472449	0.990377875840477	
ERR5891183_filtp_woHU_1	144	4.41231028508033	0.0249238724504453	40.1221761180267	0.975076127549555	0.88782214121741	4.969813299576	0.887822141217411	
ERR5891186_filtp_woHU_1	163	4.67706289602656	0.0154507927934879	64.7215980024968	0.984549207206512	0.918196360568643	5.09375020080676	0.918196360568641	
ERR5891188_filtp_woHU_1	235	5.39212575547458	0.00520416894612071	192.153638814016	0.994795831053879	0.987643794845816	5.45958551414416	0.987643794845817	
ERR5891191_filtp_woHU_1	193	5.14041016236689	0.00798900118906064	125.172093023256	0.992010998810939	0.976764730176252	5.26269018890489	0.976764730176253	
ERR5891194_filtp_woHU_1	262	5.26615489922408	0.00904244464850528	110.589562764457	0.990957555351495	0.945730799462406	5.5683445037611	0.945730799462404	
HTP3_filtp_woHU_1	162	5.02170527587263	0.00745069393718043	134.21568627451	0.99254930606282	0.98704868566253	5.08759633523238	0.987048685662529	
IA6_filtp_woHU_1	146	4.62792948579346	0.017259481662952	57.9391675560299	0.982740518337048	0.928630575622568	4.98360662170834	0.92863057562257	
RDP_CKDN230001569-1A_HT3KTDSX5_L3_filtp_woHU_1	497	4.81169648993346	0.0198257197541545	50.4395306904533	0.980174280245846	0.775006317007309	6.20859002609663	0.775006317007313	
RUP_CKDN230001570-1A_HT3KTDSX5_L3_filtp_woHU_1	837	6.04253485666524	0.00715428625240392	139.77634731403	0.992845713747596	0.89787411875475	6.72982407048948	0.897874118754757	
SRR13165308_filtp_woHU_1	1418	6.49026423285932	0.00487057494475389	205.314569910705	0.995129425055246	0.894345020226678	7.25700270709207	0.894345020226692	
SRR17689980_filtp_woHU_1	362	5.6017501859509	0.00535185010630386	186.851272015656	0.994648149893696	0.950795734526366	5.89164421182577	0.950795734526363	
SRR17689983_filtp_woHU_1	314	5.32922805386487	0.010297150152569	97.1142486205776	0.989702849847431	0.926920123033299	5.74939298590825	0.926920123033307	
SRR17689995_filtp_woHU_1	241	4.93953367349888	0.0133197396391429	75.0765425670396	0.986680260360857	0.900586427063079	5.48479693349065	0.900586427063076	
SRR17689998_filtp_woHU_1	342	5.39280043857212	0.00830673392084273	120.384258064516	0.991693266079157	0.924245992130842	5.8348107370626	0.924245992130849	
SRR17689999_filtp_woHU_1	226	4.98869923268325	0.0115065628307241	86.9069256137778	0.988493437169276	0.920333368081377	5.42053499927229	0.920333368081376	
SRR17690002_filtp_woHU_1	305	5.22367834127106	0.014144	70.7013574660632	0.985856	0.913180705050505	5.72031177660741	0.913180705050501	
SRR20770298_filtp_woHU_1	447	5.93570987042505	0.00345928984533222	289.076673164391	0.996540710154668	0.972659217998203	6.10255859461357	0.972659217998211	
SRR20770299_filtp_woHU_1	485	5.76346718628084	0.00506616632830775	197.387913304858	0.994933833671692	0.931974195305497	6.18414889093748	0.931974195305505	
SRR24605825_filtp_woHU_1	622	5.95381424080208	0.00435845935727788	229.438872323123	0.995641540642722	0.925519926343183	6.43294009273918	0.925519926343187	
SRR24605827_filtp_woHU_1	1261	6.68787704493127	0.0020813495465391	480.457500117082	0.997918650453461	0.936722019007282	7.13966033596492	0.93672201900728	
SRR24605828_filtp_woHU_1	584	5.998131614573	0.00371586107030722	269.116627634661	0.996284138929693	0.941636554593638	6.36990098282823	0.941636554593636	
SRR24605834_filtp_woHU_1	220	4.62178353882497	0.018098908373354	55.2519510774607	0.981901091626646	0.856897051030269	5.39362754635236	0.856897051030269	
SRR24605835_filtp_woHU_1	1021	6.5623068282306	0.00233140584902363	428.925748993377	0.997668594150976	0.947141662563505	6.92853781816467	0.94714166256352	
SRR24605838_filtp_woHU_1	844	5.95629532860947	0.00632540006936182	158.092767103171	0.993674599930638	0.883965646872263	6.73815249459596	0.883965646872282	
SRR24605839_filtp_woHU_1	1158	6.78032718748895	0.00170692069870246	585.850298001637	0.998293079301298	0.961141905615846	7.05444965813294	0.961141905615828	
SRR24605841_filtp_woHU_1	1239	6.69267882650316	0.00210269199909885	475.580827067668	0.997897308000901	0.939711114163258	7.12205988162914	0.939711114163238	
SRR24605842_filtp_woHU_1	471	5.13838024716731	0.0218779122958153	45.7082004205344	0.978122087704185	0.834849507279899	6.15485809401642	0.834849507279902	
SRR5830676_filtp_woHU_1	455	5.60168299780277	0.00691171010618546	144.681993983671	0.993088289893815	0.915263199539562	6.12029741895095	0.915263199539564	
SRR5881985_filtp_woHU_1	1286	5.85551308840011	0.0197031576801912	50.7532861600839	0.980296842319809	0.817889976587801	7.15929190479756	0.817889976587821	
SRR5882128_filtp_woHU_1	392	5.80569208246465	0.00385968179401616	259.088715953306	0.996140318205984	0.972272232943712	5.97126183979046	0.9722722329437	
SRR5882551_filtp_woHU_1	438	5.18372137336092	0.016967377315578	58.9366277062683	0.983032622684422	0.85227471252594	6.08221891037645	0.852274712525934	
SRR6263181_filtp_woHU_1	312	3.84026304141834	0.126334404487957	7.91550016840683	0.873665595512043	0.668685514500491	5.74300318780948	0.668685514500492	
SRR6263202_filtp_woHU_1	513	5.33188634657545	0.0173953492317763	57.4866297121121	0.982604650768224	0.854431194848813	6.24027584517077	0.854431194848816	
SRR6263206_filtp_woHU_1	629	4.57003788262047	0.0909209742831697	10.9985622996685	0.90907902571683	0.709178274087553	6.44413125670044	0.709178274087558	
SRR6263248_filtp_woHU_1	508	5.2887829088227	0.0119590509178993	83.6186756679233	0.988040949082101	0.848856216541375	6.23048144757848	0.848856216541376	
SRR6263258_filtp_woHU_1	926	5.03437506232195	0.0607495205198192	16.4610352714431	0.939250479480181	0.737003037881684	6.83087423464618	0.737003037881672	
SRR6263259_filtp_woHU_1	440	3.91248082188613	0.125066834778349	7.99572486000992	0.874933165221651	0.642783904025121	6.08677472691231	0.64278390402512	
SRR6263322_filtp_woHU_1	507	4.72166561423797	0.0597826346783491	16.7272654572744	0.940217365321651	0.758072934528909	6.22851100359118	0.758072934528913	
SRR6263654_filtp_woHU_1	452	5.01915871223478	0.0240065087180353	41.6553698726185	0.975993491281965	0.82097148078648	6.11368217983223	0.820971480786484	
SRR6263655_filtp_woHU_1	385	4.66423500729919	0.0642211339320842	15.5711981208169	0.935778866067916	0.783477970812223	5.95324333428778	0.783477970812225	
SRR6263736_filtp_woHU_1	414	4.93733113184202	0.0311521057120965	32.1005587629248	0.968847894287903	0.819356280622306	6.02586597382531	0.819356280622305	
SRR6263737_filtp_woHU_1	437	5.03288379088841	0.0291969258186677	34.2501812077978	0.970803074181332	0.827786034713047	6.07993319509559	0.827786034713042	
SRR6265700_filtp_woHU_1	483	5.12650030506631	0.0290309573361081	34.4459877234645	0.970969042663892	0.829528558314871	6.18001665365257	0.829528558314871	
SRR6265795_filtp_woHU_1	254	3.78345741870074	0.11719276792733	8.5329497518148	0.88280723207267	0.68326332423812	5.53733426701854	0.683263324238123	
SRR6265865_filtp_woHU_1	309	4.03505048860153	0.0847942041884431	11.7932588620991	0.915205795811557	0.703786900818305	5.73334127689775	0.703786900818304	
SRR6265866_filtp_woHU_1	509	5.2914172733088	0.0219276754347871	45.604469245908	0.978072324565213	0.849011056210533	6.23244801655052	0.849011056210538	
SRR6266047_filtp_woHU_1	277	4.14477660662433	0.100068614268084	9.99314327788131	0.899931385731916	0.736977899173394	5.62401750618734	0.736977899173393	
SRR6266108_filtp_woHU_1	343	4.42936626637526	0.0692184937939188	14.4470060700433	0.930781506206081	0.758747994012913	5.83773044716594	0.758747994012911	
SRR6266133_filtp_woHU_1	617	5.9708597343996	0.00691666198159693	144.578411184569	0.993083338018403	0.929335635043061	6.42486902390539	0.929335635043058	
SRR6266134_filtp_woHU_1	529	5.54247866947163	0.0113940455064823	87.7651400840093	0.988605954493518	0.883828559037736	6.2709884318583	0.883828559037743	
SRR6266221_filtp_woHU_1	347	4.96583729935525	0.0162307924599878	61.6112862304907	0.983769207540012	0.848959065562499	5.84932477994686	0.8489590655625	
SRR6266334_filtp_woHU_1	722	6.33479296857243	0.00272744249568601	366.643843667354	0.997272557504314	0.962438282275843	6.58202513889283	0.962438282275853	
SRR6266336_filtp_woHU_1	655	6.29727517425609	0.00253055681303756	395.16994633274	0.997469443186962	0.971107077796828	6.48463523563525	0.971107077796833	
SRR6266338_filtp_woHU_1	485	5.68374115358115	0.00628782370050665	159.03753788762	0.993712176299493	0.91908219769908	6.18414889093748	0.919082197699088	
SRR6266341_filtp_woHU_1	333	4.4303450949596	0.0577627824797835	17.312185408485	0.942237217520216	0.762781750379289	5.80814248998044	0.762781750379287	
SRR6266357_filtp_woHU_1	410	5.07783917379526	0.0213304752240938	46.8812808666565	0.978669524775906	0.844033664514486	6.01615715969835	0.844033664514479	
SRR6266358_filtp_woHU_1	622	5.90652336081415	0.00777634111347184	128.595181899568	0.992223658886528	0.918168562999803	6.43294009273918	0.918168562999808	
SRR6429832_filtp_woHU_1	196	5.16390148200088	0.00704945576740447	141.854922279793	0.992950544232596	0.978360989746614	5.27811465923052	0.978360989746615	
SRR6429834_filtp_woHU_1	211	5.23903653173875	0.00686783917126982	145.606205250596	0.99313216082873	0.978919171823406	5.35185813347607	0.978919171823402	
shotgun_illumina_1st_ARH_ECA53_filtp_woHU_1	373	5.85475282544441	0.0031611570247934	316.339869281045	0.996838842975207	0.988714901760361	5.92157841964382	0.988714901760363	
shotgun_illumina_1st_COP_ECA53_filtp_woHU_1	353	5.6249098619426	0.00515148139897529	194.118918918918	0.994848518601025	0.958823913699622	5.8664680569333	0.958823913699621	
shotgun_illumina_1st_DEH_ECA53_filtp_woHU_1	388	5.69526743553881	0.00469237832874195	213.111545988259	0.995307621671258	0.955420623041874	5.96100533962327	0.955420623041868	
shotgun_illumina_1st_DEP_ECA53_filtp_woHU_1	422	5.9797518311442	0.00282482243054752	354.004552352048	0.997175177569453	0.989205388663548	6.04500531403601	0.989205388663541	
shotgun_illumina_2nd_BARR2_ECA53_filtp_woHU_1	461	6.06709546445399	0.00257489737094942	388.364993215741	0.997425102629051	0.989189911028461	6.13339804299665	0.989189911028458	
shotgun_illumina_2nd_PRH_ECA55_filtp_woHU_1	537	6.20168753182278	0.0023338401898617	428.478352692717	0.997666159810138	0.986587561526668	6.28599809450886	0.986587561526652	
shotgun_illumina_2nd_PRP_ECA55_filtp_woHU_1	428	5.50255643150153	0.0162742185534208	61.4468827930175	0.983725781446579	0.908144009270829	6.0591231955818	0.908144009270832	
shotgun_illumina_3rd_ARH_ECA55_filtp_woHU_1	957	6.48170345520055	0.00293901491653112	340.25005942477	0.997060985083469	0.944331165323266	6.86380339145295	0.944331165323253	
shotgun_illumina_3rd_COP_ECA55_filtp_woHU_1	1177	6.88784228349211	0.0013278593058064	753.091834072517	0.998672140694194	0.974135347243944	7.07072410726028	0.974135347243944	
shotgun_illumina_3rd_DEP_ECA55_filtp_woHU_1	1298	6.94453805525998	0.0015274925950079	654.667658139989	0.998472507404992	0.968746691085976	7.16857989726403	0.968746691085979	
unifrac.S3.43.TIGR00042.unifrac	Richness R	Shannon H	Simpson λ	Simpson dominance 1/λ	Gini 1-λ	Pielou J	Hmax	Efficiency η	
CS1_filtp_woHU_1	177	4.80962940884244	0.0140929857565171	70.9572845156369	0.985907014243483	0.929190548444753	5.17614973257383	0.929190548444753	
ERR4182668_filtp_woHU_1	438	5.04610339013311	0.0163804444444445	61.0484046016929	0.983619555555555	0.829648433324934	6.08221891037645	0.829648433324935	
ERR4182669_filtp_woHU_1	523	5.77720474047584	0.00649326008036468	154.005844155843	0.993506739919635	0.922937863120991	6.25958146406492	0.922937863120978	
ERR4182670_filtp_woHU_1	720	5.79522609446332	0.0079523188158052	125.749485547851	0.992047681184195	0.880833685736824	6.5792512120101	0.880833685736824	
ERR4182673_filtp_woHU_1	768	6.5579946883544	0.00161869482446375	617.781675017887	0.998381305175536	0.987086429848131	6.64378973314767	0.98708642984813	
ERR4183043_filtp_woHU_1	779	6.3830509097088	0.0026636536967728	375.424178154828	0.997336346303227	0.958702361070356	6.65801104587075	0.958702361070344	
ERR4183044_filtp_woHU_1	720	6.33421501749249	0.0027966819800205	357.566576086949	0.99720331801998	0.962756218508527	6.5792512120101	0.962756218508556	
ERR4183116_filtp_woHU_1	757	6.13767558897565	0.00412557527942143	242.390438247012	0.995874424720579	0.925831841511046	6.62936325343745	0.925831841511041	
ERR4183117_filtp_woHU_1	533	5.64960871798593	0.00817422664169044	122.335732031183	0.99182577335831	0.89983108064914	6.27852142416584	0.899831080649143	
ERR4183124_filtp_woHU_1	551	5.68295875474531	0.00704153906623514	142.014407730136	0.992958460933765	0.900379836380991	6.31173480915291	0.900379836380994	
ERR4183125_filtp_woHU_1	417	5.38994143781033	0.00936261738268323	106.807739665787	0.990637382617317	0.893397050805497	6.0330862217988	0.893397050805497	
ERR5891181_filtp_woHU_1	186	5.15826320309239	0.00642509464575449	155.63973063973	0.993574905354246	0.987086348643675	5.2257466737132	0.987086348643675	
ERR5891183_filtp_woHU_1	107	4.22959262893563	0.0255415858718542	39.151836734694	0.974458414128146	0.905146064358826	4.67282883446191	0.905146064358826	
ERR5891186_filtp_woHU_1	112	4.31253215309934	0.0229579460109841	43.5579036348267	0.977042053989016	0.913962739153029	4.71849887129509	0.913962739153029	
ERR5891188_filtp_woHU_1	193	5.2396392636824	0.00553867267914909	180.548672566372	0.994461327320851	0.995619934977155	5.26269018890489	0.995619934977158	
ERR5891191_filtp_woHU_1	182	5.15305689863119	0.00643923133254209	155.298039215687	0.993560768667458	0.990209507498879	5.2040066870768	0.990209507498873	
ERR5891194_filtp_woHU_1	243	5.34951055206942	0.0061688831917962	162.103896103896	0.993831116808204	0.973866869549554	5.49306144334055	0.973866869549555	
HTP3_filtp_woHU_1	174	5.10854714637949	0.00654832347140042	152.710843373493	0.9934516765286	0.990209805883893	5.15905529921453	0.990209805883891	
IA6_filtp_woHU_1	203	5.19376025471639	0.00656898788927338	152.230452674897	0.993431012110727	0.977519086442995	5.31320597904179	0.977519086442991	
RDP_CKDN230001569-1A_HT3KTDSX5_L3_filtp_woHU_1	449	5.06018454280902	0.0140970085944043	70.9370355634844	0.985902991405596	0.828584506039038	6.10702288774225	0.828584506039039	
RUP_CKDN230001570-1A_HT3KTDSX5_L3_filtp_woHU_1	721	6.04067537601005	0.00446467775007005	223.980330939744	0.99553532224993	0.91794660822297	6.58063913728495	0.917946608222963	
SRR13165308_filtp_woHU_1	1250	6.37813584319206	0.00521707957457855	191.678119090369	0.994782920425421	0.894436451137674	7.13089883029635	0.894436451137677	
SRR17689980_filtp_woHU_1	284	5.44628650803838	0.00559980344382794	178.577696526508	0.994400196556172	0.964119551341978	5.64897423816121	0.964119551341982	
SRR17689983_filtp_woHU_1	254	5.25098303346962	0.00932185100354349	107.274831964153	0.990678148996457	0.94828716856512	5.53733426701854	0.948287168565118	
SRR17689995_filtp_woHU_1	187	4.68367707298297	0.0189886251398147	52.6631071305545	0.981011374860185	0.895350759472324	5.23110861685459	0.895350759472326	
SRR17689998_filtp_woHU_1	264	5.21689596533058	0.00950078092164322	105.254505734571	0.990499219078357	0.935606812190388	5.57594910314632	0.935606812190394	
SRR17689999_filtp_woHU_1	176	4.75452399022655	0.014001775834984	71.4195121951218	0.985998224165016	0.91955105069259	5.17048399503815	0.91955105069259	
SRR17690002_filtp_woHU_1	235	5.20361205742806	0.00797460821265624	125.398009950248	0.992025391787344	0.953114855321353	5.45958551414416	0.953114855321352	
SRR20770298_filtp_woHU_1	402	5.85262637013927	0.00341798855937362	292.569732937684	0.996582011440626	0.976014864063914	5.99645208861902	0.976014864063913	
SRR20770299_filtp_woHU_1	384	5.51671159075979	0.00706872412953492	141.468245425189	0.992931275870465	0.9270783015459	5.95064255258773	0.927078301545893	
SRR24605825_filtp_woHU_1	610	5.98368707543899	0.00443349424780832	225.555722891565	0.995566505752192	0.932989064933817	6.41345895716736	0.93298906493381	
SRR24605827_filtp_woHU_1	923	6.40617755891951	0.00266337407511749	375.463593095119	0.997336625924882	0.938272618341141	6.82762923450285	0.938272618341133	
SRR24605828_filtp_woHU_1	483	5.93432005484803	0.00340534979423868	293.655589123868	0.996594650205761	0.960243375936644	6.18001665365257	0.960243375936639	
SRR24605834_filtp_woHU_1	195	3.8078647314481	0.0932741556983983	10.7210833752653	0.906725844301602	0.722143950356271	5.27299955856375	0.72214395035627	
SRR24605835_filtp_woHU_1	726	6.26169322749706	0.00287373567868072	347.97911562245	0.997126264321319	0.950534449591363	6.5875500148248	0.950534449591355	
SRR24605838_filtp_woHU_1	696	5.96721291585369	0.00507782448401494	196.934731231458	0.994922175515985	0.911672137550678	6.54534966033442	0.911672137550674	
SRR24605839_filtp_woHU_1	847	6.50322388270756	0.00208143171628771	480.438532849651	0.997918568283712	0.964626609405299	6.74170069465205	0.964626609405285	
SRR24605841_filtp_woHU_1	834	6.38696311504873	0.00262399757871712	381.097912631804	0.997376002421283	0.94956013759632	6.72623340235875	0.949560137596319	
SRR24605842_filtp_woHU_1	346	5.11614566380198	0.013354185711473	74.8828885269182	0.986645814288527	0.875087529459584	5.84643877505772	0.875087529459584	
SRR5830676_filtp_woHU_1	505	5.75396441381293	0.00573241061130333	174.446680080483	0.994267589388697	0.924397204908685	6.22455842927536	0.924397204908684	
SRR5881985_filtp_woHU_1	1194	5.91080805919463	0.0176539817733865	56.6444450230207	0.982346018226613	0.834263150475543	7.08506429395255	0.834263150475562	
SRR5882128_filtp_woHU_1	290	5.54312638920435	0.0047064887152778	212.472622478385	0.995293511284722	0.97764423353894	5.66988092298052	0.977644233538942	
SRR5882551_filtp_woHU_1	462	5.23701211460506	0.017310596574308	57.7680841736083	0.982689403425692	0.853550114385921	6.13556489108174	0.853550114385923	
SRR6263181_filtp_woHU_1	307	3.98484956555847	0.104449954133679	9.57396303611736	0.895550045866321	0.69581901618344	5.7268477475872	0.695819016183441	
SRR6263202_filtp_woHU_1	453	5.44543602022393	0.00966249873914695	103.492898368883	0.990337501260853	0.890374766018923	6.11589212548303	0.890374766018926	
SRR6263206_filtp_woHU_1	624	4.82135098904688	0.0645184099275448	15.4994520342801	0.935481590072455	0.749104777405682	6.43615036836943	0.749104777405679	
SRR6263248_filtp_woHU_1	525	5.47920547916964	0.00789804151531186	126.613667206143	0.992101958484688	0.874797553892493	6.26339826259162	0.874797553892491	
SRR6263258_filtp_woHU_1	732	5.23929383398948	0.0374875655617089	26.6755118668318	0.962512434438291	0.794340233562875	6.59578051396131	0.794340233562873	
SRR6263259_filtp_woHU_1	401	4.04552843430127	0.0998288864903275	10.0171406809881	0.900171113509672	0.674934012066066	5.99396142730657	0.674934012066067	
SRR6263322_filtp_woHU_1	497	4.85926302404054	0.0461769676070017	21.6558178638039	0.953823032392998	0.782667723849626	6.20859002609663	0.782667723849629	
SRR6263654_filtp_woHU_1	492	5.20045283721284	0.0230692603360176	43.3477270373823	0.976930739663982	0.838988576886774	6.19847871649231	0.838988576886771	
SRR6263655_filtp_woHU_1	378	4.67854912064777	0.0445848016683024	22.429167846023	0.955415198331698	0.788312136061482	5.93489419561959	0.788312136061481	
SRR6263736_filtp_woHU_1	323	4.87206850256783	0.0289946181327528	34.4891591750396	0.971005381867247	0.843260935412308	5.77765232322266	0.843260935412312	
SRR6263737_filtp_woHU_1	445	5.08187909614906	0.0308618875279097	32.4024251302082	0.96913811247209	0.833358017794399	6.09807428216624	0.833358017794395	
SRR6265700_filtp_woHU_1	480	5.07028935285745	0.0329984196265911	30.304481587784	0.967001580373409	0.821260935757547	6.17378610390194	0.821260935757538	
SRR6265795_filtp_woHU_1	242	3.67709250581572	0.120348117165524	8.30922845784638	0.879651882834476	0.669909678204783	5.48893772615669	0.669909678204784	
SRR6265865_filtp_woHU_1	274	4.28575243612091	0.0718325862477995	13.9212584738397	0.928167413752201	0.763523004444433	5.61312810638807	0.763523004444435	
SRR6265866_filtp_woHU_1	427	5.26630992311961	0.0191093450612758	52.3304172274565	0.980890654938724	0.869489470256403	6.05678401322862	0.869489470256395	
SRR6266047_filtp_woHU_1	221	4.13414449376564	0.0887649177317987	11.2657120127287	0.911235082268201	0.765842884395329	5.39816270151775	0.765842884395329	
SRR6266108_filtp_woHU_1	330	4.31838022471182	0.0685507332633935	14.5877360079824	0.931449266736607	0.744664809138758	5.79909265446053	0.744664809138757	
SRR6266133_filtp_woHU_1	500	5.95472679839954	0.00373689715217925	267.601691798456	0.996263102847821	0.958182190106463	6.21460809842219	0.958182190106456	
SRR6266134_filtp_woHU_1	423	5.53640914103334	0.00789199566123176	126.71066266703	0.992108004338768	0.915506599745359	6.04737217904628	0.915506599745366	
SRR6266221_filtp_woHU_1	346	5.01780619301379	0.0150378219706134	66.4989918057404	0.984962178029387	0.858267123983393	5.84643877505772	0.858267123983392	
SRR6266334_filtp_woHU_1	539	6.10395168326585	0.00290191335127324	344.600227143667	0.997098086648727	0.970465454987768	6.289715570909	0.970465454987781	
SRR6266336_filtp_woHU_1	597	6.22515551723681	0.00256772998867095	389.449048152293	0.997432270011329	0.973910550903987	6.3919171133926	0.97391055090401	
SRR6266338_filtp_woHU_1	386	5.57352676797732	0.00589197947900799	169.722247601644	0.994108020520992	0.935809093201974	5.95583736946483	0.93580909320198	
SRR6266341_filtp_woHU_1	296	4.29730117608444	0.0655895316460443	15.2463354273747	0.934410468353956	0.755189757444753	5.69035945432406	0.755189757444757	
SRR6266357_filtp_woHU_1	389	5.09013655499782	0.0183418700620036	54.520067834935	0.981658129937996	0.853537156413408	5.96357934361845	0.853537156413408	
SRR6266358_filtp_woHU_1	536	5.99021511759355	0.00493038778073201	202.823803009574	0.995069612219268	0.953228394565789	6.2841341610708	0.953228394565792	
SRR6429832_filtp_woHU_1	158	4.97146562377086	0.00833307896584354	120.003663003663	0.991666921034156	0.981999466941043	5.06259503302697	0.981999466941045	
SRR6429834_filtp_woHU_1	123	4.78886284528939	0.00863905325443786	115.753424657534	0.991360946745562	0.995153654066268	4.81218435537242	0.995153654066271	
shotgun_illumina_1st_ARH_ECA53_filtp_woHU_1	359	5.81622866928166	0.00335363848853128	298.183600713012	0.996646361511469	0.988595947191692	5.88332238848828	0.988595947191699	
shotgun_illumina_1st_COP_ECA53_filtp_woHU_1	316	5.49100582644036	0.00697633218258162	143.341798215513	0.993023667817418	0.954004822085044	5.75574221358691	0.954004822085052	
shotgun_illumina_1st_DEH_ECA53_filtp_woHU_1	274	5.380122704617	0.00632653061224487	158.064516129033	0.993673469387755	0.958489206489712	5.61312810638807	0.958489206489713	
shotgun_illumina_1st_DEP_ECA53_filtp_woHU_1	378	5.87420705970243	0.00314437942178356	318.027777777778	0.996855620578216	0.989774521007981	5.93489419561959	0.989774521007977	
shotgun_illumina_2nd_BARR2_ECA53_filtp_woHU_1	363	5.83623260938751	0.00321863879133957	310.690346083789	0.99678136120866	0.990131277669182	5.89440283426485	0.990131277669171	
shotgun_illumina_2nd_PRH_ECA55_filtp_woHU_1	465	6.09662847350884	0.0024318227947963	411.214173228343	0.997568177205204	0.992606861684495	6.14203740558736	0.992606861684507	
shotgun_illumina_2nd_PRP_ECA55_filtp_woHU_1	347	5.29981145232	0.019574542208287	51.0867630700781	0.980425457791713	0.90605525452942	5.84932477994686	0.906055254529416	
shotgun_illumina_3rd_ARH_ECA55_filtp_woHU_1	791	6.23730550445881	0.00408997764703914	244.500113765641	0.995910022352961	0.934666117800417	6.67329796776765	0.934666117800438	
shotgun_illumina_3rd_COP_ECA55_filtp_woHU_1	952	6.62010149915505	0.00196310025565507	509.398334149932	0.998036899744345	0.965231278784022	6.85856503479136	0.965231278784021	
shotgun_illumina_3rd_DEP_ECA55_filtp_woHU_1	1076	6.8206307810286	0.00150890922871561	662.730388925518	0.998491090771284	0.97702695490456	6.98100574072173	0.977026954904577	
unifrac.S3.44.alaS.unifrac	Richness R	Shannon H	Simpson λ	Simpson dominance 1/λ	Gini 1-λ	Pielou J	Hmax	Efficiency η	
CS1_filtp_woHU_1	149	4.6772283682407	0.013861057752104	72.1445663010968	0.986138942247896	0.934707944944061	5.00394630594546	0.93470794494406	
ERR4182668_filtp_woHU_1	475	5.2395626400926	0.0133190188258645	75.0806056417669	0.986680981174135	0.850120885706287	6.16331480403464	0.850120885706289	
ERR4182669_filtp_woHU_1	624	6.08135925955681	0.00378451205533995	264.2348565356	0.99621548794466	0.94487526106347	6.43615036836943	0.944875261063465	
ERR4182670_filtp_woHU_1	750	5.80968499817853	0.0087530634251544	114.245716205622	0.991246936574846	0.877586216485882	6.62007320653036	0.877586216485895	
ERR4182673_filtp_woHU_1	802	6.62229326563068	0.00147920604914932	676.038338658154	0.998520793950851	0.990307418940439	6.68710860786651	0.990307418940449	
ERR4183043_filtp_woHU_1	790	6.39026919072241	0.00276349046920008	361.861208187723	0.9972365095308	0.957769429941088	6.67203294546107	0.957769429941071	
ERR4183044_filtp_woHU_1	760	6.40724827532846	0.00246038929288517	406.439746300209	0.997539610707115	0.965918995111453	6.63331843328038	0.965918995111457	
ERR4183116_filtp_woHU_1	828	6.21698437868343	0.0043226410279545	231.340051957357	0.995677358972045	0.925282364512983	6.71901315438526	0.925282364512978	
ERR4183117_filtp_woHU_1	574	5.74633593535465	0.00822272438377457	121.614194192529	0.991777275616225	0.904560234331287	6.35262939631957	0.904560234331282	
ERR4183124_filtp_woHU_1	614	5.78683940451608	0.00664095937472177	150.580653121658	0.993359040625278	0.901377566381692	6.41999492814714	0.90137756638169	
ERR4183125_filtp_woHU_1	419	5.39804056663812	0.00897277305992555	111.448266140401	0.991027226940074	0.894030468393605	6.03787091992214	0.894030468393609	
ERR5891181_filtp_woHU_1	187	5.1295572912646	0.00695264331627966	143.830188679246	0.99304735668372	0.980587035554417	5.23110861685459	0.980587035554417	
ERR5891183_filtp_woHU_1	116	4.06816503524785	0.0440990581993628	22.6762212353653	0.955900941800637	0.855808951065892	4.75359019110636	0.855808951065895	
ERR5891186_filtp_woHU_1	136	4.39939406918156	0.0234710743801653	42.6056338028169	0.976528925619835	0.895522720709579	4.91265488573605	0.895522720709581	
ERR5891188_filtp_woHU_1	205	5.29942591215458	0.00517633195858933	193.186991869919	0.994823668041411	0.995569411465269	5.32300997913841	0.995569411465265	
ERR5891191_filtp_woHU_1	148	4.95600581942644	0.00754458161865568	132.545454545455	0.992455418381344	0.991754111676622	4.99721227376411	0.99175411167662	
ERR5891194_filtp_woHU_1	249	5.34554590080937	0.00653979238754322	152.910052910054	0.993460207612457	0.968843051516491	5.51745289646471	0.968843051516492	
HTP3_filtp_woHU_1	167	5.07094767880759	0.00670360110803323	149.173553719009	0.993296398891967	0.990807700178334	5.11799381241676	0.990807700178332	
IA6_filtp_woHU_1	173	5.04871078914862	0.00770422946474696	129.798833819242	0.992295770535253	0.979706018293081	5.15329159449778	0.979706018293077	
RDP_CKDN230001569-1A_HT3KTDSX5_L3_filtp_woHU_1	506	5.03320920798681	0.0173969334817894	57.4813946979087	0.982603066518211	0.808348119559502	6.22653666928747	0.808348119559503	
RUP_CKDN230001570-1A_HT3KTDSX5_L3_filtp_woHU_1	755	6.04842961934711	0.00490208342984749	203.994896111164	0.995097916570152	0.912733852295512	6.62671774924902	0.912733852295519	
SRR13165308_filtp_woHU_1	1380	6.47876169036311	0.00789206103515864	126.709613058625	0.992107938964841	0.896114268819117	7.22983877815125	0.896114268819127	
SRR17689980_filtp_woHU_1	371	5.71906690272794	0.00423353526765156	236.209205020919	0.995766464732348	0.966678764891168	5.91620206260743	0.966678764891163	
SRR17689983_filtp_woHU_1	294	5.35934436686224	0.00829007581449356	120.626158599382	0.991709924185506	0.942952256544423	5.68357976733868	0.942952256544421	
SRR17689995_filtp_woHU_1	214	4.84064506376094	0.0149049833662915	67.0916548797739	0.985095016633708	0.902099646030794	5.36597601502185	0.902099646030796	
SRR17689998_filtp_woHU_1	296	5.19794727208838	0.0109741946838245	91.1228594726825	0.989025805316175	0.913465540061533	5.69035945432406	0.913465540061531	
SRR17689999_filtp_woHU_1	215	4.90838428288471	0.0129112869637651	77.4516129032257	0.987088713036235	0.913929454410818	5.37063802812766	0.913929454410818	
SRR17690002_filtp_woHU_1	286	5.41029677192116	0.00632805821396548	158.026359143329	0.993671941786034	0.956560220184782	5.65599181081985	0.956560220184784	
SRR20770298_filtp_woHU_1	405	5.85361426425335	0.00344094377130632	290.617942768754	0.996559056228694	0.974970747921544	6.00388706710654	0.974970747921544	
SRR20770299_filtp_woHU_1	424	5.67704444471559	0.005305358058733	188.48869179601	0.994694641941267	0.938395796562896	6.04973345523196	0.938395796562898	
SRR24605825_filtp_woHU_1	724	6.11745803070898	0.00418425166444854	238.991360987316	0.995815748335551	0.929028372528682	6.58479139238572	0.929028372528688	
SRR24605827_filtp_woHU_1	1216	6.6548729091495	0.00217520320149658	459.727164483751	0.997824796798503	0.936867686776808	7.10332206252611	0.936867686776822	
SRR24605828_filtp_woHU_1	629	6.1543267646962	0.0028755096781015	347.76443550704	0.997124490321899	0.955028151901327	6.44413125670044	0.95502815190134	
SRR24605834_filtp_woHU_1	210	4.39732927463633	0.0272730838736044	36.6661872428672	0.972726916126396	0.822375321493918	5.34710753071747	0.822375321493918	
SRR24605835_filtp_woHU_1	940	6.52066689628573	0.00219295102972116	456.006534777547	0.997807048970279	0.952495079536321	6.84587987526405	0.952495079536316	
SRR24605838_filtp_woHU_1	842	6.05587199742325	0.00503477068577489	198.618777777779	0.994965229314225	0.899060240182806	6.73578001424233	0.899060240182796	
SRR24605839_filtp_woHU_1	1075	6.69718993749687	0.00191967504957637	520.921496698452	0.998080324950424	0.959472360261725	6.98007594056176	0.959472360261714	
SRR24605841_filtp_woHU_1	1113	6.6143740449388	0.0022553704119864	443.386148317543	0.997744629588014	0.942915052874646	7.01481435127554	0.942915052874658	
SRR24605842_filtp_woHU_1	479	5.10992846611708	0.0221609507598035	45.1244177580073	0.977839049240196	0.827961173012953	6.17170059741091	0.827961173012961	
SRR5830676_filtp_woHU_1	497	5.77787072421037	0.00573396626040426	174.399351964359	0.994266033739596	0.930625262728605	6.20859002609663	0.930625262728609	
SRR5881985_filtp_woHU_1	1197	6.00770377283775	0.0121368555435052	82.3936641921334	0.987863144456495	0.847638983722539	7.08757370555797	0.847638983722536	
SRR5882128_filtp_woHU_1	338	5.6710507747697	0.00419651162292265	238.29315628192	0.995803488377077	0.973897660529994	5.82304589548302	0.973897660529994	
SRR5882551_filtp_woHU_1	520	5.53369311131247	0.00840940223179605	118.914516446721	0.991590597768204	0.884848830698712	6.25382881157547	0.884848830698723	
SRR6263181_filtp_woHU_1	323	4.39056529271414	0.055365268553824	18.0618648860673	0.944634731446176	0.759922031837521	5.77765232322266	0.759922031837525	
SRR6263202_filtp_woHU_1	564	5.60336511401915	0.00815502871978377	122.623725110132	0.991844971280216	0.884501519887398	6.33505425149806	0.884501519887396	
SRR6263206_filtp_woHU_1	699	5.18923113794706	0.0398924184497024	25.0674197970933	0.960107581550298	0.792291275088239	6.54965074223381	0.792291275088242	
SRR6263248_filtp_woHU_1	599	5.44151704057037	0.0103465005800924	96.6510359960824	0.989653499419908	0.850866998493678	6.39526159811545	0.850866998493677	
SRR6263258_filtp_woHU_1	970	5.6478598777287	0.0170179119581717	58.7616155529478	0.982982088041828	0.821232620933093	6.87729607149743	0.821232620933095	
SRR6263259_filtp_woHU_1	405	4.33272931761011	0.0666760764545263	14.9978830965258	0.933323923545474	0.721654033325811	6.00388706710654	0.72165403332581	
SRR6263322_filtp_woHU_1	517	5.05145515370146	0.0349209535479249	28.6361023512035	0.965079046452075	0.80848599395997	6.24804287450843	0.808485993959967	
SRR6263654_filtp_woHU_1	515	5.46700285971234	0.0115818751199266	86.3418047289684	0.988418124880073	0.875537593194573	6.24416690066374	0.875537593194574	
SRR6263655_filtp_woHU_1	438	5.0843613177171	0.0269629458283331	37.0879356568371	0.973037054171667	0.83593856002832	6.08221891037645	0.835938560028311	
SRR6263736_filtp_woHU_1	423	5.20897384557279	0.0164883196799916	60.6489939186157	0.983511680320008	0.861361545370321	6.04737217904628	0.861361545370318	
SRR6263737_filtp_woHU_1	469	5.35206419985727	0.0126487536655223	79.0591726618706	0.987351246334478	0.870169055188273	6.15060276844628	0.870169055188282	
SRR6265700_filtp_woHU_1	469	5.2942954238835	0.0171546686640862	58.2931690247989	0.982845331335914	0.860776678839383	6.15060276844628	0.860776678839384	
SRR6265795_filtp_woHU_1	239	4.06087649892531	0.0571467680986889	17.4988023517456	0.942853231901311	0.741514384313407	5.47646355193151	0.741514384313411	
SRR6265865_filtp_woHU_1	349	4.64778914477995	0.0312028186668269	32.0483867395975	0.968797181333173	0.793805645180128	5.85507192220243	0.793805645180121	
SRR6265866_filtp_woHU_1	551	5.62305984189709	0.0105629091589812	94.6708889520024	0.989437090841019	0.89088974931945	6.31173480915291	0.890889749319438	
SRR6266047_filtp_woHU_1	260	4.68231540657384	0.0337183673469388	29.6574264616874	0.966281632653061	0.842039828437135	5.56068163101553	0.842039828437137	
SRR6266108_filtp_woHU_1	335	4.7018548739788	0.0328738200618133	30.4193427511521	0.967126179938187	0.808694412387553	5.81413053182507	0.808694412387558	
SRR6266133_filtp_woHU_1	602	6.06968270424602	0.00375247847566368	266.490535917901	0.996247521524336	0.948349774382107	6.40025744530882	0.948349774382116	
SRR6266134_filtp_woHU_1	545	5.78149582436167	0.00565853717759088	176.724119435007	0.994341462822409	0.917583300365264	6.30078579466324	0.917583300365261	
SRR6266221_filtp_woHU_1	330	4.94472599892902	0.0173971673237307	57.4806220686251	0.982602832676269	0.852672356446254	5.79909265446053	0.852672356446252	
SRR6266334_filtp_woHU_1	517	6.10948520701386	0.00272052709950764	367.575827559659	0.997279472900492	0.977823828952924	6.24804287450843	0.977823828952926	
SRR6266336_filtp_woHU_1	602	6.20740655059057	0.00296201814058955	337.607655502395	0.997037981859411	0.969868259774519	6.40025744530882	0.969868259774523	
SRR6266338_filtp_woHU_1	420	5.5814201649879	0.00675924756975131	147.945461337317	0.993240752430249	0.924037218921771	6.04025471127741	0.924037218921768	
SRR6266341_filtp_woHU_1	325	4.63854312019084	0.0311247711250598	32.1287503121544	0.96887522887494	0.801985359855296	5.78382518232974	0.801985359855286	
SRR6266357_filtp_woHU_1	419	5.18568236637771	0.0168178033550491	59.4607975184688	0.983182196644951	0.858859428290756	6.03787091992214	0.858859428290754	
SRR6266358_filtp_woHU_1	649	6.04872256633177	0.00549259096869398	182.063438857851	0.994507409031306	0.934103222280177	6.47543271670409	0.934103222280187	
SRR6429832_filtp_woHU_1	163	5.02861626733786	0.00729217306757416	137.133333333333	0.992707826932426	0.987212970620627	5.09375020080676	0.987212970620631	
SRR6429834_filtp_woHU_1	166	4.97824367261034	0.00916284881299457	109.136363636364	0.990837151187005	0.973837160556051	5.11198778835654	0.973837160556047	
shotgun_illumina_1st_ARH_ECA53_filtp_woHU_1	350	5.78638497088183	0.00346124186249485	288.913644214162	0.996538758137505	0.9877861044647	5.85793315448346	0.9877861044647	
shotgun_illumina_1st_COP_ECA53_filtp_woHU_1	358	5.69296935945242	0.00464225931719577	215.412352406902	0.995357740682804	0.968104315139113	5.8805329864007	0.968104315139111	
shotgun_illumina_1st_DEH_ECA53_filtp_woHU_1	415	5.73535645474918	0.00494777582477017	202.111016225448	0.99505222417523	0.951408670900245	6.0282785202307	0.951408670900252	
shotgun_illumina_1st_DEP_ECA53_filtp_woHU_1	417	5.97289870304743	0.00283232027495785	353.067415730335	0.997167679725042	0.990023759558765	6.0330862217988	0.990023759558767	
shotgun_illumina_2nd_BARR2_ECA53_filtp_woHU_1	389	5.90940656218412	0.00296283228086198	337.514886164622	0.997037167719138	0.99091606260051	5.96357934361845	0.990916062600519	
shotgun_illumina_2nd_PRH_ECA55_filtp_woHU_1	495	6.14888790772696	0.00234452280931644	426.526027397258	0.997655477190684	0.991027586981689	6.20455776256869	0.991027586981688	
shotgun_illumina_2nd_PRP_ECA55_filtp_woHU_1	406	5.44282850431634	0.0213809266270056	46.7706576728498	0.978619073372994	0.906178567874494	6.00635315960173	0.906178567874495	
shotgun_illumina_3rd_ARH_ECA55_filtp_woHU_1	892	6.40345037629467	0.00331354827765624	301.791287226189	0.996686451722344	0.942589578180878	6.79346613258001	0.942589578180896	
shotgun_illumina_3rd_COP_ECA55_filtp_woHU_1	1087	6.79063446898011	0.00152794887456361	654.472159800244	0.998472051125436	0.971314927174776	6.99117688712121	0.971314927174772	
shotgun_illumina_3rd_DEP_ECA55_filtp_woHU_1	1118	6.85015529886999	0.00144590015562741	691.610687022908	0.998554099844373	0.97590337562446	7.01929665371504	0.975903375624468	
unifrac.S3.45.NusA.unifrac	Richness R	Shannon H	Simpson λ	Simpson dominance 1/λ	Gini 1-λ	Pielou J	Hmax	Efficiency η	
CS1_filtp_woHU_1	146	4.6592074133121	0.0146190688349298	68.4038095238095	0.98538093116507	0.934906738629174	4.98360662170834	0.934906738629173	
ERR4182668_filtp_woHU_1	444	5.01778048795594	0.018610762043668	53.732351080177	0.981389237956332	0.823150410016698	6.09582456243222	0.823150410016691	
ERR4182669_filtp_woHU_1	542	5.81511577529785	0.00602165866625085	166.067200986437	0.993978341333749	0.923728365722435	6.29526600143965	0.923728365722446	
ERR4182670_filtp_woHU_1	696	5.69754335487968	0.00944165156230411	105.913673407787	0.990558348437696	0.870471961094371	6.54534966033442	0.870471961094372	
ERR4182673_filtp_woHU_1	789	6.55236052827562	0.00174392348510509	573.419653179187	0.998256076514895	0.982250046415171	6.67076632084587	0.982250046415168	
ERR4183043_filtp_woHU_1	728	6.28749847838566	0.00295184304399526	338.771399798589	0.997048156956005	0.954053302330721	6.59030104819669	0.954053302330724	
ERR4183044_filtp_woHU_1	729	6.33815308324872	0.00280496712929148	356.510416666664	0.997195032870709	0.961539260123136	6.59167373200866	0.961539260123142	
ERR4183116_filtp_woHU_1	722	5.96528802036641	0.00605507428875287	165.150740075555	0.993944925711247	0.906299792919029	6.58202513889283	0.906299792919039	
ERR4183117_filtp_woHU_1	534	5.62836362641243	0.00983562816663541	101.671187956476	0.990164371833365	0.896179758526858	6.2803958389602	0.896179758526867	
ERR4183124_filtp_woHU_1	592	5.75979519466511	0.00656024128401359	152.433417721519	0.993439758715986	0.90229328864319	6.38350663488401	0.902293288643183	
ERR4183125_filtp_woHU_1	391	5.22789378779831	0.0122807399926863	81.4283178860187	0.987719260007314	0.875883721100105	5.96870755998537	0.875883721100102	
ERR5891181_filtp_woHU_1	184	5.15388523819754	0.00635655084117606	157.318021201414	0.993643449158824	0.988293140654251	5.21493575760899	0.988293140654253	
ERR5891183_filtp_woHU_1	108	4.09860286232424	0.0340482207499488	29.370110330993	0.965951779250051	0.875371206723229	4.68213122712422	0.875371206723228	
ERR5891186_filtp_woHU_1	116	4.30616296574531	0.0223012333137569	44.8405693950178	0.977698766686243	0.905875936424188	4.75359019110636	0.905875936424189	
ERR5891188_filtp_woHU_1	248	5.47355494966877	0.00447978649528195	223.224924012157	0.995520213504718	0.992767876700329	5.51342874616498	0.992767876700327	
ERR5891191_filtp_woHU_1	195	5.24729836514475	0.00548437536465263	182.336170212766	0.994515624635347	0.995125887432086	5.27299955856375	0.99512588743209	
ERR5891194_filtp_woHU_1	298	5.53580871204689	0.00506250000000002	197.53086419753	0.9949375	0.971689989844726	5.6970934865054	0.971689989844734	
HTP3_filtp_woHU_1	163	5.03952061028347	0.00704163623082543	142.01244813278	0.992958363769175	0.989353700439667	5.09375020080676	0.989353700439666	
IA6_filtp_woHU_1	200	5.16671646842621	0.00700224600343509	142.811320754716	0.992997753996565	0.975161756267619	5.29831736654804	0.975161756267624	
RDP_CKDN230001569-1A_HT3KTDSX5_L3_filtp_woHU_1	492	4.79712209435444	0.0194682673280076	51.3656394352758	0.980531732671992	0.773919265317588	6.19847871649231	0.773919265317585	
RUP_CKDN230001570-1A_HT3KTDSX5_L3_filtp_woHU_1	716	5.88614440605563	0.00736470274593444	135.782805429864	0.992635297254066	0.895410828722611	6.57368016696065	0.895410828722614	
SRR13165308_filtp_woHU_1	1279	6.2528152013504	0.0105708312840331	94.5999395062208	0.989429168715967	0.874050945937605	7.15383380157884	0.874050945937594	
SRR17689980_filtp_woHU_1	308	5.41338826770732	0.00701715115194555	142.507974867086	0.992982848848054	0.944728446752824	5.73009978297357	0.94472844675283	
SRR17689983_filtp_woHU_1	243	5.08215692630615	0.0115847908093278	86.3200740055505	0.988415209190672	0.925195718039427	5.49306144334055	0.925195718039429	
SRR17689995_filtp_woHU_1	197	4.79542636458522	0.0150295222758991	66.5357142857144	0.984970477724101	0.907673943842161	5.28320372873799	0.907673943842156	
SRR17689998_filtp_woHU_1	267	5.07569325154046	0.0135133136094674	74.00109469075	0.986486686390533	0.908442341099195	5.58724865840025	0.908442341099188	
SRR17689999_filtp_woHU_1	193	4.69153180788573	0.0204688296245965	48.8547717842324	0.979531170375403	0.891470263208102	5.26269018890489	0.891470263208101	
SRR17690002_filtp_woHU_1	254	5.08331412710941	0.013314717527223	75.1048603138157	0.986685282472777	0.918007453042277	5.53733426701854	0.918007453042282	
SRR20770298_filtp_woHU_1	487	6.02910874140936	0.00292778363334505	341.555294117646	0.997072216366655	0.974281094260412	6.18826412308259	0.974281094260422	
SRR20770299_filtp_woHU_1	406	5.55969158496664	0.00680339582768242	146.985421005653	0.993196604172318	0.925635146191652	6.00635315960173	0.925635146191657	
SRR24605825_filtp_woHU_1	647	6.00032638972099	0.00436560594325772	229.063276208978	0.995634394056742	0.927071283997744	6.4723462945009	0.927071283997754	
SRR24605827_filtp_woHU_1	1075	6.51149035071824	0.00258263240121196	387.20183311056	0.997417367598788	0.932868124382354	6.98007594056176	0.932868124382348	
SRR24605828_filtp_woHU_1	562	6.03432078076252	0.00336026923918004	297.595201104783	0.99663973076082	0.95306310000744	6.33150184989369	0.953063100007444	
SRR24605834_filtp_woHU_1	208	4.17316953820096	0.0395715617840006	25.2706730519874	0.960428438215999	0.781852883461674	5.33753807970132	0.781852883461671	
SRR24605835_filtp_woHU_1	765	6.29545431700131	0.00278626299566577	358.903664713478	0.997213737004334	0.948128319648601	6.63987583382654	0.948128319648589	
SRR24605838_filtp_woHU_1	826	6.13580099335116	0.00454561872024615	219.992054227075	0.995454381279754	0.913528536445358	6.71659477352098	0.913528536445371	
SRR24605839_filtp_woHU_1	967	6.6212410599066	0.00184155015208523	543.020780003018	0.998158449847915	0.963201901179606	6.87419849545329	0.963201901179584	
SRR24605841_filtp_woHU_1	866	6.35669953782524	0.00270995974971575	369.009170746869	0.997290040250284	0.93980007403412	6.76388490856244	0.93980007403412	
SRR24605842_filtp_woHU_1	376	4.95336750560787	0.0201761144410203	49.5635570923847	0.97982388555898	0.835364371093015	5.92958914338989	0.835364371093013	
SRR5830676_filtp_woHU_1	431	5.57075561857407	0.00670175518051608	149.214641995172	0.993298244819484	0.918340975107615	6.06610809010375	0.918340975107609	
SRR5881985_filtp_woHU_1	1084	5.74935259920095	0.0173423105043678	57.6624435220521	0.982657689495632	0.822697864231876	6.98841318199959	0.822697864231859	
SRR5882128_filtp_woHU_1	323	5.61722373904212	0.00460073836697214	217.356415478615	0.995399261633028	0.972232911361642	5.77765232322266	0.972232911361634	
SRR5882551_filtp_woHU_1	427	5.24392118471378	0.0142617003999423	70.1178661700146	0.985738299600058	0.865792997283794	6.05678401322862	0.865792997283796	
SRR6263181_filtp_woHU_1	282	4.14700465066654	0.0574576450312173	17.4041243677267	0.942542354968783	0.735035972504416	5.64190707093811	0.735035972504414	
SRR6263202_filtp_woHU_1	496	5.30649006226153	0.0154062127241005	64.908879158579	0.9845937872759	0.854978675023096	6.20657592672493	0.854978675023097	
SRR6263206_filtp_woHU_1	621	4.97015770716611	0.0313956838043503	31.8515120177582	0.96860431619565	0.77280389453561	6.43133108193348	0.772803894535616	
SRR6263248_filtp_woHU_1	478	5.25045254590257	0.0106842222265859	93.5959566164458	0.989315777773414	0.851018447282539	6.16961073249146	0.85101844728254	
SRR6263258_filtp_woHU_1	808	5.31258562465843	0.0243655265622746	41.041591998603	0.975634473437725	0.79356731302481	6.69456205852109	0.793567313024802	
SRR6263259_filtp_woHU_1	363	4.12457779733216	0.0608704908725654	16.4283215999282	0.939129509127435	0.699744811018939	5.89440283426485	0.699744811018941	
SRR6263322_filtp_woHU_1	500	4.97792644141512	0.0274029631863162	36.4924038762113	0.972597036813684	0.801004079835534	6.21460809842219	0.801004079835527	
SRR6263654_filtp_woHU_1	448	5.10038397041568	0.0238495880187021	41.9294454569124	0.976150411981298	0.835472026035848	6.10479323241498	0.835472026035852	
SRR6263655_filtp_woHU_1	343	4.85460828693703	0.023555281288569	42.453324490134	0.976444718711431	0.831591717170464	5.83773044716594	0.831591717170464	
SRR6263736_filtp_woHU_1	331	4.80221073982446	0.0234967524952003	42.5590727997101	0.9765032475048	0.827665074915398	5.80211837537706	0.827665074915395	
SRR6263737_filtp_woHU_1	399	4.98856080143311	0.0288435856344511	34.6697533612322	0.971156414365549	0.832959248554271	5.98896141688986	0.832959248554267	
SRR6265700_filtp_woHU_1	427	4.94939698235618	0.0330362284618897	30.2697991434946	0.96696377153811	0.817165837769053	6.05678401322862	0.817165837769053	
SRR6265795_filtp_woHU_1	211	3.81810251780001	0.0688894705532422	14.5160064661425	0.931110529446758	0.713416242093123	5.35185813347607	0.713416242093122	
SRR6265865_filtp_woHU_1	288	4.38636036942558	0.0428874880676981	23.3168237417285	0.957112511932302	0.774570189004794	5.66296048013595	0.774570189004795	
SRR6265866_filtp_woHU_1	449	5.26378688750662	0.0150889809992797	66.2735276853843	0.98491101900072	0.861923556578093	6.10702288774225	0.861923556578099	
SRR6266047_filtp_woHU_1	246	4.27508913328189	0.0589777509442104	16.9555465237381	0.94102224905579	0.776536182313292	5.50533153593236	0.776536182313292	
SRR6266108_filtp_woHU_1	326	4.58434675177345	0.0393600185566935	25.4064920868779	0.960639981443307	0.792194236333729	5.78689738136671	0.792194236333723	
SRR6266133_filtp_woHU_1	543	5.87560056877007	0.00713090815028696	140.234592694867	0.992869091849713	0.933063135837654	6.29710931993394	0.933063135837656	
SRR6266134_filtp_woHU_1	471	5.55635472666413	0.00860289775823411	116.239902891194	0.991397102241766	0.902759193110538	6.15485809401642	0.902759193110533	
SRR6266221_filtp_woHU_1	316	4.90262129213374	0.0156667502514284	63.8294466913344	0.984333249748572	0.851779164216336	5.75574221358691	0.851779164216336	
SRR6266334_filtp_woHU_1	538	6.12677152293804	0.00285798936293214	349.89633375474	0.997142010637068	0.974381256244479	6.28785856016178	0.974381256244479	
SRR6266336_filtp_woHU_1	593	6.21168651238738	0.00264784767810167	377.66522911051	0.997352152321898	0.972826530287381	6.38519439899773	0.97282653028737	
SRR6266338_filtp_woHU_1	406	5.53599708196809	0.00713822479187063	140.090853000154	0.992861775208129	0.921690239462237	6.00635315960173	0.921690239462229	
SRR6266341_filtp_woHU_1	278	4.39484384542643	0.0431924189173732	23.1522110839171	0.956807581082627	0.780941672625195	5.62762111369064	0.780941672625199	
SRR6266357_filtp_woHU_1	385	4.99519817209669	0.0204662725073906	48.8608758453153	0.979533727492609	0.839071728065738	5.95324333428778	0.839071728065736	
SRR6266358_filtp_woHU_1	531	5.73028040494754	0.0105661935842459	94.6414611872144	0.989433806415754	0.913226730439948	6.27476202124194	0.913226730439947	
SRR6429832_filtp_woHU_1	129	4.80863567043593	0.0087655222790358	114.083333333333	0.991234477720964	0.989469401353885	4.85981240436167	0.989469401353884	
SRR6429834_filtp_woHU_1	149	4.90865643694941	0.00871102133568992	114.797101449276	0.99128897866431	0.980957056057371	5.00394630594546	0.980957056057373	
shotgun_illumina_1st_ARH_ECA53_filtp_woHU_1	359	5.81542370710144	0.00329180848269423	303.784380305604	0.996708191517306	0.988459126169987	5.88332238848828	0.988459126169984	
shotgun_illumina_1st_COP_ECA53_filtp_woHU_1	327	5.55895284921603	0.00581707243118172	171.907778668806	0.994182927568818	0.960102087948315	5.78996017089725	0.960102087948325	
shotgun_illumina_1st_DEH_ECA53_filtp_woHU_1	374	5.66037838598734	0.00517332020894623	193.299459459458	0.994826679791054	0.955458133400933	5.92425579741453	0.955458133400936	
shotgun_illumina_1st_DEP_ECA53_filtp_woHU_1	379	5.86096009909397	0.00332561873188634	300.695924764889	0.996674381268114	0.987103050264703	5.93753620508243	0.987103050264704	
shotgun_illumina_2nd_BARR2_ECA53_filtp_woHU_1	351	5.77693852415216	0.00354845356104485	281.812903225806	0.996451546438955	0.985693438368731	5.86078622346587	0.985693438368743	
shotgun_illumina_2nd_PRH_ECA55_filtp_woHU_1	502	6.12104054236391	0.0027118096103411	368.757451181912	0.997288190389659	0.984311649655863	6.21860011969173	0.984311649655844	
shotgun_illumina_2nd_PRP_ECA55_filtp_woHU_1	362	5.42784906729026	0.0137634928991626	72.655975291043	0.986236507100837	0.921279166246228	5.89164421182577	0.921279166246222	
shotgun_illumina_3rd_ARH_ECA55_filtp_woHU_1	871	6.36096603854848	0.00336258890811228	297.389906208128	0.996637411091888	0.939631085410216	6.7696419768525	0.939631085410219	
shotgun_illumina_3rd_COP_ECA55_filtp_woHU_1	999	6.66608571105957	0.00184620718074845	541.651018600525	0.998153792819252	0.965154537072464	6.90675477864855	0.965154537072467	
shotgun_illumina_3rd_DEP_ECA55_filtp_woHU_1	1096	6.78191961921851	0.00185430463576163	539.285714285701	0.998145695364238	0.968925600747901	6.99942246750796	0.968925600747883	
unifrac.S3.46.pheT_bact.unifrac	Richness R	Shannon H	Simpson λ	Simpson dominance 1/λ	Gini 1-λ	Pielou J	Hmax	Efficiency η	
CS1_filtp_woHU_1	159	4.75263246859141	0.0139295488895848	71.7898338220921	0.986070451110415	0.937605501897177	5.06890420222023	0.937605501897177	
ERR4182668_filtp_woHU_1	459	5.12978295218363	0.0143050439494875	69.9054126314534	0.985694956050512	0.836962135464862	6.12905021006055	0.836962135464866	
ERR4182669_filtp_woHU_1	552	5.87627620921768	0.00562945964358708	177.636942675159	0.994370540356413	0.930740712852061	6.31354804627709	0.930740712852063	
ERR4182670_filtp_woHU_1	696	5.71307163752475	0.00922146267361109	108.442666352886	0.990778537326389	0.872844375625435	6.54534966033442	0.872844375625425	
ERR4182673_filtp_woHU_1	785	6.58513519249161	0.00157844990548203	633.532934131743	0.998421550094518	0.987915939504314	6.66568371778241	0.987915939504322	
ERR4183043_filtp_woHU_1	749	6.40443218140662	0.00234003298010381	427.34440433213	0.997659967019896	0.967621203579066	6.61873898351722	0.967621203579057	
ERR4183044_filtp_woHU_1	652	6.26256465250385	0.00276653361068947	361.463166807788	0.997233466389311	0.966438516379871	6.48004456192665	0.966438516379882	
ERR4183116_filtp_woHU_1	745	6.13329371083812	0.00472786103140019	211.512139074833	0.9952721389686	0.927406227781656	6.61338421837956	0.927406227781649	
ERR4183117_filtp_woHU_1	560	5.7517359933032	0.00701589954633972	142.533397662701	0.99298410045366	0.908943339650996	6.32793678372919	0.908943339650984	
ERR4183124_filtp_woHU_1	604	5.83368633278064	0.00601816779099894	166.163529288042	0.993981832209001	0.911004722122535	6.40357419793482	0.911004722122546	
ERR4183125_filtp_woHU_1	407	5.34917156987858	0.0109701335760929	91.1565928585673	0.989029866423907	0.890220981214376	6.00881318544259	0.890220981214383	
ERR5891181_filtp_woHU_1	194	5.20678021713976	0.00612190577588504	163.347826086956	0.993878094224115	0.988405545464718	5.26785815906333	0.988405545464723	
ERR5891183_filtp_woHU_1	101	3.83219657902121	0.0520945220193341	19.1958762886598	0.947905477980666	0.830356772924338	4.61512051684126	0.830356772924337	
ERR5891186_filtp_woHU_1	127	4.21536643601314	0.0342632368925004	29.1858006042296	0.9657367631075	0.870190676119167	4.84418708645859	0.870190676119167	
ERR5891188_filtp_woHU_1	229	5.41710043179067	0.00454861111111112	219.847328244275	0.995451388888889	0.996941033834138	5.43372200355424	0.996941033834139	
ERR5891191_filtp_woHU_1	183	5.16289713738767	0.00622487991373394	160.645669291339	0.993775120086266	0.99105688851321	5.20948615284142	0.991056888513209	
ERR5891194_filtp_woHU_1	258	5.38110940391995	0.00625209621520282	159.946354883081	0.993747903784797	0.969052506438493	5.55295958492162	0.969052506438493	
HTP3_filtp_woHU_1	167	5.04574455983986	0.00743644124674487	134.472924187726	0.992563558753255	0.985883286454625	5.11799381241676	0.985883286454625	
IA6_filtp_woHU_1	175	5.00388600111351	0.00915666358879653	109.210084033614	0.990843336411203	0.968846729831136	5.16478597392351	0.96884672983114	
RDP_CKDN230001569-1A_HT3KTDSX5_L3_filtp_woHU_1	428	4.84341409784396	0.0186939177674647	53.4933347005742	0.981306082232535	0.799358907469598	6.0591231955818	0.799358907469592	
RUP_CKDN230001570-1A_HT3KTDSX5_L3_filtp_woHU_1	666	5.95563538921553	0.00617971500877198	161.819760066689	0.993820284991228	0.91606984014304	6.50128967054039	0.916069840143044	
SRR13165308_filtp_woHU_1	1386	6.54751583807798	0.00568316986920755	175.958140089773	0.994316830130792	0.905080933932058	7.23417717974985	0.905080933932041	
SRR17689980_filtp_woHU_1	307	5.55687574759179	0.00478260869565216	209.09090909091	0.995217391304348	0.970320146878879	5.7268477475872	0.970320146878887	
SRR17689983_filtp_woHU_1	300	5.27598329116003	0.0130840464292464	76.4289553241515	0.986915953570754	0.924997282873773	5.7037824746562	0.924997282873782	
SRR17689995_filtp_woHU_1	206	4.87761372244251	0.0133220716397282	75.0634005763688	0.986677928360272	0.915489318429604	5.32787616878958	0.915489318429601	
SRR17689998_filtp_woHU_1	304	5.31090056587374	0.0090715064507461	110.235274089206	0.990928493549254	0.928961838783361	5.71702770140622	0.928961838783363	
SRR17689999_filtp_woHU_1	210	4.81772073560167	0.0157817011615861	63.3645251396649	0.984218298838414	0.900995670636014	5.34710753071747	0.900995670636012	
SRR17690002_filtp_woHU_1	273	5.2992851776136	0.00901095732410616	110.975999999999	0.990989042675894	0.944703061376008	5.60947179518496	0.944703061376003	
SRR20770298_filtp_woHU_1	420	5.89829185905431	0.00324289266025293	308.366666666668	0.996757107339747	0.976497207649529	6.04025471127741	0.976497207649537	
SRR20770299_filtp_woHU_1	373	5.48606366062524	0.00708197112188143	141.203625768857	0.992918028878119	0.926452927217205	5.92157841964382	0.926452927217213	
SRR24605825_filtp_woHU_1	667	6.03226509144197	0.00437043914641538	228.809958564506	0.995629560853585	0.927642603997467	6.50279004591562	0.927642603997468	
SRR24605827_filtp_woHU_1	1023	6.48124247088229	0.00264780983361872	377.670626985063	0.997352190166381	0.935177456986702	6.93049476595163	0.935177456986698	
SRR24605828_filtp_woHU_1	538	5.9985005603838	0.00343302670111115	291.288150970785	0.996566973298889	0.953981471273658	6.28785856016178	0.953981471273652	
SRR24605834_filtp_woHU_1	204	4.57173214531082	0.0203229012573965	49.2055729314756	0.979677098742604	0.859651935383679	5.31811999384422	0.859651935383679	
SRR24605835_filtp_woHU_1	673	6.20893486352469	0.00288156183042547	347.034024896265	0.997118438169575	0.953497802694848	6.51174532964473	0.953497802694862	
SRR24605838_filtp_woHU_1	773	6.12747985810179	0.00405177250525782	246.805564404798	0.995948227494742	0.921386879157096	6.65027904858742	0.921386879157089	
SRR24605839_filtp_woHU_1	918	6.5976261285287	0.00179927913542369	555.778133760508	0.998200720864576	0.967082268478402	6.82219739062049	0.967082268478407	
SRR24605841_filtp_woHU_1	896	6.4449238137019	0.00246635555680501	405.456543863217	0.997533644443195	0.948070065662941	6.79794041297493	0.948070065662952	
SRR24605842_filtp_woHU_1	375	4.97118831302077	0.0221684207875822	45.1092123152118	0.977831579212418	0.838746475194423	5.92692602597041	0.838746475194422	
SRR5830676_filtp_woHU_1	504	5.82486328607237	0.00512834920319327	194.994521702487	0.994871650796807	0.93608547892941	6.22257626807137	0.936085478929409	
SRR5881985_filtp_woHU_1	1164	5.92896986718472	0.0162515899793923	61.5324409038156	0.983748410020608	0.839842917755828	7.05961762829138	0.839842917755821	
SRR5882128_filtp_woHU_1	342	5.66985488613277	0.00436397674232299	229.148792270531	0.995636023257677	0.97172901429655	5.8348107370626	0.971729014296551	
SRR5882551_filtp_woHU_1	492	5.3765696019562	0.0132892071205297	75.2490341169533	0.98671079287947	0.867401478309629	6.19847871649231	0.867401478309633	
SRR6263181_filtp_woHU_1	356	4.35256719986624	0.0776502900815014	12.8782519543765	0.922349709918499	0.74087123734223	5.87493073085203	0.740871237342227	
SRR6263202_filtp_woHU_1	486	5.57670967152114	0.00809132884805115	123.589093803901	0.991908671151949	0.901474555833027	6.18620862390049	0.901474555833027	
SRR6263206_filtp_woHU_1	650	5.03708961901126	0.0474928744361345	21.0557901974272	0.952507125563866	0.777692004349386	6.47697236288968	0.777692004349382	
SRR6263248_filtp_woHU_1	550	5.49937388487077	0.00838445643336164	119.268316073659	0.991615543566638	0.871544391287496	6.30991827822652	0.871544391287497	
SRR6263258_filtp_woHU_1	814	5.70327925287322	0.0199819892576933	50.0450674406698	0.980018010742307	0.85098671752889	6.70196036600254	0.850986717528878	
SRR6263259_filtp_woHU_1	392	4.13859397307553	0.0900361233567856	11.1066532266978	0.909963876643214	0.693085328380234	5.97126183979046	0.693085328380238	
SRR6263322_filtp_woHU_1	503	4.97459973002031	0.0406427221172024	24.6046511627906	0.959357277882798	0.799698998646708	6.22059017009974	0.79969899864671	
SRR6263654_filtp_woHU_1	515	5.37082381419004	0.0187564114199594	53.315102639296	0.981243588580041	0.860134570333016	6.24416690066374	0.860134570333017	
SRR6263655_filtp_woHU_1	383	4.88771574082488	0.0369027258036166	27.0982692531075	0.963097274196383	0.821736211995312	5.94803498918065	0.821736211995307	
SRR6263736_filtp_woHU_1	342	4.99586986186369	0.0229878155297405	43.5013061030636	0.97701218447026	0.856217979810385	5.8348107370626	0.856217979810386	
SRR6263737_filtp_woHU_1	454	5.20941101433506	0.0249418458245931	40.093263627425	0.975058154175407	0.851475686918279	6.11809719804135	0.851475686918279	
SRR6265700_filtp_woHU_1	442	5.08681091875916	0.0300981728395063	33.2246081957314	0.969901827160494	0.835093110880133	6.0913098820777	0.835093110880137	
SRR6265795_filtp_woHU_1	275	4.0608378804573	0.0825688438175011	12.1111057605489	0.917431156182499	0.722984399728223	5.61677109766657	0.722984399728228	
SRR6265865_filtp_woHU_1	276	4.55039290037082	0.0407190675407387	24.5585191507521	0.959280932459261	0.809620703058197	5.62040086571715	0.809620703058195	
SRR6265866_filtp_woHU_1	431	5.52105398764081	0.0106387171907193	93.9962950488386	0.989361282809281	0.910147644195108	6.06610809010375	0.9101476441951	
SRR6266047_filtp_woHU_1	244	4.45928012045003	0.0550077491520862	18.1792568395261	0.944992250847914	0.811195862613826	5.4971682252932	0.811195862613827	
SRR6266108_filtp_woHU_1	322	4.48276372457172	0.0575258585203457	17.3834867609376	0.942474141479654	0.776296425655873	5.77455154554441	0.776296425655869	
SRR6266133_filtp_woHU_1	508	5.90071690309862	0.00483456790123458	206.843718079673	0.995165432098765	0.947072381604149	6.23048144757848	0.947072381604159	
SRR6266134_filtp_woHU_1	466	5.7173099141284	0.00571178283521477	175.076684259548	0.994288217164785	0.930523629099629	6.14418563412565	0.93052362909963	
SRR6266221_filtp_woHU_1	332	4.93236737077841	0.0172929090823902	57.8271703873308	0.98270709091761	0.849655933443184	5.80513496891649	0.849655933443185	
SRR6266334_filtp_woHU_1	531	6.09531722886359	0.00306112337282105	326.677457327839	0.996938876627179	0.971402135766923	6.27476202124194	0.971402135766935	
SRR6266336_filtp_woHU_1	571	6.17806841917251	0.00276019249425827	362.293572669367	0.997239807505742	0.973324340939118	6.34738920965601	0.973324340939122	
SRR6266338_filtp_woHU_1	418	5.55738641254293	0.00693586674508343	144.178087145181	0.993064133254917	0.920785934754864	6.03548143252476	0.920785934754864	
SRR6266341_filtp_woHU_1	305	4.49718650134333	0.0465832208907631	21.4669570046473	0.953416779109237	0.786178564555534	5.72031177660741	0.786178564555535	
SRR6266357_filtp_woHU_1	405	5.18534458423756	0.0173398211524892	57.6707216992517	0.982660178847511	0.86366457701153	6.00388706710654	0.863664577011531	
SRR6266358_filtp_woHU_1	631	6.12130700757569	0.00439253863422369	227.658783057405	0.995607461365776	0.949436421675048	6.44730586254121	0.949436421675057	
SRR6429832_filtp_woHU_1	143	4.86413899473224	0.00935852845207788	106.854406130268	0.990641471547922	0.980111076835687	4.96284463025991	0.980111076835688	
SRR6429834_filtp_woHU_1	131	4.8041974682219	0.00974151234567903	102.653465346534	0.990258487654321	0.985436516663364	4.87519732320115	0.985436516663362	
shotgun_illumina_1st_ARH_ECA53_filtp_woHU_1	377	5.86225161624525	0.00319838397441295	312.65789473684	0.996801616025587	0.988201166844746	5.93224518744801	0.988201166844751	
shotgun_illumina_1st_COP_ECA53_filtp_woHU_1	323	5.56483949966737	0.00532223908847282	187.890845070424	0.994677760911527	0.963166211525067	5.77765232322266	0.963166211525059	
shotgun_illumina_1st_DEH_ECA53_filtp_woHU_1	358	5.60192230239482	0.00564805388049181	177.052135330006	0.994351946119508	0.952621525183144	5.8805329864007	0.952621525183141	
shotgun_illumina_1st_DEP_ECA53_filtp_woHU_1	404	5.94745484822873	0.00290956896595648	343.693520140109	0.997090431034043	0.991008781957306	6.00141487796115	0.991008781957297	
shotgun_illumina_2nd_BARR2_ECA53_filtp_woHU_1	360	5.82912713172037	0.0032242712671029	310.147601476017	0.996775728732897	0.990320099776465	5.88610403145016	0.990320099776456	
shotgun_illumina_2nd_PRH_ECA55_filtp_woHU_1	468	6.09526569197308	0.00248365576308373	402.632286995518	0.997516344236916	0.991347014998859	6.14846829591765	0.991347014998865	
shotgun_illumina_2nd_PRP_ECA55_filtp_woHU_1	345	5.21697509205609	0.0281558925521453	35.5165441176471	0.971844107447855	0.89277580860871	5.84354441703136	0.89277580860871	
shotgun_illumina_3rd_ARH_ECA55_filtp_woHU_1	810	6.32005126806193	0.00356240707724533	280.709076283685	0.996437592922755	0.943708966437508	6.69703424766648	0.943708966437495	
shotgun_illumina_3rd_COP_ECA55_filtp_woHU_1	983	6.69299364836857	0.00169540019967372	589.831238779168	0.998304599800326	0.971321044579238	6.89060912014717	0.971321044579227	
shotgun_illumina_3rd_DEP_ECA55_filtp_woHU_1	995	6.75594828495225	0.001599803717353	625.076682316113	0.998400196282647	0.978733894946407	6.90274273715859	0.978733894946388	
unifrac.S3.47.recR.unifrac	Richness R	Shannon H	Simpson λ	Simpson dominance 1/λ	Gini 1-λ	Pielou J	Hmax	Efficiency η	
CS1_filtp_woHU_1	147	4.5732114581765	0.018286788033932	54.6842889054357	0.981713211966068	0.916395799092129	4.99043258677874	0.916395799092127	
ERR4182668_filtp_woHU_1	420	5.03705511626586	0.0155483750677201	64.3154024548903	0.98445162493228	0.833914355774014	6.04025471127741	0.833914355774012	
ERR4182669_filtp_woHU_1	597	5.98091791600687	0.00513043447651966	194.91526586621	0.99486956552348	0.935700167869106	6.3919171133926	0.935700167869099	
ERR4182670_filtp_woHU_1	689	5.71511116204446	0.00865396574142119	115.553958714398	0.991346034258579	0.874506529298805	6.53524127101366	0.874506529298808	
ERR4182673_filtp_woHU_1	837	6.62028613196013	0.00161030595813203	621.000000000005	0.998389694041868	0.98372350638263	6.72982407048948	0.983723506382655	
ERR4183043_filtp_woHU_1	750	6.36969296839785	0.00254662255821268	392.676958261863	0.997453377441787	0.962178630005856	6.62007320653036	0.962178630005849	
ERR4183044_filtp_woHU_1	695	6.25794385297143	0.00312962901088127	319.526690391463	0.996870370989119	0.95630014594601	6.54391184556479	0.956300145946004	
ERR4183116_filtp_woHU_1	724	5.95941788642562	0.00683112597526296	146.388751081626	0.993168874024737	0.90502759029189	6.58479139238572	0.905027590291891	
ERR4183117_filtp_woHU_1	510	5.61159887177744	0.009616979872388	103.982748562381	0.990383020127612	0.900100926720838	6.23441072571837	0.900100926720837	
ERR4183124_filtp_woHU_1	598	5.83082332386092	0.00566572539826305	176.49990596201	0.994334274601737	0.911979441326929	6.39359075395063	0.911979441326932	
ERR4183125_filtp_woHU_1	426	5.46754140633363	0.00866005536170256	115.472702913922	0.991339944638297	0.903063205960206	6.05443934626937	0.903063205960203	
ERR5891181_filtp_woHU_1	190	5.15470022153692	0.00685586734693875	145.86046511628	0.993144132653061	0.982404530767561	5.24702407216049	0.982404530767562	
ERR5891183_filtp_woHU_1	129	4.33268771926008	0.0293377759266973	34.0857467348097	0.970662224073303	0.891533943855837	4.85981240436167	0.891533943855836	
ERR5891186_filtp_woHU_1	118	4.29083945019917	0.0227635246940266	43.9299279633268	0.977236475305973	0.899417963659621	4.77068462446567	0.899417963659623	
ERR5891188_filtp_woHU_1	196	5.26709063716992	0.00524458386432702	190.672897196262	0.994755416135673	0.997911371242889	5.27811465923052	0.997911371242887	
ERR5891191_filtp_woHU_1	170	5.10228373833692	0.00637707683948642	156.811659192825	0.993622923160514	0.993474296329161	5.13579843705026	0.993474296329164	
ERR5891194_filtp_woHU_1	278	5.38107946240935	0.00721921151966025	138.51928251121	0.99278078848034	0.956190787137124	5.62762111369064	0.956190787137127	
HTP3_filtp_woHU_1	156	4.96175741160799	0.00815193571950329	122.670250896057	0.991848064280497	0.982554236098004	5.04985600724954	0.982554236098002	
IA6_filtp_woHU_1	193	5.15922247161094	0.00679097021118057	147.254364089775	0.993209029788819	0.980339386591276	5.26269018890489	0.980339386591271	
RDP_CKDN230001569-1A_HT3KTDSX5_L3_filtp_woHU_1	500	4.93526329726895	0.0173165046617733	57.7483747171869	0.982683495338227	0.79413910243543	6.21460809842219	0.794139102435426	
RUP_CKDN230001570-1A_HT3KTDSX5_L3_filtp_woHU_1	705	5.8391080110849	0.00814881772268132	122.717188435399	0.991851182277319	0.890352530779262	6.55819780281227	0.89035253077926	
SRR13165308_filtp_woHU_1	1337	6.39501679321823	0.00585522416111255	170.78765432099	0.994144775838887	0.888420908513828	7.19818357710194	0.888420908513811	
SRR17689980_filtp_woHU_1	315	5.47752858649781	0.0062076104936248	161.092581602373	0.993792389506375	0.952187643755859	5.75257263882563	0.952187643755856	
SRR17689983_filtp_woHU_1	267	5.21917284337049	0.0103322900184026	96.7839654344699	0.989667709981597	0.934122170403787	5.58724865840025	0.93412217040379	
SRR17689995_filtp_woHU_1	217	4.88852543654175	0.0142468752206765	70.19083023544	0.985753124779324	0.908665187324561	5.37989735354046	0.908665187324561	
SRR17689998_filtp_woHU_1	322	5.38060929219206	0.00811141720232628	123.283018867925	0.991888582797674	0.931779593576178	5.77455154554441	0.931779593576179	
SRR17689999_filtp_woHU_1	183	4.62574467760395	0.0239074835983543	41.8279069767442	0.976092516401646	0.887946438840407	5.20948615284142	0.887946438840407	
SRR17690002_filtp_woHU_1	292	5.43587532907197	0.00665729214771614	150.211223694466	0.993342707852284	0.957567567383305	5.67675380226828	0.957567567383306	
SRR20770298_filtp_woHU_1	363	5.7491305428618	0.00385489436916086	259.410480349344	0.996145105630839	0.975354196941111	5.89440283426485	0.975354196941109	
SRR20770299_filtp_woHU_1	403	5.559387346977	0.0070857610996487	141.128099852192	0.992914238900351	0.926728810943278	5.99893656194668	0.926728810943276	
SRR24605825_filtp_woHU_1	600	5.91977905432019	0.00481326928308286	207.758997302455	0.995186730716917	0.925409434429707	6.39692965521615	0.925409434429706	
SRR24605827_filtp_woHU_1	1122	6.54261663671032	0.0025003055028621	399.951125514582	0.997499694497138	0.931616051521166	7.02286808608264	0.931616051521179	
SRR24605828_filtp_woHU_1	589	6.06034942920997	0.00335253234362143	298.281984334204	0.996647467656379	0.950132408013614	6.37842618365159	0.950132408013616	
SRR24605834_filtp_woHU_1	197	4.17720287322677	0.0514785506039151	19.4255663430421	0.948521449396085	0.790657163286146	5.28320372873799	0.790657163286147	
SRR24605835_filtp_woHU_1	817	6.38310756784671	0.00244107182011442	409.656115711142	0.997558928179886	0.951901448549398	6.70563909486	0.95190144854941	
SRR24605838_filtp_woHU_1	839	5.93873650294786	0.00637993474186638	156.74141514925	0.993620065258134	0.882137645698298	6.73221070646721	0.882137645698309	
SRR24605839_filtp_woHU_1	937	6.52637771770604	0.00231726609065485	431.543017020287	0.997682733909345	0.953774630289638	6.84268328223842	0.953774630289641	
SRR24605841_filtp_woHU_1	954	6.49048303937109	0.00225965134940342	442.54614777807	0.997740348650597	0.946043028808165	6.86066367144829	0.946043028808161	
SRR24605842_filtp_woHU_1	421	5.0046289782231	0.0229027399455215	43.6628980802598	0.977097260054479	0.828219935907189	6.04263283368238	0.828219935907196	
SRR5830676_filtp_woHU_1	471	5.70546712869733	0.00614258589995779	162.79788614871	0.993857414100042	0.926985974582262	6.15485809401642	0.926985974582258	
SRR5881985_filtp_woHU_1	1120	5.84631873308653	0.0184473646575905	54.2082849535113	0.981552635342409	0.832680361440237	7.02108396428914	0.83268036144022	
SRR5882128_filtp_woHU_1	344	5.7085355010424	0.00395998691482584	252.526086956522	0.996040013085174	0.977381567971351	5.8406416573734	0.97738156797136	
SRR5882551_filtp_woHU_1	454	5.23642017147329	0.0157880015432098	63.3392388050585	0.98421199845679	0.855890320465925	6.11809719804135	0.85589032046593	
SRR6263181_filtp_woHU_1	314	4.06417439969532	0.0994885208516106	10.0514108707227	0.900511479148389	0.706887563549162	5.74939298590825	0.706887563549162	
SRR6263202_filtp_woHU_1	517	5.50747118501379	0.00932969562754183	107.184632802804	0.990670304372458	0.881471413629999	6.24804287450843	0.881471413629998	
SRR6263206_filtp_woHU_1	620	4.77113250999485	0.0662785711613405	15.0878328014302	0.933721428838659	0.74204365000538	6.42971947803914	0.742043650005381	
SRR6263248_filtp_woHU_1	550	5.33499406675926	0.0105161630484067	95.091716950082	0.989483836951593	0.845493369568445	6.30991827822652	0.84549336956845	
SRR6263258_filtp_woHU_1	872	5.35504371625118	0.0356283825730003	28.0675104448276	0.964371617427	0.79090389332468	6.77078942390898	0.790903893324694	
SRR6263259_filtp_woHU_1	379	3.89934914930603	0.107996458593842	9.25956288771322	0.892003541406158	0.65672848377215	5.93753620508243	0.656728483772146	
SRR6263322_filtp_woHU_1	484	4.82024732755077	0.0518430344469248	19.2889943782856	0.948156965553075	0.779712249230633	6.18208490671663	0.779712249230635	
SRR6263654_filtp_woHU_1	512	5.35329079557077	0.0169327393321888	59.0571897660421	0.983067260667811	0.85812956480072	6.23832462503951	0.858129564800728	
SRR6263655_filtp_woHU_1	361	4.66258150164534	0.0470826607315965	21.2392414630236	0.952917339268403	0.7917605925332	5.88887795833288	0.791760592533201	
SRR6263736_filtp_woHU_1	363	4.95915826517281	0.0256455718645915	38.9930864197529	0.974354428135409	0.841333448800723	5.89440283426485	0.841333448800734	
SRR6263737_filtp_woHU_1	412	5.05344555461223	0.0276356151964919	36.1851904830019	0.972364384803508	0.839300109201233	6.02102334934953	0.839300109201236	
SRR6265700_filtp_woHU_1	443	5.08260410434532	0.029055844252923	34.416484040019	0.970944155747077	0.834093035141808	6.09356977004514	0.834093035141806	
SRR6265795_filtp_woHU_1	233	3.61470992286624	0.118787917009466	8.41836463821745	0.881212082990534	0.663123174356208	5.4510384535657	0.663123174356208	
SRR6265865_filtp_woHU_1	300	4.34811819630176	0.0604429484965687	16.5445271098376	0.939557051503431	0.762321882999903	5.7037824746562	0.762321882999901	
SRR6265866_filtp_woHU_1	456	5.37537495288895	0.0156665124977377	63.8304153617088	0.984333487502262	0.877971623671911	6.12249280951439	0.877971623671917	
SRR6266047_filtp_woHU_1	234	3.97316103899602	0.103841330390609	9.63007692831367	0.896158669609391	0.728309288304013	5.4553211153577	0.728309288304007	
SRR6266108_filtp_woHU_1	334	4.47362553067591	0.0575353623328651	17.3806153199245	0.942464637667135	0.769835998830987	5.8111409929767	0.769835998830986	
SRR6266133_filtp_woHU_1	550	5.99419231013505	0.00402253128724197	248.599682287529	0.995977468712758	0.94996354086218	6.30991827822652	0.949963540862177	
SRR6266134_filtp_woHU_1	528	5.7329961676727	0.00660396973508045	151.424073718566	0.99339603026492	0.914485263621343	6.26909628370626	0.914485263621343	
SRR6266221_filtp_woHU_1	338	4.84060220090741	0.0201043555418386	49.7404653394101	0.979895644458161	0.831283539197638	5.82304589548302	0.831283539197636	
SRR6266334_filtp_woHU_1	528	6.06870841383251	0.00327888356988886	304.981856990395	0.996721116430111	0.968035605005051	6.26909628370626	0.968035605005045	
SRR6266336_filtp_woHU_1	599	6.20640382717646	0.00278583689866396	358.958559447462	0.997214163101336	0.970469109348922	6.39526159811545	0.970469109348915	
SRR6266338_filtp_woHU_1	402	5.53615403640472	0.00720241314952069	138.842354533154	0.992797586850479	0.923238267326787	5.99645208861902	0.923238267326787	
SRR6266341_filtp_woHU_1	296	4.34015878965913	0.0559655678070561	17.8681292656146	0.944034432192944	0.762721375424021	5.69035945432406	0.762721375424024	
SRR6266357_filtp_woHU_1	394	5.21609075767213	0.0137335148208493	72.8145717279795	0.986266485179151	0.872788568950495	5.97635090929793	0.872788568950489	
SRR6266358_filtp_woHU_1	622	6.01431911145681	0.005743162901308	174.120082815734	0.994256837098692	0.934925403431805	6.43294009273918	0.934925403431806	
SRR6429832_filtp_woHU_1	152	4.93400890796551	0.00878367346938774	113.847583643123	0.991216326530612	0.982111116594463	5.02388052084628	0.982111116594465	
SRR6429834_filtp_woHU_1	156	4.91470930759001	0.01010610005319	98.950138504155	0.98989389994681	0.973237514205254	5.04985600724954	0.973237514205255	
shotgun_illumina_1st_ARH_ECA53_filtp_woHU_1	386	5.90270350039406	0.00296692197626464	337.049645390069	0.997033078023735	0.991078690404949	5.95583736946483	0.991078690404962	
shotgun_illumina_1st_COP_ECA53_filtp_woHU_1	353	5.67653858527873	0.00465264713786616	214.931407942238	0.995347352862134	0.967624562204834	5.8664680569333	0.967624562204833	
shotgun_illumina_1st_DEH_ECA53_filtp_woHU_1	401	5.72862118887635	0.00470796603047	212.40595057993	0.99529203396953	0.955732074413856	5.99396142730657	0.955732074413851	
shotgun_illumina_1st_DEP_ECA53_filtp_woHU_1	406	5.95677273961019	0.00278827977315689	358.644067796612	0.997211720226843	0.991745337199781	6.00635315960173	0.991745337199784	
shotgun_illumina_2nd_BARR2_ECA53_filtp_woHU_1	396	5.92581764576049	0.00290559043465864	344.1641285956	0.997094409565341	0.990705113618551	5.98141421125448	0.990705113618552	
shotgun_illumina_2nd_PRH_ECA55_filtp_woHU_1	458	6.06632709494485	0.00260798633583667	383.437591776795	0.997392013664163	0.990118592816326	6.12686918411419	0.990118592816339	
shotgun_illumina_2nd_PRP_ECA55_filtp_woHU_1	335	5.032772166693	0.0382223543400714	26.1627002644268	0.961777645659929	0.865610453557052	5.81413053182507	0.86561045355705	
shotgun_illumina_3rd_ARH_ECA55_filtp_woHU_1	845	6.31290525074579	0.00381670572136239	262.006052602622	0.996183294278638	0.936725022032531	6.73933662735717	0.936725022032507	
shotgun_illumina_3rd_COP_ECA55_filtp_woHU_1	1015	6.69477559378259	0.00176021072451579	568.113798008524	0.998239789275484	0.967083631446956	6.92264389147589	0.967083631446933	
shotgun_illumina_3rd_DEP_ECA55_filtp_woHU_1	1074	6.74853485584972	0.00218931619184243	456.763624973899	0.997810683808158	0.966957211788829	6.97914527506881	0.966957211788828	
unifrac.S3.48.rplD_bact.unifrac	Richness R	Shannon H	Simpson λ	Simpson dominance 1/λ	Gini 1-λ	Pielou J	Hmax	Efficiency η	
CS1_filtp_woHU_1	125	4.31735212343231	0.0235236271414523	42.5104510451044	0.976476372858548	0.894173899694538	4.8283137373023	0.894173899694535	
ERR4182668_filtp_woHU_1	432	5.15104458989015	0.0145293355483513	68.8262719703981	0.985470664451649	0.848827181776583	6.06842558824411	0.848827181776586	
ERR4182669_filtp_woHU_1	508	5.66233425224117	0.00880276886922468	113.600619856792	0.991197231130775	0.908811670475621	6.23048144757848	0.908811670475606	
ERR4182670_filtp_woHU_1	610	5.57240821977675	0.0106184763081019	94.1754702825867	0.989381523691898	0.868861601359327	6.41345895716736	0.868861601359321	
ERR4182673_filtp_woHU_1	714	6.45597367505707	0.00193510139707611	516.768786127163	0.998064898602924	0.982512352154025	6.57088296233958	0.982512352154015	
ERR4183043_filtp_woHU_1	693	6.21408001349365	0.00350298618512338	285.470723306544	0.996497013814877	0.950015519614381	6.5410299991899	0.950015519614378	
ERR4183044_filtp_woHU_1	654	6.2070011718438	0.00315718648103099	316.737704918034	0.996842813518969	0.957411444135451	6.4831073514572	0.957411444135446	
ERR4183116_filtp_woHU_1	567	5.65047763400109	0.00769716088328071	129.918032786886	0.992302839116719	0.891192022931405	6.34035930372775	0.891192022931397	
ERR4183117_filtp_woHU_1	482	5.55070044010208	0.00929503220765564	107.584350184002	0.990704967792344	0.898470484295581	6.1779441140506	0.898470484295568	
ERR4183124_filtp_woHU_1	606	5.81579755750606	0.00590867920507216	169.242560865646	0.994091320794928	0.907742547098048	6.40687998606931	0.907742547098056	
ERR4183125_filtp_woHU_1	356	5.14958444075055	0.012873938763892	77.676305467969	0.987126061236108	0.876535345975682	5.87493073085203	0.876535345975679	
ERR5891181_filtp_woHU_1	232	5.36881912018739	0.00537249786082004	186.13315926893	0.99462750213918	0.985694509178237	5.44673737166631	0.98569450917824	
ERR5891183_filtp_woHU_1	134	3.98881045231541	0.0531114406546933	18.8283350568769	0.946888559345307	0.81440198439226	4.89783979995091	0.814401984392261	
ERR5891186_filtp_woHU_1	134	4.27731725054228	0.0250087778096971	39.9859604339502	0.974991222190303	0.873306891455524	4.89783979995091	0.873306891455524	
ERR5891188_filtp_woHU_1	249	5.47924329800718	0.00439935821127269	227.305882352942	0.995600641788727	0.993074775775248	5.51745289646471	0.993074775775241	
ERR5891191_filtp_woHU_1	236	5.41884179911405	0.00474190103239587	210.885885885886	0.995258098967604	0.991765850868582	5.46383180502561	0.991765850868581	
ERR5891194_filtp_woHU_1	297	5.33917089238499	0.00862973760932943	115.878378378379	0.991370262390671	0.937727796500755	5.6937321388027	0.937727796500755	
HTP3_filtp_woHU_1	149	4.964066116278	0.00736961451247164	135.692307692308	0.992630385487528	0.992030252279071	5.00394630594546	0.992030252279071	
IA6_filtp_woHU_1	151	4.76556163182603	0.011576482830385	86.38202247191	0.988423517169615	0.949829745763455	5.01727983681492	0.949829745763458	
RDP_CKDN230001569-1A_HT3KTDSX5_L3_filtp_woHU_1	451	4.89189056651276	0.0173547461437721	57.6211251789964	0.982645253856228	0.800444524164117	6.11146733950268	0.800444524164119	
RUP_CKDN230001570-1A_HT3KTDSX5_L3_filtp_woHU_1	645	5.82548906737466	0.0063414075255503	157.693697490798	0.99365859247445	0.900489049287558	6.46925031679577	0.900489049287555	
SRR13165308_filtp_woHU_1	1228	6.34654494812562	0.00579591100010615	172.535430578849	0.994204088999894	0.89222805493467	7.11314210870709	0.892228054934657	
SRR17689980_filtp_woHU_1	302	5.47774604073392	0.00552974679580462	180.840106595603	0.994470253204195	0.959253313993334	5.71042701737487	0.959253313993337	
SRR17689983_filtp_woHU_1	318	5.36724852424984	0.00896751606978881	111.5136	0.991032483930211	0.931482239170896	5.76205138278018	0.931482239170906	
SRR17689995_filtp_woHU_1	212	4.84396770472489	0.01420506052646	70.397447313743	0.98579493947354	0.904301257617938	5.35658627467201	0.90430125761794	
SRR17689998_filtp_woHU_1	301	5.26033672427083	0.0103806228373702	96.3333333333335	0.98961937716263	0.921716329323855	5.70711026474888	0.921716329323857	
SRR17689999_filtp_woHU_1	182	4.5752707308232	0.0219686316928069	45.5194485475136	0.978031368307193	0.879182331218953	5.2040066870768	0.879182331218956	
SRR17690002_filtp_woHU_1	310	5.36631972388523	0.00826263767119185	121.026727758686	0.991737362328808	0.93545752508747	5.73657229747919	0.935457525087466	
SRR20770298_filtp_woHU_1	341	5.59535831382068	0.00529313144554859	188.924082140635	0.994706868554451	0.959442913264431	5.83188247728352	0.959442913264432	
SRR20770299_filtp_woHU_1	347	5.34577097389848	0.00926475706885607	107.93591160221	0.990735242931144	0.913912489904014	5.84932477994686	0.913912489904012	
SRR24605825_filtp_woHU_1	619	5.77910851022585	0.00708307072764065	141.181704722734	0.992916929272359	0.899037626963489	6.4281052726846	0.899037626963489	
SRR24605827_filtp_woHU_1	1113	6.46702461636038	0.00317129246957859	315.328847652101	0.996828707530421	0.921909589123259	7.01481435127554	0.921909589123269	
SRR24605828_filtp_woHU_1	579	6.0026296563089	0.00374707661031357	266.874714343328	0.996252923389686	0.943616449221113	6.361302477573	0.943616449221107	
SRR24605834_filtp_woHU_1	174	4.42419433135496	0.0244022464877726	40.9798335780714	0.975597753512227	0.857559005430421	5.15905529921453	0.857559005430419	
SRR24605835_filtp_woHU_1	857	6.43963657487742	0.00246593086686832	405.52637279324	0.997534069133132	0.953534577869413	6.75343791859778	0.953534577869407	
SRR24605838_filtp_woHU_1	827	6.0773401567836	0.00457135969355727	218.753295963424	0.995428640306443	0.904661631691299	6.71780469502369	0.904661631691295	
SRR24605839_filtp_woHU_1	989	6.63514124765959	0.00184808960389951	541.099304865944	0.998151910396101	0.962075587029593	6.89669433162271	0.962075587029607	
SRR24605841_filtp_woHU_1	973	6.52128947540244	0.00223302019220386	447.823984526114	0.997766979807796	0.947808930069282	6.880384082186	0.947808930069276	
SRR24605842_filtp_woHU_1	466	5.25412080841357	0.0160435101539112	62.3304993986128	0.983956489846089	0.855137054979502	6.14418563412565	0.855137054979496	
SRR5830676_filtp_woHU_1	397	5.36037597556381	0.010367222441181	96.4578512396699	0.989632777558819	0.895794293943957	5.98393628068719	0.895794293943964	
SRR5881985_filtp_woHU_1	1075	5.72820878243854	0.0173995370370372	57.472793550275	0.982600462962963	0.82065135554636	6.98007594056176	0.820651355546357	
SRR5882128_filtp_woHU_1	276	5.47935426379313	0.0050124996843514	199.501259445844	0.994987500315649	0.974904529891389	5.62040086571715	0.974904529891389	
SRR5882551_filtp_woHU_1	425	5.17858874203482	0.0140020228985886	71.4182520084866	0.985997977101411	0.855669603915495	6.05208916892442	0.855669603915499	
SRR6263181_filtp_woHU_1	285	4.09327206581923	0.0611445511331545	16.3546870729707	0.938855448866846	0.724153896677549	5.65248918026865	0.724153896677547	
SRR6263202_filtp_woHU_1	485	5.51644629057693	0.0081050376607342	123.380055942814	0.991894962339266	0.892029992787037	6.18414889093748	0.892029992787041	
SRR6263206_filtp_woHU_1	591	4.87226170628268	0.0351749702649225	28.4293061932515	0.964825029735078	0.763460070455466	6.3818160174061	0.76346007045547	
SRR6263248_filtp_woHU_1	489	5.22223034903524	0.0120035879907838	83.3084241784862	0.987996412009216	0.843334084190233	6.19236248947487	0.843334084190233	
SRR6263258_filtp_woHU_1	803	5.32175531811182	0.0276452091457384	36.1726328322662	0.972354790854262	0.795674802805349	6.68835471394676	0.795674802805348	
SRR6263259_filtp_woHU_1	359	4.04047704153598	0.0636714488559218	15.7056265872454	0.936328551144078	0.686767913558819	5.88332238848828	0.686767913558822	
SRR6263322_filtp_woHU_1	461	4.86466589359386	0.0302393340270551	33.0695113558157	0.969760665972945	0.793143679815225	6.13339804299665	0.793143679815225	
SRR6263654_filtp_woHU_1	438	5.01980230391119	0.0234567835387082	42.6315909148331	0.976543216461292	0.825324174923605	6.08221891037645	0.825324174923609	
SRR6263655_filtp_woHU_1	328	4.76961016895011	0.0272029683836224	36.7606941234418	0.972797031616378	0.823338333272188	5.79301360838414	0.823338333272182	
SRR6263736_filtp_woHU_1	360	5.09017638870934	0.0163886740313229	61.017749092376	0.983611325968677	0.864778529484345	5.88610403145016	0.864778529484349	
SRR6263737_filtp_woHU_1	362	4.79061422745062	0.0306398345792228	32.6372519216573	0.969360165420777	0.813120082477969	5.89164421182577	0.813120082477966	
SRR6265700_filtp_woHU_1	392	4.76964898329676	0.0350634566855164	28.5197209439156	0.964936543314484	0.798767347885071	5.97126183979046	0.798767347885071	
SRR6265795_filtp_woHU_1	210	3.88683477304174	0.0618998061422305	16.1551394474846	0.938100193857769	0.726904172155336	5.34710753071747	0.726904172155333	
SRR6265865_filtp_woHU_1	295	4.41086715306178	0.0426875528476751	23.4260324916813	0.957312447152325	0.775608627905264	5.68697535633982	0.775608627905264	
SRR6265866_filtp_woHU_1	462	5.45229702307231	0.0103858418367347	96.2849247774023	0.989614158163265	0.888638148216379	6.13556489108174	0.888638148216381	
SRR6266047_filtp_woHU_1	205	4.09218766882846	0.0704977676065257	14.1848463284876	0.929502232393474	0.768773247629873	5.32300997913841	0.768773247629871	
SRR6266108_filtp_woHU_1	337	4.62579651733607	0.0362760980484186	27.5663606010017	0.963723901951581	0.794799072915618	5.82008293035236	0.794799072915622	
SRR6266133_filtp_woHU_1	542	5.97646780742239	0.00443497961634276	225.480179506357	0.995565020383657	0.949359059022391	6.29526600143965	0.94935905902239	
SRR6266134_filtp_woHU_1	493	5.64844798213625	0.00691693273158324	144.572751941612	0.993083067268417	0.910965184243651	6.20050917404269	0.910965184243655	
SRR6266221_filtp_woHU_1	292	4.8331529421156	0.0166300803249626	60.1320005952676	0.983369919675037	0.851393791322147	5.67675380226828	0.851393791322145	
SRR6266334_filtp_woHU_1	476	5.97183298868185	0.00376507779112609	265.598761958359	0.996234922208874	0.96860150112669	6.16541785423142	0.968601501126691	
SRR6266336_filtp_woHU_1	564	6.1438921386437	0.0028994237705961	344.89611699445	0.997100576229404	0.969824707845374	6.33505425149806	0.969824707845376	
SRR6266338_filtp_woHU_1	378	5.47684261187173	0.00730925688751472	136.812813585489	0.992690743112485	0.922820598202756	5.93489419561959	0.922820598202752	
SRR6266341_filtp_woHU_1	278	4.40624356196352	0.0397014164666907	25.188018186681	0.960298583533309	0.782967344984225	5.62762111369064	0.782967344984224	
SRR6266357_filtp_woHU_1	363	4.96639245720485	0.0198849735815736	50.2892294977274	0.980115026418426	0.842560747347405	5.89440283426485	0.842560747347402	
SRR6266358_filtp_woHU_1	568	5.90442730929539	0.00752852511883059	132.828141530506	0.992471474881169	0.930986166847305	6.34212141872115	0.93098616684731	
SRR6429832_filtp_woHU_1	125	4.6931529019171	0.0130174316472231	76.8200692041521	0.986982568352777	0.972006617063638	4.8283137373023	0.97200661706364	
SRR6429834_filtp_woHU_1	144	4.9166908169829	0.00815448902592395	122.63184079602	0.991845510974076	0.989310970173138	4.969813299576	0.989310970173139	
shotgun_illumina_1st_ARH_ECA53_filtp_woHU_1	322	5.68746566384689	0.00389273064597739	256.889081455807	0.996107269354023	0.984919022540423	5.77455154554441	0.984919022540418	
shotgun_illumina_1st_COP_ECA53_filtp_woHU_1	325	5.56657802023493	0.00555361122879403	180.063018242123	0.994446388771206	0.962438843629208	5.78382518232974	0.962438843629199	
shotgun_illumina_1st_DEH_ECA53_filtp_woHU_1	360	5.61948938706376	0.00506611800953259	197.389795918367	0.994933881990467	0.954704394798012	5.88610403145016	0.954704394798022	
shotgun_illumina_1st_DEP_ECA53_filtp_woHU_1	317	5.70053419734963	0.00373212498351189	267.943866943869	0.996267875016488	0.989864807767272	5.75890177387728	0.989864807767272	
shotgun_illumina_2nd_BARR2_ECA53_filtp_woHU_1	342	5.76434021739882	0.00349534256168164	286.09499136442	0.996504657438318	0.987922398370841	5.8348107370626	0.987922398370844	
shotgun_illumina_2nd_PRH_ECA55_filtp_woHU_1	461	6.06716606386347	0.00263764172335602	379.126547455294	0.997362358276644	0.989201421680303	6.13339804299665	0.989201421680314	
shotgun_illumina_2nd_PRP_ECA55_filtp_woHU_1	316	5.11728150059927	0.0277236922836846	36.0702315466292	0.972276307716315	0.889074129921855	5.75574221358691	0.889074129921855	
shotgun_illumina_3rd_ARH_ECA55_filtp_woHU_1	832	6.32441160205939	0.00350865356917283	285.009614168249	0.996491346430827	0.940596253360377	6.72383244082121	0.940596253360386	
shotgun_illumina_3rd_COP_ECA55_filtp_woHU_1	952	6.61185686205033	0.00196578580416967	508.702422145322	0.99803421419583	0.964029185188219	6.85856503479136	0.964029185188198	
shotgun_illumina_3rd_DEP_ECA55_filtp_woHU_1	989	6.71784490166268	0.00175851527202881	568.661538461531	0.998241484727971	0.974067368892954	6.89669433162271	0.974067368892946	
unifrac.S3.49.rplO_bact.unifrac	Richness R	Shannon H	Simpson λ	Simpson dominance 1/λ	Gini 1-λ	Pielou J	Hmax	Efficiency η	
CS1_filtp_woHU_1	146	4.59880808429682	0.0166802559389726	59.9511184755593	0.983319744061027	0.922787136581898	4.98360662170834	0.922787136581901	
ERR4182668_filtp_woHU_1	438	5.02802146237617	0.0177688914868742	56.2781308411218	0.982231108513126	0.826675517021957	6.08221891037645	0.826675517021963	
ERR4182669_filtp_woHU_1	563	5.85367726410244	0.00647238441215858	154.502566028289	0.993527615587841	0.924272668791331	6.33327962813969	0.924272668791326	
ERR4182670_filtp_woHU_1	620	5.54880538835619	0.0109375306533843	91.4283151920198	0.989062469346616	0.862993386773446	6.42971947803914	0.862993386773448	
ERR4182673_filtp_woHU_1	747	6.49458976568933	0.00188923574979769	529.314565483469	0.998110764250202	0.981639325483603	6.61606518513282	0.981639325483594	
ERR4183043_filtp_woHU_1	800	6.38663887579779	0.00274408144174982	364.420670897556	0.99725591855825	0.955424059914085	6.68461172766793	0.955424059914071	
ERR4183044_filtp_woHU_1	746	6.38816501383535	0.00242113383790997	413.029624526351	0.99757886616209	0.965749057472401	6.61472560020376	0.965749057472399	
ERR4183116_filtp_woHU_1	597	5.73634827468811	0.00688717537347406	145.197406160368	0.993112824626526	0.897437837963993	6.3919171133926	0.897437837964005	
ERR4183117_filtp_woHU_1	497	5.52530759608377	0.0102502752588624	97.5583557266324	0.989749724741138	0.889945635459773	6.20859002609663	0.889945635459768	
ERR4183124_filtp_woHU_1	572	5.79118260541825	0.00588601839567093	169.894134332894	0.994113981604329	0.912120936914582	6.3491389913798	0.912120936914592	
ERR4183125_filtp_woHU_1	344	5.14261729946774	0.0123905961970658	80.7063666748183	0.987609403802934	0.880488412257846	5.8406416573734	0.880488412257848	
ERR5891181_filtp_woHU_1	219	5.32165299067745	0.00548360386820603	182.361823361823	0.994516396131794	0.987489730603132	5.3890717298165	0.987489730603128	
ERR5891183_filtp_woHU_1	105	4.25928239227615	0.0226848470091714	44.0822898032199	0.977315152990829	0.915195247018377	4.65396035015752	0.915195247018375	
ERR5891186_filtp_woHU_1	102	4.14100972289459	0.0269672607334945	37.0820013898541	0.973032739266506	0.895358716704324	4.62497281328427	0.895358716704327	
ERR5891188_filtp_woHU_1	222	5.35828179439979	0.00504032258064514	198.400000000001	0.994959677419355	0.991782669159286	5.40267738187228	0.991782669159283	
ERR5891191_filtp_woHU_1	207	5.3032402332509	0.00522102332057083	191.533333333333	0.994778976679429	0.994472133041836	5.33271879326537	0.994472133041835	
ERR5891194_filtp_woHU_1	271	5.40197783794573	0.0063997905773589	156.255113024759	0.993600209422641	0.96427405606107	5.6021188208797	0.964274056061068	
HTP3_filtp_woHU_1	140	4.88000290572597	0.00831796454514662	120.221719457013	0.991682035454853	0.987526512116434	4.9416424226093	0.98752651211643	
IA6_filtp_woHU_1	173	4.9550074226105	0.0090476791650886	110.525581395349	0.990952320834911	0.961522811536806	5.15329159449778	0.961522811536804	
RDP_CKDN230001569-1A_HT3KTDSX5_L3_filtp_woHU_1	477	4.85237018159032	0.0185812871822606	53.817584874028	0.981418712817739	0.786762417053774	6.16751649088834	0.78676241705378	
RUP_CKDN230001570-1A_HT3KTDSX5_L3_filtp_woHU_1	798	6.0177406544251	0.00554150047483382	180.456539621606	0.994458499525166	0.90057510539738	6.68210859744981	0.900575105397381	
SRR13165308_filtp_woHU_1	1380	6.53401856976457	0.00596918983307011	167.526922072384	0.99403081016693	0.903757161156972	7.22983877815125	0.903757161156945	
SRR17689980_filtp_woHU_1	317	5.49336307439061	0.00602399999999998	166.002656042497	0.993976	0.953890739951292	5.75890177387728	0.953890739951295	
SRR17689983_filtp_woHU_1	282	5.31075379543839	0.00842529963213483	118.69014084507	0.991574700367865	0.941304727047789	5.64190707093811	0.941304727047789	
SRR17689995_filtp_woHU_1	194	4.77187933490686	0.0146228035407584	68.3863389953016	0.985377196459242	0.905848105780308	5.26785815906333	0.905848105780306	
SRR17689998_filtp_woHU_1	270	5.15691519923098	0.0109581763559293	91.2560600887676	0.989041823644071	0.921137284220287	5.59842195899838	0.921137284220292	
SRR17689999_filtp_woHU_1	192	4.73344965931851	0.0160598369308866	62.2671328671326	0.983940163069113	0.9003240753197	5.25749537202778	0.900324075319702	
SRR17690002_filtp_woHU_1	272	5.3379082418415	0.0070865966536134	141.111459968603	0.992913403346387	0.952211330102936	5.605802066296	0.952211330102938	
SRR20770298_filtp_woHU_1	373	5.75699157296834	0.00393662281774171	254.024844720496	0.996063377182258	0.972205578477271	5.92157841964382	0.972205578477275	
SRR20770299_filtp_woHU_1	372	5.42026303502613	0.00826650796027223	120.970064361623	0.991733492039728	0.915756080185991	5.91889385427315	0.915756080185991	
SRR24605825_filtp_woHU_1	620	5.87787554495972	0.005265032162675	189.932363013701	0.994734967837325	0.914172937876333	6.42971947803914	0.914172937876329	
SRR24605827_filtp_woHU_1	1069	6.5227935868652	0.00246290262065014	406.024985160001	0.99753709737935	0.935237409142376	6.97447891102505	0.935237409142357	
SRR24605828_filtp_woHU_1	592	6.04577933593317	0.00333787463186993	299.591839205712	0.99666212536813	0.947093765501041	6.38350663488401	0.947093765501036	
SRR24605834_filtp_woHU_1	177	4.17688797680985	0.0304535954873792	32.8368451736487	0.969546404512621	0.806948831198688	5.17614973257383	0.806948831198687	
SRR24605835_filtp_woHU_1	804	6.39259693576033	0.0022880959117878	437.044616376528	0.997711904088212	0.955602372957223	6.68959926917897	0.955602372957213	
SRR24605838_filtp_woHU_1	881	6.1118741233532	0.00454816469883503	219.868906738611	0.995451835301165	0.901315762304763	6.78105762593618	0.901315762304762	
SRR24605839_filtp_woHU_1	949	6.59314643660748	0.00196362286139944	509.262761020879	0.998036377138601	0.961743731160769	6.85540879860993	0.961743731160768	
SRR24605841_filtp_woHU_1	880	6.43037208545674	0.00247290934147028	404.381989760063	0.99752709065853	0.948443385220962	6.77992190747225	0.948443385220956	
SRR24605842_filtp_woHU_1	399	4.99867161478828	0.0194253670944617	51.4790786262724	0.980574632905538	0.834647490079197	5.98896141688986	0.834647490079196	
SRR5830676_filtp_woHU_1	417	5.48604200342958	0.00874257577080969	114.382766156728	0.99125742422919	0.909325973762377	6.0330862217988	0.909325973762373	
SRR5881985_filtp_woHU_1	1174	5.91729688337968	0.0173362141564552	57.6827207471733	0.982663785843545	0.837174998437336	7.06817200038804	0.837174998437329	
SRR5882128_filtp_woHU_1	329	5.61635965966879	0.00472680800406154	211.55925925926	0.995273191995938	0.96899649747747	5.79605775076537	0.968996497477478	
SRR5882551_filtp_woHU_1	429	5.34598836242569	0.0114169524912425	87.5890480202189	0.988583047508757	0.881964259406325	6.06145691892802	0.881964259406325	
SRR6263181_filtp_woHU_1	286	4.11603312988838	0.0883470593803661	11.3189958671362	0.911652940619634	0.727729683415463	5.65599181081985	0.727729683415463	
SRR6263202_filtp_woHU_1	468	5.50781114498326	0.00752655807764058	132.862855728269	0.992473441922359	0.895802154276414	6.14846829591765	0.895802154276413	
SRR6263206_filtp_woHU_1	637	4.84264590159537	0.0646325435328612	15.4720817925349	0.935367456467139	0.750010633787468	6.45676965557216	0.750010633787469	
SRR6263248_filtp_woHU_1	494	5.23250494996133	0.0123641970374465	80.878685204658	0.987635802962553	0.84360741433265	6.20253551718792	0.84360741433265	
SRR6263258_filtp_woHU_1	874	5.2551266742161	0.0472178864608623	21.1784151082	0.952782113539138	0.775884292338327	6.77308037565554	0.775884292338322	
SRR6263259_filtp_woHU_1	394	4.08555438452646	0.0956026825557366	10.4599575374571	0.904397317444263	0.683620230226141	5.97635090929793	0.683620230226138	
SRR6263322_filtp_woHU_1	501	4.9681430293368	0.0392884867783015	25.4527491894213	0.960711513221699	0.799172884456972	6.21660610108486	0.799172884456969	
SRR6263654_filtp_woHU_1	450	5.19961027335992	0.0166782483412515	59.9583349245753	0.983321751658748	0.851104854226117	6.10924758276437	0.851104854226113	
SRR6263655_filtp_woHU_1	407	4.94138010180427	0.0389749878923276	25.6574807094899	0.961025012107672	0.822355421828662	6.00881318544259	0.822355421828667	
SRR6263736_filtp_woHU_1	368	5.00824582463868	0.024195341090441	41.3302708261913	0.975804658909559	0.847693892765639	5.90808293816893	0.847693892765634	
SRR6263737_filtp_woHU_1	426	5.27622051722288	0.016114655657722	62.055312954876	0.983885344342278	0.871463105906575	6.05443934626937	0.871463105906572	
SRR6265700_filtp_woHU_1	444	5.28175026613744	0.0161185626093426	62.0402714706324	0.983881437390657	0.866453785216881	6.09582456243222	0.866453785216883	
SRR6265795_filtp_woHU_1	208	3.72332815303887	0.113813173378792	8.78632912441345	0.886186826621208	0.697574068314136	5.33753807970132	0.697574068314136	
SRR6265865_filtp_woHU_1	295	4.21705006457419	0.0682705261181613	14.6476093983694	0.931729473881839	0.741527754269769	5.68697535633982	0.741527754269765	
SRR6265866_filtp_woHU_1	459	5.35559350405152	0.0170072497432637	58.7984544882742	0.982992750256736	0.873804801804457	6.12905021006055	0.873804801804458	
SRR6266047_filtp_woHU_1	235	4.21530040546036	0.0736914948938607	13.5700870424778	0.926308505106139	0.772091653210628	5.45958551414416	0.772091653210626	
SRR6266108_filtp_woHU_1	332	4.56963103294778	0.0506192426027903	19.7553331219712	0.94938075739721	0.787170506356148	5.80513496891649	0.787170506356151	
SRR6266133_filtp_woHU_1	555	6.00598901843332	0.00374218984931	267.223214285717	0.99625781015069	0.95046990431361	6.31896811374643	0.950469904313617	
SRR6266134_filtp_woHU_1	456	5.54400641500811	0.00805091901738922	124.209422283356	0.991949080982611	0.905514565307891	6.12249280951439	0.905514565307881	
SRR6266221_filtp_woHU_1	334	4.94594290852984	0.0148253678932578	67.4519517626793	0.985174632106742	0.851113905945057	5.8111409929767	0.851113905945057	
SRR6266334_filtp_woHU_1	561	6.17074617009166	0.00264248113718253	378.432218844983	0.997357518862817	0.974884400465061	6.3297209055227	0.974884400465067	
SRR6266336_filtp_woHU_1	546	6.11966250021164	0.00299866164995835	333.482105263156	0.997001338350042	0.970971357107679	6.30261897574491	0.970971357107666	
SRR6266338_filtp_woHU_1	384	5.51435155763127	0.00636919189187858	157.005789270553	0.993630808108121	0.92668170015241	5.95064255258773	0.926681700152415	
SRR6266341_filtp_woHU_1	272	4.43704220269104	0.048948203736383	20.4297588811559	0.951051796263617	0.791508895643686	5.605802066296	0.791508895643689	
SRR6266357_filtp_woHU_1	376	5.08987953562531	0.0182052214299117	54.9292961829605	0.981794778570088	0.858386544588733	5.92958914338989	0.858386544588732	
SRR6266358_filtp_woHU_1	547	5.91784596024777	0.0057856224504373	172.842249657064	0.994214377549563	0.93867777274586	6.30444880242198	0.938677772745857	
SRR6429832_filtp_woHU_1	165	5.00757383031984	0.00812623274161738	123.058252427184	0.991873767258383	0.980733902450864	5.10594547390058	0.980733902450861	
SRR6429834_filtp_woHU_1	171	5.02208414786463	0.00858889631444762	116.429394812681	0.991411103685552	0.97674305070257	5.14166355650266	0.976743050702574	
shotgun_illumina_1st_ARH_ECA53_filtp_woHU_1	364	5.83040952788819	0.00325827562888071	306.910806174959	0.996741724371119	0.988681940263618	5.89715386763674	0.988681940263608	
shotgun_illumina_1st_COP_ECA53_filtp_woHU_1	322	5.56806153031431	0.00536888119291742	186.258545135845	0.994631118807083	0.964241376390618	5.77455154554441	0.964241376390622	
shotgun_illumina_1st_DEH_ECA53_filtp_woHU_1	373	5.64082664724916	0.00561981683782426	177.941742383753	0.994380183162176	0.952588355249454	5.92157841964382	0.952588355249454	
shotgun_illumina_1st_DEP_ECA53_filtp_woHU_1	342	5.78519628027748	0.00334111779334668	299.301030927837	0.996658882206653	0.991496818145278	5.8348107370626	0.991496818145275	
shotgun_illumina_2nd_BARR2_ECA53_filtp_woHU_1	364	5.83241564378366	0.00327061760355027	305.752650176681	0.99672938239645	0.989022124009963	5.89715386763674	0.989022124009965	
shotgun_illumina_2nd_PRH_ECA55_filtp_woHU_1	458	6.05606729620551	0.00266666666666668	374.999999999999	0.997333333333333	0.988444034664188	6.12686918411419	0.988444034664186	
shotgun_illumina_2nd_PRP_ECA55_filtp_woHU_1	354	5.18642707439496	0.0264924793446795	37.7465614671068	0.973507520655321	0.883653894351341	5.86929691313377	0.883653894351343	
shotgun_illumina_3rd_ARH_ECA55_filtp_woHU_1	870	6.34656452482513	0.00360136488537226	277.672502461975	0.996398635114628	0.937662833716468	6.76849321164863	0.937662833716464	
shotgun_illumina_3rd_COP_ECA55_filtp_woHU_1	967	6.64625540800391	0.00185671924050221	538.584390243901	0.998143280759498	0.966840776040996	6.87419849545329	0.966840776041001	
shotgun_illumina_3rd_DEP_ECA55_filtp_woHU_1	1117	6.77732702340113	0.00191730618069643	521.565105285774	0.998082693819304	0.965651043845903	7.0184017990692	0.965651043845906	
unifrac.S3.4.ribosomal_protein_L16_L10E_rplP.unifrac	Richness R	Shannon H	Simpson λ	Simpson dominance 1/λ	Gini 1-λ	Pielou J	Hmax	Efficiency η	
CS1_filtp_woHU_1	127	4.35420647663383	0.0218047381922438	45.8615916955018	0.978195261807756	0.898851840137543	4.84418708645859	0.898851840137542	
ERR4182668_filtp_woHU_1	419	4.98058817775433	0.0184570852155608	54.1797357665618	0.981542914784439	0.824891463201164	6.03787091992214	0.824891463201165	
ERR4182669_filtp_woHU_1	450	5.49256526709687	0.00948745728483298	105.40231908065	0.990512542715167	0.899057566858593	6.10924758276437	0.899057566858591	
ERR4182670_filtp_woHU_1	616	5.67705392396568	0.00749963982758258	133.339736706041	0.992500360172417	0.883829308789748	6.42324696353352	0.883829308789744	
ERR4182673_filtp_woHU_1	745	6.49262808122377	0.00186851305458696	535.184914841845	0.998131486945413	0.981740643947438	6.61338421837956	0.981740643947439	
ERR4183043_filtp_woHU_1	659	6.20466516289108	0.00333659161027533	299.707041437259	0.996663408389725	0.955928122636739	6.49072353450251	0.955928122636721	
ERR4183044_filtp_woHU_1	643	6.19106618311195	0.00326281332884066	306.48397539657	0.996737186671159	0.957458647639827	6.46614472423762	0.95745864763982	
ERR4183116_filtp_woHU_1	580	5.61062395233978	0.00972302476312486	102.848653002773	0.990276975236875	0.881753759537532	6.36302810354046	0.88175375953753	
ERR4183117_filtp_woHU_1	472	5.45723150707735	0.0114154077403467	87.6009007076981	0.988584592259653	0.886348892834226	6.15697898558556	0.88634889283422	
ERR4183124_filtp_woHU_1	595	5.78945104898726	0.00619763313609471	161.351919037616	0.993802366863905	0.906221398132244	6.38856140554563	0.906221398132248	
ERR4183125_filtp_woHU_1	355	5.08808990469931	0.0133862204986673	74.7036850393702	0.986613779501333	0.866482943141686	5.87211778947542	0.866482943141689	
ERR5891181_filtp_woHU_1	281	5.541261009634	0.00467277521079697	214.005586592179	0.995327224789203	0.982779788538698	5.63835466933375	0.982779788538691	
ERR5891183_filtp_woHU_1	164	4.43060417138809	0.0268809349890431	37.2010869565217	0.973119065010957	0.868768669550892	5.0998664278242	0.868768669550895	
ERR5891186_filtp_woHU_1	180	4.59040236700308	0.0188928524243626	52.9300699300698	0.981107147575637	0.88396697658217	5.19295685089021	0.88396697658217	
ERR5891188_filtp_woHU_1	265	5.49756984397064	0.00489129858141731	204.444685466378	0.995108701418583	0.985275275940254	5.57972982598622	0.98527527594026	
ERR5891191_filtp_woHU_1	245	5.43203567760413	0.00490417987022784	203.907692307693	0.995095820129772	0.987416963485205	5.50125821054473	0.987416963485207	
ERR5891194_filtp_woHU_1	304	5.37990224438634	0.00772572010071496	129.437772397094	0.992274279899285	0.941031340999631	5.71702770140622	0.94103134099963	
HTP3_filtp_woHU_1	138	4.87631500683772	0.00823562822021176	121.423645320197	0.991764371779788	0.9896618519008	4.92725368515721	0.989661851900803	
IA6_filtp_woHU_1	172	4.94983240764833	0.00981257809246144	101.910016977929	0.990187421907539	0.961600333899245	5.14749447681345	0.961600333899248	
RDP_CKDN230001569-1A_HT3KTDSX5_L3_filtp_woHU_1	445	4.76923239402995	0.0195094685409594	51.2571625362597	0.980490531459041	0.782088274650494	6.09807428216624	0.782088274650495	
RUP_CKDN230001570-1A_HT3KTDSX5_L3_filtp_woHU_1	745	5.87006476655654	0.00848038049940551	117.919237240605	0.991519619500595	0.887603770281904	6.61338421837956	0.887603770281913	
SRR13165308_filtp_woHU_1	1259	6.30944081363942	0.00772109943951521	129.515233916323	0.992278900560485	0.883913737439664	7.13807303404435	0.883913737439646	
SRR17689980_filtp_woHU_1	348	5.57039448012688	0.00546536490141041	182.970399605329	0.99453463509859	0.951845822043659	5.85220247977447	0.951845822043656	
SRR17689983_filtp_woHU_1	273	5.17410341509864	0.0115310526537506	86.7223513782797	0.988468947346249	0.922386920554619	5.60947179518496	0.922386920554618	
SRR17689995_filtp_woHU_1	222	4.8455669560715	0.0147967181589964	67.5825537294566	0.985203281841004	0.896882529452885	5.40267738187228	0.896882529452883	
SRR17689998_filtp_woHU_1	300	5.16967501172809	0.0119021038170266	84.0187596557047	0.988097896182973	0.906359075700849	5.7037824746562	0.906359075700853	
SRR17689999_filtp_woHU_1	220	4.89133302519305	0.0139866417696065	71.4967907573812	0.986013358230394	0.906872597923635	5.39362754635236	0.906872597923631	
SRR17690002_filtp_woHU_1	312	5.39253154435222	0.00773524399898025	129.278404163053	0.99226475600102	0.938974151328838	5.74300318780948	0.93897415132883	
SRR20770298_filtp_woHU_1	441	5.91813413166461	0.00360236686390534	277.59526938239	0.996397633136095	0.97193143632897	6.08904487544685	0.97193143632898	
SRR20770299_filtp_woHU_1	387	5.52616405438564	0.00658609299643764	151.835086528674	0.993413907003562	0.927453872304569	5.95842469302978	0.927453872304569	
SRR24605825_filtp_woHU_1	691	5.52775472303437	0.0135933680518652	73.5652853792025	0.986406631948135	0.84546291025158	6.53813982376767	0.845462910251578	
SRR24605827_filtp_woHU_1	1142	6.53061613690101	0.00272393347727267	367.116160634454	0.997276066522727	0.927573664128266	7.04053639021596	0.927573664128286	
SRR24605828_filtp_woHU_1	655	5.83102734986488	0.0108419625844727	92.2342234820241	0.989158037415527	0.899206684413246	6.48463523563525	0.899206684413247	
SRR24605834_filtp_woHU_1	225	4.5276037959775	0.0195593547552469	51.1264309336046	0.980440645244753	0.83595270762239	5.41610040220442	0.835952707622391	
SRR24605835_filtp_woHU_1	896	6.45170914005029	0.00235804262399454	424.080544526372	0.997641957376005	0.949068210091426	6.79794041297493	0.949068210091435	
SRR24605838_filtp_woHU_1	849	6.07359975556442	0.00482483269703813	207.261072619965	0.995175167302962	0.900585179900588	6.74405918631135	0.900585179900592	
SRR24605839_filtp_woHU_1	988	6.60616171709445	0.0019377708227362	516.056898094877	0.998062229177264	0.958014167219734	6.89568269774787	0.958014167219723	
SRR24605841_filtp_woHU_1	980	6.46860148821911	0.00258650416447391	386.622226917388	0.997413495835526	0.939172720776162	6.88755257166462	0.939172720776166	
SRR24605842_filtp_woHU_1	442	5.09031001301793	0.0158031309867839	63.2785997177584	0.984196869013216	0.835667551242963	6.0913098820777	0.835667551242959	
SRR5830676_filtp_woHU_1	385	5.42229783408487	0.00817933197932796	122.259373079287	0.991820668020672	0.910814077236702	5.95324333428778	0.910814077236692	
SRR5881985_filtp_woHU_1	1025	5.66552132224694	0.0224956730775623	44.4529930956999	0.977504326922438	0.817246867320024	6.93244789157251	0.817246867320008	
SRR5882128_filtp_woHU_1	332	5.65382776733256	0.00433821343638528	230.509635974303	0.995661786563615	0.973935627268943	5.80513496891649	0.973935627268952	
SRR5882551_filtp_woHU_1	367	4.98451813116306	0.0209380036608398	47.7600451408026	0.97906199633916	0.844066504206704	5.90536184805457	0.844066504206706	
SRR6263181_filtp_woHU_1	250	3.53757897132214	0.15126683121811	6.61083458909845	0.84873316878189	0.640696189640294	5.52146091786225	0.640696189640291	
SRR6263202_filtp_woHU_1	491	5.42496805530659	0.0102160388222352	97.8852975600973	0.989783961177765	0.875496969459075	6.19644412779452	0.875496969459081	
SRR6263206_filtp_woHU_1	602	4.68728615490667	0.0803128823109064	12.4513025958751	0.919687117689094	0.732359001955819	6.40025744530882	0.732359001955815	
SRR6263248_filtp_woHU_1	488	5.18228528023427	0.0136195003957699	73.4241323793782	0.98638049960423	0.837160134899466	6.19031540585315	0.83716013489946	
SRR6263258_filtp_woHU_1	747	5.02858493016164	0.050938945126238	19.6313448879198	0.949061054873762	0.760056739081342	6.61606518513282	0.760056739081344	
SRR6263259_filtp_woHU_1	385	3.81916404162328	0.128535857631293	7.77993019557633	0.871464142368707	0.641526614513932	5.95324333428778	0.641526614513936	
SRR6263322_filtp_woHU_1	450	4.59866260306623	0.0685131195335276	14.5957446808511	0.931486880466472	0.752737966626225	6.10924758276437	0.752737966626225	
SRR6263654_filtp_woHU_1	434	5.01103232480045	0.0256539311939633	38.9803805287867	0.974346068806037	0.825126885973466	6.07304453410041	0.825126885973464	
SRR6263655_filtp_woHU_1	344	4.56406496987325	0.0647258758544922	15.4497716222189	0.935274124145508	0.781432116129131	5.8406416573734	0.781432116129131	
SRR6263736_filtp_woHU_1	357	4.88162169640047	0.0262378322000857	38.1129047695006	0.973762167799914	0.83052758368843	5.87773578177964	0.830527583688426	
SRR6263737_filtp_woHU_1	388	4.95080978051646	0.031433151951965	31.8135451872012	0.968566848048035	0.830532686761414	5.96100533962327	0.830532686761412	
SRR6265700_filtp_woHU_1	397	4.95074357891526	0.0319746773800827	31.2747487054524	0.968025322619917	0.827338953272864	5.98393628068719	0.827338953272857	
SRR6265795_filtp_woHU_1	207	3.60313841414476	0.129319621011832	7.73277861608105	0.870680378988168	0.675666307155578	5.33271879326537	0.675666307155582	
SRR6265865_filtp_woHU_1	270	3.99231770029384	0.0869221332644629	11.5045496750232	0.913077866735537	0.713114825844266	5.59842195899838	0.71311482584427	
SRR6265866_filtp_woHU_1	418	5.12559321723195	0.0204613969865594	48.8725183650401	0.979538603013441	0.849243473703773	6.03548143252476	0.849243473703775	
SRR6266047_filtp_woHU_1	222	3.92276706239687	0.112925292753154	8.85541206597462	0.887074707246846	0.726078346924622	5.40267738187228	0.726078346924626	
SRR6266108_filtp_woHU_1	293	4.19361646134746	0.080963763581011	12.3512044866765	0.919036236418989	0.738290321440276	5.68017260901707	0.738290321440277	
SRR6266133_filtp_woHU_1	575	6.00928472517378	0.00423238734114993	236.273270708796	0.99576761265885	0.945693229477037	6.35437004079735	0.945693229477026	
SRR6266134_filtp_woHU_1	440	5.44279015822763	0.0114833333333333	87.0827285921627	0.988516666666667	0.894199375272206	6.08677472691231	0.894199375272212	
SRR6266221_filtp_woHU_1	321	4.97290590898752	0.0143029131985731	69.915826665281	0.985697086801427	0.861640239048401	5.77144112313002	0.861640239048402	
SRR6266334_filtp_woHU_1	556	6.01785585345956	0.00504010809331044	198.408443129874	0.99495989190669	0.952076642159696	6.32076829425058	0.952076642159695	
SRR6266336_filtp_woHU_1	535	6.09306566161584	0.00317760161916005	314.702760084926	0.99682239838084	0.969883309177592	6.28226674689601	0.969883309177585	
SRR6266338_filtp_woHU_1	383	5.44936310926719	0.00753571750061087	132.701365187713	0.992464282499389	0.916161912157455	5.94803498918065	0.916161912157448	
SRR6266341_filtp_woHU_1	267	4.11953331880057	0.0696955084344467	14.3481269089323	0.930304491565553	0.737309822895922	5.58724865840025	0.737309822895922	
SRR6266357_filtp_woHU_1	338	4.9748406185509	0.020443094583899	48.9162732137237	0.979556905416101	0.854336494653069	5.82304589548302	0.854336494653069	
SRR6266358_filtp_woHU_1	582	5.8777405889723	0.00777376933062412	128.637724824247	0.992226230669376	0.923233781924915	6.36647044773144	0.923233781924919	
SRR6429832_filtp_woHU_1	187	5.19464365579873	0.00591569515606047	169.041841004185	0.99408430484394	0.993029209728437	5.23110861685459	0.993029209728438	
SRR6429834_filtp_woHU_1	188	5.12939848427303	0.0074539701416467	134.156695156695	0.992546029858353	0.979557974801066	5.23644196282995	0.979557974801068	
shotgun_illumina_1st_ARH_ECA53_filtp_woHU_1	330	5.70957571918221	0.00379941090567063	263.198697068406	0.996200589094329	0.984563630793266	5.79909265446053	0.984563630793274	
shotgun_illumina_1st_COP_ECA53_filtp_woHU_1	340	5.54747292056542	0.00612880022313239	163.164071856287	0.993871199776868	0.951711215799576	5.82894561761021	0.951711215799578	
shotgun_illumina_1st_DEH_ECA53_filtp_woHU_1	370	5.58512163057354	0.00583336824646535	171.427545416139	0.994166631753535	0.944469230039854	5.91350300563827	0.944469230039841	
shotgun_illumina_1st_DEP_ECA53_filtp_woHU_1	344	5.78048776024962	0.00344975704045745	289.875486381324	0.996550242959543	0.989700806751628	5.8406416573734	0.989700806751621	
shotgun_illumina_2nd_BARR2_ECA53_filtp_woHU_1	380	5.84892438765487	0.00339614585961301	294.45142857143	0.996603854140387	0.984639017768423	5.94017125272043	0.984639017768409	
shotgun_illumina_2nd_PRH_ECA55_filtp_woHU_1	447	6.02958574487169	0.00271177685950414	368.761904761904	0.997288223140496	0.988042253325304	6.10255859461357	0.988042253325321	
shotgun_illumina_2nd_PRP_ECA55_filtp_woHU_1	341	5.21780374237508	0.0212901307966707	46.9701200781903	0.978709869203329	0.89470317049419	5.83188247728352	0.894703170494192	
shotgun_illumina_3rd_ARH_ECA55_filtp_woHU_1	819	6.29455220384314	0.00347873239173265	287.461031028584	0.996521267608267	0.93835320564849	6.70808408385307	0.938353205648499	
shotgun_illumina_3rd_COP_ECA55_filtp_woHU_1	973	6.63881945087552	0.00191501800280832	522.188302425109	0.998084981997192	0.964890821729572	6.880384082186	0.964890821729567	
shotgun_illumina_3rd_DEP_ECA55_filtp_woHU_1	1042	6.7839631018781	0.00157628235425364	634.404107424965	0.998423717645746	0.976264705728328	6.94889722231331	0.97626470572835	
unifrac.S3.50.rplT_bact.unifrac	Richness R	Shannon H	Simpson λ	Simpson dominance 1/λ	Gini 1-λ	Pielou J	Hmax	Efficiency η	
CS1_filtp_woHU_1	143	4.5019414728327	0.0201123966942149	49.7205785667323	0.979887603305785	0.907129239022123	4.96284463025991	0.907129239022125	
ERR4182668_filtp_woHU_1	434	5.00841415576941	0.0170555502356709	58.6319401122896	0.982944449764329	0.8246957728775	6.07304453410041	0.824695772877511	
ERR4182669_filtp_woHU_1	543	5.79870689216987	0.00653177029533742	153.097851697852	0.993468229704663	0.920852187497152	6.29710931993394	0.920852187497143	
ERR4182670_filtp_woHU_1	593	5.55407298499062	0.0100307775412408	99.6931689381578	0.989969222458759	0.869836161270584	6.38519439899773	0.869836161270584	
ERR4182673_filtp_woHU_1	797	6.56827721729492	0.00170186715641264	587.589928057544	0.998298132843587	0.983149242588272	6.68085467879022	0.983149242588243	
ERR4183043_filtp_woHU_1	790	6.37376190350429	0.00284351878974099	351.676944639106	0.997156481210259	0.955295328366193	6.67203294546107	0.955295328366192	
ERR4183044_filtp_woHU_1	719	6.32666449617017	0.00270307852493987	369.948557089087	0.99729692147506	0.961811773175179	6.57786135772105	0.96181177317519	
ERR4183116_filtp_woHU_1	598	5.67939720774237	0.00827347431812219	120.868206215326	0.991726525681878	0.888295392418266	6.39359075395063	0.888295392418256	
ERR4183117_filtp_woHU_1	528	5.57212838538048	0.0096979772790246	103.114285714286	0.990302022720975	0.888824821507808	6.26909628370626	0.888824821507794	
ERR4183124_filtp_woHU_1	594	5.72761904941867	0.00738860144143673	135.343611091512	0.992611398558563	0.896778968729636	6.38687931936265	0.896778968729637	
ERR4183125_filtp_woHU_1	366	5.22105859065177	0.0109798266758494	91.0761189153874	0.989020173324151	0.884530394443993	5.90263333340137	0.884530394444002	
ERR5891181_filtp_woHU_1	231	5.35432677589887	0.00567425009323884	176.234741784038	0.994325749906761	0.983814007062962	5.44241771052179	0.983814007062953	
ERR5891183_filtp_woHU_1	151	4.3624600122955	0.0330864197530865	30.2238805970149	0.966913580246914	0.86948708347607	5.01727983681492	0.869487083476073	
ERR5891186_filtp_woHU_1	150	4.38212884797898	0.0263036189154815	38.0175824175825	0.973696381084519	0.874565517299212	5.01063529409626	0.874565517299212	
ERR5891188_filtp_woHU_1	263	5.50414847526884	0.00456120345598876	219.240384615385	0.995438796544011	0.987795463564681	5.57215403217776	0.98779546356468	
ERR5891191_filtp_woHU_1	250	5.48234778080342	0.00439935821127269	227.305882352942	0.995600641788727	0.992916161566536	5.52146091786225	0.99291616156653	
ERR5891194_filtp_woHU_1	335	5.54057711557137	0.00656330905842629	152.362168396771	0.993436690941574	0.952950245138747	5.81413053182507	0.952950245138742	
HTP3_filtp_woHU_1	181	5.14310109523867	0.00639177239523261	156.451127819549	0.993608227604767	0.989343855407826	5.19849703126583	0.989343855407834	
IA6_filtp_woHU_1	180	4.9625306583522	0.00986589164461935	101.359313077939	0.990134108355381	0.955627169808178	5.19295685089021	0.955627169808177	
RDP_CKDN230001569-1A_HT3KTDSX5_L3_filtp_woHU_1	458	4.83448252116093	0.0177050596836439	56.4810295965174	0.982294940316356	0.789062468266146	6.12686918411419	0.789062468266148	
RUP_CKDN230001570-1A_HT3KTDSX5_L3_filtp_woHU_1	812	5.98376673353793	0.00714054329214689	140.045366169797	0.992859456707853	0.893166121310104	6.69950034016168	0.893166121310092	
SRR13165308_filtp_woHU_1	1366	6.39091821073672	0.00846273064967164	118.165169304875	0.991537269350328	0.88521261514248	7.21964204013074	0.885212615142474	
SRR17689980_filtp_woHU_1	341	5.54662893313193	0.00567181926278243	176.310272536687	0.994328180737218	0.951087226935262	5.83188247728352	0.951087226935265	
SRR17689983_filtp_woHU_1	302	5.29404530982691	0.010359429615367	96.5304111450898	0.989640570384633	0.927083963023947	5.71042701737487	0.927083963023948	
SRR17689995_filtp_woHU_1	216	4.85798937441715	0.0141980283960568	70.4323144104802	0.985801971603943	0.903765164511751	5.37527840768417	0.90376516451175	
SRR17689998_filtp_woHU_1	276	5.10200108552831	0.0125720384859573	79.5415955111004	0.987427961514043	0.907764625233242	5.62040086571715	0.907764625233238	
SRR17689999_filtp_woHU_1	210	4.61798695170939	0.0281679138871096	35.5013865779257	0.97183208611289	0.863642057912712	5.34710753071747	0.863642057912712	
SRR17690002_filtp_woHU_1	269	5.15170476451672	0.0112697220135237	88.7333333333332	0.988730277986476	0.920816895631058	5.59471137960184	0.920816895631062	
SRR20770298_filtp_woHU_1	500	6.04472568214733	0.00291028004343326	343.609544468546	0.997089719956567	0.97266401781345	6.21460809842219	0.972664017813448	
SRR20770299_filtp_woHU_1	405	5.46263841688887	0.00840840840840839	118.928571428572	0.991591591591592	0.909850294622795	6.00388706710654	0.909850294622788	
SRR24605825_filtp_woHU_1	658	5.45502008573374	0.0213875174678235	46.7562446882605	0.978612482532177	0.840629960598214	6.48920493132532	0.840629960598213	
SRR24605827_filtp_woHU_1	1116	6.54323054888369	0.00241636063238204	413.845510723373	0.997583639367618	0.932415364604329	7.01750614294126	0.932415364604307	
SRR24605828_filtp_woHU_1	624	5.82891428084476	0.0103113318524722	96.9806824479459	0.989688668147528	0.905652283932187	6.43615036836943	0.905652283932191	
SRR24605834_filtp_woHU_1	248	4.75343268817977	0.0166871804421596	59.9262411925224	0.98331281955784	0.862155458431589	5.51342874616498	0.86215545843159	
SRR24605835_filtp_woHU_1	953	6.43506534026718	0.00317848300871141	314.615493384503	0.996821516991289	0.938108834191136	6.8596149036542	0.938108834191137	
SRR24605838_filtp_woHU_1	874	6.06650207713275	0.00501666874357394	199.335465647586	0.994983331256426	0.89567844181173	6.77308037565554	0.89567844181173	
SRR24605839_filtp_woHU_1	1123	6.7150894233934	0.00192348054883811	519.890882496344	0.998076519451162	0.956053513035665	7.02375895473844	0.956053513035641	
SRR24605841_filtp_woHU_1	973	6.43393551599859	0.0027806452867878	359.628754070678	0.997219354713212	0.935112842414814	6.880384082186	0.935112842414824	
SRR24605842_filtp_woHU_1	453	5.00441686505993	0.0217662140412234	45.9427623980029	0.978233785958777	0.818264410552317	6.11589212548303	0.818264410552319	
SRR5830676_filtp_woHU_1	436	5.46257319690374	0.00885498634056012	112.930721916477	0.99114501365944	0.898798082904866	6.07764224334903	0.898798082904868	
SRR5881985_filtp_woHU_1	1105	5.83556034253122	0.0132118449683792	75.6896559408142	0.986788155031621	0.832747278849319	7.00760061395185	0.832747278849298	
SRR5882128_filtp_woHU_1	368	5.77063733777972	0.00372041420118343	268.787276341949	0.996279585798817	0.976736006953923	5.90808293816893	0.976736006953913	
SRR5882551_filtp_woHU_1	435	5.24309456757991	0.0135147392290249	73.9932885906043	0.986485260770975	0.863011677153863	6.07534603108868	0.863011677153867	
SRR6263181_filtp_woHU_1	295	4.09608487810242	0.0694339602221843	14.4021743365935	0.930566039777816	0.720257187950729	5.68697535633982	0.720257187950728	
SRR6263202_filtp_woHU_1	522	5.48753850773034	0.00913453608983278	109.474634526109	0.990865463910167	0.876930330776346	6.25766758788264	0.876930330776344	
SRR6263206_filtp_woHU_1	611	4.80231591392622	0.0428672875724606	23.3278114065335	0.957132712427539	0.748595998546897	6.4150969591716	0.748595998546892	
SRR6263248_filtp_woHU_1	540	5.33074273353385	0.0107985115870884	92.6053550931672	0.989201488412912	0.847283501983112	6.29156913955832	0.847283501983112	
SRR6263258_filtp_woHU_1	869	5.19290827855751	0.0334056258235589	29.9350775609407	0.966594374176441	0.767348157531744	6.76734312526539	0.767348157531746	
SRR6263259_filtp_woHU_1	393	4.22149461732916	0.0616240820123631	16.2274222567629	0.938375917987637	0.706667083755322	5.97380961186926	0.706667083755321	
SRR6263322_filtp_woHU_1	501	4.97870755824943	0.0318232286516982	31.4235871835913	0.968176771348302	0.800872289042182	6.21660610108486	0.800872289042179	
SRR6263654_filtp_woHU_1	443	5.19028209086719	0.0168444708837333	59.3666614346254	0.983155529116267	0.851763791461231	6.09356977004514	0.851763791461236	
SRR6263655_filtp_woHU_1	345	4.77301108264609	0.0299328553077373	33.4081058996571	0.970067144692263	0.816800684997766	5.84354441703136	0.81680068499776	
SRR6263736_filtp_woHU_1	377	4.89193143943746	0.025787309494246	38.7787644237617	0.974212690505754	0.824634060943446	5.93224518744801	0.824634060943444	
SRR6263737_filtp_woHU_1	412	5.19346458775335	0.0158208272778297	63.2078198212389	0.98417917272217	0.862555131647914	6.02102334934953	0.862555131647911	
SRR6265700_filtp_woHU_1	426	5.16079538755137	0.0194023060068724	51.540265350201	0.980597693993128	0.852398561186571	6.05443934626937	0.852398561186564	
SRR6265795_filtp_woHU_1	229	3.76004691526705	0.0859755102040816	11.6312191416635	0.914024489795918	0.691983673954533	5.43372200355424	0.691983673954532	
SRR6265865_filtp_woHU_1	295	4.34412198391163	0.0438618731955937	22.7988438966273	0.956138126804406	0.76387213091557	5.68697535633982	0.76387213091557	
SRR6265866_filtp_woHU_1	461	5.23762745400754	0.0166530711033024	60.0489839860046	0.983346928896698	0.853951988325308	6.13339804299665	0.853951988325318	
SRR6266047_filtp_woHU_1	253	4.23708699069517	0.0767532690126645	13.0287610269081	0.923246730987335	0.765730841706852	5.53338948872752	0.765730841706854	
SRR6266108_filtp_woHU_1	313	4.53728953991625	0.042693824172192	23.4225914260296	0.957306175827808	0.789615227562068	5.74620319054015	0.78961522756207	
SRR6266133_filtp_woHU_1	581	5.92601809645923	0.00605687631128351	165.101604953873	0.993943123688717	0.931068367458009	6.36475075685191	0.931068367458006	
SRR6266134_filtp_woHU_1	503	5.59406295673045	0.00777776287880031	128.57167486112	0.9922222371212	0.899281708610094	6.22059017009974	0.8992817086101	
SRR6266221_filtp_woHU_1	337	4.87592754329374	0.0181069248780498	55.2274893022974	0.98189307512195	0.837776300036078	5.82008293035236	0.837776300036073	
SRR6266334_filtp_woHU_1	619	6.14701351157278	0.0035218983191302	283.93778280543	0.99647810168087	0.956271444043351	6.4281052726846	0.956271444043366	
SRR6266336_filtp_woHU_1	557	6.11970025765106	0.00305767750033009	327.045608927706	0.99694232249967	0.96791413380836	6.32256523992728	0.967914133808356	
SRR6266338_filtp_woHU_1	390	5.48297483535389	0.00799826558479231	125.027106114277	0.992001734415208	0.919014411663503	5.96614673912369	0.919014411663505	
SRR6266341_filtp_woHU_1	275	4.34356501234052	0.0461672994233378	21.6603529444154	0.953832700576662	0.773320638639699	5.61677109766657	0.773320638639696	
SRR6266357_filtp_woHU_1	411	5.24971585473142	0.0158020695235964	63.2828502941817	0.984197930476404	0.872249654967058	6.01859321449623	0.872249654967061	
SRR6266358_filtp_woHU_1	622	5.92354357560743	0.00845713485408169	118.243355137865	0.991542865145918	0.920814353967527	6.43294009273918	0.920814353967532	
SRR6429832_filtp_woHU_1	167	5.04240060645492	0.00752602987777273	132.872180451128	0.992473970122227	0.985229914546118	5.11799381241676	0.985229914546113	
SRR6429834_filtp_woHU_1	185	5.14102046936057	0.00685069966981873	145.970491803279	0.993149300330181	0.984802691928272	5.22035582507832	0.984802691928274	
shotgun_illumina_1st_ARH_ECA53_filtp_woHU_1	359	5.81170199245715	0.00333550459333797	299.804713804714	0.996664495406662	0.987826538934656	5.88332238848828	0.987826538934655	
shotgun_illumina_1st_COP_ECA53_filtp_woHU_1	353	5.62703500582679	0.00542982894797507	184.167864141084	0.994570171052025	0.959186166398105	5.8664680569333	0.959186166398099	
shotgun_illumina_1st_DEH_ECA53_filtp_woHU_1	414	5.6965463030071	0.00572429882903787	174.693884764936	0.994275701170962	0.945348988469261	6.02586597382531	0.945348988469258	
shotgun_illumina_1st_DEP_ECA53_filtp_woHU_1	374	5.86084842500978	0.00317231833910032	315.226876090753	0.9968276816609	0.989296989432424	5.92425579741453	0.989296989432426	
shotgun_illumina_2nd_BARR2_ECA53_filtp_woHU_1	363	5.81499683427059	0.00340540897969981	293.650485436892	0.9965945910203	0.986528575968262	5.89440283426485	0.986528575968256	
shotgun_illumina_2nd_PRH_ECA55_filtp_woHU_1	463	6.07149915490876	0.00255059014666755	392.066126855598	0.997449409853332	0.989209702778591	6.13772705408623	0.989209702778578	
shotgun_illumina_2nd_PRP_ECA55_filtp_woHU_1	375	5.3911839453543	0.0184732669699565	54.1322767448944	0.981526733030044	0.909608778940616	5.92692602597041	0.909608778940608	
shotgun_illumina_3rd_ARH_ECA55_filtp_woHU_1	865	6.31839337084704	0.00369381342881473	270.722931537146	0.996306186571185	0.934296331735671	6.76272950693188	0.93429633173568	
shotgun_illumina_3rd_COP_ECA55_filtp_woHU_1	1047	6.70849569003966	0.00177629873100367	562.968369309686	0.998223701268996	0.964739767669119	6.95368421087054	0.964739767669124	
shotgun_illumina_3rd_DEP_ECA55_filtp_woHU_1	1108	6.83005058603988	0.00153278084333948	652.408988764039	0.99846721915666	0.974286267903714	7.01031186730723	0.97428626790369	
unifrac.S3.51.rplV_bact.unifrac	Richness R	Shannon H	Simpson λ	Simpson dominance 1/λ	Gini 1-λ	Pielou J	Hmax	Efficiency η	
CS1_filtp_woHU_1	132	4.29558958054932	0.025838566903235	38.701836821871	0.974161433096765	0.879738651834148	4.88280192258637	0.879738651834146	
ERR4182668_filtp_woHU_1	425	4.94248714026341	0.0186598235854059	53.591074718526	0.981340176414594	0.816658017142499	6.05208916892442	0.816658017142501	
ERR4182669_filtp_woHU_1	495	5.66432057177607	0.00748549513945511	133.591697191696	0.992514504860545	0.912928977138096	6.20455776256869	0.912928977138092	
ERR4182670_filtp_woHU_1	580	5.39529776197899	0.0128141636591091	78.0386474375281	0.987185836340891	0.847913552193331	6.36302810354046	0.847913552193342	
ERR4182673_filtp_woHU_1	753	6.50564409584555	0.00185223725286163	539.88764044943	0.998147762747138	0.982122589696528	6.62406522779989	0.982122589696531	
ERR4183043_filtp_woHU_1	762	6.37578056818524	0.00270065398335317	370.280682443586	0.997299346016647	0.96079444201092	6.63594655568665	0.960794442010918	
ERR4183044_filtp_woHU_1	718	6.3514119382255	0.00247682793847567	403.742215785662	0.997523172061524	0.965778351369259	6.57646956904822	0.965778351369262	
ERR4183116_filtp_woHU_1	569	5.48592886158583	0.0117795631878629	84.8927913583718	0.988220436812137	0.86475918305061	6.34388043412633	0.864759183050612	
ERR4183117_filtp_woHU_1	479	5.46910922483629	0.0117878910148867	84.8328168912593	0.988212108985113	0.886159193647636	6.17170059741091	0.886159193647633	
ERR4183124_filtp_woHU_1	519	5.51316336519864	0.00867868933112778	115.224772064753	0.991321310668872	0.881837511936738	6.25190388316589	0.881837511936737	
ERR4183125_filtp_woHU_1	350	5.11334111224727	0.0121844901462157	82.0715506352626	0.987815509853784	0.872891679949215	5.85793315448346	0.872891679949209	
ERR5891181_filtp_woHU_1	181	5.15255517567359	0.00614829881656806	162.646616541353	0.993851701183432	0.99116247343878	5.19849703126583	0.991162473438783	
ERR5891183_filtp_woHU_1	131	4.32322871531817	0.0243031509695291	41.1469278717721	0.975696849030471	0.886780252923066	4.87519732320115	0.886780252923062	
ERR5891186_filtp_woHU_1	131	4.31426175660927	0.0248777196829145	40.1966101694915	0.975122280317085	0.884940951226246	4.87519732320115	0.884940951226248	
ERR5891188_filtp_woHU_1	200	5.2616980957664	0.00546671853565653	182.925093632959	0.994533281464343	0.993088509379819	5.29831736654804	0.993088509379822	
ERR5891191_filtp_woHU_1	192	5.18870932593345	0.00629007385764141	158.980645161291	0.993709926142359	0.986916575055814	5.25749537202778	0.98691657505581	
ERR5891194_filtp_woHU_1	290	5.48342974941307	0.00569549717072331	175.577297297297	0.994304502829277	0.9671155045229	5.66988092298052	0.967115504522901	
HTP3_filtp_woHU_1	147	4.92674921964268	0.0079682637392702	125.497854077253	0.99203173626073	0.987238908445577	4.99043258677874	0.987238908445577	
IA6_filtp_woHU_1	157	4.7802828199644	0.0117538203530483	85.078720787208	0.988246179646952	0.945421366759502	5.05624580534831	0.9454213667595	
RDP_CKDN230001569-1A_HT3KTDSX5_L3_filtp_woHU_1	451	4.92516867637583	0.0153671961842765	65.0736795449509	0.984632803815723	0.805889715640143	6.11146733950268	0.805889715640145	
RUP_CKDN230001570-1A_HT3KTDSX5_L3_filtp_woHU_1	766	5.97463860724227	0.00628907035426204	159.00601260126	0.993710929645738	0.899634802138795	6.64118216974059	0.899634802138807	
SRR13165308_filtp_woHU_1	1274	6.45539048436309	0.00467183343843407	214.048726945879	0.995328166561566	0.902862317466515	7.14991683613211	0.902862317466514	
SRR17689980_filtp_woHU_1	314	5.52456575767138	0.00529950092828114	188.697013838309	0.994700499071719	0.960895484308009	5.74939298590825	0.960895484307999	
SRR17689983_filtp_woHU_1	270	5.22731053225047	0.0105751692469555	94.561134356114	0.989424830753045	0.933711422706997	5.59842195899838	0.933711422706996	
SRR17689995_filtp_woHU_1	197	4.69727650376298	0.0177872190461273	56.2201430930105	0.982212780953873	0.889096227391751	5.28320372873799	0.889096227391748	
SRR17689998_filtp_woHU_1	265	5.12025483107647	0.0110381818444679	90.5946299934511	0.988961818155532	0.917652823839273	5.57972982598622	0.917652823839272	
SRR17689999_filtp_woHU_1	179	4.67859064940114	0.016325	61.2557427258807	0.983675	0.90191684685054	5.18738580584075	0.901916846850541	
SRR17690002_filtp_woHU_1	301	5.39488523201619	0.00799458530560942	125.084661902144	0.992005414694391	0.945291922137688	5.70711026474888	0.945291922137694	
SRR20770298_filtp_woHU_1	433	5.89416390773272	0.00343233177629086	291.347126436783	0.996567668223709	0.970913943546714	6.07073772800249	0.970913943546708	
SRR20770299_filtp_woHU_1	358	5.33262170108483	0.00934799128156971	106.97485372837	0.99065200871843	0.906826254255699	5.8805329864007	0.906826254255696	
SRR24605825_filtp_woHU_1	593	5.76433817515108	0.006129146020582	163.154866378113	0.993870853979418	0.902766276944661	6.38519439899773	0.902766276944666	
SRR24605827_filtp_woHU_1	1072	6.46120159306158	0.00279381830456842	357.933083323569	0.997206181695432	0.926034264163905	6.97728134163075	0.926034264163933	
SRR24605828_filtp_woHU_1	581	5.9000340366077	0.00570757587732446	175.205730329908	0.994292424122675	0.926985872974849	6.36475075685191	0.926985872974843	
SRR24605834_filtp_woHU_1	202	4.12837046945647	0.0409151896052539	24.4408008284432	0.959084810394746	0.777724618424504	5.30826769740121	0.777724618424503	
SRR24605835_filtp_woHU_1	838	6.3604176678811	0.00284644007587731	351.316020482808	0.997153559924123	0.944941400087093	6.73101810048208	0.94494140008709	
SRR24605838_filtp_woHU_1	856	6.08822983574589	0.00544767375400096	183.564590163933	0.994552326245999	0.901656701612223	6.75227037614174	0.901656701612221	
SRR24605839_filtp_woHU_1	987	6.57376994528654	0.00210401989255171	475.280677497408	0.997895980107448	0.953456787299236	6.89467003943348	0.953456787299236	
SRR24605841_filtp_woHU_1	920	6.41606753464857	0.00263174754269258	379.975656394795	0.997368252457307	0.9401694345685	6.82437367004309	0.94016943456851	
SRR24605842_filtp_woHU_1	422	5.13038416724325	0.0159981259425517	62.507321394452	0.984001874057448	0.848698040898478	6.04500531403601	0.848698040898474	
SRR5830676_filtp_woHU_1	381	5.37010100055392	0.00879653619260198	113.681110167092	0.991203463807398	0.903631548295273	5.9427993751267	0.903631548295278	
SRR5881985_filtp_woHU_1	1069	5.76168152323118	0.0187683211644848	53.2812706707245	0.981231678835515	0.826109247261941	6.97447891102505	0.826109247261945	
SRR5882128_filtp_woHU_1	332	5.67750925048917	0.00403802625622452	247.645739910315	0.995961973743775	0.978015029950089	5.80513496891649	0.978015029950088	
SRR5882551_filtp_woHU_1	404	5.1178348733445	0.0171522672420649	58.301330423978	0.982847732757935	0.852771384317821	6.00141487796115	0.85277138431782	
SRR6263181_filtp_woHU_1	264	3.827177912291	0.116984920329788	8.54811027935	0.883015079670212	0.686372461709068	5.57594910314632	0.686372461709064	
SRR6263202_filtp_woHU_1	500	5.47464241487399	0.00954232178117789	104.796298315205	0.990457678218822	0.880931239455619	6.21460809842219	0.880931239455623	
SRR6263206_filtp_woHU_1	599	4.7665197075115	0.0632123290894649	15.8196986949285	0.936787670910535	0.745320521199023	6.39526159811545	0.745320521199029	
SRR6263248_filtp_woHU_1	484	5.36603971241785	0.0087348765164205	114.483587503512	0.99126512348358	0.867998384588316	6.18208490671663	0.867998384588315	
SRR6263258_filtp_woHU_1	795	4.91902201169209	0.0581972894975104	17.1829308312164	0.94180271050249	0.736563345698964	6.67834211465433	0.736563345698963	
SRR6263259_filtp_woHU_1	385	4.06053412188807	0.103032507745099	9.70567466409712	0.896967492254901	0.682070913933816	5.95324333428778	0.682070913933814	
SRR6263322_filtp_woHU_1	487	4.82123982831133	0.0523492046634354	19.1024869705131	0.947650795336565	0.779094061342311	6.18826412308259	0.779094061342304	
SRR6263654_filtp_woHU_1	404	4.90600478600505	0.0276448782273445	36.1730658307211	0.972355121772656	0.817474693179645	6.00141487796115	0.817474693179642	
SRR6263655_filtp_woHU_1	352	4.70564579214939	0.0486314140158606	20.5628403005897	0.951368585984139	0.802513945920108	5.8636311755981	0.80251394592011	
SRR6263736_filtp_woHU_1	353	4.81773607572119	0.0303571837323296	32.94113211612	0.96964281626767	0.821232814866747	5.8664680569333	0.821232814866744	
SRR6263737_filtp_woHU_1	397	5.13490213078355	0.0212516064719938	47.0552662133021	0.978748393528006	0.85811444004779	5.98393628068719	0.858114440047786	
SRR6265700_filtp_woHU_1	382	4.92955703355973	0.0303880051797642	32.9077211249757	0.969611994820236	0.829135120637844	5.94542060860658	0.829135120637844	
SRR6265795_filtp_woHU_1	195	3.50552947056076	0.134048792140703	7.45997023942116	0.865951207859297	0.664807465205931	5.27299955856375	0.664807465205931	
SRR6265865_filtp_woHU_1	286	4.12135595197782	0.0811004105968837	12.3303937999844	0.918899589403116	0.728670777792449	5.65599181081985	0.728670777792449	
SRR6265866_filtp_woHU_1	482	5.27611995834421	0.0208054549328787	48.064317902499	0.979194545067121	0.854025200121938	6.1779441140506	0.854025200121933	
SRR6266047_filtp_woHU_1	240	3.97608515116712	0.102301265732009	9.77505012127247	0.897698734267991	0.725478398920426	5.48063892334199	0.725478398920428	
SRR6266108_filtp_woHU_1	285	4.35041257673283	0.0638287198781688	15.6669286476169	0.936171280121831	0.769645449639952	5.65248918026865	0.769645449639952	
SRR6266133_filtp_woHU_1	558	6.01146255384665	0.00404459823144942	247.243346007606	0.995955401768551	0.950525197827031	6.32435896238131	0.950525197827042	
SRR6266134_filtp_woHU_1	484	5.60419941218659	0.00930315585243055	107.49040603665	0.990696844147569	0.906522556184534	6.18208490671663	0.906522556184533	
SRR6266221_filtp_woHU_1	311	4.89544257036169	0.016940618150375	59.029723185034	0.983059381849625	0.852895330069153	5.73979291217923	0.852895330069158	
SRR6266334_filtp_woHU_1	539	6.10198622170689	0.00304992421451413	327.87699944843	0.996950075785486	0.970152966841555	6.289715570909	0.970152966841566	
SRR6266336_filtp_woHU_1	540	6.07000403669822	0.0033706258045659	296.680811808117	0.996629374195434	0.964783808626212	6.29156913955832	0.964783808626194	
SRR6266338_filtp_woHU_1	371	5.43425653254381	0.00709699770926297	140.904653061224	0.992903002290737	0.918538020682272	5.91620206260743	0.918538020682268	
SRR6266341_filtp_woHU_1	287	4.44728937139854	0.0451784442862226	22.1344496429452	0.954821555713777	0.78581205874531	5.65948221575962	0.785812058745308	
SRR6266357_filtp_woHU_1	372	5.07759264292312	0.0154294424861589	64.8111557431228	0.984570557513841	0.857861750512277	5.91889385427315	0.857861750512275	
SRR6266358_filtp_woHU_1	584	5.9366662716887	0.00633514265410713	157.849642004776	0.993664857345893	0.931987214195727	6.36990098282823	0.931987214195718	
SRR6429832_filtp_woHU_1	176	5.1180822236584	0.00668474321458293	149.59437751004	0.993315256785417	0.989865209634139	5.17048399503815	0.989865209634143	
SRR6429834_filtp_woHU_1	183	5.04769206865939	0.00914048399930134	109.403397027601	0.990859516000699	0.968942410165773	5.20948615284142	0.968942410165769	
shotgun_illumina_1st_ARH_ECA53_filtp_woHU_1	320	5.66927572491652	0.00409182697417363	244.389610389612	0.995908173025826	0.982829445353427	5.76832099579377	0.982829445353429	
shotgun_illumina_1st_COP_ECA53_filtp_woHU_1	329	5.59825008985852	0.00523344617403002	191.078682525161	0.99476655382597	0.965872034163094	5.79605775076537	0.965872034163103	
shotgun_illumina_1st_DEH_ECA53_filtp_woHU_1	326	5.52885717258944	0.00553388429752068	180.704898446833	0.994466115702479	0.955409575844884	5.78689738136671	0.95540957584489	
shotgun_illumina_1st_DEP_ECA53_filtp_woHU_1	318	5.71424261583446	0.00355068804443882	281.635555555557	0.996449311955561	0.99170282183033	5.76205138278018	0.991702821830331	
shotgun_illumina_2nd_BARR2_ECA53_filtp_woHU_1	338	5.76667099558002	0.00348786210065372	286.70858283433	0.996512137899346	0.990318657809871	5.82304589548302	0.990318657809874	
shotgun_illumina_2nd_PRH_ECA55_filtp_woHU_1	415	5.9396862092934	0.00315893723106346	316.562162162161	0.996841062768937	0.985303878936584	6.0282785202307	0.985303878936586	
shotgun_illumina_2nd_PRP_ECA55_filtp_woHU_1	317	5.0773224919505	0.0271766226102174	36.7963309621865	0.972823377389783	0.881647698000605	5.75890177387728	0.881647698000616	
shotgun_illumina_3rd_ARH_ECA55_filtp_woHU_1	787	6.23806215805247	0.00387104450946721	258.328210268405	0.996128955490533	0.935490197044916	6.6682282484174	0.935490197044918	
shotgun_illumina_3rd_COP_ECA55_filtp_woHU_1	1010	6.67284750530552	0.00179885113067351	555.910371318826	0.998201148869327	0.964604145024377	6.9177056098353	0.964604145024381	
shotgun_illumina_3rd_DEP_ECA55_filtp_woHU_1	1064	6.75747386075798	0.0018148283538393	551.016297428065	0.998185171646161	0.969537563005948	6.96979066990159	0.969537563005946	
unifrac.S3.52.rpsC_bact.unifrac	Richness R	Shannon H	Simpson λ	Simpson dominance 1/λ	Gini 1-λ	Pielou J	Hmax	Efficiency η	
CS1_filtp_woHU_1	148	4.4656770721628	0.0214151925078043	46.6958211856172	0.978584807492196	0.893633655629973	4.99721227376411	0.893633655629974	
ERR4182668_filtp_woHU_1	415	4.93852197221184	0.0187505086263022	53.3318866133185	0.981249491373698	0.819225912611424	6.0282785202307	0.819225912611423	
ERR4182669_filtp_woHU_1	474	5.62104601757302	0.00762606758724246	131.129181397879	0.992373932412758	0.912328659641104	6.16120732169508	0.912328659641117	
ERR4182670_filtp_woHU_1	651	5.58468557035753	0.0104322330288487	95.8567544680664	0.989567766971151	0.862032454806021	6.47850964220857	0.862032454806014	
ERR4182673_filtp_woHU_1	758	6.50007218909984	0.00186808078373305	535.308755760372	0.998131919216267	0.980302000722075	6.63068338564237	0.980302000722075	
ERR4183043_filtp_woHU_1	712	6.23896126818426	0.00321571222183102	310.973100519114	0.996784287778169	0.94989148306906	6.56807791141198	0.949891483069077	
ERR4183044_filtp_woHU_1	750	6.36973863913775	0.00261411174710997	382.539117199388	0.99738588825289	0.962185528832874	6.62007320653036	0.962185528832866	
ERR4183116_filtp_woHU_1	602	5.59248824886161	0.0101446763611709	98.5738691307623	0.989855323638829	0.873791139911211	6.40025744530882	0.873791139911224	
ERR4183117_filtp_woHU_1	489	5.52137346863528	0.0100086182131572	99.9138920780709	0.989991381786843	0.891642483465709	6.19236248947487	0.89164248346572	
ERR4183124_filtp_woHU_1	567	5.70759793648625	0.0066590214467619	150.172214941022	0.993340978553238	0.900201023801683	6.34035930372775	0.900201023801687	
ERR4183125_filtp_woHU_1	354	5.14297712929156	0.012561814777596	79.6063321824725	0.987438185222404	0.876250972715842	5.86929691313377	0.876250972715844	
ERR5891181_filtp_woHU_1	190	5.20235589540893	0.0059073246333191	169.281368821293	0.994092675366681	0.991486950290823	5.24702407216049	0.991486950290825	
ERR5891183_filtp_woHU_1	127	4.22663170332627	0.0350235363158487	28.5522281639928	0.964976463684151	0.872516198877076	4.84418708645859	0.872516198877078	
ERR5891186_filtp_woHU_1	143	4.28343593254196	0.0294985922333781	33.8999228196553	0.970501407766622	0.863100953518594	4.96284463025991	0.863100953518593	
ERR5891188_filtp_woHU_1	207	5.28477426469347	0.00559949878612262	178.587412587413	0.994400501213877	0.99100936493549	5.33271879326537	0.991009364935491	
ERR5891191_filtp_woHU_1	180	5.14566603711987	0.00624759707804692	160.061538461538	0.993752402921953	0.99089327812107	5.19295685089021	0.990893278121077	
ERR5891194_filtp_woHU_1	260	5.3320104893869	0.00691650230111768	144.58174904943	0.993083497698882	0.958877138307438	5.56068163101553	0.958877138307429	
HTP3_filtp_woHU_1	133	4.80755645778821	0.00937499999999998	106.666666666667	0.990625	0.983070192278144	4.89034912822175	0.983070192278144	
IA6_filtp_woHU_1	153	4.75790311412715	0.0122942692841562	81.3387096774196	0.987705730715844	0.945822846534633	5.03043792139244	0.945822846534633	
RDP_CKDN230001569-1A_HT3KTDSX5_L3_filtp_woHU_1	429	4.54415993569837	0.0252091302012857	39.6681675256293	0.974790869798714	0.7496811404381	6.06145691892802	0.749681140438102	
RUP_CKDN230001570-1A_HT3KTDSX5_L3_filtp_woHU_1	862	6.1181930285621	0.00494788589623197	202.106520031423	0.995052114103768	0.905157858901422	6.75925527066369	0.905157858901422	
SRR13165308_filtp_woHU_1	1187	6.31943112555388	0.00474670946252125	210.672257886381	0.995253290537479	0.892677852884537	7.07918439460967	0.89267785288455	
SRR17689980_filtp_woHU_1	307	5.4684647921201	0.0059356689453125	168.473007712082	0.994064331054688	0.954882167842517	5.7268477475872	0.954882167842514	
SRR17689983_filtp_woHU_1	266	5.18526779855695	0.0108191503813387	92.4286995515692	0.989180849618661	0.928677572581464	5.5834963087817	0.928677572581459	
SRR17689995_filtp_woHU_1	197	4.80497347890949	0.0139435939357908	71.7175216522317	0.986056406064209	0.909481012964319	5.28320372873799	0.90948101296432	
SRR17689998_filtp_woHU_1	256	5.08224480711479	0.0112813963388676	88.641509433962	0.988718603661132	0.916516172476024	5.54517744447956	0.916516172476017	
SRR17689999_filtp_woHU_1	212	4.85751644157593	0.0141206308041417	70.8183659689403	0.985879369195858	0.906830617952356	5.35658627467201	0.906830617952352	
SRR17690002_filtp_woHU_1	259	5.19366778956605	0.00986121256391533	101.407407407407	0.990138787436085	0.934646120394371	5.55682806169954	0.934646120394367	
SRR20770298_filtp_woHU_1	420	5.87844697008783	0.00341712826857005	292.64338983051	0.99658287173143	0.973211768555475	6.04025471127741	0.973211768555474	
SRR20770299_filtp_woHU_1	387	5.45035697834084	0.00786649435298081	127.121428571429	0.992133505647019	0.914731201472885	5.95842469302978	0.914731201472894	
SRR24605825_filtp_woHU_1	596	5.74811768517127	0.00681968616766477	146.634313576108	0.993180313832335	0.899515055011383	6.39024066706535	0.899515055011381	
SRR24605827_filtp_woHU_1	1081	6.45125644244184	0.00300779693432733	332.469253022775	0.996992203065673	0.923502322456898	6.98564181763921	0.9235023224569	
SRR24605828_filtp_woHU_1	574	5.92806258892034	0.00468908472903704	213.261234928754	0.995310915270963	0.933166759634175	6.35262939631957	0.933166759634184	
SRR24605834_filtp_woHU_1	215	4.49150249385778	0.0237719133399554	42.0664498351178	0.976228086660045	0.836307058925665	5.37063802812766	0.83630705892566	
SRR24605835_filtp_woHU_1	851	6.37403967801149	0.0027367487173197	365.397083653107	0.99726325128268	0.94480437253681	6.74641212857337	0.94480437253682	
SRR24605838_filtp_woHU_1	778	5.92575676714989	0.00628689471657158	159.061038093116	0.993713105283428	0.890190808594361	6.65672652417839	0.890190808594375	
SRR24605839_filtp_woHU_1	985	6.59519553118604	0.00213194725222942	469.054756844607	0.997868052747771	0.956845847285996	6.89264164117209	0.956845847286006	
SRR24605841_filtp_woHU_1	944	6.4452156027977	0.00247124542366027	404.654264779116	0.99752875457634	0.94089005756581	6.8501261661455	0.940890057565817	
SRR24605842_filtp_woHU_1	386	4.848461738701	0.0316475609759634	31.5980116369634	0.968352439024037	0.814068860167125	5.95583736946483	0.814068860167123	
SRR5830676_filtp_woHU_1	391	5.35093077716322	0.00965125751734373	103.613440860215	0.990348742482656	0.896497394684946	5.96870755998537	0.896497394684953	
SRR5881985_filtp_woHU_1	1082	5.77582822436815	0.0150780687555582	66.321490915829	0.984921931244442	0.826704828176623	6.98656645940643	0.826704828176616	
SRR5882128_filtp_woHU_1	331	5.58920886237988	0.00508624752568574	196.608598962194	0.994913752474314	0.96330486570203	5.80211837537706	0.96330486570203	
SRR5882551_filtp_woHU_1	413	5.17801449952515	0.0150564154064272	66.4168710152036	0.984943584593573	0.859642990100246	6.02344759296103	0.859642990100248	
SRR6263181_filtp_woHU_1	273	4.1007437448196	0.076536320745998	13.0656920825697	0.923463679254002	0.731039194873853	5.60947179518496	0.731039194873853	
SRR6263202_filtp_woHU_1	474	5.30634618240646	0.0128986306820344	77.5276092983132	0.987101369317966	0.861251034958936	6.16120732169508	0.861251034958941	
SRR6263206_filtp_woHU_1	593	4.78279194078165	0.049326949174157	20.2728937577172	0.950673050825843	0.749044060668286	6.38519439899773	0.749044060668285	
SRR6263248_filtp_woHU_1	487	5.2348275715219	0.0101444882987125	98.5756965313779	0.989855511701287	0.845928271224831	6.18826412308259	0.845928271224841	
SRR6263258_filtp_woHU_1	773	4.94963584120498	0.0518023841611383	19.3041308077514	0.948197615838862	0.744274910126716	6.65027904858742	0.744274910126718	
SRR6263259_filtp_woHU_1	368	4.11648204512821	0.0678277314969905	14.7432322728406	0.932172268503009	0.696754275153087	5.90808293816893	0.696754275153083	
SRR6263322_filtp_woHU_1	475	4.92249381261499	0.0328086549795806	30.4797621427145	0.967191345020419	0.798676356656749	6.16331480403464	0.798676356656753	
SRR6263654_filtp_woHU_1	440	5.10064585992489	0.0203535450498678	49.1314902416223	0.979646454950132	0.837988276019596	6.08677472691231	0.837988276019595	
SRR6263655_filtp_woHU_1	335	4.59059967587203	0.054307769207763	18.4135716599653	0.945692230792237	0.789559101011623	5.81413053182507	0.789559101011618	
SRR6263736_filtp_woHU_1	376	4.86934576113237	0.0297674234812789	33.5937707416603	0.970232576518721	0.821194461096947	5.92958914338989	0.821194461096943	
SRR6263737_filtp_woHU_1	376	5.00049326868043	0.0253141750371605	39.5035587188612	0.97468582496284	0.843311930684913	5.92958914338989	0.843311930684909	
SRR6265700_filtp_woHU_1	410	4.97061935082925	0.0297198603639927	33.6475335937835	0.970280139636007	0.826211686112015	6.01615715969835	0.826211686112016	
SRR6265795_filtp_woHU_1	217	3.66762575436036	0.111667862668564	8.95512796701461	0.888332137331436	0.681727831098251	5.37989735354046	0.681727831098253	
SRR6265865_filtp_woHU_1	259	4.06835597963357	0.067482694043705	14.8186140783347	0.932517305956295	0.732136379686593	5.55682806169954	0.732136379686593	
SRR6265866_filtp_woHU_1	435	5.19783567341002	0.0185747778902965	53.8364445543331	0.981425222109704	0.855562077750259	6.07534603108868	0.855562077750256	
SRR6266047_filtp_woHU_1	243	4.1196547030053	0.0778354617933724	12.8476144029912	0.922164538206628	0.749974262166632	5.49306144334055	0.749974262166631	
SRR6266108_filtp_woHU_1	297	4.46722974284132	0.05121963688949	19.5237619930335	0.94878036311051	0.784587267883084	5.6937321388027	0.784587267883082	
SRR6266133_filtp_woHU_1	543	5.87134528127008	0.00622256515775033	160.705428492698	0.99377743484225	0.93238738331633	6.29710931993394	0.932387383316327	
SRR6266134_filtp_woHU_1	467	5.4343705080064	0.0110320507393351	90.6449783116452	0.988967949260665	0.884165211492018	6.1463292576689	0.884165211492013	
SRR6266221_filtp_woHU_1	286	4.68004151246611	0.0210412892948446	47.5256048233228	0.978958710705155	0.827448424432517	5.65599181081985	0.827448424432521	
SRR6266334_filtp_woHU_1	581	6.19450353076339	0.00271657282360722	368.110875331567	0.997283427176393	0.973251548632089	6.36475075685191	0.973251548632073	
SRR6266336_filtp_woHU_1	537	6.0950645499475	0.00299513468612794	333.874801901742	0.997004865313872	0.969625580267331	6.28599809450886	0.969625580267338	
SRR6266338_filtp_woHU_1	393	5.45288576775753	0.00773628808864268	129.260956745918	0.992263711911357	0.912798720086976	5.97380961186926	0.91279872008698	
SRR6266341_filtp_woHU_1	268	4.28221705127012	0.0547785668824297	18.2553151152399	0.94522143311757	0.765914330724993	5.59098698051086	0.76591433072499	
SRR6266357_filtp_woHU_1	376	5.06722416127339	0.0166363572973713	60.1093125210775	0.983363642702629	0.854565812021253	5.92958914338989	0.854565812021255	
SRR6266358_filtp_woHU_1	577	5.92124666530669	0.00649149227477746	154.047784033492	0.993508507725223	0.931329595340653	6.3578422665081	0.93132959534065	
SRR6429832_filtp_woHU_1	200	5.21059460203785	0.00638941398865787	156.508875739644	0.993610586011342	0.983443278603119	5.29831736654804	0.983443278603116	
SRR6429834_filtp_woHU_1	225	5.30225561665538	0.00652948159873364	153.151515151516	0.993470518401266	0.978980303706574	5.41610040220442	0.978980303706575	
shotgun_illumina_1st_ARH_ECA53_filtp_woHU_1	345	5.75374905360339	0.00363976053907189	274.743348982786	0.996360239460928	0.984633407908006	5.84354441703136	0.984633407908	
shotgun_illumina_1st_COP_ECA53_filtp_woHU_1	337	5.54063980294883	0.00631364146515667	158.387201034259	0.993686358534843	0.951986401096416	5.82008293035236	0.951986401096417	
shotgun_illumina_1st_DEH_ECA53_filtp_woHU_1	376	5.59718716418025	0.00604181514053898	165.513173895418	0.993958184859461	0.943941819378802	5.92958914338989	0.943941819378796	
shotgun_illumina_1st_DEP_ECA53_filtp_woHU_1	336	5.735991101686	0.00375969816133486	265.978798586574	0.996240301838665	0.986054923819314	5.8171111599632	0.986054923819303	
shotgun_illumina_2nd_BARR2_ECA53_filtp_woHU_1	346	5.73978754922215	0.00386186699752413	258.942112879886	0.996138133002476	0.981757916239443	5.84643877505772	0.98175791623943	
shotgun_illumina_2nd_PRH_ECA55_filtp_woHU_1	468	6.083778887374	0.00252993759487267	395.266666666665	0.997470062405127	0.989478776594392	6.14846829591765	0.989478776594393	
shotgun_illumina_2nd_PRP_ECA55_filtp_woHU_1	360	5.27221805986254	0.0204333333333335	48.9396411092982	0.979566666666667	0.895705891654726	5.88610403145016	0.895705891654735	
shotgun_illumina_3rd_ARH_ECA55_filtp_woHU_1	788	6.2459672157028	0.0036963291083724	270.538680588518	0.996303670891628	0.936497339312664	6.66949808985788	0.936497339312662	
shotgun_illumina_3rd_COP_ECA55_filtp_woHU_1	938	6.59242596998445	0.00200907556183474	497.741358760432	0.997990924438165	0.963276861239171	6.84374994900622	0.963276861239147	
shotgun_illumina_3rd_DEP_ECA55_filtp_woHU_1	995	6.67430897094432	0.0021983865292132	454.879060943799	0.997801613470787	0.966906811551215	6.90274273715859	0.966906811551211	
unifrac.S3.53.ruvA.unifrac	Richness R	Shannon H	Simpson λ	Simpson dominance 1/λ	Gini 1-λ	Pielou J	Hmax	Efficiency η	
CS1_filtp_woHU_1	149	4.65038992165746	0.0153836908839613	65.0039062499999	0.984616309116039	0.92934448879519	5.00394630594546	0.929344488795191	
ERR4182668_filtp_woHU_1	438	5.07168709019783	0.0169245321262076	59.0858283433137	0.983075467873792	0.833854743627425	6.08221891037645	0.833854743627429	
ERR4182669_filtp_woHU_1	553	5.86425342095238	0.00577827638408299	173.061988304095	0.994221723615917	0.928570228249734	6.31535800152233	0.928570228249741	
ERR4182670_filtp_woHU_1	725	5.73326600386117	0.00929715933601247	107.559735598648	0.990702840663988	0.870500543306547	6.58617165485467	0.870500543306546	
ERR4182673_filtp_woHU_1	871	6.67984271308551	0.00146236779281173	683.822500000001	0.998537632207188	0.986735005473842	6.7696419768525	0.986735005473845	
ERR4183043_filtp_woHU_1	823	6.41277535665037	0.00274902354423753	363.765527616592	0.997250976455762	0.955283360258417	6.71295620067707	0.955283360258408	
ERR4183044_filtp_woHU_1	771	6.38726892943855	0.00273207678565294	366.02192341421	0.997267923214347	0.960825563791404	6.64768837356333	0.960825563791418	
ERR4183116_filtp_woHU_1	714	5.98419952456432	0.00556624680634829	179.654268808114	0.994433753193652	0.910714672421075	6.57088296233958	0.910714672421095	
ERR4183117_filtp_woHU_1	529	5.69123378452633	0.00771983391810027	129.536465500295	0.9922801660819	0.907549718257068	6.2709884318583	0.907549718257071	
ERR4183124_filtp_woHU_1	642	5.79205209872599	0.00706629732225303	141.516830441145	0.992933702677747	0.895966119825436	6.46458830368996	0.895966119825449	
ERR4183125_filtp_woHU_1	416	5.36965192444968	0.00998394528888059	100.160805279425	0.990016054711119	0.89038835434384	6.03068526026126	0.890388354343846	
ERR5891181_filtp_woHU_1	214	5.30234901939953	0.00548615242249981	182.277108433736	0.9945138475775	0.988142512108851	5.36597601502185	0.98814251210885	
ERR5891183_filtp_woHU_1	110	4.03930233776066	0.0449076104574665	22.267940552017	0.955092389542534	0.859338200230884	4.70048036579242	0.859338200230883	
ERR5891186_filtp_woHU_1	127	4.29532610041757	0.0263775510204082	37.9110251450677	0.973622448979592	0.886696988319194	4.84418708645859	0.886696988319196	
ERR5891188_filtp_woHU_1	257	5.5274283032057	0.00410899653979241	243.36842105263	0.995891003460208	0.996098849365493	5.54907608489522	0.996098849365484	
ERR5891191_filtp_woHU_1	199	5.22462522638877	0.00613324217257538	163.045901639344	0.993866757827425	0.987025194918886	5.29330482472449	0.98702519491889	
ERR5891194_filtp_woHU_1	289	5.44372720547459	0.00672328152539657	148.73689227836	0.993276718474603	0.960698426910729	5.66642668811243	0.96069842691072	
HTP3_filtp_woHU_1	167	5.0605331315764	0.00698060941828253	143.253968253969	0.993019390581718	0.988772811584697	5.11799381241676	0.988772811584694	
IA6_filtp_woHU_1	189	5.12522806037002	0.00696618531692048	143.550588235294	0.993033814683079	0.977770969420145	5.24174701505964	0.977770969420147	
RDP_CKDN230001569-1A_HT3KTDSX5_L3_filtp_woHU_1	462	4.96627510122531	0.0164923437768159	60.6341956930191	0.983507656223184	0.80942426482099	6.13556489108174	0.809424264820993	
RUP_CKDN230001570-1A_HT3KTDSX5_L3_filtp_woHU_1	751	5.96480184489315	0.00602340800513339	166.018971178403	0.993976591994867	0.900836190772266	6.62140565176413	0.900836190772269	
SRR13165308_filtp_woHU_1	1352	6.47135424228543	0.00594170745821732	168.30178985285	0.994058292541783	0.8976347365986	7.20934025660291	0.897634736598584	
SRR17689980_filtp_woHU_1	339	5.61733306908197	0.00488273740868895	204.8031496063	0.995117262591311	0.964183481899677	5.82600010738045	0.964183481899674	
SRR17689983_filtp_woHU_1	335	5.44997464369347	0.00908892852766167	110.023970037453	0.990911071472338	0.937367094505654	5.81413053182507	0.937367094505659	
SRR17689995_filtp_woHU_1	220	4.93430380183398	0.0126023427122328	79.350325795324	0.987397657287767	0.914839550827157	5.39362754635236	0.914839550827163	
SRR17689998_filtp_woHU_1	275	5.18286580377306	0.011301775147929	88.4816753926702	0.988698224852071	0.922748268293544	5.61677109766657	0.922748268293544	
SRR17689999_filtp_woHU_1	206	4.90666254192513	0.0123616894705532	80.8950914340712	0.987638310529447	0.920941550906927	5.32787616878958	0.920941550906923	
SRR17690002_filtp_woHU_1	301	5.52321372967572	0.00522415001380363	191.418699186992	0.994775849986196	0.96777764463234	5.70711026474888	0.967777644632341	
SRR20770298_filtp_woHU_1	453	5.9771058779057	0.0031091983938132	321.626307922273	0.996890801606187	0.977307276725982	6.11589212548303	0.977307276725981	
SRR20770299_filtp_woHU_1	421	5.65118766548481	0.0057631380205935	173.516580103875	0.994236861979407	0.935219435141648	6.04263283368238	0.935219435141639	
SRR24605825_filtp_woHU_1	649	5.969189794793	0.00472541767747392	211.621504860195	0.995274582322526	0.921820989567975	6.47543271670409	0.921820989567972	
SRR24605827_filtp_woHU_1	1059	6.53859054391285	0.00241559522427694	413.97664225774	0.997584404775723	0.938767425424188	6.96508034560141	0.938767425424187	
SRR24605828_filtp_woHU_1	603	6.11683346645013	0.00303282872481063	329.725180924102	0.996967171275189	0.955469006937047	6.40191719672719	0.955469006937059	
SRR24605834_filtp_woHU_1	192	4.21971826523284	0.0364548933936222	27.4311596306835	0.963545106606378	0.802609981871524	5.25749537202778	0.802609981871524	
SRR24605835_filtp_woHU_1	761	6.31958488820169	0.00260397714577547	384.027948026478	0.997396022854225	0.952514562197068	6.63463335786169	0.952514562197059	
SRR24605838_filtp_woHU_1	782	6.12784072516023	0.00394611807059385	253.413603473226	0.996053881929406	0.919840039120792	6.66185474054531	0.91984003912079	
SRR24605839_filtp_woHU_1	946	6.57873602634517	0.00204976342724385	487.861177884621	0.997950236572756	0.960085104992926	6.85224256905188	0.960085104992936	
SRR24605841_filtp_woHU_1	944	6.51592901951977	0.00216796567911773	461.26191462909	0.997832034320882	0.951212993962448	6.8501261661455	0.951212993962448	
SRR24605842_filtp_woHU_1	422	5.27268618088158	0.0122069901523441	81.9202758026289	0.987793009847656	0.872238469110825	6.04500531403601	0.872238469110825	
SRR5830676_filtp_woHU_1	495	5.84394068394684	0.00487012415353859	205.333574355267	0.995129875846461	0.941878681378806	6.20455776256869	0.941878681378802	
SRR5881985_filtp_woHU_1	1231	5.98085485513093	0.0127087453970907	78.6859732219453	0.987291254602909	0.840529242593115	7.11558212618445	0.840529242593123	
SRR5882128_filtp_woHU_1	329	5.65325148681722	0.00425531914893616	235	0.995744680851064	0.975361483599902	5.79605775076537	0.9753614835999	
SRR5882551_filtp_woHU_1	484	5.30077156327753	0.0132527274189671	75.4561659940893	0.986747272581033	0.857440757165663	6.18208490671663	0.857440757165673	
SRR6263181_filtp_woHU_1	337	4.19935044270478	0.0621677037037032	16.0855225530943	0.937832296296297	0.721527595561347	5.82008293035236	0.721527595561354	
SRR6263202_filtp_woHU_1	555	5.67474460842433	0.00652727148791873	153.203371707595	0.993472728512081	0.898049255238266	6.31896811374643	0.898049255238265	
SRR6263206_filtp_woHU_1	664	5.01818855694238	0.0352183116145138	28.3943197205368	0.964781688385486	0.772233098149901	6.49828214947643	0.772233098149912	
SRR6263248_filtp_woHU_1	555	5.39542988063756	0.00968458392831404	103.256888205221	0.990315416071686	0.853846669822595	6.31896811374643	0.853846669822589	
SRR6263258_filtp_woHU_1	916	5.36858823180387	0.0264901582477515	37.7498688625192	0.973509841752249	0.787181136340336	6.82001636467413	0.787181136340353	
SRR6263259_filtp_woHU_1	421	4.24705658695672	0.058953941218376	16.9623943596208	0.941046058781624	0.702848692590274	6.04263283368238	0.702848692590273	
SRR6263322_filtp_woHU_1	550	5.07151525874298	0.0284925511320595	35.096892354957	0.97150744886794	0.803737074732511	6.30991827822652	0.803737074732507	
SRR6263654_filtp_woHU_1	501	5.25856553890948	0.0187234758086186	53.4088868018667	0.981276524191381	0.845890097169227	6.21660610108486	0.845890097169221	
SRR6263655_filtp_woHU_1	418	4.98713054096701	0.0254559575885238	39.2835349651441	0.974544042411476	0.826302026892458	6.03548143252476	0.82630202689246	
SRR6263736_filtp_woHU_1	402	5.14396595632015	0.0182487378116931	54.7983104540653	0.981751262188307	0.85783491309522	5.99645208861902	0.857834913095214	
SRR6263737_filtp_woHU_1	447	5.10164301598178	0.0236023320171313	42.3686947236471	0.976397667982869	0.835984273954329	6.10255859461357	0.83598427395433	
SRR6265700_filtp_woHU_1	445	5.13080257268516	0.023324813693067	42.8727968917169	0.976675186306933	0.841380792570884	6.09807428216624	0.841380792570888	
SRR6265795_filtp_woHU_1	273	3.96573182828384	0.067961997308628	14.7141055236917	0.932038002691372	0.706970633436099	5.60947179518496	0.706970633436103	
SRR6265865_filtp_woHU_1	313	4.49501889421765	0.0381434061383987	26.2168511215706	0.961856593861601	0.782258953462993	5.74620319054015	0.782258953462988	
SRR6265866_filtp_woHU_1	458	5.26852462227728	0.0172793332147183	57.8726035069579	0.982720666785282	0.859904865593927	6.12686918411419	0.859904865593926	
SRR6266047_filtp_woHU_1	244	4.25654046329666	0.0622163200703603	16.0729531876701	0.93778367992964	0.774315118047824	5.4971682252932	0.774315118047827	
SRR6266108_filtp_woHU_1	344	4.56693013069908	0.0382926222243805	26.1146910791424	0.961707377775619	0.781922671960821	5.8406416573734	0.781922671960829	
SRR6266133_filtp_woHU_1	509	5.9836554968919	0.00344542566466414	290.239899892741	0.996554574335336	0.960081091892312	6.23244801655052	0.9600810918923	
SRR6266134_filtp_woHU_1	527	5.76976328125911	0.0060003242736491	166.657659552098	0.993999675726351	0.920628474638805	6.26720054854136	0.920628474638814	
SRR6266221_filtp_woHU_1	393	5.10231855806684	0.0143298185486658	69.784554256837	0.985670181451334	0.854114692227407	5.97380961186926	0.854114692227411	
SRR6266334_filtp_woHU_1	555	6.13844338525879	0.00295794120700481	338.072980501392	0.997042058792995	0.971431296180317	6.31896811374643	0.971431296180321	
SRR6266336_filtp_woHU_1	632	6.24417842335075	0.00283430268287768	352.82046834345	0.997165697317122	0.968256399158914	6.44888939414686	0.968256399158923	
SRR6266338_filtp_woHU_1	401	5.57811873988698	0.00625125550593395	159.967865503299	0.993748744494066	0.930623062483328	5.99396142730657	0.930623062483327	
SRR6266341_filtp_woHU_1	323	4.51364285568633	0.0427570855812163	23.387936441564	0.957242914418784	0.78122438028059	5.77765232322266	0.78122438028059	
SRR6266357_filtp_woHU_1	438	5.37580049263821	0.013229886996121	75.5864354920948	0.986770113003879	0.883855147578942	6.08221891037645	0.883855147578945	
SRR6266358_filtp_woHU_1	600	6.04360418842803	0.00495164052015367	201.953271028036	0.995048359479846	0.944766397970313	6.39692965521615	0.944766397970312	
SRR6429832_filtp_woHU_1	153	4.99731165707047	0.00713860797144556	140.083333333334	0.992861392028554	0.993414834883243	5.03043792139244	0.993414834883243	
SRR6429834_filtp_woHU_1	153	4.9461617125122	0.00826710076925534	120.96138996139	0.991732899230745	0.983246745075246	5.03043792139244	0.983246745075249	
shotgun_illumina_1st_ARH_ECA53_filtp_woHU_1	332	5.76113335415332	0.00339300165566599	294.724288840265	0.996606998344334	0.992420225369646	5.80513496891649	0.992420225369645	
shotgun_illumina_1st_COP_ECA53_filtp_woHU_1	296	5.50475280905975	0.00565235126158153	176.917525773195	0.994347648738419	0.967382263501251	5.69035945432406	0.967382263501255	
shotgun_illumina_1st_DEH_ECA53_filtp_woHU_1	386	5.68915464126429	0.00527222222222221	189.673340358272	0.994727777777778	0.955223302508594	5.95583736946483	0.955223302508593	
shotgun_illumina_1st_DEP_ECA53_filtp_woHU_1	338	5.78365754061022	0.00326399999999999	306.372549019609	0.996736	0.993235781482788	5.82304589548302	0.993235781482787	
shotgun_illumina_2nd_BARR2_ECA53_filtp_woHU_1	333	5.73333729157339	0.00369568487908899	270.585840707963	0.996304315120911	0.987120633053322	5.80814248998044	0.987120633053318	
shotgun_illumina_2nd_PRH_ECA55_filtp_woHU_1	431	5.97776538802708	0.00293733179546326	340.445026178013	0.997062668204537	0.985436675251338	6.06610809010375	0.985436675251348	
shotgun_illumina_2nd_PRP_ECA55_filtp_woHU_1	365	5.34632035204826	0.0201779843167261	49.5589640820106	0.979822015683274	0.906171757175048	5.89989735358249	0.90617175717505	
shotgun_illumina_3rd_ARH_ECA55_filtp_woHU_1	896	6.37250808912986	0.00347387639981112	287.862861227409	0.996526123600189	0.937417467938809	6.79794041297493	0.937417467938801	
shotgun_illumina_3rd_COP_ECA55_filtp_woHU_1	1046	6.72857099635012	0.00172558951250603	579.512098765439	0.998274410487494	0.967759758832521	6.95272864462487	0.967759758832491	
shotgun_illumina_3rd_DEP_ECA55_filtp_woHU_1	1120	6.86087218267591	0.00143939137363394	694.738080495344	0.998560608626366	0.977181332337271	7.02108396428914	0.977181332337246	
unifrac.S3.54.serS.unifrac	Richness R	Shannon H	Simpson λ	Simpson dominance 1/λ	Gini 1-λ	Pielou J	Hmax	Efficiency η	
CS1_filtp_woHU_1	168	4.79752508437639	0.0139917462830008	71.470707070707	0.986008253716999	0.936291727198112	5.12396397940326	0.93629172719811	
ERR4182668_filtp_woHU_1	464	5.07730437331446	0.0170818475021191	58.5416770566501	0.982918152497881	0.826938084930845	6.13988455222626	0.826938084930847	
ERR4182669_filtp_woHU_1	562	5.82619713280913	0.00597417091836729	167.387243127837	0.994025829081633	0.920191965656135	6.33150184989369	0.920191965656128	
ERR4182670_filtp_woHU_1	748	5.78340831277343	0.00918180688013922	108.911025145068	0.990818193119861	0.873969491056093	6.61740297797448	0.873969491056102	
ERR4182673_filtp_woHU_1	778	6.55164936759734	0.00176404050560185	566.880407124679	0.998235959494398	0.984214890577315	6.65672652417839	0.984214890577312	
ERR4183043_filtp_woHU_1	786	6.37341133858045	0.002778968380934	359.845763939172	0.997221031619066	0.955970098054019	6.66695679242921	0.955970098054036	
ERR4183044_filtp_woHU_1	700	6.26579423108606	0.00314473791858978	317.99152294651	0.99685526208141	0.95645205227735	6.5510803350434	0.956452052277328	
ERR4183116_filtp_woHU_1	722	6.04897134161028	0.0054040079228834	185.047841207907	0.994595992077117	0.919013709909316	6.58202513889283	0.919013709909298	
ERR4183117_filtp_woHU_1	528	5.62887885759225	0.0084654223539988	118.127596968346	0.991534577646001	0.89787723825873	6.26909628370626	0.897877238258735	
ERR4183124_filtp_woHU_1	569	5.65199628402046	0.00799723936644852	125.043149789336	0.992002760633552	0.890936760664033	6.34388043412633	0.890936760664029	
ERR4183125_filtp_woHU_1	437	5.48724064292897	0.00912275820990284	109.615971068321	0.990877241790097	0.902516601227672	6.07993319509559	0.902516601227683	
ERR5891181_filtp_woHU_1	200	5.19986725837908	0.00697640441230184	143.340314136126	0.993023595587698	0.981418608709523	5.29831736654804	0.981418608709522	
ERR5891183_filtp_woHU_1	134	4.37882242892521	0.024936360988336	40.1020822752667	0.975063639011664	0.894031370517486	4.89783979995091	0.894031370517486	
ERR5891186_filtp_woHU_1	140	4.44341338416882	0.0213995239039873	46.7300115874856	0.978600476096013	0.899177440245179	4.9416424226093	0.899177440245178	
ERR5891188_filtp_woHU_1	254	5.49277020425754	0.00441990349666288	226.249283667623	0.995580096503337	0.991952072854546	5.53733426701854	0.991952072854545	
ERR5891191_filtp_woHU_1	198	5.23286842476102	0.00581951530612243	171.835616438357	0.994180484693878	0.989524241946942	5.28826703069454	0.989524241946947	
ERR5891194_filtp_woHU_1	277	5.2791968030583	0.00910922496570643	109.778823529412	0.990890775034294	0.938687832541473	5.62401750618734	0.938687832541473	
HTP3_filtp_woHU_1	172	5.08076370066986	0.00701456052715485	142.560606060606	0.992985439472845	0.987036260758671	5.14749447681345	0.987036260758669	
IA6_filtp_woHU_1	188	5.11602506058837	0.0072652789692057	137.640963855422	0.992734721030794	0.977004060563195	5.23644196282995	0.977004060563196	
RDP_CKDN230001569-1A_HT3KTDSX5_L3_filtp_woHU_1	454	4.79799103584684	0.0214900177032726	46.5332329553043	0.978509982296727	0.784229292300697	6.11809719804135	0.7842292923007	
RUP_CKDN230001570-1A_HT3KTDSX5_L3_filtp_woHU_1	755	5.95852564371062	0.00595357667133916	167.966258806081	0.994046423328661	0.899166958542314	6.62671774924902	0.899166958542315	
SRR13165308_filtp_woHU_1	1391	6.48961951204096	0.00546833069887413	182.871163992677	0.994531669301126	0.896631444064237	7.23777819192344	0.896631444064214	
SRR17689980_filtp_woHU_1	320	5.54613995762849	0.00531494011525354	188.14887436456	0.994685059884746	0.961482546077568	5.76832099579377	0.961482546077563	
SRR17689983_filtp_woHU_1	310	5.34134030711445	0.00941087349222075	106.260061919504	0.990589126507779	0.931103110033422	5.73657229747919	0.931103110033425	
SRR17689995_filtp_woHU_1	212	4.878440060228	0.0134877480403926	74.1413612565449	0.986512251959607	0.910736765931527	5.35658627467201	0.91073676593153	
SRR17689998_filtp_woHU_1	277	5.13988947477718	0.0114482351034725	87.3497085761874	0.988551764896528	0.913917758812532	5.62401750618734	0.91391775881253	
SRR17689999_filtp_woHU_1	213	4.89872868517663	0.0124269005847953	80.4705882352942	0.987573099415205	0.913721642798852	5.36129216570943	0.913721642798857	
SRR17690002_filtp_woHU_1	286	5.33810697778987	0.00827643760116287	120.824930747922	0.991723562398837	0.943796801045244	5.65599181081985	0.943796801045243	
SRR20770298_filtp_woHU_1	396	5.82127775033662	0.0035937895558264	278.257806826434	0.996406210444174	0.973227659001353	5.98141421125448	0.973227659001349	
SRR20770299_filtp_woHU_1	394	5.57925413627789	0.00620212945038295	161.234944868533	0.993797870549617	0.93355531175349	5.97635090929793	0.933555311753483	
SRR24605825_filtp_woHU_1	765	6.11044969734878	0.00424465502388598	235.590405904058	0.995755344976114	0.920265657110542	6.63987583382654	0.920265657110547	
SRR24605827_filtp_woHU_1	1123	6.59052864597734	0.00228059138093739	438.482758620691	0.997719408619063	0.938319308570686	7.02375895473844	0.938319308570684	
SRR24605828_filtp_woHU_1	627	6.10352162343363	0.00335865326699406	297.73838515191	0.996641346733006	0.947612526346767	6.44094654063292	0.947612526346772	
SRR24605834_filtp_woHU_1	214	4.38201195985068	0.0263432597378095	37.9603743026812	0.973656740262191	0.81662906199793	5.36597601502185	0.816629061997933	
SRR24605835_filtp_woHU_1	934	6.49205516718865	0.00249788029444637	400.33944069431	0.997502119705554	0.949203528343441	6.83947643822884	0.949203528343442	
SRR24605838_filtp_woHU_1	841	6.06944436288191	0.00542338747315345	184.386604304071	0.994576612526847	0.901234205327646	6.73459165997295	0.901234205327643	
SRR24605839_filtp_woHU_1	1113	6.75468465724049	0.00164681202984464	607.233844468781	0.998353187970155	0.962917095020803	7.01481435127554	0.962917095020805	
SRR24605841_filtp_woHU_1	977	6.53506470580652	0.00211290235433628	473.28263795424	0.997887097645664	0.949245025243446	6.88448665204278	0.949245025243443	
SRR24605842_filtp_woHU_1	435	5.13601927873085	0.0176583431637069	56.630454552231	0.982341656836293	0.845387119095584	6.07534603108868	0.845387119095582	
SRR5830676_filtp_woHU_1	475	5.56361075946383	0.00856831102092626	116.709115432168	0.991431688979074	0.902697807326306	6.16331480403464	0.902697807326316	
SRR5881985_filtp_woHU_1	1155	5.77900681366256	0.0172524004385488	57.9629486089136	0.982747599561451	0.819501578400183	7.05185562295589	0.819501578400174	
SRR5882128_filtp_woHU_1	367	5.71912607789846	0.00430364460888222	232.36119402985	0.995696355391118	0.968463275418514	5.90536184805457	0.96846327541851	
SRR5882551_filtp_woHU_1	476	5.31565433058782	0.0136772356136383	73.1141897565065	0.986322764386362	0.862172598235107	6.16541785423142	0.862172598235104	
SRR6263181_filtp_woHU_1	315	4.03634656248868	0.0750697089763423	13.320952134171	0.924930291023658	0.70165938196874	5.75257263882563	0.701659381968736	
SRR6263202_filtp_woHU_1	524	5.53718388552269	0.00896220457660759	111.579689065581	0.991037795423392	0.884323443148213	6.26149168432104	0.884323443148211	
SRR6263206_filtp_woHU_1	635	4.66825619060306	0.0548113973303508	18.2443807074094	0.945188602669649	0.723354113603446	6.45362499889269	0.723354113603445	
SRR6263248_filtp_woHU_1	530	5.372092272343	0.00866526904262755	115.403225806451	0.991334730957372	0.856400064394194	6.27287700654617	0.856400064394194	
SRR6263258_filtp_woHU_1	921	5.24816792601504	0.0314939613457985	31.7521187322282	0.968506038654201	0.768910505392743	6.82546003625531	0.768910505392745	
SRR6263259_filtp_woHU_1	433	4.25496529383119	0.066639455782313	15.0061249489587	0.933360544217687	0.700897565415208	6.07073772800249	0.700897565415206	
SRR6263322_filtp_woHU_1	497	4.86160959547791	0.0392484960642836	25.478683268835	0.960751503935716	0.783045679460724	6.20859002609663	0.783045679460718	
SRR6263654_filtp_woHU_1	506	5.34852415886688	0.01360351401763	73.5104178746765	0.98639648598237	0.858988622880613	6.22653666928747	0.85898862288061	
SRR6263655_filtp_woHU_1	383	4.68737811517067	0.0397521051802315	25.1559004351119	0.960247894819769	0.788054899424249	5.94803498918065	0.788054899424247	
SRR6263736_filtp_woHU_1	407	4.96587132279445	0.0234220427807208	42.6948242457793	0.976577957219279	0.826431305074543	6.00881318544259	0.826431305074543	
SRR6263737_filtp_woHU_1	443	5.2782420666989	0.014448621723645	69.2107537401654	0.985551378276355	0.866198675962612	6.09356977004514	0.866198675962616	
SRR6265700_filtp_woHU_1	462	5.23180946344795	0.0179889104402092	55.5898036917666	0.982011089559791	0.852702164563946	6.13556489108174	0.852702164563952	
SRR6265795_filtp_woHU_1	236	3.73001529129498	0.095951934571272	10.4218847120504	0.904048065428728	0.682673886092929	5.46383180502561	0.682673886092929	
SRR6265865_filtp_woHU_1	299	4.11023433672471	0.0668526188950972	14.9582771255254	0.933147381104903	0.721037632213575	5.70044357339069	0.721037632213577	
SRR6265866_filtp_woHU_1	524	5.26940058766141	0.0206395354555452	48.4507028830115	0.979360464544455	0.841556749305623	6.26149168432104	0.841556749305627	
SRR6266047_filtp_woHU_1	243	3.92872390400774	0.0752800522634727	13.2837314790922	0.924719947736527	0.715215721602875	5.49306144334055	0.715215721602878	
SRR6266108_filtp_woHU_1	326	4.36740486805618	0.0528014486192851	18.9388743329811	0.947198551380715	0.754705774137077	5.78689738136671	0.754705774137076	
SRR6266133_filtp_woHU_1	594	6.02056230753699	0.00437723107251322	228.454925827309	0.995622768927487	0.942645383839472	6.38687931936265	0.942645383839467	
SRR6266134_filtp_woHU_1	537	5.69405002176926	0.00726844257069762	137.581055401256	0.992731557429302	0.905830694849128	6.28599809450886	0.905830694849131	
SRR6266221_filtp_woHU_1	337	4.87146187912759	0.0176930398492275	56.5194002003936	0.982306960150773	0.837009014720802	5.82008293035236	0.837009014720795	
SRR6266334_filtp_woHU_1	584	6.17693765037688	0.00283761000053851	352.409245742094	0.997162389999461	0.969707012248459	6.36990098282823	0.969707012248466	
SRR6266336_filtp_woHU_1	630	6.28680315685492	0.00234044327682906	427.269487750562	0.997659556723171	0.975345397103251	6.44571981938558	0.975345397103241	
SRR6266338_filtp_woHU_1	405	5.52526148966226	0.0071115693033974	140.615939652345	0.992888430696603	0.92028071612697	6.00388706710654	0.920280716126972	
SRR6266341_filtp_woHU_1	292	4.34472555590522	0.045370540688643	22.0407335866358	0.954629459311357	0.765353881327245	5.67675380226828	0.765353881327241	
SRR6266357_filtp_woHU_1	389	5.05576395016771	0.0183853561915171	54.3911137528788	0.981614643808483	0.847773402323861	5.96357934361845	0.847773402323867	
SRR6266358_filtp_woHU_1	651	6.10588741902903	0.00478985835246691	208.77444099886	0.995210141647533	0.942483342040298	6.47850964220857	0.942483342040312	
SRR6429832_filtp_woHU_1	192	5.18698001592324	0.00649697401210396	153.917808219178	0.993503025987896	0.986587652272655	5.25749537202778	0.986587652272656	
SRR6429834_filtp_woHU_1	177	5.0483903377813	0.00917916186082276	108.942408376963	0.990820838139177	0.975317677927953	5.17614973257383	0.975317677927958	
shotgun_illumina_1st_ARH_ECA53_filtp_woHU_1	370	5.82162512132382	0.00349896438697741	285.798850574713	0.996501035613023	0.984463035830565	5.91350300563827	0.984463035830563	
shotgun_illumina_1st_COP_ECA53_filtp_woHU_1	378	5.72990539052823	0.00469529236145145	212.979282868526	0.995304707638549	0.965460411199469	5.93489419561959	0.965460411199477	
shotgun_illumina_1st_DEH_ECA53_filtp_woHU_1	440	5.82417393446995	0.0043445159974926	230.175237144285	0.995655484002507	0.956857152724696	6.08677472691231	0.956857152724699	
shotgun_illumina_1st_DEP_ECA53_filtp_woHU_1	358	5.81725986026355	0.00329565734681735	303.429602888088	0.996704342653183	0.98924023956953	5.8805329864007	0.989240239569518	
shotgun_illumina_2nd_BARR2_ECA53_filtp_woHU_1	410	5.95692863577671	0.00288125794889581	347.070626003212	0.997118742051104	0.990155090309408	6.01615715969835	0.990155090309409	
shotgun_illumina_2nd_PRH_ECA55_filtp_woHU_1	512	6.18490948489393	0.00224494438524441	445.445333333337	0.997755055614756	0.991437582467065	6.23832462503951	0.991437582467059	
shotgun_illumina_2nd_PRP_ECA55_filtp_woHU_1	364	5.21600921726103	0.0284950714979873	35.093788063337	0.971504928502013	0.884496035602226	5.89715386763674	0.884496035602221	
shotgun_illumina_3rd_ARH_ECA55_filtp_woHU_1	869	6.38399555645512	0.00307163681799251	325.559322033897	0.996928363182008	0.943353312856404	6.76734312526539	0.943353312856404	
shotgun_illumina_3rd_COP_ECA55_filtp_woHU_1	1068	6.76999355518812	0.00153456294809782	651.651339060125	0.998465437051902	0.970811183961689	6.97354301952014	0.970811183961665	
shotgun_illumina_3rd_DEP_ECA55_filtp_woHU_1	1208	6.89938022298079	0.00168255621301776	594.333783479627	0.998317443786982	0.972192630231761	7.09672137849476	0.972192630231765	
unifrac.S3.55.TIGR00006.unifrac	Richness R	Shannon H	Simpson λ	Simpson dominance 1/λ	Gini 1-λ	Pielou J	Hmax	Efficiency η	
CS1_filtp_woHU_1	147	4.62829601769419	0.015	66.6666666666666	0.985	0.927433832080216	4.99043258677874	0.927433832080218	
ERR4182668_filtp_woHU_1	452	5.09698814238453	0.0161714780383152	61.8372666759767	0.983828521961685	0.833701849794945	6.11368217983223	0.833701849794952	
ERR4182669_filtp_woHU_1	558	5.82735094947028	0.0063387314574271	157.760272180059	0.993661268542573	0.921413693329656	6.32435896238131	0.92141369332965	
ERR4182670_filtp_woHU_1	715	5.79291515196874	0.00784877867627683	127.408357560461	0.992151221323723	0.881416024697289	6.57228254269401	0.881416024697286	
ERR4182673_filtp_woHU_1	834	6.64449530768633	0.00148403045505944	673.840618695353	0.998515969544941	0.987847865248959	6.72623340235875	0.987847865248957	
ERR4183043_filtp_woHU_1	807	6.41165494615284	0.00265215574298388	377.051763511793	0.997347844257016	0.957917958838241	6.69332366826995	0.957917958838226	
ERR4183044_filtp_woHU_1	773	6.38852623877905	0.00258337703708018	387.090225563912	0.99741662296292	0.960640326835011	6.65027904858742	0.960640326835008	
ERR4183116_filtp_woHU_1	742	5.99933081542514	0.00615875003137329	162.370610092291	0.993841249968627	0.907703707990182	6.60934924316738	0.907703707990164	
ERR4183117_filtp_woHU_1	522	5.58375174144955	0.0103097506019509	96.9955567897805	0.989690249398049	0.892305585592616	6.25766758788264	0.89230558559262	
ERR4183124_filtp_woHU_1	629	5.85498874767452	0.00572729026957452	174.602639805489	0.994272709730425	0.908576891817133	6.44413125670044	0.908576891817128	
ERR4183125_filtp_woHU_1	402	5.33372279875239	0.010596177498929	94.3736550374956	0.989403822501071	0.889479765689371	5.99645208861902	0.889479765689367	
ERR5891181_filtp_woHU_1	295	5.60331572694505	0.00432572819291199	231.174950298211	0.995674271807088	0.985289257618902	5.68697535633982	0.985289257618894	
ERR5891183_filtp_woHU_1	119	4.26678521382618	0.0259182302488713	38.5828812537673	0.974081769751129	0.892796601714977	4.77912349311153	0.892796601714978	
ERR5891186_filtp_woHU_1	128	4.3583072737029	0.0233023356401384	42.9141531322506	0.976697664359862	0.898244041491638	4.85203026391962	0.898244041491638	
ERR5891188_filtp_woHU_1	284	5.59607669494571	0.0040816326530612	245.000000000001	0.995918367346939	0.990635902911691	5.64897423816121	0.990635902911686	
ERR5891191_filtp_woHU_1	232	5.3889270520969	0.00513990220125296	194.556231003039	0.994860097798747	0.989386248018835	5.44673737166631	0.989386248018829	
ERR5891194_filtp_woHU_1	316	5.54655371254738	0.00552997245068272	180.832727272727	0.994470027549317	0.963655686221367	5.75574221358691	0.963655686221366	
HTP3_filtp_woHU_1	168	5.02392668903311	0.00806040199979592	124.063291139241	0.991939598000204	0.980476582042288	5.12396397940326	0.980476582042288	
IA6_filtp_woHU_1	213	5.24311053483821	0.00631001371742112	158.478260869565	0.993689986282579	0.97795650242173	5.36129216570943	0.977956502421731	
RDP_CKDN230001569-1A_HT3KTDSX5_L3_filtp_woHU_1	457	4.95149136321368	0.0161003703788808	62.1103723993655	0.983899629621119	0.808448542919825	6.12468339089421	0.808448542919819	
RUP_CKDN230001570-1A_HT3KTDSX5_L3_filtp_woHU_1	666	5.85211203254969	0.00737385120871098	135.614344756328	0.992626148791289	0.900146329284119	6.50128967054039	0.900146329284113	
SRR13165308_filtp_woHU_1	1425	6.55741133969415	0.00535670272610326	186.68200404831	0.994643297273897	0.902985014306114	7.26192709270275	0.902985014306106	
SRR17689980_filtp_woHU_1	336	5.52937502822686	0.0057824684514867	172.936525013447	0.994217531548513	0.950536250069155	5.8171111599632	0.950536250069157	
SRR17689983_filtp_woHU_1	321	5.39057772664009	0.00915628337486653	109.214618973561	0.990843716625133	0.93400896095716	5.77144112313002	0.934008960957152	
SRR17689995_filtp_woHU_1	230	4.93134815866796	0.0134355010562033	74.4296767062727	0.986564498943797	0.906817991892146	5.4380793089232	0.906817991892144	
SRR17689998_filtp_woHU_1	321	5.32052749715327	0.0104573549537812	95.6264757598587	0.989542645046219	0.921871571353361	5.77144112313002	0.921871571353363	
SRR17689999_filtp_woHU_1	237	4.91236741553306	0.0153479430988081	65.1553106212426	0.984652056901192	0.898374796315479	5.46806014113513	0.898374796315478	
SRR17690002_filtp_woHU_1	309	5.42350042210732	0.00834766862833863	119.793926247288	0.991652331371661	0.945958065318923	5.73334127689775	0.945958065318922	
SRR20770298_filtp_woHU_1	532	6.13550039699666	0.00257225363391491	388.764150943398	0.997427746366085	0.977512966510739	6.27664348934164	0.977512966510748	
SRR20770299_filtp_woHU_1	416	5.58520760371809	0.00696275373815274	143.621336845572	0.993037246261847	0.926131502919144	6.03068526026126	0.926131502919145	
SRR24605825_filtp_woHU_1	706	6.11056816348537	0.00396431720836482	252.250248262165	0.996035682791635	0.931543686977062	6.55961523749324	0.931543686977072	
SRR24605827_filtp_woHU_1	1176	6.60489207799423	0.00254922350039476	392.276314668034	0.997450776499605	0.934230505095891	7.06987412845857	0.93423050509588	
SRR24605828_filtp_woHU_1	670	6.18728022698714	0.00292273722526583	342.145024655457	0.997077262774734	0.950824676686407	6.50727771238501	0.950824676686408	
SRR24605834_filtp_woHU_1	208	4.38848734978673	0.0336733285658725	29.6970938897169	0.966326671434128	0.822193169258346	5.33753807970132	0.822193169258348	
SRR24605835_filtp_woHU_1	923	6.53257632052426	0.00203422550222205	491.587584025305	0.997965774497778	0.956785451604846	6.82762923450285	0.956785451604838	
SRR24605838_filtp_woHU_1	869	6.08711135011309	0.00528356566341425	189.266125132965	0.994716434336586	0.899483185267686	6.76734312526539	0.899483185267699	
SRR24605839_filtp_woHU_1	1046	6.69206582228418	0.00180603859466172	553.698023373253	0.998193961405338	0.962509277196917	6.95272864462487	0.962509277196926	
SRR24605841_filtp_woHU_1	934	6.43412663232724	0.00267325599760194	374.075659382062	0.997326744002398	0.940733795991178	6.83947643822884	0.940733795991174	
SRR24605842_filtp_woHU_1	416	5.22242945599932	0.0141927717589093	70.4584007258668	0.985807228241091	0.865976125534542	6.03068526026126	0.865976125534542	
SRR5830676_filtp_woHU_1	511	5.76917156350005	0.00564805928065263	177.05196604885	0.994351940719347	0.925084936043953	6.2363695902037	0.925084936043953	
SRR5881985_filtp_woHU_1	1189	5.94787500223875	0.0150374260320462	66.5007427380794	0.984962573967954	0.839992369440823	7.08086789669078	0.839992369440817	
SRR5882128_filtp_woHU_1	346	5.69692028237723	0.00404027251733873	247.508056872036	0.995959727482661	0.974425714792673	5.84643877505772	0.974425714792684	
SRR5882551_filtp_woHU_1	482	5.39601163573253	0.0123325684311275	81.0861099684628	0.987667431568872	0.873431603801706	6.1779441140506	0.87343160380171	
SRR6263181_filtp_woHU_1	296	4.18270627598078	0.0824332718870734	12.1310240041171	0.917566728112927	0.735051328401122	5.69035945432406	0.735051328401123	
SRR6263202_filtp_woHU_1	530	5.44923005049875	0.0120902872934694	82.7110204850264	0.987909712706531	0.868697097808887	6.27287700654617	0.86869709780889	
SRR6263206_filtp_woHU_1	632	4.77549361198996	0.0711690111720303	14.051059351981	0.92883098882797	0.740514113379629	6.44888939414686	0.740514113379623	
SRR6263248_filtp_woHU_1	597	5.48160467040312	0.00894456694212494	111.799711095061	0.991055433057875	0.857583816116426	6.3919171133926	0.857583816116428	
SRR6263258_filtp_woHU_1	888	5.13064652179949	0.0420186036184557	23.7989822098889	0.957981396381544	0.755732490284045	6.78897174299217	0.755732490284053	
SRR6263259_filtp_woHU_1	429	4.24978092234496	0.0754612423521815	13.2518358938877	0.924538757647819	0.701115421454904	6.06145691892802	0.701115421454898	
SRR6263322_filtp_woHU_1	504	4.92866054819973	0.0415130021916137	24.0888383688621	0.958486997808386	0.792061091077204	6.22257626807137	0.792061091077195	
SRR6263654_filtp_woHU_1	525	5.29580244184439	0.0222362932668786	44.9715241653841	0.977763706733121	0.845515839775632	6.26339826259162	0.845515839775628	
SRR6263655_filtp_woHU_1	407	4.80658639966509	0.0466258659338151	21.4473228533598	0.953374134066185	0.799922755347078	6.00881318544259	0.799922755347084	
SRR6263736_filtp_woHU_1	384	4.96182893351834	0.0228152777777777	43.8302794180314	0.977184722222222	0.83383078208262	5.95064255258773	0.833830782082628	
SRR6263737_filtp_woHU_1	413	5.05707000851354	0.0277317933598973	36.0596946263883	0.972268206640103	0.839564042098283	6.02344759296103	0.839564042098281	
SRR6265700_filtp_woHU_1	451	5.14965707605093	0.0266622071507932	37.5062722431158	0.973337792849207	0.84262203984387	6.11146733950268	0.842622039843867	
SRR6265795_filtp_woHU_1	245	4.00724735288148	0.0652438198484469	15.327122205948	0.934756180151553	0.728423789525177	5.50125821054473	0.728423789525176	
SRR6265865_filtp_woHU_1	324	4.40624723734257	0.0483762977935471	20.6712800609018	0.951623702206453	0.762228461668504	5.78074351579233	0.762228461668502	
SRR6265866_filtp_woHU_1	471	5.26135329862502	0.0189704925318648	52.7134442250403	0.981029507468135	0.854829342652101	6.15485809401642	0.85482934265209	
SRR6266047_filtp_woHU_1	246	4.46098349431298	0.0378669541366062	26.4082502224095	0.962133045863394	0.810302425057764	5.50533153593236	0.810302425057765	
SRR6266108_filtp_woHU_1	320	4.58488210865295	0.0406105875870338	24.6241204428985	0.959389412412966	0.794838240104221	5.76832099579377	0.794838240104217	
SRR6266133_filtp_woHU_1	612	6.0657156970356	0.00407275175403148	245.534238370933	0.995927248245969	0.945296675936854	6.41673228251233	0.945296675936852	
SRR6266134_filtp_woHU_1	514	5.61817062407649	0.0089576124567474	111.636890391116	0.991042387543253	0.900027183450452	6.24222326545517	0.900027183450454	
SRR6266221_filtp_woHU_1	336	4.935870831482	0.01573974609375	63.533426399876	0.98426025390625	0.848508941251386	5.8171111599632	0.848508941251389	
SRR6266334_filtp_woHU_1	593	6.22391894609658	0.00253842125330654	393.945645821158	0.997461578746694	0.974742279902009	6.38519439899773	0.974742279902009	
SRR6266336_filtp_woHU_1	641	6.27695831386016	0.00263174209170618	379.976443418014	0.997368257908294	0.9712099187694	6.46302945692067	0.971209918769403	
SRR6266338_filtp_woHU_1	471	5.66163414931634	0.00639670586162859	156.330464716007	0.993603294138371	0.919864286525212	6.15485809401642	0.919864286525205	
SRR6266341_filtp_woHU_1	324	4.52198266708802	0.0426520785266342	23.4455162454872	0.957347921473366	0.782249317018561	5.78074351579233	0.782249317018566	
SRR6266357_filtp_woHU_1	400	5.15091012889637	0.017403942851767	57.458244290803	0.982596057148233	0.859708021035134	5.99146454710798	0.859708021035128	
SRR6266358_filtp_woHU_1	689	6.13038513535889	0.0051117521306691	195.627638906878	0.994888247869331	0.938050315380021	6.53524127101366	0.938050315380008	
SRR6429832_filtp_woHU_1	156	4.97397405843783	0.00784469338542779	127.474708171206	0.992155306614572	0.984973443063967	5.04985600724954	0.984973443063965	
SRR6429834_filtp_woHU_1	138	4.78174934938519	0.0119375573921029	83.7692307692306	0.988062442607897	0.970469485626378	4.92725368515721	0.970469485626379	
shotgun_illumina_1st_ARH_ECA53_filtp_woHU_1	420	5.97726112711702	0.00280275703229522	356.791540785498	0.997197242967705	0.989571038445982	6.04025471127741	0.989571038445979	
shotgun_illumina_1st_COP_ECA53_filtp_woHU_1	347	5.62674338351075	0.00548407686105883	182.346094946402	0.994515923138941	0.961947505941338	5.84932477994686	0.961947505941326	
shotgun_illumina_1st_DEH_ECA53_filtp_woHU_1	397	5.67901530779925	0.00539095422438141	185.49591749033	0.994609045775619	0.949043412465462	5.98393628068719	0.949043412465453	
shotgun_illumina_1st_DEP_ECA53_filtp_woHU_1	436	6.00973777358524	0.00281549354435651	355.177514792901	0.997184506455643	0.988827168983481	6.07764224334903	0.988827168983468	
shotgun_illumina_2nd_BARR2_ECA53_filtp_woHU_1	415	5.95368257087294	0.00290174471992654	344.620253164557	0.997098255280073	0.987625663096452	6.0282785202307	0.987625663096447	
shotgun_illumina_2nd_PRH_ECA55_filtp_woHU_1	520	6.17020490531661	0.00251115759331553	398.222717149218	0.997488842406684	0.986628366592946	6.25382881157547	0.986628366592946	
shotgun_illumina_2nd_PRP_ECA55_filtp_woHU_1	415	5.49030036147759	0.0165571053419359	60.3970307217408	0.983442894658064	0.91075758080061	6.0282785202307	0.910757580800608	
shotgun_illumina_3rd_ARH_ECA55_filtp_woHU_1	911	6.40740306199628	0.00317147531231412	315.310668229775	0.996828524687686	0.940254270696956	6.81454289725996	0.940254270696962	
shotgun_illumina_3rd_COP_ECA55_filtp_woHU_1	1209	6.85596358545079	0.00159933485097684	625.259931895578	0.998400665149023	0.96596215535127	7.09754885061479	0.965962155351277	
shotgun_illumina_3rd_DEP_ECA55_filtp_woHU_1	1269	6.96546245562844	0.00136541343758833	732.378906250005	0.998634586562412	0.974737978664584	7.14598446771439	0.974737978664586	
unifrac.S3.56.trmD.unifrac	Richness R	Shannon H	Simpson λ	Simpson dominance 1/λ	Gini 1-λ	Pielou J	Hmax	Efficiency η	
CS1_filtp_woHU_1	158	4.60924917605283	0.0192233756247597	52.0200000000001	0.98077662437524	0.910451882084854	5.06259503302697	0.910451882084856	
ERR4182668_filtp_woHU_1	438	5.04319114143177	0.0175211923897123	57.073741201949	0.982478807610288	0.829169619795818	6.08221891037645	0.829169619795825	
ERR4182669_filtp_woHU_1	554	5.88894455122286	0.00507364896017861	197.096805050698	0.994926351039821	0.932213238571604	6.31716468674728	0.932213238571607	
ERR4182670_filtp_woHU_1	712	5.69634067947312	0.00974570211028914	102.609333702519	0.990254297889711	0.867276660889753	6.56807791141198	0.867276660889768	
ERR4182673_filtp_woHU_1	775	6.58200795405	0.00154479366479998	647.335642802161	0.9984552063352	0.989349686745282	6.65286302935335	0.989349686745293	
ERR4183043_filtp_woHU_1	757	6.34293784414139	0.00292573227638162	341.794773251346	0.997074267723618	0.956794431328296	6.62936325343745	0.956794431328291	
ERR4183044_filtp_woHU_1	705	6.29388320619512	0.00289146872153712	345.844999999999	0.997108531278463	0.959697068529436	6.55819780281227	0.959697068529435	
ERR4183116_filtp_woHU_1	717	6.03945277483337	0.00537398910526724	186.081508617102	0.994626010894733	0.918537355499553	6.57507584059962	0.918537355499553	
ERR4183117_filtp_woHU_1	516	5.53925063298165	0.010182936711925	98.2034975066595	0.989817063288075	0.886832524796682	6.24610676548156	0.886832524796677	
ERR4183124_filtp_woHU_1	579	5.77153012372816	0.0062615083388565	159.705928010091	0.993738491661143	0.907287484611194	6.361302477573	0.907287484611199	
ERR4183125_filtp_woHU_1	399	5.34117788927166	0.00995570369720625	100.444933920705	0.990044296302794	0.891837084508284	5.98896141688986	0.891837084508293	
ERR5891181_filtp_woHU_1	188	5.21104085413706	0.00566817653028388	176.423580786027	0.994331823469716	0.99514916638565	5.23644196282995	0.995149166385649	
ERR5891183_filtp_woHU_1	115	4.10948521634704	0.0403331945022907	24.7934737711689	0.959666805497709	0.866078819501386	4.74493212836325	0.866078819501386	
ERR5891186_filtp_woHU_1	129	4.45752110564745	0.0178474851270958	56.0303030303029	0.982152514872904	0.917220817339952	4.85981240436167	0.917220817339952	
ERR5891188_filtp_woHU_1	202	5.26914532294871	0.00549586776859503	181.954887218046	0.994504132231405	0.992629916823591	5.30826769740121	0.992629916823584	
ERR5891191_filtp_woHU_1	188	5.1961817118814	0.00592504461629983	168.775100401606	0.9940749553837	0.992311525414712	5.23644196282995	0.992311525414714	
ERR5891194_filtp_woHU_1	255	5.37879289133039	0.00615916955017297	162.359550561799	0.993840830449827	0.970679854422373	5.54126354515843	0.970679854422379	
HTP3_filtp_woHU_1	144	4.9191625880237	0.00788221296847114	126.867924528302	0.992117787031529	0.989808327094175	4.969813299576	0.989808327094177	
IA6_filtp_woHU_1	181	5.08417094508972	0.00750065354219874	133.321715817694	0.992499346457801	0.978007857754174	5.19849703126583	0.978007857754173	
RDP_CKDN230001569-1A_HT3KTDSX5_L3_filtp_woHU_1	488	5.06275867181313	0.0149838710766764	66.7384279324575	0.985016128923324	0.817851488960664	6.19031540585315	0.817851488960659	
RUP_CKDN230001570-1A_HT3KTDSX5_L3_filtp_woHU_1	726	6.06350886696728	0.00451854921999172	221.309971699685	0.995481450780008	0.920449765591427	6.5875500148248	0.920449765591415	
SRR13165308_filtp_woHU_1	1347	6.46074110609698	0.00579453656462589	172.576355131614	0.994205463435374	0.896623399315026	7.20563517641036	0.896623399315021	
SRR17689980_filtp_woHU_1	318	5.56449050209695	0.00496013960103745	201.607228915663	0.995039860398963	0.965713446903019	5.76205138278018	0.96571344690302	
SRR17689983_filtp_woHU_1	284	5.3199194633233	0.00829877454296095	120.499718943227	0.991701225457039	0.941749641445521	5.64897423816121	0.941749641445529	
SRR17689995_filtp_woHU_1	201	4.86305551031722	0.0144009182154578	69.4400166044003	0.985599081784542	0.9169858408343	5.30330490805908	0.916985840834303	
SRR17689998_filtp_woHU_1	289	5.1763163940969	0.0111409342076408	89.7590795675078	0.988859065792359	0.91350628517903	5.66642668811243	0.913506285179024	
SRR17689999_filtp_woHU_1	189	4.72725040255419	0.0191404481665912	52.2453806356245	0.980859551833409	0.901846347977631	5.24174701505964	0.90184634797763	
SRR17690002_filtp_woHU_1	299	5.45536804823119	0.0064098765432099	156.009244992295	0.99359012345679	0.957007639492567	5.70044357339069	0.95700763949257	
SRR20770298_filtp_woHU_1	412	5.87542409352449	0.00337741896222972	296.084084084083	0.99662258103777	0.97581818781009	6.02102334934953	0.975818187810087	
SRR20770299_filtp_woHU_1	400	5.6302832062395	0.00545136258471365	183.440375586855	0.994548637415286	0.939717353239982	5.99146454710798	0.939717353239988	
SRR24605825_filtp_woHU_1	723	6.03881858423155	0.00481247824667566	207.793147052826	0.995187521753324	0.917278325021297	6.58340922215876	0.917278325021291	
SRR24605827_filtp_woHU_1	1111	6.51407592056394	0.00263985704158792	378.808391608389	0.997360142958412	0.928855162451968	7.01301578963963	0.928855162451951	
SRR24605828_filtp_woHU_1	577	6.03934972954352	0.00325964037150088	306.782309098582	0.996740359628499	0.949905561727705	6.3578422665081	0.949905561727697	
SRR24605834_filtp_woHU_1	241	4.60855824219533	0.0205477928088288	48.6670276123443	0.979452207191171	0.840242272973692	5.48479693349065	0.84024227297369	
SRR24605835_filtp_woHU_1	856	6.41832422856483	0.00264540726051454	378.013629480059	0.997354592739485	0.95054313157292	6.75227037614174	0.950543131572919	
SRR24605838_filtp_woHU_1	849	6.1028133030008	0.004572345477235	218.706133422954	0.995427654522765	0.904916925312264	6.74405918631135	0.904916925312286	
SRR24605839_filtp_woHU_1	1048	6.6927222467645	0.00178670414452987	559.689752252256	0.99821329585547	0.962339292779228	6.95463886488099	0.962339292779218	
SRR24605841_filtp_woHU_1	958	6.51406552146662	0.00225312103750391	443.828797190513	0.997746878962496	0.948901670095309	6.86484777797086	0.948901670095301	
SRR24605842_filtp_woHU_1	398	5.11957934927421	0.0159167729177701	62.8268057329361	0.98408322708223	0.855194252748538	5.98645200528444	0.855194252748534	
SRR5830676_filtp_woHU_1	453	5.67296988006026	0.00600635762117346	166.490253007051	0.993993642378827	0.927578473207979	6.11589212548303	0.92757847320798	
SRR5881985_filtp_woHU_1	1108	5.84355166688361	0.0154144586053823	64.8741565046487	0.984585541394618	0.833565150522784	7.01031186730723	0.833565150522816	
SRR5882128_filtp_woHU_1	311	5.58728432432143	0.00450158371779501	222.144041450777	0.995498416282205	0.973429600999332	5.73979291217923	0.973429600999337	
SRR5882551_filtp_woHU_1	418	5.28802053924223	0.0131090307170873	76.2832906247235	0.986890969282913	0.876155547550107	6.03548143252476	0.876155547550104	
SRR6263181_filtp_woHU_1	287	4.10959283202348	0.0604570003064413	16.5406817230635	0.939542999693559	0.726142900596056	5.65948221575962	0.726142900596054	
SRR6263202_filtp_woHU_1	493	5.47176743653678	0.00927139993399179	107.858576603269	0.990728600066008	0.882470662158414	6.20050917404269	0.882470662158419	
SRR6263206_filtp_woHU_1	606	4.93165155007857	0.0330683770204433	30.2403713185497	0.966931622979557	0.769743082561499	6.40687998606931	0.769743082561502	
SRR6263248_filtp_woHU_1	556	5.38803122954599	0.010289599040775	97.1855167569948	0.989710400959225	0.852432960475229	6.32076829425058	0.852432960475227	
SRR6263258_filtp_woHU_1	869	5.3684905549814	0.0248848252303828	40.1851325352715	0.975115174769617	0.793293683445506	6.76734312526539	0.793293683445504	
SRR6263259_filtp_woHU_1	395	4.27309782184814	0.057981561687742	17.2468621211942	0.942018438312258	0.714698020646796	5.97888576490112	0.714698020646796	
SRR6263322_filtp_woHU_1	460	4.8957500895406	0.0304886006662233	32.7991438815966	0.969511399333777	0.798494411833954	6.13122648948314	0.798494411833949	
SRR6263654_filtp_woHU_1	460	5.16147861252851	0.0255669026866648	39.11306786964	0.974433097313335	0.841834602160264	6.13122648948314	0.841834602160269	
SRR6263655_filtp_woHU_1	361	4.88526482459239	0.0240768222786204	41.533720207254	0.97592317772138	0.829574811901077	5.88887795833288	0.829574811901079	
SRR6263736_filtp_woHU_1	379	5.05658268822846	0.0179758809197191	55.6300970431456	0.982024119080281	0.851629786088734	5.93753620508243	0.85162978608874	
SRR6263737_filtp_woHU_1	400	4.96561036097395	0.0340621415292117	29.3581071273044	0.965937858470788	0.828780729975412	5.99146454710798	0.82878072997541	
SRR6265700_filtp_woHU_1	440	4.88116675792937	0.0451271979049757	22.159585492228	0.954872802095024	0.801929918047992	6.08677472691231	0.801929918047988	
SRR6265795_filtp_woHU_1	210	3.75099852387382	0.0763578370142945	13.0962326737044	0.923642162985705	0.701500484575166	5.34710753071747	0.701500484575164	
SRR6265865_filtp_woHU_1	290	4.32141314338891	0.0455309494581013	21.9630825164369	0.954469050541899	0.762170000056589	5.66988092298052	0.762170000056587	
SRR6265866_filtp_woHU_1	479	5.39758875964047	0.0134114061627478	74.5633968478003	0.986588593837252	0.87457074017894	6.17170059741091	0.874570740178935	
SRR6266047_filtp_woHU_1	195	3.99721653491791	0.0739792387543254	13.5173058933583	0.926020761245675	0.75805364489859	5.27299955856375	0.75805364489859	
SRR6266108_filtp_woHU_1	318	4.5056304455878	0.0401127344184286	24.9297390092803	0.959887265581571	0.781949022366032	5.76205138278018	0.781949022366037	
SRR6266133_filtp_woHU_1	579	6.04960277962358	0.00379807692307691	263.291139240507	0.996201923076923	0.951000648208709	6.361302477573	0.951000648208705	
SRR6266134_filtp_woHU_1	476	5.61953831115743	0.00804451405312778	124.308316623698	0.991955485946872	0.911461062983859	6.16541785423142	0.911461062983862	
SRR6266221_filtp_woHU_1	356	4.99679099992963	0.0167368467314518	59.7484111580472	0.983263153268548	0.850527645149775	5.87493073085203	0.850527645149776	
SRR6266334_filtp_woHU_1	527	6.1082332515852	0.0028218220908358	354.380952380952	0.997178177909164	0.974635039085648	6.26720054854136	0.974635039085647	
SRR6266336_filtp_woHU_1	587	6.20657148025574	0.00263200952375578	379.937834941052	0.997367990476244	0.973576049610282	6.3750248198281	0.973576049610276	
SRR6266338_filtp_woHU_1	390	5.5307616873409	0.00664359332692815	150.520953163516	0.993356406673072	0.927024079222239	5.96614673912369	0.927024079222232	
SRR6266341_filtp_woHU_1	295	4.36521664599691	0.0505808046684583	19.7703458170485	0.949419195331542	0.76758142465495	5.68697535633982	0.767581424654955	
SRR6266357_filtp_woHU_1	380	5.0426561792353	0.020654183710946	48.4163409212844	0.979345816289054	0.848907542341629	5.94017125272043	0.84890754234164	
SRR6266358_filtp_woHU_1	606	5.98231207502192	0.00711832065949962	140.482572763208	0.9928816793405	0.933732501315687	6.40687998606931	0.933732501315689	
SRR6429832_filtp_woHU_1	142	4.90422970625884	0.00802974565879514	124.536945812808	0.991970254341205	0.989588548845085	4.95582705760126	0.989588548845083	
SRR6429834_filtp_woHU_1	137	4.82963416533368	0.00929292929292931	107.608695652174	0.990707070707071	0.981636766106113	4.91998092582813	0.98163676610611	
shotgun_illumina_1st_ARH_ECA53_filtp_woHU_1	342	5.77081527402201	0.00350909655632726	284.973634651602	0.996490903443673	0.989032127017575	5.8348107370626	0.989032127017583	
shotgun_illumina_1st_COP_ECA53_filtp_woHU_1	331	5.58864516486238	0.00558124113540499	179.171617161715	0.994418758864595	0.96320771195903	5.80211837537706	0.963207711959028	
shotgun_illumina_1st_DEH_ECA53_filtp_woHU_1	373	5.66329053424558	0.00508940727136502	196.486535008976	0.994910592728635	0.95638191929682	5.92157841964382	0.95638191929681	
shotgun_illumina_1st_DEP_ECA53_filtp_woHU_1	369	5.81309689018719	0.00356602380491073	280.424375917769	0.996433976195089	0.983470966819364	5.91079664404053	0.983470966819361	
shotgun_illumina_2nd_BARR2_ECA53_filtp_woHU_1	387	5.87698804868599	0.00339845734124385	294.251155624038	0.996601542658756	0.98633252100357	5.95842469302978	0.986332521003574	
shotgun_illumina_2nd_PRH_ECA55_filtp_woHU_1	454	6.06328029379103	0.00254517493271816	392.900302114807	0.997454825067282	0.991040203763374	6.11809719804135	0.991040203763385	
shotgun_illumina_2nd_PRP_ECA55_filtp_woHU_1	340	5.27606611864672	0.0164629695821032	60.7423827768652	0.983537030417897	0.905149312545798	5.82894561761021	0.905149312545798	
shotgun_illumina_3rd_ARH_ECA55_filtp_woHU_1	854	6.33970336723519	0.00370931440443216	269.591598599765	0.996290685595568	0.939224887665392	6.74993119378857	0.939224887665376	
shotgun_illumina_3rd_COP_ECA55_filtp_woHU_1	994	6.67527837958548	0.00177112715797107	564.612199355329	0.998228872842029	0.967188141146163	6.90173720665657	0.967188141146168	
shotgun_illumina_3rd_DEP_ECA55_filtp_woHU_1	1079	6.77600101795444	0.00185385718913416	539.415876185719	0.998146142810866	0.970246964995028	6.98378996525813	0.970246964995027	
unifrac.S3.57.TruB.unifrac	Richness R	Shannon H	Simpson λ	Simpson dominance 1/λ	Gini 1-λ	Pielou J	Hmax	Efficiency η	
CS1_filtp_woHU_1	141	4.41818926455239	0.0261333711222116	38.2652507907817	0.973866628877788	0.892787155251286	4.94875989037817	0.892787155251288	
ERR4182668_filtp_woHU_1	480	5.25654496544252	0.0124793659520614	80.1322762583797	0.987520634047939	0.851429718648707	6.17378610390194	0.851429718648708	
ERR4182669_filtp_woHU_1	545	5.87586436365319	0.00564254628207339	177.224953063662	0.994357453717927	0.932560565482171	6.30078579466324	0.93256056548218	
ERR4182670_filtp_woHU_1	761	5.8997956554867	0.00679865406184901	147.087936950866	0.993201345938151	0.889242153599303	6.63463335786169	0.889242153599319	
ERR4182673_filtp_woHU_1	810	6.62657711723991	0.00148234345731349	674.607490636711	0.998517656542687	0.989479353424074	6.69703424766648	0.989479353424068	
ERR4183043_filtp_woHU_1	833	6.44603106634743	0.00255298735938479	391.697983275944	0.997447012640615	0.958512835672669	6.72503364216684	0.958512835672652	
ERR4183044_filtp_woHU_1	723	6.35547692998113	0.00263530070713434	379.463336875666	0.997364699292866	0.965377772444943	6.58340922215876	0.965377772444942	
ERR4183116_filtp_woHU_1	743	6.11065920493657	0.00475888133517281	210.133417828475	0.995241118664827	0.924359426541666	6.61069604471776	0.924359426541683	
ERR4183117_filtp_woHU_1	580	5.77684075059343	0.00730621280607387	136.869815668204	0.992693787193926	0.907876038985138	6.36302810354046	0.90787603898513	
ERR4183124_filtp_woHU_1	629	5.88988702792326	0.00535695223230881	186.673309119467	0.994643047767691	0.913992405384219	6.44413125670044	0.91399240538422	
ERR4183125_filtp_woHU_1	405	5.37205186900828	0.0103453458212225	96.661824290938	0.989654654178778	0.894762311309969	6.00388706710654	0.894762311309971	
ERR5891181_filtp_woHU_1	198	5.2433285529539	0.00571258680371214	175.052044609665	0.994287413196288	0.991502229845846	5.28826703069454	0.991502229845843	
ERR5891183_filtp_woHU_1	145	4.44114433544453	0.024821463995239	40.2877122877124	0.975178536004761	0.892381341920946	4.97673374242057	0.892381341920946	
ERR5891186_filtp_woHU_1	142	4.45956175570312	0.0204402353160121	48.9231158320687	0.979559764683988	0.899862263930907	4.95582705760126	0.899862263930907	
ERR5891188_filtp_woHU_1	251	5.49008912661464	0.00436071864643295	229.319999999999	0.995639281353567	0.993599834636778	5.52545293913178	0.993599834636774	
ERR5891191_filtp_woHU_1	206	5.28057016344803	0.00548204158790173	182.413793103447	0.994517958412098	0.991121038882497	5.32787616878958	0.991121038882493	
ERR5891194_filtp_woHU_1	307	5.54157261481222	0.00556250000000003	179.775280898876	0.9944375	0.967647973031406	5.7268477475872	0.967647973031405	
HTP3_filtp_woHU_1	153	5.00027047005339	0.00704020902888665	142.041237113402	0.992959790971113	0.994003016872398	5.03043792139244	0.994003016872394	
IA6_filtp_woHU_1	199	5.2037315977918	0.00635493076101607	157.358126721763	0.993645069238984	0.983078014605488	5.29330482472449	0.983078014605483	
RDP_CKDN230001569-1A_HT3KTDSX5_L3_filtp_woHU_1	437	4.93466842781442	0.0160758851722055	62.2049728079022	0.983924114827795	0.811632014607496	6.07993319509559	0.811632014607495	
RUP_CKDN230001570-1A_HT3KTDSX5_L3_filtp_woHU_1	690	5.91289094638762	0.00587268058981287	170.2799913441	0.994127319410187	0.904569361749674	6.5366915975913	0.904569361749667	
SRR13165308_filtp_woHU_1	1401	6.59407167100154	0.0038331288219286	260.883483560268	0.996166871178071	0.910162163328351	7.24494154633701	0.910162163328362	
SRR17689980_filtp_woHU_1	310	5.5427982749864	0.00500431844739114	199.827411167513	0.994995681552609	0.966221288176226	5.73657229747919	0.966221288176228	
SRR17689983_filtp_woHU_1	280	5.23407285612383	0.01102332328099	90.7167443528145	0.98897667671901	0.928885233475259	5.63478960316925	0.928885233475255	
SRR17689995_filtp_woHU_1	187	4.81702289096027	0.012725	78.5854616895875	0.987275	0.920841688402314	5.23110861685459	0.920841688402312	
SRR17689998_filtp_woHU_1	279	5.1785601660061	0.0112879821696689	88.5897926634773	0.988712017830331	0.919617369519557	5.63121178182137	0.919617369519549	
SRR17689999_filtp_woHU_1	194	4.77695716939676	0.0159839287273998	62.5628415300545	0.9840160712726	0.906812033497528	5.26785815906333	0.906812033497528	
SRR17690002_filtp_woHU_1	270	5.2726754611511	0.0090433849097995	110.578064516129	0.9909566150902	0.94181458628289	5.59842195899838	0.941814586282885	
SRR20770298_filtp_woHU_1	422	5.92072400240845	0.00313789146100641	318.685337726523	0.996862108538994	0.979440661311085	6.04500531403601	0.979440661311093	
SRR20770299_filtp_woHU_1	409	5.59339477921758	0.00593725226006867	168.428080229226	0.994062747739931	0.930106370867455	6.0137151560428	0.930106370867457	
SRR24605825_filtp_woHU_1	712	6.05080896390022	0.00489354411360257	204.350870613448	0.995106455886397	0.921245004324171	6.56807791141198	0.921245004324185	
SRR24605827_filtp_woHU_1	1095	6.53506154481881	0.0026000472139721	384.608400426813	0.997399952786028	0.933779029947473	6.9985096422506	0.933779029947449	
SRR24605828_filtp_woHU_1	571	6.04333749045518	0.00347998177878156	287.357826439576	0.996520018221218	0.952098144739841	6.34738920965601	0.952098144739839	
SRR24605834_filtp_woHU_1	186	4.08367102605172	0.0375359938313501	26.6410955972824	0.96246400616865	0.781452160050848	5.2257466737132	0.78145216005085	
SRR24605835_filtp_woHU_1	897	6.45867089946864	0.002454274366366	407.452407809109	0.997545725633634	0.949936436838293	6.7990558620588	0.949936436838301	
SRR24605838_filtp_woHU_1	835	6.12980690553011	0.00430670805136713	232.195911139729	0.995693291948633	0.911165977781218	6.72743172485086	0.911165977781217	
SRR24605839_filtp_woHU_1	1025	6.68243965331503	0.001830816198705	546.204474653072	0.998169183801295	0.963936513888348	6.93244789157251	0.963936513888354	
SRR24605841_filtp_woHU_1	915	6.49324892023061	0.00219281687025471	456.03443386672	0.997807183129745	0.952239511405712	6.81892406527552	0.952239511405713	
SRR24605842_filtp_woHU_1	396	5.16811973437589	0.0152447596920108	65.5963111392344	0.984755240307989	0.864029734749297	5.98141421125448	0.864029734749301	
SRR5830676_filtp_woHU_1	497	5.80292765252716	0.00539610683567222	185.31879194631	0.994603893164328	0.934661111159805	6.20859002609663	0.93466111115982	
SRR5881985_filtp_woHU_1	1176	5.95356537774221	0.0145465064397736	68.7450285152842	0.985453493560226	0.842103447609789	7.06987412845857	0.842103447609811	
SRR5882128_filtp_woHU_1	319	5.61186804233281	0.00454858854866793	219.848418756815	0.995451411451332	0.973405381067425	5.76519110278484	0.973405381067428	
SRR5882551_filtp_woHU_1	453	5.31128341421619	0.0121920569592154	82.0206141871855	0.987807943040785	0.868439682264132	6.11589212548303	0.868439682264124	
SRR6263181_filtp_woHU_1	326	4.13032189371029	0.0719352299050716	13.9013943699024	0.928064770094928	0.71373684748749	5.78689738136671	0.713736847487495	
SRR6263202_filtp_woHU_1	513	5.52651987278223	0.00931061980936684	107.404235214713	0.990689380190633	0.885621086295263	6.24027584517077	0.885621086295264	
SRR6263206_filtp_woHU_1	625	4.9784871863771	0.0355553558994633	28.1251579319755	0.964444644100537	0.77332700253837	6.4377516497364	0.773327002538374	
SRR6263248_filtp_woHU_1	553	5.3937965691649	0.00935457993961623	106.8995087385	0.990645420060384	0.854076137546709	6.31535800152233	0.854076137546704	
SRR6263258_filtp_woHU_1	874	5.43462314004596	0.0277676413835511	36.0131415624078	0.972232358616449	0.802385744539458	6.77308037565554	0.802385744539448	
SRR6263259_filtp_woHU_1	409	4.18438247185376	0.0644592082600057	15.5136872914472	0.935540791739994	0.695806562711761	6.0137151560428	0.695806562711762	
SRR6263322_filtp_woHU_1	494	5.03955409025828	0.0274468971261974	36.4339908952959	0.972553102873803	0.812499029839186	6.20253551718792	0.812499029839188	
SRR6263654_filtp_woHU_1	472	5.25940676219236	0.0190443475580217	52.5090185921748	0.980955652441978	0.854218728780047	6.15697898558556	0.85421872878004	
SRR6263655_filtp_woHU_1	408	4.94106796829771	0.0283868163663335	35.2276207058567	0.971613183633667	0.821967785650365	6.01126717440416	0.821967785650369	
SRR6263736_filtp_woHU_1	366	4.96648524574183	0.0235199580749412	42.5170825906117	0.976480041925059	0.841401619449723	5.90263333340137	0.841401619449726	
SRR6263737_filtp_woHU_1	439	5.13553078983891	0.0255147928994083	39.1929499072356	0.974485207100592	0.844035053862115	6.08449941307517	0.84403505386212	
SRR6265700_filtp_woHU_1	462	5.13394901818675	0.0288886377643939	34.6156855216112	0.971111362235606	0.836752460339737	6.13556489108174	0.836752460339743	
SRR6265795_filtp_woHU_1	226	3.94675733939216	0.0634803076997741	15.7529167112647	0.936519692300226	0.728112140207935	5.42053499927229	0.728112140207932	
SRR6265865_filtp_woHU_1	282	4.44953165755935	0.0379332073093888	26.3621262458472	0.962066792690611	0.788657381557953	5.64190707093811	0.788657381557951	
SRR6265866_filtp_woHU_1	466	5.38806481527314	0.0125713366446137	79.5460362147297	0.987428663355386	0.876937178679481	6.14418563412565	0.876937178679488	
SRR6266047_filtp_woHU_1	224	4.31928797856324	0.0546134996658501	18.3104911078479	0.94538650033415	0.798146799915462	5.41164605185504	0.798146799915463	
SRR6266108_filtp_woHU_1	330	4.60098271703367	0.041032536849759	24.3709035992951	0.958967463150241	0.793397000390173	5.79909265446053	0.793397000390176	
SRR6266133_filtp_woHU_1	541	5.97128337645328	0.00431712602431937	231.635582182862	0.995682873975681	0.948813850131364	6.29341927884648	0.948813850131363	
SRR6266134_filtp_woHU_1	493	5.62863390823073	0.00860455033487065	116.217578035126	0.991395449665129	0.907769628306331	6.20050917404269	0.907769628306323	
SRR6266221_filtp_woHU_1	358	4.92249727602184	0.0184311537720789	54.2559631570588	0.981568846227921	0.837083524130481	5.8805329864007	0.837083524130485	
SRR6266334_filtp_woHU_1	516	6.102372591103	0.00276164625678575	362.102857142858	0.997238353743214	0.976988197644507	6.24610676548156	0.976988197644495	
SRR6266336_filtp_woHU_1	626	6.23184241873627	0.00300883476482418	332.354575163397	0.996991165235176	0.967775017601911	6.4393503711001	0.9677750176019	
SRR6266338_filtp_woHU_1	409	5.52938074628265	0.00748961674807035	133.51818038722	0.99251038325193	0.919461697604105	6.0137151560428	0.919461697604106	
SRR6266341_filtp_woHU_1	320	4.53315655800722	0.0424443654275415	23.5602532851419	0.957555634572459	0.785871063921853	5.76832099579377	0.785871063921857	
SRR6266357_filtp_woHU_1	404	5.1730827991667	0.016031779621291	62.3761069340019	0.983968220378709	0.861977201103641	6.00141487796115	0.861977201103638	
SRR6266358_filtp_woHU_1	635	6.0354882411534	0.0065648441157523	152.326541554963	0.993435155884248	0.935209009229536	6.45362499889269	0.935209009229533	
SRR6429832_filtp_woHU_1	131	4.7538466156315	0.0110301768990634	90.6603773584909	0.988969823100937	0.975108554685132	4.87519732320115	0.97510855468513	
SRR6429834_filtp_woHU_1	112	4.62406550970847	0.0118382308755484	84.4720812182739	0.988161769124452	0.979986566880178	4.71849887129509	0.97998656688018	
shotgun_illumina_1st_ARH_ECA53_filtp_woHU_1	369	5.83645329623328	0.00329817812335294	303.19769357496	0.996701821876647	0.987422448735027	5.91079664404053	0.987422448735025	
shotgun_illumina_1st_COP_ECA53_filtp_woHU_1	344	5.63929201386985	0.00492304234507978	203.126426690078	0.99507695765492	0.965526109062117	5.8406416573734	0.965526109062125	
shotgun_illumina_1st_DEH_ECA53_filtp_woHU_1	394	5.74588193839712	0.0045488696127314	219.834834834834	0.995451130387269	0.961436506256309	5.97635090929793	0.96143650625632	
shotgun_illumina_1st_DEP_ECA53_filtp_woHU_1	385	5.87795128285734	0.00323424910402557	309.19077901431	0.996765750895974	0.987352767692729	5.95324333428778	0.987352767692734	
shotgun_illumina_2nd_BARR2_ECA53_filtp_woHU_1	391	5.91440908570498	0.00297116407080754	336.568421052631	0.997028835929192	0.990902808734607	5.96870755998537	0.9909028087346	
shotgun_illumina_2nd_PRH_ECA55_filtp_woHU_1	459	6.06822099376324	0.00254564701561593	392.827439886848	0.997454352984384	0.990075262200095	6.12905021006055	0.990075262200086	
shotgun_illumina_2nd_PRP_ECA55_filtp_woHU_1	377	5.32117011407278	0.0224631421256337	44.5173695828979	0.977536857874366	0.896990927706732	5.93224518744801	0.896990927706738	
shotgun_illumina_3rd_ARH_ECA55_filtp_woHU_1	817	6.28148639832529	0.0040140246246316	249.126523505515	0.995985975375368	0.936746864760463	6.70563909486	0.936746864760452	
shotgun_illumina_3rd_COP_ECA55_filtp_woHU_1	948	6.59326701624135	0.00216860925118974	461.125027227189	0.99783139074881	0.961909252588588	6.85435450225502	0.961909252588574	
shotgun_illumina_3rd_DEP_ECA55_filtp_woHU_1	1098	6.80569251062728	0.00168639829138029	592.979727927451	0.99831360170862	0.972068811466096	7.00124562206948	0.972068811466089	
unifrac.S3.58.tsf.unifrac	Richness R	Shannon H	Simpson λ	Simpson dominance 1/λ	Gini 1-λ	Pielou J	Hmax	Efficiency η	
CS1_filtp_woHU_1	152	4.72412863146902	0.0134899847083226	74.129068462402	0.986510015291677	0.940334590336404	5.02388052084628	0.940334590336405	
ERR4182668_filtp_woHU_1	435	5.0788855839239	0.0154838863211789	64.5832692941046	0.984516113678821	0.835982931331696	6.07534603108868	0.835982931331695	
ERR4182669_filtp_woHU_1	515	5.74195272783032	0.00734509003720045	136.14536989136	0.9926549099628	0.919570667981339	6.24416690066374	0.919570667981337	
ERR4182670_filtp_woHU_1	611	5.54560119650965	0.0106597467734897	93.8108588551985	0.98934025322651	0.864461009990062	6.4150969591716	0.864461009990063	
ERR4182673_filtp_woHU_1	789	6.5658259846364	0.00171784457555014	582.124840764334	0.99828215542445	0.984268623549061	6.67076632084587	0.984268623549085	
ERR4183043_filtp_woHU_1	738	6.31786989744703	0.00286549707602337	348.979591836737	0.997134502923977	0.956681350606317	6.60394382460047	0.956681350606312	
ERR4183044_filtp_woHU_1	694	6.31644274190266	0.00259351034948348	385.577794281468	0.997406489650516	0.965452015695512	6.5424719605068	0.965452015695512	
ERR4183116_filtp_woHU_1	636	5.72715123582542	0.00812845538296364	123.024603431532	0.991871544617036	0.88721534738693	6.45519856334012	0.887215347386925	
ERR4183117_filtp_woHU_1	516	5.67583241302091	0.00762787502185309	131.098110172899	0.992372124978147	0.908699230757275	6.24610676548156	0.908699230757268	
ERR4183124_filtp_woHU_1	581	5.76520030423839	0.00635585857954029	157.335155822855	0.99364414142046	0.905801424829074	6.36475075685191	0.905801424829087	
ERR4183125_filtp_woHU_1	381	5.2280854552354	0.0116342091781808	85.9534141671988	0.988365790821819	0.879734469434943	5.9427993751267	0.879734469434946	
ERR5891181_filtp_woHU_1	183	5.13458781379477	0.00667100918667594	149.902356902357	0.993328990813324	0.985622701193707	5.20948615284142	0.985622701193703	
ERR5891183_filtp_woHU_1	125	4.17545560479081	0.0333518005540166	29.983388704319	0.966648199445983	0.864785478319754	4.8283137373023	0.864785478319754	
ERR5891186_filtp_woHU_1	123	4.15308587559474	0.0356741160936965	28.0315284441398	0.964325883906303	0.863035488438458	4.81218435537242	0.863035488438461	
ERR5891188_filtp_woHU_1	199	5.2588708006386	0.00547091995623263	182.784615384616	0.994529080043767	0.993494796686362	5.29330482472449	0.993494796686364	
ERR5891191_filtp_woHU_1	213	5.33106408967726	0.00506616257088849	197.388059701492	0.994933837429111	0.994361792810789	5.36129216570943	0.994361792810785	
ERR5891194_filtp_woHU_1	274	5.4293567237387	0.00573921028466485	174.24	0.994260789715335	0.9672604331905	5.61312810638807	0.967260433190495	
HTP3_filtp_woHU_1	157	5.01699885731808	0.00707910126192674	141.260869565217	0.992920898738073	0.992237927201103	5.05624580534831	0.992237927201104	
IA6_filtp_woHU_1	181	5.02521106080246	0.0084320168640337	118.595588235294	0.991567983135966	0.966666140343803	5.19849703126583	0.966666140343809	
RDP_CKDN230001569-1A_HT3KTDSX5_L3_filtp_woHU_1	459	4.91629671524405	0.016700117624096	59.8798177659021	0.983299882375904	0.80213027251338	6.12905021006055	0.802130272513381	
RUP_CKDN230001570-1A_HT3KTDSX5_L3_filtp_woHU_1	709	5.88479822556739	0.00728056182107365	137.352037463028	0.992719438178926	0.896545970852058	6.56385552653213	0.896545970852052	
SRR13165308_filtp_woHU_1	1284	6.48194689323231	0.00386275528348825	258.882566098506	0.996137244716512	0.905586258041441	7.15773548424991	0.905586258041443	
SRR17689980_filtp_woHU_1	302	5.48109816863325	0.00605700769455441	165.098023715416	0.993942992305446	0.95984033277304	5.71042701737487	0.959840332773038	
SRR17689983_filtp_woHU_1	296	5.31672764778462	0.0102245398047836	97.8039128501554	0.989775460195216	0.934339507101697	5.69035945432406	0.934339507101704	
SRR17689995_filtp_woHU_1	224	4.9318359365016	0.0130350474001724	76.7162534435261	0.986964952599828	0.911337491263131	5.41164605185504	0.911337491263127	
SRR17689998_filtp_woHU_1	253	5.08396804638926	0.0107622898580991	92.9170291067249	0.989237710141901	0.918780081674386	5.53338948872752	0.918780081674383	
SRR17689999_filtp_woHU_1	171	4.57274358990321	0.022581813790605	44.283422459893	0.977418186209395	0.889350993049723	5.14166355650266	0.889350993049726	
SRR17690002_filtp_woHU_1	282	5.34051382493617	0.00799601496463802	125.062297209604	0.992003985035362	0.94657954443198	5.64190707093811	0.946579544431987	
SRR20770298_filtp_woHU_1	404	5.86722776607572	0.00333027328578489	300.275657336727	0.996669726714215	0.977640753953171	6.00141487796115	0.977640753953172	
SRR20770299_filtp_woHU_1	382	5.41960685484334	0.00973060469418429	102.768536121673	0.990269395305816	0.911559872988285	5.94542060860658	0.911559872988286	
SRR24605825_filtp_woHU_1	599	5.89413181035649	0.00495704951271489	201.732905316961	0.995042950487285	0.921640455191602	6.39526159811545	0.921640455191591	
SRR24605827_filtp_woHU_1	954	6.46204877484079	0.00249529357947265	400.754447583413	0.997504706420527	0.941898493251259	6.86066367144829	0.941898493251278	
SRR24605828_filtp_woHU_1	571	6.0394299058626	0.00345299338571995	289.603798297314	0.99654700661428	0.951482523976169	6.34738920965601	0.95148252397616	
SRR24605834_filtp_woHU_1	167	4.18792569419715	0.0324571397569445	30.8098620977852	0.967542860243056	0.818274864662171	5.11799381241676	0.818274864662173	
SRR24605835_filtp_woHU_1	740	6.27977824867218	0.00284524305311445	351.463822714683	0.997154756946886	0.95052380127392	6.60665018619822	0.950523801273921	
SRR24605838_filtp_woHU_1	759	5.99559180779783	0.00534448326665226	187.108827945941	0.994655516733348	0.904039535730082	6.63200177739563	0.904039535730074	
SRR24605839_filtp_woHU_1	887	6.53898577864034	0.00201812156898573	495.510288065837	0.997981878431014	0.963337524012729	6.78784498230958	0.963337524012715	
SRR24605841_filtp_woHU_1	831	6.35277504584619	0.00279955207166855	357.199999999998	0.997200447928331	0.944983620949603	6.72262979485545	0.944983620949586	
SRR24605842_filtp_woHU_1	399	5.09431980177179	0.0181562893824292	55.0773332004585	0.981843710617571	0.85061823697928	5.98896141688986	0.850618236979279	
SRR5830676_filtp_woHU_1	453	5.56448817656793	0.00795301522006505	125.738474318149	0.992046984779935	0.909840798758112	6.11589212548303	0.90984079875811	
SRR5881985_filtp_woHU_1	1056	5.68937723662998	0.0226908838704806	44.0705618039382	0.977309116129519	0.817175852271006	6.96224346426621	0.817175852271027	
SRR5882128_filtp_woHU_1	334	5.6724496759429	0.00414033367763168	241.526427061311	0.995859666322368	0.976133548092978	5.8111409929767	0.976133548092982	
SRR5882551_filtp_woHU_1	423	5.16396907890383	0.0176858536064222	56.5423655682003	0.982314146393578	0.85391950850927	6.04737217904628	0.853919508509265	
SRR6263181_filtp_woHU_1	301	3.83683053495018	0.130887544967535	7.64014635806665	0.869112455032465	0.672289540058327	5.70711026474888	0.672289540058326	
SRR6263202_filtp_woHU_1	443	5.45639188674847	0.00805422888432608	124.158378705384	0.991945771115674	0.895434382908207	6.09356977004514	0.895434382908208	
SRR6263206_filtp_woHU_1	567	4.64050833319147	0.0749737574990617	13.3380002998051	0.925026242500938	0.731899898869002	6.34035930372775	0.731899898869009	
SRR6263248_filtp_woHU_1	480	5.40297817164708	0.00832017654024184	120.189757412399	0.991679823459758	0.875148260843101	6.17378610390194	0.875148260843101	
SRR6263258_filtp_woHU_1	797	4.86551080569379	0.0618975257578231	16.1557346235865	0.938102474242177	0.728276701054489	6.68085467879022	0.728276701054491	
SRR6263259_filtp_woHU_1	396	3.94520734831657	0.118432995592466	8.4435928940027	0.881567004407534	0.659577686643631	5.98141421125448	0.659577686643626	
SRR6263322_filtp_woHU_1	512	4.76025473834441	0.0607727083496239	16.4547545626406	0.939227291650376	0.763066211597518	6.23832462503951	0.763066211597522	
SRR6263654_filtp_woHU_1	467	5.191677116875	0.0219592858357591	45.5388215937137	0.978040714164241	0.844679303569239	6.1463292576689	0.844679303569239	
SRR6263655_filtp_woHU_1	347	4.51921993308331	0.065301366106998	15.3136153133684	0.934698633893002	0.772605403717105	5.84932477994686	0.772605403717099	
SRR6263736_filtp_woHU_1	332	4.68788494787616	0.0336618786307852	29.7071952212869	0.966338121369215	0.807541077507651	5.80513496891649	0.807541077507649	
SRR6263737_filtp_woHU_1	402	4.92785649060062	0.0369173237476802	27.087553985081	0.96308267625232	0.821795357950655	5.99645208861902	0.821795357950653	
SRR6265700_filtp_woHU_1	438	5.01664941778316	0.0347391351455388	28.7859785746111	0.965260864854461	0.824805797309369	6.08221891037645	0.824805797309361	
SRR6265795_filtp_woHU_1	238	3.69180397074556	0.125175476074219	7.98878527457792	0.874824523925781	0.674638407143819	5.47227067367148	0.67463840714382	
SRR6265865_filtp_woHU_1	277	4.06284976999836	0.0804863083901667	12.4244734291003	0.919513691609833	0.722410583809272	5.62401750618734	0.722410583809272	
SRR6265866_filtp_woHU_1	431	5.15809441586936	0.0218239754541523	45.8211659053958	0.978176024545848	0.850313634253283	6.06610809010375	0.850313634253283	
SRR6266047_filtp_woHU_1	240	4.07748790387366	0.0979141601852219	10.2130273916288	0.902085839814778	0.743980393692363	5.48063892334199	0.743980393692358	
SRR6266108_filtp_woHU_1	311	4.3129965763441	0.070883583042193	14.107638991736	0.929116416957807	0.751420241519929	5.73979291217923	0.751420241519929	
SRR6266133_filtp_woHU_1	514	5.91880172370779	0.00494247209537456	202.327900027166	0.995057527904625	0.948188084918845	6.24222326545517	0.948188084918839	
SRR6266134_filtp_woHU_1	431	5.42730705429203	0.0110999970866149	90.0901137357835	0.988900002913385	0.894693430066989	6.06610809010375	0.894693430066985	
SRR6266221_filtp_woHU_1	303	4.85906247068907	0.0167569109737887	59.6768701322224	0.983243089026211	0.850418218017441	5.71373280550937	0.850418218017439	
SRR6266334_filtp_woHU_1	582	6.22379118673456	0.00245240763180742	407.762554246743	0.997547592368193	0.977588954167263	6.36647044773144	0.977588954167265	
SRR6266336_filtp_woHU_1	558	6.14612759742608	0.00289885113786972	344.964247020587	0.99710114886213	0.971818271857213	6.32435896238131	0.971818271857211	
SRR6266338_filtp_woHU_1	414	5.51341629144027	0.00704588417253822	141.926829268293	0.992954115827462	0.914958333854257	6.02586597382531	0.914958333854258	
SRR6266341_filtp_woHU_1	312	4.3297035229	0.0613607471984164	16.2970636059303	0.938639252801584	0.753909301685666	5.74300318780948	0.753909301685663	
SRR6266357_filtp_woHU_1	370	5.07218579799674	0.0182131357270597	54.905427323768	0.98178686427294	0.85772946985241	5.91350300563827	0.857729469852409	
SRR6266358_filtp_woHU_1	562	6.00174387074096	0.00474034597816097	210.955066277241	0.995259654021839	0.947917889472264	6.33150184989369	0.947917889472273	
SRR6429832_filtp_woHU_1	186	5.16870543071035	0.00639177239523261	156.451127819549	0.993608227604767	0.989084575551703	5.2257466737132	0.98908457555171	
SRR6429834_filtp_woHU_1	171	5.04826940877797	0.00775593290216187	128.933554817276	0.992244067097838	0.981835811173102	5.14166355650266	0.981835811173104	
shotgun_illumina_1st_ARH_ECA53_filtp_woHU_1	321	5.6841172389598	0.00404674945215484	247.111913357402	0.995953250547845	0.984869656935379	5.77144112313002	0.984869656935383	
shotgun_illumina_1st_COP_ECA53_filtp_woHU_1	288	5.38411769234883	0.00752478150904077	132.89422407794	0.992475218490959	0.9507602447933	5.66296048013595	0.950760244793294	
shotgun_illumina_1st_DEH_ECA53_filtp_woHU_1	376	5.64548994738282	0.00524705079558733	190.583251231526	0.994752949204413	0.952087878411647	5.92958914338989	0.952087878411646	
shotgun_illumina_1st_DEP_ECA53_filtp_woHU_1	330	5.73484820122218	0.00364799999999999	274.122807017545	0.996352	0.988921637044559	5.79909265446053	0.988921637044555	
shotgun_illumina_2nd_BARR2_ECA53_filtp_woHU_1	342	5.77687919869929	0.00338838929114378	295.125475285173	0.996611610708856	0.990071393747986	5.8348107370626	0.990071393747987	
shotgun_illumina_2nd_PRH_ECA55_filtp_woHU_1	435	6.01570700442738	0.00268673619784658	372.198804185354	0.997313263802153	0.99018343541979	6.07534603108868	0.990183435419788	
shotgun_illumina_2nd_PRP_ECA55_filtp_woHU_1	358	5.19949867478661	0.0259916849574981	38.473842755297	0.974008315042502	0.884188335787071	5.8805329864007	0.884188335787073	
shotgun_illumina_3rd_ARH_ECA55_filtp_woHU_1	892	6.38641898443944	0.00351482115181994	284.509497583457	0.99648517884818	0.940082552824035	6.79346613258001	0.94008255282406	
shotgun_illumina_3rd_COP_ECA55_filtp_woHU_1	994	6.67807754052632	0.00178516762099017	560.171486555046	0.99821483237901	0.967593714533996	6.90173720665657	0.967593714534005	
shotgun_illumina_3rd_DEP_ECA55_filtp_woHU_1	1082	6.75690846530509	0.00201160313420457	497.11594846735	0.997988396865795	0.967128632435445	6.98656645940643	0.967128632435478	
unifrac.S3.59.uS11_bact.unifrac	Richness R	Shannon H	Simpson λ	Simpson dominance 1/λ	Gini 1-λ	Pielou J	Hmax	Efficiency η	
CS1_filtp_woHU_1	147	4.47232395592786	0.020700846454103	48.3072033898303	0.979299153545897	0.89617961532563	4.99043258677874	0.896179615325631	
ERR4182668_filtp_woHU_1	433	5.00589092978101	0.0173830861984683	57.5271841019871	0.982616913801532	0.824593509729524	6.07073772800249	0.82459350972952	
ERR4182669_filtp_woHU_1	559	5.78198024241563	0.00717726933554751	139.32875488554	0.992822730664452	0.913980971671845	6.3261494731551	0.913980971671858	
ERR4182670_filtp_woHU_1	611	5.51760003988683	0.011401755003918	87.7057961389604	0.988598244996082	0.860096125592986	6.4150969591716	0.860096125592997	
ERR4182673_filtp_woHU_1	760	6.48497616246305	0.00197145988415475	507.238320209971	0.998028540115845	0.977636793362268	6.63331843328038	0.977636793362271	
ERR4183043_filtp_woHU_1	767	6.30880426106955	0.00310153807082423	322.420675537363	0.996898461929176	0.94976541914558	6.64248680136726	0.949765419145578	
ERR4183044_filtp_woHU_1	702	6.2937543802719	0.00277744233788192	360.043478260867	0.997222557662118	0.960301851161	6.55393340402581	0.960301851161017	
ERR4183116_filtp_woHU_1	556	5.5896565557666	0.00796694513929564	125.518625083492	0.992033054860704	0.884331824163053	6.32076829425058	0.884331824163052	
ERR4183117_filtp_woHU_1	451	5.39309940331332	0.0115226403061225	86.7856648678565	0.988477359693878	0.882455735049741	6.11146733950268	0.882455735049739	
ERR4183124_filtp_woHU_1	581	5.71291322454199	0.00688647940214155	145.212080310444	0.993113520597858	0.897586322353913	6.36475075685191	0.89758632235391	
ERR4183125_filtp_woHU_1	349	5.15657611152997	0.0114346038947912	87.4538382965349	0.988565396105209	0.880702437142785	5.85507192220243	0.880702437142787	
ERR5891181_filtp_woHU_1	215	5.28528193014292	0.00576889458656255	173.343434343435	0.994231105413437	0.984106898000256	5.37063802812766	0.984106898000261	
ERR5891183_filtp_woHU_1	157	4.62346393077669	0.0174428317331787	57.3301408450705	0.982557168266821	0.914406480374463	5.05624580534831	0.914406480374463	
ERR5891186_filtp_woHU_1	153	4.48689298963462	0.0211263399922363	47.3342756183746	0.978873660007764	0.891948784529009	5.03043792139244	0.891948784529008	
ERR5891188_filtp_woHU_1	259	5.51393419867333	0.00430987386031151	232.025352112677	0.995690126139688	0.992280872729921	5.55682806169954	0.99228087272992	
ERR5891191_filtp_woHU_1	227	5.37134701234963	0.00502958579881657	198.823529411764	0.994970414201183	0.990119170691151	5.4249500174814	0.990119170691146	
ERR5891194_filtp_woHU_1	322	5.48313736469928	0.0066639570526173	150.060991105464	0.993336042947383	0.949534751132323	5.77455154554441	0.949534751132318	
HTP3_filtp_woHU_1	172	5.10467517176461	0.00648199445983378	154.273504273505	0.993518005540166	0.991681524819169	5.14749447681345	0.991681524819165	
IA6_filtp_woHU_1	141	4.53361651719118	0.0223065446038792	44.829892650702	0.977693455396121	0.91611163556467	4.94875989037817	0.91611163556467	
RDP_CKDN230001569-1A_HT3KTDSX5_L3_filtp_woHU_1	470	4.70196629596485	0.0210025181621766	47.6133381853656	0.978997481837823	0.764207796644898	6.1527326947041	0.764207796644902	
RUP_CKDN230001570-1A_HT3KTDSX5_L3_filtp_woHU_1	824	5.98422132489728	0.00684354731365326	146.123049080839	0.993156452686347	0.891282295890386	6.71417052990947	0.891282295890387	
SRR13165308_filtp_woHU_1	1325	6.46872902002215	0.00445194202577976	224.621074176016	0.99554805797422	0.899788300313538	7.18916773842032	0.899788300313545	
SRR17689980_filtp_woHU_1	307	5.43873753053796	0.0062010411378861	161.263242375601	0.993798958862114	0.949691308421702	5.7268477475872	0.949691308421707	
SRR17689983_filtp_woHU_1	263	5.16558790386526	0.0109690729245336	91.1654072208223	0.989030927075466	0.927036093050427	5.57215403217776	0.927036093050426	
SRR17689995_filtp_woHU_1	197	4.79104032790976	0.0142509213743979	70.1709014966936	0.985749078625602	0.906843758806592	5.28320372873799	0.906843758806596	
SRR17689998_filtp_woHU_1	278	5.17975126240247	0.0101025399196615	98.985008517888	0.989897460080339	0.9204157774235	5.62762111369064	0.920415777423494	
SRR17689999_filtp_woHU_1	187	4.64431664696963	0.0208333333333333	48.0000000000001	0.979166666666667	0.887826460342589	5.23110861685459	0.887826460342592	
SRR17690002_filtp_woHU_1	263	5.16548581348663	0.0104477052529001	95.714798206278	0.9895522947471	0.927017771521977	5.57215403217776	0.927017771521979	
SRR20770298_filtp_woHU_1	372	5.74085062035992	0.00397504616909147	251.569405099151	0.996024953830908	0.969919508898662	5.91889385427315	0.969919508898661	
SRR20770299_filtp_woHU_1	355	5.39836226076301	0.00887336140225147	112.696863642482	0.991126638597749	0.919321180927005	5.87211778947542	0.919321180927001	
SRR24605825_filtp_woHU_1	593	5.32597220734458	0.0257426888520251	38.8459809209609	0.974257311147975	0.834112773164838	6.38519439899773	0.834112773164828	
SRR24605827_filtp_woHU_1	1010	6.44104978718636	0.00272595759100209	366.843564735132	0.997274042408998	0.931096255097752	6.9177056098353	0.931096255097736	
SRR24605828_filtp_woHU_1	514	5.46549676388697	0.0228174204998178	43.8261634354323	0.977182579500182	0.875568932968699	6.24222326545517	0.875568932968696	
SRR24605834_filtp_woHU_1	213	4.69885632374487	0.0159464489795918	62.7098861495618	0.984053551020408	0.876441010582959	5.36129216570943	0.87644101058296	
SRR24605835_filtp_woHU_1	841	6.38947717640661	0.00246730353465687	405.300760913095	0.997532696465343	0.94875495041258	6.73459165997295	0.948754950412576	
SRR24605838_filtp_woHU_1	820	6.02538451491518	0.00526206812622348	190.039348790736	0.994737931873777	0.898063973452606	6.7093043402583	0.898063973452601	
SRR24605839_filtp_woHU_1	928	6.54190056885689	0.00223840373461931	446.746931544981	0.997761596265381	0.957393558918744	6.8330317327862	0.957393558918725	
SRR24605841_filtp_woHU_1	891	6.41999271209884	0.00261990339049013	381.69346382384	0.99738009660951	0.94518067813728	6.79234442747081	0.945180678137272	
SRR24605842_filtp_woHU_1	403	4.74750723591895	0.0362424901016226	27.5919231045118	0.963757509898377	0.791391471954216	5.99893656194668	0.79139147195422	
SRR5830676_filtp_woHU_1	417	5.47207540851504	0.00851754155932974	117.404769091457	0.99148245844067	0.907010973710817	6.0330862217988	0.907010973710819	
SRR5881985_filtp_woHU_1	985	5.70907975753995	0.0159643622215227	62.6395208354661	0.984035637778477	0.828286171652633	6.89264164117209	0.828286171652631	
SRR5882128_filtp_woHU_1	299	5.505326724046	0.00526217506428088	190.035486806188	0.994737824935719	0.965771637446692	5.70044357339069	0.965771637446693	
SRR5882551_filtp_woHU_1	423	5.19447204912784	0.0132564104011545	75.4352022711146	0.986743589598845	0.858963512635509	6.04737217904628	0.858963512635513	
SRR6263181_filtp_woHU_1	292	4.15516441982885	0.0676584022038569	14.7801302931596	0.932341597796143	0.731961357592882	5.67675380226828	0.731961357592876	
SRR6263202_filtp_woHU_1	478	5.28468024578097	0.0127405960421174	78.4892635080993	0.987259403957883	0.856566236496881	6.16961073249146	0.85656623649688	
SRR6263206_filtp_woHU_1	558	4.75566226986969	0.048320614021666	20.6951012574389	0.951679385978334	0.751959573793554	6.32435896238131	0.751959573793553	
SRR6263248_filtp_woHU_1	439	5.2666099324551	0.00947743163727396	105.513818328911	0.990522568362726	0.86557818070251	6.08449941307517	0.865578180702513	
SRR6263258_filtp_woHU_1	795	5.08345051877452	0.0331613572921489	30.1555811238388	0.966838642707851	0.761184502306323	6.67834211465433	0.761184502306325	
SRR6263259_filtp_woHU_1	385	4.13447499884701	0.0815268437229219	12.2658986210556	0.918473156277078	0.694491181812517	5.95324333428778	0.694491181812517	
SRR6263322_filtp_woHU_1	481	4.8881287373094	0.0400469904737494	24.9706654150577	0.959953009526251	0.791488632045309	6.17586727010576	0.791488632045304	
SRR6263654_filtp_woHU_1	449	5.17161279191842	0.0181796763593527	55.0064797762774	0.981820323640647	0.846830425721616	6.10702288774225	0.846830425721614	
SRR6263655_filtp_woHU_1	357	4.81711743084099	0.0313357598588857	31.9124222454888	0.968664240141114	0.819553244596933	5.87773578177964	0.819553244596928	
SRR6263736_filtp_woHU_1	345	4.88663091035692	0.0214726270233262	46.5709202192017	0.978527372976674	0.836244334194593	5.84354441703136	0.83624433419459	
SRR6263737_filtp_woHU_1	392	5.03631756227925	0.0209245048487838	47.7908560908251	0.979075495151216	0.843426012357881	5.97126183979046	0.843426012357882	
SRR6265700_filtp_woHU_1	372	4.89229833935558	0.0290207939508509	34.4580510682645	0.970979206049149	0.826556187660569	5.91889385427315	0.82655618766057	
SRR6265795_filtp_woHU_1	207	3.68675321050381	0.0858931300048636	11.6423746572441	0.914106869995136	0.691345888172422	5.33271879326537	0.691345888172419	
SRR6265865_filtp_woHU_1	280	4.34873936236978	0.0458260216048513	21.8216629979971	0.954173978395149	0.77176605847428	5.63478960316925	0.771766058474281	
SRR6265866_filtp_woHU_1	420	5.20500108458396	0.015637752417894	63.9478086924893	0.984362247582106	0.861718807133414	6.04025471127741	0.861718807133418	
SRR6266047_filtp_woHU_1	228	4.07188878753849	0.0717452668694356	13.9382016909887	0.928254733130564	0.749977817920321	5.42934562895444	0.749977817920321	
SRR6266108_filtp_woHU_1	308	4.53241438579833	0.0393672016273753	25.4018563337409	0.960632798372625	0.790983500717728	5.73009978297357	0.790983500717724	
SRR6266133_filtp_woHU_1	488	5.80371455138558	0.00645637794599773	154.885604337939	0.993543622054002	0.937547470666514	6.19031540585315	0.937547470666521	
SRR6266134_filtp_woHU_1	469	5.47358750403457	0.00895091117398023	111.720469632962	0.99104908882602	0.88992700554734	6.15060276844628	0.889927005547337	
SRR6266221_filtp_woHU_1	299	4.90517852051885	0.0152940887802455	65.3847387947457	0.984705911219755	0.860490671886644	5.70044357339069	0.860490671886645	
SRR6266334_filtp_woHU_1	557	6.04655502976488	0.00409524258138745	244.185779017077	0.995904757418613	0.956345217536169	6.32256523992728	0.956345217536166	
SRR6266336_filtp_woHU_1	518	6.06894814732816	0.00306771468889966	325.975555555554	0.9969322853111	0.971035550075895	6.24997524225948	0.971035550075912	
SRR6266338_filtp_woHU_1	414	5.58008675976521	0.00618197092556069	161.760709010339	0.993818029074439	0.926022381513886	6.02586597382531	0.926022381513883	
SRR6266341_filtp_woHU_1	265	4.36126348767081	0.0403091549536612	24.8082600875554	0.959690845046339	0.781626283652533	5.57972982598622	0.781626283652531	
SRR6266357_filtp_woHU_1	340	4.95761740923858	0.019438597272805	51.4440412528645	0.980561402727195	0.850517011903628	5.82894561761021	0.850517011903627	
SRR6266358_filtp_woHU_1	532	5.86603069179218	0.00618003167870281	161.811468288444	0.993819968321297	0.934580831578738	6.27664348934164	0.934580831578727	
SRR6429832_filtp_woHU_1	164	4.98006473798731	0.00867258443016018	115.305882352941	0.99132741556984	0.976508857333348	5.0998664278242	0.976508857333349	
SRR6429834_filtp_woHU_1	136	4.81791190132364	0.00945312499999998	105.785123966942	0.990546875	0.980714504353339	4.91265488573605	0.980714504353341	
shotgun_illumina_1st_ARH_ECA53_filtp_woHU_1	352	5.76982303824463	0.00358766097129874	278.73313782991	0.996412339028701	0.984001698854482	5.8636311755981	0.984001698854484	
shotgun_illumina_1st_COP_ECA53_filtp_woHU_1	299	5.43808090447127	0.00638106482262324	156.713656387666	0.993618935177377	0.953975043250298	5.70044357339069	0.953975043250299	
shotgun_illumina_1st_DEH_ECA53_filtp_woHU_1	335	5.52102080765722	0.00586302154241632	170.560519480519	0.994136978457584	0.949586662603558	5.81413053182507	0.949586662603549	
shotgun_illumina_1st_DEP_ECA53_filtp_woHU_1	373	5.85046770842106	0.00323089087757698	309.512155591573	0.996769109122423	0.987991257366979	5.92157841964382	0.987991257366971	
shotgun_illumina_2nd_BARR2_ECA53_filtp_woHU_1	371	5.82329537985464	0.00350162740833292	285.581497797359	0.996498372591667	0.984296228937143	5.91620206260743	0.984296228937153	
shotgun_illumina_2nd_PRH_ECA55_filtp_woHU_1	497	6.11722473432492	0.00260289806613034	384.187153931338	0.99739710193387	0.985284051388854	6.20859002609663	0.98528405138884	
shotgun_illumina_2nd_PRP_ECA55_filtp_woHU_1	358	5.25557965256527	0.0229795145620063	43.5170202269361	0.977020485437994	0.893725052596304	5.8805329864007	0.893725052596301	
shotgun_illumina_3rd_ARH_ECA55_filtp_woHU_1	866	6.31227817281543	0.00388599891601468	257.334091339778	0.996114001083985	0.93323264043489	6.76388490856244	0.933232640434887	
shotgun_illumina_3rd_COP_ECA55_filtp_woHU_1	974	6.62698633384939	0.00194353176051882	514.527223230482	0.998056468239481	0.963027210761479	6.88141130364254	0.963027210761497	
shotgun_illumina_3rd_DEP_ECA55_filtp_woHU_1	1069	6.74358888586478	0.00192978174834744	518.193314273153	0.998070218251653	0.966895014221739	6.97447891102505	0.966895014221739	
unifrac.S3.5.ribosomal_protein_S2_rpsB.unifrac	Richness R	Shannon H	Simpson λ	Simpson dominance 1/λ	Gini 1-λ	Pielou J	Hmax	Efficiency η	
CS1_filtp_woHU_1	150	4.6620350859151	0.0152606983194236	65.5278008298753	0.984739301680576	0.930427942222837	5.01063529409626	0.930427942222838	
ERR4182668_filtp_woHU_1	424	5.08616174726984	0.0157949116819727	63.3115284298383	0.984205088318027	0.840724931917654	6.04973345523196	0.840724931917654	
ERR4182669_filtp_woHU_1	538	5.75838137145544	0.00751671615171469	133.036818181818	0.992483283848285	0.915793718379582	6.28785856016178	0.915793718379576	
ERR4182670_filtp_woHU_1	637	5.5990432507259	0.00973347645275454	102.738215359529	0.990266523547245	0.867158586940445	6.45676965557216	0.867158586940461	
ERR4182673_filtp_woHU_1	797	6.55198538008735	0.00180339141378104	554.510791366901	0.998196608586219	0.980710656809826	6.68085467879022	0.980710656809827	
ERR4183043_filtp_woHU_1	757	6.33909039305451	0.00287342841058362	348.016326530609	0.997126571589416	0.956214066225375	6.62936325343745	0.956214066225389	
ERR4183044_filtp_woHU_1	700	6.2888403580272	0.0028924884300463	345.723076923075	0.997107511569954	0.959969964707437	6.5510803350434	0.959969964707446	
ERR4183116_filtp_woHU_1	596	5.69304547092481	0.00845126720262445	118.325450612834	0.991548732797376	0.890896879716312	6.39024066706535	0.890896879716322	
ERR4183117_filtp_woHU_1	506	5.58378581217388	0.00916915654724372	109.061285500748	0.990830843452756	0.896772332477544	6.22653666928747	0.896772332477541	
ERR4183124_filtp_woHU_1	594	5.79239929468706	0.00635646273545136	157.320201756676	0.993643537264549	0.906921675680744	6.38687931936265	0.90692167568075	
ERR4183125_filtp_woHU_1	369	5.19642332511615	0.0118641925068356	84.2872365248499	0.988135807493164	0.879140941239345	5.91079664404053	0.879140941239339	
ERR5891181_filtp_woHU_1	197	5.22579472579866	0.00586666666666668	170.454545454545	0.994133333333333	0.989133676101293	5.28320372873799	0.989133676101287	
ERR5891183_filtp_woHU_1	144	4.26521451128823	0.0344921875	28.9920724801812	0.9655078125	0.858224294190712	4.969813299576	0.858224294190712	
ERR5891186_filtp_woHU_1	160	4.51022627359797	0.0206705018845467	48.3781190019195	0.979329498115453	0.888684099854848	5.07517381523383	0.888684099854848	
ERR5891188_filtp_woHU_1	250	5.45826366203628	0.00473616345963102	211.141361256545	0.995263836540369	0.988554250991523	5.52146091786225	0.988554250991522	
ERR5891191_filtp_woHU_1	240	5.4058619636993	0.00517223272421759	193.340101522843	0.994827767275782	0.986356160168805	5.48063892334199	0.986356160168807	
ERR5891194_filtp_woHU_1	316	5.49342025206402	0.00626721276745994	159.560563380281	0.99373278723254	0.954424303280355	5.75574221358691	0.954424303280351	
HTP3_filtp_woHU_1	173	5.10255805403276	0.00658943564672123	151.758064516129	0.993410564353279	0.990155119396079	5.15329159449778	0.99015511939608	
IA6_filtp_woHU_1	157	4.81855450582938	0.0114404753773649	87.4089552238806	0.988559524622635	0.952990556893514	5.05624580534831	0.952990556893515	
RDP_CKDN230001569-1A_HT3KTDSX5_L3_filtp_woHU_1	444	4.73222261401841	0.0211365538361912	47.3114022158023	0.978863446163809	0.776305578605802	6.09582456243222	0.776305578605804	
RUP_CKDN230001570-1A_HT3KTDSX5_L3_filtp_woHU_1	741	5.91854451101387	0.00683962898444616	146.206760962338	0.993160371015554	0.895663430835205	6.60800062529609	0.89566343083521	
SRR13165308_filtp_woHU_1	1258	6.38530627210266	0.00438407987807434	228.098033751894	0.995615920121926	0.894641609996322	7.13727843726039	0.894641609996325	
SRR17689980_filtp_woHU_1	330	5.50101168102808	0.00606155532931318	164.974160206718	0.993938444670687	0.94859868755448	5.79909265446053	0.948598687554488	
SRR17689983_filtp_woHU_1	303	5.35941175478762	0.00928394901144643	107.712784588441	0.990716050988554	0.937987815884547	5.71373280550937	0.937987815884549	
SRR17689995_filtp_woHU_1	210	4.73067721195528	0.0188327282395038	53.0990511455683	0.981167271760496	0.884717052121921	5.34710753071747	0.88471705212192	
SRR17689998_filtp_woHU_1	304	5.24477821557399	0.0101270047817264	98.7458801050874	0.989872995218274	0.917395977333454	5.71702770140622	0.917395977333459	
SRR17689999_filtp_woHU_1	194	4.71185163090474	0.0181988026953595	54.948669796557	0.981801197304641	0.894453018405217	5.26785815906333	0.894453018405213	
SRR17690002_filtp_woHU_1	256	5.18014223455583	0.00938036728762053	106.605633802817	0.99061963271238	0.934170689111646	5.54517744447956	0.934170689111642	
SRR20770298_filtp_woHU_1	474	5.98342338354625	0.00314056133997285	318.414414414413	0.996859438660027	0.971144626553499	6.16120732169508	0.971144626553497	
SRR20770299_filtp_woHU_1	394	5.3948108132098	0.00986478887752828	101.37064385412	0.990135211122472	0.902693114090174	5.97635090929793	0.902693114090181	
SRR24605825_filtp_woHU_1	688	5.64922799304002	0.0111693751574703	89.5305230508958	0.98883062484253	0.864617472827127	6.53378883793334	0.864617472827132	
SRR24605827_filtp_woHU_1	1135	6.53457844072099	0.00254583762712041	392.798028180257	0.99745416237288	0.928947693221616	7.0343879299155	0.928947693221602	
SRR24605828_filtp_woHU_1	637	5.58076954799088	0.0227686554117539	43.9200287375674	0.977231344588246	0.864328425155248	6.45676965557216	0.864328425155248	
SRR24605834_filtp_woHU_1	246	4.39688761315803	0.0327875514854734	30.499380243232	0.967212448514527	0.798659914386679	5.50533153593236	0.798659914386682	
SRR24605835_filtp_woHU_1	829	6.3394465563983	0.00301721585135727	331.431375567697	0.996982784148643	0.943339118370099	6.7202201551353	0.943339118370085	
SRR24605838_filtp_woHU_1	845	6.02160718835243	0.00529740278875249	188.77175096506	0.994702597211248	0.893501470739532	6.73933662735717	0.893501470739529	
SRR24605839_filtp_woHU_1	1000	6.663198315586	0.00174328512396692	573.629629629636	0.998256714876033	0.964596753428681	6.90775527898214	0.964596753428698	
SRR24605841_filtp_woHU_1	948	6.46349957037064	0.0024620817714841	406.160352422908	0.997537918228516	0.942977134935785	6.85435450225502	0.942977134935799	
SRR24605842_filtp_woHU_1	420	5.12604229325061	0.0131024543628265	76.321578561429	0.986897545637173	0.84864671082166	6.04025471127741	0.848646710821665	
SRR5830676_filtp_woHU_1	428	5.55065401844022	0.00790818351088185	126.451289177088	0.992091816489118	0.916082053338618	6.0591231955818	0.916082053338602	
SRR5881985_filtp_woHU_1	1070	5.76398851287152	0.0149842171849847	66.7368863955116	0.985015782815015	0.826329243370613	6.97541392745595	0.826329243370619	
SRR5882128_filtp_woHU_1	355	5.70307191442408	0.00415460500273647	240.696768848384	0.995845394997264	0.971212111011412	5.87211778947542	0.971212111011404	
SRR5882551_filtp_woHU_1	397	5.26294998929769	0.01103956280976	90.5832972946999	0.98896043719024	0.879513039983992	5.98393628068719	0.879513039983991	
SRR6263181_filtp_woHU_1	283	4.463460174613	0.0405883742911153	24.6375967864004	0.959411625708885	0.790630087491626	5.64544689764324	0.790630087491626	
SRR6263202_filtp_woHU_1	513	5.42402992180758	0.0106632152668055	93.7803443875875	0.989336784733195	0.86919714070094	6.24027584517077	0.869197140700941	
SRR6263206_filtp_woHU_1	626	4.982100839736	0.0348462982160156	28.6974528485323	0.965153701783984	0.773696188686322	6.4393503711001	0.773696188686314	
SRR6263248_filtp_woHU_1	493	5.15831523046421	0.0159248589184862	62.7949048163412	0.984075141081514	0.831918006356407	6.20050917404269	0.831918006356416	
SRR6263258_filtp_woHU_1	846	5.24872411160128	0.0292120244548401	34.2324785310903	0.97078797554516	0.778682447387541	6.74051935960622	0.778682447387548	
SRR6263259_filtp_woHU_1	387	4.18034857191869	0.0630223801307276	15.8673791425474	0.936977619869272	0.701586205630642	5.95842469302978	0.701586205630644	
SRR6263322_filtp_woHU_1	490	4.99881285117095	0.029429374700692	33.9796550273453	0.970570625299308	0.806988328266241	6.19440539110467	0.806988328266237	
SRR6263654_filtp_woHU_1	447	5.18915959528004	0.0170605803205819	58.6146532655516	0.982939419679418	0.850325238967841	6.10255859461357	0.85032523896784	
SRR6263655_filtp_woHU_1	334	4.84605247645139	0.0259391299335669	38.5517942414072	0.974060870066433	0.833924436235207	5.8111409929767	0.833924436235209	
SRR6263736_filtp_woHU_1	358	4.83659625140607	0.0273028584863322	36.6262016301553	0.972697141513668	0.822475830437677	5.8805329864007	0.822475830437675	
SRR6263737_filtp_woHU_1	381	5.16150398833082	0.0169452488611154	59.013591844893	0.983054751138885	0.868530748309298	5.9427993751267	0.868530748309293	
SRR6265700_filtp_woHU_1	422	5.15565199620895	0.0206303948383031	48.4721697203471	0.979369605161697	0.852877992387855	6.04500531403601	0.852877992387855	
SRR6265795_filtp_woHU_1	226	4.06066791241484	0.0626481315691492	15.9621679841517	0.937351868430851	0.749126776777567	5.42053499927229	0.749126776777567	
SRR6265865_filtp_woHU_1	295	4.31998946204116	0.0461153857473127	21.6847367488035	0.953884614252687	0.759628658707875	5.68697535633982	0.759628658707875	
SRR6265866_filtp_woHU_1	482	5.30875378831561	0.0159896472560392	62.5404665898622	0.984010352743961	0.85930751238779	6.1779441140506	0.859307512387789	
SRR6266047_filtp_woHU_1	216	3.89389291238543	0.107785250955124	9.27770721076065	0.892214749044876	0.724407671018297	5.37527840768417	0.724407671018298	
SRR6266108_filtp_woHU_1	327	4.64386077616941	0.0407535163253453	24.5377599325848	0.959246483674655	0.802054010580485	5.78996017089725	0.802054010580487	
SRR6266133_filtp_woHU_1	570	5.95377661315548	0.00501157190217056	199.538192710932	0.994988428097829	0.938247367893305	6.3456363608286	0.938247367893318	
SRR6266134_filtp_woHU_1	463	5.52712172961437	0.00810286574306425	123.413127121841	0.991897134256936	0.900516051122646	6.13772705408623	0.900516051122641	
SRR6266221_filtp_woHU_1	313	4.84412502331309	0.017929548156956	55.7738539335157	0.982070451843044	0.843013179778931	5.74620319054015	0.843013179778933	
SRR6266334_filtp_woHU_1	601	6.14316602383642	0.00352155050331308	283.965826717294	0.996478449496687	0.96008046871038	6.39859493453521	0.960080468710391	
SRR6266336_filtp_woHU_1	582	6.16497065077795	0.00308379600044559	324.275665399237	0.996916203999554	0.968349841783168	6.36647044773144	0.96834984178318	
SRR6266338_filtp_woHU_1	365	5.41953965732013	0.00751106213735992	133.136962750716	0.99248893786264	0.918582024826129	5.89989735358249	0.918582024826132	
SRR6266341_filtp_woHU_1	280	4.50223944912108	0.0356542857518837	28.047119130613	0.964345714248116	0.799007552400683	5.63478960316925	0.799007552400685	
SRR6266357_filtp_woHU_1	356	5.00616110796075	0.0199114043033678	50.2224747568839	0.980088595696632	0.852122575960093	5.87493073085203	0.852122575960089	
SRR6266358_filtp_woHU_1	612	5.98181070279718	0.00614083703229447	162.844249854056	0.993859162967705	0.932220706651507	6.41673228251233	0.932220706651516	
SRR6429832_filtp_woHU_1	162	5.02854454641988	0.00739677288474139	135.194092827005	0.992603227115259	0.988392988570348	5.08759633523238	0.988392988570348	
SRR6429834_filtp_woHU_1	165	5.01563856439466	0.00775824652777776	128.895104895105	0.992241753472222	0.982313381533834	5.10594547390058	0.982313381533831	
shotgun_illumina_1st_ARH_ECA53_filtp_woHU_1	373	5.83388615324245	0.00336790123456788	296.920821114371	0.996632098765432	0.985191065593176	5.92157841964382	0.985191065593172	
shotgun_illumina_1st_COP_ECA53_filtp_woHU_1	355	5.61704293897975	0.00541333261245673	184.729088639202	0.994586667387543	0.956561693814652	5.87211778947542	0.956561693814648	
shotgun_illumina_1st_DEH_ECA53_filtp_woHU_1	378	5.56444701999398	0.0062218585318932	160.723680050584	0.993778141468107	0.937581502986351	5.93489419561959	0.937581502986351	
shotgun_illumina_1st_DEP_ECA53_filtp_woHU_1	351	5.79330075064398	0.00349872174169759	285.81867145422	0.996501278258302	0.988485252618209	5.86078622346587	0.988485252618216	
shotgun_illumina_2nd_BARR2_ECA53_filtp_woHU_1	383	5.88093529130729	0.0031044558071585	322.117647058825	0.996895544192842	0.988719014263465	5.94803498918065	0.988719014263458	
shotgun_illumina_2nd_PRH_ECA55_filtp_woHU_1	454	6.02520361038156	0.00290856771111211	343.811834319526	0.997091432288888	0.98481658845016	6.11809719804135	0.984816588450159	
shotgun_illumina_2nd_PRP_ECA55_filtp_woHU_1	359	5.24482997807184	0.0252437574316291	39.6137541215261	0.974756242568371	0.891474175940833	5.88332238848828	0.891474175940829	
shotgun_illumina_3rd_ARH_ECA55_filtp_woHU_1	812	6.32185116867897	0.00323968805459913	308.671694047944	0.996760311945401	0.943630248181525	6.69950034016168	0.943630248181541	
shotgun_illumina_3rd_COP_ECA55_filtp_woHU_1	926	6.57442301177425	0.00210622607479476	474.782841199725	0.997893773925205	0.96245704223755	6.83087423464618	0.962457042237563	
shotgun_illumina_3rd_DEP_ECA55_filtp_woHU_1	1042	6.72105445378446	0.00202279891389159	494.364513018318	0.997977201086108	0.967211665212541	6.94889722231331	0.967211665212508	
unifrac.S3.6.ribosomal_protein_S5.unifrac	Richness R	Shannon H	Simpson λ	Simpson dominance 1/λ	Gini 1-λ	Pielou J	Hmax	Efficiency η	
CS1_filtp_woHU_1	148	4.55841692633775	0.0183579347644558	54.4723582925122	0.981642065235544	0.912191973566925	4.99721227376411	0.912191973566922	
ERR4182668_filtp_woHU_1	451	5.05066957188066	0.0164482506001398	60.7967390764035	0.98355174939986	0.826425028770858	6.11146733950268	0.826425028770857	
ERR4182669_filtp_woHU_1	534	5.77978869597206	0.0065081310381307	153.653943680769	0.993491868961869	0.920290511008456	6.2803958389602	0.920290511008457	
ERR4182670_filtp_woHU_1	639	5.68485146002523	0.00841858140483931	118.7848583878	0.991581418595161	0.880020981761256	6.45990445437753	0.880020981761258	
ERR4182673_filtp_woHU_1	755	6.50767878911284	0.00184710427459986	541.387951807231	0.9981528957254	0.982036512698964	6.62671774924902	0.982036512698987	
ERR4183043_filtp_woHU_1	732	6.30683974233741	0.00297567379061858	336.058341862843	0.997024326209381	0.956193088746313	6.59578051396131	0.956193088746331	
ERR4183044_filtp_woHU_1	670	6.26505327975874	0.00285408842959347	350.374567806379	0.997145911570407	0.962776380026742	6.50727771238501	0.962776380026742	
ERR4183116_filtp_woHU_1	639	5.7995071957003	0.00704908983624035	141.862286228622	0.99295091016376	0.897769810166509	6.45990445437753	0.897769810166506	
ERR4183117_filtp_woHU_1	493	5.59494093649742	0.00818670413980499	122.14927801505	0.991813295860195	0.902335724285294	6.20050917404269	0.902335724285288	
ERR4183124_filtp_woHU_1	568	5.69039879314317	0.0073017617033533	136.953250547844	0.992698238296647	0.897239017901143	6.34212141872115	0.89723901790114	
ERR4183125_filtp_woHU_1	354	5.1816763358565	0.0116106981180638	86.1274653626734	0.988389301881936	0.88284447226744	5.86929691313377	0.882844472267446	
ERR5891181_filtp_woHU_1	217	5.26164722048496	0.0065145123060181	153.503432494279	0.993485487693982	0.978020002002885	5.37989735354046	0.978020002002885	
ERR5891183_filtp_woHU_1	130	4.31939351485762	0.0255007001451677	39.2146095717884	0.974499299854832	0.887388380877991	4.86753445045558	0.887388380877991	
ERR5891186_filtp_woHU_1	144	4.41143562893668	0.0236781065088757	42.2331067572971	0.976321893491124	0.887646147454481	4.969813299576	0.887646147454481	
ERR5891188_filtp_woHU_1	231	5.39625342527638	0.00487470371640255	205.140672782875	0.995125296283597	0.991517687965009	5.44241771052179	0.991517687965012	
ERR5891191_filtp_woHU_1	196	5.23270160860878	0.00571241375074221	175.057347670251	0.994287586249258	0.991395971184082	5.27811465923052	0.991395971184082	
ERR5891194_filtp_woHU_1	268	5.385508973512	0.00642977019928658	155.526553672316	0.993570229800713	0.963248348151209	5.59098698051086	0.963248348151211	
HTP3_filtp_woHU_1	159	5.01597839793678	0.00720951281170997	138.705627705628	0.99279048718829	0.989558728637983	5.06890420222023	0.989558728637981	
IA6_filtp_woHU_1	152	4.62579632035713	0.0208726845605625	47.909505703422	0.979127315439437	0.920761610703655	5.02388052084628	0.920761610703654	
RDP_CKDN230001569-1A_HT3KTDSX5_L3_filtp_woHU_1	415	4.68659632990954	0.0216129254135058	46.268609217293	0.978387074586494	0.777435268490247	6.0282785202307	0.777435268490249	
RUP_CKDN230001570-1A_HT3KTDSX5_L3_filtp_woHU_1	694	5.93330107794611	0.00589415860452489	169.659499700654	0.994105841395475	0.906889798498501	6.5424719605068	0.906889798498504	
SRR13165308_filtp_woHU_1	1291	6.3917934867715	0.00500535047328075	199.786209844473	0.994994649526719	0.892313229113286	7.16317239084664	0.89231322911329	
SRR17689980_filtp_woHU_1	331	5.52273201199608	0.00576709217636464	173.397609994568	0.994232907823635	0.951847524420282	5.80211837537706	0.951847524420285	
SRR17689983_filtp_woHU_1	301	5.35937533411153	0.00910796990409946	109.793950850661	0.990892030095901	0.939069876959413	5.70711026474888	0.939069876959423	
SRR17689995_filtp_woHU_1	226	4.87272107406763	0.0151768720248467	65.8897300025236	0.984823127975153	0.898937295806005	5.42053499927229	0.898937295806008	
SRR17689998_filtp_woHU_1	297	5.22193658744859	0.00991732818736023	100.833609729132	0.99008267181264	0.91713773323848	5.6937321388027	0.917137733238481	
SRR17689999_filtp_woHU_1	187	4.78914570861873	0.0138742918265434	72.0757507844016	0.986125708173457	0.915512572839367	5.23110861685459	0.915512572839369	
SRR17690002_filtp_woHU_1	294	5.29340937993718	0.0105955851728446	94.3789308176109	0.989404414827155	0.931351295596544	5.68357976733868	0.931351295596546	
SRR20770298_filtp_woHU_1	405	5.85543045269851	0.0034789553216533	287.442610652663	0.996521044678347	0.975273250021411	6.00388706710654	0.97527325002141	
SRR20770299_filtp_woHU_1	387	5.41654289738219	0.0091423367825919	109.381225367252	0.990857663217408	0.909056197977716	5.95842469302978	0.909056197977713	
SRR24605825_filtp_woHU_1	733	5.94184140068659	0.00581775614135444	171.887575845898	0.994182243858646	0.900668511684885	6.59714570188665	0.90066851168489	
SRR24605827_filtp_woHU_1	1190	6.58559120991306	0.00235032948365672	425.472261210019	0.997649670516343	0.929943830622188	7.08170858610557	0.929943830622184	
SRR24605828_filtp_woHU_1	637	6.08861184895743	0.00350735083427009	285.115475255303	0.99649264916573	0.942981114976431	6.45676965557216	0.94298111497643	
SRR24605834_filtp_woHU_1	217	4.33735589588825	0.0318429870460975	31.4040890244483	0.968157012953903	0.806215362646998	5.37989735354046	0.806215362647002	
SRR24605835_filtp_woHU_1	903	6.43372179682488	0.002601906112114	384.333621933622	0.997398093887886	0.945340005609642	6.80572255341699	0.94534000560965	
SRR24605838_filtp_woHU_1	872	6.0654962659328	0.00502846036373732	198.868028713418	0.994971539636263	0.895832950366813	6.77078942390898	0.89583295036681	
SRR24605839_filtp_woHU_1	1076	6.72830105502392	0.00166246676706444	601.515783540015	0.998337533232936	0.963801106161004	6.98100574072173	0.963801106161026	
SRR24605841_filtp_woHU_1	947	6.45002141905809	0.00245125069289458	407.955009619658	0.997548749307105	0.941155687407698	6.85329909318608	0.941155687407691	
SRR24605842_filtp_woHU_1	443	5.17742646135202	0.0173101939604405	57.76942778835	0.982689806039559	0.849654087297612	6.09356977004514	0.849654087297616	
SRR5830676_filtp_woHU_1	458	5.59971899821271	0.00712626329212902	140.325996810208	0.992873736707871	0.913960920323177	6.12686918411419	0.913960920323189	
SRR5881985_filtp_woHU_1	1072	5.71195086457986	0.0196943537167314	50.7759743926223	0.980305646283269	0.818649927515299	6.97728134163075	0.818649927515275	
SRR5882128_filtp_woHU_1	298	5.54259215656915	0.00487793382976716	205.004830917875	0.995122066170233	0.972880674978879	5.6970934865054	0.972880674978878	
SRR5882551_filtp_woHU_1	410	5.21510429981838	0.0144724489795918	69.0968060353946	0.985527551020408	0.866849745008966	6.01615715969835	0.866849745008966	
SRR6263181_filtp_woHU_1	290	4.15709254875573	0.0747645589083224	13.3753213367609	0.925235441091678	0.73318868689229	5.66988092298052	0.733188686892296	
SRR6263202_filtp_woHU_1	476	5.32524903272396	0.0137020128989729	72.9819777118266	0.986297987101027	0.863728811027651	6.16541785423142	0.863728811027649	
SRR6263206_filtp_woHU_1	596	4.93786626936543	0.0376183307312215	26.5827850561706	0.962381669268778	0.772719921929496	6.39024066706535	0.772719921929501	
SRR6263248_filtp_woHU_1	521	5.42087345710328	0.00845228216415732	118.311241931865	0.991547717835843	0.86654252822159	6.25575004175337	0.866542528221588	
SRR6263258_filtp_woHU_1	858	5.4702162450099	0.0231683390356155	43.1623517966803	0.976831660964384	0.809850017031283	6.75460409948796	0.809850017031276	
SRR6263259_filtp_woHU_1	381	4.20123070597124	0.0671365188721858	14.8950231081209	0.932863481127814	0.706944731056426	5.9427993751267	0.70694473105643	
SRR6263322_filtp_woHU_1	477	4.95587588536754	0.0317174902031435	31.5283458304935	0.968282509796856	0.803544813003608	6.16751649088834	0.803544813003611	
SRR6263654_filtp_woHU_1	452	5.06567642291281	0.0254173739439064	39.343167480909	0.974582626056094	0.828580268634739	6.11368217983223	0.828580268634732	
SRR6263655_filtp_woHU_1	352	4.80240606170658	0.0329130868958868	30.3830510691165	0.967086913104113	0.81901571191792	5.8636311755981	0.819015711917925	
SRR6263736_filtp_woHU_1	381	5.07863968718986	0.0189301658163265	52.8257390718437	0.981069834183673	0.854587100558411	5.9427993751267	0.854587100558414	
SRR6263737_filtp_woHU_1	410	4.98192921800348	0.0332694014023544	30.0576493068262	0.966730598597646	0.828091601625192	6.01615715969835	0.828091601625189	
SRR6265700_filtp_woHU_1	401	4.97397277634277	0.034288867935268	29.163984121256	0.965711132064732	0.82983062815235	5.99396142730657	0.829830628152345	
SRR6265795_filtp_woHU_1	217	3.85963062745718	0.0746992767915844	13.3870104631677	0.925300723208416	0.717417150146405	5.37989735354046	0.717417150146404	
SRR6265865_filtp_woHU_1	298	4.43533102843173	0.0459518832819143	21.7618937153242	0.954048116718086	0.778525232021839	5.6970934865054	0.778525232021838	
SRR6265866_filtp_woHU_1	472	5.37123876317395	0.0126108227444974	79.2969673954332	0.987389177255503	0.872382182195011	6.15697898558556	0.872382182195006	
SRR6266047_filtp_woHU_1	223	4.32122014971248	0.0569090199286144	17.5719069007757	0.943090980071386	0.799164578517838	5.40717177146012	0.799164578517837	
SRR6266108_filtp_woHU_1	297	4.51505290760275	0.0445403173443713	22.4515688172656	0.955459682655629	0.792986532828394	5.6937321388027	0.792986532828395	
SRR6266133_filtp_woHU_1	571	5.87796950149704	0.00906390745808447	110.327693064436	0.990936092541916	0.926045230148348	6.34738920965601	0.926045230148345	
SRR6266134_filtp_woHU_1	481	5.56246070316725	0.00784926470588235	127.400468384075	0.992150735294118	0.900676853936336	6.17586727010576	0.900676853936334	
SRR6266221_filtp_woHU_1	327	4.79063388247507	0.0282615379050926	35.3837785954247	0.971738462094907	0.827403598828675	5.78996017089725	0.827403598828673	
SRR6266334_filtp_woHU_1	518	6.06338736938779	0.00314359587460114	318.107046799353	0.996856404125399	0.970145822081011	6.24997524225948	0.970145822081007	
SRR6266336_filtp_woHU_1	555	6.14822322945265	0.00277099085813973	360.881739130434	0.99722900914186	0.972978992579129	6.31896811374643	0.972978992579134	
SRR6266338_filtp_woHU_1	392	5.56785406049695	0.00591287703908894	169.122407482717	0.994087122960911	0.932441786992936	5.97126183979046	0.932441786992939	
SRR6266341_filtp_woHU_1	241	4.13820447304256	0.056333949396085	17.7512851614394	0.943666050603915	0.754486359882226	5.48479693349065	0.754486359882226	
SRR6266357_filtp_woHU_1	357	5.10183937096332	0.016059095763617	62.27000665041	0.983940904236383	0.867993996392026	5.87773578177964	0.867993996392026	
SRR6266358_filtp_woHU_1	607	5.92134898662742	0.00814527461886375	122.770569046756	0.991854725381136	0.923979462320316	6.4085287910595	0.923979462320328	
SRR6429832_filtp_woHU_1	152	4.95531651931606	0.00809688581314879	123.504273504274	0.991903114186851	0.986352382138526	5.02388052084628	0.986352382138531	
SRR6429834_filtp_woHU_1	157	4.99984931359882	0.00737336014555206	135.623376623376	0.992626639854448	0.988846172848275	5.05624580534831	0.988846172848278	
shotgun_illumina_1st_ARH_ECA53_filtp_woHU_1	370	5.82507930593216	0.00344029391152924	290.672839506172	0.996559706088471	0.985047154009764	5.91350300563827	0.985047154009762	
shotgun_illumina_1st_COP_ECA53_filtp_woHU_1	329	5.5748946089523	0.00546310832025116	183.045977011495	0.994536891679749	0.96184248823541	5.79605775076537	0.961842488235417	
shotgun_illumina_1st_DEH_ECA53_filtp_woHU_1	326	5.50506473701879	0.0059606265650807	167.767597765364	0.994039373434919	0.951298143759142	5.78689738136671	0.951298143759141	
shotgun_illumina_1st_DEP_ECA53_filtp_woHU_1	353	5.81016602501893	0.00326724586025096	306.068181818184	0.996732754139749	0.99040273783681	5.8664680569333	0.990402737836808	
shotgun_illumina_2nd_BARR2_ECA53_filtp_woHU_1	348	5.76229956761296	0.00367511094674554	272.100628930819	0.996324889053254	0.98463776458996	5.85220247977447	0.984637764589967	
shotgun_illumina_2nd_PRH_ECA55_filtp_woHU_1	437	5.98930954729936	0.00291420118343194	343.147208121828	0.997085798816568	0.985094630995398	6.07993319509559	0.985094630995387	
shotgun_illumina_2nd_PRP_ECA55_filtp_woHU_1	329	5.18120358441421	0.0209137823124433	47.8153585544886	0.979086217687557	0.893918557614446	5.79605775076537	0.893918557614452	
shotgun_illumina_3rd_ARH_ECA55_filtp_woHU_1	859	6.3819925558542	0.00311725404444835	320.795156808263	0.996882745955552	0.944673009031772	6.75576892198425	0.944673009031784	
shotgun_illumina_3rd_COP_ECA55_filtp_woHU_1	998	6.66184996985138	0.00189687566608295	527.182681437946	0.998103124333917	0.964681143866414	6.90575327631146	0.964681143866436	
shotgun_illumina_3rd_DEP_ECA55_filtp_woHU_1	1121	6.78072606124647	0.00203829054009202	490.607192807191	0.997961709459908	0.96564352437399	7.02197642307216	0.965643524374001	
unifrac.S3.7.ribosomal_protein_S7.unifrac	Richness R	Shannon H	Simpson λ	Simpson dominance 1/λ	Gini 1-λ	Pielou J	Hmax	Efficiency η	
CS1_filtp_woHU_1	172	4.77725514310687	0.0141075187733686	70.8841870824052	0.985892481226631	0.928073874508405	5.14749447681345	0.928073874508407	
ERR4182668_filtp_woHU_1	411	5.00430183381546	0.0186454989544501	53.6322467123537	0.98135450104555	0.831473677563425	6.01859321449623	0.83147367756343	
ERR4182669_filtp_woHU_1	504	5.69410686139465	0.0087436779654631	114.368347502038	0.991256322034537	0.915072249192293	6.22257626807137	0.915072249192285	
ERR4182670_filtp_woHU_1	637	5.61111452864277	0.00912409824312061	109.599872048066	0.990875901756879	0.869028140689579	6.45676965557216	0.869028140689578	
ERR4182673_filtp_woHU_1	758	6.56212099872543	0.00156698421556121	638.168521462643	0.998433015784439	0.989659830981313	6.63068338564237	0.989659830981327	
ERR4183043_filtp_woHU_1	715	6.29098747371633	0.00287537482278921	347.780745687258	0.997124625177211	0.957199790613024	6.57228254269401	0.957199790613031	
ERR4183044_filtp_woHU_1	718	6.32998443039857	0.0027333593314862	365.850178745534	0.997266640668514	0.962520143055215	6.57646956904822	0.962520143055238	
ERR4183116_filtp_woHU_1	600	5.66684372001298	0.00855035567231169	116.954199137968	0.991449644327688	0.88586931941516	6.39692965521615	0.885869319415156	
ERR4183117_filtp_woHU_1	468	5.50348099767399	0.00930743438547813	107.440993788819	0.990692565614522	0.895097889880655	6.14846829591765	0.89509788988065	
ERR4183124_filtp_woHU_1	581	5.7711865463361	0.00650864197530871	153.641881638845	0.993491358024691	0.906741955311162	6.36475075685191	0.906741955311152	
ERR4183125_filtp_woHU_1	357	5.22086537795268	0.0104342806971905	95.837943124269	0.98956571930281	0.888244312399481	5.87773578177964	0.888244312399483	
ERR5891181_filtp_woHU_1	168	5.08975165731417	0.00652095157589664	153.351851851852	0.993479048424103	0.993323075215475	5.12396397940326	0.993323075215474	
ERR5891183_filtp_woHU_1	135	4.08595251379991	0.0443892045454546	22.528	0.955610795454545	0.832971178650394	4.90527477843843	0.832971178650394	
ERR5891186_filtp_woHU_1	155	4.55388022167696	0.0178715399086267	55.9548872180451	0.982128460091373	0.902934041074585	5.04342511691925	0.902934041074584	
ERR5891188_filtp_woHU_1	211	5.32018578177394	0.00512957418813524	194.947955390334	0.994870425811865	0.994081989673079	5.35185813347607	0.994081989673085	
ERR5891191_filtp_woHU_1	187	5.17359558456418	0.00622178297881897	160.725631768953	0.993778217021181	0.989005574821156	5.23110861685459	0.989005574821155	
ERR5891194_filtp_woHU_1	266	5.33819374599412	0.00737847222222225	135.529411764705	0.992621527777778	0.956066495037926	5.5834963087817	0.956066495037927	
HTP3_filtp_woHU_1	131	4.83154968739597	0.00844444444444443	118.421052631579	0.991555555555556	0.991047001195734	4.87519732320115	0.991047001195735	
IA6_filtp_woHU_1	154	4.65937158264457	0.0169195883481598	59.1030927835052	0.98308041165184	0.925037805678749	5.03695260241363	0.925037805678749	
RDP_CKDN230001569-1A_HT3KTDSX5_L3_filtp_woHU_1	467	4.86125394041082	0.018222336483932	54.8777046720532	0.981777663516068	0.790919870481285	6.1463292576689	0.790919870481283	
RUP_CKDN230001570-1A_HT3KTDSX5_L3_filtp_woHU_1	765	6.02215416883243	0.00525536195766043	190.281850813788	0.99474463804234	0.906967889091065	6.63987583382654	0.906967889091056	
SRR13165308_filtp_woHU_1	1325	6.46315850340997	0.00519759449864553	192.396694328616	0.994802405501354	0.899013451705903	7.18916773842032	0.8990134517059	
SRR17689980_filtp_woHU_1	303	5.51225890093052	0.00520775623268699	192.021276595744	0.994792243767313	0.964738654844942	5.71373280550937	0.96473865484494	
SRR17689983_filtp_woHU_1	241	5.15053057650806	0.00955635107969261	104.642451042325	0.990443648920307	0.939055837246858	5.48479693349065	0.939055837246864	
SRR17689995_filtp_woHU_1	204	4.86497070009474	0.0127479338842975	78.4440842787681	0.987252066115702	0.914791449934564	5.31811999384422	0.914791449934562	
SRR17689998_filtp_woHU_1	297	5.22375896925385	0.00961307734009555	104.024961479199	0.990386922659904	0.917457801299434	5.6937321388027	0.917457801299434	
SRR17689999_filtp_woHU_1	201	4.71738592462731	0.0183569262157967	54.4753510606513	0.981643073784203	0.889518141311961	5.30330490805908	0.889518141311959	
SRR17690002_filtp_woHU_1	303	5.43779532385061	0.00736492944285147	135.778625954199	0.992635070557149	0.951706267854756	5.71373280550937	0.951706267854755	
SRR20770298_filtp_woHU_1	418	5.85952017936941	0.00362250439209227	276.052115266705	0.996377495607908	0.970845531525107	6.03548143252476	0.970845531525111	
SRR20770299_filtp_woHU_1	378	5.47127465451201	0.00742666281412441	134.649980082326	0.992573337185876	0.921882425225075	5.93489419561959	0.921882425225072	
SRR24605825_filtp_woHU_1	663	5.58765918860356	0.0111717913679217	89.5111595863993	0.988828208632078	0.860066601820807	6.49677499018586	0.8600666018208	
SRR24605827_filtp_woHU_1	1095	6.54936092776535	0.00238444760532193	419.384346197444	0.997615552394678	0.935822233954826	6.9985096422506	0.935822233954828	
SRR24605828_filtp_woHU_1	647	5.81884984153468	0.0105673151199054	94.6314166515511	0.989432684880095	0.899032526501022	6.4723462945009	0.899032526501028	
SRR24605834_filtp_woHU_1	236	4.516213224462	0.025742405173726	38.8464089991346	0.974257594826274	0.826565199226668	5.46383180502561	0.826565199226668	
SRR24605835_filtp_woHU_1	780	6.29790160208219	0.00293608415883409	340.589692223637	0.997063915841166	0.945731135769028	6.65929391968364	0.945731135769013	
SRR24605838_filtp_woHU_1	892	6.10611779052249	0.00491620136363958	203.40908071749	0.99508379863636	0.898822143417902	6.79346613258001	0.898822143417885	
SRR24605839_filtp_woHU_1	942	6.58667173177446	0.00195858607607153	510.572403335864	0.998041413923928	0.961838005035989	6.84800527457636	0.961838005035993	
SRR24605841_filtp_woHU_1	947	6.45087302282764	0.00255931984387824	390.728811169087	0.997440680156122	0.941279949278946	6.85329909318608	0.941279949278946	
SRR24605842_filtp_woHU_1	414	4.89046233513776	0.0238097088269246	41.9996736318412	0.976190291173075	0.811578345150816	6.02586597382531	0.811578345150816	
SRR5830676_filtp_woHU_1	453	5.6097105487651	0.00703455739583439	142.155354449473	0.992965442604166	0.917235038432278	6.11589212548303	0.917235038432276	
SRR5881985_filtp_woHU_1	1153	5.83137902189274	0.0169751995687932	58.9094694261135	0.983024800431207	0.827131586029542	7.05012252026906	0.827131586029564	
SRR5882128_filtp_woHU_1	320	5.61332471304381	0.004425809457256	225.947368421053	0.995574190542744	0.973129740376275	5.76832099579377	0.973129740376281	
SRR5882551_filtp_woHU_1	411	5.17197833133884	0.0148931320856084	67.1450433832066	0.985106867914392	0.859333426768524	6.01859321449623	0.859333426768521	
SRR6263181_filtp_woHU_1	285	3.94221646923088	0.0981829404729759	10.1850687622789	0.901817059527024	0.697430166340189	5.65248918026865	0.697430166340189	
SRR6263202_filtp_woHU_1	500	5.49840153645475	0.00939200966125734	106.4734850226	0.990607990338743	0.88475434804179	6.21460809842219	0.884754348041789	
SRR6263206_filtp_woHU_1	603	4.68394528076026	0.0709607293142651	14.0923016105328	0.929039270685735	0.731647276405699	6.40191719672719	0.73164727640569	
SRR6263248_filtp_woHU_1	505	5.33693261271679	0.00996470021800307	100.354248308777	0.990035299781997	0.857399391998011	6.22455842927536	0.857399391998009	
SRR6263258_filtp_woHU_1	771	5.09952957708135	0.0382228145680049	26.1623852482352	0.961777185431995	0.767113211467804	6.64768837356333	0.767113211467806	
SRR6263259_filtp_woHU_1	401	3.99892276320197	0.102004318909834	9.8035064660737	0.897995681090166	0.667158574792316	5.99396142730657	0.667158574792316	
SRR6263322_filtp_woHU_1	509	4.86526446773097	0.0477632718354316	20.9365891734867	0.952236728164568	0.780634584486074	6.23244801655052	0.780634584486069	
SRR6263654_filtp_woHU_1	469	5.14244491563154	0.024321543200916	41.1158120905065	0.975678456799084	0.83608795905553	6.15060276844628	0.836087959055526	
SRR6263655_filtp_woHU_1	348	4.62625926317861	0.047276554859473	21.1521335040687	0.952723445140527	0.790515926126482	5.85220247977447	0.790515926126483	
SRR6263736_filtp_woHU_1	352	4.74494191893464	0.0289016991985966	34.6000417874586	0.971098300801403	0.809215616882767	5.8636311755981	0.809215616882767	
SRR6263737_filtp_woHU_1	392	5.05596145605621	0.0211019970163259	47.3888797930516	0.978898002983674	0.846715751495772	5.97126183979046	0.84671575149577	
SRR6265700_filtp_woHU_1	449	5.17610859214356	0.0204137083871488	48.9866897789887	0.979586291612851	0.847566594605829	6.10702288774225	0.847566594605831	
SRR6265795_filtp_woHU_1	237	3.80661679756641	0.0815197106909289	12.2669718958077	0.918480289309071	0.69615488844572	5.46806014113513	0.696154888445714	
SRR6265865_filtp_woHU_1	273	4.10941425382958	0.0656689342403627	15.2279005524862	0.934331065759637	0.732584885685138	5.60947179518496	0.732584885685137	
SRR6265866_filtp_woHU_1	460	5.30514260577265	0.0161355172670174	61.9750816445221	0.983864482732983	0.865266128216359	6.13122648948314	0.865266128216361	
SRR6266047_filtp_woHU_1	230	4.16643920474785	0.060928019036288	16.4128099980472	0.939071980963712	0.766160066461565	5.4380793089232	0.766160066461568	
SRR6266108_filtp_woHU_1	307	4.42230368069261	0.0506544080713557	19.7416185101072	0.949345591928644	0.7722055615248	5.7268477475872	0.772205561524804	
SRR6266133_filtp_woHU_1	544	5.95626736377822	0.00465537195116645	214.805607476636	0.995344628048834	0.945596976630861	6.29894924685594	0.945596976630846	
SRR6266134_filtp_woHU_1	472	5.58599222084543	0.00805759387976005	124.106527944019	0.99194240612024	0.907261862339161	6.15697898558556	0.907261862339163	
SRR6266221_filtp_woHU_1	316	4.85655349918118	0.0177900356445864	56.2112420670898	0.982209964355414	0.843775367096337	5.75574221358691	0.843775367096334	
SRR6266334_filtp_woHU_1	587	6.09747066552914	0.00415039062500002	240.941176470587	0.995849609375	0.95646226294905	6.3750248198281	0.956462262949065	
SRR6266336_filtp_woHU_1	573	6.13854345365485	0.0030079046204909	332.457350272229	0.996992095379509	0.966564937154981	6.35088571671474	0.966564937154976	
SRR6266338_filtp_woHU_1	405	5.55303833046745	0.00640361545275739	156.161781946072	0.993596384547243	0.924907192357239	6.00388706710654	0.924907192357244	
SRR6266341_filtp_woHU_1	308	4.52998978239334	0.0408515131951009	24.4788973966312	0.959148486804899	0.790560366130753	5.73009978297357	0.790560366130757	
SRR6266357_filtp_woHU_1	383	5.09974903886431	0.0170062415409223	58.8019403107788	0.982993758459078	0.857383833171905	5.94803498918065	0.857383833171901	
SRR6266358_filtp_woHU_1	638	6.07946890524713	0.00554164228784726	180.451921661018	0.994458357712153	0.941336399321988	6.45833828334479	0.941336399321996	
SRR6429832_filtp_woHU_1	177	5.07371909601551	0.00753187884892746	132.768996960486	0.992468121151073	0.980211036803338	5.17614973257383	0.980211036803339	
SRR6429834_filtp_woHU_1	197	5.08796628288945	0.0104150790021846	96.0146341463417	0.989584920997815	0.96304563369636	5.28320372873799	0.963045633696356	
shotgun_illumina_1st_ARH_ECA53_filtp_woHU_1	354	5.7950093971259	0.00347412254610349	287.842465753426	0.996525877453897	0.987343029819869	5.86929691313377	0.98734302981986	
shotgun_illumina_1st_COP_ECA53_filtp_woHU_1	334	5.5614977833812	0.0057555429579239	173.745554035568	0.994244457042076	0.957040586367252	5.8111409929767	0.957040586367245	
shotgun_illumina_1st_DEH_ECA53_filtp_woHU_1	384	5.68264219227558	0.00471632745447661	212.029382957883	0.995283672545523	0.954962786296818	5.95064255258773	0.95496278629682	
shotgun_illumina_1st_DEP_ECA53_filtp_woHU_1	347	5.78366692259894	0.00349145816692001	286.413284132844	0.99650854183308	0.988775139042883	5.84932477994686	0.988775139042875	
shotgun_illumina_2nd_BARR2_ECA53_filtp_woHU_1	377	5.86420327593112	0.00316000850971094	316.454844006567	0.996839991490289	0.988530158588041	5.93224518744801	0.988530158588051	
shotgun_illumina_2nd_PRH_ECA55_filtp_woHU_1	462	6.07014056847601	0.00256931614738368	389.208623087624	0.997430683852616	0.98933687056251	6.13556489108174	0.989336870562517	
shotgun_illumina_2nd_PRP_ECA55_filtp_woHU_1	347	5.21880467300232	0.0248648581630629	40.2174021441037	0.975135141836937	0.892206343353315	5.84932477994686	0.89220634335332	
shotgun_illumina_3rd_ARH_ECA55_filtp_woHU_1	846	6.31535261840545	0.0041013458340168	243.822403784129	0.995898654165983	0.936923741551925	6.74051935960622	0.936923741551918	
shotgun_illumina_3rd_COP_ECA55_filtp_woHU_1	972	6.66374081263391	0.00182307203286223	548.524678111592	0.998176927967138	0.968657676975113	6.87935580446044	0.968657676975108	
shotgun_illumina_3rd_DEP_ECA55_filtp_woHU_1	1050	6.769782076854	0.00164030603081858	609.642335766428	0.998359693969181	0.973152857575101	6.95654544315157	0.973152857575059	
unifrac.S3.8.ribosomal_protein_S12_S23.unifrac	Richness R	Shannon H	Simpson λ	Simpson dominance 1/λ	Gini 1-λ	Pielou J	Hmax	Efficiency η	
CS1_filtp_woHU_1	125	4.15728649569824	0.0310382230890943	32.2183392112857	0.968961776910906	0.861022444250075	4.8283137373023	0.861022444250076	
ERR4182668_filtp_woHU_1	435	5.03251885551444	0.0175821182502804	56.8759682857922	0.98241788174972	0.828350982769063	6.07534603108868	0.828350982769058	
ERR4182669_filtp_woHU_1	528	5.78521530722684	0.00630574249397181	158.585606842649	0.993694257506028	0.922814875608617	6.26909628370626	0.922814875608625	
ERR4182670_filtp_woHU_1	582	5.45771258049934	0.0114837508938673	87.0795621780714	0.988516249106133	0.857258762968747	6.36647044773144	0.857258762968758	
ERR4182673_filtp_woHU_1	741	6.49181738934437	0.00187479593567317	533.391384615381	0.998125204064327	0.982417792833289	6.60800062529609	0.982417792833295	
ERR4183043_filtp_woHU_1	725	6.30180299158902	0.00292890410794893	341.424629534999	0.997071095892051	0.956823375070091	6.58617165485467	0.956823375070082	
ERR4183044_filtp_woHU_1	705	6.32108918771053	0.0025843611938964	386.94281680198	0.997415638806104	0.963845461477228	6.55819780281227	0.963845461477234	
ERR4183116_filtp_woHU_1	516	5.46514387407117	0.010229476285936	97.7567152069017	0.989770523714064	0.874968052783487	6.24610676548156	0.874968052783487	
ERR4183117_filtp_woHU_1	475	5.41204356263979	0.0127052839394398	78.7074106148701	0.98729471606056	0.87810597620244	6.16331480403464	0.878105976202436	
ERR4183124_filtp_woHU_1	601	5.7677052313409	0.00661988559289765	151.06001243781	0.993380114407102	0.901401837489478	6.39859493453521	0.901401837489474	
ERR4183125_filtp_woHU_1	348	5.07505356442732	0.0137851239669422	72.5419664268583	0.986214876033058	0.867204028221336	5.85220247977447	0.867204028221331	
ERR5891181_filtp_woHU_1	222	5.32477987277048	0.00545536774266492	183.305699481866	0.994544632257335	0.985581684117735	5.40267738187228	0.985581684117738	
ERR5891183_filtp_woHU_1	143	4.50372478366385	0.0208793388429753	47.8942368587713	0.979120661157025	0.907488571413928	4.96284463025991	0.90748857141393	
ERR5891186_filtp_woHU_1	148	4.57573018756557	0.0170390776451382	58.688622754491	0.982960922354862	0.91565655747478	4.99721227376411	0.915656557474782	
ERR5891188_filtp_woHU_1	196	5.22864425122359	0.00582644628099172	171.631205673759	0.994173553719008	0.990627257799258	5.27811465923052	0.990627257799252	
ERR5891191_filtp_woHU_1	179	5.12959218718554	0.00647916717221965	154.340823970038	0.99352083282778	0.988858816209478	5.18738580584075	0.988858816209477	
ERR5891194_filtp_woHU_1	301	5.45603078259514	0.00669293801213486	149.411214953271	0.993307061987865	0.956005847003766	5.70711026474888	0.956005847003762	
HTP3_filtp_woHU_1	163	5.02462429648774	0.007284681130835	137.274368231046	0.992715318869165	0.986429270852727	5.09375020080676	0.986429270852728	
IA6_filtp_woHU_1	151	4.66281211743627	0.0163783160322952	61.0563380281692	0.983621683967705	0.929350618082391	5.01727983681492	0.929350618082392	
RDP_CKDN230001569-1A_HT3KTDSX5_L3_filtp_woHU_1	435	4.7231296543999	0.0224278377590747	44.5874457779766	0.977572162240925	0.777425619912144	6.07534603108868	0.777425619912139	
RUP_CKDN230001570-1A_HT3KTDSX5_L3_filtp_woHU_1	783	6.01067318154209	0.00504763656867438	198.112519868407	0.994952363431326	0.902079165429003	6.6631326959908	0.902079165428996	
SRR13165308_filtp_woHU_1	1296	6.37560534601948	0.00667424323927819	149.829720636335	0.993325756760722	0.889573273577604	7.16703787691222	0.889573273577583	
SRR17689980_filtp_woHU_1	316	5.47825310168165	0.00611441620094948	163.547911547911	0.993885583799051	0.951789169561794	5.75574221358691	0.951789169561795	
SRR17689983_filtp_woHU_1	282	5.32143574874711	0.00842101515070593	118.750528541226	0.991578984849294	0.943198050205085	5.64190707093811	0.943198050205086	
SRR17689995_filtp_woHU_1	208	4.79038477373196	0.0160656738048473	62.2445103857569	0.983934326195153	0.897489573320295	5.33753807970132	0.897489573320291	
SRR17689998_filtp_woHU_1	282	5.21460048397504	0.00978589965397924	102.187845303867	0.990214100346021	0.924262030269133	5.64190707093811	0.924262030269131	
SRR17689999_filtp_woHU_1	194	4.75687651775033	0.0165396369920369	60.4608190906159	0.983460363007963	0.903000113920331	5.26785815906333	0.903000113920334	
SRR17690002_filtp_woHU_1	297	5.37871055845566	0.00753746413008818	132.670614777214	0.992462535869912	0.944672216277936	5.6937321388027	0.944672216277936	
SRR20770298_filtp_woHU_1	419	5.87372800990598	0.00352537478738977	283.657784011218	0.99647462521261	0.972814438699814	6.03787091992214	0.972814438699812	
SRR20770299_filtp_woHU_1	397	5.51766546129059	0.00686844573635729	145.593346498557	0.993131554263643	0.922079581478589	5.98393628068719	0.922079581478592	
SRR24605825_filtp_woHU_1	699	5.35410531975733	0.0195978249173544	51.0260707102487	0.980402175082646	0.817464248167112	6.54965074223381	0.817464248167113	
SRR24605827_filtp_woHU_1	1085	6.47801445098742	0.00270291717701452	369.970640796527	0.997297082822985	0.926842711713036	6.98933526597456	0.926842711713012	
SRR24605828_filtp_woHU_1	659	6.00907471565976	0.00557556987781014	179.353863715319	0.99442443012219	0.925794279130444	6.49072353450251	0.925794279130437	
SRR24605834_filtp_woHU_1	246	4.67407563572628	0.0182507820280828	54.7921726565623	0.981749217971917	0.849008929838174	5.50533153593236	0.849008929838172	
SRR24605835_filtp_woHU_1	995	6.41108185403522	0.00431577503429358	231.708092301823	0.995684224965706	0.928773112102718	6.90274273715859	0.928773112102703	
SRR24605838_filtp_woHU_1	897	6.0849397869361	0.0050279424	198.888515508849	0.9949720576	0.894968347133648	6.7990558620588	0.894968347133641	
SRR24605839_filtp_woHU_1	1061	6.62500914323725	0.00207576107313719	481.751013130164	0.997924238926863	0.950917237217691	6.96696713861398	0.950917237217687	
SRR24605841_filtp_woHU_1	950	6.45441651875382	0.00249209267035781	401.269187095045	0.997507907329642	0.941362547222737	6.85646198459459	0.941362547222719	
SRR24605842_filtp_woHU_1	507	5.12952981625147	0.0184443126684778	54.2172548239786	0.981555687331522	0.823556354527418	6.22851100359118	0.823556354527413	
SRR5830676_filtp_woHU_1	444	5.62332827756169	0.00630130650942303	158.697247706423	0.993698693490577	0.922488536205182	6.09582456243222	0.922488536205179	
SRR5881985_filtp_woHU_1	1064	5.8493158586158	0.0116092036265344	86.1385528387462	0.988390796373466	0.839238383998466	6.96979066990159	0.83923838399846	
SRR5882128_filtp_woHU_1	321	5.60587941505394	0.00470482310571288	212.5478424015	0.995295176894287	0.971313627819478	5.77144112313002	0.971313627819476	
SRR5882551_filtp_woHU_1	419	5.27612966972928	0.0115612535110814	86.4958111195733	0.988438746488919	0.873839427789113	6.03787091992214	0.87383942778911	
SRR6263181_filtp_woHU_1	298	4.34671753830997	0.0543337544560775	18.4047653251789	0.945666245543923	0.762971074391874	5.6970934865054	0.762971074391881	
SRR6263202_filtp_woHU_1	519	5.43736968707771	0.0110515418001113	90.4851122211681	0.988948458199889	0.8697142164515	6.25190388316589	0.869714216451504	
SRR6263206_filtp_woHU_1	650	5.08962969646494	0.033743815987743	29.635059661398	0.966256184012257	0.785803831065633	6.47697236288968	0.785803831065624	
SRR6263248_filtp_woHU_1	484	5.24172209395446	0.0110148504978023	90.7865249918301	0.988985149502198	0.847889049252543	6.18208490671663	0.84788904925254	
SRR6263258_filtp_woHU_1	857	5.21836252241739	0.0327616485065674	30.5234945610121	0.967238351493433	0.772697192943306	6.75343791859778	0.772697192943299	
SRR6263259_filtp_woHU_1	417	4.37664971863757	0.0568103769825509	17.6024179580281	0.943189623017449	0.725441267990473	6.0330862217988	0.725441267990475	
SRR6263322_filtp_woHU_1	469	5.04190384567791	0.0248635944231734	40.2194462707282	0.975136405576827	0.819741419742436	6.15060276844628	0.819741419742431	
SRR6263654_filtp_woHU_1	473	5.35592007373636	0.0151350269725013	66.071900751607	0.984864973027499	0.869595246688941	6.15909538849193	0.869595246688936	
SRR6263655_filtp_woHU_1	353	4.8785589952285	0.0282226562500001	35.432525951557	0.97177734375	0.831600708958565	5.8664680569333	0.831600708958571	
SRR6263736_filtp_woHU_1	370	5.00299317205808	0.0199494694560312	50.1266463353329	0.980050530543969	0.846028685076838	5.91350300563827	0.846028685076836	
SRR6263737_filtp_woHU_1	408	5.30119356867473	0.0121233302209162	82.4855862026026	0.987876669779084	0.88187621925159	6.01126717440416	0.881876219251591	
SRR6265700_filtp_woHU_1	420	5.1972547779951	0.0202039188749109	49.4953482139444	0.979796081125089	0.860436360124285	6.04025471127741	0.860436360124289	
SRR6265795_filtp_woHU_1	222	3.82101385088236	0.0848529198475799	11.7850982829617	0.91514708015242	0.707244497645387	5.40267738187228	0.707244497645387	
SRR6265865_filtp_woHU_1	311	4.39840533793378	0.0481618654127101	20.7633153622845	0.95183813458729	0.766300353554712	5.73979291217923	0.766300353554712	
SRR6265866_filtp_woHU_1	475	5.36359128934173	0.0136889417674664	73.0516658619029	0.986311058232534	0.870244577776655	6.16331480403464	0.870244577776654	
SRR6266047_filtp_woHU_1	255	4.15031695570417	0.0693804852613676	14.4132748024583	0.930619514738632	0.74898385934566	5.54126354515843	0.74898385934566	
SRR6266108_filtp_woHU_1	326	4.71349890360113	0.0362714737131549	27.5698751009756	0.963728526286845	0.814512266759418	5.78689738136671	0.814512266759416	
SRR6266133_filtp_woHU_1	571	5.94544422214904	0.00478753363789977	208.875816993463	0.9952124663621	0.936675541040479	6.34738920965601	0.936675541040489	
SRR6266134_filtp_woHU_1	509	5.59528012040747	0.00820641884614948	121.855832458419	0.991793581153851	0.897766031188543	6.23244801655052	0.897766031188538	
SRR6266221_filtp_woHU_1	292	4.78944126817235	0.0191258863412867	52.2851585623677	0.980874113658713	0.843693673355822	5.67675380226828	0.843693673355822	
SRR6266334_filtp_woHU_1	618	6.21809886785	0.00279434850863421	357.865168539328	0.997205651491366	0.967573334802172	6.42648845745769	0.967573334802158	
SRR6266336_filtp_woHU_1	597	6.21625809040022	0.00269210082828355	371.457112413426	0.997307899171716	0.972518569956995	6.3919171133926	0.972518569956978	
SRR6266338_filtp_woHU_1	412	5.51352239029521	0.00754037024709921	132.619482496195	0.992459629752901	0.915711843384706	6.02102334934953	0.915711843384703	
SRR6266341_filtp_woHU_1	286	4.49534663904787	0.0390299487386684	25.6213505863323	0.960970051261332	0.794793696562347	5.65599181081985	0.794793696562345	
SRR6266357_filtp_woHU_1	368	5.06736220305073	0.0184361585725108	54.2412344777208	0.981563841427489	0.857699909781774	5.90808293816893	0.857699909781778	
SRR6266358_filtp_woHU_1	625	5.9957537120912	0.00664896208770619	150.399413744437	0.993351037912294	0.931342810084434	6.4377516497364	0.93134281008445	
SRR6429832_filtp_woHU_1	194	5.18604054389378	0.00653356058761463	153.055900621118	0.993466439412385	0.984468523506318	5.26785815906333	0.984468523506309	
SRR6429834_filtp_woHU_1	206	5.22303247544068	0.00674007807986553	148.366233766234	0.993259921920134	0.980321672271013	5.32787616878958	0.980321672271016	
shotgun_illumina_1st_ARH_ECA53_filtp_woHU_1	377	5.85556578712378	0.00324380165289258	308.280254777068	0.996756198347107	0.98707413501949	5.93224518744801	0.987074135019487	
shotgun_illumina_1st_COP_ECA53_filtp_woHU_1	335	5.51160930724864	0.00632527157968992	158.095978552279	0.99367472842031	0.947967933825961	5.81413053182507	0.94796793382596	
shotgun_illumina_1st_DEH_ECA53_filtp_woHU_1	378	5.64428445929534	0.00539008824075561	185.525719679093	0.994609911759244	0.951033712355185	5.93489419561959	0.951033712355191	
shotgun_illumina_1st_DEP_ECA53_filtp_woHU_1	361	5.82455388041463	0.00329062521879158	303.893617021275	0.996709374781208	0.989077023097883	5.88887795833288	0.98907702309788	
shotgun_illumina_2nd_BARR2_ECA53_filtp_woHU_1	378	5.86361224432307	0.00331147119341563	301.980582524272	0.996688528806584	0.987989347586158	5.93489419561959	0.987989347586168	
shotgun_illumina_2nd_PRH_ECA55_filtp_woHU_1	521	6.2048872750818	0.00218328066647516	458.026315789472	0.997816719333525	0.991869437504362	6.25575004175337	0.991869437504364	
shotgun_illumina_2nd_PRP_ECA55_filtp_woHU_1	379	5.44831537293603	0.0159959368151936	62.5158758473063	0.984004063184806	0.917605414897912	5.93753620508243	0.917605414897917	
shotgun_illumina_3rd_ARH_ECA55_filtp_woHU_1	882	6.39782782908087	0.00316109823430764	316.345752608041	0.996838901765692	0.943327433998938	6.78219205600679	0.943327433998954	
shotgun_illumina_3rd_COP_ECA55_filtp_woHU_1	946	6.64051114362838	0.00176921756499486	565.221609702311	0.998230782435005	0.969100418835173	6.85224256905188	0.969100418835154	
shotgun_illumina_3rd_DEP_ECA55_filtp_woHU_1	1097	6.82336328901034	0.0015287248189226	654.139965297855	0.998471275181077	0.974719612002948	7.00033446027523	0.974719612002946	
unifrac.S3.9.ribosomal_protein_S15P_S13e.unifrac	Richness R	Shannon H	Simpson λ	Simpson dominance 1/λ	Gini 1-λ	Pielou J	Hmax	Efficiency η	
CS1_filtp_woHU_1	141	4.38054605991092	0.0248601466049382	40.2250242483027	0.975139853395062	0.885180561786394	4.94875989037817	0.885180561786395	
ERR4182668_filtp_woHU_1	437	4.96393702439478	0.0187433603529337	53.3522261307579	0.981256639647066	0.816445981412914	6.07993319509559	0.816445981412906	
ERR4182669_filtp_woHU_1	486	5.65266294825548	0.00773119637197561	129.346087188374	0.992268803628024	0.913752395355104	6.18620862390049	0.913752395355097	
ERR4182670_filtp_woHU_1	577	5.41903845282264	0.0126915315216597	78.7926971849985	0.98730846847834	0.852339241155619	6.3578422665081	0.852339241155612	
ERR4182673_filtp_woHU_1	776	6.51052725922499	0.00189669202336759	527.233724653142	0.998103307976632	0.978415694482117	6.65415252018322	0.978415694482115	
ERR4183043_filtp_woHU_1	723	6.24130793456014	0.00333947418260706	299.448339863889	0.996660525817393	0.948035846465816	6.58340922215876	0.948035846465815	
ERR4183044_filtp_woHU_1	687	6.2281547212952	0.00334277988101679	299.152213305719	0.996657220118983	0.953434781914129	6.53233429222235	0.95343478191414	
ERR4183116_filtp_woHU_1	588	5.68215629817233	0.00799468348064658	125.083125857426	0.992005316519353	0.891077247716372	6.37672694789863	0.891077247716369	
ERR4183117_filtp_woHU_1	439	5.41498693047161	0.0101801069011482	98.2307955810574	0.989819893098852	0.889964245675687	6.08449941307517	0.889964245675676	
ERR4183124_filtp_woHU_1	555	5.68715687297923	0.00691118966954023	144.692889041566	0.99308881033046	0.900013541864098	6.31896811374643	0.90001354186409	
ERR4183125_filtp_woHU_1	335	5.07202977263111	0.0133879141742177	74.6942344406263	0.986612085825782	0.872362556166931	5.81413053182507	0.872362556166935	
ERR5891181_filtp_woHU_1	245	5.41385461752695	0.00511347313990233	195.561797752809	0.994886526860098	0.984112072243721	5.50125821054473	0.984112072243718	
ERR5891183_filtp_woHU_1	149	4.39762589839136	0.0267504930966468	37.3824884792628	0.973249506903353	0.878831552042496	5.00394630594546	0.878831552042497	
ERR5891186_filtp_woHU_1	173	4.47974192515227	0.0252588987040043	39.590007930214	0.974741101295996	0.869297194425274	5.15329159449778	0.869297194425274	
ERR5891188_filtp_woHU_1	263	5.47509555480497	0.00494442466674581	202.247999999999	0.995055575333254	0.982581515727616	5.57215403217776	0.982581515727608	
ERR5891191_filtp_woHU_1	237	5.41313648547706	0.00480466288594833	208.131147540984	0.995195337114052	0.989955550187737	5.46806014113513	0.989955550187739	
ERR5891194_filtp_woHU_1	315	5.53959522297652	0.00531457849346022	188.161676646706	0.99468542150654	0.962977014073378	5.75257263882563	0.962977014073388	
HTP3_filtp_woHU_1	157	4.98879770178868	0.00755471946012123	132.367588932806	0.992445280539879	0.986660438167724	5.05624580534831	0.986660438167728	
IA6_filtp_woHU_1	168	4.88230654270431	0.010743317765281	93.0811153358682	0.989256682234719	0.952837795567976	5.12396397940326	0.952837795567975	
RDP_CKDN230001569-1A_HT3KTDSX5_L3_filtp_woHU_1	433	4.74363333151126	0.0207304598007353	48.2381968182167	0.979269540199265	0.78139322501618	6.07073772800249	0.781393225016181	
RUP_CKDN230001570-1A_HT3KTDSX5_L3_filtp_woHU_1	786	5.92442438426342	0.00737282485916101	135.633223235659	0.992627175140839	0.888624985689275	6.66695679242921	0.888624985689272	
SRR13165308_filtp_woHU_1	1220	6.34632848126326	0.00736258550739172	135.82185211921	0.992637414492608	0.893018180305799	7.1066061377273	0.893018180305798	
SRR17689980_filtp_woHU_1	311	5.41468630375249	0.00680440201259576	146.963685882886	0.993195597987404	0.943359174555427	5.73979291217923	0.943359174555426	
SRR17689983_filtp_woHU_1	295	5.34472748505064	0.00816070307595729	122.538461538462	0.991839296924043	0.93981899870418	5.68697535633982	0.939818998704179	
SRR17689995_filtp_woHU_1	209	4.82669852159944	0.0151414752007068	66.0437630247096	0.984858524799293	0.903481192668592	5.34233425196481	0.903481192668591	
SRR17689998_filtp_woHU_1	308	5.21874798574737	0.0106745562130178	93.6807095343678	0.989325443786982	0.910760402681706	5.73009978297357	0.910760402681708	
SRR17689999_filtp_woHU_1	201	4.82581939378974	0.0138483077672267	72.2109890109889	0.986151692232773	0.909964536728082	5.30330490805908	0.90996453672808	
SRR17690002_filtp_woHU_1	263	5.24881963395138	0.00845804988662129	118.230563002681	0.991541950113379	0.941973176556281	5.57215403217776	0.941973176556286	
SRR20770298_filtp_woHU_1	358	5.74480725309684	0.0038264385242943	261.339622641508	0.996173561475706	0.976919484404265	5.8805329864007	0.97691948440427	
SRR20770299_filtp_woHU_1	355	5.44473861163928	0.00705782312925167	141.686746987952	0.992942176870748	0.927218902420158	5.87211778947542	0.927218902420152	
SRR24605825_filtp_woHU_1	635	5.97231908068581	0.00434336259806891	230.236361211152	0.995656637401931	0.925420842040023	6.45362499889269	0.925420842040011	
SRR24605827_filtp_woHU_1	1040	6.45665757907915	0.00284061899737298	352.035947420194	0.997159381002627	0.92941987799996	6.94697599213542	0.929419877999971	
SRR24605828_filtp_woHU_1	590	6.00605619202451	0.00411389364856495	243.078719438659	0.995886106351435	0.941370037532692	6.38012253689976	0.94137003753268	
SRR24605834_filtp_woHU_1	217	4.39752624362275	0.028551781466263	35.0240842653411	0.971448218533737	0.817399655539669	5.37989735354046	0.817399655539671	
SRR24605835_filtp_woHU_1	862	6.37624898545009	0.00284408168840628	351.607340983361	0.997155918311594	0.943336022997103	6.75925527066369	0.943336022997103	
SRR24605838_filtp_woHU_1	827	5.9336118627974	0.00595979358678768	167.791046021612	0.994040206413212	0.883266503295758	6.71780469502369	0.883266503295747	
SRR24605839_filtp_woHU_1	997	6.61387848974733	0.00192092919365647	520.581395348836	0.998079070806344	0.957873601827903	6.90475076996184	0.957873601827912	
SRR24605841_filtp_woHU_1	943	6.38931661438217	0.00287124540330887	348.280923270294	0.997128754596691	0.932874110239372	6.84906628263346	0.932874110239363	
SRR24605842_filtp_woHU_1	429	4.99570224539876	0.0294124104532852	33.9992535323914	0.970587589546715	0.824175163201897	6.06145691892802	0.824175163201899	
SRR5830676_filtp_woHU_1	419	5.50631696266692	0.0086672581478404	115.376741172659	0.99133274185216	0.911963345307476	6.03787091992214	0.911963345307478	
SRR5881985_filtp_woHU_1	1082	5.67136011901968	0.0225189154625163	44.4071119528178	0.977481084537484	0.811752117720714	6.98656645940643	0.811752117720696	
SRR5882128_filtp_woHU_1	350	5.70561799361363	0.00403979102764238	247.537556561087	0.995960208972358	0.973998480888561	5.85793315448346	0.973998480888561	
SRR5882551_filtp_woHU_1	372	5.03402543395788	0.0195282048874136	51.2079838246947	0.980471795112586	0.850501049334338	5.91889385427315	0.850501049334337	
SRR6263181_filtp_woHU_1	267	3.71153242745655	0.139162712763415	7.18583290123168	0.860837287236585	0.664286244335372	5.58724865840025	0.664286244335371	
SRR6263202_filtp_woHU_1	502	5.47845125881463	0.00889150708862341	112.466873167035	0.991108492911377	0.88097821911183	6.21860011969173	0.880978219111826	
SRR6263206_filtp_woHU_1	570	4.63212975681267	0.0849994443098621	11.7647827949856	0.915000555690138	0.729970879738186	6.3456363608286	0.729970879738188	
SRR6263248_filtp_woHU_1	478	5.11987032163495	0.0144630614630316	69.1416545906313	0.985536938536968	0.829853056153416	6.16961073249146	0.829853056153414	
SRR6263258_filtp_woHU_1	829	4.83922317023475	0.0771114461322553	12.9682433692773	0.922888553867745	0.720098904280217	6.7202201551353	0.720098904280214	
SRR6263259_filtp_woHU_1	374	3.92202301197879	0.122783665402708	8.14440582727498	0.877216334597292	0.662027965384351	5.92425579741453	0.662027965384349	
SRR6263322_filtp_woHU_1	478	4.71611931290685	0.0633439359450879	15.7868308162424	0.936656064054912	0.764411162615174	6.16961073249146	0.764411162615179	
SRR6263654_filtp_woHU_1	423	5.06495761076023	0.0200190097825623	49.9525206721792	0.979980990217438	0.837546865117704	6.04737217904628	0.8375468651177	
SRR6263655_filtp_woHU_1	336	4.51085232891875	0.0662111372761086	15.1031992673661	0.933788862723891	0.775445441023218	5.8171111599632	0.775445441023222	
SRR6263736_filtp_woHU_1	379	4.72667681787881	0.0489617549270947	20.4241045176797	0.951038245072905	0.796067030940014	5.93753620508243	0.796067030940019	
SRR6263737_filtp_woHU_1	356	4.9358026025549	0.0209330976203673	47.7712385493787	0.979066902379633	0.840146518942713	5.87493073085203	0.840146518942713	
SRR6265700_filtp_woHU_1	376	4.9751102411473	0.0212169059814374	47.1322256352974	0.978783094018563	0.839031191004757	5.92958914338989	0.839031191004755	
SRR6265795_filtp_woHU_1	200	3.48349258159495	0.147372360352468	6.78553290188417	0.852627639647532	0.657471483982568	5.29831736654804	0.657471483982567	
SRR6265865_filtp_woHU_1	300	3.90863347645297	0.121943550207814	8.20051571645908	0.878056449792186	0.68527043130069	5.7037824746562	0.685270431300689	
SRR6265866_filtp_woHU_1	491	5.21166889545962	0.0266157218070879	37.5717783364303	0.973384278192912	0.8410741367105	6.19644412779452	0.841074136710509	
SRR6266047_filtp_woHU_1	211	3.98637648020818	0.0988076161749455	10.1206773193418	0.901192383825055	0.744858398856512	5.35185813347607	0.744858398856511	
SRR6266108_filtp_woHU_1	313	4.35360853989248	0.0744637781743674	13.4293481276005	0.925536221825633	0.757649598444366	5.74620319054015	0.757649598444365	
SRR6266133_filtp_woHU_1	593	6.0235463154658	0.00409087588574767	244.446428571429	0.995909124114252	0.943361460758548	6.38519439899773	0.943361460758553	
SRR6266134_filtp_woHU_1	483	5.55180991927825	0.00862869376386003	115.89239662072	0.99137130623614	0.898348698784972	6.18001665365257	0.898348698784982	
SRR6266221_filtp_woHU_1	314	4.86695773069901	0.017138842597131	58.3469971401334	0.982861157402869	0.846516796230126	5.74939298590825	0.846516796230124	
SRR6266334_filtp_woHU_1	596	6.18273663695364	0.00286167860007882	349.445252158107	0.997138321399921	0.967527978847313	6.39024066706535	0.967527978847312	
SRR6266336_filtp_woHU_1	525	6.04700929200365	0.00326641642800193	306.145900880036	0.996733583571998	0.965451826386266	6.26339826259162	0.965451826386273	
SRR6266338_filtp_woHU_1	381	5.38835565106448	0.00881410256410256	113.454545454545	0.991185897435897	0.906703274153453	5.9427993751267	0.906703274153451	
SRR6266341_filtp_woHU_1	254	4.14028292117876	0.0723338326849356	13.8247893534924	0.927666167315064	0.747703266865992	5.53733426701854	0.747703266865993	
SRR6266357_filtp_woHU_1	354	5.06037961750023	0.0156021979853176	64.0935335483531	0.984397802014682	0.862178160756628	5.86929691313377	0.862178160756629	
SRR6266358_filtp_woHU_1	570	5.88342973381133	0.00753637064441064	132.689864549278	0.992463629355589	0.92716150111115	6.3456363608286	0.927161501111149	
SRR6429832_filtp_woHU_1	187	5.14704250677527	0.00665530395260124	150.256097560976	0.993344696047399	0.983929580470101	5.23110861685459	0.983929580470101	
SRR6429834_filtp_woHU_1	206	5.1511277793657	0.00945790080738175	105.731707317073	0.990542099192618	0.966825732463667	5.32787616878958	0.966825732463667	
shotgun_illumina_1st_ARH_ECA53_filtp_woHU_1	357	5.79672308931151	0.00347027245569506	288.161812297735	0.996529727544305	0.986217023786734	5.87773578177964	0.986217023786742	
shotgun_illumina_1st_COP_ECA53_filtp_woHU_1	309	5.39215776759522	0.00791715355044114	126.308021390375	0.992082846449559	0.94049133082705	5.73334127689775	0.940491330827044	
shotgun_illumina_1st_DEH_ECA53_filtp_woHU_1	354	5.60051414933676	0.00533754668198794	187.35199138859	0.994662453318012	0.954205287656252	5.86929691313377	0.954205287656256	
shotgun_illumina_1st_DEP_ECA53_filtp_woHU_1	397	5.90358998297832	0.00319560047562428	312.930232558137	0.996804399524376	0.986573002461911	5.98393628068719	0.986573002461915	
shotgun_illumina_2nd_BARR2_ECA53_filtp_woHU_1	335	5.66832856938853	0.00456963394026331	218.835909631391	0.995430366059737	0.974922826097823	5.81413053182507	0.974922826097818	
shotgun_illumina_2nd_PRH_ECA55_filtp_woHU_1	514	6.17267578023682	0.00234040193488394	427.277035236937	0.997659598065116	0.988858539295891	6.24222326545517	0.988858539295885	
shotgun_illumina_2nd_PRP_ECA55_filtp_woHU_1	349	5.1633133015587	0.0275409836065573	36.3095238095239	0.972459016393443	0.881853095942241	5.85507192220243	0.881853095942238	
shotgun_illumina_3rd_ARH_ECA55_filtp_woHU_1	808	6.26683737634859	0.00389773507718954	256.559253052429	0.996102264922811	0.936108638857402	6.69456205852109	0.936108638857395	
shotgun_illumina_3rd_COP_ECA55_filtp_woHU_1	842	6.47081862117551	0.0022718792570138	440.16423712342	0.997728120742986	0.960663591669179	6.73578001424233	0.960663591669166	
shotgun_illumina_3rd_DEP_ECA55_filtp_woHU_1	984	6.64497390735403	0.00218093401671433	458.519144704132	0.997819065983286	0.964209898595377	6.89162589705225	0.964209898595401	
